Test ID,Frame Number,Video Time (s),Elapsed Experiment Time (s),LED Detected,Marker 1 X (mm),Marker 1 Y (mm),Marker 2 X (mm),Marker 2 Y (mm),Marker 3 X (mm),Marker 3 Y (mm),Object Centroid X (mm),Object Centroid Y (mm),Pitch Angle (deg),Forward Velocity (mm/s),Number of Markers Detected,Interpolated Frame,Finish Line Crossed,Finish Crossing Frame (interpolated)
high_6p0s_rep1,44,1.4698504840340991,0.0,True,-233.83444213867188,-327.7218017578125,19.43568229675293,-331.6120910644531,270.6324157714844,-334.7506408691406,18.74455197652181,-331.36151123046875,0.7982620699984394,-11.079799460665802,3,False,False,696.5613658305913
high_6p0s_rep1,45,1.503256176853056,0.03340569281895678,True,-234.0535125732422,-327.8106689453125,19.425233840942383,-331.5896301269531,270.6705017089844,-334.79925537109375,18.68074099222819,-331.3998514811198,0.7932868440830202,-7.604026286579035,3,False,False,696.5613658305913
high_6p0s_rep1,46,1.5366618696720127,0.06681138563791356,True,-233.56558227539062,-327.62420654296875,19.94029426574707,-331.2497253417969,271.01373291015625,-334.5986022949219,19.12948163350423,-331.1575113932292,0.7919032422226887,0.7933027823878402,3,False,False,696.5613658305913
high_6p0s_rep1,47,1.5700675624909695,0.10021707845687033,True,-232.87619018554688,-327.1398010253906,20.621566772460938,-330.709228515625,272.2731628417969,-334.14117431640625,20.006179809570312,-330.6634012858073,0.7940690293674815,7.626636506420521,3,False,False,696.5613658305913
high_6p0s_rep1,48,1.6034732553099262,0.1336227712758271,False,-233.41455078125,-327.0675964355469,20.083648681640625,-330.7151794433594,271.2710876464844,-333.9755859375,19.313395182291668,-330.58612060546875,0.7841989110836775,15.335859314994334,3,False,False,696.5613658305913
high_6p0s_rep1,49,1.6368789481288832,0.1670284640947841,False,-234.94886779785156,-327.5387268066406,18.661428451538086,-331.0534973144531,269.80548095703125,-334.314208984375,17.83934720357259,-330.96881103515625,0.7690537387320688,24.086054361209545,3,False,False,696.5613658305913
high_6p0s_rep1,50,1.67028464094784,0.2004341569137409,False,-235.7859649658203,-327.4443054199219,17.695653915405273,-331.0622863769531,269.2049560546875,-334.23370361328125,17.038215001424152,-330.91343180338544,0.7702721174917776,28.104981922081954,3,False,False,696.5613658305913
high_6p0s_rep1,51,1.7036903337667968,0.23383984973269767,False,-237.20449829101562,-327.5468444824219,16.412296295166016,-331.15863037109375,267.73907470703125,-334.3826599121094,15.64895757039388,-331.0293782552083,0.775610326207852,26.752643357330502,3,False,False,696.5613658305913
high_6p0s_rep1,52,1.7370960265857536,0.26724554255165445,False,-237.34326171875,-327.3556213378906,16.160608291625977,-331.01947021484375,267.5044250488281,-334.18914794921875,15.440590540568033,-330.85474650065106,0.7754979074724326,24.225790468194617,3,False,False,696.5613658305913
high_6p0s_rep1,53,1.7705017194047104,0.3006512353706112,False,-238.2254638671875,-327.2127685546875,15.163771629333496,-331.00830078125,266.53265380859375,-334.1947021484375,14.490320523579916,-330.8052571614583,0.7924782260289988,22.006699212870807,3,False,False,696.5613658305913
high_6p0s_rep1,54,1.8039074122236671,0.334056928189568,False,-239.04257202148438,-327.2641906738281,14.39737319946289,-330.8150634765625,265.8217468261719,-333.9775085449219,13.725516001383463,-330.6855875651042,0.7618326309783595,22.05626660054345,3,False,False,696.5613658305913
high_6p0s_rep1,55,1.837313105042624,0.3674626210085248,False,-239.7481689453125,-327.2107238769531,13.726282119750977,-330.8872985839844,265.19964599609375,-334.0137939453125,13.059253056844076,-330.7039388020833,0.7718889147981188,23.61916093435156,3,False,False,696.5613658305913
high_6p0s_rep1,56,1.8707187978615807,0.40086831382748156,False,-240.4374542236328,-327.0487976074219,12.890368461608887,-330.702880859375,264.3763732910156,-333.92950439453125,12.276429176330566,-330.5603942871094,0.7809038228617113,24.17731838199653,3,False,False,696.5613658305913
high_6p0s_rep1,57,1.9041244906805375,0.43427400664643834,False,-241.3620147705078,-327.2430419921875,12.098287582397461,-330.7768249511719,263.59893798828125,-333.97088623046875,11.445070266723633,-330.66358439127606,0.7633348103719654,25.268468940018522,3,False,False,696.5613658305913
high_6p0s_rep1,58,1.9375301834994942,0.4676796994653951,False,-242.0843048095703,-327.0697021484375,11.178767204284668,-330.7197570800781,262.692626953125,-334.0315246582031,10.595696449279785,-330.60699462890625,0.7901663764985565,24.582366767293234,3,False,False,696.5613658305913
high_6p0s_rep1,59,1.9709358763184512,0.5010853922843521,False,-243.25897216796875,-327.0702819824219,10.2240629196167,-330.7091979980469,261.66552734375,-333.9945983886719,9.54353936513265,-330.5913594563802,0.7856803127696371,22.566886441615146,3,False,False,696.5613658305913
high_6p0s_rep1,60,2.004341569137408,0.5344910851033089,False,-243.95449829101562,-326.8949279785156,9.435951232910156,-330.7243347167969,260.9189147949219,-334.0225524902344,8.800122578938803,-330.5472717285156,0.8088278444103381,22.04165036857145,3,False,False,696.5613658305913
high_6p0s_rep1,61,2.0377472619563646,0.5678967779222654,False,-244.36752319335938,-326.8481140136719,8.904756546020508,-330.6661682128906,260.4337158203125,-333.89984130859375,8.323649724324545,-330.47137451171875,0.8003307100197365,22.916447006463702,3,False,False,696.5613658305913
high_6p0s_rep1,62,2.0711529547753216,0.6013024707412225,False,-244.90650939941406,-326.7978515625,8.469413757324219,-330.4169921875,260.0147705078125,-333.6175537109375,7.859224955240886,-330.2774658203125,0.773816451358951,21.309164890479433,3,False,False,696.5613658305913
high_6p0s_rep1,63,2.104558647594278,0.634708163560179,False,-245.9808807373047,-326.9734191894531,7.402255535125732,-330.63104248046875,259.03375244140625,-333.6605529785156,6.818375746409099,-330.4216715494792,0.7586357449372396,21.159063387045652,3,False,False,696.5613658305913
high_6p0s_rep1,64,2.137964340413235,0.668113856379136,False,-247.0379638671875,-327.0882568359375,6.235980033874512,-330.5918884277344,257.7983703613281,-333.7895202636719,5.665462176005046,-330.48988850911456,0.7605069939247298,23.193536868355707,3,False,False,696.5613658305913
high_6p0s_rep1,65,2.171370033232192,0.701519549198093,False,-247.2623291015625,-326.7894592285156,6.2471394538879395,-330.2865905761719,257.6943664550781,-333.4299011230469,5.5597256024678545,-330.1686503092448,0.7534257253902001,23.845942819194104,3,False,False,696.5613658305913
high_6p0s_rep1,66,2.2047757260511487,0.7349252420170496,False,-248.4063262939453,-326.89520263671875,5.2062458992004395,-330.3956298828125,256.6872253417969,-333.6046447753906,4.495714982350667,-330.2984924316406,0.7610473499964839,22.253820303680566,3,False,False,696.5613658305913
high_6p0s_rep1,67,2.2381814188701057,0.7683309348360066,False,-248.94345092773438,-326.84173583984375,4.615201473236084,-330.38800048828125,256.1458435058594,-333.4790954589844,3.9391980171203613,-330.2362772623698,0.7528783711652766,22.155208199347292,3,False,False,696.5613658305913
high_6p0s_rep1,68,2.2715871116890622,0.8017366276549631,False,-250.11746215820312,-326.7599182128906,3.4205739498138428,-330.27056884765625,255.01438903808594,-333.4037780761719,2.7725002765655518,-330.14475504557294,0.7535521275724566,23.99442456587505,3,False,False,696.5613658305913
high_6p0s_rep1,69,2.3049928045080192,0.8351423204739201,False,-250.5582275390625,-326.7156066894531,2.9248104095458984,-330.2532043457031,254.46530151367188,-333.4023132324219,2.2772947947184243,-330.1237080891927,0.7585739200032923,24.822936627790675,3,False,False,696.5613658305913
high_6p0s_rep1,70,2.338398497326976,0.8685480132928767,False,-251.3583526611328,-326.6898498535156,2.189204692840576,-330.3652038574219,253.8095245361328,-333.42388916015625,1.5467921892801921,-330.15964762369794,0.7637246893141204,22.28454155924674,3,False,False,696.5613658305913
high_6p0s_rep1,71,2.371804190145933,0.9019537061118337,False,-252.4612579345703,-326.6645812988281,1.1982449293136597,-330.4127197265625,252.74244689941406,-333.5295104980469,0.4931446313858032,-330.2022705078125,0.778512231222003,20.75021171963564,3,False,False,696.5613658305913
high_6p0s_rep1,72,2.4052098829648894,0.9353593989307902,False,-253.28976440429688,-326.6668701171875,0.3231017589569092,-330.1937561035156,251.91514587402344,-333.2874755859375,-0.3505055904388428,-330.0493672688802,0.7508063178399087,23.8339473767247,3,False,False,696.5613658305913
high_6p0s_rep1,73,2.4386155757838464,0.9687650917497472,False,-253.26553344726562,-326.58685302734375,0.267071008682251,-330.037353515625,251.85215759277344,-333.0288391113281,-0.3821016152699788,-329.8843485514323,0.7306784368904782,25.46442001535717,3,False,False,696.5613658305913
high_6p0s_rep1,74,2.472021268602803,1.0021707845687038,False,-254.42987060546875,-326.7576599121094,-0.8477714657783508,-330.07366943359375,250.778076171875,-333.1358947753906,-1.4998552997907002,-329.98907470703125,0.7233190342158425,25.64396309872028,3,False,False,696.5613658305913
high_6p0s_rep1,75,2.50542696142176,1.0355764773876608,False,-255.564208984375,-326.8497619628906,-2.0288796424865723,-330.2506103515625,249.67922973632812,-333.19085693359375,-2.637952963511149,-330.0970764160156,0.7190571455913136,28.22467096693347,3,False,False,696.5613658305913
high_6p0s_rep1,76,2.538832654240717,1.0689821702066178,False,-256.78546142578125,-326.9314880371094,-3.1754205226898193,-330.2701721191406,248.474853515625,-333.2936096191406,-3.828676144282023,-330.1650899251302,0.7214171410329647,29.25422146312766,3,False,False,696.5613658305913
high_6p0s_rep1,77,2.5722383470596735,1.1023878630255743,False,-257.5260314941406,-326.9117431640625,-3.9725136756896973,-330.2104187011719,247.71286010742188,-333.2530212402344,-4.595228354136149,-330.12506103515625,0.7190843778840831,25.303931763757085,3,False,False,696.5613658305913
high_6p0s_rep1,78,2.6056440398786305,1.1357935558445313,False,-258.5571594238281,-326.8708801269531,-4.916369438171387,-330.2306213378906,246.77545166015625,-333.2351379394531,-5.566025733947754,-330.1122131347656,0.7215561136989919,23.44285474757056,3,False,False,696.5613658305913
high_6p0s_rep1,79,2.639049732697587,1.169199248663488,False,-259.0747985839844,-326.8573913574219,-5.412126064300537,-330.1715393066406,246.22140502929688,-333.06378173828125,-6.088506539662679,-330.03090413411456,0.7037102030016575,25.86130038736547,3,False,False,696.5613658305913
high_6p0s_rep1,80,2.672455425516544,1.202604941482445,False,-259.41302490234375,-326.7042236328125,-5.802985191345215,-330.0184631347656,245.70924377441406,-333.038330078125,-6.502255439758301,-329.9203389485677,0.7184370364172747,28.009721621066674,3,False,False,696.5613658305913
high_6p0s_rep1,81,2.7058611183355006,1.2360106343014015,False,-260.76947021484375,-326.78955078125,-7.139672756195068,-330.1147155761719,244.52227783203125,-333.05694580078125,-7.7956217130025225,-329.98707071940106,0.7106327601325799,27.706599079078167,3,False,False,696.5613658305913
high_6p0s_rep1,82,2.7392668111544576,1.2694163271203585,False,-262.2008056640625,-326.7944030761719,-8.587413787841797,-330.15594482421875,242.98593139648438,-333.0075378417969,-9.26742935180664,-329.9859619140625,0.7046274705225067,27.90132959746298,3,False,False,696.5613658305913
high_6p0s_rep1,83,2.772672503973414,1.302822019939315,False,-263.2440185546875,-326.8019104003906,-9.651275634765625,-330.0964050292969,242.14329528808594,-332.97119140625,-10.250666300455729,-329.9565022786458,0.6993768915631485,27.88129062400245,3,False,False,696.5613658305913
high_6p0s_rep1,84,2.806078196792371,1.336227712758272,False,-263.6568603515625,-326.7155456542969,-10.028863906860352,-330.0751647949219,241.70738220214844,-332.9435729980469,-10.65944735209147,-329.9114278157552,0.7060681936764499,26.21544270962067,3,False,False,696.5613658305913
high_6p0s_rep1,85,2.8394838896113277,1.3696334055772286,False,-264.2416076660156,-326.7233581542969,-10.604825019836426,-330.0163269042969,241.09059143066406,-332.9107666015625,-11.251947085062662,-329.88348388671875,0.7015081881736757,22.665989813877435,3,False,False,696.5613658305913
high_6p0s_rep1,86,2.8728895824302847,1.4030390983961856,False,-265.2565612792969,-326.4945373535156,-11.8056640625,-329.9808654785156,239.9826202392578,-332.8350524902344,-12.359868367513021,-329.77015177408856,0.7189974590919281,19.401997129088695,3,False,False,696.5613658305913
high_6p0s_rep1,87,2.9062952752492417,1.4364447912151426,False,-266.3934326171875,-326.5213317871094,-12.909242630004883,-329.99212646484375,238.9207763671875,-332.781005859375,-13.460632960001627,-329.7648213704427,0.7097258598971015,20.251813090168767,3,False,False,696.5613658305913
high_6p0s_rep1,88,2.9397009680681983,1.4698504840340991,False,-266.5863952636719,-326.62060546875,-12.997657775878906,-329.9671325683594,238.69647216796875,-332.82354736328125,-13.629193623860678,-329.8037618001302,0.7033377976178093,23.076132159898535,3,False,False,696.5613658305913
high_6p0s_rep1,89,2.9731066608871553,1.5032561768530561,False,-266.7461242675781,-326.6200256347656,-13.110467910766602,-329.96636962890625,238.56971740722656,-332.8313293457031,-13.76229159037272,-329.805908203125,0.7042398766156568,24.12023994780832,3,False,False,696.5613658305913
high_6p0s_rep1,90,3.006512353706112,1.5366618696720127,False,-267.80157470703125,-326.59246826171875,-14.297557830810547,-329.8639831542969,237.35604858398438,-332.77215576171875,-14.914361317952475,-329.7428690592448,0.7008750050042246,23.87175020595953,3,False,False,696.5613658305913
high_6p0s_rep1,91,3.039918046525069,1.5700675624909697,False,-269.2987060546875,-326.5333251953125,-15.828420639038086,-329.8323669433594,235.90853881835938,-332.62677001953125,-16.406195958455402,-329.6641540527344,0.691026794212989,24.31278271806954,3,False,False,696.5613658305913
high_6p0s_rep1,92,3.0733237393440254,1.6034732553099262,False,-270.44451904296875,-326.4219665527344,-16.877857208251953,-329.6903381347656,234.9068603515625,-332.36053466796875,-17.471838633219402,-329.49094645182294,0.6732725823550768,22.831086289497758,3,False,False,696.5613658305913
high_6p0s_rep1,93,3.1067294321629824,1.6368789481288832,False,-270.5315246582031,-326.35296630859375,-16.95435333251953,-329.725341796875,234.70834350585938,-332.424560546875,-17.592511494954426,-329.50095621744794,0.688504613378444,19.659706054852737,3,False,False,696.5613658305913
high_6p0s_rep1,94,3.140135124981939,1.6702846409478398,False,-270.8894348144531,-326.38922119140625,-17.290176391601562,-329.71502685546875,234.41712951660156,-332.3618469238281,-17.920827229817707,-329.4886983235677,0.6771934826757285,19.10149055908436,3,False,False,696.5613658305913
high_6p0s_rep1,95,3.173540817800896,1.7036903337667968,False,-271.3821105957031,-326.28759765625,-17.738731384277344,-329.6353454589844,233.97271728515625,-332.30731201171875,-18.382708231608074,-329.4100850423177,0.6824668445122912,20.396683125438493,3,False,False,696.5613658305913
high_6p0s_rep1,96,3.2069465106198525,1.7370960265857533,False,-272.4735107421875,-326.2416687011719,-18.872589111328125,-329.56591796875,232.83016967773438,-332.2398986816406,-19.50531005859375,-329.3491617838542,0.6801001749969671,21.3079834684284,3,False,False,696.5613658305913
high_6p0s_rep1,97,3.2403522034388095,1.7705017194047104,False,-273.7578125,-326.0845031738281,-20.136404037475586,-329.25048828125,231.63308715820312,-332.0190124511719,-20.75370979309082,-329.1180013020833,0.6727598551593604,23.3420106453148,3,False,False,696.5613658305913
high_6p0s_rep1,98,3.2737578962577665,1.8039074122236674,False,-274.1699523925781,-326.2124938964844,-20.447603225708008,-329.2826843261719,231.2446746826172,-332.0690002441406,-21.12429364522298,-329.1880594889323,0.6638867601332081,24.54986076983677,3,False,False,696.5613658305913
high_6p0s_rep1,99,3.307163589076723,1.837313105042624,False,-274.5740661621094,-326.2697448730469,-20.868297576904297,-329.2955322265625,230.92098999023438,-331.9435119628906,-21.507124582926433,-329.1695963541667,0.6430710918149248,22.78614942917139,3,False,False,696.5613658305913
high_6p0s_rep1,100,3.34056928189568,1.870718797861581,False,-275.63995361328125,-326.2198791503906,-21.97234344482422,-329.4429016113281,229.83038330078125,-332.0501403808594,-22.593971252441406,-329.2376403808594,0.6608390734207786,26.19895847000772,3,False,False,696.5613658305913
high_6p0s_rep1,101,3.3739749747146366,1.9041244906805375,False,-276.507568359375,-326.20489501953125,-22.924091339111328,-329.5439758300781,228.9463653564453,-332.540283203125,-23.495098114013672,-329.4297180175781,0.7181109358075648,33.827954965704606,3,False,False,696.5613658305913
high_6p0s_rep1,102,3.4073806675335936,1.9375301834994945,False,-277.43218994140625,-326.30572509765625,-23.73762321472168,-329.5926513671875,228.0424346923828,-332.446533203125,-24.37579282124837,-329.44830322265625,0.6960291621783866,34.8872076041522,3,False,False,696.5613658305913
high_6p0s_rep1,103,3.44078636035255,1.970935876318451,False,-279.3424377441406,-326.1927795410156,-25.608165740966797,-329.4620666503906,226.18814086914062,-332.1368408203125,-26.254154205322266,-329.26389567057294,0.6736564420818313,31.96332363199923,3,False,False,696.5613658305913
high_6p0s_rep1,104,3.474192053171507,2.004341569137408,False,-280.817138671875,-326.1219787597656,-27.02776336669922,-329.40948486328125,224.8117218017578,-332.2236328125,-27.67772674560547,-329.25169881184894,0.69138074215474,31.807830790160075,3,False,False,696.5613658305913
high_6p0s_rep1,105,3.5075977459904637,2.0377472619563646,False,-281.2099914550781,-326.24993896484375,-27.396026611328125,-329.3641357421875,224.3729705810547,-332.1226806640625,-28.077682495117188,-329.24558512369794,0.6655053799902875,30.844190072097817,3,False,False,696.5613658305913
high_6p0s_rep1,106,3.5410034388094207,2.0711529547753216,False,-281.96807861328125,-326.363525390625,-27.96187400817871,-329.3638916015625,223.8630828857422,-332.0402526855469,-28.68895657857259,-329.2558898925781,0.6429790935499178,27.70978173397126,3,False,False,696.5613658305913
high_6p0s_rep1,107,3.5744091316283773,2.104558647594278,False,-282.9510803222656,-326.48931884765625,-29.22450065612793,-329.4754943847656,222.75289916992188,-332.04742431640625,-29.807560602823894,-329.33741251627606,0.6297027041717638,25.419806107192375,3,False,False,696.5613658305913
high_6p0s_rep1,108,3.6078148244473343,2.137964340413235,False,-284.3010559082031,-326.4074401855469,-30.53508949279785,-329.3060607910156,221.4578399658203,-331.8807678222656,-31.126101811726887,-329.1980895996094,0.6200312726791779,24.6888850736045,3,False,False,696.5613658305913
high_6p0s_rep1,109,3.6412205172662913,2.171370033232192,False,-285.324951171875,-326.3995056152344,-31.468170166015625,-329.3522033691406,220.60585021972656,-331.8588562011719,-32.06242370605469,-329.2035217285156,0.6182379226369235,23.40238830644702,3,False,False,696.5613658305913
high_6p0s_rep1,110,3.674626210085248,2.2047757260511487,False,-285.4502868652344,-326.6671447753906,-31.543704986572266,-329.4789123535156,220.44004821777344,-331.99859619140625,-32.18464787801107,-329.3815511067708,0.6038035031840633,20.928510515305888,3,False,False,696.5613658305913
high_6p0s_rep1,111,3.708031902904205,2.2381814188701057,False,-286.04412841796875,-326.61328125,-32.28293228149414,-329.486328125,219.83860778808594,-331.9748229980469,-32.82948430379232,-329.35814412434894,0.6072201929536861,22.085729353763682,3,False,False,696.5613658305913
high_6p0s_rep1,112,3.7414375957231614,2.2715871116890622,False,-286.687744140625,-326.73974609375,-32.94935989379883,-329.72528076171875,219.1828155517578,-332.0462341308594,-33.484762827555336,-329.5037536621094,0.6010000220324933,27.48096364467158,3,False,False,696.5613658305913
high_6p0s_rep1,113,3.7748432885421184,2.3049928045080192,False,-287.6017150878906,-326.87127685546875,-33.84526824951172,-329.4921569824219,218.1263427734375,-331.9319763183594,-34.44021352132162,-329.4318033854167,0.5733259968191429,29.672430654550023,3,False,False,696.5613658305913
high_6p0s_rep1,114,3.808248981361075,2.338398497326976,False,-289.3432922363281,-326.8266906738281,-35.568153381347656,-329.3691101074219,216.5328369140625,-331.6163330078125,-36.12620290120443,-329.2707112630208,0.5424610405273317,29.47328181753194,3,False,False,696.5613658305913
high_6p0s_rep1,115,3.841654674180032,2.371804190145933,False,-290.553466796875,-326.8255615234375,-36.77584457397461,-329.33978271484375,215.42608642578125,-331.51300048828125,-37.30107498168945,-329.2261149088542,0.5307779432836616,30.678296148488073,3,False,False,696.5613658305913
high_6p0s_rep1,116,3.8750603669989885,2.4052098829648894,False,-290.8524169921875,-326.8433532714844,-37.085533142089844,-329.4083251953125,215.0619354248047,-331.662353515625,-37.62533823649088,-329.30467732747394,0.5457445988374867,27.712356786786465,3,False,False,696.5613658305913
high_6p0s_rep1,117,3.9084660598179455,2.4386155757838464,False,-291.8110656738281,-326.9535827636719,-37.94020080566406,-329.45013427734375,214.14727783203125,-331.4932556152344,-38.53466288248698,-329.2989908854167,0.5140682402005899,24.476042589131985,3,False,False,696.5613658305913
high_6p0s_rep1,118,3.9418717526369025,2.4720212686028034,False,-292.8276062011719,-326.84136962890625,-39.17195129394531,-329.3299560546875,213.08372497558594,-331.3800964355469,-39.63861083984375,-329.1838073730469,0.5140088745212211,27.65148809562757,3,False,False,696.5613658305913
high_6p0s_rep1,119,3.975277445455859,2.50542696142176,False,-293.4275817871094,-326.88372802734375,-39.763816833496094,-329.4539794921875,212.63546752929688,-331.44317626953125,-40.18531036376953,-329.2602945963542,0.516200646055182,31.743283180233867,3,False,False,696.5613658305913
high_6p0s_rep1,120,4.008683138274816,2.538832654240717,False,-294.66424560546875,-326.8121643066406,-40.86405563354492,-329.24755859375,211.27322387695312,-331.41925048828125,-41.41835912068685,-329.15965779622394,0.5217231660319328,32.132609088585056,3,False,False,696.5613658305913
high_6p0s_rep1,121,4.042088831093773,2.572238347059674,False,-295.9944152832031,-326.8695068359375,-42.227176666259766,-329.2279357910156,209.9859161376953,-331.4122314453125,-42.745225270589195,-329.1698913574219,0.5143914465919054,33.029009144442206,3,False,False,696.5613658305913
high_6p0s_rep1,122,4.075494523912729,2.60564403987863,False,-297.18121337890625,-326.78570556640625,-43.557586669921875,-329.1444396972656,208.68228149414062,-331.4252624511719,-44.018839518229164,-329.11846923828125,0.5254768881533132,34.559180514037855,3,False,False,696.5613658305913
high_6p0s_rep1,123,4.108900216731686,2.639049732697587,False,-298.00152587890625,-326.6905517578125,-44.490386962890625,-328.9801025390625,207.8262481689453,-331.26165771484375,-44.88855489095052,-328.97743733723956,0.5177611102390709,34.09375637082598,3,False,False,696.5613658305913
high_6p0s_rep1,124,4.142305909550643,2.672455425516544,False,-299.0533142089844,-326.6741027832031,-45.537025451660156,-329.0201110839844,206.68353271484375,-331.2978515625,-45.96893564860026,-328.9973551432292,0.5238176953681001,31.561221426863828,3,False,False,696.5613658305913
high_6p0s_rep1,125,4.1757116023696,2.705861118335501,False,-300.2651062011719,-326.6944274902344,-46.75434494018555,-328.9773254394531,205.48104858398438,-330.97723388671875,-47.17946751912435,-328.88299560546875,0.4851858253358704,27.147504772786995,3,False,False,696.5613658305913
high_6p0s_rep1,126,4.209117295188556,2.739266811154457,False,-301.52752685546875,-326.56488037109375,-47.8841552734375,-328.7619934082031,204.29156494140625,-330.8158264160156,-48.373372395833336,-328.7142333984375,0.48150719767648636,23.650937048027714,3,False,False,696.5613658305913
high_6p0s_rep1,127,4.242522988007513,2.772672503973414,False,-302.08538818359375,-326.5033874511719,-48.524986267089844,-328.72271728515625,203.80856323242188,-330.7708740234375,-48.933937072753906,-328.66565958658856,0.48330913953688276,21.391833506774773,3,False,False,696.5613658305913
high_6p0s_rep1,128,4.27592868082647,2.806078196792371,False,-302.2786865234375,-326.47418212890625,-48.563270568847656,-328.7120666503906,203.71514892578125,-330.7431640625,-49.04226938883463,-328.6431376139323,0.4833830519395383,10.443062934594483,3,False,False,696.5613658305913
high_6p0s_rep1,129,4.309334373645427,2.839483889611328,False,-302.9558410644531,-326.2466125488281,-49.245765686035156,-328.4596252441406,203.0536651611328,-330.43231201171875,-49.715980529785156,-328.3795166015625,0.47393861340036475,-7.180115116025707,3,False,False,696.5613658305913
high_6p0s_rep1,130,4.342740066464384,2.872889582430285,False,-303.8669738769531,-326.6609191894531,-50.16621780395508,-328.4234313964844,202.2976531982422,-329.7019958496094,-50.578512827555336,-328.2621154785156,0.3442333817963981,-11.891449256460458,3,False,False,696.5613658305913
high_6p0s_rep1,131,4.37614575928334,2.9062952752492413,False,-301.7171325683594,-326.3373718261719,-48.03293991088867,-328.3604736328125,204.36135864257812,-330.0540771484375,-48.462904612223305,-328.2506408691406,0.4207799854798886,-7.6552837310883195,3,False,False,696.5613658305913
high_6p0s_rep1,132,4.409551452102297,2.9397009680681983,False,-299.6792907714844,-326.1658630371094,-46.013126373291016,-327.9954528808594,206.3549041748047,-329.73162841796875,-46.4458376566569,-327.9643147786458,0.40372751045630595,-8.240964553669189,3,False,False,696.5613658305913
high_6p0s_rep1,133,4.442957144921254,2.9731066608871553,False,-300.8404846191406,-326.8683776855469,-47.118072509765625,-328.8894958496094,205.2847137451172,-330.5448913574219,-47.55794779459635,-328.76758829752606,0.4161915124344115,-3.705015680812994,3,False,False,696.5613658305913
high_6p0s_rep1,134,4.476362837740211,3.0065123537061123,False,-301.9043273925781,-327.50885009765625,-48.20216751098633,-329.469970703125,204.177490234375,-331.3912658691406,-48.643001556396484,-329.4566955566406,0.43953698120625206,12.079818271493359,3,False,False,696.5613658305913
high_6p0s_rep1,135,4.5097685305591675,3.0399180465250684,False,-302.18499755859375,-327.65679931640625,-48.4356575012207,-329.7796630859375,203.92503356933594,-331.5869140625,-48.89854049682617,-329.67445882161456,0.44491207076770056,21.96432122801391,3,False,False,696.5613658305913
high_6p0s_rep1,136,4.5431742233781245,3.0733237393440254,False,-302.1781921386719,-327.5994567871094,-48.436824798583984,-329.7223815917969,203.89944458007812,-331.549072265625,-48.905190785725914,-329.62363688151044,0.44714819810001455,20.811614917438614,3,False,False,696.5613658305913
high_6p0s_rep1,137,4.5765799161970815,3.1067294321629824,False,-303.2958068847656,-328.0637512207031,-49.5808219909668,-329.9198913574219,202.7599334716797,-331.7508239746094,-50.03889846801758,-329.91148885091144,0.41744407332770395,20.3188377372266,3,False,False,696.5613658305913
high_6p0s_rep1,138,4.6099856090160385,3.1401351249819394,False,-304.6784362792969,-328.3367004394531,-50.82032775878906,-330.1014404296875,201.59210205078125,-331.8765869140625,-51.3022206624349,-330.1049092610677,0.40061041368978856,24.000432427688573,3,False,False,696.5613658305913
high_6p0s_rep1,139,4.643391301834995,3.1735408178008955,False,-305.2223205566406,-328.1219177246094,-51.40489196777344,-330.09014892578125,201.07423400878906,-331.87579345703125,-51.850992838541664,-330.02928670247394,0.4248049749717184,26.573395510529004,3,False,False,696.5613658305913
high_6p0s_rep1,140,4.676796994653952,3.2069465106198525,False,-305.8101501464844,-327.8872985839844,-51.992347717285156,-330.05072021484375,200.36790466308594,-332.1622009277344,-52.478197733561196,-330.0334065755208,0.48387723784809167,25.11110047766997,3,False,False,696.5613658305913
high_6p0s_rep1,141,4.710202687472909,3.2403522034388095,False,-306.70220947265625,-327.9071350097656,-52.85483169555664,-329.99212646484375,199.5279083251953,-332.1939697265625,-53.34304428100586,-330.0310770670573,0.4851779009427205,23.971990750473964,3,False,False,696.5613658305913
high_6p0s_rep1,142,4.743608380291866,3.2737578962577665,False,-307.9106140136719,-328.03265380859375,-53.926937103271484,-330.26611328125,198.40333557128906,-332.2342834472656,-54.47807184855143,-330.1776835123698,0.47545622582102776,23.905732148322212,3,False,False,696.5613658305913
high_6p0s_rep1,143,4.777014073110823,3.3071635890767235,False,-308.6668395996094,-327.9105224609375,-54.731224060058594,-330.2485656738281,197.643310546875,-332.2519226074219,-55.25158437093099,-330.1370035807292,0.4912755740549548,23.169917943420252,3,False,False,696.5613658305913
high_6p0s_rep1,144,4.810419765929779,3.3405692818956796,False,-309.3818664550781,-327.9473571777344,-55.3598518371582,-330.1017150878906,197.01280212402344,-332.270263671875,-55.90963872273763,-330.1064453125,0.48910128084228693,21.21387889603252,3,False,False,696.5613658305913
high_6p0s_rep1,145,4.843825458748736,3.3739749747146366,False,-309.8563537597656,-327.9258117675781,-55.82510757446289,-330.1303405761719,196.46517944335938,-332.25506591796875,-56.40542729695638,-330.10373942057294,0.4898901792124861,19.256770240601828,3,False,False,696.5613658305913
high_6p0s_rep1,146,4.877231151567693,3.4073806675335936,False,-310.5751953125,-327.82269287109375,-56.619468688964844,-330.10028076171875,195.7270050048828,-332.1667175292969,-57.15588633219401,-330.02989705403644,0.491580269053109,19.182506707081995,3,False,False,696.5613658305913
high_6p0s_rep1,147,4.91063684438665,3.4407863603525506,False,-311.23419189453125,-327.74169921875,-57.18643569946289,-329.94537353515625,195.16500854492188,-331.94708251953125,-57.75187301635742,-329.8780517578125,0.4758008610205575,19.1817187751786,3,False,False,696.5613658305913
high_6p0s_rep1,148,4.944042537205606,3.4741920531715067,False,-311.86639404296875,-327.7798767089844,-57.87675857543945,-330.0469970703125,194.51123046875,-332.04595947265625,-58.410640716552734,-329.9576110839844,0.48268869515498725,19.293685040605645,3,False,False,696.5613658305913
high_6p0s_rep1,149,4.977448230024563,3.5075977459904637,False,-312.6089172363281,-327.6943054199219,-58.63893508911133,-329.9781188964844,193.77195739746094,-331.9271545410156,-59.15863164265951,-329.8665262858073,0.4789255552160732,19.892764511981326,3,False,False,696.5613658305913
high_6p0s_rep1,150,5.01085392284352,3.5410034388094207,False,-313.049560546875,-327.6965637207031,-59.039066314697266,-329.8728942871094,193.39596557617188,-331.8513488769531,-59.5642204284668,-329.8069356282552,0.4700334027598783,21.656331208142785,3,False,False,696.5613658305913
high_6p0s_rep1,151,5.044259615662477,3.5744091316283777,False,-313.9704895019531,-327.8043212890625,-59.78096389770508,-330.0611267089844,192.4246063232422,-332.2939453125,-60.442282358805336,-330.0531311035156,0.5079625981761359,24.527992804687102,3,False,False,696.5613658305913
high_6p0s_rep1,152,5.077665308481434,3.6078148244473347,False,-314.53948974609375,-327.7249755859375,-60.601375579833984,-330.01995849609375,191.80848693847656,-332.1363220214844,-61.110792795817055,-329.9604187011719,0.4991530528549651,24.757802470126485,3,False,False,696.5613658305913
high_6p0s_rep1,153,5.11107100130039,3.641220517266291,False,-315.7687072753906,-327.8084411621094,-61.75160217285156,-330.12274169921875,190.66180419921875,-332.1575012207031,-62.28616841634115,-330.02956136067706,0.49202537217328424,22.26060265592663,3,False,False,696.5613658305913
high_6p0s_rep1,154,5.144476694119347,3.674626210085248,False,-317.0207824707031,-327.8395690917969,-62.83922576904297,-330.1111145019531,189.42945861816406,-332.4372253417969,-63.47684987386068,-330.1293029785156,0.5201282201441727,22.655908472589488,3,False,False,696.5613658305913
high_6p0s_rep1,155,5.177882386938304,3.708031902904205,False,-317.0653076171875,-327.7754821777344,-62.878334045410156,-329.97967529296875,189.3940887451172,-332.10321044921875,-63.516517639160156,-329.9527893066406,0.48958422269448365,24.470321518354062,3,False,False,696.5613658305913
high_6p0s_rep1,156,5.211288079757261,3.741437595723162,False,-317.45025634765625,-327.68817138671875,-63.40914535522461,-330.05609130859375,189.0805206298828,-332.0513610839844,-63.92629369099935,-329.93187459309894,0.49352612608495566,23.224799113399193,3,False,False,696.5613658305913
high_6p0s_rep1,157,5.244693772576217,3.774843288542118,False,-318.6863098144531,-327.76947021484375,-64.73226928710938,-330.03851318359375,187.83314514160156,-332.14764404296875,-65.19514465332031,-329.98520914713544,0.4952319854901627,24.342657517804515,3,False,False,696.5613658305913
high_6p0s_rep1,158,5.278099465395174,3.808248981361075,False,-319.89117431640625,-327.7607116699219,-65.8856201171875,-330.059326171875,186.6479034423828,-332.2088928222656,-66.37629699707031,-330.0096435546875,0.5031308872346137,27.80773461146124,3,False,False,696.5613658305913
high_6p0s_rep1,159,5.311505158214131,3.841654674180032,False,-320.7104187011719,-327.7778015136719,-66.63459777832031,-330.1033935546875,185.90963745117188,-332.2093200683594,-67.14512634277344,-330.03017171223956,0.5011661725940112,28.131601268867403,3,False,False,696.5613658305913
high_6p0s_rep1,160,5.344910851033088,3.875060366998989,False,-321.5286560058594,-327.77606201171875,-67.51322174072266,-330.15460205078125,185.10165405273438,-332.23126220703125,-67.98007456461589,-330.05397542317706,0.5038340253103502,25.68260613885511,3,False,False,696.5613658305913
high_6p0s_rep1,161,5.378316543852045,3.908466059817946,False,-322.337646484375,-327.6339416503906,-68.3130874633789,-330.07550048828125,184.39442443847656,-332.36627197265625,-68.75210316975911,-330.0252380371094,0.5350651519679318,24.56212890763984,3,False,False,696.5613658305913
high_6p0s_rep1,162,5.411722236671001,3.941871752636902,False,-323.34197998046875,-327.6614074707031,-69.29420471191406,-330.0561218261719,183.33551025390625,-332.3183898925781,-69.76689147949219,-330.01197306315106,0.5266030757164644,25.904315712068215,3,False,False,696.5613658305913
high_6p0s_rep1,163,5.445127929489958,3.975277445455859,False,-323.9200439453125,-327.62860107421875,-69.96463012695312,-330.0395812988281,182.732666015625,-332.1459045410156,-70.38400268554688,-329.9380289713542,0.5108342664216238,27.54994384735945,3,False,False,696.5613658305913
high_6p0s_rep1,164,5.478533622308915,4.008683138274816,False,-324.8974609375,-327.68359375,-70.97586059570312,-330.0807189941406,181.84561157226562,-332.1330261230469,-71.34256998697917,-329.9657796223958,0.503069817536289,27.953608593782015,3,False,False,696.5613658305913
high_6p0s_rep1,165,5.511939315127872,4.042088831093773,False,-325.9732666015625,-327.7109680175781,-72.04502868652344,-330.3284606933594,180.70985412597656,-332.3218078613281,-72.43614705403645,-330.1204121907552,0.5213798530962618,27.72742265381229,3,False,False,696.5613658305913
high_6p0s_rep1,166,5.545345007946828,4.075494523912729,False,-327.0326232910156,-327.72357177734375,-73.14900970458984,-330.1573181152344,179.6837921142578,-332.2275695800781,-73.49928029378255,-330.03615315755206,0.5092656588832513,27.575127216799046,3,False,False,696.5613658305913
high_6p0s_rep1,167,5.578750700765785,4.108900216731686,False,-327.8716735839844,-327.60760498046875,-74.03380584716797,-330.1886901855469,178.83204650878906,-332.2721252441406,-74.3578109741211,-330.02280680338544,0.5274280904566265,26.628832419918037,3,False,False,696.5613658305913
high_6p0s_rep1,168,5.612156393584742,4.142305909550643,False,-328.57098388671875,-327.64544677734375,-74.77494049072266,-330.25146484375,178.17906188964844,-332.2577209472656,-75.05562082926433,-330.0515441894531,0.5214731586321723,25.87693983646247,3,False,False,696.5613658305913
high_6p0s_rep1,169,5.645562086403699,4.1757116023696,False,-329.36175537109375,-327.7540283203125,-75.60086059570312,-330.2810974121094,177.3147735595703,-332.27435302734375,-75.88261413574219,-330.10315958658856,0.5111518726975736,26.065000530315587,3,False,False,696.5613658305913
high_6p0s_rep1,170,5.678967779222655,4.209117295188556,False,-330.2814025878906,-327.6365051269531,-76.44107818603516,-330.2489929199219,176.3475341796875,-332.3901672363281,-76.7916488647461,-330.0918884277344,0.5375863157809396,26.526873270309768,3,False,False,696.5613658305913
high_6p0s_rep1,171,5.712373472041612,4.242522988007513,False,-331.25970458984375,-327.6082763671875,-77.48201751708984,-330.2159423828125,175.3772735595703,-332.3138427734375,-77.78814951578777,-330.0460205078125,0.5321390952451583,25.974049588751186,3,False,False,696.5613658305913
high_6p0s_rep1,172,5.745779164860569,4.27592868082647,False,-332.221923828125,-327.6907958984375,-78.51981353759766,-330.3448181152344,174.413330078125,-332.5661315917969,-78.77613576253255,-330.20058186848956,0.55133853190104,25.756877285243338,3,False,False,696.5613658305913
high_6p0s_rep1,173,5.779184857679526,4.309334373645427,False,-332.90869140625,-327.5947570800781,-79.24723052978516,-330.26690673828125,173.65957641601562,-332.5960998535156,-79.49878184000652,-330.152587890625,0.5656622034962875,26.267243998433035,3,False,False,696.5613658305913
high_6p0s_rep1,174,5.812590550498483,4.342740066464384,False,-333.55322265625,-327.6379699707031,-79.86080169677734,-330.3340759277344,173.0652313232422,-332.58905029296875,-80.11626434326172,-330.18703206380206,0.5599223117788501,26.013362442374664,3,False,False,696.5613658305913
high_6p0s_rep1,175,5.8459962433174395,4.37614575928334,False,-334.5465393066406,-327.6031188964844,-80.89225769042969,-330.34686279296875,171.95201110839844,-332.64288330078125,-81.16226196289062,-330.19762166341144,0.5700859376873842,26.814753897685453,3,False,False,696.5613658305913
high_6p0s_rep1,176,5.8794019361363965,4.409551452102297,False,-335.60968017578125,-327.624755859375,-81.93585205078125,-330.314208984375,170.96865844726562,-332.62969970703125,-82.19229125976562,-330.18955485026044,0.5660582131839745,28.27309785172385,3,False,False,696.5613658305913
high_6p0s_rep1,177,5.9128076289553535,4.442957144921254,False,-336.5563049316406,-327.64776611328125,-82.82762908935547,-330.3446044921875,170.1981201171875,-332.7285461425781,-83.0619379679362,-330.2403055826823,0.5744350402919974,27.99197745169484,3,False,False,696.5613658305913
high_6p0s_rep1,178,5.9462133217743105,4.476362837740211,False,-337.65234375,-327.5956115722656,-83.91751098632812,-330.1702880859375,169.05795288085938,-332.59515380859375,-84.17063395182292,-330.12035115559894,0.5653000868324145,26.246278158216214,3,False,False,696.5613658305913
high_6p0s_rep1,179,5.979619014593267,4.5097685305591675,False,-338.3394470214844,-327.6016540527344,-84.60661315917969,-330.1528015136719,168.27835083007812,-332.62518310546875,-84.88923645019531,-330.1265462239583,0.5681158091599946,25.639730462711242,3,False,False,696.5613658305913
high_6p0s_rep1,180,6.013024707412224,4.5431742233781245,False,-339.191650390625,-327.6118469238281,-85.50306701660156,-330.127685546875,167.47410583496094,-332.6560363769531,-85.74020385742188,-330.13185628255206,0.5703981674403837,25.27621598546191,3,False,False,696.5613658305913
high_6p0s_rep1,181,6.046430400231181,4.5765799161970815,False,-339.8407287597656,-327.49249267578125,-86.09426879882812,-330.02435302734375,166.7886962890625,-332.5422668457031,-86.38210042317708,-330.0197041829427,0.5710705934804957,23.684563088781882,3,False,False,696.5613658305913
high_6p0s_rep1,182,6.079836093050138,4.6099856090160385,False,-340.8760986328125,-327.5172424316406,-87.10907745361328,-330.1051940917969,165.67340087890625,-332.61358642578125,-87.43725840250652,-330.07867431640625,0.5764276748426523,22.089826980305713,3,False,False,696.5613658305913
high_6p0s_rep1,183,6.113241785869095,4.6433913018349955,False,-341.78826904296875,-327.42767333984375,-87.88168334960938,-329.87762451171875,164.9529266357422,-332.460205078125,-88.23900858561198,-329.9218343098958,0.5689952826441098,22.45847253101405,3,False,False,696.5613658305913
high_6p0s_rep1,184,6.146647478688051,4.676796994653952,False,-342.231201171875,-327.42303466796875,-88.41604614257812,-330.0065612792969,164.4486846923828,-332.4170837402344,-88.73285420735677,-329.9488932291667,0.5647129026454815,24.03589697621769,3,False,False,696.5613658305913
high_6p0s_rep1,185,6.180053171507008,4.710202687472909,False,-342.8448486328125,-327.3710021972656,-88.8972396850586,-330.0384521484375,163.91455078125,-332.4900817871094,-89.27584584554036,-329.9665120442708,0.5787592298237795,24.01711602929884,3,False,False,696.5613658305913
high_6p0s_rep1,186,6.213458864325965,4.743608380291866,False,-343.913330078125,-327.33331298828125,-89.92929077148438,-329.9740905761719,162.7960205078125,-332.42486572265625,-90.34886678059895,-329.91075642903644,0.5757041287101754,23.58100523676037,3,False,False,696.5613658305913
high_6p0s_rep1,187,6.246864557144922,4.777014073110823,False,-345.0482482910156,-327.1780090332031,-91.1831283569336,-329.8508605957031,161.73182678222656,-332.2265625,-91.49984995524089,-329.75181070963544,0.5707628459851513,21.730743192600947,3,False,False,696.5613658305913
high_6p0s_rep1,188,6.280270249963878,4.810419765929779,False,-345.7190246582031,-327.1895751953125,-91.87564849853516,-329.77911376953125,160.9961700439453,-332.1969299316406,-92.19950103759766,-329.7218729654948,0.5661779190782009,21.267515361989947,3,False,False,696.5613658305913
high_6p0s_rep1,189,6.313675942782835,4.843825458748736,False,-346.1954040527344,-327.0905456542969,-92.27409362792969,-329.67120361328125,160.5202178955078,-332.2005615234375,-92.64975992838542,-329.6541035970052,0.5777844717326571,22.323207081134306,3,False,False,696.5613658305913
high_6p0s_rep1,190,6.347081635601792,4.877231151567693,False,-346.19219970703125,-327.08990478515625,-92.206298828125,-329.6422119140625,160.54376220703125,-332.1282958984375,-92.61824544270833,-329.62013753255206,0.5696636032844214,22.07932122159149,3,False,False,696.5613658305913
high_6p0s_rep1,191,6.380487328420749,4.91063684438665,False,-347.69549560546875,-327.3763732910156,-93.76808166503906,-329.8883056640625,159.1304931640625,-332.2868957519531,-94.11102803548177,-329.85052490234375,0.5551084893346894,26.491747494434858,3,False,False,696.5613658305913
high_6p0s_rep1,192,6.413893021239705,4.944042537205606,False,-348.80926513671875,-327.4303283691406,-94.79594421386719,-330.042724609375,158.02047729492188,-332.39727783203125,-95.19491068522136,-329.95677693684894,0.5614826980158272,36.16374483591963,3,False,False,696.5613658305913
high_6p0s_rep1,193,6.447298714058662,4.977448230024563,False,-349.4130554199219,-327.71722412109375,-95.5010757446289,-330.2745056152344,157.2735595703125,-332.6283874511719,-95.88019053141277,-330.2067057291667,0.5553336351533554,40.518876659427406,3,False,False,696.5613658305913
high_6p0s_rep1,194,6.480704406877619,5.01085392284352,False,-351.4640808105469,-327.89093017578125,-97.37362670898438,-330.0888977050781,155.38124084472656,-332.2094421386719,-97.81882222493489,-330.06309000651044,0.4881696867632629,40.45107645137801,3,False,False,696.5613658305913
high_6p0s_rep1,195,6.514110099696576,5.044259615662477,False,-353.1634826660156,-327.78912353515625,-99.16059875488281,-330.0682678222656,153.73428344726562,-332.1286926269531,-99.52993265787761,-329.995361328125,0.4904991428154526,41.1317658745047,3,False,False,696.5613658305913
high_6p0s_rep1,196,6.547515792515533,5.077665308481434,False,-354.36334228515625,-327.8152160644531,-100.3174819946289,-330.0600891113281,152.47596740722656,-332.22698974609375,-100.73495229085286,-330.0340983072917,0.4987174898823184,37.041402009201065,3,False,False,696.5613658305913
high_6p0s_rep1,197,6.580921485334489,5.11107100130039,False,-355.69677734375,-327.67926025390625,-101.71559143066406,-329.9919128417969,151.1605224609375,-332.166259765625,-102.08394877115886,-329.94581095377606,0.5072027557051237,31.465074702456853,3,False,False,696.5613658305913
high_6p0s_rep1,198,6.614327178153446,5.144476694119347,False,-356.3749084472656,-327.5517883300781,-102.36287689208984,-329.7710876464844,150.54327392578125,-332.0699157714844,-102.73150380452473,-329.79759724934894,0.5106598818581736,29.55469383469848,3,False,False,696.5613658305913
high_6p0s_rep1,199,6.647732870972403,5.177882386938304,False,-357.02960205078125,-327.5676574707031,-102.92074584960938,-329.7198486328125,149.92601013183594,-331.9700927734375,-103.34144592285156,-329.7525329589844,0.4975477456094837,27.662637141741374,3,False,False,696.5613658305913
high_6p0s_rep1,200,6.68113856379136,5.211288079757261,False,-358.23663330078125,-327.584228515625,-104.05086517333984,-329.77410888671875,148.73219299316406,-332.016357421875,-104.51843516031902,-329.79156494140625,0.5008903864170626,27.095706814604725,3,False,False,696.5613658305913
high_6p0s_rep1,201,6.714544256610316,5.244693772576217,False,-359.3018493652344,-327.4559326171875,-105.17543029785156,-329.8028259277344,147.61907958984375,-331.885009765625,-105.61940002441406,-329.71458943684894,0.5005928066884887,29.603553225588108,3,False,False,696.5613658305913
high_6p0s_rep1,202,6.747949949429273,5.278099465395174,False,-360.0284729003906,-327.3699645996094,-106.0964584350586,-329.7261962890625,146.80374145507812,-331.73419189453125,-106.44039662679036,-329.61011759440106,0.49334990542049845,30.01644476879498,3,False,False,696.5613658305913
high_6p0s_rep1,203,6.78135564224823,5.311505158214131,False,-361.0089111328125,-327.1755065917969,-107.09754943847656,-329.4459533691406,145.82676696777344,-331.60614013671875,-107.4265645345052,-329.40920003255206,0.5008529342525974,27.911775880641304,3,False,False,696.5613658305913
high_6p0s_rep1,204,6.814761335067187,5.344910851033088,False,-362.1490783691406,-327.2207336425781,-108.19086456298828,-329.3319091796875,144.73297119140625,-331.4775695800781,-108.53565724690755,-329.34340413411456,0.4811632210619967,26.404861824720488,3,False,False,696.5613658305913
high_6p0s_rep1,205,6.848167027886144,5.378316543852045,False,-362.82794189453125,-327.0859680175781,-109.09243774414062,-329.3238220214844,143.86610412597656,-331.48687744140625,-109.35142517089844,-329.29888916015625,0.49763204753251367,26.2840532123755,3,False,False,696.5613658305913
high_6p0s_rep1,206,6.8815727207051,5.411722236671001,False,-363.7370300292969,-327.0666809082031,-109.7436294555664,-329.26348876953125,143.14906311035156,-331.5443420410156,-110.11053212483723,-329.29150390625,0.5061184664210129,25.851558532438293,3,False,False,696.5613658305913
high_6p0s_rep1,207,6.914978413524057,5.445127929489958,False,-364.2386474609375,-327.02337646484375,-110.45227813720703,-329.2188720703125,142.38095092773438,-331.54229736328125,-110.76999155680339,-329.2615152994792,0.5110505594082315,25.449050942048174,3,False,False,696.5613658305913
high_6p0s_rep1,208,6.948384106343014,5.478533622308915,False,-365.5137023925781,-327.0957946777344,-111.52041625976562,-329.30145263671875,141.402099609375,-331.5547790527344,-111.87733968098958,-329.3173421223958,0.503977969566513,26.59854081562568,3,False,False,696.5613658305913
high_6p0s_rep1,209,6.981789799161971,5.511939315127872,False,-366.37945556640625,-327.0353698730469,-112.30181884765625,-329.2730407714844,140.51895141601562,-331.6648254394531,-112.7207743326823,-329.3244120279948,0.523262427599247,29.221714573538147,3,False,False,696.5613658305913
high_6p0s_rep1,210,7.015195491980927,5.545345007946828,False,-367.2621154785156,-326.9571533203125,-113.34080505371094,-329.1555480957031,139.59970092773438,-331.6881408691406,-113.66773986816406,-329.26694742838544,0.5347764208103692,30.53348035490745,3,False,False,696.5613658305913
high_6p0s_rep1,211,7.048601184799884,5.578750700765785,False,-368.2516784667969,-326.8603820800781,-114.32857513427734,-329.2189025878906,138.54132080078125,-331.6477355957031,-114.67964426676433,-329.2423400878906,0.5412209590673865,30.779178077184884,3,False,False,696.5613658305913
high_6p0s_rep1,212,7.082006877618841,5.612156393584742,False,-369.55828857421875,-326.7486267089844,-115.62287902832031,-329.0732727050781,137.2933807373047,-331.5800476074219,-115.9625956217448,-329.1339823404948,0.5461393529876768,32.45148931703646,3,False,False,696.5613658305913
high_6p0s_rep1,213,7.115412570437798,5.645562086403699,False,-370.4955749511719,-326.61224365234375,-116.54230499267578,-328.9701843261719,136.3839111328125,-331.4796142578125,-116.88465627034505,-329.0206807454427,0.5501726333130389,32.43790795939427,3,False,False,696.5613658305913
high_6p0s_rep1,214,7.1488182632567545,5.678967779222655,False,-371.5028381347656,-326.2586364746094,-117.66666412353516,-328.6849670410156,135.18313598632812,-331.52294921875,-117.99545542399089,-328.8221842447917,0.595264257177883,28.148589385222937,3,False,False,696.5613658305913
high_6p0s_rep1,215,7.1822239560757115,5.712373472041612,False,-372.7571105957031,-325.9750671386719,-119.02838134765625,-328.59375,134.08438110351562,-331.15863037109375,-119.23370361328125,-328.57581583658856,0.5859542810872134,23.90395073706212,3,False,False,696.5613658305913
high_6p0s_rep1,216,7.2156296488946685,5.745779164860569,False,-373.50506591796875,-325.7969665527344,-119.68380737304688,-328.4266662597656,133.33950805664062,-331.1878662109375,-119.94978841145833,-328.4704996744792,0.6093863232803687,22.0679552087219,3,False,False,696.5613658305913
high_6p0s_rep1,217,7.2490353417136255,5.779184857679526,False,-373.68890380859375,-325.6640319824219,-119.80085754394531,-328.2458801269531,133.2027130126953,-331.10205078125,-120.09568277994792,-328.3373209635417,0.6146552105452595,16.235531001146505,3,False,False,696.5613658305913
high_6p0s_rep1,218,7.2824410345325825,5.812590550498483,False,-374.27545166015625,-325.43914794921875,-120.50264739990234,-328.0127258300781,132.5675506591797,-330.805908203125,-120.73684946695964,-328.08592732747394,0.6066596948051867,3.039323608893825,3,False,False,696.5613658305913
high_6p0s_rep1,219,7.315846727351539,5.8459962433174395,False,-375.07940673828125,-325.01531982421875,-121.21178436279297,-327.8779296875,131.74554443359375,-331.38372802734375,-121.51521555582683,-328.0923258463542,0.719900845120022,-4.460029540408683,3,False,False,696.5613658305913
high_6p0s_rep1,220,7.349252420170496,5.8794019361363965,False,-374.5751953125,-324.39801025390625,-120.84784698486328,-327.968505859375,132.01043701171875,-332.13043212890625,-121.13753509521484,-328.1656494140625,0.8744834214672585,-0.615728815077224,3,False,False,696.5613658305913
high_6p0s_rep1,221,7.382658112989453,5.9128076289553535,False,-372.6385498046875,-324.4018859863281,-118.67361450195312,-327.8612976074219,134.1283721923828,-331.9413757324219,-119.06126403808594,-328.0681864420573,0.8523624086592634,0.7050734413599854,3,False,False,696.5613658305913
high_6p0s_rep1,222,7.41606380580841,5.9462133217743105,False,-373.01153564453125,-324.6228332519531,-119.29791259765625,-328.6300964355469,133.8265380859375,-332.3918762207031,-119.49430338541667,-328.5482686360677,0.8781868172307494,0.6467131904158397,3,False,False,696.5613658305913
high_6p0s_rep1,223,7.449469498627366,5.979619014593267,True,-374.6312561035156,-325.53204345703125,-120.87328338623047,-329.4113464355469,132.10691833496094,-333.2738342285156,-121.13254038492839,-329.40574137369794,0.8752792925721972,11.465353192609161,3,False,False,696.5613658305913
high_6p0s_rep1,224,7.482875191446323,6.013024707412224,True,-374.8765869140625,-325.7337646484375,-121.01679229736328,-329.58123779296875,131.8282012939453,-333.42291259765625,-121.35505930582683,-329.5793050130208,0.8693857334111368,23.471806249081176,3,False,False,696.5613658305913
high_6p0s_rep1,225,7.51628088426528,6.046430400231181,True,-374.9866027832031,-325.8193054199219,-121.29082489013672,-329.6896667480469,131.73623657226562,-333.5052795410156,-121.51373036702473,-329.6714172363281,0.8689959816617923,23.390949971325263,3,False,False,696.5613658305913
high_6p0s_rep1,226,7.549686577084237,6.079836093050138,True,-376.06341552734375,-325.8310546875,-122.23365020751953,-329.7845764160156,130.75161743164062,-333.5849914550781,-122.51514943440755,-329.73354085286456,0.8765193692584768,23.017873731072356,3,False,False,696.5613658305913
high_6p0s_rep1,227,7.583092269903194,6.113241785869095,False,-377.34625244140625,-326.5121765136719,-123.66384887695312,-330.1655578613281,129.3660888671875,-333.8110656738281,-123.88133748372395,-330.1629333496094,0.8252544691778899,26.675468853167093,3,False,False,696.5613658305913
high_6p0s_rep1,228,7.61649796272215,6.146647478688051,False,-378.1079406738281,-326.4092102050781,-124.30339813232422,-330.07818603515625,128.73309326171875,-333.6640625,-124.55941518147786,-330.0504862467448,0.8200678409530934,26.557728226881036,3,False,False,696.5613658305913
high_6p0s_rep1,229,7.649903655541107,6.180053171507008,False,-379.14959716796875,-326.4156494140625,-125.33784484863281,-330.09124755859375,127.63504791259766,-333.7998046875,-125.61746470133464,-330.10223388671875,0.8347746917793837,24.007660846456165,3,False,False,696.5613658305913
high_6p0s_rep1,230,7.683309348360064,6.213458864325965,False,-379.6995544433594,-326.4306945800781,-125.94756317138672,-330.12152099609375,127.1597671508789,-333.7048645019531,-126.16245015462239,-330.085693359375,0.8222214880535056,22.139584689694573,3,False,False,696.5613658305913
high_6p0s_rep1,231,7.716715041179021,6.246864557144922,False,-380.2618408203125,-326.2734069824219,-126.50778198242188,-329.9814758300781,126.5549545288086,-333.4974060058594,-126.73822275797527,-329.9174296061198,0.8166197960734273,20.762211206441595,3,False,False,696.5613658305913
high_6p0s_rep1,232,7.750120733997977,6.280270249963878,False,-381.154541015625,-326.3096923828125,-127.4571533203125,-329.96435546875,125.5771255493164,-333.4397888183594,-127.67818959554036,-329.9046122233073,0.806141598626941,20.967712982333953,3,False,False,696.5613658305913
high_6p0s_rep1,233,7.783526426816934,6.313675942782835,False,-381.6853942871094,-326.2422790527344,-127.92378997802734,-329.7599182128906,125.13385009765625,-333.1552429199219,-128.1584447224935,-329.7191467285156,0.781460248936155,22.594803782502556,3,False,False,696.5613658305913
high_6p0s_rep1,234,7.816932119635891,6.347081635601792,False,-382.44989013671875,-326.09271240234375,-128.7224884033203,-329.5506591796875,124.3097915649414,-332.9902038574219,-128.95419565836588,-329.5445251464844,0.7798030546553204,22.66778835409247,3,False,False,696.5613658305913
high_6p0s_rep1,235,7.850337812454848,6.380487328420749,False,-383.3208312988281,-326.0373840332031,-129.63673400878906,-329.5655822753906,123.46717834472656,-332.9393310546875,-129.83012898763022,-329.51409912109375,0.7802631096442115,24.16357239607025,3,False,False,696.5613658305913
high_6p0s_rep1,236,7.883743505273805,6.413893021239706,False,-384.1669921875,-326.0753173828125,-130.37803649902344,-329.67303466796875,122.68954467773438,-332.9940490722656,-130.61849466959634,-329.58080037434894,0.7820546407598062,25.819797644498976,3,False,False,696.5613658305913
high_6p0s_rep1,237,7.917149198092761,6.447298714058662,False,-384.9033508300781,-325.8111572265625,-131.18505859375,-329.3716125488281,121.9776611328125,-332.84033203125,-131.37024943033853,-329.3410339355469,0.7944985636570039,24.356748937644948,3,False,False,696.5613658305913
high_6p0s_rep1,238,7.950554890911718,6.480704406877619,False,-386.0871276855469,-325.9565124511719,-132.36988830566406,-329.4781494140625,120.84183502197266,-332.9011535644531,-132.53839365641275,-329.4452718098958,0.784870793109025,24.210254506530937,3,False,False,696.5613658305913
high_6p0s_rep1,239,7.983960583730675,6.514110099696576,False,-386.7810363769531,-325.9345703125,-133.06553649902344,-329.3684997558594,120.24798583984375,-332.9192199707031,-133.19952901204428,-329.4074300130208,0.7892361534045688,26.933362390995686,3,False,False,696.5613658305913
high_6p0s_rep1,240,8.017366276549632,6.547515792515533,False,-387.2662353515625,-325.7146911621094,-133.55117797851562,-329.2264099121094,119.65340423583984,-332.70892333984375,-133.7213363647461,-329.2166748046875,0.7904893133154325,26.287494228997996,3,False,False,696.5613658305913
high_6p0s_rep1,241,8.050771969368588,6.580921485334489,False,-388.4072265625,-325.82171630859375,-134.66189575195312,-329.31591796875,118.62445068359375,-332.7512512207031,-134.81489054361978,-329.2962951660156,0.783005096770444,22.733890892436754,3,False,False,696.5613658305913
high_6p0s_rep1,242,8.084177662187546,6.614327178153447,False,-389.69647216796875,-325.9209289550781,-136.0008087158203,-329.4346618652344,117.18389129638672,-332.8966979980469,-136.17112986246744,-329.4174296061198,0.7884639528770929,23.140714979341936,3,False,False,696.5613658305913
high_6p0s_rep1,243,8.117583355006502,6.647732870972403,False,-390.07550048828125,-325.84490966796875,-136.372314453125,-329.21539306640625,116.89071655273438,-332.6714782714844,-136.51903279622397,-329.2439270019531,0.7714713895844323,25.405322624616705,3,False,False,696.5613658305913
high_6p0s_rep1,244,8.150989047825458,6.681138563791359,False,-390.43499755859375,-325.66729736328125,-136.5993194580078,-328.87841796875,116.59440612792969,-332.51690673828125,-136.81330362955728,-329.0208740234375,0.7739784593545144,25.43856040907095,3,False,False,696.5613658305913
high_6p0s_rep1,245,8.184394740644416,6.714544256610317,False,-391.4185791015625,-325.83831787109375,-137.64321899414062,-329.052734375,115.54816436767578,-332.5504455566406,-137.83787790934244,-329.1471659342448,0.7585391432816768,24.88280577308875,3,False,False,696.5613658305913
high_6p0s_rep1,246,8.217800433463372,6.747949949429273,False,-392.8323059082031,-325.6479797363281,-138.99200439453125,-329.042236328125,114.26879119873047,-332.60186767578125,-139.18517303466797,-329.0973612467448,0.7856489777127217,27.02244817974481,3,False,False,696.5613658305913
high_6p0s_rep1,247,8.25120612628233,6.781355642248231,False,-393.9554138183594,-325.82830810546875,-140.0264434814453,-328.92657470703125,113.08553314208984,-332.4358215332031,-140.29877471923828,-329.0635681152344,0.7466087434899876,27.898453360532542,3,False,False,696.5613658305913
high_6p0s_rep1,248,8.284611819101286,6.814761335067187,False,-394.3052062988281,-325.78643798828125,-140.5258331298828,-329.0327453613281,112.72005462646484,-332.3236083984375,-140.7036616007487,-329.04759724934894,0.7386841463840395,23.702750231947192,3,False,False,696.5613658305913
high_6p0s_rep1,249,8.318017511920242,6.848167027886143,False,-395.3520812988281,-326.00439453125,-141.43141174316406,-328.8445129394531,111.81636047363281,-332.0639953613281,-141.65571085611978,-328.97096761067706,0.6845320118471011,20.10366761816913,3,False,False,696.5613658305913
high_6p0s_rep1,250,8.3514232047392,6.881572720705101,False,-395.83282470703125,-325.667724609375,-142.16558837890625,-328.7811584472656,111.05298614501953,-332.1688537597656,-142.3151423136393,-328.87257893880206,0.7348140983899403,22.1252268194519,3,False,False,696.5613658305913
high_6p0s_rep1,251,8.384828897558156,6.914978413524057,False,-396.1661071777344,-325.2157897949219,-142.51852416992188,-328.6387023925781,110.80670166015625,-332.1632080078125,-142.6259765625,-328.6725667317708,0.7851167175034698,24.434681873846284,3,False,False,696.5613658305913
high_6p0s_rep1,252,8.418234590377113,6.948384106343013,False,-397.1358642578125,-325.3601989746094,-143.3631134033203,-328.8038024902344,109.77775573730469,-332.19622802734375,-143.57374064127603,-328.7867431640625,0.7726205352735767,25.763447190873606,3,False,False,696.5613658305913
high_6p0s_rep1,253,8.45164028319607,6.981789799161971,False,-398.5048522949219,-325.47186279296875,-144.54356384277344,-328.7617492675781,108.58907318115234,-332.22119140625,-144.8197809855143,-328.8182678222656,0.7625514560735915,30.761927316861623,3,False,False,696.5613658305913
high_6p0s_rep1,254,8.485045976015027,7.015195491980927,False,-399.35675048828125,-325.3280029296875,-145.42105102539062,-328.7637939453125,107.67130279541016,-332.3276062011719,-145.70216623942056,-328.8064676920573,0.7909271459182893,33.41058134609077,3,False,False,696.5613658305913
high_6p0s_rep1,255,8.518451668833984,7.048601184799885,False,-400.4657287597656,-325.36773681640625,-146.7295379638672,-328.73394775390625,106.56983184814453,-332.40545654296875,-146.8751449584961,-328.83571370442706,0.7952218281646399,29.57833179180549,3,False,False,696.5613658305913
high_6p0s_rep1,256,8.55185736165294,7.082006877618841,False,-401.9913635253906,-325.6982116699219,-148.14535522460938,-328.9022521972656,105.11009216308594,-332.3717956542969,-148.3422088623047,-328.9907531738281,0.7539834881717115,26.839313011896447,3,False,False,696.5613658305913
high_6p0s_rep1,257,8.585263054471897,7.1154125704377975,False,-402.6419372558594,-325.8053894042969,-148.81033325195312,-328.93072509765625,104.39663696289062,-332.17071533203125,-149.01854451497397,-328.9689432779948,0.7192493271026513,27.712136013596172,3,False,False,696.5613658305913
high_6p0s_rep1,258,8.618668747290855,7.148818263256755,False,-402.894775390625,-325.8106689453125,-148.9925079345703,-328.92291259765625,104.11981201171875,-332.1651916503906,-149.25582377115884,-328.9662577311198,0.7180627123403226,25.217475091085596,3,False,False,696.5613658305913
high_6p0s_rep1,259,8.65207444010981,7.1822239560757115,False,-403.87371826171875,-325.9468078613281,-150.06033325195312,-329.07025146484375,103.23810577392578,-332.0884094238281,-150.2319819132487,-329.03515625,0.6938719025009908,20.855210009668223,3,False,False,696.5613658305913
high_6p0s_rep1,260,8.685480132928769,7.215629648894669,False,-405.28704833984375,-326.0933837890625,-151.43307495117188,-328.93878173828125,101.9118423461914,-331.974365234375,-151.6027603149414,-329.00217692057294,0.6643159577360392,22.04943309933669,3,False,False,696.5613658305913
high_6p0s_rep1,261,8.718885825747725,7.2490353417136255,False,-405.7435607910156,-325.81707763671875,-151.81378173828125,-328.68951416015625,101.44134521484375,-331.96826171875,-152.03866577148438,-328.824951171875,0.6948542912329064,25.72969173135336,3,False,False,696.5613658305913
high_6p0s_rep1,262,8.75229151856668,7.282441034532582,False,-405.989990234375,-325.6294860839844,-152.02806091308594,-328.61920166015625,101.15130615234375,-331.95574951171875,-152.2889149983724,-328.7348124186198,0.7146911475143634,24.964887722694776,3,False,False,696.5613658305913
high_6p0s_rep1,263,8.785697211385639,7.3158467273515395,False,-406.9478454589844,-325.6512145996094,-153.1944122314453,-328.7363586425781,100.0886001586914,-331.9010925292969,-153.3512191772461,-328.7628885904948,0.7062085906309477,22.596950611457498,3,False,False,696.5613658305913
high_6p0s_rep1,264,8.819102904204595,7.349252420170496,False,-408.3930969238281,-325.59222412109375,-154.49600219726562,-328.59112548828125,98.69379425048828,-331.79071044921875,-154.7317682902018,-328.65802001953125,0.7003324777940566,22.17893560766065,3,False,False,696.5613658305913
high_6p0s_rep1,265,8.85250859702355,7.382658112989452,False,-409.0162658691406,-325.5535583496094,-155.2764892578125,-328.570556640625,97.96475219726562,-331.7884216308594,-155.44266764322916,-328.63751220703125,0.7045891885110246,22.760086773404446,3,False,False,696.5613658305913
high_6p0s_rep1,266,8.885914289842509,7.41606380580841,False,-409.2992858886719,-325.5693054199219,-155.6465606689453,-328.63043212890625,97.70356750488281,-331.7310485839844,-155.74742635091147,-328.6435953776042,0.6962968655064306,23.19953200240473,3,False,False,696.5613658305913
high_6p0s_rep1,267,8.919319982661465,7.449469498627366,False,-409.5623474121094,-325.46234130859375,-155.77088928222656,-328.5166015625,97.36569213867188,-331.6864013671875,-155.9891815185547,-328.55511474609375,0.7034419620135467,23.720396861439838,3,False,False,696.5613658305913
high_6p0s_rep1,268,8.952725675480423,7.482875191446324,False,-410.8911437988281,-325.52825927734375,-157.06890869140625,-328.58642578125,96.19770050048828,-331.6824951171875,-157.25411732991537,-328.59906005859375,0.695330676091517,24.843447242253433,3,False,False,696.5613658305913
high_6p0s_rep1,269,8.986131368299379,7.51628088426528,False,-412.2032165527344,-325.4122619628906,-158.4180145263672,-328.36358642578125,94.88472747802734,-331.555908203125,-158.5788345336914,-328.4439188639323,0.6941355693116585,25.470412651433527,3,False,False,696.5613658305913
high_6p0s_rep1,270,9.019537061118335,7.549686577084236,False,-413.16510009765625,-325.54315185546875,-159.35604858398438,-328.439453125,93.96245574951172,-331.4923095703125,-159.51956431070963,-328.49163818359375,0.6721109705052567,25.22280409912876,3,False,False,696.5613658305913
high_6p0s_rep1,271,9.052942753937293,7.583092269903194,False,-413.5479736328125,-325.50640869140625,-159.90794372558594,-328.4197692871094,93.54695129394531,-331.5771484375,-159.96965535481772,-328.50110880533856,0.6858896303112182,24.064498523673752,3,False,False,696.5613658305913
high_6p0s_rep1,272,9.086348446756249,7.61649796272215,False,-413.9341735839844,-325.5216979980469,-160.0699920654297,-328.2162170410156,93.17760467529297,-331.4561462402344,-160.27552032470703,-328.3980204264323,0.6704701651989001,21.140372842941662,3,False,False,696.5613658305913
high_6p0s_rep1,273,9.119754139575207,7.649903655541108,False,-415.0128173828125,-325.35321044921875,-161.23941040039062,-328.15032958984375,92.07133483886719,-331.38458251953125,-161.3936309814453,-328.29604085286456,0.6814566533910995,20.152306235868995,3,False,False,696.5613658305913
high_6p0s_rep1,274,9.153159832394163,7.683309348360064,False,-416.1174011230469,-325.34423828125,-162.27879333496094,-328.1363220214844,90.96149444580078,-331.3677673339844,-162.47823333740234,-328.28277587890625,0.6805776452465032,21.479647946462478,3,False,False,696.5613658305913
high_6p0s_rep1,275,9.186565525213119,7.71671504117902,False,-416.3771667480469,-325.3515930175781,-162.42816162109375,-328.1487121582031,90.7585678100586,-331.2547302246094,-162.682253519694,-328.2516784667969,0.6669014828341432,20.646746827877404,3,False,False,696.5613658305913
high_6p0s_rep1,276,9.219971218032077,7.750120733997978,False,-417.2723693847656,-325.3065185546875,-163.3165283203125,-328.0523986816406,89.9719467163086,-331.0687561035156,-163.5389836629232,-328.14255777994794,0.6508455216062622,20.466040165123864,3,False,False,696.5613658305913
high_6p0s_rep1,277,9.253376910851033,7.783526426816934,False,-417.6033020019531,-325.27197265625,-163.6143341064453,-328.05352783203125,89.57278442382812,-331.3326416015625,-163.8816172281901,-328.21938069661456,0.6846423428509137,27.862307460260503,3,False,False,696.5613658305913
high_6p0s_rep1,278,9.28678260366999,7.81693211963589,False,-418.37554931640625,-325.30072021484375,-164.40188598632812,-328.1885986328125,88.7232666015625,-331.5831298828125,-164.68472290039062,-328.35748291015625,0.7097968552862616,36.45136662576189,3,False,False,696.5613658305913
high_6p0s_rep1,279,9.320188296488947,7.850337812454848,False,-419.6831970214844,-325.2775573730469,-165.86972045898438,-328.3255310058594,87.48102569580078,-331.66729736328125,-166.02396392822266,-328.4234619140625,0.7218288435940312,37.072706125021945,3,False,False,696.5613658305913
high_6p0s_rep1,280,9.353593989307903,7.883743505273804,False,-422.059326171875,-325.22412109375,-168.3069610595703,-328.2923278808594,85.03392791748047,-331.375244140625,-168.44411977132162,-328.29723103841144,0.6949729714535291,35.987202412309266,3,False,False,696.5613658305913
high_6p0s_rep1,281,9.386999682126861,7.917149198092762,False,-423.6733093261719,-325.3480529785156,-169.69590759277344,-328.1852111816406,83.50736999511719,-331.33343505859375,-169.95394897460938,-328.2888997395833,0.6761322482501011,34.112739058763715,3,False,False,696.5613658305913
high_6p0s_rep1,282,9.420405374945817,7.950554890911718,False,-423.5356140136719,-325.4613342285156,-169.57821655273438,-328.21075439453125,83.5606918334961,-331.4118957519531,-169.85104624430338,-328.361328125,0.6723109774388145,25.831955395706895,3,False,False,696.5613658305913
high_6p0s_rep1,283,9.453811067764773,7.983960583730674,False,-424.37969970703125,-325.6510314941406,-170.56466674804688,-328.5252990722656,82.73316192626953,-331.4653015136719,-170.73706817626953,-328.5472106933594,0.6568923053394787,17.352491087053018,3,False,False,696.5613658305913
high_6p0s_rep1,284,9.487216760583731,8.017366276549632,False,-424.9326477050781,-325.8609619140625,-171.25799560546875,-328.595458984375,82.08899688720703,-331.4823913574219,-171.36721547444662,-328.6462707519531,0.6352213735540124,17.197074373900605,3,False,False,696.5613658305913
high_6p0s_rep1,285,9.520622453402687,8.050771969368588,False,-425.3988037109375,-326.09112548828125,-171.5823516845703,-328.7655334472656,81.79051971435547,-331.5328369140625,-171.73021189371744,-328.79649861653644,0.614711549892294,20.036994114677334,3,False,False,696.5613658305913
high_6p0s_rep1,286,9.554028146221645,8.084177662187546,False,-426.05743408203125,-326.1587829589844,-172.34141540527344,-328.74676513671875,81.00511932373047,-331.4352722167969,-172.4645767211914,-328.7802734375,0.5961979475078696,22.780519712816357,3,False,False,696.5613658305913
high_6p0s_rep1,287,9.587433839040601,8.117583355006502,False,-426.7613830566406,-326.3044128417969,-172.8849334716797,-328.65362548828125,80.39065551757812,-331.4299621582031,-173.08522033691406,-328.79600016276044,0.5790420288786016,29.92142094251194,3,False,False,696.5613658305913
high_6p0s_rep1,288,9.620839531859557,8.150989047825458,False,-427.8791198730469,-326.35552978515625,-174.06698608398438,-328.7256164550781,79.35693359375,-331.1832580566406,-174.1963907877604,-328.7548014322917,0.5453084432541415,36.29647520054536,3,False,False,696.5613658305913
high_6p0s_rep1,289,9.654245224678515,8.184394740644416,False,-429.1895446777344,-326.2792053222656,-175.36753845214844,-328.5464782714844,78.00343322753906,-331.0485534667969,-175.51788330078125,-328.62474568684894,0.5387603489472003,37.5461275867333,3,False,False,696.5613658305913
high_6p0s_rep1,290,9.687650917497471,8.217800433463372,False,-431.206298828125,-326.079833984375,-177.43251037597656,-328.13494873046875,75.91380310058594,-330.6171569824219,-177.57500203450522,-328.2773132324219,0.5126251558683492,36.28846646274255,3,False,False,696.5613658305913
high_6p0s_rep1,291,9.72105661031643,8.25120612628233,False,-432.3493957519531,-326.0513916015625,-178.64663696289062,-328.2058410644531,74.76140594482422,-330.6067810058594,-178.7448755900065,-328.2880045572917,0.5146756208004513,33.365216261903456,3,False,False,696.5613658305913
high_6p0s_rep1,292,9.754462303135385,8.284611819101286,False,-432.956298828125,-325.9329528808594,-179.25125122070312,-328.128662109375,74.16515350341797,-330.6183776855469,-179.34746551513672,-328.22666422526044,0.5293552992202364,26.919149165256297,3,False,False,696.5613658305913
high_6p0s_rep1,293,9.787867995954342,8.318017511920242,False,-433.6465759277344,-326.08575439453125,-180.00540161132812,-328.30072021484375,73.4822998046875,-330.6754150390625,-180.05655924479166,-328.3539632161458,0.5185289530198544,21.140380455810266,3,False,False,696.5613658305913
high_6p0s_rep1,294,9.8212736887733,8.3514232047392,False,-434.3794250488281,-326.153076171875,-180.80348205566406,-328.2704162597656,72.7721176147461,-330.6985778808594,-180.80359649658203,-328.3740234375,0.5135172986612625,20.579281586047696,3,False,False,696.5613658305913
high_6p0s_rep1,295,9.854679381592256,8.384828897558156,False,-434.8658447265625,-326.28558349609375,-181.25294494628906,-328.3227844238281,72.2733383178711,-330.8113098144531,-181.2818171183268,-328.4732259114583,0.5112957995170253,21.33741672178266,3,False,False,696.5613658305913
high_6p0s_rep1,296,9.888085074411212,8.418234590377113,False,-435.7188415527344,-326.37335205078125,-182.070556640625,-328.3904113769531,71.48894500732422,-330.7216796875,-182.10015106201172,-328.4951477050781,0.49118866991096133,21.75037678080655,3,False,False,696.5613658305913
high_6p0s_rep1,297,9.92149076723017,8.45164028319607,False,-436.4835205078125,-326.3862609863281,-182.7813720703125,-328.4800720214844,70.66436767578125,-330.617919921875,-182.8668416341146,-328.4947509765625,0.4780668053553853,23.728839532753987,3,False,False,696.5613658305913
high_6p0s_rep1,298,9.954896460049126,8.485045976015027,False,-437.30877685546875,-326.43695068359375,-183.65496826171875,-328.4306335449219,69.96846008300781,-330.676513671875,-183.66509501139322,-328.5146993001302,0.4788375925827577,25.559939986563023,3,False,False,696.5613658305913
high_6p0s_rep1,299,9.988302152868084,8.518451668833984,False,-438.0830383300781,-326.4732360839844,-184.49501037597656,-328.51483154296875,69.19527435302734,-330.6930847167969,-184.46092478434244,-328.5603841145833,0.4766100462936539,26.52211522741433,3,False,False,696.5613658305913
high_6p0s_rep1,300,10.02170784568704,8.55185736165294,False,-439.2022705078125,-326.4502258300781,-185.5409393310547,-328.3855285644531,68.08939361572266,-330.6056823730469,-185.5512720743815,-328.48047892252606,0.46932526914548756,28.259524106950693,3,False,False,696.5613658305913
high_6p0s_rep1,301,10.055113538505996,8.585263054471897,False,-439.93389892578125,-326.5932312011719,-186.39370727539062,-328.4297180175781,67.2200927734375,-330.6961669921875,-186.36917114257812,-328.5730387369792,0.4635195222841414,30.017426828848233,3,False,False,696.5613658305913
high_6p0s_rep1,302,10.088519231324954,8.618668747290855,False,-441.1323547363281,-326.5310363769531,-187.3540496826172,-328.22344970703125,66.11325073242188,-330.51275634765625,-187.4577178955078,-328.4224141438802,0.4497447814460572,30.08218950231376,3,False,False,696.5613658305913
high_6p0s_rep1,303,10.12192492414391,8.65207444010981,False,-442.0965881347656,-326.5883483886719,-188.51751708984375,-328.3540954589844,65.0705795288086,-330.54254150390625,-188.51450856526694,-328.4949951171875,0.4467047570507283,27.10252794490045,3,False,False,696.5613658305913
high_6p0s_rep1,304,10.155330616962868,8.685480132928769,False,-443.2712707519531,-326.4550476074219,-189.5674285888672,-328.1138000488281,63.92157745361328,-330.35406494140625,-189.639040629069,-328.30763753255206,0.4404495010990283,27.874392889216463,3,False,False,696.5613658305913
high_6p0s_rep1,305,10.188736309781824,8.718885825747725,False,-444.0367736816406,-326.34814453125,-190.2751007080078,-327.9916076660156,63.04491424560547,-330.16607666015625,-190.4223200480143,-328.1686096191406,0.43138466481096716,26.8077843164515,3,False,False,696.5613658305913
high_6p0s_rep1,306,10.22214200260078,8.75229151856668,False,-444.1684875488281,-326.20013427734375,-190.40464782714844,-327.964599609375,62.91740417480469,-330.0333557128906,-190.55191040039062,-328.06602986653644,0.4331085335198656,11.195195323412173,3,False,False,696.5613658305913
high_6p0s_rep1,307,10.255547695419738,8.785697211385639,False,-446.19415283203125,-325.33184814453125,-192.55165100097656,-327.10552978515625,60.985965728759766,-329.2440185546875,-192.58661270141602,-327.2271321614583,0.4419463610566327,-6.109022563635728,3,False,False,696.5613658305913
high_6p0s_rep1,308,10.288953388238694,8.819102904204595,False,-445.8846435546875,-325.3925476074219,-192.37376403808594,-327.1209716796875,61.23558807373047,-329.2496032714844,-192.340939839681,-327.25437418619794,0.43577190558129253,-7.521955756275814,3,False,False,696.5613658305913
high_6p0s_rep1,309,10.32235908105765,8.85250859702355,False,-443.1624450683594,-325.0590515136719,-189.4967041015625,-326.7475280761719,64.00182342529297,-329.00177001953125,-189.5524419148763,-326.9361165364583,0.4454110700496027,-6.751457321879741,3,False,False,696.5613658305913
high_6p0s_rep1,310,10.355764773876608,8.885914289842509,False,-442.09210205078125,-325.14813232421875,-188.38893127441406,-326.7173156738281,65.0765609741211,-328.88690185546875,-188.46815745035806,-326.9174499511719,0.4223680404596406,-8.673219428244694,3,False,False,696.5613658305913
high_6p0s_rep1,311,10.389170466695564,8.919319982661465,False,-443.5738525390625,-325.9237365722656,-189.95736694335938,-327.8482666015625,63.55128479003906,-329.84881591796875,-189.9933115641276,-327.8736063639323,0.4434526582215555,1.1698314585661493,3,False,False,696.5613658305913
high_6p0s_rep1,312,10.422576159514522,8.952725675480423,False,-444.4638977050781,-326.44610595703125,-190.83731079101562,-328.2508544921875,62.63168716430664,-330.5007629394531,-190.88984044392905,-328.3992411295573,0.45811832855268353,13.903606564980043,3,False,False,696.5613658305913
high_6p0s_rep1,313,10.455981852333478,8.986131368299379,False,-444.78985595703125,-326.7060241699219,-191.00741577148438,-328.4723205566406,62.376182556152344,-330.81005859375,-191.14036305745444,-328.6628011067708,0.46363261978808085,17.71616924097885,3,False,False,696.5613658305913
high_6p0s_rep1,314,10.489387545152434,9.019537061118335,False,-444.7778015136719,-326.674072265625,-191.04405212402344,-328.4768981933594,62.39042663574219,-330.7656555175781,-191.14380900065103,-328.6388753255208,0.46222407695856127,18.720984159044924,3,False,False,696.5613658305913
high_6p0s_rep1,315,10.522793237971392,9.052942753937293,False,-445.1794738769531,-326.8644714355469,-191.4656982421875,-328.76226806640625,62.08101272583008,-330.815673828125,-191.52138646443686,-328.8141377766927,0.4462847958810925,21.270560509442635,3,False,False,696.5613658305913
high_6p0s_rep1,316,10.556198930790348,9.086348446756249,False,-446.45745849609375,-327.1991271972656,-192.80230712890625,-329.02685546875,60.68489074707031,-331.0303955078125,-192.85829162597656,-329.08545939127606,0.43283967265245193,24.709525463686962,3,False,False,696.5613658305913
high_6p0s_rep1,317,10.589604623609306,9.119754139575207,False,-447.83428955078125,-327.01776123046875,-194.30699157714844,-329.2508850097656,59.305076599121094,-331.31500244140625,-194.2787348429362,-329.1945495605469,0.4854836932454429,28.546479770787663,3,False,False,696.5613658305913
high_6p0s_rep1,318,10.623010316428262,9.153159832394163,False,-448.476318359375,-326.5909118652344,-194.87332153320312,-328.7816162109375,58.778499603271484,-331.2692565917969,-194.8570467631022,-328.88059488932294,0.5284164854112006,29.090769426607554,3,False,False,696.5613658305913
high_6p0s_rep1,319,10.656416009247218,9.186565525213119,False,-449.24176025390625,-326.53851318359375,-195.7053680419922,-328.90655517578125,57.902587890625,-331.2816162109375,-195.68151346842447,-328.9088948567708,0.5358471666140986,25.987379721728338,3,False,False,696.5613658305913
high_6p0s_rep1,320,10.689821702066176,9.219971218032077,False,-450.1349792480469,-326.56988525390625,-196.5105438232422,-328.8479309082031,57.086029052734375,-331.2633361816406,-196.51983133951822,-328.8937174479167,0.5301579595670439,24.190750337091835,3,False,False,696.5613658305913
high_6p0s_rep1,321,10.723227394885132,9.253376910851033,False,-451.1770324707031,-326.7601623535156,-197.51332092285156,-328.8171691894531,55.95689392089844,-331.26483154296875,-197.57781982421875,-328.9473876953125,0.5089222619561609,24.577487870107706,3,False,False,696.5613658305913
high_6p0s_rep1,322,10.75663308770409,9.286782603669991,False,-451.8017578125,-326.7078552246094,-198.2659149169922,-328.8535461425781,55.34626007080078,-331.3325500488281,-198.24047088623047,-328.9646504720052,0.5224670927753288,22.85897413051948,3,False,False,696.5613658305913
high_6p0s_rep1,323,10.790038780523046,9.320188296488947,False,-452.5853271484375,-326.7569580078125,-198.99794006347656,-328.8819885253906,54.65407180786133,-331.2652587890625,-198.97639846801758,-328.9680684407552,0.5092266230665554,19.576723883530487,3,False,False,696.5613658305913
high_6p0s_rep1,324,10.823444473342002,9.353593989307903,False,-453.3818054199219,-326.7213134765625,-199.81581115722656,-328.9274597167969,53.88029098510742,-331.30706787109375,-199.77244186401367,-328.9852803548177,0.5179516019005512,19.13344938160821,3,False,False,696.5613658305913
high_6p0s_rep1,325,10.85685016616096,9.386999682126861,False,-453.6244201660156,-326.5402526855469,-200.1153106689453,-328.76153564453125,53.54442596435547,-331.1752624511719,-200.06510162353516,-328.82568359375,0.5236108378912209,20.182620678767382,3,False,False,696.5613658305913
high_6p0s_rep1,326,10.890255858979916,9.420405374945817,False,-454.16778564453125,-326.4040832519531,-200.5860137939453,-328.7414855957031,53.036930084228516,-331.2467346191406,-200.57228978474936,-328.7974344889323,0.5470277498346453,19.98456048196398,3,False,False,696.5613658305913
high_6p0s_rep1,327,10.923661551798872,9.453811067764773,False,-455.21148681640625,-326.4562683105469,-201.68666076660156,-328.6832580566406,51.98516082763672,-331.095947265625,-201.63766225179037,-328.7451578776042,0.5241095519994143,20.531792511511462,3,False,False,696.5613658305913
high_6p0s_rep1,328,10.95706724461783,9.487216760583731,False,-455.8642272949219,-326.485107421875,-202.40574645996094,-328.7256164550781,51.3059196472168,-331.1360778808594,-202.32135136922201,-328.7822672526042,0.5254124475817571,23.669870252319093,3,False,False,696.5613658305913
high_6p0s_rep1,329,10.990472937436786,9.520622453402687,False,-456.66455078125,-326.3548889160156,-203.16514587402344,-328.6873474121094,50.519287109375,-331.21160888671875,-203.1034698486328,-328.75128173828125,0.5486394296892458,27.4284919476152,3,False,False,696.5613658305913
high_6p0s_rep1,330,11.023878630255744,9.554028146221645,False,-457.14520263671875,-326.21759033203125,-203.70932006835938,-328.64532470703125,50.0759391784668,-331.05023193359375,-203.5928611755371,-328.63771565755206,0.5458794338633336,27.043360729880543,3,False,False,696.5613658305913
high_6p0s_rep1,331,11.0572843230747,9.587433839040601,False,-458.4714050292969,-326.2079772949219,-205.0593719482422,-328.70733642578125,48.675933837890625,-331.24652099609375,-204.9516143798828,-328.7206115722656,0.5692187832963068,25.05051726908398,3,False,False,696.5613658305913
high_6p0s_rep1,332,11.090690015893657,9.620839531859557,False,-460.02081298828125,-326.5254211425781,-206.4591827392578,-328.8433532714844,47.216949462890625,-331.4197692871094,-206.42101542154947,-328.9295145670573,0.5528310597467256,25.136816747913837,3,False,False,696.5613658305913
high_6p0s_rep1,333,11.124095708712614,9.654245224678515,False,-460.1259765625,-326.09075927734375,-206.682373046875,-328.52459716796875,47.092288970947266,-331.1687927246094,-206.57202021280924,-328.59471638997394,0.5735995416422884,25.036498171495932,3,False,False,696.5613658305913
high_6p0s_rep1,334,11.15750140153157,9.687650917497471,False,-460.76666259765625,-325.9931945800781,-207.3809814453125,-328.4844055175781,46.484344482421875,-331.1404113769531,-207.22109985351562,-328.5393371582031,0.5813762280513552,23.50868298474229,3,False,False,696.5613658305913
high_6p0s_rep1,335,11.190907094350528,9.72105661031643,False,-461.3814392089844,-325.9313049316406,-207.95216369628906,-328.40509033203125,45.71652603149414,-331.2106628417969,-207.87235895792642,-328.51568603515625,0.5964804036396568,25.177952883575053,3,False,False,696.5613658305913
high_6p0s_rep1,336,11.224312787169485,9.754462303135385,False,-462.578125,-325.96942138671875,-209.13397216796875,-328.3463439941406,44.60490036010742,-331.164794921875,-209.0357322692871,-328.49352010091144,0.5868937851125099,28.039896653308116,3,False,False,696.5613658305913
high_6p0s_rep1,337,11.25771847998844,9.787867995954342,False,-463.7164611816406,-326.142822265625,-210.293701171875,-328.5799255371094,43.439754486083984,-331.18280029296875,-210.19013595581055,-328.6351826985677,0.5693708473184681,28.71996943407588,3,False,False,696.5613658305913
high_6p0s_rep1,338,11.291124172807399,9.8212736887733,False,-464.716796875,-326.26202392578125,-211.41818237304688,-328.7838439941406,42.49367141723633,-331.3453063964844,-211.21376927693686,-328.79705810546875,0.5742012423771511,28.08880933427862,3,False,False,696.5613658305913
high_6p0s_rep1,339,11.324529865626355,9.854679381592256,False,-465.503173828125,-325.99639892578125,-212.0008544921875,-328.60308837890625,41.66521072387695,-331.2874755859375,-211.94627253214517,-328.6289876302083,0.5977213352940242,25.611593300241584,3,False,False,696.5613658305913
high_6p0s_rep1,340,11.35793555844531,9.888085074411212,False,-466.2841796875,-326.07757568359375,-212.84417724609375,-328.5704345703125,40.904483795166016,-331.2688903808594,-212.74129104614258,-328.6389668782552,0.5864287931569232,24.55965853176811,3,False,False,696.5613658305913
high_6p0s_rep1,341,11.391341251264269,9.92149076723017,False,-467.099365234375,-326.0400695800781,-213.67601013183594,-328.4386901855469,40.12519073486328,-331.1730041503906,-213.55006154378256,-328.5505879720052,0.5797933979667621,25.812553999994602,3,False,False,696.5613658305913
high_6p0s_rep1,342,11.424746944083225,9.954896460049126,False,-467.76068115234375,-325.98590087890625,-214.31350708007812,-328.45941162109375,39.37957763671875,-331.161865234375,-214.23153686523438,-328.5357259114583,0.5847506893514428,28.254453936440957,3,False,False,696.5613658305913
high_6p0s_rep1,343,11.458152636902183,9.988302152868084,False,-468.9622497558594,-326.15753173828125,-215.4046630859375,-328.4677429199219,38.23683547973633,-331.24468994140625,-215.37669245402017,-328.6233215332031,0.5746519066715237,30.25594180956992,3,False,False,696.5613658305913
high_6p0s_rep1,344,11.491558329721139,10.02170784568704,False,-469.9842529296875,-326.1582946777344,-216.43804931640625,-328.58941650390625,37.20366668701172,-331.321533203125,-216.40621185302734,-328.6897481282552,0.5832582871287466,31.56682449817784,3,False,False,696.5613658305913
high_6p0s_rep1,345,11.524964022540095,10.055113538505996,False,-471.29449462890625,-326.1450500488281,-217.76495361328125,-328.63482666015625,35.89960479736328,-331.22308349609375,-217.7199478149414,-328.6676534016927,0.573626869921119,29.719150829354163,3,False,False,696.5613658305913
high_6p0s_rep1,346,11.558369715359053,10.088519231324954,False,-472.2708740234375,-326.1137390136719,-218.692626953125,-328.5723571777344,34.92766571044922,-331.3600158691406,-218.6786117553711,-328.6820373535156,0.5926255282935117,24.691243159663873,3,False,False,696.5613658305913
high_6p0s_rep1,347,11.591775408178009,10.12192492414391,False,-473.1336364746094,-326.0479736328125,-219.74363708496094,-328.6148376464844,33.93296432495117,-331.31817626953125,-219.6481030782064,-328.6603291829427,0.595482911698612,21.743943906810962,3,False,False,696.5613658305913
high_6p0s_rep1,348,11.625181100996967,10.155330616962868,False,-473.3924865722656,-325.9269104003906,-219.90077209472656,-328.4051513671875,33.629215240478516,-331.19384765625,-219.88801447550455,-328.5086364746094,0.5951666773288363,21.246087040003555,3,False,False,696.5613658305913
high_6p0s_rep1,349,11.658586793815923,10.188736309781824,False,-473.64544677734375,-325.98211669921875,-220.20449829101562,-328.4440002441406,33.420433044433594,-331.1883544921875,-220.14317067464194,-328.5381571451823,0.5882568384124086,22.748810211741507,3,False,False,696.5613658305913
high_6p0s_rep1,350,11.691992486634879,10.22214200260078,False,-474.7651062011719,-325.8493957519531,-221.37782287597656,-328.48834228515625,32.40281677246094,-331.2025451660156,-221.2467041015625,-328.513427734375,0.6047335908671347,26.512056724732464,3,False,False,696.5613658305913
high_6p0s_rep1,351,11.725398179453837,10.255547695419738,False,-475.74737548828125,-325.774169921875,-222.34713745117188,-328.31536865234375,31.346738815307617,-331.2448425292969,-222.24925804138184,-328.4447937011719,0.6180988561131063,31.197566111544873,3,False,False,696.5613658305913
high_6p0s_rep1,352,11.758803872272793,10.288953388238694,False,-477.07391357421875,-325.8542175292969,-223.8913116455078,-328.48687744140625,29.934661865234375,-331.23419189453125,-223.6768544514974,-328.5250956217448,0.607954719732763,33.853031754982396,3,False,False,696.5613658305913
high_6p0s_rep1,353,11.79220956509175,10.32235908105765,False,-478.11376953125,-325.857177734375,-224.93113708496094,-328.4846496582031,28.89750862121582,-331.28582763671875,-224.71579933166504,-328.5425516764323,0.6134515264579765,33.73229165845528,3,False,False,696.5613658305913
high_6p0s_rep1,354,11.825615257910707,10.355764773876608,False,-479.11956787109375,-325.7678527832031,-226.01559448242188,-328.39947509765625,27.923715591430664,-331.2611083984375,-225.73714892069498,-328.4761454264323,0.6207123920712049,30.883284055748735,3,False,False,696.5613658305913
high_6p0s_rep1,355,11.859020950729663,10.389170466695564,False,-480.3484802246094,-325.8065185546875,-227.23330688476562,-328.498046875,26.69709014892578,-331.2513732910156,-226.96156565348306,-328.5186462402344,0.615240964934842,26.787714891517293,3,False,False,696.5613658305913
high_6p0s_rep1,356,11.892426643548621,10.422576159514522,False,-481.205078125,-325.80194091796875,-227.99298095703125,-328.4607238769531,25.789352416992188,-331.2656555175781,-227.8029022216797,-328.5094401041667,0.617434137783599,21.65447557141284,3,False,False,696.5613658305913
high_6p0s_rep1,357,11.925832336367577,10.455981852333478,False,-481.7925720214844,-325.7689208984375,-228.69406127929688,-328.3458557128906,25.166677474975586,-331.2224426269531,-228.43998527526855,-328.44573974609375,0.6163251324765305,17.69945138145901,3,False,False,696.5613658305913
high_6p0s_rep1,358,11.959238029186533,10.489387545152434,False,-482.18560791015625,-325.739013671875,-229.16297912597656,-328.4629821777344,24.644716262817383,-331.3167724609375,-228.90129025777182,-328.5062561035156,0.6305248946250116,21.0069173525797,3,False,False,696.5613658305913
high_6p0s_rep1,359,11.992643722005491,10.522793237971392,False,-482.188232421875,-325.771240234375,-228.94598388671875,-328.3739929199219,24.777759552001953,-331.29925537109375,-228.7854855855306,-328.4814961751302,0.6247349708192673,27.904140173401853,3,False,False,696.5613658305913
high_6p0s_rep1,360,12.026049414824447,10.556198930790348,False,-483.18096923828125,-325.6816711425781,-230.0792236328125,-328.443603515625,23.78263282775879,-331.15765380859375,-229.82585334777832,-328.4276428222656,0.618858026377,30.59531968681712,3,False,False,696.5613658305913
high_6p0s_rep1,361,12.059455107643405,10.589604623609306,False,-485.26092529296875,-325.5832824707031,-232.2613067626953,-328.29449462890625,21.65386962890625,-331.1059265136719,-231.95612080891928,-328.32790120442706,0.6241910482610199,31.59775748665284,3,False,False,696.5613658305913
high_6p0s_rep1,362,12.092860800462361,10.623010316428262,False,-487.0185546875,-325.43719482421875,-233.85235595703125,-328.1374206542969,20.045896530151367,-331.0455627441406,-233.60833803812662,-328.20672607421875,0.6336920455415668,30.580278561614687,3,False,False,696.5613658305913
high_6p0s_rep1,363,12.126266493281317,10.656416009247218,False,-487.30206298828125,-325.3229675292969,-234.25819396972656,-328.01019287109375,19.699708938598633,-330.899169921875,-233.95351600646973,-328.0774434407552,0.6301358279079466,22.634381183311017,3,False,False,696.5613658305913
high_6p0s_rep1,364,12.159672186100275,10.689821702066176,False,-487.6582336425781,-325.2733459472656,-234.57835388183594,-328.06207275390625,19.370458602905273,-330.9352111816406,-234.28870964050293,-328.0902099609375,0.6397813460878375,13.2076933078029,3,False,False,696.5613658305913
high_6p0s_rep1,365,12.193077878919231,10.723227394885132,False,-487.92547607421875,-325.2126770019531,-234.8402862548828,-327.9488220214844,19.151212692260742,-330.8487243652344,-234.53818321228027,-328.00340779622394,0.636803934091925,9.579993920831779,3,False,False,696.5613658305913
high_6p0s_rep1,366,12.22648357173819,10.75663308770409,False,-488.12677001953125,-325.15557861328125,-235.074462890625,-327.97760009765625,18.786344528198242,-330.8979797363281,-234.804962793986,-328.01038614908856,0.6490289289212489,12.84774355629143,3,False,False,696.5613658305913
high_6p0s_rep1,367,12.259889264557145,10.790038780523046,False,-488.43402099609375,-325.17962646484375,-235.51512145996094,-328.0325012207031,18.434289932250977,-330.9522705078125,-235.17161750793457,-328.05479939778644,0.652504475610989,21.64719005613092,3,False,False,696.5613658305913
high_6p0s_rep1,368,12.293294957376101,10.823444473342002,False,-488.9761047363281,-325.23193359375,-235.70738220214844,-327.8382873535156,17.9119873046875,-330.92352294921875,-235.5904998779297,-327.99791463216144,0.6433182195113626,30.657655758405717,3,False,False,696.5613658305913
high_6p0s_rep1,369,12.32670065019506,10.85685016616096,False,-490.3101806640625,-325.03387451171875,-237.25990295410156,-327.85186767578125,16.739273071289062,-330.8320617675781,-236.943603515625,-327.9059346516927,0.6551573559140255,34.286043158380274,3,False,False,696.5613658305913
high_6p0s_rep1,370,12.360106343014015,10.890255858979916,False,-492.4202575683594,-324.79705810546875,-239.347900390625,-327.67047119140625,14.424108505249023,-330.6967468261719,-239.11468315124512,-327.72142537434894,0.666895050049944,39.703759201970506,3,False,False,696.5613658305913
high_6p0s_rep1,371,12.393512035832972,10.923661551798872,False,-493.72088623046875,-324.8367004394531,-240.71336364746094,-327.7388610839844,13.024654388427734,-330.90521240234375,-240.46986516316733,-327.82692464192706,0.6861106325335586,44.81271537434931,3,False,False,696.5613658305913
high_6p0s_rep1,372,12.42691772865193,10.95706724461783,False,-494.2785339355469,-325.470703125,-241.21087646484375,-327.9903259277344,12.608794212341309,-330.89971923828125,-240.96020539601645,-328.12024943033856,0.6136429130555744,41.16437464568752,3,False,False,696.5613658305913
high_6p0s_rep1,373,12.460323421470886,10.990472937436786,False,-496.34173583984375,-325.7421875,-243.2979736328125,-328.02960205078125,10.444025993347168,-330.6639404296875,-243.06522782643637,-328.14524332682294,0.5564221150966872,36.789995111253404,3,False,False,696.5613658305913
high_6p0s_rep1,374,12.493729114289843,11.023878630255744,False,-497.7182312011719,-325.7012939453125,-244.6453399658203,-328.0511169433594,9.046950340270996,-330.6399230957031,-244.43887360890707,-328.1307779947917,0.5583525857662528,36.73550029435788,3,False,False,696.5613658305913
high_6p0s_rep1,375,12.5271348071088,11.0572843230747,False,-498.6665954589844,-325.6620178222656,-245.663330078125,-328.0146789550781,8.217952728271484,-330.6595458984375,-245.37065760294595,-328.11208089192706,0.5648781175960235,33.09236676783987,3,False,False,696.5613658305913
high_6p0s_rep1,376,12.560540499927756,11.090690015893657,False,-499.84796142578125,-325.4849548339844,-246.76522827148438,-327.9868469238281,7.101659297943115,-330.7022399902344,-246.50384346644083,-328.0580139160156,0.589640182578756,28.64654759834373,3,False,False,696.5613658305913
high_6p0s_rep1,377,12.593946192746714,11.124095708712614,False,-500.4420166015625,-325.3155822753906,-247.40443420410156,-327.7876281738281,6.252524375915527,-330.7207336425781,-247.19797547658285,-327.9413146972656,0.6111781153669907,27.983280700890088,3,False,False,696.5613658305913
high_6p0s_rep1,378,12.62735188556567,11.15750140153157,False,-501.1380920410156,-325.41741943359375,-248.14854431152344,-327.91064453125,5.640059947967529,-330.6927185058594,-247.88219213485718,-328.0069274902344,0.5963979602201276,26.407039343052197,3,False,False,696.5613658305913
high_6p0s_rep1,379,12.660757578384628,11.190907094350528,False,-502.4991455078125,-325.3177490234375,-249.50241088867188,-327.9033203125,4.427095413208008,-330.53753662109375,-249.19148699442545,-327.91953531901044,0.5899501859341685,26.868850942194555,3,False,False,696.5613658305913
high_6p0s_rep1,380,12.694163271203584,11.224312787169485,False,-503.29962158203125,-325.3064270019531,-250.1694793701172,-327.7394104003906,3.570941925048828,-330.486083984375,-249.9660530090332,-327.84397379557294,0.5854791660740111,29.627377935879135,3,False,False,696.5613658305913
high_6p0s_rep1,381,12.72756896402254,11.25771847998844,False,-503.9752197265625,-325.3401794433594,-251.01832580566406,-327.7550354003906,2.803838014602661,-330.3355712890625,-250.72990250587463,-327.8102620442708,0.5647541982855511,30.475433004758838,3,False,False,696.5613658305913
high_6p0s_rep1,382,12.760974656841498,11.291124172807399,False,-505.2285461425781,-325.2601318359375,-252.23385620117188,-327.6636962890625,1.6194756031036377,-330.2309875488281,-251.9476422468821,-327.71827189127606,0.5619039826213376,30.961068957339563,3,False,False,696.5613658305913
high_6p0s_rep1,383,12.794380349660454,11.324529865626355,False,-506.2261962890625,-325.1921691894531,-253.40090942382812,-327.6089782714844,0.537837028503418,-330.0877380371094,-253.02975622812906,-327.62962849934894,0.5534858230929507,31.645791238149556,3,False,False,696.5613658305913
high_6p0s_rep1,384,12.82778604247941,11.35793555844531,False,-507.50433349609375,-325.1501159667969,-254.53611755371094,-327.60931396484375,-0.6329062581062317,-330.0749206542969,-254.2244524359703,-327.6114501953125,0.5566730134737139,29.010332808234295,3,False,False,696.5613658305913
high_6p0s_rep1,385,12.861191735298368,11.391341251264269,False,-508.58203125,-325.03656005859375,-255.54969787597656,-327.49151611328125,-1.6958123445510864,-330.0413513183594,-255.27584715684256,-327.5231424967448,0.5656971684055979,26.725797765604746,3,False,False,696.5613658305913
high_6p0s_rep1,386,12.894597428117324,11.424746944083225,False,-509.24285888671875,-324.9581298828125,-256.3227233886719,-327.46685791015625,-2.4092302322387695,-330.03240966796875,-255.9916041692098,-327.4857991536458,0.5736105222753285,27.788231572057306,3,False,False,696.5613658305913
high_6p0s_rep1,387,12.928003120936282,11.458152636902183,False,-509.666259765625,-325.11798095703125,-256.7055969238281,-327.55108642578125,-2.759273052215576,-330.0151672363281,-256.3770432472229,-327.56141153971356,0.5535125451614197,28.821379565010474,3,False,False,696.5613658305913
high_6p0s_rep1,388,12.961408813755238,11.491558329721139,False,-510.8934020996094,-325.10455322265625,-257.81787109375,-327.5339660644531,-3.8736062049865723,-329.8935241699219,-257.528293132782,-327.51068115234375,0.5411616397882218,29.82433200666061,3,False,False,696.5613658305913
high_6p0s_rep1,389,12.994814506574194,11.524964022540095,False,-512.3200073242188,-324.8988342285156,-259.31072998046875,-327.39703369140625,-5.395563125610352,-329.8450012207031,-259.0087668100993,-327.3802897135417,0.5590290699757753,32.29256687787841,3,False,False,696.5613658305913
high_6p0s_rep1,390,13.028220199393152,11.558369715359053,False,-513.3767700195312,-324.6075439453125,-260.4333801269531,-327.20648193359375,-6.5483927726745605,-329.81085205078125,-260.1195143063863,-327.2082926432292,0.5882013199349261,35.35205792739106,3,False,False,696.5613658305913
high_6p0s_rep1,391,13.061625892212108,11.591775408178009,False,-514.410400390625,-324.6456604003906,-261.45269775390625,-327.1806945800781,-7.469787120819092,-329.7283935546875,-261.11096175511676,-327.18491617838544,0.5744448021849944,38.29158111073767,3,False,False,696.5613658305913
high_6p0s_rep1,392,13.095031585031066,11.625181100996967,False,-515.3345947265625,-324.46575927734375,-262.3804931640625,-327.05181884765625,-8.420636177062988,-329.70196533203125,-262.045241355896,-327.07318115234375,0.59182003722663,40.206439296861184,3,False,False,696.5613658305913
high_6p0s_rep1,393,13.128437277850022,11.658586793815923,False,-517.019287109375,-323.78155517578125,-263.9601135253906,-326.766357421875,-10.029684066772461,-329.63623046875,-263.6696949005127,-326.72804768880206,0.6616176598432892,36.487351704183425,3,False,False,696.5613658305913
high_6p0s_rep1,394,13.161842970668978,11.691992486634879,False,-518.9817504882812,-323.1791687011719,-265.985107421875,-326.3246765136719,-12.009941101074219,-329.4381408691406,-265.65893300374347,-326.3139953613281,0.7073262547813007,25.725037889596873,3,False,False,696.5613658305913
high_6p0s_rep1,395,13.195248663487936,11.725398179453837,False,-520.2257080078125,-322.85577392578125,-267.1920166015625,-326.00946044921875,-13.284038543701172,-329.1375427246094,-266.9005877176921,-326.0009256998698,0.7099444406733357,10.409749973062922,3,False,False,696.5613658305913
high_6p0s_rep1,396,13.228654356306892,11.758803872272793,False,-519.8952026367188,-323.237548828125,-266.7976379394531,-326.2558288574219,-12.863382339477539,-329.25006103515625,-266.5187409718831,-326.24781290690106,0.6793960734717919,-5.668375453000102,3,False,False,696.5613658305913
high_6p0s_rep1,397,13.26206004912585,11.792209565091751,False,-518.6121826171875,-323.29766845703125,-265.5103759765625,-326.2833557128906,-11.570709228515625,-329.447021484375,-265.23108927408856,-326.3426818847656,0.6948439542505309,-16.507121041254884,3,False,False,696.5613658305913
high_6p0s_rep1,398,13.295465741944806,11.825615257910707,False,-517.3372192382812,-323.4692077636719,-264.2497253417969,-326.35955810546875,-10.296943664550781,-329.2555236816406,-263.96129608154297,-326.36142985026044,0.6538279226848882,-19.361982939942603,3,False,False,696.5613658305913
high_6p0s_rep1,399,13.328871434763762,11.859020950729663,False,-516.9190063476562,-324.1127624511719,-263.7538757324219,-326.4627990722656,-9.748433113098145,-328.7580261230469,-263.4737717310588,-326.4445292154948,0.5247673562879747,-12.01530967751939,3,False,False,696.5613658305913
high_6p0s_rep1,400,13.36227712758272,11.892426643548621,False,-516.9126586914062,-324.7521057128906,-263.9316101074219,-326.75225830078125,-9.870023727416992,-328.8683166503906,-263.5714308420817,-326.7908935546875,0.465121308043489,0.7126073264813672,3,False,False,696.5613658305913
high_6p0s_rep1,401,13.395682820401676,11.925832336367577,False,-516.7412719726562,-324.9241638183594,-263.7220764160156,-327.0496826171875,-9.676331520080566,-329.19677734375,-263.3798933029175,-327.05687459309894,0.48277234240748423,7.895814218782045,3,False,False,696.5613658305913
high_6p0s_rep1,402,13.429088513220632,11.959238029186533,True,-517.7119140625,-325.520263671875,-264.70526123046875,-327.5770568847656,-10.651243209838867,-329.9129638671875,-264.35613950093585,-327.6700948079427,0.4963447185744707,9.54020145648469,3,False,False,696.5613658305913
high_6p0s_rep1,403,13.46249420603959,11.992643722005491,True,-518.4632568359375,-325.925048828125,-265.3309631347656,-328.00628662109375,-11.428671836853027,-330.3144836425781,-265.07429726918537,-328.0819396972656,0.4960012872030415,13.675368956912724,3,False,False,696.5613658305913
high_6p0s_rep1,404,13.495899898858546,12.026049414824447,True,-518.3993530273438,-325.8809509277344,-265.2838439941406,-327.98876953125,-11.312068939208984,-330.2929992675781,-264.99842198689777,-328.0542399088542,0.49850465204331607,18.044288637125458,3,False,False,696.5613658305913
high_6p0s_rep1,405,13.529305591677504,12.059455107643405,True,-518.630615234375,-325.83551025390625,-265.4877014160156,-327.91204833984375,-11.58293628692627,-330.1676940917969,-265.23375097910565,-327.9717508951823,0.4895196659609801,20.11463871347849,3,False,False,696.5613658305913
high_6p0s_rep1,406,13.56271128449646,12.092860800462361,True,-519.6947631835938,-326.0983581542969,-266.5725402832031,-328.13214111328125,-12.590471267700195,-330.3370056152344,-266.285924911499,-328.1891682942708,0.47889745508712955,24.429941911512557,3,False,False,696.5613658305913
high_6p0s_rep1,407,13.596116977315416,12.126266493281317,False,-520.8841552734375,-326.35595703125,-267.84161376953125,-328.2770080566406,-13.708013534545898,-330.3886413574219,-267.4779275258382,-328.3405354817708,0.45556346970876577,27.97325264968222,3,False,False,696.5613658305913
high_6p0s_rep1,408,13.629522670134374,12.159672186100275,False,-522.12353515625,-326.57330322265625,-268.9126281738281,-328.4117126464844,-14.979667663574219,-330.50970458984375,-268.6719436645508,-328.4982401529948,0.44471533635017835,26.926089246624564,3,False,False,696.5613658305913
high_6p0s_rep1,409,13.66292836295333,12.193077878919231,False,-522.9291381835938,-326.62359619140625,-269.8904724121094,-328.3362731933594,-15.865690231323242,-330.4415283203125,-269.5617669423421,-328.4671325683594,0.4314001818989186,25.458292964569907,3,False,False,696.5613658305913
high_6p0s_rep1,410,13.696334055772288,12.22648357173819,False,-523.4158935546875,-326.5835876464844,-270.3360595703125,-328.2950439453125,-16.293241500854492,-330.2893981933594,-270.01506487528485,-328.38934326171875,0.4186827858183463,24.511568040610793,3,False,False,696.5613658305913
high_6p0s_rep1,411,13.729739748591244,12.259889264557145,False,-523.907470703125,-326.376708984375,-270.8033752441406,-328.1495666503906,-16.787527084350586,-330.0060729980469,-270.4994576772054,-328.1774495442708,0.4100483380162608,22.049311293437732,3,False,False,696.5613658305913
high_6p0s_rep1,412,13.7631454414102,12.293294957376101,False,-525.0943603515625,-326.7535705566406,-272.15789794921875,-328.298828125,-18.05448341369629,-330.2234802246094,-271.76891390482587,-328.42529296875,0.3920955426856833,20.77299102842688,3,False,False,696.5613658305913
high_6p0s_rep1,413,13.796551134229158,12.32670065019506,False,-525.8810424804688,-326.80816650390625,-272.9229431152344,-328.3009948730469,-18.903663635253906,-330.3199768066406,-272.56921641031903,-328.47637939453125,0.3968790306110202,22.603316872852687,3,False,False,696.5613658305913
high_6p0s_rep1,414,13.829956827048115,12.360106343014015,False,-526.392578125,-326.8597412109375,-273.3954162597656,-328.20745849609375,-19.302663803100586,-330.0899658203125,-273.0302193959554,-328.38572184244794,0.3649761678038431,22.467461425653276,3,False,False,696.5613658305913
high_6p0s_rep1,415,13.86336251986707,12.393512035832972,False,-526.7901000976562,-326.6902160644531,-273.9388732910156,-328.1864929199219,-19.72894859313965,-329.8644104003906,-273.4859739939372,-328.2470397949219,0.35866593738537383,21.02474669091844,3,False,False,696.5613658305913
high_6p0s_rep1,416,13.896768212686029,12.42691772865193,False,-527.8422241210938,-326.9955749511719,-275.04400634765625,-328.43560791015625,-20.85179901123047,-329.9815673828125,-274.57934315999347,-328.4709167480469,0.33744776502486107,22.752146551419937,3,False,False,696.5613658305913
high_6p0s_rep1,417,13.930173905504985,12.460323421470886,False,-528.4849853515625,-326.8536682128906,-275.6492614746094,-328.2109069824219,-21.449071884155273,-329.8905029296875,-275.19443957010907,-328.318359375,0.34316253973388,25.63900724019078,3,False,False,696.5613658305913
high_6p0s_rep1,418,13.963579598323943,12.493729114289843,False,-529.3955078125,-326.9764404296875,-276.6954650878906,-328.2954406738281,-22.410486221313477,-329.9518737792969,-276.16715304056805,-328.4079182942708,0.3362580916900564,27.51222208327998,3,False,False,696.5613658305913
high_6p0s_rep1,419,13.996985291142899,12.5271348071088,False,-530.2869873046875,-326.9334716796875,-277.5166931152344,-328.3817138671875,-23.29470443725586,-329.89324951171875,-277.0327949523926,-328.40281168619794,0.3344840884381449,27.81268868572422,3,False,False,696.5613658305913
high_6p0s_rep1,420,14.030390983961855,12.560540499927756,False,-531.4576416015625,-327.0749206542969,-278.3704833984375,-328.43450927734375,-24.316734313964844,-329.901123046875,-278.0482864379883,-328.4701843261719,0.31929546707953754,25.822890372381192,3,False,False,696.5613658305913
high_6p0s_rep1,421,14.063796676780813,12.593946192746714,False,-532.5684204101562,-327.3155212402344,-279.6459045410156,-328.6876525878906,-25.40871238708496,-329.9766540527344,-279.20767911275226,-328.6599426269531,0.3006356325016443,23.56798723139879,3,False,False,696.5613658305913
high_6p0s_rep1,422,14.097202369599769,12.62735188556567,False,-533.064697265625,-327.3578186035156,-280.4105529785156,-328.72015380859375,-26.09612464904785,-330.05316162109375,-279.8571249643962,-328.7103780110677,0.30461518238328117,24.582617040350517,3,False,False,696.5613658305913
high_6p0s_rep1,423,14.130608062418727,12.660757578384628,False,-533.3712158203125,-327.22686767578125,-280.64215087890625,-328.4966735839844,-26.378982543945312,-329.8154602050781,-280.1307830810547,-328.51300048828125,0.2925372979713924,26.210193160892164,3,False,False,696.5613658305913
high_6p0s_rep1,424,14.164013755237683,12.694163271203584,False,-534.1482543945312,-327.2032470703125,-281.4730224609375,-328.6143493652344,-27.205366134643555,-329.99371337890625,-280.9422143300374,-328.60376993815106,0.3153813403969935,26.847120008680154,3,False,False,696.5613658305913
high_6p0s_rep1,425,14.197419448056639,12.72756896402254,False,-535.5486450195312,-327.38861083984375,-282.884765625,-328.7498779296875,-28.619171142578125,-330.09527587890625,-282.3508605957031,-328.7445882161458,0.30591831331196523,27.67203522806951,3,False,False,696.5613658305913
high_6p0s_rep1,426,14.230825140875597,12.760974656841498,False,-536.8150024414062,-327.55316162109375,-284.2618713378906,-328.7767333984375,-29.90553092956543,-329.9654235839844,-283.6608015696208,-328.7651062011719,0.27265496903045594,29.041276264403894,3,False,False,696.5613658305913
high_6p0s_rep1,427,14.264230833694553,12.794380349660454,False,-537.5060424804688,-327.5108642578125,-284.9668273925781,-328.75189208984375,-30.6445369720459,-329.87347412109375,-284.37246894836426,-328.7120768229167,0.2670682069042969,27.938970950616717,3,False,False,696.5613658305913
high_6p0s_rep1,428,14.297636526513509,12.82778604247941,False,-537.9844970703125,-327.4832763671875,-285.427978515625,-328.7891540527344,-31.16594696044922,-329.9266052246094,-284.8594741821289,-328.73301188151044,0.2762159099072688,23.63070775285216,3,False,False,696.5613658305913
high_6p0s_rep1,429,14.331042219332467,12.861191735298368,False,-539.1251220703125,-327.78179931640625,-286.4102783203125,-328.8274841308594,-32.20948791503906,-329.87664794921875,-285.9149627685547,-328.8286437988281,0.23677569606399507,21.85838435454542,3,False,False,696.5613658305913
high_6p0s_rep1,430,14.364447912151423,12.894597428117324,False,-539.786376953125,-327.6133728027344,-287.3300476074219,-328.75372314453125,-33.01753234863281,-329.9731750488281,-286.71131896972656,-328.78009033203125,0.26679961363605725,24.401632507890547,3,False,False,696.5613658305913
high_6p0s_rep1,431,14.397853604970381,12.928003120936282,False,-540.2803344726562,-327.70819091796875,-287.8004455566406,-328.71417236328125,-33.502254486083984,-329.80706787109375,-287.19434483846027,-328.74314371744794,0.23729539280026618,25.016354521090594,3,False,False,696.5613658305913
high_6p0s_rep1,432,14.431259297789337,12.961408813755238,False,-541.2462158203125,-327.7137145996094,-288.7066345214844,-328.7811279296875,-34.46976089477539,-329.89990234375,-288.14087041219074,-328.7982482910156,0.24716727214943804,24.41217442773203,3,False,False,696.5613658305913
high_6p0s_rep1,433,14.464664990608293,12.994814506574194,False,-542.3554077148438,-327.80706787109375,-289.8774719238281,-328.9338684082031,-35.49494171142578,-330.0058288574219,-289.2426071166992,-328.91558837890625,0.24854756465347574,27.527345046821726,3,False,False,696.5613658305913
high_6p0s_rep1,434,14.498070683427251,13.028220199393152,False,-542.9881591796875,-327.7261047363281,-290.4933166503906,-328.8087158203125,-36.18467330932617,-329.8817443847656,-289.88871637980145,-328.80552164713544,0.24370059133201402,29.980759447074824,3,False,False,696.5613658305913
high_6p0s_rep1,435,14.531476376246207,13.061625892212108,False,-543.93798828125,-327.58172607421875,-291.5333557128906,-328.6884765625,-37.206520080566406,-329.8374938964844,-290.89262135823566,-328.7025655110677,0.2550564355121748,28.408016916081,3,False,False,696.5613658305913
high_6p0s_rep1,436,14.564882069065165,13.095031585031066,False,-545.28857421875,-327.67596435546875,-292.8673095703125,-328.7633361816406,-38.47034454345703,-329.7861022949219,-292.20874277750653,-328.74180094401044,0.23854962676541144,28.443713657103636,3,False,False,696.5613658305913
high_6p0s_rep1,437,14.598287761884121,13.128437277850022,False,-546.1336669921875,-327.36932373046875,-293.8102722167969,-328.7282409667969,-39.481319427490234,-329.7216796875,-293.1417528788249,-328.6064147949219,0.2660188992142893,30.69983295385262,3,False,False,696.5613658305913
high_6p0s_rep1,438,14.631693454703077,13.161842970668978,False,-546.8433227539062,-327.4161376953125,-294.21319580078125,-328.69952392578125,-40.13833999633789,-329.7786560058594,-293.7316195170085,-328.6314392089844,0.2671403517906488,30.922676844491715,3,False,False,696.5613658305913
high_6p0s_rep1,439,14.665099147522035,13.195248663487936,False,-547.9839477539062,-327.59368896484375,-295.39080810546875,-328.72821044921875,-41.32981491088867,-329.85174560546875,-294.9015235900879,-328.72454833984375,0.25535419613458105,31.11580390241984,3,False,False,696.5613658305913
high_6p0s_rep1,440,14.698504840340991,13.228654356306892,False,-549.2217407226562,-327.6415710449219,-296.6603088378906,-328.8084716796875,-42.523868560791016,-329.9010314941406,-296.135306040446,-328.78369140625,0.25549088871299486,32.986422757306606,3,False,False,696.5613658305913
high_6p0s_rep1,441,14.73191053315995,13.26206004912585,False,-550.3657836914062,-327.6507568359375,-297.86370849609375,-328.7972717285156,-43.658485412597656,-329.955810546875,-297.2959925333659,-328.80127970377606,0.2606414761002991,33.55419811286183,3,False,False,696.5613658305913
high_6p0s_rep1,442,14.765316225978905,13.295465741944806,False,-551.4916381835938,-327.6216735839844,-299.0078430175781,-328.8040771484375,-44.84737777709961,-329.9314880371094,-298.44895299275714,-328.78574625651044,0.2612122806212626,30.81626416673264,3,False,False,696.5613658305913
high_6p0s_rep1,443,14.798721918797861,13.328871434763762,False,-552.513427734375,-327.6599426269531,-299.9588317871094,-328.7593994140625,-45.85902786254883,-329.9520263671875,-299.4437624613444,-328.7904561360677,0.2592019900159106,25.402833216573466,3,False,False,696.5613658305913
high_6p0s_rep1,444,14.83212761161682,13.36227712758272,False,-553.4267578125,-327.5393371582031,-300.95416259765625,-328.6756896972656,-46.81425857543945,-329.8953857421875,-300.39839299519855,-328.70347086588544,0.26645743483539497,18.774342755297415,3,False,False,696.5613658305913
high_6p0s_rep1,445,14.865533304435775,13.395682820401676,False,-553.9521484375,-327.6056823730469,-301.5127868652344,-328.8101806640625,-47.333534240722656,-329.9100646972656,-300.93282318115234,-328.7753092447917,0.2606111724402792,15.171796286291254,3,False,False,696.5613658305913
high_6p0s_rep1,446,14.898938997254731,13.429088513220632,False,-554.0203857421875,-327.6490173339844,-301.5472412109375,-328.8456726074219,-47.38577651977539,-329.86627197265625,-300.9844678243001,-328.7869873046875,0.2507497899441046,18.52582065875663,3,False,False,696.5613658305913
high_6p0s_rep1,447,14.93234469007369,13.46249420603959,False,-554.06591796875,-327.6435852050781,-301.62078857421875,-328.834228515625,-47.40982437133789,-329.928955078125,-301.03217697143555,-328.80225626627606,0.25844189372897736,27.352804807660466,3,False,False,696.5613658305913
high_6p0s_rep1,448,14.965750382892645,13.495899898858546,False,-554.9664916992188,-327.63262939453125,-302.57763671875,-328.7795715332031,-48.242218017578125,-329.7782287597656,-301.9287821451823,-328.7301432291667,0.24260344305013015,32.898223867753174,3,False,False,696.5613658305913
high_6p0s_rep1,449,14.999156075711603,13.529305591677504,False,-557.1841430664062,-327.4319152832031,-304.7277526855469,-328.71453857421875,-50.39426040649414,-329.70947265625,-304.10205205281574,-328.61864217122394,0.25749043346431977,31.031944347989203,3,False,False,696.5613658305913
high_6p0s_rep1,450,15.03256176853056,13.56271128449646,False,-559.4526977539062,-327.334228515625,-306.94134521484375,-328.39385986328125,-52.705631256103516,-329.4769592285156,-306.3665580749512,-328.4016825358073,0.24226819043509004,27.58766180500356,3,False,False,696.5613658305913
high_6p0s_rep1,451,15.065967461349516,13.596116977315416,False,-559.505615234375,-327.34820556640625,-307.2109375,-328.5251159667969,-52.9052848815918,-329.3907470703125,-306.5406125386556,-328.4213562011719,0.2310072980840677,23.763641761712332,3,False,False,696.5613658305913
high_6p0s_rep1,452,15.099373154168473,13.629522670134374,False,-558.9469604492188,-327.4120788574219,-306.4228515625,-328.462890625,-52.1575927734375,-329.4825134277344,-305.84246826171875,-328.45249430338544,0.23407456870557158,21.214552634906624,3,False,False,696.5613658305913
high_6p0s_rep1,453,15.13277884698743,13.66292836295333,False,-559.3386840820312,-327.34442138671875,-307.0236511230469,-328.57586669921875,-52.64068603515625,-329.49041748046875,-306.33434041341144,-328.47023518880206,0.24266088346885117,25.080496745762463,3,False,False,696.5613658305913
high_6p0s_rep1,454,15.166184539806387,13.696334055772288,False,-560.7521362304688,-327.17242431640625,-308.2143249511719,-328.32122802734375,-53.93824768066406,-329.30462646484375,-307.63490295410156,-328.26609293619794,0.24104600561239323,28.083784840980936,3,False,False,696.5613658305913
high_6p0s_rep1,455,15.199590232625344,13.729739748591244,False,-563.0227661132812,-326.96575927734375,-310.5756530761719,-328.18389892578125,-56.163307189941406,-329.0830993652344,-309.92057545979816,-328.0775858561198,0.23934434494091283,26.180712327110932,3,False,False,696.5613658305913
high_6p0s_rep1,456,15.2329959254443,13.7631454414102,False,-564.41259765625,-326.85888671875,-312.0313720703125,-327.9734802246094,-57.6507568359375,-328.9024353027344,-311.3649088541667,-327.91160074869794,0.2310475355409009,24.866034623488677,3,False,False,696.5613658305913
high_6p0s_rep1,457,15.266401618263258,13.796551134229158,False,-563.4774169921875,-326.96734619140625,-311.0895080566406,-328.1537170410156,-56.63233947753906,-329.0738830566406,-310.3997548421224,-328.0649820963542,0.2381299181367534,22.182665913291206,3,False,False,696.5613658305913
high_6p0s_rep1,458,15.299807311082214,13.829956827048115,False,-563.5562744140625,-326.84136962890625,-311.2386474609375,-328.1047668457031,-56.77378463745117,-329.1187438964844,-310.5229021708171,-328.02162679036456,0.2574734885465872,19.453098509790962,3,False,False,696.5613658305913
high_6p0s_rep1,459,15.33321300390117,13.86336251986707,False,-564.7840576171875,-326.7587890625,-312.4617004394531,-328.02520751953125,-58.01327896118164,-329.02252197265625,-311.7530123392741,-327.9355061848958,0.2559371701798535,23.27802067801594,3,False,False,696.5613658305913
high_6p0s_rep1,460,15.366618696720128,13.896768212686029,False,-566.21923828125,-326.7000427246094,-313.9532165527344,-327.94171142578125,-59.465763092041016,-328.9852294921875,-313.2127393086751,-327.8756612141927,0.25837152795807966,30.208936152192877,3,False,False,696.5613658305913
high_6p0s_rep1,461,15.400024389539084,13.930173905504985,False,-567.595947265625,-326.8626708984375,-315.2796630859375,-327.9601745605469,-60.83795166015625,-329.0481262207031,-314.57118733723956,-327.9569905598958,0.24709346686433212,31.554080556086046,3,False,False,696.5613658305913
high_6p0s_rep1,462,15.433430082358042,13.963579598323943,False,-567.9248046875,-326.8265380859375,-315.732666015625,-328.06231689453125,-61.25151062011719,-328.9676513671875,-314.96966044108075,-327.95216878255206,0.24212056502978396,27.180053592629495,3,False,False,696.5613658305913
high_6p0s_rep1,463,15.466835775176998,13.996985291142899,False,-568.998291015625,-326.6167907714844,-316.7713317871094,-327.96783447265625,-62.3638801574707,-328.9511413574219,-316.04450098673504,-327.8452555338542,0.2639921157076699,22.432109166936193,3,False,False,696.5613658305913
high_6p0s_rep1,464,15.500241467995954,14.030390983961855,False,-569.7042236328125,-326.4007568359375,-317.5399475097656,-327.982666015625,-63.07264709472656,-329.0965881347656,-316.77227274576825,-327.82667032877606,0.30487301836220193,20.426864343135918,3,False,False,696.5613658305913
high_6p0s_rep1,465,15.533647160814912,14.063796676780813,False,-570.2688598632812,-326.6853942871094,-317.9911193847656,-328.1319580078125,-63.559513092041016,-329.0983581542969,-317.2731641133626,-327.97190348307294,0.27284201792435153,20.50067491097204,3,False,False,696.5613658305913
high_6p0s_rep1,466,15.567052853633868,14.097202369599769,False,-570.9398803710938,-326.5318298339844,-318.7957763671875,-328.1379089355469,-64.27743530273438,-329.1509094238281,-318.0043640136719,-327.9402160644531,0.2961752377002757,26.331568931952702,3,False,False,696.5613658305913
high_6p0s_rep1,467,15.600458546452826,14.130608062418727,False,-571.3435668945312,-326.5281677246094,-319.07965087890625,-328.0227355957031,-64.65744018554688,-329.0558776855469,-318.36021931966144,-327.8689270019531,0.28582963600217853,37.85053194547747,3,False,False,696.5613658305913
high_6p0s_rep1,468,15.633864239271782,14.164013755237683,False,-572.3977661132812,-326.20501708984375,-320.29205322265625,-327.8805847167969,-65.81718444824219,-329.0310974121094,-319.50233459472656,-327.70556640625,0.31963482439274415,43.292781409847954,3,False,False,696.5613658305913
high_6p0s_rep1,469,15.667269932090738,14.197419448056639,False,-575.0707397460938,-325.9880676269531,-322.8781433105469,-327.56268310546875,-68.38316345214844,-328.4317321777344,-322.1106821695964,-327.32749430338544,0.2763252669529022,42.42603728375389,3,False,False,696.5613658305913
high_6p0s_rep1,470,15.700675624909696,14.230825140875597,False,-577.5391845703125,-325.8920593261719,-325.2813720703125,-327.2786865234375,-70.9164047241211,-328.2769775390625,-324.57898712158203,-327.1492411295573,0.26971692580169165,40.534330782754324,3,False,False,696.5613658305913
high_6p0s_rep1,471,15.734081317728652,14.264230833694553,False,-578.0413208007812,-325.6599426269531,-325.9582824707031,-327.3559875488281,-71.48278045654297,-328.4889831542969,-325.1607945760091,-327.1683044433594,0.3199835442079817,34.24080273491663,3,False,False,696.5613658305913
high_6p0s_rep1,472,15.76748701054761,14.29763652651351,False,-578.2642211914062,-325.57696533203125,-326.1150817871094,-327.302001953125,-71.75019836425781,-328.5671081542969,-325.3765004475911,-327.14869181315106,0.3382346114604198,23.837010783167656,3,False,False,696.5613658305913
high_6p0s_rep1,473,15.800892703366566,14.331042219332467,False,-578.994140625,-325.6976318359375,-326.74481201171875,-327.3803405761719,-72.3415298461914,-328.6296081542969,-326.0268274943034,-327.23586018880206,0.3315644484507091,18.65351511077985,3,False,False,696.5613658305913
high_6p0s_rep1,474,15.834298396185522,14.364447912151423,False,-579.9417114257812,-325.7185363769531,-327.7098083496094,-327.4833984375,-73.42218017578125,-328.75506591796875,-327.0245666503906,-327.3190002441406,0.34347785656436086,19.849862190797236,3,False,False,696.5613658305913
high_6p0s_rep1,475,15.86770408900448,14.397853604970381,False,-580.5413208007812,-325.70086669921875,-328.37310791015625,-327.56512451171875,-73.96963500976562,-328.7639465332031,-327.6280212402344,-327.3433125813802,0.3464453558078492,21.682919151845873,3,False,False,696.5613658305913
high_6p0s_rep1,476,15.901109781823436,14.431259297789337,False,-581.2628784179688,-325.6246643066406,-329.0417175292969,-327.4945068359375,-74.72469329833984,-328.8199768066406,-328.34309641520184,-327.31304931640625,0.3614248590322825,22.11397499961054,3,False,False,696.5613658305913
high_6p0s_rep1,477,15.934515474642392,14.464664990608293,False,-581.7105712890625,-325.5007629394531,-329.540771484375,-327.537841796875,-75.22420501708984,-328.8753662109375,-328.82518259684247,-327.3046569824219,0.38174307707415467,22.803320254374245,3,False,False,696.5613658305913
high_6p0s_rep1,478,15.96792116746135,14.498070683427251,False,-582.7998046875,-325.3729248046875,-330.42822265625,-327.316650390625,-76.23639678955078,-328.74951171875,-329.8214747111003,-327.1463623046875,0.38190937424971466,25.245833026745654,3,False,False,696.5613658305913
high_6p0s_rep1,479,16.001326860280308,14.531476376246209,False,-583.5864868164062,-325.33837890625,-331.303466796875,-327.2767333984375,-76.96178436279297,-328.70404052734375,-330.6172459920247,-327.10638427734375,0.3806276488795462,27.25108546341496,3,False,False,696.5613658305913
high_6p0s_rep1,480,16.034732553099264,14.564882069065165,False,-584.6900634765625,-325.1378479003906,-332.2738342285156,-327.170654296875,-77.99494934082031,-328.73211669921875,-331.6529490152995,-327.01353963216144,0.4064238490370886,29.98093073661908,3,False,False,696.5613658305913
high_6p0s_rep1,481,16.06813824591822,14.598287761884121,False,-585.7708129882812,-324.9969177246094,-333.39935302734375,-327.10638427734375,-79.08497619628906,-328.62860107421875,-332.751714070638,-326.91063435872394,0.41066189381896473,34.29683344805803,3,False,False,696.5613658305913
high_6p0s_rep1,482,16.101543938737176,14.631693454703077,False,-586.4955444335938,-325.0409240722656,-334.11859130859375,-327.09149169921875,-79.94580078125,-328.61700439453125,-333.5199788411458,-326.9164733886719,0.4044832880044368,36.15913143752833,3,False,False,696.5613658305913
high_6p0s_rep1,483,16.134949631556132,14.665099147522033,False,-588.1485595703125,-324.913818359375,-335.70452880859375,-327.01165771484375,-81.57295989990234,-328.3358154296875,-335.1420160929362,-326.75376383463544,0.3870360268860228,32.95457812781263,3,False,False,696.5613658305913
high_6p0s_rep1,484,16.168355324375092,14.698504840340993,False,-589.765625,-324.6961669921875,-337.3663024902344,-326.70489501953125,-83.12947082519531,-328.1363220214844,-336.75379943847656,-326.51246134440106,0.38904316875848877,32.28719599905685,3,False,False,696.5613658305913
high_6p0s_rep1,485,16.20176101719405,14.73191053315995,False,-590.5336303710938,-324.701416015625,-338.19921875,-326.6007080078125,-84.05396270751953,-328.05059814453125,-337.5956039428711,-326.45090738932294,0.3788724723303991,29.660817223449286,3,False,False,696.5613658305913
high_6p0s_rep1,486,16.235166710013004,14.765316225978905,False,-590.76318359375,-324.63323974609375,-338.4233093261719,-326.62127685546875,-84.26679992675781,-328.0286865234375,-337.81776428222656,-326.427734375,0.3840932767145814,11.797449361008534,3,False,False,696.5613658305913
high_6p0s_rep1,487,16.26857240283196,14.798721918797861,False,-592.2308349609375,-324.19873046875,-339.83514404296875,-325.9545593261719,-85.65309143066406,-327.3065490722656,-339.23969014485675,-325.8199462890625,0.35150114238996044,-14.064774800384267,3,False,False,696.5613658305913
high_6p0s_rep1,488,16.301978095650917,14.832127611616817,False,-592.3323974609375,-324.8410949707031,-339.8774108886719,-326.2475280761719,-85.78231048583984,-327.0303649902344,-339.3307062784831,-326.03966267903644,0.24762635435537708,-24.345969115659237,3,False,False,696.5613658305913
high_6p0s_rep1,489,16.335383788469876,14.865533304435777,False,-589.4547729492188,-324.28033447265625,-337.1254577636719,-325.739990234375,-82.93815612792969,-326.25750732421875,-336.5061289469401,-325.4259440104167,0.22365126954304693,-20.842869549614203,3,False,False,696.5613658305913
high_6p0s_rep1,490,16.368789481288832,14.898938997254733,False,-586.1441650390625,-322.9223937988281,-333.7680358886719,-324.6863098144531,-79.5223159790039,-326.0038146972656,-333.1448389689128,-324.5375061035156,0.34848523729968134,-19.423937416491146,3,False,False,696.5613658305913
high_6p0s_rep1,491,16.40219517410779,14.93234469007369,False,-587.2277221679688,-323.7943115234375,-334.652099609375,-325.6597595214844,-80.52694702148438,-327.00274658203125,-334.1355895996094,-325.48560587565106,0.3627926775103522,-10.455643200011265,3,False,False,696.5613658305913
high_6p0s_rep1,492,16.435600866926745,14.965750382892645,False,-588.9962158203125,-323.896728515625,-336.5889587402344,-326.48138427734375,-82.29230499267578,-328.6134338378906,-335.9591598510742,-326.3305155436198,0.5333282359843299,9.304645978443565,3,False,False,696.5613658305913
high_6p0s_rep1,493,16.4690065597457,14.999156075711602,False,-589.1492919921875,-324.15570068359375,-336.7325744628906,-326.734375,-82.4857406616211,-328.7648010253906,-336.1225357055664,-326.55162556966144,0.5212032954105644,19.840528813852455,3,False,False,696.5613658305913
high_6p0s_rep1,494,16.50241225256466,15.032561768530561,False,-589.2666015625,-324.301025390625,-336.85040283203125,-326.89886474609375,-82.54755401611328,-328.70361328125,-336.22151947021484,-326.63450113932294,0.49779726901506066,17.201908545482734,3,False,False,696.5613658305913
high_6p0s_rep1,495,16.535817945383616,15.065967461349517,False,-589.5151977539062,-324.37554931640625,-337.1741027832031,-326.9286804199219,-82.92388916015625,-328.854248046875,-336.53772989908856,-326.71949259440106,0.5065303042324834,15.589030971052885,3,False,False,696.5613658305913
high_6p0s_rep1,496,16.569223638202573,15.099373154168473,False,-590.3619384765625,-324.25347900390625,-337.94964599609375,-327.0844421386719,-83.80010986328125,-329.0336608886719,-337.3705647786458,-326.79052734375,0.5406568411912421,18.36760621638098,3,False,False,696.5613658305913
high_6p0s_rep1,497,16.60262933102153,15.13277884698743,False,-591.4512939453125,-323.6023254394531,-339.12017822265625,-327.15960693359375,-84.84033203125,-329.9966735839844,-338.47060139973956,-326.91953531901044,0.7231381382960188,22.938334479588747,3,False,False,696.5613658305913
high_6p0s_rep1,498,16.636035023840485,15.166184539806386,False,-591.7594604492188,-323.3411560058594,-339.4121398925781,-326.6559753417969,-85.28455352783203,-329.6536560058594,-338.81871795654297,-326.5502624511719,0.7140746304570905,25.828742765144042,3,False,False,696.5613658305913
high_6p0s_rep1,499,16.66944071665944,15.199590232625342,False,-592.6172485351562,-323.5367126464844,-340.3332824707031,-326.8922424316406,-86.032958984375,-329.63385009765625,-339.6611633300781,-326.68760172526044,0.6895661457661856,24.895351780597238,3,False,False,696.5613658305913
high_6p0s_rep1,500,16.7028464094784,15.232995925444301,False,-593.7413940429688,-323.7997131347656,-341.3936462402344,-327.0355529785156,-87.14734649658203,-329.80718994140625,-340.7607955932617,-326.8808186848958,0.6794136942524719,23.5023566909076,3,False,False,696.5613658305913
high_6p0s_rep1,501,16.736252102297357,15.266401618263258,False,-594.7605590820312,-323.898681640625,-342.4518127441406,-327.11407470703125,-88.11493682861328,-329.7018127441406,-341.77576955159503,-326.9048563639323,0.6562385348132026,22.787416971798134,3,False,False,696.5613658305913
high_6p0s_rep1,502,16.769657795116313,15.299807311082214,False,-595.258544921875,-323.6889953613281,-343.16180419921875,-327.0677795410156,-88.72523498535156,-329.6212158203125,-342.3818613688151,-326.79266357421875,0.6709838238602461,20.873823473477547,3,False,False,696.5613658305913
high_6p0s_rep1,503,16.80306348793527,15.33321300390117,False,-595.6773071289062,-323.4208984375,-343.44866943359375,-326.9992980957031,-89.14977264404297,-329.848876953125,-342.75858306884766,-326.75635782877606,0.7270607144618304,19.184847664187433,3,False,False,696.5613658305913
high_6p0s_rep1,504,16.836469180754225,15.366618696720126,False,-596.1896362304688,-323.28704833984375,-344.12030029296875,-326.8688659667969,-89.69084167480469,-329.7370910644531,-343.3335927327474,-326.63100179036456,0.7295974928679615,18.693954668960927,3,False,False,696.5613658305913
high_6p0s_rep1,505,16.869874873573185,15.400024389539086,False,-596.9962158203125,-323.3668518066406,-344.80694580078125,-326.94097900390625,-90.38107299804688,-329.73638916015625,-344.06141153971356,-326.68140665690106,0.7203266330852344,20.39625299836023,3,False,False,696.5613658305913
high_6p0s_rep1,506,16.90328056639214,15.433430082358042,False,-597.8645629882812,-323.34283447265625,-345.65106201171875,-327.0550231933594,-91.1363296508789,-329.95684814453125,-344.8839848836263,-326.78490193684894,0.7478042984449111,21.697414053724504,3,False,False,696.5613658305913
high_6p0s_rep1,507,16.936686259211097,15.466835775176998,False,-598.489990234375,-323.3860168457031,-346.24395751953125,-327.0048828125,-91.82152557373047,-329.7781982421875,-345.5184911092122,-326.72303263346356,0.7228110925437272,21.974865051072015,3,False,False,696.5613658305913
high_6p0s_rep1,508,16.970091952030053,15.500241467995954,False,-599.435546875,-323.38616943359375,-347.16998291015625,-327.0606689453125,-92.70085906982422,-329.914794921875,-346.43546295166016,-326.78721110026044,0.7381416758295135,22.286452151371726,3,False,False,696.5613658305913
high_6p0s_rep1,509,17.00349764484901,15.53364716081491,False,-599.8823852539062,-323.3093566894531,-347.6522521972656,-327.0181579589844,-93.18001556396484,-329.8079833984375,-346.9048843383789,-326.7118326822917,0.7347971744952826,24.763375089965972,3,False,False,696.5613658305913
high_6p0s_rep1,510,17.03690333766797,15.56705285363387,False,-600.8357543945312,-323.2266845703125,-348.5661926269531,-326.84912109375,-94.09098052978516,-329.6913146972656,-347.83097585042316,-326.5890401204427,0.7308924532254563,25.110552351127847,3,False,False,696.5613658305913
high_6p0s_rep1,511,17.070309030486925,15.600458546452826,False,-601.5010986328125,-323.17462158203125,-349.4007263183594,-326.94000244140625,-94.7762680053711,-329.73468017578125,-348.55936431884766,-326.61643473307294,0.741709606609444,21.63016958508392,3,False,False,696.5613658305913
high_6p0s_rep1,512,17.10371472330588,15.633864239271782,False,-603.0664672851562,-323.542236328125,-350.949462890625,-327.1225280761719,-96.33053588867188,-329.8399963378906,-350.11548868815106,-326.8349202473958,0.7120404739936288,21.583670183470183,3,False,False,696.5613658305913
high_6p0s_rep1,513,17.137120416124837,15.667269932090738,False,-603.1870727539062,-323.5021057128906,-351.0296936035156,-327.0073547363281,-96.46369171142578,-329.6257629394531,-350.22681935628253,-326.7117411295573,0.6923750683749416,23.695875811570804,3,False,False,696.5613658305913
high_6p0s_rep1,514,17.170526108943793,15.700675624909694,False,-603.3223876953125,-323.0989685058594,-351.1256103515625,-326.8292541503906,-96.56970977783203,-329.7471923828125,-350.33923594156903,-326.5584716796875,0.7516355305092893,23.885398176203125,3,False,False,696.5613658305913
high_6p0s_rep1,515,17.203931801762753,15.734081317728654,False,-604.6061401367188,-323.2411193847656,-352.4265441894531,-326.9608154296875,-97.78771209716797,-329.8294982910156,-351.60679880777997,-326.67714436848956,0.7447737158997667,24.401657249714685,3,False,False,696.5613658305913
high_6p0s_rep1,516,17.23733749458171,15.76748701054761,False,-605.6304931640625,-323.49267578125,-353.57659912109375,-326.9951171875,-98.8908462524414,-329.6068115234375,-352.6993128458659,-326.6982014973958,0.691276432562666,27.997641425957692,3,False,False,696.5613658305913
high_6p0s_rep1,517,17.270743187400665,15.800892703366566,False,-606.8324584960938,-323.57122802734375,-354.84771728515625,-327.07611083984375,-100.1836929321289,-329.6799621582031,-353.95462290445965,-326.77576700846356,0.6907896525927353,29.63977525454641,3,False,False,696.5613658305913
high_6p0s_rep1,518,17.30414888021962,15.834298396185522,False,-607.4601440429688,-323.53216552734375,-355.3892517089844,-327.2015380859375,-100.7682876586914,-329.877197265625,-354.53922780354816,-326.87030029296875,0.7174469729566771,29.093460575669468,3,False,False,696.5613658305913
high_6p0s_rep1,519,17.337554573038577,15.867704089004478,False,-608.2747192382812,-323.91534423828125,-356.2294921875,-327.2270812988281,-101.63468933105469,-329.56201171875,-355.379633585612,-326.90147908528644,0.6385536095174993,28.209926267802754,3,False,False,696.5613658305913
high_6p0s_rep1,520,17.370960265857537,15.901109781823438,False,-609.4332275390625,-324.6888427734375,-357.3206481933594,-327.38739013671875,-102.64944458007812,-329.0480651855469,-356.4677734375,-327.0414326985677,0.4928312523238636,28.745392608876962,3,False,False,696.5613658305913
high_6p0s_rep1,521,17.404365958676493,15.934515474642394,False,-610.486328125,-324.92657470703125,-358.42474365234375,-327.5296325683594,-103.76055908203125,-329.061279296875,-357.5572102864583,-327.17249552408856,0.46750309456918143,30.485671539888948,3,False,False,696.5613658305913
high_6p0s_rep1,522,17.43777165149545,15.96792116746135,False,-611.3856201171875,-325.047119140625,-359.427490234375,-327.6330871582031,-104.74822998046875,-329.1875305175781,-358.52044677734375,-327.28924560546875,0.46822998246733866,31.03463549705069,3,False,False,696.5613658305913
high_6p0s_rep1,523,17.471177344314405,16.001326860280308,False,-612.4134521484375,-324.841064453125,-360.490478515625,-327.5630187988281,-105.8240737915039,-329.1089172363281,-359.5760014851888,-327.17100016276044,0.48268711813837395,32.140313311642274,3,False,False,696.5613658305913
high_6p0s_rep1,524,17.50458303713336,16.03473255309926,False,-613.4221801757812,-324.5772705078125,-361.3232421875,-327.58746337890625,-106.83500671386719,-329.8323669433594,-360.5268096923828,-327.3323669433594,0.5943380781820031,33.563638069967084,3,False,False,696.5613658305913
high_6p0s_rep1,525,17.53798872995232,16.06813824591822,False,-614.5336303710938,-324.4346618652344,-362.60162353515625,-327.5244445800781,-107.92854309082031,-329.76171875,-361.68793233235675,-327.2402750651042,0.6024547243283718,33.52450031232301,3,False,False,696.5613658305913
high_6p0s_rep1,526,17.571394422771277,16.10154393873718,False,-615.9602661132812,-324.88739013671875,-363.8554382324219,-327.6178283691406,-109.40553283691406,-329.5453796386719,-363.07374572753906,-327.35019938151044,0.52684458389404,33.48562139221067,3,False,False,696.5613658305913
high_6p0s_rep1,527,17.604800115590233,16.134949631556132,False,-617.0130004882812,-325.04742431640625,-364.99664306640625,-327.63531494140625,-110.63858795166016,-329.5272216796875,-364.21607716878253,-327.4033203125,0.5068715552749724,33.92157992737576,3,False,False,696.5613658305913
high_6p0s_rep1,528,17.63820580840919,16.168355324375092,False,-617.9464111328125,-324.880615234375,-365.9018859863281,-327.69287109375,-111.39009094238281,-329.69873046875,-365.0794626871745,-327.424072265625,0.5449529158291111,32.992474987869386,3,False,False,696.5613658305913
high_6p0s_rep1,529,17.671611501228146,16.201761017194045,False,-619.128173828125,-325.1474609375,-367.01995849609375,-327.7305908203125,-112.480224609375,-329.3855895996094,-366.20945231119794,-327.4212137858073,0.47927011673776526,30.81816357745664,3,False,False,696.5613658305913
high_6p0s_rep1,530,17.7050171940471,16.235166710013004,False,-620.3035888671875,-325.85064697265625,-368.1459655761719,-327.7273864746094,-113.56153106689453,-328.78607177734375,-367.33702850341797,-327.45470174153644,0.3318958207874594,27.788683407706266,3,False,False,696.5613658305913
high_6p0s_rep1,531,17.73842288686606,16.268572402831964,False,-621.3683471679688,-326.35821533203125,-369.2464599609375,-327.73681640625,-114.72323608398438,-328.0824279785156,-368.4460144042969,-327.3924865722656,0.1949880183994996,24.028299333322327,3,False,False,696.5613658305913
high_6p0s_rep1,532,17.771828579685018,16.301978095650917,False,-622.07958984375,-326.19097900390625,-369.8809814453125,-327.6216125488281,-115.45591735839844,-328.2015686035156,-369.1388295491536,-327.3380533854167,0.22738316400912584,21.646088093396394,3,False,False,696.5613658305913
high_6p0s_rep1,533,17.805234272503974,16.335383788469876,False,-622.3881225585938,-324.956787109375,-370.13623046875,-327.3572692871094,-115.79478454589844,-328.8760986328125,-369.43971252441406,-327.0633850097656,0.4432658541926432,20.860828306719657,3,False,False,696.5613658305913
high_6p0s_rep1,534,17.83863996532293,16.36878948128883,False,-622.8489379882812,-324.0938415527344,-370.5025634765625,-327.20330810546875,-116.27656555175781,-329.6500244140625,-369.8760223388672,-326.9823913574219,0.6284058914410509,21.8076179400617,3,False,False,696.5613658305913
high_6p0s_rep1,535,17.872045658141886,16.40219517410779,False,-623.8345336914062,-323.77520751953125,-371.53704833984375,-327.2972412109375,-117.33287048339844,-330.1535949707031,-370.9014841715495,-327.0753479003906,0.7214889722633531,25.359942314693026,3,False,False,696.5613658305913
high_6p0s_rep1,536,17.905451350960846,16.435600866926748,False,-624.8421630859375,-324.13360595703125,-372.5542297363281,-327.25433349609375,-118.1543960571289,-329.5152893066406,-371.85026295979816,-326.9677429199219,0.6085328447712789,28.39051112465946,3,False,False,696.5613658305913
high_6p0s_rep1,537,17.9388570437798,16.4690065597457,False,-625.9927978515625,-324.9085693359375,-373.7734680175781,-327.2383117675781,-119.29243469238281,-328.7398986816406,-373.0195668538411,-326.96225992838544,0.4332241181647678,29.684630276535486,3,False,False,696.5613658305913
high_6p0s_rep1,538,17.972262736598758,16.50241225256466,False,-627.020263671875,-325.83038330078125,-374.69036865234375,-327.2050476074219,-120.38128662109375,-327.94281005859375,-374.0306396484375,-326.9927469889323,0.2388928642873723,30.54393282354059,3,False,False,696.5613658305913
high_6p0s_rep1,539,18.005668429417714,16.535817945383613,False,-627.6525268554688,-325.23065185546875,-375.46331787109375,-327.1187438964844,-121.19158172607422,-328.26812744140625,-374.7691421508789,-326.8725077311198,0.3436246102003018,30.87870110883015,3,False,False,696.5613658305913
high_6p0s_rep1,540,18.03907412223667,16.569223638202573,False,-628.8679809570312,-324.9369201660156,-376.552734375,-327.06158447265625,-122.35344696044922,-328.28533935546875,-375.92472076416016,-326.7612813313802,0.37876009488624307,30.15138286532364,3,False,False,696.5613658305913
high_6p0s_rep1,541,18.07247981505563,16.602629331021532,False,-630.0230102539062,-324.86480712890625,-377.64093017578125,-326.8976135253906,-123.42737579345703,-327.9794616699219,-377.03043874104816,-326.58062744140625,0.35226184193936394,31.026543017693225,3,False,False,696.5613658305913
high_6p0s_rep1,542,18.105885507874586,16.636035023840485,False,-631.1101684570312,-325.1399841308594,-378.8079833984375,-326.91632080078125,-124.5457534790039,-327.7771911621094,-378.1546351114909,-326.6111653645833,0.29828283046862303,32.85111924308341,3,False,False,696.5613658305913
high_6p0s_rep1,543,18.139291200693542,16.669440716659444,False,-631.9464111328125,-324.1884460449219,-379.5000915527344,-326.5571594238281,-125.45704650878906,-328.3296203613281,-378.9678497314453,-326.35840861002606,0.46845312078590123,32.48629535242846,3,False,False,696.5613658305913
high_6p0s_rep1,544,18.172696893512498,16.702846409478397,False,-633.1592407226562,-323.5588684082031,-380.7695007324219,-326.3868713378906,-126.66094970703125,-328.68841552734375,-380.1965637207031,-326.2113850911458,0.5802415496866415,29.868435376821953,3,False,False,696.5613658305913
high_6p0s_rep1,545,18.206102586331454,16.736252102297357,False,-634.335205078125,-323.506591796875,-382.124755859375,-326.324462890625,-127.9543685913086,-328.42291259765625,-381.47144317626953,-326.08465576171875,0.5562524533475841,26.942101964186715,3,False,False,696.5613658305913
high_6p0s_rep1,546,18.239508279150414,16.769657795116316,False,-635.2391357421875,-323.61334228515625,-382.955810546875,-326.20611572265625,-128.81301879882812,-328.1901550292969,-382.3359883626302,-326.0032043457031,0.517795007185598,23.52345956275931,3,False,False,696.5613658305913
high_6p0s_rep1,547,18.27291397196937,16.80306348793527,False,-635.7153930664062,-323.2971496582031,-383.4476013183594,-326.173583984375,-129.31753540039062,-328.30084228515625,-382.82684326171875,-325.9238586425781,0.56611839000185,21.072153927117064,3,False,False,696.5613658305913
high_6p0s_rep1,548,18.306319664788326,16.83646918075423,False,-636.04248046875,-323.2913818359375,-383.9835205078125,-326.1489562988281,-129.86151123046875,-328.3188781738281,-383.29583740234375,-325.91973876953125,0.5690550764869552,23.463523448008587,3,False,False,696.5613658305913
high_6p0s_rep1,549,18.339725357607282,16.86987487357318,False,-636.6096801757812,-323.2828674316406,-384.2549743652344,-326.0163269042969,-130.3155975341797,-328.21295166015625,-383.72675069173175,-325.83738199869794,0.5579051800869944,30.0340761725502,3,False,False,696.5613658305913
high_6p0s_rep1,550,18.373131050426238,16.90328056639214,False,-637.9829711914062,-323.5605773925781,-385.4918518066406,-326.00665283203125,-131.4668426513672,-327.9718322753906,-384.9805552164714,-325.8463541666667,0.4989769983331965,38.90011433754473,3,False,False,696.5613658305913
high_6p0s_rep1,551,18.406536743245198,16.9366862592111,False,-639.5365600585938,-323.5369873046875,-387.3476257324219,-325.9567565917969,-133.11090087890625,-327.5453186035156,-386.66502888997394,-325.6796875,0.4534834808097384,48.753815627573296,3,False,False,696.5613658305913
high_6p0s_rep1,552,18.439942436064154,16.970091952030053,False,-641.39111328125,-323.98175048828125,-389.20526123046875,-326.13360595703125,-134.99630737304688,-327.3970642089844,-388.53089396158856,-325.8374735514323,0.38641805312136457,53.090364438746796,3,False,False,696.5613658305913
high_6p0s_rep1,553,18.47334812888311,17.003497644849013,False,-643.379150390625,-323.92822265625,-391.371826171875,-326.3134460449219,-137.00894165039062,-327.585205078125,-390.5866394042969,-325.9422912597656,0.4137802979678894,48.89084726297624,3,False,False,696.5613658305913
high_6p0s_rep1,554,18.506753821702066,17.036903337667965,False,-645.5875854492188,-323.54541015625,-393.38287353515625,-326.10260009765625,-139.19703674316406,-327.8726501464844,-392.7224985758464,-325.84022013346356,0.48959553940127404,41.76179165687534,3,False,False,696.5613658305913
high_6p0s_rep1,555,18.540159514521022,17.070309030486925,False,-646.5935668945312,-323.4539794921875,-394.4752197265625,-325.97039794921875,-140.09124755859375,-327.789794921875,-393.7200113932292,-325.73805745442706,0.4904574916604169,33.4943229010591,3,False,False,696.5613658305913
high_6p0s_rep1,556,18.57356520733998,17.103714723305877,False,-647.1109008789062,-323.6885070800781,-395.0004577636719,-325.9552001953125,-140.66233825683594,-327.4334716796875,-394.2578989664714,-325.69239298502606,0.4236693932484783,25.938413750677178,3,False,False,696.5613658305913
high_6p0s_rep1,557,18.606970900158938,17.137120416124837,False,-647.7554321289062,-323.7281799316406,-395.5761413574219,-325.8951721191406,-141.33494567871094,-327.4440002441406,-394.8888397216797,-325.6891174316406,0.420395711577129,24.666592691027702,3,False,False,696.5613658305913
high_6p0s_rep1,558,18.640376592977894,17.170526108943797,False,-648.2567749023438,-323.6690368652344,-396.0550231933594,-325.9349365234375,-141.94131469726562,-327.5872497558594,-395.41770426432294,-325.73040771484375,0.4433848029050765,28.298966379341095,3,False,False,696.5613658305913
high_6p0s_rep1,559,18.67378228579685,17.20393180176275,False,-649.3648071289062,-323.77447509765625,-397.2705383300781,-325.9339294433594,-143.03367614746094,-327.39990234375,-396.55634053548175,-325.70276896158856,0.41024167325429894,29.488126911368006,3,False,False,696.5613658305913
high_6p0s_rep1,560,18.707187978615806,17.23733749458171,False,-650.901123046875,-323.6128845214844,-398.9057312011719,-325.74188232421875,-144.57179260253906,-327.30621337890625,-398.126215616862,-325.5536600748698,0.41792641703539196,29.573726006282364,3,False,False,696.5613658305913
high_6p0s_rep1,561,18.740593671434763,17.27074318740066,False,-652.0711669921875,-323.4117431640625,-400.1009826660156,-325.7336120605469,-145.7433319091797,-327.2142028808594,-399.30516052246094,-325.45318603515625,0.43027616269772767,29.436603016455308,3,False,False,696.5613658305913
high_6p0s_rep1,562,18.773999364253722,17.30414888021962,False,-652.49267578125,-323.49090576171875,-400.4925231933594,-325.6393737792969,-146.0916748046875,-327.2065734863281,-399.6922912597656,-325.44561767578125,0.42039462379112014,24.97419826103374,3,False,False,696.5613658305913
high_6p0s_rep1,563,18.80740505707268,17.33755457303858,False,-653.299072265625,-323.5309753417969,-401.215087890625,-325.6250915527344,-146.96652221679688,-327.2341003417969,-400.4935607910156,-325.46338907877606,0.4190322163245475,22.488870715467943,3,False,False,696.5613658305913
high_6p0s_rep1,564,18.840810749891634,17.370960265857533,False,-654.080810546875,-323.57489013671875,-402.1156921386719,-325.6820373535156,-147.74545288085938,-327.1932067871094,-401.31398518880206,-325.48337809244794,0.40943367085908633,27.993903507458533,3,False,False,696.5613658305913
high_6p0s_rep1,565,18.87421644271059,17.404365958676493,False,-654.463623046875,-323.4877624511719,-402.4800720214844,-325.633544921875,-148.1904296875,-327.2456359863281,-401.7113749186198,-325.4556477864583,0.4252769893191626,34.26523243036027,3,False,False,696.5613658305913
high_6p0s_rep1,566,18.907622135529547,17.437771651495446,False,-655.9891967773438,-323.31982421875,-404.0428161621094,-325.38397216796875,-149.66567993164062,-326.9681701660156,-403.23256429036456,-325.22398885091144,0.41284119823494747,35.55839997365938,3,False,False,696.5613658305913
high_6p0s_rep1,567,18.941027828348506,17.471177344314405,False,-657.86181640625,-323.2650146484375,-405.88922119140625,-325.19775390625,-151.59829711914062,-326.672607421875,-405.11644490559894,-325.0451253255208,0.3856444883484961,36.07602936352497,3,False,False,696.5613658305913
high_6p0s_rep1,568,18.974433521167462,17.504583037133365,False,-659.2640380859375,-323.246826171875,-407.3500061035156,-325.1720275878906,-152.9337921142578,-326.4826354980469,-406.5159454345703,-324.9671630859375,0.366155676608176,37.22404995345572,3,False,False,696.5613658305913
high_6p0s_rep1,569,19.00783921398642,17.537988729952318,False,-659.8477172851562,-323.1939392089844,-407.9840393066406,-325.1366271972656,-153.6786346435547,-326.5394287109375,-407.1701304117839,-324.9566650390625,0.37868697303987986,36.80522037271599,3,False,False,696.5613658305913
high_6p0s_rep1,570,19.041244906805375,17.571394422771277,False,-660.5784301757812,-322.97369384765625,-408.72454833984375,-325.16839599609375,-154.41705322265625,-326.5520935058594,-407.90667724609375,-324.89806111653644,0.4050561569564813,35.32855224387633,3,False,False,696.5613658305913
high_6p0s_rep1,571,19.07465059962433,17.60480011559023,False,-662.1913452148438,-322.94830322265625,-410.2665710449219,-325.0097961425781,-155.95872497558594,-326.35577392578125,-409.4722137451172,-324.7712910970052,0.38565421093560487,35.39857540956758,3,False,False,696.5613658305913
high_6p0s_rep1,572,19.10805629244329,17.63820580840919,False,-663.8809204101562,-322.8676452636719,-411.974609375,-324.7847900390625,-157.65997314453125,-326.1416015625,-411.1718343098958,-324.59801228841144,0.37055215494724497,38.20973373264647,3,False,False,696.5613658305913
high_6p0s_rep1,573,19.141461985262247,17.67161150122815,False,-664.9979858398438,-322.6852722167969,-412.97442626953125,-324.54864501953125,-158.8144989013672,-325.8346252441406,-412.2623036702474,-324.35618082682294,0.356476086275609,36.15596448417583,3,False,False,696.5613658305913
high_6p0s_rep1,574,19.174867678081203,17.7050171940471,False,-665.8978881835938,-322.629638671875,-414.03802490234375,-324.4104309082031,-159.81082153320312,-325.4839782714844,-413.24891153971356,-324.1746826171875,0.32314573734393354,28.03856059486302,3,False,False,696.5613658305913
high_6p0s_rep1,575,19.20827337090016,17.73842288686606,False,-667.1580200195312,-322.53369140625,-415.4692077636719,-324.159423828125,-161.14913940429688,-325.1098937988281,-414.5921223958333,-323.93433634440106,0.2917028823078576,15.826362150701582,3,False,False,696.5613658305913
high_6p0s_rep1,576,19.241679063719115,17.771828579685014,False,-667.459716796875,-322.55267333984375,-415.7598876953125,-324.0403137207031,-161.37515258789062,-325.0216979980469,-414.8649190266927,-323.87156168619794,0.27952555776468935,-2.589745651741819,3,False,False,696.5613658305913
high_6p0s_rep1,577,19.275084756538075,17.805234272503974,False,-667.7446899414062,-322.5689392089844,-416.0445556640625,-323.8738098144531,-161.64756774902344,-324.3465576171875,-415.1456044514974,-323.596435546875,0.20124519399681184,-18.937117305983282,3,False,False,696.5613658305913
high_6p0s_rep1,578,19.30849044935703,17.838639965322933,False,-666.2850952148438,-322.3536376953125,-414.4067687988281,-323.8040771484375,-160.03445434570312,-324.3186340332031,-413.575439453125,-323.4921162923177,0.2223906943250273,-27.072655048382437,3,False,False,696.5613658305913
high_6p0s_rep1,579,19.341896142175987,17.872045658141886,False,-663.7796020507812,-322.1356506347656,-411.83294677734375,-323.6809387207031,-157.5994110107422,-324.45123291015625,-411.0706532796224,-323.422607421875,0.2621046188002557,-27.691276753539825,3,False,False,696.5613658305913
high_6p0s_rep1,580,19.375301834994943,17.905451350960846,False,-663.2569580078125,-321.76043701171875,-411.2404479980469,-323.93182373046875,-156.83551025390625,-325.041259765625,-410.4443054199219,-323.5778401692708,0.37118227952708327,-18.61105814241203,3,False,False,696.5613658305913
high_6p0s_rep1,581,19.4087075278139,17.938857043779798,False,-662.8140869140625,-321.1241760253906,-410.70465087890625,-323.99249267578125,-156.38804626464844,-326.1641540527344,-409.96892801920575,-323.76027425130206,0.5701917232346695,-4.030618072269107,3,False,False,696.5613658305913
high_6p0s_rep1,582,19.44211322063286,17.972262736598758,True,-663.4920043945312,-321.6771240234375,-411.5410461425781,-324.5837097167969,-157.34034729003906,-326.7857360839844,-410.7911326090495,-324.34885660807294,0.5782693143403362,6.336982301996619,3,False,False,696.5613658305913
high_6p0s_rep1,583,19.475518913451815,18.005668429417717,True,-664.423828125,-322.3922424316406,-412.4591369628906,-325.1578063964844,-158.25531005859375,-327.4004211425781,-411.71275838216144,-324.9834899902344,0.5668826284646803,13.31566852684988,3,False,False,696.5613658305913
high_6p0s_rep1,584,19.50892460627077,18.03907412223667,True,-664.338623046875,-322.3645324707031,-412.3583679199219,-325.1202087402344,-158.0636444091797,-327.242431640625,-411.5868784586589,-324.9090576171875,0.5520209360080247,18.23632229679746,3,False,False,696.5613658305913
high_6p0s_rep1,585,19.542330299089727,18.07247981505563,True,-664.7741088867188,-322.7142333984375,-412.78033447265625,-325.26531982421875,-158.58053588867188,-327.11688232421875,-412.0449930826823,-325.0321451822917,0.4983209094121947,19.09529749045212,3,False,False,696.5613658305913
high_6p0s_rep1,586,19.575735991908683,18.105885507874582,True,-665.5233764648438,-322.8310241699219,-413.66571044921875,-325.2818908691406,-159.2602081298828,-327.1510925292969,-412.8164316813151,-325.08800252278644,0.4889071377760374,21.51083025638483,3,False,False,696.5613658305913
high_6p0s_rep1,587,19.60914168472764,18.139291200693542,False,-666.7108764648438,-322.92950439453125,-414.8135986328125,-325.6738586425781,-160.5823211669922,-327.55865478515625,-414.0355987548828,-325.38733927408856,0.5240237523376695,24.24881368615889,3,False,False,696.5613658305913
high_6p0s_rep1,588,19.6425473775466,18.1726968935125,False,-667.5557250976562,-322.8896179199219,-415.6348876953125,-325.77655029296875,-161.35101318359375,-327.8249816894531,-414.8472086588542,-325.49704996744794,0.5586011908670557,22.98195621685868,3,False,False,696.5613658305913
high_6p0s_rep1,589,19.675953070365555,18.206102586331454,False,-668.2799072265625,-322.8233642578125,-416.4496154785156,-325.6365661621094,-162.18528747558594,-327.7454528808594,-415.6382700602214,-325.40179443359375,0.5572199392362225,20.340108092188473,3,False,False,696.5613658305913
high_6p0s_rep1,590,19.70935876318451,18.239508279150414,False,-668.6930541992188,-322.6085510253906,-416.9184875488281,-325.62646484375,-162.67071533203125,-327.70367431640625,-416.0940856933594,-325.3128967285156,0.5768899378411125,19.873028150049873,3,False,False,696.5613658305913
high_6p0s_rep1,591,19.742764456003467,18.272913971969366,False,-669.0852661132812,-322.7800598144531,-417.2819519042969,-325.54986572265625,-162.96664428710938,-327.4085998535156,-416.4446207682292,-325.2461751302083,0.5239649468371913,20.35102494580908,3,False,False,696.5613658305913
high_6p0s_rep1,592,19.776170148822423,18.306319664788326,False,-669.8583374023438,-322.7696838378906,-418.0783386230469,-325.5596923828125,-163.66981506347656,-327.4389343261719,-417.20216369628906,-325.256103515625,0.5285002468579317,20.507438944751318,3,False,False,696.5613658305913
high_6p0s_rep1,593,19.809575841641383,18.339725357607286,False,-670.9154663085938,-322.72894287109375,-419.18902587890625,-325.635986328125,-164.85360717773438,-327.5511474609375,-418.3193664550781,-325.30535888671875,0.5459482946893995,22.18239185001972,3,False,False,696.5613658305913
high_6p0s_rep1,594,19.84298153446034,18.373131050426238,False,-671.689697265625,-323.08721923828125,-419.7779846191406,-325.7321472167969,-165.4258575439453,-327.4634704589844,-418.9645131429036,-325.4276123046875,0.4952644457855268,24.21612402824847,3,False,False,696.5613658305913
high_6p0s_rep1,595,19.876387227279295,18.406536743245198,False,-672.310302734375,-322.68536376953125,-420.5055847167969,-325.4210205078125,-166.0395965576172,-327.33367919921875,-419.6184946695964,-325.1466878255208,0.5260453928882897,24.41498738269205,3,False,False,696.5613658305913
high_6p0s_rep1,596,19.90979292009825,18.43994243606415,False,-673.042724609375,-322.8971252441406,-421.1315002441406,-325.4098815917969,-166.81695556640625,-327.29071044921875,-420.3303934733073,-325.19923909505206,0.49726344269849604,23.7566112775289,3,False,False,696.5613658305913
high_6p0s_rep1,597,19.943198612917207,18.47334812888311,False,-674.10693359375,-323.217041015625,-422.1676940917969,-325.64239501953125,-167.9432373046875,-327.28656005859375,-421.4059549967448,-325.3819986979167,0.4606439452806874,24.042367914555665,3,False,False,696.5613658305913
high_6p0s_rep1,598,19.976604305736167,18.50675382170207,False,-674.9616088867188,-322.9278564453125,-423.1461486816406,-325.6507263183594,-168.7069549560547,-327.2972717285156,-422.2715708414714,-325.2919514973958,0.494499826683354,25.471090196742363,3,False,False,696.5613658305913
high_6p0s_rep1,599,20.010009998555123,18.540159514521022,False,-675.6792602539062,-323.3003234863281,-423.7162780761719,-325.7442626953125,-169.44956970214844,-327.1351623535156,-422.9483693440755,-325.39324951171875,0.43402408741127896,26.06927896248784,3,False,False,696.5613658305913
high_6p0s_rep1,600,20.04341569137408,18.573565207339982,False,-676.3873291015625,-323.2500915527344,-424.4571228027344,-325.58929443359375,-170.15402221679688,-327.02569580078125,-423.66615804036456,-325.2883605957031,0.4273171572374159,24.639536555903803,3,False,False,696.5613658305913
high_6p0s_rep1,601,20.076821384193035,18.606970900158935,False,-677.489990234375,-323.39019775390625,-425.6160888671875,-325.6841735839844,-171.26849365234375,-326.91265869140625,-424.79152425130206,-325.3290100097656,0.39867704032359635,24.45363030387551,3,False,False,696.5613658305913
high_6p0s_rep1,602,20.11022707701199,18.640376592977894,False,-678.2893676757812,-323.5216979980469,-426.4604797363281,-325.70245361328125,-172.2104949951172,-327.0426025390625,-425.6534474690755,-325.42225138346356,0.39861319337255846,25.49948619674502,3,False,False,696.5613658305913
high_6p0s_rep1,603,20.14363276983095,18.673782285796854,False,-678.9002685546875,-323.5226745605469,-427.07879638671875,-325.6369934082031,-172.78619384765625,-326.9269104003906,-426.2550862630208,-325.36219278971356,0.3853783454242938,25.433315142581588,3,False,False,696.5613658305913
high_6p0s_rep1,604,20.177038462649907,18.707187978615806,False,-679.8509521484375,-323.6827697753906,-427.88018798828125,-325.6531677246094,-173.67013549804688,-326.6878967285156,-427.1337585449219,-325.3412780761719,0.3401532866817678,25.576589330265417,3,False,False,696.5613658305913
high_6p0s_rep1,605,20.210444155468863,18.740593671434766,False,-680.722412109375,-324.1037902832031,-428.7877197265625,-325.7196044921875,-174.4870147705078,-326.52471923828125,-427.9990488688151,-325.4493713378906,0.27399892414257804,27.18258487145155,3,False,False,696.5613658305913
high_6p0s_rep1,606,20.24384984828782,18.77399936425372,False,-681.5584106445312,-324.0784912109375,-429.7450256347656,-325.8043212890625,-175.5609893798828,-326.6385803222656,-428.9548085530599,-325.5071309407552,0.28988497470255137,29.308706823413413,3,False,False,696.5613658305913
high_6p0s_rep1,607,20.277255541106776,18.80740505707268,False,-682.6593017578125,-324.2568664550781,-430.836669921875,-325.8106994628906,-176.60662841796875,-326.50115966796875,-430.03420003255206,-325.5229085286458,0.25409941065767067,30.412922967226855,3,False,False,696.5613658305913
high_6p0s_rep1,608,20.310661233925735,18.840810749891638,False,-683.5701293945312,-324.83782958984375,-431.77337646484375,-325.927978515625,-177.52108764648438,-326.1602478027344,-430.9548645019531,-325.6420186360677,0.14972621944948913,28.576090023337308,3,False,False,696.5613658305913
high_6p0s_rep1,609,20.34406692674469,18.87421644271059,False,-684.8878784179688,-325.2224426269531,-433.04425048828125,-326.0066833496094,-178.7421417236328,-326.2040710449219,-432.2247568766276,-325.8110656738281,0.11112035685722478,24.930865812770797,3,False,False,696.5613658305913
high_6p0s_rep1,610,20.377472619563648,18.90762213552955,False,-685.67236328125,-325.0131530761719,-433.842529296875,-325.8423156738281,-179.68820190429688,-326.2198486328125,-433.0676981608073,-325.6917724609375,0.13664149346049134,23.18445852250998,3,False,False,696.5613658305913
high_6p0s_rep1,611,20.410878312382604,18.941027828348503,False,-685.9581909179688,-324.87371826171875,-434.2760925292969,-325.798828125,-180.06231689453125,-326.123046875,-433.4322001139323,-325.59853108723956,0.14149376369038094,23.41148949089977,3,False,False,696.5613658305913
high_6p0s_rep1,612,20.44428400520156,18.974433521167462,False,-686.3829345703125,-324.9028015136719,-434.78521728515625,-325.8488464355469,-180.4872589111328,-325.82373046875,-433.8851369222005,-325.52512613932294,0.10430072169246114,26.093061564098768,3,False,False,696.5613658305913
high_6p0s_rep1,613,20.47768969802052,19.007839213986422,False,-687.287353515625,-325.21551513671875,-435.7098388671875,-325.905517578125,-181.54937744140625,-325.7510681152344,-434.84885660807294,-325.62403361002606,0.06067354115457017,31.709181335189005,3,False,False,696.5613658305913
high_6p0s_rep1,614,20.511095390839476,19.041244906805375,False,-688.6182861328125,-325.4515380859375,-436.9528503417969,-326.00946044921875,-182.8834686279297,-325.7885437011719,-436.1515350341797,-325.7498474121094,0.03818008153437405,37.30320856150716,3,False,False,696.5613658305913
high_6p0s_rep1,615,20.54450108365843,19.074650599624334,False,-690.3101806640625,-325.7396545410156,-438.7359313964844,-326.0508117675781,-184.52635192871094,-325.71649169921875,-437.85748799641925,-325.8356526692708,-0.002623913617168626,38.23978933801185,3,False,False,696.5613658305913
high_6p0s_rep1,616,20.577906776477388,19.108056292443287,False,-691.7003784179688,-325.9574279785156,-440.07763671875,-326.2374267578125,-185.92723083496094,-325.84173583984375,-439.2350819905599,-326.01219685872394,-0.0131060163727676,33.40608975359545,3,False,False,696.5613658305913
high_6p0s_rep1,617,20.611312469296344,19.141461985262247,False,-693.0146484375,-326.05560302734375,-441.43878173828125,-326.13226318359375,-187.17752075195312,-325.79364013671875,-440.5436503092448,-325.99383544921875,-0.029672330990608745,27.013046286982156,3,False,False,696.5613658305913
high_6p0s_rep1,618,20.6447181621153,19.1748676780812,False,-693.3797607421875,-325.1049499511719,-441.8704528808594,-325.9053955078125,-187.64361572265625,-326.0533447265625,-440.96460978190106,-325.6878967285156,0.10744526524380031,23.660049651783158,3,False,False,696.5613658305913
high_6p0s_rep1,619,20.67812385493426,19.20827337090016,False,-693.66552734375,-325.4159851074219,-441.98095703125,-325.931884765625,-187.93946838378906,-325.5849609375,-441.195317586263,-325.64427693684894,0.01914396415091447,24.249833810556233,3,False,False,696.5613658305913
high_6p0s_rep1,620,20.711529547753216,19.24167906371912,False,-694.260498046875,-325.79742431640625,-442.6245422363281,-325.9285583496094,-188.6277618408203,-325.2163391113281,-441.8376007080078,-325.64744059244794,-0.06584564793236178,29.041586488800085,3,False,False,696.5613658305913
high_6p0s_rep1,621,20.744935240572172,19.27508475653807,False,-695.6151123046875,-325.8149719238281,-444.11712646484375,-325.9206237792969,-189.74407958984375,-325.16522216796875,-443.1587727864583,-325.63360595703125,-0.07359167825569084,36.677171922300296,3,False,False,696.5613658305913
high_6p0s_rep1,622,20.778340933391128,19.30849044935703,False,-697.0025634765625,-325.8106384277344,-445.7135925292969,-325.94781494140625,-191.44619750976562,-325.28814697265625,-444.7207845052083,-325.6822001139323,-0.05921504814165073,40.83515328680639,3,False,False,696.5613658305913
high_6p0s_rep1,623,20.811746626210084,19.341896142175983,False,-698.8157958984375,-326.1726379394531,-447.4523620605469,-326.08026123046875,-193.1988983154297,-325.28265380859375,-446.489018758138,-325.8451843261719,-0.10085161732684914,38.59602591284788,3,False,False,696.5613658305913
high_6p0s_rep1,624,20.845152319029044,19.375301834994943,False,-700.1563720703125,-326.0205993652344,-448.8742980957031,-325.975341796875,-194.7388458251953,-325.26458740234375,-447.9231719970703,-325.7535095214844,-0.08570391840310294,31.580554306758465,3,False,False,696.5613658305913
high_6p0s_rep1,625,20.878558011848,19.408707527813903,False,-700.9560546875,-325.94720458984375,-449.7113342285156,-325.9692077636719,-195.5856475830078,-325.2580261230469,-448.7510121663411,-325.7248128255208,-0.07813475511352654,22.738725064018457,3,False,False,696.5613658305913
high_6p0s_rep1,626,20.911963704666956,19.442113220632855,False,-701.3386840820312,-325.9648742675781,-450.1238708496094,-325.9532470703125,-195.95333862304688,-325.3634033203125,-449.1386311848958,-325.76050821940106,-0.06818901817642513,15.114102161353037,3,False,False,696.5613658305913
high_6p0s_rep1,627,20.945369397485912,19.475518913451815,False,-701.5648803710938,-326.1698303222656,-450.3302001953125,-326.0239562988281,-195.976806640625,-325.31396484375,-449.29062906901044,-325.83591715494794,-0.09699088142517547,15.63579682306908,3,False,False,696.5613658305913
high_6p0s_rep1,628,20.978775090304868,19.508924606270767,False,-701.8002319335938,-326.15911865234375,-450.5043029785156,-326.0315856933594,-196.24107360839844,-325.2449645996094,-449.51520284016925,-325.8118896484375,-0.10360234029965866,23.65510128717025,3,False,False,696.5613658305913
high_6p0s_rep1,629,21.012180783123828,19.542330299089727,False,-702.1250610351562,-326.1119079589844,-450.8781433105469,-325.92230224609375,-196.8346710205078,-325.1305236816406,-449.9459584554036,-325.72157796223956,-0.11128077553192162,31.272476738898057,3,False,False,696.5613658305913
high_6p0s_rep1,630,21.045586475942784,19.575735991908687,False,-704.0890502929688,-325.7742614746094,-452.96392822265625,-325.85186767578125,-198.8014373779297,-325.0906677246094,-451.95147196451825,-325.572265625,-0.0775142945914882,34.684686266329024,3,False,False,696.5613658305913
high_6p0s_rep1,631,21.07899216876174,19.60914168472764,False,-706.0276489257812,-325.5884704589844,-454.81866455078125,-325.6702880859375,-200.67465209960938,-324.92626953125,-453.84032185872394,-325.39500935872394,-0.07507880010819461,33.40427789086147,3,False,False,696.5613658305913
high_6p0s_rep1,632,21.112397861580696,19.6425473775466,False,-707.1268920898438,-325.3811950683594,-456.04595947265625,-325.637451171875,-201.934326171875,-324.9100341796875,-455.0357259114583,-325.30956013997394,-0.05343610414473539,27.4028556124919,3,False,False,696.5613658305913
high_6p0s_rep1,633,21.145803554399652,19.67595307036555,False,-707.5130004882812,-325.3761291503906,-456.3257141113281,-325.4889221191406,-202.23158264160156,-325.00433349609375,-455.3567657470703,-325.289794921875,-0.042159314068446765,20.70452088793619,3,False,False,696.5613658305913
high_6p0s_rep1,634,21.179209247218612,19.70935876318451,False,-707.4664916992188,-325.4237060546875,-456.20623779296875,-325.5601806640625,-202.11724853515625,-325.04541015625,-455.26332600911456,-325.3430989583333,-0.04289064371244517,20.530688645559888,3,False,False,696.5613658305913
high_6p0s_rep1,635,21.212614940037568,19.74276445600347,False,-707.931640625,-325.0419616699219,-456.7011413574219,-325.39544677734375,-202.73187255859375,-325.0603942871094,-455.78821818033856,-325.1659342447917,0.002090482293365966,25.558897023560718,3,False,False,696.5613658305913
high_6p0s_rep1,636,21.246020632856524,19.776170148822423,False,-708.9810180664062,-324.5556335449219,-457.9145202636719,-325.2476501464844,-203.86465454101562,-325.20880126953125,-456.92006429036456,-325.0040283203125,0.07408933025678978,29.362803867922302,3,False,False,696.5613658305913
high_6p0s_rep1,637,21.27942632567548,19.809575841641383,False,-711.005615234375,-324.0643615722656,-459.7251892089844,-325.2054443359375,-205.71240234375,-325.3537902832031,-458.8144022623698,-324.87453206380206,0.14620948960279764,29.866836674409768,3,False,False,696.5613658305913
high_6p0s_rep1,638,21.312832018494436,19.842981534460336,False,-712.2889404296875,-323.8831481933594,-461.0651550292969,-325.2117004394531,-206.9945526123047,-325.466796875,-460.116216023763,-324.8538818359375,0.17957074289409164,30.10053651572148,3,False,False,696.5613658305913
high_6p0s_rep1,639,21.346237711313396,19.876387227279295,False,-712.5661010742188,-324.2018737792969,-461.18267822265625,-325.2660217285156,-207.18939208984375,-325.3771057128906,-460.31272379557294,-324.9483337402344,0.1332386458829069,27.44046318354166,3,False,False,696.5613658305913
high_6p0s_rep1,640,21.379643404132352,19.909792920098255,False,-712.8365478515625,-324.07366943359375,-461.6470947265625,-325.18511962890625,-207.66448974609375,-325.31866455078125,-460.71604410807294,-324.85915120442706,0.1412050016737562,22.29787906719015,3,False,False,696.5613658305913
high_6p0s_rep1,641,21.41304909695131,19.943198612917207,False,-714.1768798828125,-324.03509521484375,-462.9529113769531,-325.1877746582031,-209.01280212402344,-325.2325134277344,-462.0475311279297,-324.81846110026044,0.1358110848343617,24.678803732316286,3,False,False,696.5613658305913
high_6p0s_rep1,642,21.446454789770264,19.976604305736167,False,-714.9735717773438,-324.31298828125,-463.7637634277344,-325.3256530761719,-209.82350158691406,-325.3212890625,-462.8536122639974,-324.9866434733073,0.11436463326599429,33.040352318706184,3,False,False,696.5613658305913
high_6p0s_rep1,643,21.47986048258922,20.01000999855512,False,-715.6396484375,-324.3445739746094,-464.4311828613281,-325.2149353027344,-210.5064697265625,-325.1952819824219,-463.52576700846356,-324.9182637532552,0.09649323073198389,36.8165787727174,3,False,False,696.5613658305913
high_6p0s_rep1,644,21.51326617540818,20.04341569137408,False,-717.298828125,-323.55438232421875,-466.0329895019531,-325.0825500488281,-212.11007690429688,-325.39398193359375,-465.1472981770833,-324.6769714355469,0.2086365293981052,35.97759497209215,3,False,False,696.5613658305913
high_6p0s_rep1,645,21.546671868227136,20.07682138419304,False,-719.1710205078125,-323.2674865722656,-467.75921630859375,-324.86956787109375,-213.8262481689453,-325.2583923339844,-466.9188283284505,-324.46514892578125,0.22572689702758972,34.74615256767661,3,False,False,696.5613658305913
high_6p0s_rep1,646,21.580077561046092,20.11022707701199,False,-720.2515258789062,-323.2048645019531,-469.0953369140625,-324.8428039550781,-215.08387756347656,-325.2548828125,-468.1435801188151,-324.43418375651044,0.2325104403435821,31.727741508919795,3,False,False,696.5613658305913
high_6p0s_rep1,647,21.61348325386505,20.14363276983095,False,-720.9580078125,-323.0259704589844,-469.68609619140625,-324.7748107910156,-215.6842803955078,-325.30987548828125,-468.776128133138,-324.37021891276044,0.2589828457006019,26.617146666565336,3,False,False,696.5613658305913
high_6p0s_rep1,648,21.646888946684005,20.177038462649904,False,-721.3743896484375,-322.9537353515625,-470.1310119628906,-324.756103515625,-216.1259307861328,-325.5433349609375,-469.210444132487,-324.417724609375,0.2936611214231117,22.148682067710254,3,False,False,696.5613658305913
high_6p0s_rep1,649,21.68029463950296,20.210444155468863,False,-722.1220092773438,-322.751953125,-471.025390625,-324.77130126953125,-217.03707885742188,-325.56903076171875,-470.0614929199219,-324.3640950520833,0.3195600893792498,19.808866893205003,3,False,False,696.5613658305913
high_6p0s_rep1,650,21.71370033232192,20.243849848287823,False,-723.083251953125,-322.800537109375,-471.8102111816406,-324.8863830566406,-217.7953643798828,-325.6688232421875,-470.8962758382161,-324.45191446940106,0.32523820327701136,19.559362736612027,3,False,False,696.5613658305913
high_6p0s_rep1,651,21.747106025140877,20.277255541106776,False,-723.6906127929688,-322.73858642578125,-472.4975280761719,-324.96124267578125,-218.50701904296875,-325.790771484375,-471.56505330403644,-324.4968668619792,0.34616166585272945,20.063243285725687,3,False,False,696.5613658305913
high_6p0s_rep1,652,21.780511717959833,20.310661233925735,False,-724.1390991210938,-322.7612609863281,-472.8661193847656,-324.9869384765625,-218.91061401367188,-325.95733642578125,-471.97194417317706,-324.5685119628906,0.36244827123786416,22.480450882759182,3,False,False,696.5613658305913
high_6p0s_rep1,653,21.81391741077879,20.344066926744688,False,-724.7322387695312,-322.7083740234375,-473.49395751953125,-325.1334533691406,-219.4195098876953,-326.1243591308594,-472.54856872558594,-324.6553955078125,0.38732162672982773,27.582214797497652,3,False,False,696.5613658305913
high_6p0s_rep1,654,21.847323103597745,20.377472619563648,False,-725.5494384765625,-322.5664978027344,-474.35186767578125,-325.0513000488281,-220.37559509277344,-326.27264404296875,-473.4256337483724,-324.63014729817706,0.42033595178783445,31.52592436144381,3,False,False,696.5613658305913
high_6p0s_rep1,655,21.880728796416705,20.410878312382607,False,-727.1898193359375,-322.5865173339844,-476.0027160644531,-324.7527770996094,-221.93312072753906,-325.9002685546875,-475.04188537597656,-324.41318766276044,0.37577183556383176,33.26514510371585,3,False,False,696.5613658305913
high_6p0s_rep1,656,21.91413448923566,20.44428400520156,False,-728.78466796875,-322.3006286621094,-477.5313415527344,-324.5595397949219,-223.58441162109375,-325.6499938964844,-476.6334737141927,-324.17005411783856,0.3798526979888504,33.441641850115865,3,False,False,696.5613658305913
high_6p0s_rep1,657,21.947540182054617,20.47768969802052,False,-729.4403076171875,-322.1275939941406,-478.3719482421875,-324.5129089355469,-224.49267578125,-325.82220458984375,-477.4349772135417,-324.15423583984375,0.4192153864366573,32.2950068022738,3,False,False,696.5613658305913
high_6p0s_rep1,658,21.980945874873573,20.511095390839472,False,-730.1201171875,-322.2579345703125,-479.1239013671875,-324.53955078125,-225.34994506835938,-325.7252197265625,-478.19798787434894,-324.1742350260417,0.39356065862681283,29.85426021542644,3,False,False,696.5613658305913
high_6p0s_rep1,659,22.01435156769253,20.54450108365843,False,-730.8114013671875,-322.1661376953125,-479.9191589355469,-324.5770263671875,-226.11231994628906,-325.5687255859375,-478.9476267496745,-324.1039632161458,0.38627169956457924,29.00081196440123,3,False,False,696.5613658305913
high_6p0s_rep1,660,22.04775726051149,20.57790677647739,False,-732.224853515625,-322.1602478027344,-481.2262268066406,-324.4891052246094,-227.4737091064453,-325.5785827636719,-480.3082631429036,-324.0759785970052,0.3880192728791785,30.699973791922453,3,False,False,696.5613658305913
high_6p0s_rep1,661,22.081162953330445,20.611312469296344,False,-733.270751953125,-322.1842956542969,-482.2998046875,-324.436767578125,-228.44979858398438,-325.48419189453125,-481.3401184082031,-324.0350850423177,0.37452374601078026,33.06319092460583,3,False,False,696.5613658305913
high_6p0s_rep1,662,22.1145686461494,20.644718162115304,False,-734.31982421875,-322.17669677734375,-483.3484191894531,-324.3080139160156,-229.5805206298828,-325.42034912109375,-482.416254679362,-323.9683532714844,0.3682000387868299,33.75494184585726,3,False,False,696.5613658305913
high_6p0s_rep1,663,22.147974338968357,20.678123854934256,False,-735.36572265625,-322.1306457519531,-484.4434509277344,-324.3592529296875,-230.60757446289062,-325.3389587402344,-483.4722493489583,-323.9429524739583,0.36417503866415113,31.822217208661776,3,False,False,696.5613658305913
high_6p0s_rep1,664,22.181380031787313,20.711529547753216,False,-736.7620239257812,-322.0765380859375,-485.5669860839844,-324.17901611328125,-231.8260498046875,-325.3064270019531,-484.7183532714844,-323.85399373372394,0.3664949393936689,28.82472631290845,3,False,False,696.5613658305913
high_6p0s_rep1,665,22.214785724606273,20.744935240572175,False,-737.68603515625,-322.14398193359375,-486.7970886230469,-324.1680603027344,-232.95770263671875,-325.161376953125,-485.81360880533856,-323.82447306315106,0.34252473865660593,25.768266136719376,3,False,False,696.5613658305913
high_6p0s_rep1,666,22.24819141742523,20.778340933391128,False,-738.393310546875,-321.9551086425781,-487.3736877441406,-323.9613037109375,-233.6286163330078,-324.88067626953125,-486.4652048746745,-323.5990295410156,0.33207710980737326,21.316047399528063,3,False,False,696.5613658305913
high_6p0s_rep1,667,22.281597110244185,20.811746626210088,False,-738.849853515625,-321.7998962402344,-487.8204650878906,-323.8675231933594,-234.09048461914062,-324.6492614746094,-486.92026774088544,-323.4388936360677,0.3234310806350691,12.669396882813139,3,False,False,696.5613658305913
high_6p0s_rep1,668,22.31500280306314,20.84515231902904,False,-739.4918823242188,-321.5649719238281,-488.451904296875,-323.7375793457031,-234.78512573242188,-325.00787353515625,-487.57630411783856,-323.4368082682292,0.3908421460367627,-1.3230099883409943,3,False,False,696.5613658305913
high_6p0s_rep1,669,22.348408495882097,20.878558011848,False,-739.8289794921875,-320.58251953125,-488.5028076171875,-323.7947692871094,-234.87342834472656,-326.2127990722656,-487.7350718180339,-323.530029296875,0.6388243220087386,-13.682700149406271,3,False,False,696.5613658305913
high_6p0s_rep1,670,22.381814188701057,20.91196370466696,False,-739.1273193359375,-320.3956298828125,-487.81536865234375,-323.97943115234375,-234.14488220214844,-326.67626953125,-487.02919006347656,-323.68377685546875,0.7125705069737878,-17.578890187345603,3,False,False,696.5613658305913
high_6p0s_rep1,671,22.415219881520013,20.945369397485912,False,-737.0116577148438,-320.15899658203125,-485.5873718261719,-323.49871826171875,-231.82395935058594,-326.1553039550781,-484.8076629638672,-323.27100626627606,0.6800382776783215,-17.242842940126977,3,False,False,696.5613658305913
high_6p0s_rep1,672,22.44862557433897,20.97877509030487,False,-736.3366088867188,-320.1620788574219,-484.75567626953125,-323.52203369140625,-230.92874145507812,-326.0877685546875,-484.0070088704427,-323.2572937011719,0.6717375732007463,-14.65614243583572,3,False,False,696.5613658305913
high_6p0s_rep1,673,22.482031267157925,21.012180783123824,False,-736.6185913085938,-320.49237060546875,-485.548583984375,-324.11041259765625,-231.68446350097656,-326.6339416503906,-484.6172129313151,-323.7455749511719,0.6968606988192586,-3.8686010020088153,3,False,False,696.5613658305913
high_6p0s_rep1,674,22.51543695997688,21.045586475942784,False,-736.9451904296875,-320.70953369140625,-485.8574523925781,-324.28314208984375,-231.99957275390625,-326.59356689453125,-484.93407185872394,-323.86208089192706,0.6676263722160314,12.76796830588255,3,False,False,696.5613658305913
high_6p0s_rep1,675,22.54884265279584,21.078992168761744,False,-736.9614868164062,-320.8497619628906,-485.8293762207031,-324.3037109375,-232.01174926757812,-326.7442932128906,-484.9342041015625,-323.96592203776044,0.6688119588966516,22.833566181455186,3,False,False,696.5613658305913
high_6p0s_rep1,676,22.582248345614797,21.112397861580696,False,-737.5724487304688,-320.9646911621094,-486.4977722167969,-324.45672607421875,-232.76072692871094,-326.8505554199219,-485.6103159586589,-324.0906575520833,0.6680112320827035,23.717176618006253,3,False,False,696.5613658305913
high_6p0s_rep1,677,22.615654038433753,21.145803554399656,False,-739.462646484375,-321.33251953125,-488.3895263671875,-324.7503356933594,-234.55657958984375,-327.3240966796875,-487.46958414713544,-324.46898396809894,0.6798808592136836,23.238083569165354,3,False,False,696.5613658305913
high_6p0s_rep1,678,22.64905973125271,21.17920924721861,False,-740.6925659179688,-321.4088134765625,-489.746826171875,-324.6114501953125,-235.90765380859375,-326.915283203125,-488.7823486328125,-324.3118489583333,0.6249888899616525,23.892683691485892,3,False,False,696.5613658305913
high_6p0s_rep1,679,22.682465424071665,21.212614940037568,False,-740.7262573242188,-321.1872863769531,-489.57232666015625,-324.337890625,-235.77688598632812,-326.6716003417969,-488.6918233235677,-324.0655924479167,0.6222716703299299,22.079359285934938,3,False,False,696.5613658305913
high_6p0s_rep1,680,22.71587111689062,21.24602063285652,False,-740.9103393554688,-320.98577880859375,-489.9276428222656,-324.0997009277344,-235.9799041748047,-326.50140380859375,-488.9392954508464,-323.86229451497394,0.6258475289456329,20.69337564825743,3,False,False,696.5613658305913
high_6p0s_rep1,681,22.74927680970958,21.27942632567548,False,-741.5984497070312,-320.89678955078125,-490.4500427246094,-324.0126037597656,-236.71173095703125,-326.3894348144531,-489.5867411295573,-323.7662760416667,0.6232942278720722,24.659223434189855,3,False,False,696.5613658305913
high_6p0s_rep1,682,22.782682502528537,21.31283201849444,False,-742.8008422851562,-320.8527526855469,-491.8219299316406,-324.2956237792969,-237.98399353027344,-326.53680419921875,-490.8689219156901,-323.8950602213542,0.6451020826454091,29.746066126407804,3,False,False,696.5613658305913
high_6p0s_rep1,683,22.816088195347493,21.346237711313393,False,-744.1963500976562,-321.2344665527344,-493.222412109375,-324.5648498535156,-239.46856689453125,-326.8753967285156,-492.2957763671875,-324.2249043782552,0.640321469605668,31.025576183377396,3,False,False,696.5613658305913
high_6p0s_rep1,684,22.84949388816645,21.379643404132352,False,-745.358642578125,-321.4414978027344,-494.31768798828125,-324.6598815917969,-240.5716094970703,-327.0213317871094,-493.4159800211589,-324.3742370605469,0.6333124596266947,29.219864646459655,3,False,False,696.5613658305913
high_6p0s_rep1,685,22.882899580985406,21.413049096951305,False,-746.2237548828125,-321.5857849121094,-495.0487060546875,-324.680419921875,-241.18359375,-326.8878173828125,-494.1520182291667,-324.3846740722656,0.6014827081234653,26.097522705118397,3,False,False,696.5613658305913
high_6p0s_rep1,686,22.916305273804365,21.446454789770264,False,-746.815673828125,-321.34814453125,-495.5771179199219,-324.5180358886719,-241.8221893310547,-326.68408203125,-494.7383270263672,-324.1834208170573,0.605384684644672,23.435135060873254,3,False,False,696.5613658305913
high_6p0s_rep1,687,22.94971096662332,21.479860482589224,False,-747.402099609375,-321.40570068359375,-496.4754638671875,-324.5320739746094,-242.5577392578125,-326.80145263671875,-495.4784342447917,-324.2464090983073,0.6123511868507192,23.170526972910682,3,False,False,696.5613658305913
high_6p0s_rep1,688,22.983116659442278,21.513266175408177,False,-748.389892578125,-321.4508361816406,-497.392822265625,-324.5575256347656,-243.4302520751953,-326.6864929199219,-496.4043223063151,-324.2316182454427,0.5940480404508491,24.267952437904523,3,False,False,696.5613658305913
high_6p0s_rep1,689,23.016522352261234,21.546671868227136,False,-749.0361328125,-321.5298767089844,-497.9907531738281,-324.4452819824219,-244.3814239501953,-326.7810363769531,-497.1361033121745,-324.25206502278644,0.5961668904144334,24.891705216521338,3,False,False,696.5613658305913
high_6p0s_rep1,690,23.04992804508019,21.58007756104609,False,-750.186279296875,-321.4848327636719,-499.07330322265625,-324.5108947753906,-245.25692749023438,-326.8074951171875,-498.1721700032552,-324.2677408854167,0.6039553696651667,25.0063550181418,3,False,False,696.5613658305913
high_6p0s_rep1,691,23.08333373789915,21.61348325386505,False,-750.8043823242188,-321.42523193359375,-499.6430358886719,-324.3652648925781,-246.02774047851562,-326.6253662109375,-498.82505289713544,-324.1386210123698,0.5902317635591171,25.055427569351732,3,False,False,696.5613658305913
high_6p0s_rep1,692,23.116739430718106,21.646888946684008,False,-751.5962524414062,-321.53533935546875,-500.6560974121094,-324.4638671875,-246.86851501464844,-326.6600036621094,-499.7069549560547,-324.21973673502606,0.5817226302948499,24.93984899775889,3,False,False,696.5613658305913
high_6p0s_rep1,693,23.15014512353706,21.68029463950296,False,-752.3748168945312,-321.4999084472656,-501.4788818359375,-324.3616638183594,-247.73434448242188,-326.60528564453125,-500.5293477376302,-324.15561930338544,0.5796336264230264,25.624428596757916,3,False,False,696.5613658305913
high_6p0s_rep1,694,23.183550816356018,21.71370033232192,False,-753.3245849609375,-321.5663146972656,-502.1810607910156,-324.3057861328125,-248.6374053955078,-326.8390808105469,-501.3810170491536,-324.237060546875,0.5985811918999513,28.428248114474233,3,False,False,696.5613658305913
high_6p0s_rep1,695,23.216956509174974,21.747106025140873,False,-754.1148681640625,-321.45050048828125,-503.1996765136719,-324.4504699707031,-249.46121215820312,-326.6076965332031,-502.2585856119792,-324.1695556640625,0.5855011222292082,30.721502984418606,3,False,False,696.5613658305913
high_6p0s_rep1,696,23.250362201993934,21.780511717959833,False,-755.039794921875,-321.5455017089844,-504.3197021484375,-324.3568115234375,-250.53646850585938,-326.5469970703125,-503.2986551920573,-324.14977010091144,0.5679946454487645,31.22731720216563,3,False,False,696.5613658305913
high_6p0s_rep1,697,23.28376789481289,21.813917410778792,False,-756.5609741210938,-321.6531066894531,-505.64337158203125,-324.4123840332031,-251.9856719970703,-326.71630859375,-504.7300059000651,-324.26059977213544,0.5749198629156338,32.00752965693631,3,False,True,696.5613658305913
