frame,video_time_s,tracking_time_s,x_px,y_px,x_measured_mm,y_measured_mm,dot_diameter_mm,dot_circularity
195,6.504189044038668,0.004189044038668044,978.6439393939393,329.41728763040237,40.44253921508789,-28.3817138671875,7.446455485855637,0.816218452273626
196,6.537543859649122,0.03754385964912199,974.5384227765179,329.3827160493827,39.70553207397461,-28.374370574951172,7.393554216178667,0.8101233341706495
197,6.570898675259577,0.07089867525957683,969.0194016773063,329.1767430216548,38.7149543762207,-28.335670471191406,7.417267213893079,0.7741842378936369
198,6.604253490870032,0.10425349087003166,963.2802059783974,329.27241899020345,37.68471145629883,-28.351442337036133,7.40472273344561,0.7903502641525528
199,6.6376083064804865,0.1376083064804865,958.6649181965779,329.27663294617207,36.85633850097656,-28.350976943969727,7.425618427512814,0.7847478831702694
200,6.670963122090941,0.17096312209094133,954.5412541254125,329.496953541508,36.11610412597656,-28.38970184326172,7.3655588327357195,0.7783302271426538
201,6.704317937701396,0.20431793770139617,948.353373921867,329.5511161846778,35.005615234375,-28.39784812927246,7.368363157540443,0.7665372990583749
202,6.737672753311851,0.237672753311851,940.2402597402597,329.6787624140565,33.549739837646484,-28.41876220703125,7.3543308401824214,0.7848651572089052
203,6.771027568922305,0.27102756892230495,935.2988893048795,330.1164357918383,32.66289520263672,-28.496540069580078,7.428400079016079,0.7838109799909762
204,6.80438238453276,0.3043823845327598,930.2674329501916,330.61660280970625,31.759931564331055,-28.585588455200195,7.3430856794147115,0.7861893684135001
205,6.837737200143215,0.3377372001432146,925.6392024078255,331.1514923501379,30.92936134338379,-28.681005477905273,7.410300679798537,0.7915414476704918
206,6.8710920157536695,0.37109201575366946,919.1066308243727,331.55465949820785,29.757383346557617,-28.752103805541992,7.334640494700524,0.7681843750077283
207,6.904446831364124,0.4044468313641243,918.8560576799277,329.94399382000773,29.713390350341797,-28.46099853515625,7.3134848680153235,0.7953637410443803
208,6.937801646974579,0.43780164697457913,915.1960708782742,329.3108628659476,29.057294845581055,-28.345613479614258,7.323365099110373,0.7910207949453706
209,6.971156462585034,0.47115646258503396,907.8308004052684,329.63576494427554,27.736194610595703,-28.402368545532227,7.373968607691236,0.7677040224968198
210,7.004511278195488,0.5045112781954879,903.6938467346168,329.65269913174785,26.99431037902832,-28.404327392578125,7.397744386090647,0.7788674194522458
211,7.037866093805943,0.5378660938059427,900.1360492895762,329.50873884068903,26.356407165527344,-28.37736701965332,7.400536514661886,0.8012293860505949
212,7.071220909416398,0.5712209094163976,892.5074101984426,330.5587792012057,24.988059997558594,-28.565046310424805,7.40472273344561,0.7814116486610585
213,7.104575725026852,0.6045757250268524,888.3017113095239,329.7001488095238,24.234453201293945,-28.408802032470703,7.452002194621654,0.8042708094336083
214,7.137930540637307,0.6379305406373073,885.4498037726294,329.3111786302063,23.723358154296875,-28.337778091430664,7.375369304561632,0.8127766326584099
215,7.171285356247762,0.6712853562477621,879.8340812764895,329.6898529045126,22.716487884521484,-28.404693603515625,7.432570604325829,0.7963061843563322
216,7.204640171858217,0.7046401718582169,876.9665915915916,329.3070570570571,22.2026424407959,-28.334781646728516,7.4186597356764725,0.7770378112666324
217,7.237994987468671,0.7379949874686709,874.4981985339793,329.0391352963101,21.760292053222656,-28.285724639892578,7.445068162977112,0.7799986144455983
218,7.271349803079126,0.7713498030791257,870.112528132033,328.69592398099525,20.974355697631836,-28.222564697265625,7.42144399538631,0.7603572117786018
219,7.3047046186895805,0.8047046186895805,865.8542225629232,329.13057365529573,20.210987091064453,-28.299955368041992,7.341678823250939,0.7976754144197783
220,7.338059434300035,0.8380594343000354,862.6986058301646,329.1769328263625,19.645429611206055,-28.307491302490234,7.371166415453364,0.8185586246733474
221,7.37141424991049,0.8714142499104902,858.3216131064902,329.12224322621296,18.861064910888672,-28.29645347595215,7.392156965062311,0.8032346853607554
222,7.404769065520945,0.904769065520945,856.3252616975658,328.51998991045525,18.50353240966797,-28.18714141845703,7.389361670212862,0.780764447900679
223,7.4381238811314,0.9381238811313999,851.547907211296,328.56883509833585,17.6474666595459,-28.194704055786133,7.390759449790335,0.800228961319001
224,7.471478696741854,0.9714786967418538,845.8192862566439,328.7970134143255,16.6209716796875,-28.23440170288086,7.3767697354685025,0.7807013765943065
225,7.504833512352309,1.0048335123523087,840.3453568687644,329.1125607572269,15.640182495117188,-28.289936065673828,7.337456636288147,0.7978765730772281
226,7.5381883279627635,1.0381883279627635,836.552741020794,328.87448015122874,14.960820198059082,-28.24593734741211,7.392156965062311,0.7813552647360182
227,7.571543143573218,1.0715431435732183,831.0663109756098,329.7300558943089,13.977816581726074,-28.39898681640625,7.362753439820116,0.7904064774415909
228,7.604897959183673,1.1048979591836732,825.8276857429718,329.68674698795184,13.039520263671875,-28.3897762298584,7.407512231654731,0.7909458572097663
229,7.638252774794128,1.138252774794128,820.5960191669739,330.0821968300774,12.102447509765625,-28.459789276123047,7.486576019449657,0.783538782689712
230,7.671607590404583,1.1716075904045828,817.5441947565544,331.36466916354556,11.555670738220215,-28.690532684326172,7.42700938349158,0.8174713916234446
231,7.704962406015037,1.2049624060150368,805.0576300721931,339.0575056011949,9.318791389465332,-30.075756072998047,7.438127667236214,0.8238629014197646
232,7.738317221625492,1.2383172216254916,815.5205205205204,337.5895895895896,11.19218921661377,-29.81372833251953,7.4186597356764725,0.8062821318008259
233,7.7716720372359465,1.2716720372359465,820.254835039818,339.7093919858425,12.039474487304688,-30.197649002075195,7.380969433921696,0.8472729083617158
234,7.805026852846401,1.3050268528464013,819.6687818837875,343.50491476919245,11.933812141418457,-30.882465362548828,7.439516284380253,0.8135598193124625
235,7.838381668456856,1.3383816684568561,820.1084517576664,345.52655198204934,12.012142181396484,-31.247390747070312,7.432570604325829,0.818696067865577
236,7.871736484067311,1.371736484067311,823.4362690449647,346.40703579834013,12.607749938964844,-31.407224655151367,7.456159518345102,0.8527451946907091
237,7.905091299677766,1.4050912996777658,827.914890965732,347.3290965732087,13.40939998626709,-31.574893951416016,7.433960259494431,0.8123450976710852
238,7.93844611528822,1.4384461152882198,833.9584711503123,345.8569153497489,14.491875648498535,-31.310989379882812,7.497605971683998,0.8168779445878004
239,7.971800930898675,1.4718009308986746,836.8275989641139,346.7637193242076,15.005403518676758,-31.475460052490234,7.472765684835673,0.7984889529608533
240,8.00515574650913,1.5051557465091303,841.1066516629156,345.67379344836206,15.771979331970215,-31.280004501342773,7.42144399538631,0.8123503246632292
241,8.038510562119583,1.5385105621195834,847.7623999043861,344.4074339667742,16.964378356933594,-31.053367614746094,7.590713484614669,0.7928431342277795
242,8.071865377730038,1.5718653777300382,848.3718043264503,346.4315388397246,17.072914123535156,-31.418851852416992,7.485196132603645,0.794750385015699
243,8.105220193340493,1.605220193340493,857.7090123456788,344.7814814814815,18.745914459228516,-31.123729705810547,7.468617604757608,0.7860151907047829
244,8.138575008950948,1.6385750089509479,857.7287630402385,346.42883755588673,18.748891830444336,-31.421066284179688,7.446455485855637,0.7902444869740928
245,8.171929824561403,1.6719298245614027,859.1585350713842,346.952451893234,19.004819869995117,-31.5159854888916,7.447842550315065,0.7718565783329637
246,8.205284640171858,1.7052846401718575,863.3735062293414,347.3218916857361,19.759750366210938,-31.583887100219727,7.359946977572238,0.795138479288633
247,8.238639455782312,1.7386394557823124,869.9411979547115,346.018018018018,20.936861038208008,-31.350440979003906,7.52099091086749,0.7485597806481067
248,8.271994271392767,1.7719942713927672,877.9313395638628,345.13308411214956,22.368865966796875,-31.19300079345703,7.433960259494431,0.7992720317274696
249,8.305349087003222,1.805349087003222,882.3338240706662,346.2431603484235,23.15727996826172,-31.394662857055664,7.4920930253711555,0.7846940186391254
250,8.338703902613677,1.8387039026136769,885.0795084023074,345.8712064208678,23.649486541748047,-31.328310012817383,7.410300679798537,0.8137973656058479
251,8.372058718224132,1.8720587182241317,889.5776522284996,345.980790960452,24.455554962158203,-31.34939193725586,7.406117613882481,0.8062714881277881
252,8.405413533834587,1.9054135338345866,889.9077425842131,347.42219708396175,24.51403045654297,-31.609699249267578,7.40193218398399,0.7950582125079995
253,8.438768349445041,1.9387683494450414,895.8942878338279,347.19052917903065,25.587072372436523,-31.569612503051758,7.463083244898104,0.8120944587137149
254,8.472123165055496,1.9721231650554962,904.2609351432881,346.2055052790347,27.087251663208008,-31.39419937133789,7.40193218398399,0.7808227928595053
255,8.50547798066595,2.0054779806659493,906.002283974115,346.80916127395,27.39908218383789,-31.503694534301758,7.366961128575694,0.7637183601001069
256,8.538832796276404,2.038832796276404,910.7439039959146,347.0880888548449,28.24894905090332,-31.5554256439209,7.344492266091614,0.8154277749653625
257,8.572187611886859,2.072187611886859,917.2367859384808,346.0569993722536,29.41360855102539,-31.37113380432129,7.406117613882481,0.7632324824856681
258,8.605542427497314,2.105542427497314,922.1718692618435,345.8669359774758,30.298585891723633,-31.338237762451172,7.5003609252848475,0.7705199708147927
259,8.638897243107769,2.1388972431077686,929.0495980210266,345.32232529375386,31.532238006591797,-31.241870880126953,7.461699013550782,0.7961256869209937
260,8.672252058718223,2.1722520587182235,933.5062282012954,346.619456900847,32.33063507080078,-31.47740364074707,7.435349654938673,0.7878890624781434
261,8.705606874328678,2.2056068743286783,939.7685632825089,346.645345233668,33.45374298095703,-31.483898162841797,7.453388226846905,0.8111144100390714
262,8.738961689939133,2.238961689939133,942.0988927071402,347.48059055619194,33.87113571166992,-31.635414123535156,7.35573527652487,0.8275648492387956
263,8.772316505549588,2.272316505549588,946.7043813791386,347.3968135424446,34.697261810302734,-31.621623992919922,7.438127667236214,0.7811213420389376
264,8.805671321160043,2.305671321160043,952.3920382968001,347.24099269337364,35.71761703491211,-31.595134735107422,7.393554216178667,0.7717875545313773
265,8.839026136770498,2.3390261367704976,956.4097065462754,347.2015299724103,36.438392639160156,-31.589176177978516,7.410300679798537,0.7752877248467124
266,8.872380952380952,2.3723809523809525,961.9767619047619,347.09206349206346,37.437232971191406,-31.571022033691406,7.36415626986806,0.8198000418552571
267,8.905735767991407,2.4057357679914073,969.0274524619065,347.0768165218486,38.70231628417969,-31.5703125,7.394951203289137,0.7909058198065839
268,8.939090583601862,2.439090583601862,974.3546018483352,347.158374477782,39.65816116333008,-31.58659553527832,7.375369304561632,0.7904592545550613
269,8.972445399212315,2.472445399212315,979.8207762557078,347.0282851344495,40.63921356201172,-31.564682006835938,7.368363157540443,0.8046122924201672
270,9.00580021482277,2.50580021482277,981.9967233774416,347.1475740390674,41.02961730957031,-31.586864471435547,7.392156965062311,0.8300574882426519
271,9.039155030433225,2.539155030433225,986.5232617586911,347.37333844580775,41.84183120727539,-31.62896728515625,7.340271697445347,0.8078047893885003
272,9.07250984604368,2.5725098460436797,991.6989328311362,347.5526679221594,42.77064514160156,-31.66286849975586,7.406117613882481,0.780631558567653
273,9.105864661654135,2.6058646616541346,997.56373474267,347.6943500692085,43.82326889038086,-31.690170288085938,7.397744386090647,0.7579849341069335
274,9.13921947726459,2.6392194772645894,1000.6784842646114,348.25484906872185,44.381900787353516,-31.792346954345703,7.321954453792633,0.7972069942101843
275,9.172574292875044,2.672574292875044,1006.7780675608543,348.6568554396423,45.4765625,-31.866762161254883,7.446455485855637,0.7690426834959527
276,9.205929108485499,2.705929108485499,1007.7760785776451,348.5414646276265,45.65584182739258,-31.846208572387695,7.442292741384686,0.7830684820012377
277,9.239283924095954,2.739283924095954,1014.8465648854962,349.376844783715,46.92451095581055,-31.999210357666016,7.35713944476836,0.7983337761004896
278,9.272638739706409,2.7726387397064087,1020.3362506341958,349.76002029426684,47.909854888916016,-32.07006072998047,7.368363157540443,0.8179361466317708
279,9.305993555316864,2.8059935553168636,1025.7130929791272,350.4748893105629,48.87467575073242,-32.200809478759766,7.378169900563293,0.8269192774631805
280,9.339348370927318,2.8393483709273184,1026.957123098202,350.6335973846347,49.09791564941406,-32.2298583984375,7.400536514661886,0.774306058340458
281,9.372703186537773,2.8727031865377732,1030.584609637654,350.96687834640767,49.74900817871094,-32.2911491394043,7.43673879080412,0.7695568219224386
282,9.406058002148226,2.9060580021482263,1037.5038520801234,351.8434771443246,50.990779876708984,-32.451595306396484,7.323365099110373,0.8002272993962123
283,9.439412817758681,2.939412817758681,1046.4129032258065,351.2560404807084,52.591644287109375,-32.34809112548828,7.378169900563293,0.8269192760698488
284,9.472767633369136,2.972767633369136,1050.7809989959837,349.9125251004016,53.3778076171875,-32.106590270996094,7.407512231654731,0.8038608654679315
285,9.50612244897959,3.006122448979591,1052.430387713998,349.76560926485394,53.674293518066406,-32.08052062988281,7.396347926543314,0.8107356736410208
286,9.539477264590046,3.0394772645900456,1056.3053064275036,350.553562531141,54.36956024169922,-32.22406768798828,7.435349654938673,0.8137856076894382
287,9.5728320802005,3.0728320802005005,1064.2635832400845,351.0284719631978,55.798892974853516,-32.312255859375,7.442292741384686,0.8048694498526848
288,9.606186895810955,3.1061868958109553,1071.7513952308473,351.3726534753932,57.143985748291016,-32.37668228149414,7.368363157540443,0.7789230135496725
289,9.63954171142141,3.13954171142141,1078.1453217478906,351.8225664274021,58.2924919128418,-32.459903717041016,7.394951203289137,0.7946622281835347
290,9.672896527031865,3.172896527031865,1079.486802413273,351.6909250879839,58.533756256103516,-32.43650817871094,7.40193218398399,0.7771674118958826
291,9.70625134264232,3.20625134264232,1086.1507877892664,351.6819300837026,59.73148727416992,-32.43686294555664,7.479674039537294,0.7602861429656693
292,9.739606158252775,3.2396061582527746,1091.711599141739,352.2434683831882,60.730316162109375,-32.54002380371094,7.386565317541219,0.8328367347416579
293,9.77296097386323,3.2729609738632295,1096.9366442618868,352.10704505850134,61.669761657714844,-32.51692199707031,7.438127667236214,0.8012787305294654
294,9.806315789473684,3.3063157894736843,1100.5561338289963,351.9785625774473,62.32062530517578,-32.49477767944336,7.454774001373493,0.7920110543816355
295,9.83967060508414,3.339670605084139,1101.9032983508246,351.7729885057471,62.56309127807617,-32.458011627197266,7.424227210933387,0.8113527685044837
296,9.873025420694592,3.373025420694592,1107.3068011958146,352.81240657698055,63.5331916809082,-32.64752960205078,7.435349654938673,0.7916036105654473
297,9.906380236305047,3.406380236305047,1110.2457711442785,352.47898009950245,64.06206512451172,-32.58812713623047,7.440904642381399,0.8150020299795144
298,9.939735051915502,3.439735051915502,1116.923076923077,352.96581196581195,65.26207733154297,-32.67814254760742,7.40193218398399,0.76844762457552
299,9.973089867525957,3.4730898675259567,1119.505586942875,352.67193973634653,65.72689056396484,-32.62578201293945,7.406117613882481,0.7632324824856681
300,10.006444683136412,3.5064446831364116,1122.120194102277,352.7635933806146,66.19695281982422,-32.643131256103516,7.439516284380253,0.7701317616474459
301,10.039799498746866,3.5397994987468664,1128.3249696969697,353.09696969696967,67.31237030029297,-32.70526885986328,7.537454245221043,0.7879535691556893
302,10.073154314357321,3.5731543143573212,1134.0027281746031,354.38504464285717,68.33170318603516,-32.93986511230469,7.452002194621654,0.7951533999394689
303,10.106509129967776,3.606509129967776,1138.0839204053887,354.3485354097145,69.06583404541016,-32.93449401855469,7.464467219549761,0.7914407412671002
304,10.139863945578231,3.639863945578231,1139.6465474416293,354.11661698956783,69.34727478027344,-32.893028259277344,7.446455485855637,0.8123353023026836
305,10.173218761188686,3.6732187611886857,1148.5462929692178,354.5090429991616,70.94766235351562,-32.96666717529297,7.582544104506503,0.833851812328566
306,10.20657357679914,3.7065735767991406,1158.4337100498237,355.236845303196,72.72545623779297,-33.10126495361328,7.527855009139187,0.8049395438481377
307,10.239928392409595,3.7399283924095954,1145.0579817419195,347.70478657784355,70.33026885986328,-31.735092163085938,7.471383247364805,0.821692343788065
308,10.27328320802005,3.7732832080200502,1143.497346840328,343.5742884708152,70.05561065673828,-30.98748016357422,7.55661613549069,0.8309412284323628
309,10.306638023630505,3.806638023630505,1138.9873308733086,339.14674046740464,69.2506332397461,-30.18517303466797,7.4824355954887,0.7764924275817832
310,10.339992839240958,3.839992839240958,1139.2972222222222,337.57572463768116,69.3087158203125,-29.9010009765625,7.551146271483676,0.8164521530592089
311,10.373347654851413,3.873347654851413,1137.0920776171054,337.21999752811763,68.91242218017578,-29.836023330688477,7.464467219549761,0.775306216671882
312,10.406702470461868,3.906702470461868,1130.397493174485,336.43782576321667,67.708984375,-29.69264030456543,7.449229356499752,0.7782995159381474
313,10.440057286072323,3.9400572860723226,1122.8446096654275,335.88748451053283,66.35088348388672,-29.590974807739258,7.454774001373493,0.7758384982678956
314,10.473412101682777,3.9734121016827775,1118.5224010982154,335.3681517534007,65.57405090332031,-29.495820999145508,7.428400079016079,0.7853359295420719
315,10.506766917293232,4.006766917293232,1114.7648453093811,335.3343313373253,64.89814758300781,-29.488664627075195,7.429790514232564,0.77937125688127
316,10.540121732903687,4.040121732903687,1111.6230505895778,335.19170787371627,64.33318328857422,-29.461999893188477,7.369764919782278,0.7766287300533049
317,10.573476548514142,4.073476548514142,1106.8454234713254,335.306114698063,63.47367858886719,-29.481388092041016,7.375369304561632,0.7867227138461412
318,10.606831364124597,4.106831364124597,1103.7601351351352,335.2453703703704,62.91883087158203,-29.469547271728516,7.4186597356764725,0.7933282242495546
319,10.640186179735052,4.140186179735052,1098.797650293713,335.31571053618296,62.02623748779297,-29.480911254882812,7.422835733606775,0.8272466219792075
320,10.673540995345506,4.1735409953455065,1095.8402725208175,335.2566237698713,61.494483947753906,-29.469409942626953,7.387963626179877,0.7742369163759133
321,10.706895810955961,4.206895810955961,1091.9645864289253,334.9458890539871,60.797916412353516,-29.41213607788086,7.457544777905285,0.7836862580782191
322,10.740250626566416,4.240250626566416,1086.5998509687033,334.5802285146547,59.83370590209961,-29.344518661499023,7.446455485855637,0.7977221956294239
323,10.773605442176871,4.273605442176871,1083.9238521836505,334.31019036954086,59.352874755859375,-29.29493522644043,7.439516284380253,0.7701317591635046
324,10.806960257787324,4.306960257787324,1077.9504555097965,334.08773243479345,58.27915573120117,-29.253067016601562,7.428400079016079,0.7558056709681644
325,10.840315073397779,4.340315073397779,1072.9019826517967,333.7162329615861,57.37198257446289,-29.184492111206055,7.454774001373493,0.7920110530890155
326,10.873669889008234,4.373669889008234,1068.225717852684,333.9598002496879,56.531044006347656,-29.22727394104004,7.42700938349158,0.7824423063798487
327,10.907024704618689,4.407024704618689,1066.3724686296432,334.27817120139144,56.19752502441406,-29.284351348876953,7.445068162977112,0.7508296598766719
328,10.940379520229143,4.440379520229143,1061.3252951519717,333.40969605626725,55.291316986083984,-29.12589454650879,7.40472273344561,0.8125726853025523
329,10.973734335839598,4.473734335839598,1051.8778989595085,333.0407421336342,53.59373474121094,-29.056596755981445,7.411694510466333,0.7982647756923782
330,11.007089151450053,4.507089151450053,1048.7141429285357,332.7667416291854,53.025447845458984,-29.00618553161621,7.424227210933387,0.7945194064653394
331,11.040443967060508,4.540443967060508,1045.6176988922457,332.18479355488415,52.46963119506836,-28.90009307861328,7.396347926543314,0.7759952136878949
332,11.073798782670963,4.573798782670963,1039.919035314384,332.1637750707518,51.445621490478516,-28.894756317138672,7.481054944938062,0.7497919835744588
333,11.107153598281418,4.607153598281418,1032.7880496054115,331.9403732932481,50.16455841064453,-28.852426528930664,7.414481385733258,0.7860817994187314
334,11.140508413891872,4.640508413891872,1029.2982057113975,331.7188526661612,49.53776931762695,-28.811426162719727,7.382368802487482,0.8076739803421753
335,11.173863229502327,4.673863229502327,1026.2474899598392,331.4269578313253,48.989967346191406,-28.757822036743164,7.407512231654731,0.8000455795043128
336,11.207218045112782,4.707218045112782,1021.8024782235308,331.52840142313823,48.19133758544922,-28.77497100830078,7.4920930253711555,0.793583390173774
337,11.240572860723235,4.740572860723235,1015.1851713859911,331.3843765524093,47.002784729003906,-28.74714469909668,7.446455485855637,0.839415185626093
338,11.27392767633369,4.77392767633369,1011.4557900025119,331.22971615172065,46.333065032958984,-28.718175888061523,7.40472273344561,0.803255547221994
339,11.307282491944145,4.807282491944145,1007.8299708158862,331.27991371653343,45.68177795410156,-28.72627830505371,7.366961128575694,0.7849299541488085
340,11.3406373075546,4.8406373075546,1003.8350180955946,330.8096842630725,44.964725494384766,-28.640186309814453,7.428400079016079,0.7765099885144215
341,11.373992123165054,4.8739921231650545,997.6255877258103,330.3041326404355,43.85004806518555,-28.5471134185791,7.460314525364905,0.7285461030534339
342,11.40734693877551,4.907346938775509,993.7394419306185,330.2014831573655,43.15228271484375,-28.52751350402832,7.40193218398399,0.76844762457552
343,11.440701754385964,4.940701754385964,989.2076212178756,329.78984681605266,42.338890075683594,-28.45188331604004,7.375369304561632,0.7654626730656952
344,11.474056569996419,4.974056569996419,982.8157861870861,329.5822405395279,41.19140625,-28.41264533996582,7.425618427512814,0.7921684411470018
345,11.507411385606874,5.007411385606874,977.1058059587472,329.50853068500123,40.16633224487305,-28.397802352905273,7.3543308401824214,0.8015506018097402
346,11.540766201217329,5.040766201217329,974.5958555809813,329.3934655479278,39.7158203125,-28.37632942199707,7.359946977572238,0.8027752780539111
347,11.574121016827783,5.0741210168277835,968.6316516064256,329.4524347389558,38.64513397216797,-28.385400772094727,7.407512231654731,0.7909458559115224
348,11.607475832438238,5.107475832438238,964.2154793315742,329.5292122125895,37.852378845214844,-28.398107528686523,7.403327590195649,0.7626575427625151
349,11.640830648048693,5.140830648048693,959.6653005464481,329.5926477893691,37.035648345947266,-28.40836524963379,7.446455485855637,0.77410800347622
350,11.674185463659148,5.174185463659148,956.0827423167848,329.79245987308695,36.39253234863281,-28.443525314331055,7.439516284380253,0.7300904151994152
351,11.707540279269601,5.207540279269601,948.8043559894855,330.1431968957316,35.08612823486328,-28.504981994628906,7.417267213893079,0.7903876190774345
352,11.740895094880056,5.240895094880056,940.1637801204819,330.5625,33.53542709350586,-28.57845687866211,7.407512231654731,0.7909458559115224
353,11.77424991049051,5.274249910490511,934.2673531655225,330.8104500381388,32.47737503051758,-28.62169075012207,7.359946977572238,0.7935704752565887
354,11.807604726100966,5.307604726100966,930.5918393451009,331.17050396520847,31.81777572631836,-28.68577003479004,7.337456636288147,0.7940678704266702
355,11.84095954171142,5.34095954171142,925.5937734433609,331.4848712178044,30.921001434326172,-28.741235733032227,7.42144399538631,0.7901859807929608
356,11.874314357321875,5.374314357321875,919.3243311778876,332.2483834157474,29.796024322509766,-28.87750816345215,7.369764919782278,0.7557582673034693
357,11.90766917293233,5.40766917293233,914.7490877060525,332.3324524977979,28.975406646728516,-28.89146614074707,7.397744386090647,0.770114175556205
358,11.941023988542785,5.441023988542785,911.260907504363,330.7097980553478,28.350749969482422,-28.597347259521484,7.432570604325829,0.7458933932821545
359,11.97437880415324,5.47437880415324,906.9733333333332,330.3153894080997,27.58205223083496,-28.524938583374023,7.433960259494431,0.7403815256138313
360,12.007733619763695,5.507733619763695,906.1773479964605,329.74326886613574,27.43962287902832,-28.421348571777344,7.380969433921696,0.8008052420780006
361,12.04108843537415,5.541088435374149,904.1250927988121,329.5403365503588,27.071706771850586,-28.384140014648438,7.460314525364905,0.7894754930797542
362,12.074443250984604,5.574443250984604,895.2965432098765,330.7287654320987,25.488054275512695,-28.59650230407715,7.468617604757608,0.7615296646317284
363,12.107798066595059,5.607798066595059,891.6064001992279,330.2817830905242,24.8266544342041,-28.514760971069336,7.43673879080412,0.7819001577432692
364,12.141152882205514,5.641152882205514,884.238680064508,330.75809452921476,23.50558853149414,-28.59884262084961,7.450615904553921,0.751949048113536
365,12.174507697815967,5.674507697815967,881.2270980537994,330.53774637411675,22.9658260345459,-28.55823516845703,7.453388226846905,0.7730064577792699
366,12.207862513426422,5.707862513426422,877.5502428091147,330.43282281160504,22.306781768798828,-28.538299560546875,7.43673879080412,0.7575034747966215
367,12.241217329036877,5.741217329036877,874.4653994285004,329.85787054292456,21.75408172607422,-28.433618545532227,7.445068162977112,0.7763700843001008
368,12.274572144647331,5.7745721446473315,869.4406628425747,329.7310388782664,20.853530883789062,-28.40937042236328,7.350115921024372,0.7995098538550096
369,12.307926960257786,5.807926960257786,866.9182626110901,329.4179496808111,20.401575088500977,-28.352142333984375,7.417267213893079,0.7956865123328043
370,12.341281775868241,5.841281775868241,863.7940841865757,329.3286563013525,19.841693878173828,-28.33518409729004,7.380969433921696,0.8008052434053505
371,12.374636591478696,5.874636591478696,858.4714033761652,329.3507180650038,18.887826919555664,-28.337757110595703,7.393554216178667,0.797033359701962
372,12.40799140708915,5.907991407089151,856.6261160714286,328.73412698412693,18.557369232177734,-28.225900650024414,7.452002194621654,0.7914221972874624
373,12.441346222699606,5.941346222699606,851.0409988818486,328.9137781090819,17.556529998779297,-28.256872177124023,7.445068162977112,0.7799986157105693
374,12.47470103831006,5.9747010383100605,847.131505458238,328.9445290682914,16.856040954589844,-28.26138687133789,7.3655588327357195,0.8133801305541419
375,12.508055853920515,6.008055853920515,842.2186982549993,329.05859126225954,15.975812911987305,-28.280689239501953,7.352926135587394,0.8039655891514653
376,12.54141066953097,6.04141066953097,837.026158445441,329.24377179870453,15.045537948608398,-28.312755584716797,7.435349654938673,0.7969017735012175
377,12.574765485141425,6.074765485141425,832.7366054702136,329.45872361683524,14.277081489562988,-28.350433349609375,7.425618427512814,0.7884450693379698
378,12.60812030075188,6.10812030075188,830.6601601601601,328.4896146146146,13.905362129211426,-28.174877166748047,7.4186597356764725,0.7933282255517087
379,12.641475116362333,6.141475116362333,823.893063583815,329.3886078998073,12.69308090209961,-28.33542823791504,7.562082042994158,0.7651008165502223
380,12.674829931972788,6.174829931972788,815.4081091322471,333.070481242895,11.172849655151367,-28.99793243408203,7.383767905845537,0.7795828142300008
381,12.708184747583243,6.208184747583243,811.4325471109446,337.2268813178585,10.460332870483398,-29.747127532958984,7.428400079016079,0.824506791569583
382,12.741539563193697,6.241539563193697,817.2585059171597,338.4297337278106,11.503219604492188,-29.965852737426758,7.4741478666073835,0.8090581356802369
383,12.774894378804152,6.274894378804152,824.8894545454546,338.43466666666666,12.869617462158203,-29.968860626220703,7.537454245221043,0.7720778778270275
384,12.808249194414607,6.308249194414607,823.2981736861722,341.9388743943347,12.583942413330078,-30.600881576538086,7.445068162977112,0.8054698746567525
385,12.841604010025062,6.341604010025062,821.7247915087187,345.3999241849886,12.30154037475586,-31.225008010864258,7.382368802487482,0.7946235838600817
386,12.874958825635517,6.374958825635517,823.9436374922408,346.52774674115454,12.698564529418945,-31.429149627685547,7.447842550315065,0.8328298359852219
387,12.908313641245972,6.408313641245972,830.5705683101241,346.339606072011,13.885115623474121,-31.39711570739746,7.408906586910686,0.8395722826060339
388,12.941668456856426,6.441668456856426,836.6626091233246,345.384114103037,14.976219177246094,-31.226449966430664,7.483815991330255,0.8466582527503247
389,12.975023272466881,6.475023272466881,840.6687771570453,345.98808193668526,15.693477630615234,-31.336593627929688,7.447842550315065,0.8022599645563573
390,13.008378088077336,6.508378088077336,844.113064073797,345.2913238593867,16.310508728027344,-31.211843490600586,7.432570604325829,0.8186960692281304
391,13.041732903687791,6.541732903687791,850.3150006193484,344.03468351294435,17.42169952392578,-30.986820220947266,7.456159518345102,0.80405272425369
392,13.075087719298244,6.575087719298244,852.9219591632217,345.38970311912817,17.888219833374023,-31.232133865356445,7.414481385733258,0.8214199072881543
393,13.108442534908699,6.608442534908699,857.4233789260384,345.7510131712259,18.69442367553711,-31.29863929748535,7.373968607691236,0.7928162519786713
394,13.141797350519154,6.641797350519154,858.1051835035944,346.32828856097865,18.81635093688965,-31.403026580810547,7.389361670212862,0.7562680939390808
395,13.175152166129608,6.6751521661296085,861.2311908320877,346.0681365221724,19.37642478942871,-31.356977462768555,7.435349654938673,0.7842006011438092
396,13.208506981740063,6.708506981740063,866.2546731903149,346.19596035629155,20.27631950378418,-31.38149642944336,7.408906586910686,0.7938937539407345
397,13.241861797350518,6.741861797350518,872.4044025157232,345.92641509433963,21.378223419189453,-31.334619522094727,7.399140582080448,0.7765813127918888
398,13.275216612960973,6.775216612960973,877.748195974174,345.51626788201037,22.33588218688965,-31.262121200561523,7.375369304561632,0.8088809309269424
399,13.308571428571428,6.808571428571428,885.4094478216819,345.2945795339412,23.7088680267334,-31.224306106567383,7.373968607691236,0.815238575793916
400,13.341926244181883,6.841926244181883,886.1016414141413,345.7510101010101,23.83270835876465,-31.306903839111328,7.385166744146587,0.7914606627316692
401,13.375281059792338,6.8752810597923375,890.3296731036223,346.64205477723084,24.590017318725586,-31.468984603881836,7.386565317541219,0.8058602943899937
402,13.408635875402792,6.908635875402792,892.7497489959839,347.1863704819277,25.023488998413086,-31.567949295043945,7.407512231654731,0.8038608628075895
403,13.441990691013247,6.941990691013247,899.4824528998892,346.46632188154166,26.230575561523438,-31.439905166625977,7.478292879145214,0.8165439584784716
404,13.475345506623702,6.975345506623702,905.9244223158431,345.7117324141453,27.385719299316406,-31.305526733398438,7.344492266091614,0.7801492616225881
405,13.508700322234157,7.008700322234157,905.8730098076677,347.30174500063686,27.37564468383789,-31.592592239379883,7.352926135587394,0.7819420213199209
406,13.54205513784461,7.04205513784461,910.0556999628667,347.6172793662582,28.125286102294922,-31.650774002075195,7.458929780197457,0.7918044396318981
407,13.575409953455065,7.075409953455065,917.465256797583,347.1801359516616,29.453916549682617,-31.57400131225586,7.396347926543314,0.7759952136878949
408,13.60876476906552,7.10876476906552,923.5554719819481,346.565751535665,30.5462589263916,-31.464828491210938,7.411694510466333,0.7643823619319742
409,13.642119584675974,7.142119584675974,929.9877664270399,346.2833900870223,31.699874877929688,-31.415699005126953,7.389361670212862,0.7844515498391511
410,13.67547440028643,7.175474400286429,933.6595717724565,347.3064740909667,32.35768508911133,-31.601518630981445,7.372567644705724,0.7989831609402643
411,13.708829215896884,7.208829215896884,937.7421668554172,347.6842833773751,33.089622497558594,-31.67093276977539,7.397744386090647,0.7952626516769876
412,13.742184031507339,7.242184031507339,942.9516926118112,347.5339757845317,34.02406692504883,-31.645299911499023,7.465850937648503,0.812696902674185
413,13.775538847117794,7.275538847117794,948.1521547933157,347.3138585249403,34.957008361816406,-31.607065200805664,7.403327590195649,0.7800435121958506
414,13.808893662728249,7.308893662728249,954.2156788725304,347.3769976091607,36.04466247558594,-31.62022590637207,7.397744386090647,0.7788674194522458
415,13.842248478338703,7.342248478338703,957.0970350404313,347.33795404954435,36.56159591674805,-31.614013671875,7.324775472758328,0.7635782150307427
416,13.875603293949158,7.375603293949158,962.398343373494,347.44666164658634,37.51259994506836,-31.635189056396484,7.407512231654731,0.7872220410912976
417,13.908958109559613,7.408958109559613,969.925814911952,347.37779442987386,38.86328125,-31.624942779541016,7.425618427512814,0.8105230152090191
418,13.942312925170068,7.442312925170068,976.6361121589337,347.23689173896645,40.0675163269043,-31.601436614990234,7.400536514661886,0.779455465824048
419,13.975667740780523,7.475667740780523,982.4823693556569,347.5828259766616,41.11640930175781,-31.665632247924805,7.368363157540443,0.791611362750942
420,14.009022556390976,7.509022556390976,982.7297709923664,347.6201017811705,41.16078567504883,-31.672435760498047,7.35713944476836,0.8430221233589446
421,14.04237737200143,7.542377372001431,987.727724665392,347.8940726577438,42.05756378173828,-31.723388671875,7.350115921024372,0.7850554313184523
422,14.075732187611885,7.5757321876118855,991.3210526315789,347.7877192982456,42.702613830566406,-31.705223083496094,7.413088079061983,0.7921370394294615
423,14.10908700322234,7.60908700322234,997.0479598242309,348.22184557438794,43.7302131652832,-31.785322189331055,7.406117613882481,0.775474381325506
424,14.142441818832795,7.642441818832795,1002.0525525525526,348.94757257257254,44.6279411315918,-31.91790008544922,7.4186597356764725,0.7895931931104453
425,14.17579663444325,7.67579663444325,1007.2990902198635,349.0160475107404,45.569759368896484,-31.931812286376953,7.382368802487482,0.7855855313702422
426,14.209151450053705,7.709151450053705,1008.2577410053904,348.95173624169485,45.74193572998047,-31.920469284057617,7.411694510466333,0.815247058509373
427,14.24250626566416,7.74250626566416,1014.7902071563088,349.62875078468295,46.91415023803711,-32.04471206665039,7.406117613882481,0.8195677767192971
428,14.275861081274615,7.7758610812746145,1019.9156246052796,350.1333838575218,47.833961486816406,-32.13739776611328,7.383767905845537,0.8052500266674032
429,14.30921589688507,7.809215896885069,1024.7736625514403,350.7630627260257,48.705684661865234,-32.252601623535156,7.431180689287154,0.7563716055776499
430,14.342570712495524,7.842570712495524,1028.5595282900513,351.177267595032,49.38512420654297,-32.32856369018555,7.408906586910686,0.7602740543307368
431,14.375925528105979,7.875925528105979,1030.4933639612048,351.5049770290965,49.732078552246094,-32.38834762573242,7.345898583436449,0.7741807133650463
432,14.409280343716434,7.909280343716434,1036.2089139987445,351.91487758945385,50.75811004638672,-32.464111328125,7.406117613882481,0.784309348912714
433,14.442635159326889,7.942635159326889,1043.061797752809,352.67665418227216,51.98814010620117,-32.60380172729492,7.42700938349158,0.7614980328015254
434,14.475989974937342,7.975989974937342,1048.8435502068446,351.05428105804185,53.028480529785156,-32.312355041503906,7.411694510466333,0.8074862124439997
435,14.509344790547797,8.009344790547797,1052.8939281288724,350.134448574969,53.75714874267578,-32.14731979370117,7.454774001373493,0.7920110530890155
436,14.542699606158251,8.042699606158251,1059.5677669417353,350.9623655913978,54.95524597167969,-32.298919677734375,7.42144399538631,0.8297632335988061
437,14.576054421768706,8.076054421768706,1066.4431226765798,351.25477075588594,56.19026184082031,-32.35380172729492,7.454774001373493,0.7794585633891963
438,14.609409237379161,8.109409237379161,1073.3650137741047,351.6357375406962,57.43364715576172,-32.42471694946289,7.4158744306277935,0.7677628559067428
439,14.642764052989616,8.142764052989616,1078.5412442107897,352.31142821379393,58.363059997558594,-32.54838180541992,7.417267213893079,0.7570244758202391
440,14.67611886860007,8.17611886860007,1080.4798590130915,351.77882678751257,58.712120056152344,-32.452693939208984,7.396347926543314,0.8014395964746948
441,14.709473684210526,8.209473684210526,1086.5466070096943,351.66753666418094,59.80266189575195,-32.434383392333984,7.443680581535003,0.7896556311715787
442,14.74282849982098,8.24282849982098,1092.0402016383111,351.9972274732199,60.78969955444336,-32.495609283447266,7.392156965062311,0.8164808924378686
443,14.776183315431435,8.276183315431435,1095.8863892013499,351.7537807774028,61.48141098022461,-32.45275115966797,7.422835733606775,0.8137937908243871
444,14.80953813104189,8.30953813104189,1101.2685393258428,352.0153558052435,62.44865036010742,-32.50163650512695,7.42700938349158,0.8253605688282808
445,14.842892946652345,8.342892946652345,1103.29677658392,352.0783006051624,62.81320571899414,-32.51362228393555,7.467234399336955,0.8048645027238412
446,14.8762477622628,8.3762477622628,1108.7963375402128,352.4443207126949,63.801517486572266,-32.5814323425293,7.460314525364905,0.8060660541237044
447,14.909602577873253,8.409602577873253,1112.390536988359,352.1435724120666,64.44816589355469,-32.528133392333984,7.417267213893079,0.7994656279336172
448,14.942957393483708,8.442957393483708,1119.3385689354275,353.1969583644976,65.69612884521484,-32.72065353393555,7.432570604325829,0.7873002092464534
449,14.976312209094162,8.476312209094162,1122.2968053964617,353.27135038818886,66.22798919677734,-32.73499298095703,7.35573527652487,0.7953389960100921
450,15.009667024704617,8.509667024704617,1124.4927263606721,353.0690995736142,66.62318420410156,-32.69907760620117,7.410300679798537,0.8006480234647827
451,15.043021840315072,8.543021840315072,1129.9411837086254,353.51039744062996,67.60245513916016,-32.78050231933594,7.481054944938062,0.8266094451937819
452,15.076376655925527,8.576376655925527,1136.0926201089646,354.4491084695394,68.70751953125,-32.95207595825195,7.457544777905285,0.787360079087828
453,15.109731471535982,8.609731471535982,1138.8243276585245,354.48137182334074,69.1988296508789,-32.958736419677734,7.471383247364805,0.7992948238974869
454,15.143086287146437,8.643086287146437,1143.367215112736,354.65021328458255,70.01575469970703,-32.990631103515625,7.516869443258217,0.8565796561082326
455,15.176441102756892,8.676441102756892,1150.498487598306,354.7575317604356,71.29850769042969,-33.01219177246094,7.544303364530835,0.812266163815195
456,15.209795918367346,8.709795918367346,1159.9671430316355,354.59008183705873,73.00236511230469,-32.984771728515625,7.508619721244672,0.7918397984517374
457,15.243150733977801,8.743150733977801,1146.9747100912903,347.2638786084382,70.67579650878906,-31.65590476989746,7.471383247364805,0.8046444663678213
458,15.276505549588256,8.776505549588256,1145.9242312423123,343.6635916359163,70.49215698242188,-31.004335403442383,7.4824355954887,0.8108533843567938
459,15.30986036519871,8.80986036519871,1141.0769811320754,339.19295597484273,69.62659454345703,-30.194124221801758,7.399140582080448,0.8247834064731175
460,15.343215180809166,8.843215180809166,1139.0591641490432,337.4857754279959,69.2660140991211,-29.884660720825195,7.396347926543314,0.7759952136878949
461,15.376569996419619,8.876569996419619,1138.5464725643897,337.37364688316535,69.17391967773438,-29.86423110961914,7.439516284380253,0.8080979921550888
462,15.409924812030074,8.909924812030074,1130.8662718973599,336.2880582284727,67.79353332519531,-29.665666580200195,7.471383247364805,0.7955441891967209
463,15.443279627640528,8.943279627640528,1124.6895825591478,336.00222965440355,66.68264770507812,-29.612245559692383,7.456159518345102,0.7735813987499567
464,15.476634443250983,8.976634443250983,1120.5515330624307,335.8534663218815,65.93840026855469,-29.584186553955078,7.478292879145214,0.7996705866315316
465,15.509989258861438,9.009989258861438,1116.9625875875874,335.78028028028024,65.29288482666016,-29.569955825805664,7.4186597356764725,0.7933282242495546
466,15.543344074471893,9.043344074471893,1111.9181569796324,335.225782414307,64.38623046875,-29.468242645263672,7.446455485855637,0.765490906381758
467,15.576698890082348,9.076698890082348,1108.8406890481579,335.2373946938262,63.832645416259766,-29.469501495361328,7.400536514661886,0.779455465824048
468,15.610053705692803,9.110053705692803,1105.6755173273498,335.25916230366494,63.26331329345703,-29.472570419311523,7.432570604325829,0.8054675751485436
469,15.643408521303257,9.143408521303257,1101.3924551638836,335.2925170068027,62.49293899536133,-29.477428436279297,7.461699013550782,0.8090724234811583
470,15.676763336913712,9.176763336913712,1096.6755386565271,335.3283903675538,61.644588470458984,-29.482624053955078,7.371166415453364,0.8052246292021196
471,15.710118152524167,9.210118152524167,1093.5869510978043,335.24650698602795,61.089263916015625,-29.466964721679688,7.429790514232564,0.8048651325167421
472,15.743472968134622,9.243472968134622,1089.3791463261985,334.8276380022531,60.33314895629883,-29.390033721923828,7.417267213893079,0.7778110272956016
473,15.776827783745077,9.276827783745077,1085.0885885885887,334.43068068068067,59.56216049194336,-29.317054748535156,7.4186597356764725,0.7597868024875918
474,15.810182599355532,9.310182599355532,1081.4635859519408,334.5441774491682,58.910240173339844,-29.336593627929688,7.475529792821764,0.7776059755644943
475,15.843537414965985,9.343537414965985,1075.7096814181232,334.19573571340027,57.87617492675781,-29.271989822387695,7.453388226846905,0.7608990824535358
476,15.87689223057644,9.37689223057644,1071.3999748995982,333.61370481927713,57.10209274291992,-29.16553497314453,7.407512231654731,0.7624828954187698
477,15.910247046186894,9.410247046186894,1064.601023337077,333.44764757269434,55.880088806152344,-29.133651733398438,7.428400079016079,0.8018673245108471
478,15.94360186179735,9.44360186179735,1060.1708082329317,333.12085843373495,55.084129333496094,-29.073335647583008,7.407512231654731,0.8038608628075895
479,15.976956677407804,9.476956677407804,1053.6363636363637,332.77172551965936,53.910064697265625,-29.008419036865234,7.4158744306277935,0.7837670718672711
480,16.01031149301826,9.51031149301826,1051.5796066641612,332.76199423775523,53.540428161621094,-29.006099700927734,7.414481385733258,0.7772268658030778
481,16.043666308628715,9.543666308628715,1045.4943820224719,332.60898876404497,52.4470100402832,-28.976778030395508,7.42700938349158,0.7530682239135981
482,16.077021124239167,9.577021124239167,1040.2524912805181,332.0016193323368,51.505699157714844,-28.865516662597656,7.435349654938673,0.7878890624781434
483,16.11037593984962,9.610375939849622,1035.15039111784,331.4521826898814,50.589515686035156,-28.7647762298584,7.387963626179877,0.7958284717810218
484,16.143730755460076,9.643730755460076,1031.2005511712389,331.4207691344106,49.87986373901367,-28.758033752441406,7.414481385733258,0.7736028002384409
485,16.17708557107053,9.677085571070531,1026.529396921524,331.20085793590715,49.04085922241211,-28.717008590698242,7.387963626179877,0.7996236457273956
486,16.210440386680986,9.710440386680986,1021.0848713119898,331.4689265536723,48.06248474121094,-28.764022827148438,7.406117613882481,0.7970639273998054
487,16.24379520229144,9.743795202291441,1015.6550212872527,331.07575757575756,47.08748245239258,-28.691463470458984,7.4158744306277935,0.7927326311884308
488,16.277150017901896,9.777150017901896,1012.4827412446459,330.81733434114386,46.517913818359375,-28.643882751464844,7.393554216178667,0.7790562254548458
489,16.31050483351235,9.81050483351235,1009.7094080996884,330.6021183800623,46.01998519897461,-28.604225158691406,7.433960259494431,0.7813159975208172
490,16.343859649122805,9.843859649122805,1004.3775636273782,330.08178897949097,45.06283950805664,-28.508712768554688,7.465850937648503,0.7525880235883519
491,16.37721446473326,9.87721446473326,999.4514624306605,329.9728946041351,44.178245544433594,-28.48771095275879,7.390759449790335,0.7540826961525218
492,16.410569280343715,9.910569280343715,995.5583775587567,329.76168814758654,43.47930145263672,-28.448482513427734,7.382368802487482,0.7643909629073234
493,16.44392409595417,9.94392409595417,990.6381578947369,329.5375386996904,42.59598159790039,-28.406644821166992,7.306419380066995,0.8233316611517126
494,16.477278911564625,9.977278911564625,986.1738202811244,329.49673694779113,41.79440689086914,-28.39807891845703,7.407512231654731,0.7909458572097663
495,16.51063372717508,10.01063372717508,979.9996226415094,329.45962264150944,40.6859016418457,-28.389726638793945,7.399140582080448,0.7982382489406311
496,16.543988542785534,10.043988542785534,975.2629337341851,329.3889515219842,39.83558654785156,-28.375690460205078,7.414481385733258,0.8119629863440545
497,16.57734335839599,10.07734335839599,971.4135519959317,329.3423595219934,39.144596099853516,-28.366241455078125,7.359946977572238,0.7935704752565887
498,16.610698174006444,10.110698174006444,965.0628571428572,329.2253968253968,38.00471878051758,-28.343414306640625,7.36415626986806,0.8103071238750112
499,16.6440529896169,10.144052989616899,961.3107902735562,329.2954660587639,37.331207275390625,-28.355083465576172,7.373968607691236,0.7801085889127617
500,16.677407805227354,10.177407805227354,957.5103144654087,329.30553459119494,36.64909744262695,-28.355894088745117,7.399140582080448,0.7643018663233917
501,16.71076262083781,10.210762620837809,950.435731506154,329.4140337520619,35.379390716552734,-28.37362289428711,7.366961128575694,0.7723989093624196
502,16.744117436448263,10.244117436448263,942.5639295088114,329.6466691663542,33.96669387817383,-28.413578033447266,7.422835733606775,0.8006664749046908
503,16.77747225205872,10.277472252058718,935.4786356821589,329.82471264367814,32.69533157348633,-28.44386863708496,7.424227210933387,0.7982866503119267
504,16.810827067669173,10.310827067669173,932.3931784107946,330.28198400799596,32.1414909362793,-28.525684356689453,7.424227210933387,0.7730838080874821
505,16.844181883279628,10.344181883279628,926.642612988986,330.6855298139005,31.109642028808594,-28.59707260131836,7.375369304561632,0.8034192181479946
506,16.877536698890083,10.377536698890083,923.1040550879877,331.0844172404999,30.474660873413086,-28.66820526123047,7.348710410748395,0.7836659743865845
507,16.910891514500538,10.410891514500538,919.2095092804474,331.37007373506225,29.775949478149414,-28.718780517578125,7.359946977572238,0.8121411661511654
508,16.944246330110992,10.444246330110992,908.4656938044034,331.9102662570404,27.848812103271484,-28.813495635986328,7.334640494700524,0.7843820365320897
509,16.977601145721444,10.477601145721444,907.175828313253,330.4716365461847,27.6182861328125,-28.553224563598633,7.407512231654731,0.7696066707664334
510,17.0109559613319,10.510955961331899,904.7021221532091,329.9624741200828,27.174959182739258,-28.46056365966797,7.295100365710241,0.7940622200480134
511,17.044310776942353,10.544310776942353,900.5317283950617,330.27246913580245,26.42696762084961,-28.515460968017578,7.468617604757608,0.7860151894291822
512,17.07766559255281,10.577665592552808,892.6993340871968,331.1727603970348,25.022178649902344,-28.6760196685791,7.403327590195649,0.7837185320773747
513,17.111020408163263,10.611020408163263,889.0973839028663,330.42358242583555,24.376771926879883,-28.53971290588379,7.417267213893079,0.7903876190774345
514,17.144375223773718,10.644375223773718,885.9527629233511,330.04329004329,23.813186645507812,-28.47017478942871,7.3543308401824214,0.7585957307245234
515,17.177730039384173,10.677730039384173,882.0880409028556,330.0512532734755,23.120363235473633,-28.470577239990234,7.431180689287154,0.7719864231955769
516,17.211084854994628,10.711084854994628,878.7693457943925,329.86915887850466,22.52554702758789,-28.436803817749023,7.433960259494431,0.7813159962507451
517,17.244439670605082,10.744439670605082,873.6385114457094,330.05214836577306,21.605789184570312,-28.46849250793457,7.5003609252848475,0.7740809792183669
518,17.277794486215537,10.777794486215537,871.3912327378689,329.43164829595844,21.203248977661133,-28.355806350708008,7.372567644705724,0.761323030858578
519,17.311149301825992,10.811149301825992,868.0605829196894,329.31538755250097,20.606346130371094,-28.33392333984375,7.35573527652487,0.7578506339105343
520,17.344504117436447,10.844504117436447,862.9917727214295,329.6786219308394,19.697782516479492,-28.39818572998047,7.3191323475194485,0.7747709825305902
521,17.3778589330469,10.877858933046902,859.6338046108775,329.2458285568717,19.096168518066406,-28.319120407104492,7.352926135587394,0.8001213336667535
522,17.411213748657357,10.911213748657357,858.8130934532733,328.2060219890055,18.949462890625,-28.131086349487305,7.424227210933387,0.7730838080874821
523,17.44456856426781,10.944568564267811,853.9768093781854,327.9810142711519,18.082883834838867,-28.089168548583984,7.351521162586017,0.7971149472314357
524,17.477923379878266,10.977923379878266,850.1792046605876,328.45959979736574,17.402254104614258,-28.17460823059082,7.373968607691236,0.7713064208559439
525,17.51127819548872,11.011278195488721,843.7186752298198,329.2334718549301,16.244497299194336,-28.312667846679688,7.394951203289137,0.7909058198065839
526,17.544633011099176,11.044633011099176,837.8926596279537,329.3397435897436,15.200730323791504,-28.330318450927734,7.40193218398399,0.8026502289780599
527,17.57798782670963,11.07798782670963,827.8212269476853,331.5545100991092,13.396162033081055,-28.727567672729492,7.408906586910686,0.7938937526354717
528,17.611342642320086,11.111342642320086,827.7512365785981,330.0971166606345,13.383950233459473,-28.46438980102539,7.555249040746714,0.781838663004507
529,17.64469745793054,11.14469745793054,823.730788611741,329.5760896951373,12.66397476196289,-28.369237899780273,7.393554216178667,0.797033359701962
530,17.678052273540995,11.178052273540995,822.1557776069689,330.24365872405843,12.381755828857422,-28.489360809326172,7.331823271437504,0.7875173074120679
531,17.71140708915145,11.21140708915145,811.0695943431336,336.3349460364719,10.395487785339355,-29.586040496826172,7.450615904553921,0.8066707242648877
532,17.744761904761905,11.244761904761905,811.3237818885261,339.53838713577557,10.4404935836792,-30.16429328918457,7.547041271848159,0.827685593771304
533,17.77811672037236,11.27811672037236,823.6768532155129,337.5899607265586,12.652657508850098,-29.816051483154297,7.490714154829365,0.7959225832236868
534,17.811471535982815,11.311471535982815,827.3542488347077,338.95159555396197,13.31087875366211,-30.062854766845703,7.590713484614669,0.8054882657285686
535,17.84482635159327,11.34482635159327,825.9550494094962,342.5075921908894,13.059555053710938,-30.704273223876953,7.559349583268819,0.7765699672980213
536,17.878181167203724,11.378181167203724,823.739226519337,345.758993247391,12.662117004394531,-31.290380477905273,7.489335030422053,0.8284402496284866
537,17.911535982814176,11.411535982814176,833.2735042735043,343.5029109376935,14.369795799255371,-30.88597869873047,7.456159518345102,0.7912163932600956
538,17.94489079842463,11.44489079842463,837.7042550552039,344.58305421163624,15.162971496582031,-31.082183837890625,7.450615904553921,0.7975109047770478
539,17.978245614035085,11.478245614035085,839.5689167588835,345.11471781630394,15.496750831604004,-31.178667068481445,7.483815991330255,0.8046341812937876
540,18.01160042964554,11.51160042964554,842.0607435412728,345.3891619407687,15.942927360534668,-31.228910446166992,7.392156965062311,0.8260461401892362
541,18.044955245255995,11.544955245255995,850.3865546218487,343.55678635090396,17.434663772583008,-30.90058135986328,7.3543308401824214,0.7977243610042296
542,18.07831006086645,11.57831006086645,850.696786389414,345.2873345935728,17.489688873291016,-31.213014602661133,7.392156965062311,0.8125674386131981
543,18.111664876476905,11.611664876476905,853.651750726836,345.6027050941726,18.018871307373047,-31.270784378051758,7.380969433921696,0.7969980741264278
544,18.14501969208736,11.64501969208736,858.9000125454772,345.78321415129847,18.958925247192383,-31.30487632751465,7.408906586910686,0.8068788516223042
545,18.178374507697814,11.678374507697814,863.816761184625,345.36168872085693,19.839872360229492,-31.23021125793457,7.392156965062311,0.8220637944656165
546,18.21172932330827,11.711729323308269,866.837855050312,345.703095147115,20.380977630615234,-31.29270362854004,7.352926135587394,0.7819420213199209
547,18.245084138918724,11.745084138918724,872.8162885831164,345.267013759762,21.45228385925293,-31.215709686279297,7.453388226846905,0.7781062827741226
548,18.27843895452918,11.778438954529179,877.0267667292056,345.80337711069416,22.206501007080078,-31.31374168395996,7.420051996125191,0.7872634330894096
549,18.311793770139634,11.811793770139634,883.7032015065913,344.61619585687384,23.403400421142578,-31.101346969604492,7.406117613882481,0.8101321818515546
550,18.34514858575009,11.845148585750088,887.342052059641,344.9102855698761,24.05539321899414,-31.155481338500977,7.382368802487482,0.8210485368396542
551,18.378503401360543,11.878503401360543,890.72893081761,345.41861635220124,24.662158966064453,-31.248226165771484,7.399140582080448,0.7982382489406311
552,18.411858216970998,11.911858216970998,891.2344126984126,345.5874285714286,24.752674102783203,-31.278852462768555,7.36415626986806,0.8237810611103823
553,18.445213032581453,11.945213032581453,897.022205494919,345.99598544724626,25.789831161499023,-31.354278564453125,7.408906586910686,0.7976643522038729
554,18.478567848191908,11.978567848191908,901.8334570650828,346.6832467211086,26.651865005493164,-31.479753494262695,7.460314525364905,0.7806176095801097
555,18.511922663802363,12.011922663802363,905.6078794615289,346.39384957391627,27.328601837158203,-31.42859649658203,7.467234399336955,0.8010725437063447
556,18.545277479412817,12.045277479412817,911.9584900928015,345.64710308502634,28.467500686645508,-31.295595169067383,7.410300679798537,0.7789257104761489
557,18.578632295023272,12.078632295023272,915.4981231231232,346.75487987987987,29.101470947265625,-31.496644973754883,7.4186597356764725,0.7719247618984455
558,18.611987110633727,12.111987110633727,920.5500821018062,346.43779209296446,30.00745391845703,-31.440853118896484,7.383767905845537,0.7922605289672642
559,18.645341926244182,12.145341926244182,926.0585483055133,346.15958523014666,30.995342254638672,-31.39220428466797,7.379569799997305,0.7940211398996114
560,18.678696741854637,12.178696741854637,932.6096909576497,346.1954724659799,32.17012023925781,-31.40057945251465,7.358543345066374,0.8225257756839284
561,18.71205155746509,12.212051557465092,937.3426304698152,346.5750588818644,33.018699645996094,-31.470502853393555,7.453388226846905,0.801882418608525
562,18.745406373075546,12.245406373075546,942.4502228826152,346.2651064883606,33.934974670410156,-31.416000366210938,7.457544777905285,0.7800380852217025
563,18.778761188686,12.278761188686001,948.1150331706094,345.78007259982473,34.95143127441406,-31.330034255981445,7.417267213893079,0.7866726162540705
564,18.812116004296453,12.312116004296453,953.3804853514397,345.77429900666414,35.89599609375,-31.33051109313965,7.400536514661886,0.7585572141628842
565,18.845470819906907,12.345470819906907,957.1689411170078,345.4902704068739,36.57585906982422,-31.28030014038086,7.382368802487482,0.7694541076544873
566,18.878825635517362,12.378825635517362,962.284188034188,345.5016339869281,37.49359893798828,-31.283830642700195,7.40193218398399,0.7860364670153532
567,18.912180451127817,12.412180451127817,966.7250653716848,346.9707383887436,38.28927230834961,-31.55048370361328,7.43673879080412,0.7819001577432692
568,18.945535266738272,12.445535266738272,972.8701166920345,347.365169964485,39.39160919189453,-31.623517990112305,7.368363157540443,0.8046122910810535
569,18.978890082348727,12.478890082348727,976.6253190403265,347.4261102603369,40.06542205810547,-31.635618209838867,7.345898583436449,0.7997135874434843
570,19.01224489795918,12.512244897959182,982.9479448524673,347.4075505733797,41.20011520385742,-31.63410758972168,7.31065949226066,0.7909491364905965
571,19.045599713569636,12.545599713569636,985.3692674959165,347.55408970976254,41.634559631347656,-31.661279678344727,7.403327590195649,0.7926985795039166
572,19.07895452918009,12.578954529180091,986.5666794038976,347.5893516749458,41.84943389892578,-31.668001174926758,7.352926135587394,0.8078376164498684
573,19.112309344790546,12.612309344790546,991.9431201917013,347.9122209610291,42.81416320800781,-31.72789764404297,7.389361670212862,0.7771032803368386
574,19.145664160401,12.645664160401001,997.8070440251572,348.1464150943396,43.866546630859375,-31.77191925048828,7.399140582080448,0.764301867557987
575,19.179018976011456,12.679018976011456,1003.1413949962092,348.5782158200657,44.823753356933594,-31.851490020751953,7.382368802487482,0.764390961669707
576,19.21237379162191,12.71237379162191,1007.1976524043923,348.702385460053,45.551841735839844,-31.875112533569336,7.386565317541219,0.7592079044235968
577,19.245728607232365,12.745728607232365,1011.3483033932135,349.24476047904193,46.296539306640625,-31.974319458007812,7.429790514232564,0.7867113508750371
578,19.27908342284282,12.77908342284282,1018.0513983371126,349.6832955404384,47.499656677246094,-32.05552291870117,7.393554216178667,0.8275307693378179
579,19.312438238453275,12.812438238453275,1021.4903057419835,350.1295053442704,48.11671829223633,-32.13716125488281,7.443680581535003,0.7933785052553617
580,19.34579305406373,12.84579305406373,1027.4121904761905,350.9413333333333,49.179325103759766,-32.28559494018555,7.36415626986806,0.7791090862480136
581,19.379147869674185,12.879147869674185,1030.6820083682007,351.32344364143523,49.766136169433594,-32.35560607910156,7.369764919782278,0.785527540714586
582,19.41250268528464,12.91250268528464,1032.5848600508905,351.6442748091603,50.1075325012207,-32.41414260864258,7.35713944476836,0.7892015882158505
583,19.445857500895094,12.945857500895094,1042.696519308943,350.8365091463415,51.924530029296875,-32.27117919921875,7.362753439820116,0.7904064761367907
584,19.47921231650555,12.97921231650555,1050.0991808443603,350.0364209199748,53.25517272949219,-32.12877655029297,7.392156965062311,0.7903082345401743
585,19.512567132116004,13.012567132116004,1054.6281470292042,349.5005035246727,54.069435119628906,-32.03325271606445,7.396347926543314,0.8107356736410208
586,19.54592194772646,13.045921947726459,1055.4126201315123,349.9152756702074,54.20989990234375,-32.10845184326172,7.379569799997305,0.8070616435653183
587,19.579276763336914,13.079276763336914,1062.1573578168834,351.192297883193,55.42026138305664,-32.34123992919922,7.348710410748395,0.8271636127448225
588,19.61263157894737,13.112631578947369,1071.267488175255,351.35088374408764,57.05705642700195,-32.37260818481445,7.438127667236214,0.7937427055882887
589,19.645986394557823,13.145986394557823,1077.5858623704257,351.42962407893094,58.19242858886719,-32.38871383666992,7.425618427512814,0.772318954527383
590,19.67934121016828,13.179341210168278,1080.5630800100325,351.85590669676446,58.72698974609375,-32.46664810180664,7.410300679798537,0.7701861913678909
591,19.712696025778733,13.212696025778733,1083.7415844090103,351.61769172361426,59.29854965209961,-32.42454147338867,7.3767697354685025,0.8064493081285944
592,19.746050841389184,13.246050841389184,1090.738448233259,351.67012601927354,60.55611801147461,-32.43609619140625,7.465850937648503,0.781776655771023
593,19.77940565699964,13.27940565699964,1094.6034008502124,352.19392348087024,61.25020980834961,-32.53192901611328,7.42144399538631,0.7849447860325524
594,19.812760472610094,13.312760472610094,1099.8101265822784,352.47021593447505,62.18587112426758,-32.583431243896484,7.449229356499752,0.7945617692453025
595,19.84611528822055,13.346115288220549,1103.5157830591102,352.5323583180987,62.85197830200195,-32.595767974853516,7.516869443258217,0.8063694921154655
596,19.879470103831004,13.379470103831004,1102.9506310319227,352.5556792873051,62.7503547668457,-32.599815368652344,7.460314525364905,0.7842684915537602
597,19.91282491944146,13.412824919441459,1107.0311444652907,352.5691056910569,63.48395919799805,-32.60346221923828,7.420051996125191,0.7820502664455078
598,19.946179735051913,13.446179735051913,1113.611995557201,353.0144390966309,64.66661071777344,-32.68593978881836,7.470000554052816,0.8054609221928724
599,19.97953455066237,13.479534550662368,1119.545511613308,353.4721908349027,65.73295593261719,-32.770477294921875,7.406117613882481,0.7754743825860821
600,20.012889366272823,13.512889366272823,1122.8694413477021,353.3337049424006,66.33087921142578,-32.746437072753906,7.456159518345102,0.7735813987499567
601,20.046244181883278,13.546244181883278,1125.4545454545455,353.2555349412492,66.79591369628906,-32.73307418823242,7.461699013550782,0.7998853311694154
602,20.079598997493733,13.579598997493733,1131.617994100295,354.14786135693214,67.90314483642578,-32.896263122558594,7.485196132603645,0.8153084714996385
603,20.112953813104188,13.612953813104188,1137.0808859520312,354.79344101811057,68.88478088378906,-33.01462936401367,7.5017380226847346,0.8228174498220548
604,20.146308628714642,13.646308628714642,1139.9218122489958,355.1701807228916,69.39521789550781,-33.0836067199707,7.407512231654731,0.8306582476799866
605,20.179663444325097,13.679663444325097,1145.3728897104127,354.9829944547135,70.3760757446289,-33.05141067504883,7.475529792821764,0.8530190699246587
606,20.213018259935552,13.713018259935552,1154.3062241672744,355.595793824459,71.98229217529297,-33.164920806884766,7.526482690285539,0.833856549021269
607,20.246373075546007,13.746373075546007,1149.76973761619,350.7273796917284,71.1734848022461,-32.28316116333008,7.650355721761688,0.8352631704435516
608,20.279727891156462,13.779727891156462,1147.5323147811325,346.5468655268582,70.77720642089844,-31.5263729095459,7.536083674385961,0.7939359075177714
609,20.313082706766917,13.813082706766917,1143.6354092102122,341.75614411834886,70.0831527709961,-30.65859603881836,7.597514591152921,0.8042839632026563
610,20.34643752237737,13.846437522377371,1143.6593908003451,339.74867431249226,70.09046173095703,-30.295400619506836,7.472765684835673,0.8114741267094242
611,20.379792337987826,13.879792337987826,1139.508907728222,338.14620960805996,69.34596252441406,-30.004287719726562,7.486576019449657,0.783538782689712
612,20.41314715359828,13.913147153598281,1134.3897608370703,337.3100398604883,68.42605590820312,-29.8515625,7.435349654938673,0.7718006770873193
613,20.446501969208736,13.946501969208736,1129.1273642839597,336.8172439204127,67.47991180419922,-29.760936737060547,7.487955652008949,0.7570511104591501
614,20.47985678481919,13.97985678481919,1120.7029727095514,336.1496101364522,65.96524047851562,-29.63780975341797,7.518243516835777,0.7752439621226722
615,20.513211600429646,14.013211600429646,1117.002258185924,336.0046418266215,65.29969024658203,-29.61056137084961,7.408906586910686,0.7724399274334738
616,20.5465664160401,14.0465664160401,1114.4581481481482,335.8955555555556,64.84219360351562,-29.590126037597656,7.468617604757608,0.7949553320967815
617,20.579921231650555,14.079921231650555,1111.3354282193468,336.10955021565,64.28020477294922,-29.627981185913086,7.475529792821764,0.7486848721957596
618,20.61327604726101,14.11327604726101,1106.9204870170206,335.8078022114548,63.486507415771484,-29.572172164916992,7.445068162977112,0.7963236896206092
619,20.64663086287146,14.146630862871461,1103.9963208241354,335.97142506745155,62.960350036621094,-29.600969314575195,7.493471642187567,0.8040278824801516
620,20.679985678481916,14.179985678481916,1099.6947731755424,336.1489151873767,62.18650436401367,-29.631893157958984,7.4741478666073835,0.7871796589314654
621,20.71334049409237,14.213340494092371,1094.8939393939395,336.05974377925594,61.3232536315918,-29.614437103271484,7.476911463620518,0.7753463132975295
622,20.746695309702826,14.246695309702826,1093.2549236829148,336.2237813884786,61.02830123901367,-29.643657684326172,7.479674039537294,0.7883441271619274
623,20.78005012531328,14.28005012531328,1090.9328635014838,336.1756923837784,60.610816955566406,-29.63431739807129,7.463083244898104,0.7604014725359777
624,20.813404940923736,14.313404940923736,1082.8905270917803,335.0836712126797,59.16611862182617,-29.434572219848633,7.486576019449657,0.7627144139009707
625,20.84675975653419,14.34675975653419,1076.684664416948,334.947006624172,58.05054473876953,-29.408151626586914,7.422835733606775,0.7581615772626348
626,20.880114572144645,14.380114572144645,1071.4765441267482,334.34434954821137,57.1149787902832,-29.297718048095703,7.458929780197457,0.7865734496834604
627,20.9134693877551,14.4134693877551,1068.4058024691358,334.4166666666667,56.562870025634766,-29.309955596923828,7.468617604757608,0.7772250156185948
628,20.946824203365555,14.446824203365555,1063.4706686552322,334.3772060651255,55.675819396972656,-29.301469802856445,7.443680581535003,0.8024755620911225
629,20.98017901897601,14.48017901897601,1057.5527819175359,333.41604570293094,54.61322784423828,-29.12601661682129,7.446455485855637,0.7865449975597847
630,21.013533834586465,14.513533834586465,1050.4185407296352,333.0578460769615,53.331443786621094,-29.059297561645508,7.424227210933387,0.7818562047278336
631,21.04688865019692,14.54688865019692,1049.1635883905012,333.0618168111572,53.10589599609375,-29.059673309326172,7.403327590195649,0.7800435121958506
632,21.080243465807374,14.580243465807374,1044.4305713204692,333.4510026485055,52.254920959472656,-29.128768920898438,7.389361670212862,0.7897106479734142
633,21.11359828141783,14.61359828141783,1038.3454637351529,332.8538033864038,51.16212844848633,-29.01911735534668,7.382368802487482,0.7608408767400404
634,21.146953097028284,14.646953097028284,1032.5538057742783,331.78365204349456,50.12263107299805,-28.824024200439453,7.422835733606775,0.7753471132040293
635,21.18030791263874,14.680307912638739,1028.8576051779935,331.51070450585013,49.45883560180664,-28.77366828918457,7.438127667236214,0.7937427055882887
636,21.213662728249194,14.713662728249194,1026.5800833017797,332.46371323993435,49.048675537109375,-28.945390701293945,7.386565317541219,0.7801736310653399
637,21.24701754385965,14.747017543859648,1019.3317248205889,332.2046523137837,47.746822357177734,-28.896587371826172,7.460314525364905,0.7969282959214766
638,21.280372359470103,14.780372359470103,1014.7284136546184,331.5173192771084,46.92060470581055,-28.77106475830078,7.407512231654731,0.7783396101038705
639,21.313727175080558,14.813727175080558,1010.2382212144116,331.40375409423024,46.11420440673828,-28.749319076538086,7.393554216178667,0.7879678984100306
640,21.347081990691013,14.847081990691013,1006.4296992481203,330.9322055137844,45.43061065673828,-28.663036346435547,7.413088079061983,0.7707657157094089
641,21.380436806301468,14.880436806301468,1000.9630610186584,330.55673222390317,44.44917678833008,-28.593677520751953,7.390759449790335,0.7625713715317161
642,21.413791621911923,14.913791621911923,997.3973777105396,330.2956379223399,43.80907440185547,-28.545513153076172,7.390759449790335,0.7540826961525218
643,21.447146437522377,14.947146437522377,993.6724747474747,329.640404040404,43.14075469970703,-28.42605209350586,7.385166744146587,0.7824797396389402
644,21.480501253132832,14.980501253132832,987.2973247115506,329.5100798782807,41.996116638183594,-28.400789260864258,7.369764919782278,0.7983757987952459
645,21.513856068743287,15.013856068743287,981.3069370058657,329.59665901555724,40.92049789428711,-28.41484832763672,7.348710410748395,0.8135788017059354
646,21.547210884353742,15.047210884353742,977.9004638335213,329.4192052149931,40.30906295776367,-28.381864547729492,7.411694510466333,0.8344509872352406
647,21.580565699964193,15.080565699964193,972.7466515036643,329.3650492797574,39.38388442993164,-28.37070083618164,7.382368802487482,0.8347580759069786
648,21.613920515574648,15.113920515574648,968.2951837769327,329.218124207858,38.58491897583008,-28.342954635620117,7.371166415453364,0.7922138080182011
649,21.647275331185103,15.147275331185103,961.3130656469089,329.2144040790312,37.33167266845703,-28.340431213378906,7.350115921024372,0.7688706311316054
650,21.680630146795558,15.180630146795558,958.7204788909893,329.2385633270321,36.866336822509766,-28.344106674194336,7.392156965062311,0.777691326708641
651,21.713984962406013,15.213984962406013,953.9175231569596,329.42596117244005,36.00421905517578,-28.376707077026367,7.366961128575694,0.7318026260444339
652,21.747339778016467,15.247339778016467,945.1661046584238,330.0685650056201,34.433319091796875,-28.490524291992188,7.425618427512814,0.7708311872461634
653,21.780694593626922,15.280694593626922,939.0022346368715,330.44692737430165,33.32710647583008,-28.557260513305664,7.447842550315065,0.7842368037133647
654,21.814049409237377,15.314049409237377,932.5349040139615,330.894913986537,32.16652297973633,-28.636491775512695,7.432570604325829,0.7836145020398153
655,21.847404224847832,15.347404224847832,927.8051572327043,331.0928301886793,31.317928314208984,-28.670988082885742,7.399140582080448,0.7802339383313511
656,21.880759040458287,15.380759040458287,923.2523845381525,331.43235441767064,30.501054763793945,-28.731115341186523,7.407512231654731,0.8170947982902989
657,21.91411385606874,15.414113856068742,921.5195195195195,331.3556056056056,30.190282821655273,-28.716781616210938,7.4186597356764725,0.7895931918174761
658,21.947468671679196,15.447468671679196,918.2342714196371,330.11519699812385,29.60175895690918,-28.491769790649414,7.420051996125191,0.7661071811014334
659,21.98082348728965,15.480823487289651,913.929361488185,329.41566113624935,28.830053329467773,-28.364213943481445,7.40193218398399,0.7860364657282082
660,22.014178302900106,15.514178302900106,907.7301705889677,329.76304320757066,27.718076705932617,-28.425334930419922,7.43673879080412,0.7695568194403516
661,22.04753311851056,15.547533118510561,903.6030131826742,330.4897677338355,26.977582931518555,-28.555543899536133,7.406117613882481,0.784309348912714
662,22.080887934121016,15.580887934121016,899.0861450994931,330.83623779508093,26.167469024658203,-28.616933822631836,7.464467219549761,0.7666898277458449
663,22.11424274973147,15.61424274973147,895.809796437659,329.85750636132315,25.580509185791016,-28.439233779907227,7.35713944476836,0.8021629385967883
664,22.147597565341925,15.647597565341925,889.1561473914629,330.09157241882525,24.387453079223633,-28.47974967956543,7.525110121168576,0.7791979302378053
665,22.18095238095238,15.68095238095238,884.8261895887688,330.4629146477823,23.611034393310547,-28.545679092407227,7.445068162977112,0.7712816386098108
666,22.214307196562835,15.714307196562835,879.55766134027,330.21491391056605,22.666709899902344,-28.499469757080078,7.456159518345102,0.7859892881909365
667,22.24766201217329,15.74766201217329,877.603433370384,329.7177967148326,22.31662368774414,-28.409149169921875,7.467234399336955,0.7722919355057053
668,22.281016827783745,15.781016827783745,873.7684981684981,329.5212454212454,21.62930679321289,-28.372621536254883,7.509995304240778,0.7664627659882856
669,22.3143716433942,15.8143716433942,869.0107445329287,329.4276324105675,20.776592254638672,-28.35445213317871,7.380969433921696,0.7753391412214315
670,22.347726459004654,15.847726459004654,866.4578587699317,329.4047076689446,20.319068908691406,-28.349628448486328,7.3767697354685025,0.7561671485440662
671,22.38108127461511,15.88108127461511,860.9181508147026,329.82556523935835,19.326126098632812,-28.424175262451172,7.383767905845537,0.7551235338271791
672,22.414436090225564,15.914436090225564,857.859165709912,329.3411149381298,18.778127670288086,-28.33586311340332,7.347304631603874,0.7988983740432658
673,22.44779090583602,15.947790905836019,856.0198675496689,328.75619327937204,18.448734283447266,-28.229724884033203,7.493471642187567,0.8002550356168348
674,22.48114572144647,15.98114572144647,852.4293343268752,328.4843517138599,17.80542755126953,-28.17967414855957,7.446455485855637,0.7777199928436289
675,22.514500537056925,16.014500537056925,844.0284706475181,329.41899722852105,16.29994010925293,-28.34626007080078,7.393554216178667,0.8062561750291548
676,22.54785535266738,16.04785535266738,839.7081272980854,329.5763915303664,15.525901794433594,-28.37353515625,7.369764919782278,0.7983757987952459
677,22.581210168277835,16.081210168277835,835.3415904471543,329.634781504065,14.743669509887695,-28.382923126220703,7.362753439820116,0.777737438186583
678,22.61456498388829,16.11456498388829,829.2988419872992,330.33594820072216,13.661091804504395,-28.5079288482666,7.43673879080412,0.7819001590142908
679,22.647919799498744,16.147919799498744,825.0371761171612,330.10652146701716,12.897842407226562,-28.465364456176758,7.417267213893079,0.7903876190774345
680,22.6812746151092,16.1812746151092,820.3432645785587,331.2072829131653,12.056963920593262,-28.66286849975586,7.3543308401824214,0.8109022003907568
681,22.714629430719654,16.214629430719654,812.0961160275319,335.8039577187807,10.579368591308594,-29.490474700927734,7.485196132603645,0.794750385015699
682,22.74798424633011,16.24798424633011,806.1601019757807,341.0998087954111,9.515868186950684,-30.444629669189453,7.350115921024372,0.8206428489270038
683,22.781339061940564,16.281339061940564,819.8419825788246,338.57526683842474,11.96577262878418,-29.992834091186523,7.4920930253711555,0.8064150060207996
684,22.81469387755102,16.31469387755102,822.422733559663,341.65912234376964,12.427253723144531,-30.550146102905273,7.400536514661886,0.8183330243742668
685,22.848048693161473,16.348048693161473,820.2945266085197,345.67602073062824,12.045430183410645,-31.274415969848633,7.380969433921696,0.8140113863730448
686,22.88140350877193,16.38140350877193,822.3197710588528,345.73410476545973,12.40799331665039,-31.285478591918945,7.439516284380253,0.7497102716398075
687,22.914758324382383,16.414758324382383,827.5940870447912,346.1668569978429,13.352222442626953,-31.365087509155273,7.366961128575694,0.7760379132179659
688,22.948113139992838,16.448113139992838,833.2701279157261,346.1413343365939,14.368545532226562,-31.36211585998535,7.410300679798537,0.7915414476704918
689,22.981467955603293,16.481467955603293,836.8006585612967,346.40628166160076,15.000677108764648,-31.410947799682617,7.373968607691236,0.8191811027149242
690,23.014822771213748,16.514822771213748,840.6023190621814,346.0550458715596,15.681556701660156,-31.348663330078125,7.351521162586017,0.8376163143618396
691,23.048177586824202,16.548177586824202,846.0639370466001,345.2615271117669,16.65992546081543,-31.207029342651367,7.483815991330255,0.8100285899114655
692,23.081532402434657,16.581532402434657,847.1682036149023,346.80695930161073,16.85723304748535,-31.486251831054688,7.483815991330255,0.7918309031161758
693,23.114887218045112,16.614887218045112,852.8867853085952,345.6346081029913,17.8818416595459,-31.276325225830078,7.386565317541219,0.8020199637193779
694,23.148242033655567,16.648242033655567,859.7119579163458,344.99627918911983,19.104650497436523,-31.16307258605957,7.3261855748933975,0.8008438073310322
695,23.181596849266022,16.681596849266022,858.8618867924529,346.5927044025157,18.95180892944336,-31.450971603393555,7.399140582080448,0.7802339383313511
696,23.214951664876477,16.714951664876477,861.7358156028369,347.314336372847,19.466379165649414,-31.58204460144043,7.373968607691236,0.824805680454281
697,23.24830648048693,16.74830648048693,865.742389357892,347.2081094909184,20.18415641784668,-31.56403350830078,7.337456636288147,0.8166579039756293
698,23.281661296097386,16.781661296097386,873.378107606679,346.2515769944341,21.55255126953125,-31.393596649169922,7.461699013550782,0.7711473753938034
699,23.31501611170784,16.81501611170784,880.8350864012021,344.99474079639367,22.889259338378906,-31.168861389160156,7.4158744306277935,0.7713452388039271
700,23.348370927318296,16.848370927318296,884.1069158403253,345.81159420289856,23.4752197265625,-31.317264556884766,7.359946977572238,0.7771446505050386
701,23.38172574292875,16.88172574292875,888.3715826435916,345.9589917231001,24.239418029785156,-31.345104217529297,7.410300679798537,0.7825893615414079
702,23.415080558539202,16.915080558539202,890.8533782939927,346.6425627575871,24.683881759643555,-31.46922492980957,7.425618427512814,0.7921684398489195
703,23.448435374149657,16.948435374149657,894.1018900988859,347.14958067342593,25.265838623046875,-31.56169891357422,7.417267213893079,0.8087009327469532
704,23.481790189760112,16.981790189760112,902.8113874664715,346.2151914167276,26.827411651611328,-31.395526885986328,7.5154951184559335,0.7626299690476479
705,23.515145005370567,17.015145005370567,906.1426606651662,346.0216304076019,27.42466926574707,-31.361543655395508,7.42144399538631,0.7725042849929639
706,23.54849982098102,17.04849982098102,909.9055366376591,346.6614957750031,28.098886489868164,-31.47816276550293,7.389361670212862,0.780764447900679
707,23.581854636591476,17.081854636591476,915.9119376278118,346.63509713701427,29.175731658935547,-31.475135803222656,7.340271697445347,0.7521884027816623
708,23.61520945220193,17.11520945220193,920.789737654321,346.07973251028807,30.05063247680664,-31.376266479492188,7.317720886249451,0.7898019660641747
709,23.648564267812386,17.148564267812386,927.3133762788935,345.62018441328786,31.220691680908203,-31.2951602935791,7.383767905845537,0.788515474839894
710,23.68191908342284,17.18191908342284,935.3342118473895,344.99949799196787,32.659523010253906,-31.185379028320312,7.407512231654731,0.8038608628075895
711,23.715273899033296,17.215273899033296,939.3893871449925,344.648355754858,33.3870735168457,-31.123119354248047,7.435349654938673,0.8006803134313029
712,23.74862871464375,17.24862871464375,942.6352417302797,346.1412213740458,33.96825408935547,-31.3936824798584,7.35713944476836,0.8154462344654639
713,23.781983530254205,17.281983530254205,945.5190732206861,347.13082437275983,34.48482894897461,-31.5732421875,7.334640494700524,0.8065658263377706
714,23.81533834586466,17.31533834586466,950.7895731016245,346.850522604206,35.4304313659668,-31.524147033691406,7.394951203289137,0.7609327235930559
715,23.848693161475115,17.348693161475115,952.622922134733,347.4025746781652,35.75891876220703,-31.624387741088867,7.422835733606775,0.7717402217027092
716,23.88204797708557,17.38204797708557,957.1869469026549,347.9464110127827,36.577274322509766,-31.723936080932617,7.485196132603645,0.7614091653334177
717,23.915402792696025,17.415402792696025,962.8740108803164,347.85707220573687,37.59763717651367,-31.709461212158203,7.463083244898104,0.7900615921837479
718,23.94875760830648,17.44875760830648,970.2166291009265,347.7585775106436,38.91515350341797,-31.69380760192871,7.4158744306277935,0.7927326311884308
719,23.982112423916934,17.482112423916934,975.0465145754118,347.8143219264892,39.78179168701172,-31.705286026000977,7.371166415453364,0.8052246292021196
720,24.01546723952739,17.51546723952739,979.0939944486499,347.9095382286147,40.50804901123047,-31.723665237426758,7.387963626179877,0.8127878213409327
721,24.048822055137844,17.548822055137844,983.1999239832763,348.0888128721652,41.24477005004883,-31.757246017456055,7.372567644705724,0.7898588284492843
722,24.0821768707483,17.5821768707483,986.9610173824129,348.38433026584863,41.91952896118164,-31.811731338500977,7.340271697445347,0.7984889098703908
723,24.115531686358754,17.615531686358754,991.4528890552851,348.2137776113815,42.72590255737305,-31.782230377197266,7.428400079016079,0.7801476745338702
724,24.14888650196921,17.64888650196921,996.0931763514368,348.6803392834536,43.558414459228516,-31.867874145507812,7.375369304561632,0.7450529133879359
725,24.182241317579663,17.682241317579663,1000.8058179070646,348.6259916887042,44.4044303894043,-31.859434127807617,7.394951203289137,0.7819460815713573
726,24.215596133190118,17.715596133190118,1004.4573435504469,349.04814814814813,45.0595588684082,-31.936779022216797,7.3430856794147115,0.7991012479914571
727,24.248950948800573,17.748950948800573,1009.1047904191616,349.3611526946108,45.89362335205078,-31.99468994140625,7.429790514232564,0.7867113508750371
728,24.282305764411028,17.782305764411028,1016.4250636132315,350.10776081424933,47.20722198486328,-32.131736755371094,7.35713944476836,0.8021629385967883
729,24.31566058002148,17.81566058002148,1020.9705025952651,350.8642866185593,48.02265167236328,-32.26976776123047,7.375369304561632,0.7904592532523625
730,24.349015395631934,17.849015395631934,1024.7017945780833,351.3400789105256,48.69218826293945,-32.35683822631836,7.35573527652487,0.7953389960100921
731,24.38237021124239,17.88237021124239,1027.488300728807,351.5381664748753,49.19237518310547,-32.393455505371094,7.338864301842833,0.7916948323921693
732,24.415725026852844,17.915725026852844,1031.2968071519795,352.0795657726692,49.87575149536133,-32.49240493774414,7.3430856794147115,0.7527652343788876
733,24.4490798424633,17.9490798424633,1041.389368355222,351.30406504065036,51.68923568725586,-32.355281829833984,7.420051996125191,0.7872634330894096
734,24.482434658073753,17.982434658073753,1048.0812228191353,350.587618316705,52.892051696777344,-32.2277946472168,7.337456636288147,0.7760560619372843
735,24.515789473684208,18.015789473684208,1049.9742033383916,350.27301466868994,53.23247528076172,-32.1714973449707,7.379569799997305,0.7797709680954017
736,24.549144289294663,18.049144289294663,1052.3074311580535,350.23425122595245,53.65166473388672,-32.16518020629883,7.400536514661886,0.799652025831706
737,24.582499104905118,18.082499104905118,1060.3568392098023,350.4712428107026,55.09758377075195,-32.210391998291016,7.42144399538631,0.7761172228961859
738,24.615853920515573,18.115853920515573,1069.490726626016,351.31034044715443,56.73782730102539,-32.364749908447266,7.362753439820116,0.8033876161759964
739,24.649208736126027,18.149208736126027,1075.5295007564296,351.76122037317197,57.82248306274414,-32.44804000854492,7.390759449790335,0.7540826961525218
740,24.682563551736482,18.182563551736482,1077.8524860476914,352.1056570268899,58.23953628540039,-32.510982513427734,7.368363157540443,0.7579567187539145
741,24.715918367346937,18.215918367346937,1080.1834393315874,351.7802718543459,58.658851623535156,-32.45286560058594,7.431180689287154,0.7896267004307661
742,24.749273182957392,18.249273182957392,1084.8355440923606,351.53549496438217,59.49528121948242,-32.410003662109375,7.487955652008949,0.7990773253159591
743,24.782627998567847,18.282627998567847,1091.8060447108778,351.9881353815411,60.747623443603516,-32.493896484375,7.425618427512814,0.8416665098578279
744,24.8159828141783,18.3159828141783,1098.0889220069548,352.48733233979135,61.87640380859375,-32.58600997924805,7.446455485855637,0.8201295097404936
745,24.849337629788756,18.349337629788756,1101.6352225180676,352.48573602130085,62.51395797729492,-32.58678436279297,7.369764919782278,0.8154598323309056
746,24.88269244539921,18.38269244539921,1102.3958958958958,352.3646146146146,62.65086364746094,-32.56511306762695,7.4186597356764725,0.8372090071494255
747,24.916047261009666,18.416047261009666,1108.1295597484275,352.67484276729556,63.681304931640625,-32.62290573120117,7.399140582080448,0.8191780926572825
748,24.94940207662012,18.44940207662012,1111.0614163614164,352.4981684981685,64.20870208740234,-32.59184265136719,7.509995304240778,0.7615141961202255
749,24.982756892230576,18.482756892230576,1116.4450354609928,353.4399696048632,65.17546844482422,-32.76372146606445,7.373968607691236,0.7801085889127617
750,25.01611170784103,18.51611170784103,1120.5228284369832,353.2347704438509,65.90902709960938,-32.72784423828125,7.358543345066374,0.7959463568317875
751,25.049466523451486,18.549466523451486,1124.4133888048411,353.23146747352496,66.60868072509766,-32.72841262817383,7.390759449790335,0.7964309170562373
752,25.08282133906194,18.58282133906194,1130.7789291882555,353.8863804589193,67.75259399414062,-32.848731994628906,7.471383247364805,0.8084597185692751
753,25.116176154672395,18.616176154672395,1134.4789559135754,354.2625202947421,68.41754913330078,-32.91785430908203,7.425618427512814,0.7921684398489195
754,25.14953097028285,18.64953097028285,1137.1151470224856,354.06165060538666,68.89199829101562,-32.882328033447266,7.465850937648503,0.8204759282934365
755,25.182885785893305,18.682885785893305,1142.5920908092273,354.01757597949467,69.87725830078125,-32.876007080078125,7.5113706353216685,0.8277145912074116
756,25.21624060150376,18.71624060150376,1151.335872324991,354.7178092129126,71.44920349121094,-33.0052604675293,7.547041271848159,0.8534572166606517
757,25.24959541711421,18.74959541711421,1154.7580877066857,351.9683680805176,72.06912231445312,-32.50907897949219,7.581181685287079,0.8098867618488833
758,25.282950232724666,18.782950232724666,1146.7298309178743,346.4480676328502,70.6329574584961,-31.508264541625977,7.551146271483676,0.8203104599025649
759,25.31630504833512,18.81630504833512,1141.9318010550112,341.94963576990705,69.77632141113281,-30.6931209564209,7.40472273344561,0.820414587891482
760,25.349659863945575,18.849659863945575,1140.177199504337,338.74783147459726,69.46533966064453,-30.113332748413086,7.454774001373493,0.7831040220609259
761,25.38301467955603,18.88301467955603,1136.8593260678942,337.68570712764625,68.86988067626953,-29.920223236083984,7.414481385733258,0.8119629849949919
762,25.416369495166485,18.916369495166485,1134.2380600689314,337.3804775972427,68.39865112304688,-29.86426544189453,7.479674039537294,0.7846742712483062
763,25.44972431077694,18.94972431077694,1125.2721667283265,336.3240843507214,66.78701782226562,-29.670644760131836,7.472765684835673,0.7719548942715176
764,25.483079126387395,18.983079126387395,1118.7858677790416,335.88016685627605,65.62073516845703,-29.588531494140625,7.380969433921696,0.7916601041631964
765,25.51643394199785,19.01643394199785,1115.9912713472486,335.90626185958257,65.11795806884766,-29.59248161315918,7.378169900563293,0.7660441107208912
766,25.549788757608304,19.049788757608304,1111.445649463974,335.6782597855896,64.30061340332031,-29.54998016357422,7.432570604325829,0.7748223773710372
767,25.58314357321876,19.08314357321876,1106.9307228915663,335.4539407630522,63.48880386352539,-29.508155822753906,7.407512231654731,0.813185028836125
768,25.616498388829214,19.116498388829214,1104.4573348548242,335.6186129073158,63.04372024536133,-29.537267684936523,7.369764919782278,0.8250363493171542
769,25.64985320443967,19.14985320443967,1100.4415943669055,335.5605431912486,62.32158660888672,-29.525657653808594,7.400536514661886,0.8050567678228212
770,25.683208020050124,19.183208020050124,1095.358323867222,335.54360721948757,61.40742492675781,-29.521194458007812,7.386565317541219,0.7891130601092513
771,25.71656283566058,19.21656283566058,1093.4240482472671,335.8229677095112,61.05923843383789,-29.571199417114258,7.403327590195649,0.7964635012831438
772,25.749917651271033,19.249917651271033,1091.1122074636305,336.2747628083491,60.64293670654297,-29.652286529541016,7.378169900563293,0.7574830876972826
773,25.78327246688149,19.28327246688149,1088.0099109271107,336.01593275624134,60.08543395996094,-29.604612350463867,7.408906586910686,0.8014618757581452
774,25.816627282491943,19.316627282491943,1079.951141727261,335.1417272611302,58.6375732421875,-29.444265365600586,7.347304631603874,0.7682825847598029
775,25.849982098102398,19.349982098102398,1074.0937303681367,334.57532353310717,57.585201263427734,-29.340208053588867,7.403327590195649,0.750712259482793
776,25.883336913712853,19.383336913712853,1068.3910376768056,334.7532857679309,56.559814453125,-29.370840072631836,7.417267213893079,0.7903876190774345
777,25.916691729323308,19.416691729323308,1066.6910476190476,334.44342857142857,56.25460433959961,-29.314327239990234,7.36415626986806,0.78805755404005
778,25.950046544933763,19.450046544933763,1060.6994389186432,333.6222902320836,55.17858123779297,-29.164175033569336,7.348710410748395,0.8271636141443598
779,25.983401360544217,19.483401360544217,1054.818205030001,333.3994638069705,54.12177276611328,-29.122276306152344,7.344492266091614,0.7929095527233107
780,26.016756176154672,19.516756176154672,1048.1174770699836,333.3261716296017,52.9176025390625,-29.107196807861328,7.403327590195649,0.7837185320773747
781,26.050110991765127,19.550110991765127,1044.9989918084434,332.9969754253308,52.35757064819336,-29.046815872192383,7.392156965062311,0.7813552647360182
782,26.083465807375582,19.583465807375582,1040.9322226429383,332.592578568724,51.62722396850586,-28.972579956054688,7.386565317541219,0.7801736310653399
783,26.116820622986037,19.616820622986037,1034.9693428822716,332.47757255936676,50.555912017822266,-28.950164794921875,7.403327590195649,0.7626575439924321
784,26.150175438596488,19.650175438596488,1028.441202475685,331.6547934823797,49.38385772705078,-28.799610137939453,7.383767905845537,0.788515474839894
785,26.183530254206943,19.683530254206943,1025.862752671559,331.6692416634479,48.92061996459961,-28.801532745361328,7.3134848680153235,0.7953637423703477
786,26.216885069817398,19.716885069817398,1024.667793638868,331.92048585023787,48.705692291259766,-28.84663963317871,7.4158744306277935,0.7837670731464363
787,26.250239885427852,19.750239885427852,1016.4917516685556,331.73315703311926,47.23714065551758,-28.810564041137695,7.394951203289137,0.794662225564284
788,26.283594701038307,19.783594701038307,1012.8917012970658,331.29265835537086,46.590919494628906,-28.72994613647461,7.394951203289137,0.7946622268739094
789,26.316949516648762,19.816949516648762,1007.7459718026182,331.05375125881164,45.66690444946289,-28.685361862182617,7.396347926543314,0.7976358036624321
790,26.350304332259217,19.850304332259217,1004.701119074563,330.8698604300264,45.120216369628906,-28.65129852294922,7.400536514661886,0.7868259788237922
791,26.383659147869672,19.883659147869672,1000.3038292529817,330.4075329566855,44.3309211730957,-28.566524505615234,7.406117613882481,0.7235498515694094
792,26.417013963480127,19.917013963480127,995.7161840290835,330.19455935815466,43.507259368896484,-28.52678871154785,7.411694510466333,0.7643823631646729
793,26.45036877909058,19.95036877909058,989.0501819094216,329.89750345000624,42.310523986816406,-28.471302032470703,7.408906586910686,0.7518441287017643
794,26.483723594701036,19.983723594701036,985.9888211382113,329.6316056910569,41.76107406616211,-28.42241096496582,7.362753439820116,0.7904064774415909
795,26.51707841031149,20.01707841031149,980.6543674698795,329.4618473895582,40.803443908691406,-28.390304565429688,7.407512231654731,0.7946961582478392
796,26.550433225921946,20.050433225921946,976.9197061803444,329.3376393110436,40.133052825927734,-28.36685562133789,7.373968607691236,0.8097114129095959
797,26.5837880415324,20.0837880415324,972.0683985943774,329.5655120481928,39.2619743347168,-28.406761169433594,7.407512231654731,0.8038608641377604
798,26.617142857142856,20.117142857142856,966.1141825426472,329.4482629809488,38.19325637817383,-28.383981704711914,7.43673879080412,0.8036685989200815
799,26.65049767275331,20.15049767275331,961.0393622321873,329.548081714001,37.28229904174805,-28.400676727294922,7.435349654938673,0.8060700204396712
800,26.683852488363765,20.183852488363765,958.8657844990548,329.3568998109641,36.892330169677734,-28.365537643432617,7.392156965062311,0.7903082345401743
801,26.71720730397422,20.21720730397422,952.8832891246684,329.59151193633954,35.8184928894043,-28.406356811523438,7.383767905845537,0.7636379621572739
802,26.750562119584675,20.250562119584675,944.3455024463681,330.4241625893865,34.28583908081055,-28.55457305908203,7.408906586910686,0.7886067983059495
803,26.78391693519513,20.28391693519513,938.5162738496072,330.8896371118593,33.2396240234375,-28.63714027404785,7.431180689287154,0.7896267030125115
804,26.817271750805585,20.317271750805585,933.684380032206,330.9448779883562,32.37270736694336,-28.645828247070312,7.456159518345102,0.8078715752044175
805,26.85062656641604,20.35062656641604,928.2026242745394,331.2422407267222,31.38913345336914,-28.69809341430664,7.387963626179877,0.7830725273204849
806,26.883981382026494,20.383981382026494,922.1881598793364,331.7606837606837,30.309972763061523,-28.790159225463867,7.40193218398399,0.8254058817456431
807,26.91733619763695,20.41733619763695,919.2632249840661,331.7356277884002,29.785367965698242,-28.78484535217285,7.350115921024372,0.7903488662852908
808,26.950691013247404,20.450691013247404,916.0474755086661,330.72607385079124,29.209192276000977,-28.601566314697266,7.40472273344561,0.7777535109998766
809,26.98404582885786,20.48404582885786,910.1024564082982,330.3914980272368,28.143173217773438,-28.539525985717773,7.35573527652487,0.7613926094793222
810,27.017400644468314,20.517400644468314,905.8627082550419,330.36515094575975,27.38286590576172,-28.53363037109375,7.414481385733258,0.7649573028887532
811,27.05075546007877,20.55075546007877,902.3914477858139,330.4092120289303,26.76036262512207,-28.540664672851562,7.366961128575694,0.767296121677453
812,27.08411027568922,20.58411027568922,897.9126069170695,330.74786165860917,25.957096099853516,-28.60065269470215,7.453388226846905,0.7981045090872031
813,27.117465091299675,20.617465091299675,893.2843619840969,330.8968824940048,25.127199172973633,-28.6263370513916,7.386565317541219,0.783857944199787
814,27.15081990691013,20.65081990691013,887.1463851567497,330.7234804862444,24.02685546875,-28.593368530273438,7.336048700625894,0.7783565019252555
815,27.184174722520584,20.684174722520584,883.8679081315952,330.2937306021105,23.439327239990234,-28.51485824584961,7.447842550315065,0.7879193141646882
816,27.21752953813104,20.71752953813104,878.7574137711595,330.7884688812524,22.52301025390625,-28.602867126464844,7.35573527652487,0.7736746458766093
817,27.250884353741494,20.750884353741494,878.518476044852,329.57517838939856,22.4807071685791,-28.383625030517578,7.351521162586017,0.7879967015957324
818,27.28423916935195,20.78423916935195,875.175513366912,329.2656593051789,21.881614685058594,-28.326826095581055,7.302176805792656,0.7891146970553652
819,27.317593984962404,20.817593984962404,869.9655741869918,329.39608739837394,20.947738647460938,-28.3490047454834,7.362753439820116,0.777737438186583
820,27.35094880057286,20.85094880057286,866.2785095972902,329.599046543721,20.286846160888672,-28.384689331054688,7.408906586910686,0.7688465575793393
821,27.384303616183313,20.884303616183313,860.6265193370166,329.9798649478207,19.27381134033203,-28.451967239379883,7.489335030422053,0.7804806754389195
822,27.417658431793768,20.917658431793768,857.0726543905798,329.648753601403,18.637075424194336,-28.391216278076172,7.414481385733258,0.7823956989591092
823,27.451013247404223,20.951013247404223,853.5921232451236,329.2427630761585,18.013534545898438,-28.316967010498047,7.445068162977112,0.8016623793086153
824,27.484368063014678,20.984368063014678,850.8604992657856,328.5625305922662,17.5242919921875,-28.19338035583496,7.5017380226847346,0.8020216017154195
825,27.517722878625133,21.017722878625133,844.0344109723242,329.16960568209646,16.301082611083984,-28.301219940185547,7.498983574997725,0.810600385288021
826,27.551077694235588,21.051077694235588,841.0908080059303,328.84062268346923,15.773811340332031,-28.241025924682617,7.465850937648503,0.7817766545052576
827,27.584432509846042,21.084432509846042,835.0322459692538,329.5798025246844,14.688261032104492,-28.372909545898438,7.422835733606775,0.7841598367984672
828,27.617787325456497,21.117787325456497,830.7813580246913,329.7575308641975,13.926775932312012,-28.40387725830078,7.468617604757608,0.7580400982301726
829,27.651142141066952,21.151142141066952,827.3554133734788,329.30736419520764,13.313231468200684,-28.32167625427246,7.408906586910686,0.8201851535755827
830,27.684496956677407,21.184496956677407,820.3770681031166,331.2273951519815,12.06301498413086,-28.666507720947266,7.327595405672328,0.8077670341772274
831,27.71785177228786,21.21785177228786,812.7236174979365,335.17898832684824,10.69182300567627,-29.37783432006836,7.642250098025264,0.7739179050710354
832,27.751206587898317,21.251206587898317,803.9432757325319,341.9078387177561,9.118947982788086,-30.589811325073242,7.4158744306277935,0.842352540494371
833,27.78456140350877,21.28456140350877,818.0481659874027,339.6560454489317,11.644383430480957,-30.18740463256836,7.467234399336955,0.8235580985128159
834,27.817916219119226,21.317916219119226,821.8560972584046,341.8368688748294,12.325759887695312,-30.582067489624023,7.450615904553921,0.8198964814192455
835,27.85127103472968,21.35127103472968,821.2929556466642,345.49074419182506,12.224212646484375,-31.24127197265625,7.445068162977112,0.8016623779905799
836,27.884625850340136,21.384625850340136,820.6807334840491,347.9328058276815,12.114123344421387,-31.681716918945312,7.40472273344561,0.8220528799988803
837,27.91798066595059,21.41798066595059,827.0222639149467,346.69268292682926,13.249720573425293,-31.459802627563477,7.420051996125191,0.8363339153749215
838,27.951335481561046,21.451335481561046,835.0431772406847,346.1637713997986,14.686023712158203,-31.366676330566406,7.396347926543314,0.7759952136878949
839,27.984690297171497,21.484690297171497,837.1260546530663,347.20274524619066,15.058734893798828,-31.55476951599121,7.394951203289137,0.8092935308429103
840,28.01804511278195,21.51804511278195,839.6337938091583,347.3027628549501,15.507776260375977,-31.573543548583984,7.337456636288147,0.8166579039756293
841,28.051399928392406,21.551399928392406,844.1208641975308,346.7907407407407,16.311473846435547,-31.482444763183594,7.468617604757608,0.8040488746088519
842,28.08475474400286,21.58475474400286,846.797263681592,347.34378109452734,16.790632247924805,-31.583023071289062,7.440904642381399,0.8439331160084587
843,28.118109559613316,21.618109559613316,850.6721577436664,347.42618245351304,17.484609603881836,-31.599018096923828,7.428400079016079,0.8341660616363398
844,28.15146437522377,21.65146437522377,854.4902900688298,347.812069813176,18.168346405029297,-31.669769287109375,7.485196132603645,0.8208097364210024
845,28.184819190834226,21.684819190834226,855.8204071437492,348.51330086174596,18.406360626220703,-31.796707153320312,7.425618427512814,0.8105230165524765
846,28.21817400644468,21.71817400644468,860.5357987797285,348.376540903997,19.251039505004883,-31.77339744567871,7.43673879080412,0.7998696182932472
847,28.251528822055135,21.751528822055135,868.0142439737034,346.5030435841246,20.5914306640625,-31.437435150146484,7.52099091086749,0.7637457407653475
848,28.28488363766559,21.78488363766559,874.3235443681667,346.7354436816679,21.721750259399414,-31.48120880126953,7.359946977572238,0.7808207960090405
849,28.318238453276045,21.818238453276045,881.0739926739926,346.4014652014652,22.931455612182617,-31.422874450683594,7.509995304240778,0.803788169120079
850,28.3515932688865,21.8515932688865,884.2159781664805,346.6474382830914,23.4943904876709,-31.468185424804688,7.450615904553921,0.7724315180561169
851,28.384948084496955,21.884948084496955,886.615145872129,346.91384233395405,23.924209594726562,-31.5169734954834,7.447842550315065,0.7513893539951039
852,28.41830290010741,21.91830290010741,890.0912863070539,347.49176411417073,24.54690170288086,-31.6223087310791,7.400536514661886,0.8183330243742668
853,28.451657715717865,21.951657715717865,895.4281832777572,347.36532048907003,25.503440856933594,-31.60103416442871,7.467234399336955,0.8235580985128159
854,28.48501253132832,21.98501253132832,903.2902137232846,346.2374703162104,26.913230895996094,-31.399686813354492,7.422835733606775,0.7789793515469232
855,28.518367346938774,22.018367346938774,907.0810640443771,346.4043116490166,27.592687606811523,-31.430906295776367,7.390759449790335,0.7457349764824501
856,28.55172216254923,22.05172216254923,908.615257679614,347.57184564610304,27.86707878112793,-31.64215087890625,7.3655588327357195,0.8094749184185106
857,28.585076978159684,22.085076978159684,914.2039186322226,347.38025708224137,28.86908721923828,-31.60918426513672,7.428400079016079,0.772897687352057
858,28.61843179377014,22.11843179377014,920.1673561489282,346.66904851447913,29.938690185546875,-31.48249626159668,7.411694510466333,0.811352715934492
859,28.651786609380594,22.151786609380594,927.5529484792054,345.852017380509,31.263517379760742,-31.33709716796875,7.447842550315065,0.7931716027394687
860,28.68514142499105,22.18514142499105,934.259134134134,345.3103103103103,32.46651077270508,-31.241199493408203,7.4186597356764725,0.802455355346193
861,28.718496240601503,22.218496240601503,939.4166983403014,345.09590776637526,33.39167022705078,-31.203964233398438,7.372567644705724,0.8082665132050076
862,28.751851056211958,22.251851056211958,941.937492170863,346.41951647250403,33.84291076660156,-31.443740844726562,7.414481385733258,0.7860817994187314
863,28.785205871822413,22.285205871822413,946.4215361999265,346.52995222344725,34.64712142944336,-31.46497917175293,7.497605971683998,0.8076022198684565
864,28.818560687432868,22.318560687432868,952.3067956349206,346.51364087301585,35.70285415649414,-31.463741302490234,7.452002194621654,0.7429880761874992
865,28.851915503043323,22.351915503043323,955.968691762952,346.69387501552984,36.359642028808594,-31.497356414794922,7.445068162977112,0.7712816386098108
866,28.885270318653777,22.385270318653777,959.728531504065,347.21620934959344,37.033782958984375,-31.592790603637695,7.362753439820116,0.7995526076205226
867,28.91862513426423,22.41862513426423,965.4576056694507,347.0607441154138,38.06178665161133,-31.56637191772461,7.3767697354685025,0.8198035807565008
868,28.951979949874683,22.451979949874683,971.1290812452544,347.07618324474817,39.07942581176758,-31.5708065032959,7.3767697354685025,0.7934186959391415
869,28.98533476548514,22.48533476548514,976.5615101989104,347.1966299252502,40.05416488647461,-31.594144821166992,7.372567644705724,0.7989831609402643
870,29.018689581095593,22.518689581095593,982.8246810660603,347.210433244916,41.178165435791016,-31.59845733642578,7.383767905845537,0.8014126028986893
871,29.052044396706048,22.552044396706048,984.7619047619048,347.3362307886117,41.525733947753906,-31.621749877929688,7.393554216178667,0.7879678971166747
872,29.085399212316503,22.585399212316503,987.4425526548114,347.55328540799593,42.006675720214844,-31.661739349365234,7.389361670212862,0.7897106466750289
873,29.118754027926958,22.618754027926958,994.259442960702,347.66399593030644,43.230159759521484,-31.683727264404297,7.358543345066374,0.7959463555124914
874,29.152108843537412,22.652108843537412,998.7510839071664,347.8465952563122,44.03628158569336,-31.71802520751953,7.348710410748395,0.753918897573338
875,29.185463659147867,22.685463659147867,1002.8679880329095,348.33545250560957,44.7748908996582,-31.80754852294922,7.432570604325829,0.7661773977899321
876,29.218818474758322,22.718818474758322,1006.2664924072691,348.5800348518795,45.38478469848633,-31.85273551940918,7.438127667236214,0.7673235120723404
877,29.252173290368777,22.752173290368777,1012.0912888561247,349.040422656346,46.43013000488281,-31.937623977661133,7.486576019449657,0.7961359774036495
878,29.285528105979232,22.785528105979232,1018.9547356409281,349.70495752504115,47.66183853149414,-32.0597038269043,7.369764919782278,0.7855275432976013
879,29.318882921589687,22.818882921589687,1022.2402630247849,349.7634041476985,48.251747131347656,-32.071231842041016,7.379569799997305,0.7849899383218271
880,29.35223773720014,22.85223773720014,1026.9404852160728,350.8471063937326,49.094696044921875,-32.268428802490234,7.382368802487482,0.8115572568877293
881,29.385592552810596,22.885592552810596,1030.1810213414635,351.203125,49.67628860473633,-32.333717346191406,7.362753439820116,0.7904064774415909
882,29.41894736842105,22.91894736842105,1032.6339617801718,351.4709503655252,50.11652374267578,-32.382835388183594,7.327595405672328,0.776563744781463
883,29.452302184031506,22.952302184031506,1039.7810702675667,352.3812203050762,51.39921188354492,-32.5494384765625,7.42144399538631,0.7554095052368947
884,29.48565699964196,22.98565699964196,1045.5433040824114,351.6451735978634,52.43500900268555,-32.41815185546875,7.358543345066374,0.8090723715145053
885,29.519011815252416,23.019011815252416,1052.1662215439399,350.0249268726949,53.62654495239258,-32.12731170654297,7.358543345066374,0.8090723742186361
886,29.55236663086287,23.05236663086287,1053.5284276729558,350.08805031446536,53.87119674682617,-32.13911819458008,7.399140582080448,0.8020449120632953
887,29.585721446473325,23.085721446473325,1060.6664157571195,350.7869777945051,55.15283966064453,-32.267547607421875,7.408906586910686,0.7976643508893
888,29.61907626208378,23.11907626208378,1071.537210756723,351.31894934333957,57.10557174682617,-32.366912841796875,7.420051996125191,0.7962840988985819
889,29.652431077694235,23.152431077694235,1076.4038774233895,351.82301438398997,57.97954559326172,-32.459468841552734,7.420051996125191,0.7783951887881255
890,29.68578589330469,23.18578589330469,1078.9798520785512,352.0839071665391,58.44216537475586,-32.50738525390625,7.348710410748395,0.7784384289731624
891,29.719140708915145,23.219140708915145,1080.5406427221171,351.7768115942029,58.72304916381836,-32.45235061645508,7.392156965062311,0.7813552647360182
892,29.7524955245256,23.2524955245256,1085.3679021589917,351.58005740671405,59.59090805053711,-32.418216705322266,7.428400079016079,0.8018673245108471
893,29.785850340136054,23.285850340136054,1092.0570536828964,351.94157303370787,60.79279708862305,-32.48555374145508,7.42700938349158,0.7861224963564933
894,29.819205155746506,23.319205155746506,1098.4421372191864,352.46678809957496,61.939937591552734,-32.58240509033203,7.530598896603787,0.7964823183400582
895,29.85255997135696,23.35255997135696,1101.706102583302,352.4687383002621,62.526710510253906,-32.58373260498047,7.428400079016079,0.8189262493061781
896,29.885914786967415,23.385914786967415,1103.2265069262448,352.18781979283665,62.80044174194336,-32.53339767456055,7.428400079016079,0.8324967748690617
897,29.91926960257787,23.41926960257787,1108.2102045908182,352.93026447105785,63.69546890258789,-32.669105529785156,7.429790514232564,0.7994834845023443
898,29.952624418188325,23.452624418188325,1112.0861100711345,352.7955821789592,64.39253997802734,-32.64591979980469,7.428400079016079,0.8189262465783914
899,29.98597923379878,23.48597923379878,1117.6271122793842,353.33783952935283,65.38815307617188,-32.745609283447266,7.417267213893079,0.7778110285599761
900,30.019334049409235,23.519334049409235,1120.7978763746682,353.19706737454175,65.95854187011719,-32.72111129760742,7.380969433921696,0.8008052460600505
901,30.05268886501969,23.55268886501969,1124.7221806387224,353.2668413173653,66.66417694091797,-32.734901428222656,7.429790514232564,0.7620684433129873
902,30.086043680630144,23.586043680630144,1129.3501546072973,353.46703772418056,67.4962158203125,-32.772483825683594,7.461699013550782,0.8036716717178048
903,30.1193984962406,23.6193984962406,1136.1683937823834,354.9700222057735,68.72037506103516,-33.04628372192383,7.471383247364805,0.8392878028969495
904,30.152753311851054,23.652753311851054,1138.9319049378155,354.80347247875875,69.21770477294922,-33.017005920410156,7.478292879145214,0.8072501726679397
905,30.18610812746151,23.68610812746151,1143.3177615571776,354.9127737226277,70.00647735595703,-33.03809356689453,7.523737301651329,0.8143661772014823
906,30.219462943071964,23.719462943071964,1153.2617826617827,355.54786324786323,71.7944564819336,-33.15593338012695,7.509995304240778,0.8439079987525503
907,30.25281775868242,23.75281775868242,1146.1965317919075,349.8049132947977,70.531982421875,-32.11526870727539,7.562082042994158,0.8058111275333245
908,30.286172574292873,23.786172574292873,1144.9907753677387,346.2311144353029,70.32036590576172,-31.468517303466797,7.432570604325829,0.836287707289185
909,30.319527389903328,23.819527389903328,1139.970548862115,341.13253012048193,69.42464447021484,-30.544736862182617,7.522364231596708,0.8000091640115106
910,30.352882205513783,23.852882205513783,1138.8890534369984,338.50302357151674,69.23390197753906,-30.068675994873047,7.470000554052816,0.7926145490097775
911,30.386237021124238,23.886237021124238,1139.0132147709028,338.0783006051624,69.2568588256836,-29.991863250732422,7.467234399336955,0.7920276432031617
912,30.419591836734693,23.919591836734693,1131.7683232931727,337.2688253012048,67.95443725585938,-29.843379974365234,7.407512231654731,0.7909458572097663
913,30.452946652345148,23.952946652345148,1124.8745960725826,336.5476012925677,66.71517181396484,-29.710975646972656,7.443680581535003,0.7896556311715787
914,30.486301467955602,23.986301467955602,1120.3432779456193,336.1691842900302,65.90049743652344,-29.641254425048828,7.396347926543314,0.7885634888756442
915,30.519656283566057,24.019656283566057,1116.575485799701,336.2268310911809,65.22261047363281,-29.650646209716797,7.435349654938673,0.7969017735012175
916,30.553011099176512,24.053011099176512,1112.2113338282602,336.0878495421925,64.43777465820312,-29.624298095703125,7.460314525364905,0.7894754917942919
917,30.586365914786967,24.086365914786967,1108.5016205435052,335.8244826726502,63.7708625793457,-29.575626373291016,7.432570604325829,0.7712238467358706
918,30.61972073039742,24.11972073039742,1105.2199898913318,336.0183219610816,63.18036651611328,-29.609786987304688,7.382368802487482,0.764390961669707
919,30.653075546007877,24.153075546007877,1101.1935969868173,336.13785310734465,62.45606231689453,-29.63030242919922,7.406117613882481,0.8235244760688325
920,30.68643036161833,24.18643036161833,1097.2045539380365,336.230558666169,61.73855972290039,-29.645973205566406,7.439516284380253,0.8119543733125187
921,30.719785177228786,24.219785177228786,1094.4486560138732,335.799454973368,61.243507385253906,-29.567230224609375,7.456159518345102,0.7859892881909365
922,30.753139992839237,24.253139992839237,1091.4468352837548,335.6500566251416,60.70389938354492,-29.53937530517578,7.397744386090647,0.7915034063723615
923,30.786494808449692,24.286494808449692,1087.6922980745185,335.72005501375344,60.02869415283203,-29.551006317138672,7.42144399538631,0.7812701056238398
924,30.819849624060147,24.319849624060147,1080.5542449932423,334.7145841012409,58.746517181396484,-29.367164611816406,7.486576019449657,0.7712382286520123
925,30.853204439670602,24.353204439670602,1074.2897369396073,334.60121032481163,57.62041091918945,-29.344942092895508,7.467234399336955,0.7355408848910869
926,30.886559255281057,24.386559255281057,1069.3080675422138,334.62063789868665,56.72483444213867,-29.347095489501953,7.420051996125191,0.7909812260012629
927,30.91991407089151,24.41991407089151,1067.815664160401,334.6672932330827,56.45650100708008,-29.355127334594727,7.413088079061983,0.7707657169573466
928,30.953268886501967,24.453268886501967,1062.4634266077564,334.4256259204713,55.49470138549805,-29.309953689575195,7.490714154829365,0.7818307934889271
929,30.98662370211242,24.48662370211242,1055.9238903233738,334.19230296323616,54.319602966308594,-29.265966415405273,7.483815991330255,0.7706696797746543
930,31.019978517722876,24.519978517722876,1050.265015015015,333.5256506506506,53.30332565307617,-29.143861770629883,7.4186597356764725,0.7933282229474004
