method,frame,time_s,x_px,y_px,marker_radius_px,marker_radius_mm,area_px2,x_mm,y_mm,motion_radius_px,motion_radius_mm,theta_rad,theta_unwrapped_rad,theta_unwrapped_deg,rev_float,rev_index
centroid,0,0.0,1004.1083718541345,626.0820493066255,20.32649089898599,3.522783426739938,1298.0,9.724963753521735,-20.925696656997683,133.14345951520164,23.075088311596893,-1.1357542006976609,-1.1357542006976609,-65.07392226423022,0.0,1
centroid,1,0.03335437139154,999.6292945187515,627.9512195121952,20.113971893676243,3.485951765363021,1271.0,8.948695017192009,-21.249642479946655,133.03923982972677,23.057026001552554,-1.1722148372565289,-1.1722148372565289,-67.16296285741376,0.005802890536620945,1
centroid,2,0.06670874278308,995.6359158679445,629.6854366347178,19.963065333312567,3.459798154664678,1252.0,8.256602702897766,-21.550199588793028,133.15882316189146,23.07775098466733,-1.2049140816024708,-1.2049140816024708,-69.03649155170325,0.011007136909647306,1
centroid,3,0.10006311417462001,992.0002613354239,630.8473801123741,20.149547385175307,3.4921173525503932,1275.5,7.626507543031569,-21.751575972264142,132.99772028432832,23.049830250591786,-1.2335705049087904,-1.2335705049087904,-70.67838366309569,0.015567948330181854,1
centroid,4,0.13341748556616,987.4772697668359,632.2331639963527,20.181117396520943,3.4975887501124756,1279.5,6.842628032481063,-21.99174612872565,132.89301479626837,23.031683746118418,-1.269146126236094,-1.269146126236094,-72.71671661870577,0.021229984317987654,1
centroid,5,0.1667718569577,983.3243171572526,633.4642004773269,20.002887964817102,3.4666998135378457,1257.0,6.122879960972754,-22.205097018185114,132.9052318825266,23.03380108891051,-1.3017403274960173,-1.3017403274960173,-74.58422678749939,0.026417512564636585,1
centroid,6,0.20012622834924002,978.8166007905138,634.5990777338603,20.066439794405365,3.477713978900924,1265.0,5.341647795120457,-22.40178255582011,132.88231779025614,23.029829848380587,-1.336719861495676,-1.336719861495676,-76.5884064550142,0.031984678307733265,1
centroid,7,0.23348059974078,974.4923949471512,635.189997422016,20.287303488528025,3.515991858004133,1293.0,4.592219831655806,-22.504194826305657,132.5253384286168,22.967961767701006,-1.369499395986072,-1.369499395986072,-78.4665354357174,0.037201703254131066,1
centroid,8,0.26683497113232,969.5592275790564,636.1832555728356,20.232313600583467,3.506461562447853,1286.0,3.737252767639575,-22.676336361682843,132.60771561987812,22.982238555837185,-1.4074561474683656,-1.4074561474683656,-80.64129709967975,0.04324270787624869,1
centroid,9,0.30018934252386004,965.1500913599581,636.6516575306708,20.16139193252045,3.494170130636491,1277.0,2.9731055237268005,-22.757515088611886,132.4268967400205,22.950900842093596,-1.4408892561907523,-1.4408892561907523,-82.55687312547452,0.04856375239234529,1
centroid,10,0.3335437139154,960.2677638453499,637.1337513061651,20.153496341094687,3.492801745962658,1276.0,2.126949512940106,-22.841066743980516,132.36332522745192,22.939883265473885,-1.4779445543067011,-1.4779445543067011,-84.67998531611747,0.05446128625524235,1
centroid,11,0.36689808530694,956.223102310231,637.5717491749174,20.046601490203663,3.474275803093615,1262.5,1.425969363759492,-22.916976139294047,132.48688568593232,22.96129752421133,-1.508653167387241,-1.508653167387241,-86.43945924033264,0.05934871382250672,1
centroid,12,0.40025245669848003,951.5821689953425,637.6274118429807,19.967051170495804,3.4604889399674916,1252.5,0.6216493732829317,-22.926623034349173,132.33543387260184,22.93504941574038,-1.5436882310184545,-1.5436882310184545,-88.44682052137345,0.06492471738095343,1
centroid,13,0.43360682809002005,947.7294337606837,637.8289262820513,19.931149940667517,3.454266899081675,1248.0,-0.04606803547796902,-22.96154749473609,132.48859466966928,22.961593708123004,-1.572802636416506,-1.572802636416506,-90.1149530737147,0.06955841891523468,1
centroid,14,0.46696119948156,943.2168658698538,637.7568393094289,19.98696843347328,3.4639408001174683,1255.0,-0.8281410188008059,-22.9490541040323,132.50242947277405,22.96399141736519,-1.6068667385052529,-1.6068667385052529,-92.06668235630268,0.07497988914464572,1
centroid,15,0.5003155708731001,938.4113840464869,637.4074220813524,20.042631473036266,3.4735877595571933,1262.0,-1.6609789055263229,-22.888496616455992,132.41410943335993,22.948684674423514,-1.643237625737399,-1.643237625737399,-94.1505806918509,0.08076849563227968,1
centroid,16,0.53366994226464,933.8682857877151,636.6232331020302,20.318659463172676,3.521426160873054,1297.0,-2.448343105849301,-22.752588851878386,132.04052876038153,22.883939421056425,-1.6779910812962155,-1.6779910812962155,-96.14180701886656,0.08629967987398983,1
centroid,17,0.56702431365618,929.4078827952807,636.0763645792817,20.228380031264564,3.505779835686779,1285.5,-3.2213753924557915,-22.65781108732877,132.05048539054366,22.88566500428157,-1.7120248652855303,-1.7120248652855303,-98.0917992023142,0.09171632482801108,1
centroid,18,0.6003786850477201,925.5190550770034,635.1583137561994,20.16139193252045,3.494170130636491,1277.0,-3.8953479882902045,-22.498703731291194,131.74907379783127,22.833427371691112,-1.7422333472477287,-1.7422333472477287,-99.82261772424526,0.09652415405559735,1
centroid,19,0.63373305643926,921.3752463539614,634.5238470634608,20.094180516361906,3.48252172245292,1268.5,-4.613511333141863,-22.38874433096453,131.8974457300423,22.859141706072975,-1.7740156750362033,-1.7740156750362033,-101.64361096962621,0.10158246862609997,1
centroid,20,0.6670874278308,916.9458857442347,633.4147012578617,20.12188299403865,3.487322837890122,1272.0,-5.3811636654870565,-22.196518310190935,131.78406077733598,22.83949096388533,-1.8086403189873685,-1.8086403189873685,-103.62745693517115,0.10709315186372481,1
centroid,21,0.7004417992223401,912.7761594480644,631.9606490353902,20.3773218683603,3.5315929402642756,1304.5,-6.10381878403107,-21.944516570373057,131.42686698668183,22.77758572052069,-1.8420866512831582,-1.8420866512831582,-105.543790615912,0.11241630097689384,1
centroid,22,0.73379617061388,908.7242617717478,630.7148177706837,19.971036212182124,3.4611795874027624,1253.0,-6.806053028589542,-21.728601597462426,131.38076410217192,22.769595631218827,-1.874346242290514,-1.874346242290514,-107.39212902945167,0.11755057434783735,1
centroid,23,0.7671505420054201,904.5482771677395,629.0854474315285,20.50190734311556,3.5531848445364607,1320.5,-7.529792774246067,-21.44621548097421,131.15039786124353,22.729670866061088,-1.9084518661590935,-1.9084518661590935,-109.34623733478192,0.12297865297375472,1
centroid,24,0.8005049133969601,900.9037640667443,627.7851506920191,20.25196998683867,3.5098682100622174,1288.5,-8.161423212304745,-21.22086109853056,131.1879421220045,22.736177660580378,-1.9379518337100696,-1.9379518337100696,-111.03646097122572,0.12767371863054305,1
centroid,25,0.8338592847885,897.3255391010651,626.1483502208365,20.208700699792736,3.502369211437724,1283.0,-8.781565255950385,-20.937187266120567,131.0035579803558,22.70422205144048,-1.9679348491920041,-1.9679348491920041,-112.75436121541598,0.13244566375329378,1
centroid,26,0.8672136561800401,893.8766114180478,624.7124440936595,20.082296327732614,3.4804620741372525,1267.0,-9.37929879206036,-20.688330425443475,131.06664054677316,22.71515488881982,-1.9964424115177912,-1.9964424115177912,-114.38772422088974,0.1369827832129431,1
centroid,27,0.90056802757158,890.1436293436293,622.9395109395109,20.302987529130018,3.518710058532281,1295.0,-10.026261784808643,-20.381063442510175,131.0584369510416,22.713733123930528,-2.027975227120562,-2.027975227120562,-116.19442147109277,0.1420013866857293,1
centroid,28,0.93392239896312,885.4988381099922,620.3048024786987,20.27160731326635,3.5132715544185404,1291.0,-10.831250391048588,-19.924442211321477,130.85323588064804,22.678169733597972,-2.068725171757633,-2.068725171757633,-118.5292213141887,0.14848694180544023,1
centroid,29,0.9672767703546601,881.3215028601143,618.1443057722308,20.2008235992402,3.5010040314164823,1282.0,-11.555224217093532,-19.550006602691617,131.03459294592082,22.709600720237038,-2.104616262226498,-2.104616262226498,-120.58562932017688,0.1541991862665185,1
centroid,30,1.0006311417462002,877.5608233731739,615.3577689243028,19.98696843347328,3.4639408001174683,1255.0,-12.206987447437205,-19.067071999042415,130.6322541830303,22.63987140331316,-2.14026061301921,-2.14026061301921,-122.62790018408307,0.15987216088848016,1
centroid,31,1.03398551313774,874.4777511324272,613.1024513722355,19.95509127054853,3.458416170125953,1251.0,-12.74131458964384,-18.67620299297827,130.45090702428962,22.608442133574822,-2.169490763669739,-2.169490763669739,-124.30266445088996,0.16452428385183263,1
centroid,32,1.06733988452928,870.6863379143089,610.7000808407437,19.843117930641572,3.43901007450319,1237.0,-13.39840428186299,-18.259848240193573,130.68009775888194,22.648163171770573,-2.2038246280310445,-2.2038246280310445,-126.2698499731674,0.16998868808038103,1
centroid,33,1.1006942559208202,867.6012968109037,608.1079793568877,20.022769579867926,3.4701454955469013,1259.5,-13.933072647588101,-17.810611222690884,130.4772846108114,22.6130136321723,-2.2346451496098085,-2.2346451496098085,-128.03573578202244,0.17489392643831173,1
centroid,34,1.13404862731236,864.4436864633493,605.1478063135366,19.915173064399998,3.4514979472145773,1246.0,-14.480317986478449,-17.297583736086224,130.16275197124168,22.558501991409933,-2.2677707973487675,-2.2677707973487675,-129.93369559110187,0.1801660370190879,1
centroid,35,1.1674029987039,860.756890275611,602.0308112324493,20.2008235992402,3.5010040314164823,1282.0,-15.119276504821643,-16.757377427606677,130.22875304555112,22.56994063528997,-2.304850919441682,-2.304850919441682,-132.0582300908557,0.1860675217406263,1
centroid,36,1.2007573700954401,857.283255086072,598.5251695357329,20.16928443308995,3.495537979634134,1278.0,-15.721292098022682,-16.149814787766207,130.04626003895447,22.538312778699797,-2.3427498090544767,-2.3427498090544767,-134.229676513901,0.19209931736019664,1
centroid,37,1.23411174148698,854.2650262202501,595.2853301062256,19.863159464818494,3.442483472090396,1239.5,-16.244381237189145,-15.588318329558753,129.905384884378,22.513897710587568,-2.3768012891875787,-2.3768012891875787,-136.18068261170131,0.19751877874297527,1
centroid,38,1.26746611287852,850.9870483980914,591.6414451261077,19.726475505261554,3.418794779840402,1222.5,-16.812487458893056,-14.956796751107332,129.84000428091028,22.502566600487402,-2.414539668140793,-2.414539668140793,-138.34293245138582,0.20352502829765445,1
centroid,39,1.3008204842700601,848.0952777777777,587.6363888888889,19.544100476116796,3.3871873699182884,1200.0,-17.313660123953635,-14.26268059472051,129.43183901245618,22.431827492088093,-2.4525178060484274,-2.4525178060484274,-140.51891946725908,0.20956943667508018,1
centroid,40,1.3341748556616,845.3048650093557,584.3127506014434,19.923163104065253,3.4528827007094938,1247.0,-17.797266463248086,-13.686660959374839,129.54503209936635,22.45144498202132,-2.486022144872737,-2.486022144872737,-142.43857667726834,0.21490181781399478,1
centroid,41,1.36752922705314,843.1231741018555,580.7847085142781,20.078333368379234,3.4797752537903315,1266.5,-18.17537523811755,-13.07521610864918,129.18964891833002,22.389853535346216,-2.5179702620910995,-2.5179702620910995,-144.26906895726975,0.21998651859177648,1
centroid,42,1.4008835984446801,840.2845363611787,577.059070018924,19.8110093045411,3.433445329636786,1233.0,-18.667339445666713,-12.42952583133168,129.40299964780525,22.42682934280916,-2.554160180914146,-2.554160180914146,-146.34259856675135,0.22574632306255868,1
centroid,43,1.43423796983622,838.1277485498448,573.4724133279374,19.831083288112968,3.4369243510274954,1235.5,-19.041132265810628,-11.807922485667927,129.27803904407648,22.405172424947697,-2.586505109363277,-2.586505109363277,-148.1958264555392,0.2308941783091916,1
centroid,44,1.46759234122776,836.6388551370325,569.6407452409883,19.82305613405485,3.43553316523845,1234.5,-19.29917233110784,-11.143856223539721,128.58753768799494,22.285501659076996,-2.6179366021817314,-2.6179366021817314,-149.9967183378324,0.23589665576000604,1
centroid,45,1.5009467126193001,834.5651478816947,565.6016520117239,19.95509127054853,3.458416170125953,1251.0,-19.658566462998007,-10.443841117252003,128.44369164070716,22.26057170565288,-2.6532496699204047,-2.6532496699204047,-152.02000808091796,0.24151690504635484,1
centroid,46,1.5343010840108402,831.8183049011643,561.2477660438668,19.794935460673933,3.4306595723183855,1231.0,-20.134621723876897,-9.689269292449342,128.92902396515706,22.344684633827736,-2.6930781096033223,-2.6930781096033223,-154.3020095793405,0.24785579809752858,1
centroid,47,1.56765545540238,829.8607147710286,556.8453594238347,19.758721502273858,3.4243833324547306,1226.5,-20.473891600859737,-8.92628835511534,128.87400072170144,22.335148557428997,-2.7304553988226234,-2.7304553988226234,-156.44357050124628,0.2538045784361557,1
centroid,48,1.6010098267939201,828.4120125016985,552.4387824432667,19.758721502273858,3.4243833324547306,1226.5,-20.72496614048581,-8.162584652742746,128.5238843958186,22.274469909236327,-2.766396847789305,-2.766396847789305,-158.50286383662197,0.2595248377010882,1
centroid,49,1.6343641981854602,826.6597222222222,548.4212072649573,19.931149940667517,3.454266899081675,1248.0,-21.02865550753169,-7.466298839113381,128.75654693318307,22.314792645449085,-2.8004228961856805,-2.8004228961856805,-160.45241280324217,0.2649402514972554,1
centroid,50,1.667718569577,825.2867686527106,543.7049114331724,19.88318079785697,3.4459533686190045,1242.0,-21.26660204264169,-6.648917773469463,128.5659018389339,22.28175195083299,-2.8385747924367286,-2.8385747924367286,-162.6383554388482,0.27101231437393886,1
centroid,51,1.7010729409685401,823.6679002192982,539.4498355263158,19.67396303746374,3.4096938458831008,1216.0,-21.547168074212948,-5.9114707168827145,128.9214068945233,22.34336451958262,-2.873830620349745,-2.873830620349745,-164.65836558150357,0.27662345365909263,1
centroid,52,1.7344273123600802,822.6663984982569,534.9373826763207,19.89118368841965,3.447340349302504,1243.0,-21.720738302456915,-5.129417671282928,128.7761229626372,22.318185366429066,-2.909688309221473,-2.909688309221473,-166.7128598169468,0.2823303820908794,1
centroid,53,1.76778168375162,821.5573615061627,529.8041446566436,19.790914959878798,3.4299627794662064,1230.5,-21.91294546476577,-4.239776369638889,128.78277804354553,22.31933875826851,-2.950471487309149,-2.950471487309149,-169.04956379650108,0.28882122647853015,1
centroid,54,1.80113605514316,820.6376392901362,525.3323703397991,19.637525992641294,3.403378942919388,1211.5,-22.072342489856023,-3.4647733191966195,128.91714828586325,22.342626460264704,-2.9858897117474608,-2.9858897117474608,-171.07887857466343,0.2944582119734256,1
centroid,55,1.8344904265347002,820.3174993174993,520.5823095823096,19.714369658460004,3.4166967159546537,1221.0,-22.127825937316146,-2.6415404554598316,128.58427954792884,22.2849369909361,-3.0227785091086026,-3.0227785091086026,-173.1924509747702,0.3003292464181666,1
centroid,56,1.86784479792624,819.846620801295,516.2093619317415,19.831083288112968,3.4369243510274954,1235.5,-22.209433876489506,-1.8836650510932484,128.60871024038144,22.289171073390545,-3.056981410333013,-3.056981410333013,-175.15213286203175,0.3057728072161154,1
centroid,57,1.90119916931778,819.4722222222222,511.25258714596947,19.738573927438622,3.420891556964741,1224.0,-22.27432088113321,-1.0246065863451082,128.65892677843075,22.297874099843437,-3.0956256031956757,-3.0956256031956757,-177.3662820157519,0.31192322153200464,1
centroid,58,1.9345535407093202,819.2674230145867,506.7325769854133,19.819041337834626,3.4348373610459495,1234.0,-22.309814624645213,-0.24124378351632356,128.73534946499976,22.311118912979662,-3.1307797272845965,-3.1307797272845965,-179.38046495852626,0.31751817415082234,1
centroid,59,1.96790791210086,819.7533807333054,501.77485013244103,19.50742086829322,3.380830428369334,1195.5,-22.225593309411497,0.6179796839649955,128.29142899143966,22.234183071234046,3.113794947871287,-3.169390359308299,-181.59269121781708,0.3236632470932968,1
centroid,60,2.0012622834924003,819.737889392068,496.940441882805,19.661824858598802,3.407590178528578,1214.5,-22.22827811321951,1.4558308086154543,128.53214515113447,22.275901580451183,3.0761915221946317,-3.2069937849849546,-183.7472088043233,0.3296480181669252,1
centroid,61,2.03461665488394,820.3169742729306,492.5367729306487,19.47884453275087,3.3758778646560086,1192.0,-22.12791693277198,2.2190305206857417,128.31866270893298,22.238902945860254,3.041644856691619,-3.241540450487967,-185.7265869338961,0.3351462907490719,1
centroid,62,2.06797102627548,820.8641416220667,488.23823246878,19.661824858598802,3.407590178528578,1214.5,-22.033087378631578,2.9640104177813837,128.27629866964637,22.231560835693266,3.0078700367655045,-3.2753152704140818,-187.66174156947685,0.3405217202923517,1
centroid,63,2.1013253976670203,821.5563293732077,484.0013655605626,19.710332723912007,3.415997074969341,1220.5,-21.91312434369209,3.698301673450885,128.22699666358602,22.223016306747393,2.9743971397095628,-3.3087881674700235,-189.57959729885818,0.345849097318411,1
centroid,64,2.13467976905856,822.0306208053692,479.7684563758389,19.47884453275087,3.3758778646560086,1192.0,-21.830924912173572,4.431907016200118,128.53412552205685,22.27624479846647,2.9413040636642256,-3.3418812435153606,-191.47569088736148,0.3511160239531424,1
centroid,65,2.1680341404501,822.9341580756013,475.25553264604804,19.6456289539899,3.404783266867296,1212.5,-21.674332899472823,5.2140416699608325,128.62887338117085,22.292665546615506,2.9055154417313154,-3.377669865448271,-193.52622787870655,0.35681196004021204,1
centroid,66,2.2013885118416403,824.5872632003225,470.6157463388418,19.87117041874968,3.4438718502360093,1240.5,-21.387833308128354,6.018162872576107,128.20041239696877,22.2184089884298,2.867302381828402,-3.4158829253511844,-195.7156749334241,0.3628937574144275,1
centroid,67,2.23474288323318,825.39670781893,466.34883401920433,19.665871750657423,3.4082915452497087,1215.0,-21.247548489589562,6.7576612974479175,128.64975484130298,22.29628451174063,2.8336647699354693,-3.449520537244117,-197.6429681277882,0.3682473496209944,1
centroid,68,2.26809725462472,826.9417502787068,461.556856187291,19.511499785403828,3.381537345351104,1196.0,-20.97977723492689,7.588158807886952,128.728260580249,22.30989033861146,2.7945424836571453,-3.488642823522441,-199.88451001643875,0.37447385486724594,1
centroid,69,2.3014516260162603,828.2245745122458,457.7895392278954,19.58071137391019,3.3935324033343157,1204.5,-20.757451011881813,8.241072378349681,128.86472417871124,22.333540840087835,2.763659993890348,-3.5195253132892383,-201.65394634093218,0.37938895576861653,1
centroid,70,2.3348059974078,830.338705117331,453.63189143341816,19.37233480535295,3.3574186675260846,1179.0,-20.39105111066083,8.961634172187733,128.5179059317236,22.27343378183313,2.7275143251934284,-3.555670981986158,-203.7249406049438,0.3851417176130933,1
centroid,71,2.36816036879934,831.8098979873173,449.81885856079407,19.61725394636576,3.3998655952884342,1209.0,-20.136078725821676,9.622470765973079,128.76994540992868,22.317114734985225,2.6958035293245253,-3.587381777855061,-205.54183537323283,0.39018864752500726,1
centroid,72,2.4015147401908803,833.6517844839465,445.7423177621606,19.62131003117006,3.4005685552039973,1209.5,-19.816861441514867,10.328975909198343,128.9433301724342,22.347164042110546,2.6611122682004615,-3.6220730389791247,-207.52949822162796,0.3957099332149937,1
centroid,73,2.43486911158242,836.1702607470048,441.79224806201546,19.401068022465477,3.36239842037885,1182.5,-19.380384408453423,11.013562350768202,128.6204505601086,22.291205787791814,2.6248202742653577,-3.6583650329142285,-209.6088763042238,0.4014859834444266,1
centroid,74,2.46822348297396,838.5231164383562,437.8545947488584,19.281751659604673,3.341719705704794,1168.0,-18.972611070881577,11.695996908743444,128.6021305416679,22.288030746036636,2.589152656848969,-3.6940326503306173,-211.65248024747018,0.40716266106455545,1
centroid,75,2.5015778543655003,841.1481634907484,433.7042253521127,19.601021213799942,3.3970523009752274,1207.0,-18.51766425804822,12.415297283725225,128.63929850382024,22.29447232425723,2.550970574345277,-3.732214732834309,-213.84015242795203,0.4132395282325606,1
centroid,76,2.53493222575704,843.5655229433651,429.86316659776764,19.62131003117006,3.4005685552039973,1209.5,-18.098711775867642,13.080991042091366,128.8503391534473,22.33104777186249,2.515755505226081,-3.7674298019535053,-215.85782726374345,0.4188441805542034,1
centroid,77,2.56828659714858,846.2941338854382,426.1340234644582,19.605080656986015,3.3977558429318178,1207.5,-17.62581630893606,13.727288708090315,128.9061590623277,22.340721918318128,2.479902177863824,-3.803283129315762,-217.91207160310168,0.4245504148301985,1
centroid,78,2.6016409685401203,848.7868536853686,423.24724972497245,19.64157789116634,3.4040811773110393,1212.0,-17.19380312759844,14.227595363909387,128.76965140816318,22.31706378154953,2.4503164444569197,-3.8328688627226666,-219.6072092611165,0.42925913054690634,1
centroid,79,2.63499533993166,851.5593408115219,420.0875225038083,19.572581536991795,3.392123421582347,1203.5,-16.713303480738585,14.775207578090997,128.71663014487368,22.30787466826336,2.4176662464529475,-3.8655190607266388,-221.47792780701056,0.43445557095216764,1
centroid,80,2.6683497113232,854.4372876749558,416.6522625356706,19.758721502273858,3.4243833324547306,1226.5,-16.214526610499327,15.370572363013236,128.913585768914,22.342009040576837,2.3829081466728583,-3.900277160506728,-223.46942022830427,0.4399874943446501,1
centroid,81,2.7017040827147403,857.6424093758516,413.416734805124,19.730509136937545,3.419493848405083,1223.0,-15.659047080623191,15.931321560824635,128.893878404597,22.33859355795636,2.3475757956285017,-3.9356095115510845,-225.49381482342056,0.4456108126644176,1
centroid,82,2.73505845410628,861.1816549247134,410.47644702306945,19.596960929714164,3.3963486132823384,1206.5,-15.04566055834278,16.440902733489537,128.59162846726548,22.28621063188929,2.311911155321142,-3.9712741518584442,-227.53724819088444,0.4512870164629284,1
centroid,83,2.76841282549782,863.6787557728877,407.50176582450416,19.762748552453708,3.4250812603805456,1227.0,-14.61288809768723,16.956444627966928,129.1576857160961,22.384313993885037,2.2820951825301496,-4.001090124649437,-229.2455775938852,0.4560323759157083,1
centroid,84,2.8017671968893603,867.3219712525668,404.7018480492813,19.68609373209335,3.4117962161450612,1217.5,-13.981482550333459,17.441698279657576,128.9819189660753,22.35385186458676,2.2465196992838243,-4.0366656078957615,-231.28390263803797,0.46169438992724376,1
centroid,85,2.8351215682809,870.4664410603497,402.02129159616464,19.39696588307668,3.3616874787448587,1182.0,-13.436514597931287,17.906265424788916,129.17273256400355,22.38692176256958,2.21454098955167,-4.068644317627916,-233.11614773996436,0.46678395965481706,1
centroid,86,2.86847593967244,873.7589398401346,400.13700743233767,19.45022621280882,3.3709180246278394,1188.5,-12.865891749569073,18.232830647314824,128.75878526813136,22.31518057120068,2.185300329192512,-4.097884977987074,-234.7915141687196,0.4714377552902483,1
centroid,87,2.9018303110639803,876.7412935323383,397.9020176893311,19.5928998042059,3.3956447797625477,1206.0,-12.349020135487576,18.620176641501654,128.91925551068468,22.3429916633248,2.156399526962618,-4.126785780216968,-236.44740816103482,0.4760374608244572,1
centroid,88,2.93518468245552,881.2113492384418,395.10028305701576,19.839107194283145,3.4383149739251953,1236.5,-11.574314937412721,19.10574517263145,128.89148948003384,22.33817953352388,2.115471709692254,-4.167713597487332,-238.79239935530927,0.4825513252529974,1
centroid,89,2.9685390538470604,884.900968188105,392.84896265560167,19.584775026828055,3.3942366748793753,1205.0,-10.934867206299055,19.495921432655688,128.9777347680536,22.35312670137397,2.0819541089620817,-4.201231198217505,-240.7128164165528,0.48788581708978496,1
centroid,90,3.0018934252386003,888.5602137279079,390.78846417317436,19.67800743323829,3.4103947799733265,1216.5,-10.300683489785904,19.85302635257474,129.053146308354,22.366196272785746,2.049407615272233,-4.233777691907353,-242.57759314293025,0.49306575244083345,1
centroid,91,3.03524779663014,892.7825464949929,388.4250357653791,19.256973215023073,3.337425354341037,1165.0,-9.568911145607705,20.262632047263676,129.29691033052026,22.408443006941205,2.011993805154132,-4.271191502025454,-244.72124655820133,0.49902034526103084,1
centroid,92,3.0686021680216804,896.7468954932327,386.88307520580435,19.49926047434974,3.3794161507804166,1194.5,-8.8818499593845,20.529869177910147,129.06811485809294,22.368790471617444,1.9791123809606055,-4.30407292621898,-246.60521338886974,0.504253586457332,1
centroid,93,3.1019565394132202,900.8039550433916,385.05249679897565,19.310619660288243,3.346722817893542,1171.5,-8.178721110650962,20.847126657569156,129.21395189609498,22.39406548357261,1.9446635499200169,-4.338521757259569,-248.57898601665474,0.5097362882011792,1
centroid,94,3.13531091080476,904.2962805826614,383.74727761278456,19.368226580345382,3.3567066711937175,1178.5,-7.5734662935918085,21.07333414907505,129.2073344236664,22.392918609657475,1.9158084570713125,-4.367376850108274,-250.23226105434364,0.5143287188614262,1
centroid,95,3.1686652821963004,909.751633986928,382.02259164535377,19.322978458135964,3.348864720716255,1173.0,-6.627999185911242,21.37223941376583,129.11198500383776,22.376393605042026,1.871513192322074,-4.411672114857512,-252.77019277688962,0.5213785292018317,1
centroid,96,3.2020196535878402,913.7220808594853,380.9023183488832,19.37233480535295,3.3574186675260846,1179.0,-5.939881177303367,21.566393939593137,129.07182266729032,22.369433071899756,1.839555766062882,-4.443629541116704,-254.60121842564186,0.5264647115594768,1
centroid,97,3.23537402497938,918.7049728374426,379.61986349073686,19.51557784998706,3.382244114581385,1196.5,-5.076296342891103,21.78865614620183,129.08765741278216,22.372177391087092,1.7996920661859255,-4.483493240993661,-256.88524018436766,0.5328092164448263,1
centroid,98,3.2687283963709204,923.1892085301273,378.73951624445397,19.252840373851964,3.336709091782227,1164.5,-4.299133611837835,21.941229096663054,129.00842414133854,22.358445475584553,1.764283657372676,-4.51890164980691,-258.91399256864065,0.5384446397344734,1
centroid,99,3.3020827677624602,927.5139309946585,377.57326403926663,19.1699964423363,3.322351412908894,1154.5,-3.5496161127765284,22.14335222555186,129.39851617746788,22.42605231272181,1.7297457050909189,-4.553439602088668,-260.89287146740963,0.5439415255643872,1
centroid,100,3.335437139154,932.2129041366652,377.18269095016234,19.384654256394796,3.3595537511552473,1180.5,-2.735237241892174,22.211042433963378,129.12602969437015,22.378827689866952,1.693327035737258,-4.589858271442328,-262.97950751685676,0.5497377368128515,1
centroid,101,3.3687915105455404,936.2634541460735,376.9420647995606,19.657777133417753,3.4068886674190284,1214.0,-2.033236561438435,22.252745343707737,128.9333872700574,22.3454408380474,1.6619134695907154,-4.621271837588871,-264.77937227650875,0.5547373611452181,1
centroid,102,3.4021458819370802,940.8833823323532,376.7443651126977,19.46658469022758,3.373753111777112,1190.5,-1.2325569690663567,22.287008669522972,128.79273968607137,22.321065210186234,1.6260438788915572,-4.657141428288029,-266.8345484364322,0.5604461838116722,1
centroid,103,3.43550025332862,945.701850294365,376.2052144659378,19.454317121722035,3.3716270199085008,1189.0,-0.3974684551065073,22.380448849254968,129.15574712673634,22.383978017030906,1.5885540883984717,-4.694631218781114,-268.98255520651566,0.5664128692841263,1
centroid,104,3.4688546247201604,950.1981263982102,376.0866890380313,19.47884453275087,3.3758778646560086,1192.0,0.3817809991838406,22.400990487019754,129.27267974733812,22.404243605417424,1.5537549356500768,-4.729430371529509,-270.9763997896298,0.5719513264594432,1
centroid,105,3.5022089961117002,955.0918324164198,376.12766257582166,19.39286287596931,3.360976386726592,1181.5,1.2299090180317165,22.393889364618445,129.40766699714968,22.427638240960793,1.5159298136794608,-4.767255493500126,-273.14361963811365,0.5779713815941206,1
centroid,106,3.53556336750324,959.8270042194093,376.9746835443038,19.42156572287085,3.365950876119153,1185.0,2.0505614775848717,22.24709219019721,128.91004052146923,22.341394613866186,1.4788839142234056,-4.80430139295618,-275.2661933252116,0.5838674196138371,1
centroid,107,3.5689177388947804,964.1645569620254,377.1831223628692,19.42156572287085,3.365950876119153,1185.0,2.8023025916922935,22.210967665842244,129.17346950093741,22.387049481083814,1.4452919448811785,-4.8378933622984075,-277.19087139405406,0.589213747582844,1
centroid,108,3.60227211028632,968.1873324869515,377.81238538580897,19.39286287596931,3.360976386726592,1181.5,3.4994896772119017,22.1019101133464,129.11686724570868,22.37723974620991,1.4137656426339122,-4.869419664545674,-278.9971954564762,0.5942313144229056,1
centroid,109,3.63562648167786,972.905737704918,378.8083333333333,19.706294962377495,3.415297290659024,1220.0,4.31723632050117,21.92930240939641,128.96102756015682,22.35023117575775,1.376411546908221,-4.906773760271365,-281.137427489086,0.6001764034023772,1
centroid,110,3.6689808530694004,977.6966904063678,379.80044686496296,19.491096663870767,3.3780012810718527,1193.5,5.147556165615418,21.757359247931003,129.00583463580614,22.357996688471307,1.3384788731359685,-4.944706434043618,-283.3108096018827,0.6062135759379235,1
centroid,111,3.70233522446094,983.1216795201371,381.3507569265924,19.273495717603584,3.340288868685355,1167.0,6.087760839171967,21.488675065375478,128.8694961417227,22.33436786883044,1.2947293371148085,-4.988455970064778,-285.8174733715507,0.613176530853668,1
centroid,112,3.73568959585248,987.687815527357,381.93273297857826,19.71840576652941,3.417396213702991,1221.5,6.879117710872675,21.38781281616169,129.6341052056634,22.466882238958135,1.2596089026103154,-5.023576404569271,-287.8297260433238,0.6187661216085932,1
centroid,113,3.7690439672440204,992.0282509347736,383.8537598670544,19.572581536991795,3.392123421582347,1203.5,7.631358419515863,21.05487971331199,129.22057639348813,22.395213574984112,1.223072807550292,-5.0601124996292945,-289.9230900901519,0.6245810217386714,1
centroid,114,3.80239833863556,996.3841973244147,385.7056856187291,19.511499785403828,3.381537345351104,1196.0,8.386287335945838,20.73392252606439,129.05038885566915,22.365718378757386,1.1864408885805195,-5.096744418599067,-292.0219444425851,0.6304111727176525,1
centroid,115,3.8357527100271,1000.9396226415095,387.59203354297694,19.48292943256148,3.376585818499307,1192.5,9.175787938315604,20.406999633292127,129.1039559235055,22.37500208541048,1.148242444074849,-5.134942863104737,-294.21055409672465,0.6364906439791512,1
centroid,116,3.8691070814186403,1004.6113427856548,389.3616902974701,19.535955403674656,3.3857757476982324,1199.0,9.81213362807101,20.100300483068523,129.06002257209556,22.367387997814287,1.116666670688665,-5.166518636490921,-296.01971264661455,0.641516084395512,1
centroid,117,3.90246145281018,1009.4016776677668,391.7384488448845,19.64157789116634,3.4040811773110393,1212.0,10.642346398937438,19.688384542348444,129.13635473338758,22.38061712201792,1.0752455818869422,-5.207939725292644,-298.3929662177899,0.6481084554265546,1
centroid,118,3.93581582420172,1014.0200356799779,394.2223137093454,19.661824858598802,3.407590178528578,1214.5,11.442753864496616,19.257906009567304,129.2538042727473,22.4009722975763,1.0346637254913327,-5.248521581688253,-300.7181353140642,0.6545672584717611,1
centroid,119,3.9691701955932603,1018.0484178941624,396.4859519912711,19.722441048627633,3.418095568302291,1222.0,12.140912645135481,18.865594938102447,129.44798494406606,22.434625742930663,0.9989702846980876,-5.284215022481499,-302.7632188278173,0.6602480460099641,1
centroid,120,4.002524566984801,1021.8104816639299,398.9135194307608,19.69013563619756,3.4124967184039874,1218.0,12.792915785487498,18.44487331007395,129.51992903847312,22.44709437141595,0.9643950033985456,-5.318790303781041,-304.7442365217587,0.6657508729375791,1
centroid,121,4.0358789383763405,1025.4531082529475,401.4930332261522,19.899183360445615,3.448726772181518,1244.0,13.424219272221332,17.99781786441879,129.5532210207092,22.452864203692826,0.9299369909767383,-5.353248316202848,-306.71853520393756,0.6712350359436315,1
centroid,122,4.06923330976788,1029.1852306852306,404.6369096369096,19.714369658460004,3.4166967159546537,1221.0,14.071033280421213,17.452952753634353,129.3562769974282,22.418731841906542,0.8922702437280386,-5.390915063451548,-308.87668084927407,0.6772298849584552,1
centroid,123,4.10258768115942,1032.3325310870437,406.76828453001735,19.919168484856367,3.4521903933941225,1246.5,14.616491802975737,17.08356424545933,129.72770933192436,22.483104766806413,0.8630670987771143,-5.420118208402472,-310.5498978034708,0.6818777098312239,1
centroid,124,4.13594205255096,1035.8215943215941,409.88329238329237,19.714369658460004,3.4166967159546537,1221.0,15.221181230118091,16.543702343362426,129.71339398164235,22.480623773949752,0.8270088222358147,-5.4561764849437715,-312.61588486580285,0.6876165627821462,1
centroid,125,4.1692964239425,1038.8073186959414,412.7429141716567,19.967051170495804,3.4604889399674916,1252.5,15.738637017003992,16.048101391242508,129.69642830471136,22.477683453074253,0.7951334999873024,-5.488051807192284,-314.4422063012621,0.6926896778806442,1
centroid,126,4.202650795334041,1042.4905271828666,416.1427786930258,19.657777133417753,3.4068886674190284,1214.0,16.37697375104475,15.458870989961706,129.94463838538334,22.520700733473824,0.7565675048527145,-5.5266178023268715,-316.651875055196,0.6988276466415716,1
centroid,127,4.2360051667255805,1045.505017629509,419.3592351505289,19.77884855394466,3.4278715510758095,1229.0,16.899414984913975,14.901427033814416,130.0036546593356,22.53092884184827,0.7226524907409774,-5.5605328164386085,-318.5950622259252,0.704225388782486,1
centroid,128,4.26935953811712,1048.583500467977,423.2361278245754,19.919168484856367,3.4521903933941225,1246.5,17.432946737972227,14.229522900078184,129.84275435035096,22.503043214925977,0.6845671097603382,-5.598618197419248,-320.77719381726365,0.7102868654250929,1
centroid,129,4.30271390950866,1051.5242653902405,427.18042813455656,19.975020458847634,3.461870097053004,1253.5,17.94261060379005,13.545936351315852,129.71996723920012,22.48176298498717,0.6466673568211764,-5.63651795035841,-322.9486897052662,0.716318798447322,1
centroid,130,4.3360682809002,1054.3576025744167,430.75395548404396,19.89118368841965,3.447340349302504,1243.0,18.43365617207747,12.9266084513681,129.90811376935898,22.51437065354817,0.6115646547656399,-5.671620652413946,-324.95992638255353,0.7219055669953425,1
centroid,131,4.36942265229174,1056.5110750945435,433.69205834683953,19.819041337834626,3.4348373610459495,1234.0,18.80687441921825,12.417405946983552,130.03537318391776,22.536425978234178,0.5835533182638357,-5.69963198891575,-326.5648577426277,0.7263637096622151,1
centroid,132,4.402777023683281,1058.796552660152,437.96756243213895,19.77080019204319,3.426476689756175,1228.0,19.202970456174302,11.676418483505383,129.67673405136955,22.474270242716432,0.546319590634172,-5.736865716545414,-328.69819319134706,0.7322896414642135,1
centroid,133,4.4361313950748205,1061.3882708419171,441.99807718719956,19.653728574599526,3.4061870118318485,1213.5,19.652141043605027,10.97789011228187,129.88553766620748,22.510457989900633,0.509429829029233,-5.7737554781503535,-330.81182083855384,0.7381608293731211,1
centroid,134,4.46948576646636,1063.5820237110559,445.8577336641853,19.61725394636576,3.3998655952884342,1209.0,20.032340276624172,10.308973183255372,129.99428524023983,22.529305028152496,0.47527233080975423,-5.807912976369832,-332.7689013252556,0.7435971640584038,1
centroid,135,4.5028401378579,1065.5131875414181,450.2572564612326,20.0068658683992,3.467389223868523,1257.5,20.367030212517594,9.546492041181999,129.78690595737976,22.493364131893557,0.4383142841923142,-5.844871022987272,-334.88644141548264,0.7494792198645901,1
centroid,136,4.53619450924944,1067.620099973691,454.47290186792947,20.082296327732614,3.4804620741372525,1267.0,20.732179132460935,8.815878683198752,129.9908768010787,22.528714311680698,0.40206275356238597,-5.8811225536172005,-336.9635011214668,0.7552488301589904,1
centroid,137,4.56954888064098,1069.3035455384208,458.2889152497693,20.062473702896245,3.477026615720201,1264.5,21.0239370244021,8.15452553746548,130.11365891242397,22.549993675103373,0.3700047485751008,-5.913180558604486,-338.8002895068476,0.7603510201183815,1
centroid,138,4.602903252032521,1071.0377133783247,462.44872303824263,20.022769579867926,3.4701454955469013,1259.5,21.324485592079544,7.433589395143507,130.3041118331207,22.583001064127817,0.33542177904118137,-5.947763528138405,-340.78174770417064,0.765855070666501,1
centroid,139,4.6362576234240604,1071.7950765136393,466.38376580172985,19.967051170495804,3.4604889399674916,1252.5,21.455744170570483,6.7516072714402355,129.78456245367482,22.492957979348425,0.30486602372739857,-5.978319283452188,-342.53246352348486,0.7707181701645962,1
centroid,140,4.6696119948156,1073.458416235575,470.76853694123884,19.998909270006028,3.466010266079302,1256.5,21.744017519600227,5.991682738618861,130.13928817942542,22.554435482470957,0.26888254379426785,-6.014302763385318,-344.59416505584693,0.7764451188656021,1
centroid,141,4.70296636620714,1074.4913471778486,475.1970181043663,19.963065333312567,3.459798154664678,1252.0,21.923034745076663,5.224182823133023,130.038066944728,22.53689283382598,0.2339336529650626,-6.049251654214523,-346.5965889990238,0.7820074075966488,1
centroid,142,4.73632073759868,1075.7723220226214,480.0242182302062,19.967051170495804,3.4604889399674916,1252.5,22.14504045061935,4.387580938165554,130.26089232664734,22.575510692972617,0.1955961460012344,-6.087589161178352,-348.7931663451046,0.7881090113357623,1
centroid,143,4.769675108990221,1076.3127688172042,483.82943548387095,19.867165345562018,3.4431777311419416,1240.0,22.23870526568518,3.728098869028684,130.10809582859048,22.549029537238773,0.16609565610169955,-6.117089651077887,-350.4834199099163,0.7928041601269058,1
centroid,144,4.803029480381761,1077.2286634460547,488.0326086956522,19.88318079785697,3.4459533686190045,1242.0,22.397438931775856,2.999647066710023,130.38727890558008,22.597414746546804,0.1331358918744641,-6.150049415305122,-352.37187529388314,0.7980498695268138,1
centroid,145,4.8363838517733,1077.658180853885,492.1827101564571,20.002887964817102,3.4666998135378457,1257.0,22.4718785787036,2.280393127696764,130.328839887678,22.587286682398226,0.10113144395593276,-6.182053863223653,-354.2055950852612,0.8031435356139749,1
centroid,146,4.86973822316484,1077.8010471204188,495.7751376023627,19.879178144409696,3.445259668890059,1241.5,22.496638726359535,1.6577896526998497,130.15776524691267,22.557637742390895,0.07355759447924456,-6.209627712700342,-355.78546028520446,0.8075320500582617,1
centroid,147,4.90309259455638,1077.9068170036287,500.3990409538621,20.232313600583467,3.506461562447853,1286.0,22.514969701119103,0.8564211245825881,130.00551942519246,22.531252024353694,0.03801952427354957,-6.245165782906037,-357.8216417200304,0.8131881095994449,1
centroid,148,4.93644696594792,1077.9052561543579,505.00558882235526,19.967051170495804,3.4604889399674916,1252.5,22.51469919038657,0.058060474618087395,129.910441387008,22.51477405288151,0.00257877511152951,-6.280606532068057,-359.85224706979596,0.8188286800154603,1
centroid,149,4.969801337339461,1077.890545311887,509.7840983392179,20.141647150648858,3.4907481631809425,1274.5,22.512149654792502,-0.770102842610591,129.97127870418205,22.525317766193027,-0.03419498676649343,-6.31738029394608,-361.9592284222258,0.8246814059944323,1
centroid,150,5.003155708731001,1077.8522050059594,514.2954575552907,20.014819303763414,3.4687676334733064,1258.5,22.50550489771321,-1.5519663505535422,130.16535299001242,22.558952773882115,-0.06885041145602971,-6.352035718635616,-363.9448379941697,0.8301969881387208,1
centroid,151,5.03651008012254,1077.6858897343477,518.7344813776532,19.93514215902316,3.4549587903052554,1248.5,22.47668080380743,-2.321293413942656,130.38043944221394,22.596229399390044,-0.10291078957898066,-6.386096096758567,-365.89635390923445,0.8356178656805674,1
centroid,152,5.06986445151408,1077.2731388999866,522.888933280064,19.95907870015583,3.459107231411725,1251.5,22.40514697114117,-3.041301327838453,130.46347177331856,22.610619729789548,-0.1349165805852876,-6.418101887764874,-367.73015065387364,0.8407117455267872,1
centroid,153,5.10321882290562,1076.2684581976112,527.5171009771987,19.77080019204319,3.426476689756175,1228.0,22.231025793753375,-3.8434089095486152,130.176088642226,22.56081336939175,-0.1711926925788707,-6.4543779997584565,-369.80861876824986,0.8464852680667213,1
centroid,154,5.13657319429716,1075.565427266797,531.190345727332,20.165338568935375,3.49485412205552,1277.5,22.109183527724028,-4.480018828714482,130.16282267793267,22.558514245584078,-0.19992464159036827,-6.483109948769955,-371.45483818379375,0.8510580997765654,1
centroid,155,5.169927565688701,1074.307073954984,536.4107717041801,19.899183360445615,3.448726772181518,1244.0,21.89109835926734,-5.384770672166249,130.0770286248925,22.54364528125252,-0.24119149633488243,-6.5243768035144685,-373.8192547944338,0.8576259236950098,1
centroid,156,5.203281937080241,1073.4389040384365,540.9071549149461,20.212638098894843,3.503051601938391,1283.5,21.740635861396633,-6.164038689153301,130.38823226148835,22.597579972625923,-0.27627549435852067,-6.559460801538107,-375.8294198096336,0.8632097154038983,1
centroid,157,5.23663630847178,1071.9775921506232,545.3207372049853,20.002887964817102,3.4666998135378457,1257.0,21.487375949232284,-6.928956481465342,130.26908108633307,22.576929886627333,-0.3119386285642716,-6.595123935743858,-377.8727668838318,0.8688856794988933,1
centroid,158,5.26999067986332,1070.4962876123486,549.7423472710693,20.181117396520943,3.4975887501124756,1279.5,21.230651111515773,-7.695265567362908,130.29973266844337,22.58224211125076,-0.34773178993637294,-6.630917097115959,-379.9235639658839,0.8745823380601492,1
centroid,159,5.30334505125486,1068.6780893042574,554.391225337487,20.216574731145414,3.503733859536045,1284.0,20.915539226335923,-8.500962462449106,130.2701520280358,22.57711549149637,-0.3860478235936757,-6.669233130773262,-382.1189109821285,0.8806805242163841,1
centroid,160,5.3366994226464,1067.1194345356057,558.7485797331219,20.038660669337457,3.47289957970704,1261.5,20.645408822898254,-9.256135400348633,130.54878247703616,22.625404924866917,-0.42147151491840784,-6.704656822097994,-384.1485389898099,0.8863183797932768,1
centroid,161,5.370053794037941,1065.329296875,562.6298177083333,20.185060176161283,3.4982720731140358,1280.0,20.335160127552637,-9.928792618077768,130.57309826007813,22.629619092375425,-0.45420948481851453,-6.737394791998101,-386.02428649491236,0.8915287895296725,1
centroid,162,5.4034081654294805,1063.1195067558704,566.6809654991473,20.11001517643649,3.4852660268365945,1270.5,19.952181479298513,-10.630896900006011,130.44629508072862,22.607642837797577,-0.48955663318482523,-6.772741940364411,-388.04952891412466,0.8971544629163734,1
centroid,163,5.43676253682102,1061.096974501255,570.3676839741048,20.038660669337457,3.47289957970704,1261.5,19.601656484993615,-11.26984194994988,130.46272533567563,22.61049036470776,-0.5217917011482031,-6.804977008327789,-389.8964622607436,0.9022848333236482,1
centroid,164,5.47011690821256,1058.7130818619582,574.5072231139646,19.915173064399998,3.4514979472145773,1246.0,19.18850413505892,-11.987265333489585,130.546777097854,22.625057372671,-0.5583913079415864,-6.8415766151211725,-391.9934652618428,0.9081098416600348,1
centroid,165,5.5034712796041,1056.2327267932487,578.0696202531645,20.0585068271871,3.476339116629799,1264.0,18.7586338848567,-12.604664257081716,130.40269449328528,22.6000864215128,-0.5916440449398568,-6.874829352119443,-393.8987067491022,0.9134021791246444,1
centroid,166,5.53682565099564,1053.475357710652,582.295707472178,20.010842981224172,3.4680784971531113,1258.0,18.280754345596836,-13.33708728519233,130.56853620558738,22.6288284428712,-0.6302970906502194,-6.913482397829806,-396.1133631336322,0.9195540024150056,1
centroid,167,5.570180022387181,1051.2090981644055,585.8986432561852,19.971036212182124,3.4611795874027624,1253.0,17.887988982904247,-13.961511959898083,130.9301254180959,22.691495456643683,-0.6627348824331079,-6.9459201896126945,-397.9719116995159,0.924716637320238,1
centroid,168,5.6035343937787205,1048.0857142857142,589.5099932930918,19.887182645698207,3.446646928728396,1242.5,17.346675432135406,-14.587394908479531,130.7768662882036,22.664934122202617,-0.6992066995933897,-6.982392006772976,-400.06159289397283,0.9305213073048406,1
centroid,169,5.63688876517026,1045.2245270711023,592.538812785388,20.165338568935375,3.49485412205552,1277.5,16.850803176047286,-15.112319508749819,130.60268593108447,22.63474693060264,-0.7310614078890393,-7.014246715068626,-401.88673323693394,0.9355911415908436,1
centroid,170,5.6702431365618,1041.8799412393162,596.2716346153846,19.931149940667517,3.454266899081675,1248.0,16.271153122524606,-15.759254729542953,130.70114473888486,22.651810823138714,-0.7694178855243422,-7.052603192703929,-404.08439752242475,0.941695764606096,1
centroid,171,5.70359750795334,1038.8034635521547,599.5032890320848,19.879178144409696,3.445259668890059,1241.5,15.737968882169156,-16.319332643467103,130.81568933458428,22.671662543012932,-0.8035313191083626,-7.086716626287949,-406.03895329148895,0.9471250861868299,1
centroid,172,5.73695187934488,1035.001567398119,602.7148641588296,20.153496341094687,3.492801745962658,1276.0,15.079062392692851,-16.875930616351408,130.58272280702502,22.63128712227015,-0.8415702282407913,-7.124755535420378,-408.21842224205875,0.9531791666050793,1
centroid,173,5.770306250736421,1031.4213438735178,605.8084321475626,20.066439794405365,3.477713978900924,1265.0,14.45857397887033,-17.412076776274436,130.58981327328607,22.632515970729848,-0.8778057897765915,-7.160991096956177,-410.29456698634664,0.9589462353392122,1
centroid,174,5.8036606221279605,1027.6213796735124,609.0272511848341,20.074369626682653,3.4790882978555375,1266.0,13.800002316279418,-17.969930191038745,130.73348095388226,22.657415011428885,-0.9159060406848443,-7.199091347864431,-412.4775505617791,0.9650100786043023,1
centroid,175,5.8370149935195,1023.8347746331236,611.460036687631,20.12188299403865,3.487322837890122,1272.0,13.143745929174411,-18.391556161436508,130.43377325190784,22.605472680082627,-0.9502977366775258,-7.233483043857112,-414.4480495924567,0.9704836870228513,1
centroid,176,5.87036936491104,1019.9965594812755,614.0864099510387,20.022769579867926,3.4701454955469013,1259.5,12.47854499545756,-18.846732819854562,130.4217796158022,22.60339406342866,-0.9859573842482094,-7.2691426914277955,-416.49119689718077,0.9761590962026405,1
centroid,177,5.90372373630258,1016.2768712768712,616.7336182336182,20.24017844581758,3.507824618500287,1287.0,11.833885962856455,-19.30552039471654,130.6552147809046,22.643850703727654,-1.0208877857794043,-7.3040730929589905,-418.49256148161555,0.9817184422705149,1
centroid,178,5.937078107694121,1011.7318982387476,619.2887149380299,20.165338568935375,3.49485412205552,1277.5,11.046196844589582,-19.74834411518805,130.56237604987606,22.627760826500335,-1.060804486425043,-7.34398979360463,-420.7796199606978,0.9880713824901878,1
centroid,179,5.970432479085661,1007.8067382942033,621.5097493036212,19.998909270006028,3.466010266079302,1256.5,10.365927511891643,-20.13327150340316,130.66248955626835,22.645111494791497,-1.0953271410462577,-7.378512448225844,-422.7576223680812,0.9935658336218082,1
centroid,180,6.0037868504772005,1003.8164718527474,623.639124009136,19.87117041874968,3.4438718502360093,1240.5,9.674374574491187,-20.502313359136412,130.8073024271759,22.67020900838334,-1.1299069611640702,-7.413092268343656,-424.73890011715343,0.9990693829247868,1
centroid,181,6.03714122186874,999.7697899838449,625.7590199246096,19.851136972363392,3.4403998543435153,1238.0,8.97304428133321,-20.86971244609915,131.07707505483313,22.716963293046728,-1.1647359612106116,-7.447921268390198,-426.73445482448125,1.0046125904451417,2
centroid,182,6.07049559326028,995.0362347907474,627.0616392565851,19.919168484856367,3.4521903933941225,1246.5,8.152671996383882,-21.095469356961875,130.49469866072127,22.616031660553084,-1.2020117579198908,-7.485197065099477,-428.87020065391056,1.0105452177491119,2
centroid,183,6.10384996465182,991.3381472807702,628.3853760083268,20.192943425895987,3.4996383188498235,1281.0,7.511756579378404,-21.32488612710566,130.45544970896077,22.609229426096288,-1.2321157309786062,-7.515301038158192,-430.5950312567505,1.0153364138681118,2
centroid,184,6.137204336043361,987.2834323432343,629.9198679867986,20.046601490203663,3.474275803093615,1262.5,6.809034075376552,-21.59082887822241,130.62754676508436,22.639055560873597,-1.2653017017469126,-7.548487008926498,-432.4964473208189,1.0206181251571909,2
centroid,185,6.170558707434901,982.5407979407979,631.1486486486486,20.302987529130018,3.518710058532281,1295.0,5.987088272974283,-21.80378881174835,130.46478701324492,22.610847673975183,-1.302811930768151,-7.585997237947737,-434.64562513230504,1.02658806352243,2
centroid,186,6.2039130788264405,978.0866333461488,632.5673458926053,20.346056300473066,3.5261743057873205,1300.5,5.215137162869761,-22.049663181476454,130.73689938557646,22.65800745970624,-1.3385465156838996,-7.621731822863486,-436.6930660306293,1.0322753993511087,2
centroid,187,6.23726745021798,973.6958598726114,633.5276008492568,19.994929783493642,3.465320581411032,1256.0,4.454172365747873,-22.216084934426718,130.73801722517544,22.65820119244804,-1.372926650172961,-7.656111957352547,-438.66290263594465,1.0377471676992067,2
centroid,188,6.27062182160952,969.004707728521,634.2315940891853,20.141647150648858,3.4907481631809425,1274.5,3.64114895173883,-22.338093978215014,130.5920604649341,22.632905431435766,-1.4092155959775914,-7.692400903157178,-440.742106073529,1.0435227328036076,2
centroid,189,6.30397619300106,964.7431584568147,635.421572553731,19.93514215902316,3.4549587903052554,1248.5,2.9025799965163928,-22.544329104283353,131.15468889654468,22.730414545239043,-1.4427508483265437,-7.72593615550613,-442.6635344980301,1.0488600339827776,2
centroid,190,6.337330564392601,960.0605099748975,635.4860615669177,20.038660669337457,3.47289957970704,1261.5,2.0910303519011557,-22.555505692903086,130.7035278621955,22.652223842156324,-1.478354565622589,-7.761539872802175,-444.7034772340705,1.0545265415828895,2
centroid,191,6.370684935784141,955.5879941822027,635.7721803517122,20.030716700474503,3.4715228107412592,1260.5,1.3158987963052045,-22.6050929294882,130.652391558104,22.643361411082832,-1.512649455982515,-7.795834763162102,-446.66842971055814,1.0599847429064666,2
centroid,192,6.4040393071756805,951.1049673202614,636.221568627451,20.14559765517849,3.491432824982796,1275.0,0.5389455676657917,-22.682976395838157,130.91790849786415,22.68937814262563,-1.5470408824039352,-7.830226189583522,-448.6389132959402,1.0654583084214164,2
centroid,193,6.43739367856722,946.6426426426426,636.1808330069199,20.157444523391572,3.493486005298435,1276.5,-0.23441976613278484,-22.675916506868727,130.84722605152305,22.677128170322526,-1.5811337883800567,-7.864319095559643,-450.5922929197083,1.0708843629318836,2
centroid,194,6.47074804995876,941.6966469428008,635.8752136752136,20.08625850520586,3.481148758976555,1267.5,-1.0916101078753824,-22.622949631180404,130.68648813002105,22.649270686769174,-1.6190112639750307,-7.902196571154617,-452.7625124099101,1.0769127504046663,2
centroid,195,6.5041024213503,937.201291989664,635.4927648578811,20.263754666327017,3.511910612452148,1290.0,-1.8706999175686878,-22.55666744002549,130.5989890002775,22.63410621565379,-1.6535403172898924,-7.936725624469479,-454.7408814354339,1.08240821992001,2
centroid,196,6.537456792741841,932.9214379084967,635.1551633986927,20.14559765517849,3.491432824982796,1275.0,-2.612441278678565,-22.498157742941903,130.68680512326853,22.649325624857806,-1.6863966292342454,-7.969581936413832,-456.62340944021054,1.0876374643777231,2
centroid,197,6.570811164133381,928.6152222661917,634.6576968737634,20.05453916681257,3.4756514815490673,1263.5,-3.3587513610271675,-22.411941836906376,130.76122261912778,22.66222291846226,-1.7195536183102857,-8.002738925489872,-458.5231649756291,1.092914563087219,2
centroid,198,6.6041655355249205,924.335558173014,633.75382803298,20.13374381616736,3.4893784365583906,1273.5,-4.100459795325225,-22.25529235972499,130.57464701101904,22.629887506346822,-1.7529994331890535,-8.03618474036864,-460.4394690105583,1.0982376298509113,2
centroid,199,6.63751990691646,920.168558382257,632.9581213307241,20.165338568935375,3.49485412205552,1277.5,-4.822642383311423,-22.1173884589886,130.61606630801998,22.637065883261325,-1.785483557356941,-8.068668864536527,-462.30067222655714,1.1034076387842415,2
centroid,200,6.670874278308,915.5077534791252,631.8715705765408,20.0068658683992,3.467389223868523,1257.5,-5.630406318051376,-21.929078385785566,130.63508017268964,22.640361175482173,-1.8221227108558398,-8.105308018035426,-464.39994108697607,1.109238941174294,2
centroid,201,6.70422864969954,911.3117457763475,631.1057924376508,19.89118368841965,3.447340349302504,1243.0,-6.357616266255265,-21.796361403319313,131.00596668606303,22.70463950414235,-1.8546049890938208,-8.137790296273407,-466.26103853898195,1.1144086563187547,2
centroid,202,6.737583021091081,907.252923976608,629.3686868686868,19.979003910967972,3.4625604690006497,1254.0,-7.061050530401972,-21.495303697921212,130.54847232283856,22.62535117205378,-1.8881840107207426,-8.171369317900329,-468.18497475838313,1.119752923594869,2
centroid,203,6.770937392482621,903.3010320332395,628.400482509047,19.89518392650703,3.448033630425511,1243.5,-7.745952784881139,-21.3275042342171,130.92481788139008,22.690575607642838,-1.919173724703134,-8.20235903188272,-469.9605545778917,1.1246850897601708,2
centroid,204,6.8042917638741605,899.2495103799451,626.6260608434521,20.157444523391572,3.493486005298435,1276.5,-8.44812186090278,-21.01997927741711,130.71461373881533,22.654145135045557,-1.9529474327369734,-8.23613273991656,-471.8956455067378,1.1300603423402988,2
centroid,205,6.8376461352657,895.7489333333332,625.4328,19.947114020071634,3.457033633124824,1250.0,-9.054806746410788,-20.81317528237533,130.964934928293,22.6975282916384,-1.9811499336391358,-8.264335240818722,-473.5115297801456,1.1345489097664316,2
centroid,206,6.87100050665724,891.9146407347379,623.646002160994,19.819041337834626,3.4348373610459495,1234.0,-9.7193278625606,-20.503505411394347,130.9244169718335,22.69050612602161,-2.013454971465826,-8.296640278645413,-475.36247210462545,1.1396904162233201,2
centroid,207,6.90435487804878,888.2233800935203,622.1190380761523,19.927156922508512,3.4535748692442025,1247.5,-10.359060115180133,-20.238867319259317,131.1864323987719,22.735916010499743,-2.043870940714524,-8.32705624789411,-477.1051787723755,1.1445312680781812,2
centroid,208,6.937709249440321,883.8103123317177,619.643914916532,19.851136972363392,3.4403998543435153,1238.0,-11.12388873462148,-19.80990381103836,131.09139560162288,22.719445186509965,-2.082449910767914,-8.3656352179475,-479.3155909343963,1.1506713018615724,2
centroid,209,6.971063620831861,879.8355718355718,617.6978700312033,19.774824782454758,3.4271741913796347,1228.5,-11.812750870983303,-19.47263484002919,131.4149831637961,22.775526135592028,-2.116079063542979,-8.399264370722566,-481.2423994570083,1.1560235477577168,2
centroid,210,7.0044179922234004,875.6902131018153,615.1785056564062,20.082296327732614,3.4804620741372525,1267.0,-12.531182848137693,-19.03600388835337,131.50050869684318,22.790348562732973,-2.152976225854104,-8.43616153303369,-483.35645113344486,1.1618959135255962,2
centroid,211,7.03777236361494,872.8524525316456,612.5847837552742,20.0585068271871,3.476339116629799,1264.0,-13.022995033296949,-18.586486036389264,130.94943619888303,22.69484220738646,-2.18197188128851,-8.465157188468096,-485.0177798140519,1.1665107154161714,2
centroid,212,7.07112673500648,869.0686860635046,610.1315265045835,19.98298656901829,3.4632507033280486,1254.5,-13.678759467544973,-18.16131210808007,131.1889500655698,22.736352347244427,-2.216330318449827,-8.499515625629414,-486.9863732540608,1.1719790305273072,2
centroid,213,7.104481106398021,865.526224010731,607.4835680751173,19.887182645698207,3.446646928728396,1242.5,-14.292703442005843,-17.702394525287414,131.27957186557796,22.752058008234147,-2.2500260266335186,-8.533211333813105,-488.9169951206908,1.1773418690457238,2
centroid,214,7.137835477789561,862.6871590153027,604.7595475715235,19.967051170495804,3.4604889399674916,1252.5,-14.784741697061039,-17.230294627088124,131.0022797894112,22.70400052821258,-2.2799549122873928,-8.563140219466979,-490.6317939541874,1.18210519913877,2
centroid,215,7.171189849181101,858.494180724467,601.2487249901923,20.141647150648858,3.4907481631809425,1274.5,-15.511426617987208,-16.62183408831628,131.18235242318886,22.735208910074153,-2.321651908193377,-8.604837215372964,-493.0208558379746,1.1887414821492899,2
centroid,216,7.20454422057264,855.2681012315603,598.4167005007444,19.798955145040818,3.431356223675413,1231.5,-16.070538342063706,-16.13101602310629,131.38296814605215,22.769977613986615,-2.3543163942082126,-8.637501701387798,-494.8923930265887,1.193940196562107,2
centroid,217,7.23789859196418,851.8390851265394,594.8334010014886,19.798955145040818,3.431356223675413,1231.5,-16.664821003287564,-15.509994512223985,131.3581712535533,22.76568006541497,-2.3920713383551186,-8.675256645534706,-497.0555919819587,1.1999490825492456,2
centroid,218,7.27125296335572,848.7931541649951,591.5482016312341,19.919168484856367,3.4521903933941225,1246.5,-17.19271119169473,-14.940636724272181,131.4260478235625,22.77744375138913,-2.4261653487184236,-8.70935065589801,-499.0090348824513,1.205375312828392,2
centroid,219,7.304607334747261,845.668284789644,587.6545307443366,19.83509564693766,3.4376197327950617,1236.0,-17.734282193837725,-14.265824759053611,131.32551396895465,22.760020232563434,-2.464161932969914,-8.7473472401495,-501.18607879597494,1.2114226570326243,2
centroid,220,7.337961706138801,842.8979109184075,584.22270398108,20.094180516361906,3.48252172245292,1268.5,-18.214415592561842,-13.671054982749233,131.40714058191455,22.774166938000445,-2.4977317234752103,-8.780917030654797,-503.10948611106676,1.2167654551301015,2
centroid,221,7.371316077530341,840.5814455231931,580.686758360302,19.83509564693766,3.4376197327950617,1236.0,-18.61588212918303,-13.058240370889589,131.20506289693228,22.739144861484274,-2.5298895225955103,-8.813074829775097,-504.9519922790895,1.2218835278190536,2
centroid,222,7.40467044892188,837.6978998384491,576.7735595045773,19.851136972363392,3.4403998543435153,1238.0,-19.115629330947726,-12.380044014076608,131.40841937150344,22.77438856497937,-2.5668783532831143,-8.8500636604627,-507.07129616661314,1.227770483062175,2
centroid,223,7.43802482031342,835.2846674961979,573.3163279413798,19.588837836751818,3.3949408003251573,1205.5,-19.53386654377521,-11.780871332783054,131.6220896930658,22.811419760935753,-2.598896993040304,-8.88208230021989,-508.9058290904499,1.2328664078506102,2
centroid,224,7.47137919170496,834.3710508002783,569.8065414057063,19.523731423708156,3.383657210157799,1197.5,-19.6922054213893,-11.17259035104792,130.6381097712067,22.6408862350952,-2.6255181968856407,-8.908703504065226,-510.4311117163451,1.2371033040336525,2
centroid,225,7.504733563096501,831.7224021592442,565.647233468286,19.827070117316413,3.436228828537114,1235.0,-20.151242624724663,-10.45174083789447,130.98192483307724,22.7004728114423,-2.663124919541443,-8.946310226721028,-512.5858182058415,1.2430885998378092,2
centroid,226,7.538087934488041,829.4158666666666,561.0561333333333,19.947114020071634,3.457033633124824,1250.0,-20.55098821026718,-9.656057434089544,131.01637387358042,22.706443173446974,-2.7023476332542202,-8.985532940433806,-514.8331141626337,1.2493310886066764,2
centroid,227,7.571442305879581,826.9773316946606,557.0237607537895,19.710332723912007,3.415997074969341,1220.5,-20.973610620972465,-8.95720708336983,131.5921161891383,22.80622505401847,-2.737969714676881,-9.021155021856467,-516.8741090856234,1.2550005189483147,2
centroid,228,7.60479667727112,825.5067155067155,552.424772758106,19.774824782454758,3.4271741913796347,1228.5,-21.228483061067223,-8.160156634697552,131.22636841619277,22.742837320282106,-2.774609427628779,-9.057794734808365,-518.973410000338,1.2608319103780774,2
centroid,229,7.63815104866266,823.2978043912176,547.9115103127078,19.967051170495804,3.4604889399674916,1252.5,-21.611309369232686,-7.377963278146792,131.76393541915223,22.83600303876243,-2.8126054608387254,-9.095790768018311,-521.1504223415069,1.2668791668813242,2
centroid,230,7.6715054200542,822.1108823933031,544.0017839989022,19.661824858598802,3.407590178528578,1214.5,-21.817014779176066,-6.700368747452332,131.68735879164697,22.82273154612793,-2.8436196674388654,-9.126804974618452,-522.9274054846417,1.2718152311678097,2
centroid,231,7.704859791445741,820.5196764020293,539.3127656657068,19.66991781010784,3.4089927676715406,1215.5,-22.09278663386783,-5.887715144134883,131.92471029731746,22.863866927273794,-2.8811463979715515,-9.164331705151138,-525.0775287630894,1.2777877958301644,2
centroid,232,7.738214162837281,819.2790073775989,534.765526492287,19.887182645698207,3.446646928728396,1242.5,-22.307806939096764,-5.099633282039094,132.03672471275334,22.88328014169504,-2.916851409406452,-9.200036716586037,-527.1232752257755,1.2834704248931814,2
centroid,233,7.7715685342288205,818.6350455675228,529.9788732394367,19.601021213799942,3.3970523009752274,1207.0,-22.419411937877086,-4.270058574211235,131.685634133576,22.822432645697972,-2.9533843023174744,-9.23656960949706,-529.2164558029805,1.2892848153854175,2
centroid,234,7.80492290562036,817.7386741065498,525.3696027633852,19.98298656901829,3.4632507033280486,1254.5,-22.57476204442577,-3.4712260692260295,131.78746424237522,22.840080818292236,-2.9890218340546424,-9.27220714123423,-531.2583359637838,1.2949567047209822,2
centroid,235,7.8382772770119,817.1301912568306,520.9308743169398,19.706294962377495,3.415297290659024,1220.0,-22.680218185827588,-2.70195019742679,131.79043762726866,22.840596135524116,-3.023019039399586,-9.306204346579172,-533.2062323452885,1.3003675280029399,2
centroid,236,7.87163164840344,816.8528577219295,516.4202134846641,19.815025728161594,3.4341414158739707,1233.5,-22.728282851060953,-1.9202077263552872,131.60958956992346,22.809253365031175,-3.0573074248197125,-9.340492731999298,-535.1708121161797,1.3058246940331932,2
centroid,237,7.904986019794981,816.0025231286795,511.5466778805719,19.454317121722035,3.3716270199085008,1189.0,-22.875654309674797,-1.0755754412725915,132.13854284982295,22.900926239469264,-3.0946089093906055,-9.37779421657019,-537.3080297516642,1.3117614096873167,2
centroid,238,7.938340391186521,816.0157815287498,507.20172910662825,19.661824858598802,3.407590178528578,1214.5,-22.873356496822357,-0.3225525212344704,131.9925870698595,22.875630648348917,-3.1274919183867578,-9.410677225566344,-539.1920873848345,1.3169949031127897,2
centroid,239,7.9716947625780605,815.8798102981029,502.0813008130081,19.786893642157743,3.4292658450326248,1230.0,-22.896921666049877,0.5648687272346951,132.15563386415468,22.903888282565298,3.1169275836773016,-9.44944303068187,-541.4132044073808,1.323164672619863,2
centroid,240,8.005049133969601,816.8483948522132,497.48903973978213,19.368226580345382,3.3567066711937175,1178.5,-22.729056310855377,1.3607533332111499,131.38167196110686,22.769752972219084,3.081795579287017,-9.484575035072154,-543.4261199847792,1.3287561047793028,2
centroid,241,8.03840350536114,816.9055280528053,492.6864686468647,19.64157789116634,3.4040811773110393,1212.0,-22.71915455785913,2.1930867613442806,131.69905594884386,22.82475878003259,3.045360516584628,-9.521010097774544,-545.5136953039207,1.3345549251102515,2
centroid,242,8.071757876752681,819.0956957793564,483.398662766402,19.51557784998706,3.382244114581385,1196.5,-22.339576665776434,3.8027560736260084,130.7537485782562,22.660927592700226,2.972983753273508,-9.593386861085664,-549.6605783764651,1.346074044756208,2
centroid,243,8.10511224814422,819.568855638681,479.61152673870873,19.568515351939713,3.3914187111931944,1203.0,-22.257573347106685,4.459104486122196,130.97833045548717,22.699849869987887,2.943869231319462,-9.62250138303971,-551.3287176069729,1.3507077648409518,2
centroid,244,8.13846661953576,820.6785617734522,474.8849689105163,19.8110093045411,3.433445329636786,1233.0,-22.065250215703887,5.278264058004563,130.90868430423816,22.687779497950945,2.9067932568521733,-9.659577357506999,-553.4530144652833,1.3566085894473698,2
centroid,245,8.171820990927301,821.6232645909151,470.27685671923433,19.839107194283145,3.4383149739251953,1236.5,-21.901523803452427,6.076895820696874,131.1462688737839,22.72895527138888,2.8709366435199475,-9.695433970839225,-555.5074470768525,1.3623153467017286,2
centroid,246,8.20517536231884,822.7347465688273,466.27354260089686,19.758721502273858,3.4243833324547306,1226.5,-21.708892900736977,6.770710050521304,131.21138570055146,22.740240666358364,2.8392668250905158,-9.727103789268657,-557.3219940108046,1.3673557548515956,2
centroid,247,8.238529733710381,824.525449515906,461.5763485477178,19.584775026828055,3.3942366748793753,1205.0,-21.39854623561251,7.584780587583162,130.9965662755552,22.70301031932604,2.8009562478193804,-9.765414366539792,-559.5170283991504,1.3734530725970004,2
centroid,248,8.27188410510192,826.0876685934489,457.48142031379024,19.633473257897354,3.402676563602669,1211.0,-21.127798101925553,8.294472456576113,130.96548598723848,22.69762379564497,2.7674941667694,-9.798876447589773,-561.434264417039,1.3787787282022468,2
centroid,249,8.30523847649346,827.7679711351651,453.36955315015257,19.5522421554852,3.388598404084853,1201.0,-20.83658492719297,9.00710001088464,130.9793393092389,22.70002471439631,2.733577592914739,-9.832793021444434,-563.3775409544548,1.3841767185839573,2
centroid,250,8.338592847885,829.3006085192698,449.4635564570655,19.80699206647799,3.43274910224858,1232.5,-20.570963595761125,9.684048161142808,131.1894086418168,22.736431823077755,2.701607015974226,-9.864763598384947,-565.2093200817445,1.3892649939375399,2
centroid,251,8.37194721927654,830.7789458929071,445.6961031679282,19.454317121722035,3.3716270199085008,1189.0,-20.314752997244103,10.33698535890831,131.5185423274335,22.793473970619814,2.6708970457361603,-9.895473568623013,-566.968871765358,1.3941526375031328,2
centroid,252,8.405301590668081,833.5485574969524,441.64404713531087,19.790914959878798,3.4299627794662064,1230.5,-19.834751707020217,11.039247048191724,130.97822452935202,22.69983151193311,2.633726250387887,-9.932644363971285,-569.0986014599586,1.4000685533214676,2
centroid,253,8.43865596205962,836.0056287753981,437.4820153761669,19.657777133417753,3.4068886674190284,1214.0,-19.408916769694216,11.760568626792836,130.94449892971923,22.693986529440377,2.596819602815996,-9.969551011543176,-571.2131966018046,1.4059424287154845,2
centroid,254,8.472010333451161,838.9110073571024,433.71179966044144,19.364117483750853,3.355994523806644,1178.0,-18.90538570932099,12.4139845806137,130.49925696254752,22.616821659683154,2.5605655181350517,-10.00580509622412,-573.2904026441327,1.411712445499729,2
centroid,255,8.5053647048427,841.3628246753246,430.25013528138527,19.802974013476614,3.4320527336234523,1232.0,-18.480461335657555,13.013925513068669,130.4187527276686,22.602869473552097,2.528054011235069,-10.038316603124104,-575.1531747751121,1.4168868125302276,2
centroid,256,8.53871907623424,843.8549669766815,426.2835961719908,19.839107194283145,3.4383149739251953,1236.5,-18.048548240577514,13.701366267379475,130.74864223292516,22.66004261216951,2.4922678657438806,-10.074102748615292,-577.2035698767984,1.422582354479356,2
centroid,257,8.572073447625781,845.9622641509434,423.278736785762,19.911176842213806,3.450805362087265,1245.5,-17.683332641013493,14.222138342505275,130.9384536419786,22.692938820833497,2.4642546931104934,-10.102115921248679,-578.8086064394628,1.427040789375646,2
centroid,258,8.60542781901732,848.6647454370797,420.78825305338273,19.661824858598802,3.407590178528578,1214.5,-17.214965703838388,14.653763991053832,130.4440399813214,22.607252006598188,2.4363893656347018,-10.129981248724471,-580.4051720985757,1.431475693984293,2
centroid,259,8.638782190408861,851.7428184281843,417.05677506775066,19.786893642157743,3.4292658450326248,1230.0,-16.681504981412363,15.30046631022715,130.60843537500398,22.63574336652723,2.39934946727008,-10.167021147089093,-582.5274019484619,1.4373707769006439,2
centroid,260,8.6721365618004,854.4986755890143,413.89753241321625,19.50742086829322,3.380830428369334,1195.5,-16.20388747326102,15.847994544183111,130.78013268958676,22.665500222112087,2.367297685437641,-10.199072928921531,-584.3638337733348,1.4424719764141796,2
centroid,261,8.70549093319194,857.64,410.6768707482993,19.746635424171473,3.422288694681543,1225.0,-15.659464649467756,16.40616730468021,130.8636386389813,22.67997263528085,2.332912001057849,-10.233458613301323,-586.3339883639658,1.4479446280548212,2
centroid,262,8.73884530458348,861.4118221106928,407.6732190157535,19.50742086829322,3.380830428369334,1195.5,-15.005770291391283,16.926730081388456,130.5205209424819,22.620506919301828,2.2961100131344883,-10.270260601224685,-588.4425869496658,1.4538018463484323,2
centroid,263,8.77219967597502,864.2673724212812,404.63137893593915,19.77080019204319,3.426476689756175,1228.0,-14.510874966942314,17.45391127922609,130.9683312599802,22.698116909764316,2.264382138018357,-10.301988476340815,-590.2604602867383,1.458851494506967,2
centroid,264,8.805554047366561,867.6103703703703,401.84713804713806,19.847127856504603,3.439705034614256,1237.5,-13.931500109314307,17.936447970279314,131.04436139776575,22.71129369028461,2.2311766813738187,-10.335193932985353,-592.1629928092749,1.4641363070695685,2
centroid,265,8.8389084187581,870.3241971207087,399.8099390919158,19.576646877473273,3.392827985598998,1204.0,-13.461166890135166,18.289514849953413,131.0324844146257,22.709235290752034,2.205280039342399,-10.361090575016775,-593.6467611012365,1.4682578856583508,2
centroid,266,8.872262790149641,873.3438087563792,397.8169486972871,19.875174684869673,3.4445658294572072,1241.0,-12.937838103174617,18.634919945537327,130.89756455669038,22.685852334892378,2.177672528926962,-10.38869808543221,-595.2285549309044,1.4726517574074283,2
centroid,267,8.90561716154118,877.3930448847553,394.6774497910769,19.839107194283145,3.4383149739251953,1236.5,-12.236065131396606,19.179026391161795,131.2669163749157,22.749864685590122,2.138683691210906,-10.427686923148267,-597.4624507801549,1.4788570236553464,2
centroid,268,8.93897153293272,881.7990562327959,392.288111154804,20.11792783272397,3.486637369021015,1271.5,-11.472459458777543,19.593122586641925,131.0068718701696,22.704796381568197,2.1005119116161577,-10.465858702743015,-599.6495326474376,1.484932251064465,2
centroid,269,8.972325904324261,885.1718325176726,390.37615551930395,19.75469363116845,3.423685262254336,1226.0,-10.887923718815776,19.924483550955628,131.0099403412531,22.705328178184352,2.0709172558113353,-10.495453358547838,-601.3451815211963,1.4896423868249058,2
centroid,270,9.0056802757158,890.2574013157895,387.93270285087715,19.67396303746374,3.4096938458831008,1216.0,-10.006543968292986,20.347958247455594,130.8368170577216,22.675324187970872,2.027839415249435,-10.538531199109737,-603.8133599759306,1.4964984380880566,2
centroid,271,9.039034647107341,893.136680613668,386.89748953974896,19.50334109812034,3.3801233635433707,1195.0,-9.507536173886733,20.527371030198378,130.53057986547654,22.622250230894196,2.0045432268692718,-10.5618273874899,-605.1481332488556,1.5002061416239596,2
centroid,272,9.07238901849888,897.1800766283525,385.2504105090312,19.69013563619756,3.4124967184039874,1218.0,-8.80677535200835,20.812826239401893,130.39875270469287,22.59940327026972,1.9710919526037936,-10.59527866175538,-607.0647500836022,1.5055300772760334,2
centroid,273,9.10574338989042,901.2428789773517,383.75517576768095,19.540028364295097,3.3864816323609004,1199.5,-8.102651219008669,21.07196532012621,130.26434221838258,22.576108593588582,1.9378895091587633,-10.62848110520041,-608.9671099625242,1.510814410273039,2
centroid,274,9.13909776128196,905.8484848484849,381.75367003367,19.847127856504603,3.439705034614256,1237.5,-7.304453826573677,21.418846208880623,130.5759486508001,22.630113093491747,1.899457173831072,-10.6669134405281,-611.1691205736324,1.5169311064150062,2
centroid,275,9.1724521326735,910.8496384227043,380.66639377814164,19.71840576652941,3.417396213702991,1221.5,-6.437704075551957,21.607282018696388,130.09017441876728,22.545923578329155,1.8603634383738898,-10.706007175985283,-613.40902662073,1.5231530676569438,2
centroid,276,9.205806504065041,915.9725506182905,379.10748743035737,19.758721502273858,3.4243833324547306,1226.5,-5.549852342119934,21.87745602330473,130.23152973324738,22.57042186293749,1.819234620053903,-10.74713599430527,-615.7655343268254,1.529698922396098,2
centroid,277,9.23916087545658,919.5564830272675,378.18308291597106,19.527806933913016,3.3843635366888534,1198.0,-4.928721141675972,22.03766453735996,130.2988756287749,22.582093577735797,1.7908253393862466,-10.775545274972925,-617.3932662080848,1.5342203998440407,2
centroid,278,9.272515246848121,924.9592833876221,377.17806731813243,19.77080019204319,3.426476689756175,1228.0,-3.992362000197634,22.21184375546876,130.2163198117624,22.567785831976927,1.7486376401820394,-10.817732974177133,-619.8104433198533,1.5409347807100642,2
centroid,279,9.30586961823966,929.0475599669148,377.3449131513648,19.61725394636576,3.3998655952884342,1209.0,-3.283822929236799,22.18292770994706,129.39053381498354,22.42466888975885,1.7177627811516016,-10.84860783320757,-621.5794424353587,1.5458486671420237,2
centroid,280,9.3392239896312,933.2265902265901,376.3453453453453,19.714369658460004,3.4166967159546537,1221.0,-2.5595553411031644,22.35616277144623,129.83793163136176,22.502207389666644,1.6847899045969046,-10.881580709762268,-623.4686491003488,1.5510964634336628,2
centroid,281,9.372578361022741,937.4943002334843,375.7504463672572,19.653728574599526,3.4061870118318485,1213.5,-1.8199186690807967,22.45926469253079,130.0149120133398,22.532879853476985,1.6516516445559064,-10.914718969803266,-625.3673315411049,1.556370581324652,2
centroid,282,9.40593273241428,942.2707645764575,376.0350660066007,19.64157789116634,3.4040811773110393,1212.0,-0.9921098008673607,22.409937272791367,129.43218443741156,22.43188735767503,1.615038414499112,-10.95133219986006,-627.4651150977007,1.5621977578707515,2
centroid,283,9.439287103805821,947.1060030929283,375.92703500632643,19.42566266748406,3.3666609174467688,1185.5,-0.15411478270081588,22.428660121670276,129.41661836599965,22.429189602383087,1.5776675512199327,-10.98870306313924,-629.6063078403582,1.5681455154892445,2
centroid,284,9.47264147519736,951.5684950773557,375.92883263009844,19.42156572287085,3.365950876119153,1185.0,0.6192795470349133,22.428348575557226,129.46108754479408,22.436896554204544,1.5431918761695016,-11.02317873818967,-631.5816185166124,1.5736324895899505,2
centroid,285,9.5059958465889,956.464688675303,376.14110600362164,19.51557784998706,3.382244114581385,1196.5,1.467838688240122,22.391559484616643,129.4767942424527,22.439618681426385,1.505336770486785,-11.061033843872387,-633.7505563052538,1.5796573167806212,2
centroid,286,9.539350217980441,960.8483208437412,376.8789897307799,19.5522421554852,3.388598404084853,1201.0,2.227565826025061,22.26367688167194,129.10300686374808,22.374837603897113,1.4710743916051405,-11.095296222754031,-635.7136460112501,1.585110343741722,2
centroid,287,9.57270458937198,965.0540540540541,377.41344421344417,19.56444832179043,3.3907138543402753,1202.5,2.956461301599689,22.171050593975103,129.059519799915,22.367300862385257,1.4382305592263784,-11.128140055132794,-637.5954589895883,1.5903376020148838,2
centroid,288,9.606058960763521,970.6988364134154,378.0636550308008,19.68609373209335,3.4117962161450612,1217.5,3.934758334862034,22.058362579961564,129.2860134103906,22.40655446209468,1.3942735338728798,-11.172097080486292,-640.1140110222933,1.5973335798835087,2
centroid,289,9.63941333215506,974.1957585644371,378.82082653616095,19.75469363116845,3.423685262254336,1226.0,4.540809790543139,21.927137212851324,129.20417740437247,22.392371466754067,1.366596391457785,-11.199774222901388,-641.6997944716608,1.6017385339095294,2
centroid,290,9.6727677035466,979.9770981706464,380.00698226504676,19.491096663870767,3.3780012810718527,1193.5,5.542773555480312,21.721564604966506,129.34973568313413,22.41759816695503,1.3209541909793563,-11.245416423379815,-644.3148999267647,1.6090027157292626,2
centroid,291,9.70612207493814,984.2020661157025,381.3611570247934,19.625365277680483,3.4012713698348773,1210.0,6.275002602260513,21.486872624720032,129.1581806174599,22.384399765223087,1.2866592035464524,-11.27971141081272,-646.2798579651243,1.6144609325024837,2
centroid,292,9.73947644632968,989.0860038345658,382.88783894823337,19.682050997944124,3.4110955700310623,1217.0,7.121437677490346,21.222283433967675,129.16318586935617,22.38526722525416,1.2470393754084232,-11.319331238950749,-648.5499069024671,1.6207666239951026,2
centroid,293,9.772830817721221,993.4174149659864,384.6194557823129,19.746635424171473,3.422288694681543,1225.0,7.872114389176309,20.922176981020424,128.98359434377358,22.354142224237044,1.2109241331743297,-11.355446481184842,-650.6191578585732,1.6265145433176196,2
centroid,294,9.80618518911276,997.9468402495253,386.453620829943,19.77884855394466,3.4278715510758095,1229.0,8.657108926639912,20.60429790076957,128.95454663985998,22.34910796768779,1.1730320411458526,-11.39333857321332,-652.7902148087263,1.6325452570680448,2
centroid,295,9.839539560504301,1001.7922685376254,388.41532535424403,19.637525992641294,3.403378942919388,1211.5,9.323559968748315,20.264314958277854,128.70757165364626,22.306304741465574,1.1395771447587435,-11.42679346960043,-654.7070391757552,1.6378697691986805,2
centroid,296,9.87289393189584,1006.1225490196077,390.1616322204557,20.010842981224172,3.4680784971531113,1258.0,10.074040727619668,19.961662576375595,129.01541571053258,22.359657184197026,1.103420161065012,-11.46295045329416,-656.7786817413293,1.6436243318808308,2
centroid,297,9.90624830328738,1010.8862552785723,392.2332107342324,19.734541944161457,3.420192774084003,1223.5,10.899638492739811,19.602637376610936,129.41622800387591,22.429121948737077,1.0633359704625054,-11.503034643896667,-659.0753366880509,1.6500039289550577,2
centroid,298,9.939602674678921,1014.7067699836867,395.1465470364328,19.75469363116845,3.423685262254336,1226.0,11.561771762652363,19.097727163976863,128.81442567312723,22.324823607844372,1.0264153993766534,-11.53995521498252,-661.190729588483,1.6558800203451467,2
centroid,299,9.97295704607046,1018.697102024613,397.26769882228393,20.022769579867926,3.4701454955469013,1259.5,12.253336069094722,18.730110422162916,129.14528228553078,22.3821643557676,0.9914705642076604,-11.574900050151513,-663.1929211594465,1.6614416635978233,2
centroid,300,10.006311417462001,1022.8695955369594,400.44142259414224,19.50334109812034,3.3801233635433707,1195.0,12.976470773777436,18.180072466270058,128.8798089938708,22.336155188875512,0.950885479010952,-11.615485135348221,-665.5182752523968,1.6679009805226852,2
centroid,301,10.03966578885354,1026.9115277777778,403.49888888888887,19.544100476116796,3.3871873699182884,1200.0,13.676977909058277,17.650183089669067,128.8390980398214,22.329099574853167,0.9115540105401623,-11.654816603819011,-667.771802397825,1.6741607781488745,2
centroid,302,10.07302016024508,1029.738775510204,406.0976870748299,19.746635424171473,3.422288694681543,1225.0,14.16696811467592,17.19978546696226,128.57355839996907,22.28307890915819,0.8817874499980004,-11.684583164361172,-669.4773006875114,1.6788982733980033,2
centroid,303,10.10637453163662,1032.7386612021858,408.47759562841526,19.706294962377495,3.415297290659024,1220.0,14.68687819902573,16.78732359878287,128.7007675847622,22.305125528525267,0.8520348178433823,-11.71433579651579,-671.1820009393763,1.6836335518754058,2
centroid,304,10.13972890302816,1036.5289884589272,411.4503733876442,19.766774782209744,3.425779046118738,1227.5,15.343779683316628,16.27211158931028,129.0488192616224,22.365446352468044,0.8147525548615719,-11.7516180594976,-673.3181172589309,1.689567208318613,2
centroid,305,10.173083274419701,1039.5689608636976,414.24237516869096,19.827070117316413,3.436228828537114,1235.0,15.870637194457728,15.788229858293418,129.1690031406817,22.386275416344116,0.7827951912218827,-11.78357542313729,-675.1491393198498,1.6946533807100546,2
centroid,306,10.20643764581124,1042.6708266237251,418.39331723027374,19.88318079785697,3.4459533686190045,1242.0,16.408221440833582,15.068830234788752,128.54296989100106,22.27777761573884,0.7428724617624496,-11.823498152596724,-677.436543224518,1.7010072804452439,2
centroid,307,10.239792017202781,1045.9016501650165,421.9470627062706,20.046601490203663,3.474275803093615,1262.5,16.96815535576969,14.452930730643736,128.60849741545516,22.289134188710015,0.7055195494066099,-11.860851064952563,-679.5767074550297,1.7069521810855541,2
centroid,308,10.27314638859432,1049.5050792360828,425.3731545442232,19.790914959878798,3.4299627794662064,1230.5,17.59266552203841,13.859154874043194,129.22475827638482,22.395938336962665,0.6672453495884979,-11.899125264770674,-681.7696575688478,1.7130437091794934,2
centroid,309,10.30650075998586,1051.7362725450903,429.0443553774214,19.927156922508512,3.4535748692442025,1247.5,17.979353556381646,13.222899186049862,128.77622885028276,22.318203717813212,0.6341232997493018,-11.93224731460987,-683.6674112334558,1.7183152471367378,2
centroid,310,10.339855131377401,1054.1175673845319,432.71393742381144,19.790914959878798,3.4299627794662064,1230.5,18.39205568171429,12.586924049941638,128.5946297753137,22.28673078848215,0.6001570840373698,-11.966213530321802,-685.6135320397805,1.7237211382654174,2
centroid,311,10.37320950276894,1056.5695897023331,436.3238133547868,19.89118368841965,3.447340349302504,1243.0,18.817015583847603,11.961296578607577,128.65342806258872,22.296921117593183,0.5662309766734563,-12.000139637685717,-687.5573548070404,1.7291206459522506,2
centroid,312,10.406563874160481,1059.1632707417764,440.8298042349181,19.95907870015583,3.459107231411725,1251.5,19.266526354073864,11.18036345677888,128.53004360907457,22.275537362270285,0.5258081786451066,-12.040562435714065,-689.8734105301745,1.7355541340720675,2
centroid,313,10.43991824555202,1061.4999327685894,444.6451526153018,19.863159464818494,3.442483472090396,1239.5,19.671493168210972,10.5191255624247,128.71383327538254,22.307389942909676,0.4910514985398671,-12.075319115819305,-691.8648216100911,1.7410858315162803,2
centroid,314,10.47327261694356,1063.4255823134622,448.83616265298065,20.078333368379234,3.4797752537903315,1266.5,20.005227423479095,9.792781759384292,128.5181450919725,22.273475230687506,0.45522137004520247,-12.11114924431397,-693.9177367522468,1.746788373577824,2
centroid,315,10.506626988335102,1065.6917293233082,453.25867299828514,20.05453916681257,3.4756514815490673,1263.5,20.397973282492075,9.02631664612651,128.70504634821222,22.30586708086913,0.4166081986133776,-12.149762415745794,-696.1301085089054,1.7529338506796535,2
centroid,316,10.53998135972664,1067.3984447080531,457.149070778964,20.062473702896245,3.477026615720201,1264.5,20.693764066126132,8.352071942832195,128.76158980853114,22.31566662599927,0.3836088252224573,-12.182761789136714,-698.0208333307816,1.7581858640737538,2
centroid,317,10.573335731118181,1068.840966414443,461.0641178813222,19.990949504807148,3.4646307594510946,1255.5,20.94376745260523,7.673555266459803,128.70157218323848,22.30526497345905,0.3511995596076596,-12.215171054751513,-699.877747467628,1.763343958898327,2
centroid,318,10.60669010250972,1070.044269810085,464.53058284217417,20.1258373780788,3.488008172049807,1272.5,21.152311922015787,7.072782345341717,128.69118615839372,22.303464971856478,0.32268682773619306,-12.243683786622979,-701.5114066662511,1.7678819011167248,2
centroid,319,10.640044473901261,1071.2614353312304,469.0805730809674,20.090219901261573,3.4818353083884124,1268.0,21.363258835912458,6.284223696202291,128.48868697236625,22.268369845008905,0.2860907442836969,-12.280279870075475,-703.6082077947876,1.773706348695993,2
centroid,320,10.6733988452928,1072.2588188664288,473.7894041485004,20.038660669337457,3.47289957970704,1261.5,21.536115341512033,5.4681363485897725,128.20652562004943,22.219468470908087,0.24865095873795323,-12.31771965562122,-705.7533494924337,1.7796650756338985,2
centroid,321,10.70675321668434,1073.42380762588,478.2111066826092,19.98298656901829,3.4632507033280486,1254.5,21.73801950266451,4.701811237062057,128.32900374908874,22.24069515116795,0.2130130118506465,-12.353357602508526,-707.7952534395878,1.78533703104266,2
centroid,322,10.740107588075881,1074.28140239884,482.29537366548044,20.062473702896245,3.477026615720201,1264.5,21.88664922276997,3.9939670691167874,128.3716304008685,22.24808277469694,0.18049810298942728,-12.385872511369746,-709.6582204885882,1.7905119395121056,2
centroid,323,10.77346195946742,1075.306263269639,487.1088110403397,19.994929783493642,3.465320581411032,1256.0,22.06426782444138,3.1597504060403976,128.6098479864678,22.289368256124973,0.14223957820111757,-12.424131036158055,-711.850272489355,1.796600972847569,2
centroid,324,10.806816330858961,1075.7792950968915,491.1252438548576,20.196883896891812,3.5003212417402834,1281.5,22.14624895387719,2.4636625754397854,128.57231163587204,22.28286283251614,0.11078961406588533,-12.455581000293288,-713.6522227001416,1.8016063900997539,2
centroid,325,10.8401707022505,1076.1071287908626,494.5079427596166,20.102099405542752,3.483894144859872,1269.5,22.20306579991263,1.877407146573276,128.56905052087225,22.28229764878959,0.08435555376469567,-12.482015060594478,-715.1667827907941,1.8058135014626775,2
centroid,326,10.87352507364204,1075.9764506895654,498.7733541504033,20.192943425895987,3.4996383188498235,1281.0,22.180417982747556,1.1381688476280918,128.14958940071327,22.209600856726404,0.05126916173942004,-12.515101452619753,-717.0624934131577,1.8110793643025762,2
centroid,327,10.906879445033582,1076.2298407806882,503.34591679506934,20.32649089898599,3.522783426739938,1298.0,22.22433301057718,0.3456981756163638,128.25010669349854,22.22702150522321,0.01555368605347107,-12.550816928305702,-719.1088394332646,1.8167636588028735,2
centroid,328,10.94023381642512,1076.30635232482,508.03274394237064,20.1258373780788,3.488008172049807,1272.5,22.2375932236145,-0.46657567335042954,128.33934497536472,22.242487388732133,-0.020978314586675303,-12.587348928945847,-721.2019688871142,1.8225779072857888,2
centroid,329,10.973588187816661,1076.5875319091763,512.7030767163777,19.87117041874968,3.4438718502360093,1240.5,22.286324447544427,-1.2759908830585278,128.8028800064432,22.322822628755194,-0.057191995001222934,-12.623562609360395,-723.2768599355034,1.8283414935313143,2
centroid,330,11.0069425592082,1075.927063091074,516.8713563933152,20.236246405285904,3.507143156693274,1286.5,22.171858619780444,-1.9983952880738918,128.45041075007444,22.26173619426231,-0.08988917140346472,-12.656259785762638,-725.1502701453466,1.8335454107808788,2
centroid,331,11.040296930599741,1075.4922008126885,521.0051120723555,20.11792783272397,3.486637369021015,1271.5,22.096492653523715,-2.7148163402212497,128.455635511226,22.262641697434738,-0.12224920480381839,-12.68861981916299,-727.0043634840893,1.838695670055164,2
centroid,332,11.07365130199128,1074.9447309268808,526.0978447705936,20.030716700474503,3.4715228107412592,1260.5,22.001610666763337,-3.597437666023475,128.6352782939463,22.293775581824594,-0.16207373995731922,-12.728444354316492,-729.2861412694552,1.8450339416811807,2
centroid,333,11.10700567338282,1074.4053238919485,530.0666142145292,20.113971893676243,3.485951765363021,1271.0,21.908126052406153,-4.285264959535587,128.80560342718402,22.32329462470853,-0.19316279386617902,-12.759533408225352,-731.0674128474876,1.8499819182868262,2
centroid,334,11.140360044774361,1073.312241200828,534.5241977225672,20.248040236149336,3.5091871451077004,1288.0,21.71868392944104,-5.057808601399962,128.67024357602276,22.299835413638277,-0.2288002819282402,-12.795170896287413,-733.1092905058915,1.8556538006712815,2
centroid,335,11.1737144161659,1072.282091709368,538.6896597030614,20.094180516361906,3.48252172245292,1268.5,21.540148757107797,-5.779724671543286,128.68325351472023,22.302090165658885,-0.26214844013025945,-12.828519054489432,-735.0199992254018,1.8609613248921433,2
centroid,336,11.207068787557441,1071.1338471419394,543.9802183686576,20.322575558316135,3.5221048591853927,1297.5,21.341146531289123,-6.696631208828946,129.0586500571461,22.3671501272964,-0.3040593622138551,-12.870429976573028,-737.4213181762935,1.867631655311287,2
centroid,337,11.24042315894898,1069.5011132940406,548.467059593975,20.1258373780788,3.488008172049807,1272.5,21.058177485218195,-7.474245504651662,128.93241360354557,22.345272091938288,-0.34106284004319426,-12.907433454402367,-739.5414612832205,1.8735209417194176,2
centroid,338,11.27377753034052,1067.6188054251434,552.9767866458006,20.16928443308995,3.495537979634134,1278.0,20.73195477429744,-8.255826142266027,128.7594743687924,22.315299999212144,-0.37896875125943513,-12.945339365618608,-741.7133100145088,1.879553854861885,2
centroid,339,11.307131901732062,1066.2005537974683,557.2448575949367,20.0585068271871,3.476339116629799,1264.0,20.48615763431151,-8.995525369175706,129.09898046414986,22.37413978872358,-0.4137547945461283,-12.9801254089053,-743.7064034807956,1.8850902256015707,2
centroid,340,11.3404862731236,1064.3001287001287,560.6902187902188,20.302987529130018,3.518710058532281,1295.0,20.156795027163092,-9.592640797421026,128.8037501928287,22.322973440727228,-0.4441832911479549,-13.010553905507127,-745.4498279130084,1.8899330712466063,2
centroid,341,11.373840644515141,1062.0429263185445,564.962308598351,20.13374381616736,3.4893784365583906,1273.5,19.76559936136131,-10.333036532642774,128.6919638670363,22.303599756514117,-0.48170415462016913,-13.048074768979342,-747.599615033653,1.8959047021372855,2
centroid,342,11.40719501590668,1060.0549666274048,568.8347074990185,20.13374381616736,3.4893784365583906,1273.5,19.421066136823125,-11.00416185067186,128.79783667531694,22.321948569214108,-0.5155057845311144,-13.081876398890287,-749.5363057682133,1.9012843986221752,2
centroid,343,11.440549387298221,1057.6864738076622,573.0187646598905,20.177173846430236,3.4969052935841893,1279.0,19.010582729076727,-11.729300650876075,128.8894856289512,22.33783224616284,-0.5528170910677956,-13.119187705426969,-751.674086160884,1.907222677490705,2
centroid,344,11.47390375868976,1055.3346555599628,576.8367050112389,20.030716700474503,3.4715228107412592,1260.5,18.602989190827916,-12.39098775962748,128.97070197969532,22.351907849069583,-0.5875929408775463,-13.153963555236718,-753.6665955839635,1.9127574258881481,2
centroid,345,11.5072581300813,1052.7321086873326,580.2971042224773,20.392936676681035,3.53429914214818,1306.5,18.15194188336212,-12.990709425892199,128.7955280252431,22.32154845715056,-0.6211621988556597,-13.187532813214832,-755.5899723874952,1.9181001392312917,2
centroid,346,11.540612501472841,1049.6037663335896,584.235844222393,20.34996712344056,3.5268520903790272,1301.0,17.609768979455524,-13.673332317511573,128.64194919217823,22.29493171496384,-0.6602233776249192,-13.226593991984092,-757.8280130737799,1.9243169189154157,2
centroid,347,11.57396687286438,1047.2057645082073,587.8739821636293,20.259827201484175,3.5112299436576064,1289.5,17.194171366973844,-14.303857876855435,129.052261881813,22.36604299285286,-0.6938926963497349,-13.260263310708908,-759.7571229357926,1.9296755574210067,2
centroid,348,11.607321244255921,1044.0589225589224,590.8742553742553,20.24017844581758,3.507824618500287,1287.0,16.648792298810942,-14.823835122047933,128.62440014807967,22.291890290744934,-0.7274774850885036,-13.293848099447676,-761.6813895863625,1.9350207425614785,2
centroid,349,11.64067561564746,1041.240826873385,594.2594315245477,20.263754666327017,3.511910612452148,1290.0,16.160388234119495,-15.410519882251196,128.84602099287812,22.330299391605283,-0.7616507506322242,-13.328021364991397,-763.6393734741976,1.9404595866943537,2
centroid,350,11.674029987039,1037.4814960629922,597.9351706036745,20.106057680545288,3.484580153362112,1270.0,15.508858742861099,-16.047562093487667,128.7693428088242,22.317010298208885,-0.8024676223319694,-13.368838236691142,-765.97800795552,1.946955793586916,2
centroid,351,11.707384358430541,1034.2747451284035,600.8149438637244,20.27553249624694,3.513951827743614,1291.5,14.953096850550649,-16.546655496460566,128.68373056646962,22.302172843480886,-0.8359446326297203,-13.402315246988893,-767.8960993562971,1.9522838252557415,2
centroid,352,11.74073872982208,1030.5875816993462,604.3181699346405,20.14559765517849,3.491432824982796,1275.0,14.314074685627295,-17.153799484278082,128.9110293589864,22.3415659892617,-0.8753964162470842,-13.441767030606258,-770.1565200518354,1.9585627716322367,2
centroid,353,11.774093101213621,1027.1322813938198,606.7671268902037,20.08625850520586,3.481148758976555,1267.5,13.715236710533173,-17.578228128589128,128.6468459208979,22.295780366846973,-0.9082208338749496,-13.474591448234122,-772.0372206468869,1.9637869399518242,2
centroid,354,11.80744747260516,1023.4541254125412,609.5709570957096,20.046601490203663,3.474275803093615,1262.5,13.077775626069307,-18.064159843435274,128.6779315773455,22.301167820878618,-0.9441684716136436,-13.510539085972816,-774.0968685727793,1.969508184190414,2
centroid,355,11.8408018439967,1019.9529227147901,612.3079639074147,20.141647150648858,3.4907481631809425,1274.5,12.470982308984265,-18.538510398239104,128.9182859279343,22.342823624972247,-0.9786237303750152,-13.544994344734187,-776.071009481837,1.9749919089377967,2
centroid,356,11.874156215388242,1015.7788186312775,614.9532916991933,20.192943425895987,3.4996383188498235,1281.0,11.747568476269086,-18.996972065306156,128.87806323242404,22.335852631020238,-1.0169632193342895,-13.583333833693462,-778.2677003878919,1.9810938281212824,2
centroid,357,11.90751058677978,1011.5321125265392,617.4352441613588,19.994929783493642,3.465320581411032,1256.0,11.011571989794687,-19.427119159712362,128.8493032762809,22.330868244027013,-1.0551354585224637,-13.621506072881637,-780.4548085879381,1.9871691286769666,2
centroid,358,11.940864958171321,1007.4216194654966,619.8735540486638,19.975020458847634,3.461870097053004,1253.5,10.299182581158853,-19.849702560995983,129.03213451658732,22.362554719889598,-1.0921761617589112,-13.658546776118083,-782.5770845535831,1.9930643396926468,2
centroid,359,11.97421932956286,1003.3435266084193,622.0982261053746,20.018794836487846,3.469456632910725,1259.0,9.592408450738972,-20.23526039733178,129.21213466713303,22.393750539684778,-1.1281281010426172,-13.694498715401789,-784.63697893985,1.9987862685433884,2
centroid,360,12.007573700954401,999.2877838684417,624.0234925606891,20.16139193252045,3.494170130636491,1277.0,8.889507818331891,-20.568928259361943,129.29251240998494,22.407680803487054,-1.1628587436602793,-13.729229358019452,-786.6268981816194,2.004313821992748,3
centroid,361,12.04092807234594,995.1028244175451,625.7327866718729,20.189002185802646,3.4989552626671,1280.5,8.16421264227508,-20.86516596198492,129.28032683176562,22.40556892135208,-1.1978259582462467,-13.76419657260542,-788.6303719987235,2.009879027040259,3
centroid,362,12.07428244373748,991.1378367825068,627.2381882077314,20.189002185802646,3.4989552626671,1280.5,7.477040773930685,-21.126067049509853,129.3070203468825,22.410195173523324,-1.2306292418924965,-13.796999856251668,-790.509861705824,2.015099831782205,3
centroid,363,12.107636815129021,987.2376482857514,628.5712423412853,20.17322952543733,3.49622170345087,1278.5,6.801099241975601,-21.357098614769605,129.3281010453007,22.41384866862884,-1.2625029627540587,-13.828873577113232,-792.3360913885698,2.0201726920120544,3
centroid,364,12.14099118652056,979.0668494581538,630.7268572920747,20.157444523391572,3.493486005298435,1276.5,5.385018382956151,-21.73068816649359,129.17878482739076,22.387970680125527,-1.327882650846956,-13.894253265206128,-796.0820715821744,2.030578192549845,3
centroid,365,12.174345557912101,974.3090909090909,631.7712779973649,20.066439794405365,3.477713978900924,1265.0,4.560451415231029,-21.91169668239655,129.13998286201038,22.38124591286264,-1.3655971336773245,-13.931967748036497,-798.2429522748732,2.036580638918453,3
centroid,366,12.20769992930364,970.0126203486858,632.6641946396044,20.192943425895987,3.4996383188498235,1281.0,3.815830252685651,-22.066448034431364,129.2132459746844,22.393943140357635,-1.3995651607192274,-13.9659357750784,-800.1891768627605,2.041986818329251,3
centroid,367,12.24105430069518,965.2311890838207,633.3658219623131,20.204762533390774,3.501686687956346,1282.5,2.9871605674128623,-22.188047041189076,129.18024466615358,22.388223684730452,-1.4369717114782838,-14.003342325837457,-802.3324143473963,2.0479402557865725,3
centroid,368,12.274408672086722,961.2348246991103,633.6028257456829,20.137695871130575,3.4900633670658334,1274.0,2.2945507956802524,-22.22912215859517,128.94372967887918,22.34723328055855,-1.4679378757652466,-14.034308490124419,-804.1066448687479,2.0528686739014383,3
centroid,369,12.30776304347826,956.7889826175868,634.1242331288344,20.37341629633241,3.530916065712728,1304.0,1.5240420600344429,-22.319487253931786,129.0835171505187,22.371459842379025,-1.5026191327766136,-14.068989747135786,-806.0937345237078,2.0583883673874377,3
centroid,370,12.341117414869801,952.0669265756984,634.2779727095517,20.204762533390774,3.501686687956346,1282.5,0.7056626925789604,-22.34613185528853,129.00164768605035,22.357271048355578,-1.5392280772581608,-14.105598691617333,-808.1912725349292,2.0642148618630527,3
centroid,371,12.37447178626134,947.7324874438275,634.3806502775575,20.03468907863958,3.4722112634621065,1261.0,-0.04553880175913047,-22.36392690100824,129.04031953654956,22.363973265412966,-1.5728325854099763,-14.139203199769149,-810.1166690246413,2.0695631854455865,3
centroid,372,12.407826157652881,943.3901321816516,634.6109148017275,20.13374381616736,3.4893784365583906,1273.5,-0.7981122403635029,-22.403834037638145,129.35231663063263,22.41804547087572,-1.6064051818496041,-14.172775796208777,-812.0402371079279,2.0749064301213824,3
centroid,373,12.44118052904442,938.6962091503267,634.3083660130719,20.14559765517849,3.491432824982796,1275.0,-1.6116158767422248,-22.351399317658547,129.30258009018908,22.409425632791095,-1.6427753399694516,-14.209145954328624,-814.1240936684186,2.08069492056719,3
centroid,374,12.47453490043596,934.330869001297,634.167055771725,20.22444569688304,3.505097976332729,1285.0,-2.368172825283284,-22.32690884467335,129.54910795736185,22.45215136882796,-1.6764693205864034,-14.242839934945575,-816.0546165527654,2.08605748413482,3
centroid,375,12.507889271827501,929.5905133203378,633.2413255360624,20.204762533390774,3.501686687956346,1282.5,-3.189723702546045,-22.166470569910093,129.21814984125822,22.394793029302022,-1.71371384348593,-14.280084457845103,-818.1885705248867,2.091985134057379,3
centroid,376,12.54124364321904,925.7116516280895,632.5445272655943,20.141647150648858,3.4907481631809425,1274.5,-3.861969086757952,-22.045708486027305,129.14100109516448,22.38142238281496,-1.7442167216933961,-14.310587336052569,-819.9362567091761,2.0968398179026275,3
centroid,377,12.574598014610581,922.071243858288,632.2371347297646,20.255898975135768,3.5105491428865623,1289.0,-4.492888030011058,-21.992434296394393,129.5175080505067,22.44667479007617,-1.7723158037517854,-14.338686418110958,-821.5462155193136,2.101311925708565,3
centroid,378,12.60795238600212,917.2036321483771,630.7896702730551,20.295147023902665,3.5173512208455673,1294.0,-5.336493645200383,-21.741574282030285,129.17272620850403,22.38692066109818,-1.8114891251531837,-14.377859739512356,-823.7906815051232,2.107546553446925,3
centroid,379,12.64130675739366,913.2750693618708,629.7098692033294,20.038660669337457,3.47289957970704,1261.5,-6.017352724319742,-21.55443399640452,129.12477016464774,22.378609400814817,-1.8430352650128736,-14.409405879372047,-825.5981421790129,2.1125672775410633,3
centroid,380,12.674661128785202,908.7074482035142,628.6106740099659,20.113971893676243,3.485951765363021,1271.0,-6.808966987512016,-21.363932515889445,129.379452337081,22.42274835921116,-1.8793315511512303,-14.445702165510403,-827.6777661867399,2.11834401089586,3
centroid,381,12.70801550017674,904.7544753691362,627.0735659218607,20.149547385175307,3.4921173525503932,1275.5,-7.494056571174224,-21.09753636690363,129.18467293838958,22.388991148436784,-1.912105039190371,-14.478475653549543,-829.5555487313051,2.1235600735196525,3
centroid,382,12.741369871568281,900.8302034428795,625.6525821596244,20.16928443308995,3.495537979634134,1278.0,-8.174172001453822,-20.851265720772474,129.22660243410036,22.39625794787184,-1.9444069656748038,-14.510777580033976,-831.4063127890049,2.128701084791041,3
centroid,383,12.77472424295982,897.1601848286484,624.1469644461557,20.33040548561814,3.523461863612235,1298.5,-8.8102227991193,-20.59032716751347,129.22521489000204,22.396017472652694,-1.9751052086892587,-14.541475823048431,-833.1651925522002,2.1335868619110276,3
centroid,384,12.808078614351361,893.5104454079622,622.5817895151754,20.094180516361906,3.48252172245292,1268.5,-9.442759010460847,-20.319066754970674,129.28298612153776,22.406029802769478,-2.0058270857752842,-14.572197700134456,-834.9254264479491,2.1384764005103305,3
centroid,385,12.841432985742902,889.7453243135694,620.7121634168988,19.998909270006028,3.466010266079302,1256.5,-10.095292015636733,-19.9950419212726,129.242607164643,22.399031727162388,-2.0383480917122125,-14.604718706071385,-836.788742833655,2.143652279359513,3
centroid,386,12.87478735713444,885.3409448818898,618.9001312335957,20.106057680545288,3.484580153362112,1270.0,-10.858614860888366,-19.680998686964127,129.69706653453568,22.47779406466278,-2.0749674622735594,-14.641338076632731,-838.8868782152458,2.1494804331972657,3
centroid,387,12.908141728525981,881.1731296513905,616.409452931192,20.157444523391572,3.493486005298435,1276.5,-11.580938772707777,-19.249339317491447,129.6205454672262,22.464532201163866,-2.112411921568571,-14.678782535927743,-841.0322876989993,2.15543990398547,3
centroid,388,12.94149609991752,877.6728468113083,614.1363576594346,20.08625850520586,3.481148758976555,1267.5,-12.187572669292392,-18.85538925544962,129.54442169382668,22.45133919265859,-2.1446160183215803,-14.710986632680752,-842.8774465259778,2.160565345171521,3
centroid,389,12.974850471309061,873.7735457960874,611.2335794792072,20.236246405285904,3.507143156693274,1286.5,-12.863360391853771,-18.3523088705654,129.31428520994754,22.411454246687022,-2.182134360773971,-14.748504975133145,-845.0270892028263,2.1665365748294336,3
centroid,390,13.0082048427006,870.3238871635609,609.4464285714286,20.248040236149336,3.5091871451077004,1288.0,-13.46122060879761,-18.04257780924779,129.88789012087793,22.510865693737284,-2.211784415483892,-14.778155029843065,-846.7259122000368,2.1712555275994627,3
centroid,391,13.04155921409214,866.9498179927195,606.8953458138325,20.2008235992402,3.5010040314164823,1282.0,-14.045980418780706,-17.600449745758493,129.92970510333095,22.518112646883647,-2.2443450825056277,-14.8107156968648,-848.591500998513,2.176437718706341,3
centroid,392,13.074913585483682,863.7918308379301,603.8944050433412,20.098140350968553,3.483208001250094,1269.0,-14.593291062119782,-17.08035680578909,129.62664879444097,22.46558996858998,-2.2778336671084056,-14.844204281467578,-850.510255558119,2.181767592483024,3
centroid,393,13.10826795687522,860.0382917964693,600.4314641744548,20.216574731145414,3.503733859536045,1284.0,-15.243816782107151,-16.480194644926303,129.53261635520064,22.44929320983423,-2.317241268225604,-14.883611882584777,-852.7681447828695,2.1880395069962204,3
centroid,394,13.141622328266761,856.8487329434698,597.4907082521117,20.204762533390774,3.501686687956346,1282.5,-15.796599115358708,-15.97053233888437,129.61222837861104,22.46309076682688,-2.350719287443083,-14.917089901802255,-854.6862939904888,2.1933676992396074,3
centroid,395,13.1749766996583,853.4454253611557,594.3121990369182,19.915173064399998,3.4514979472145773,1246.0,-16.38642623341147,-15.41966501797446,129.82917416339544,22.500689633199713,-2.386580608605544,-14.952951222964717,-856.7409963408611,2.1990752057684193,3
centroid,396,13.208331071049841,850.2335718071012,590.6469263381027,20.010842981224172,3.4680784971531113,1258.0,-16.943072460523084,-14.784436734743657,129.74788896993977,22.486602099165037,-2.424126522334811,-14.990497136693984,-858.8922187355104,2.2050508235313337,3
centroid,397,13.241685442441382,847.5017586580086,587.5849567099567,19.802974013476614,3.4320527336234523,1232.0,-17.416522901841194,-14.253766885588734,129.85790557363816,22.505669072903938,-2.4557295565227815,-15.022100170881954,-860.7029392142887,2.210080602639051,3
centroid,398,13.27503981383292,844.3989093387866,583.6365371506475,19.726475505261554,3.418794779840402,1222.5,-17.95427760882665,-13.56946642986944,129.85551650157905,22.505255022908933,-2.4944032165942427,-15.060773830953416,-862.9187767147071,2.2162357068068803,3
centroid,399,13.308394185224461,841.6793163773381,580.3847396043601,19.85514527870861,3.4410945337760053,1238.5,-18.425610169851595,-13.005897510861072,130.1333938507363,22.55341393657201,-2.526944754429424,-15.093315368788597,-864.7832694915282,2.2214148534091613,3
centroid,400,13.341748556616,839.5828655439722,576.83908045977,19.923163104065253,3.4528827007094938,1247.0,-18.7889459904543,-12.391399448529318,129.86638267676437,22.507138239350233,-2.5585646909749244,-15.124935305334096,-866.5949584040568,2.2264473226106296,3
centroid,401,13.375102928007541,837.0587036282103,573.2080445712733,19.758721502273858,3.4243833324547306,1226.5,-19.226408403786923,-11.762104745697343,130.0496323041442,22.53889722586188,-2.592564990761338,-15.158935605120512,-868.543032083998,2.231858638388244,3
centroid,402,13.40845729939908,835.4485880286447,569.1421429536548,19.815025728161594,3.4341414158739707,1233.5,-19.50545748203033,-11.057443478561659,129.37305549613262,22.421639722930138,-2.625874818859438,-15.192245433218611,-870.4515446503253,2.2371600621835976,3
centroid,403,13.44181167079062,833.7399372356392,565.5445490517124,19.71840576652941,3.417396213702991,1221.5,-19.80158369120233,-10.433944605249701,129.14639536922127,22.382357264263064,-2.6566379765421044,-15.223008590901276,-872.2141437500376,2.2420561707939095,3
centroid,404,13.475166042182162,831.0579537953794,560.9540594059406,20.046601490203663,3.474275803093615,1262.5,-20.266398147425548,-9.63836700530338,129.48817528174686,22.441591128948378,-2.697668242945358,-15.26403885730453,-874.5650048472414,2.2485863405083646,3
centroid,405,13.5085204135737,828.4776797647687,556.9190056134723,19.923163104065253,3.4528827007094938,1247.0,-20.713585349419976,-8.939051973665507,130.1721203511026,22.56012562499595,-2.734182962762404,-15.300553577121576,-876.6571441828609,2.254397838662863,3
centroid,406,13.541874784965241,826.4187577128754,552.3714520773344,19.66991781010784,3.4089927676715406,1215.5,-21.070417058218318,-8.150915629378042,130.3562192257259,22.59203179451766,-2.772480862141096,-15.338851476500269,-878.8514521814766,2.260493138659018,3
centroid,407,13.57522915635678,824.6495456341368,548.172000526801,20.070405102179357,3.4784012062525393,1265.5,-21.377039141702465,-7.423108828040058,130.57063604536913,22.629192366030328,-2.8073726596880073,-15.373743274047179,-880.8506049205395,2.2660463407119704,3
centroid,408,13.608583527748321,823.065868263473,543.6275449101796,19.967051170495804,3.4604889399674916,1252.5,-21.651506211419626,-6.635509384075653,130.66460839174312,22.645478710093517,-2.8442118704393202,-15.410582484798493,-882.9613362171827,2.271909483202646,3
centroid,409,13.641937899139862,821.8348094471282,539.228126677402,19.88318079785697,3.4459533686190045,1242.0,-21.864860971821376,-5.873046364032203,130.63238693374973,22.6398944103357,-2.8791799800303677,-15.445550594389541,-884.9648613143007,2.2774748306946404,3
centroid,410,13.6752922705314,820.8307482993197,534.8507482993197,19.746635424171473,3.422288694681543,1225.0,-22.03887477422885,-5.114403070435107,130.54370384992643,22.624524748180168,-2.9135659865905157,-15.479936600949689,-886.9350343645064,2.2829475336118783,3
centroid,411,13.708646641922941,819.6920085813891,530.0922499329579,19.89118368841965,3.447340349302504,1243.0,-22.23622971491349,-4.2897078849998,130.66891435369098,22.64622497620809,-2.9510185385303758,-15.517389152889548,-889.0809075226548,2.2889082923845128,3
centroid,412,13.74200101331448,818.729476584022,525.5141873278236,19.625365277680483,3.4012713698348773,1210.0,-22.403046101710533,-3.4962840150316965,130.83047437715078,22.674224938222995,-2.986778572179246,-15.553149186538418,-891.1298065259808,2.294599678504863,3
centroid,413,13.775355384706021,818.1061097593944,520.7203298188699,19.8110093045411,3.433445329636786,1233.0,-22.511081784283135,-2.6654607378305473,130.79649859328643,22.668336596309842,-3.023734799606629,-15.590105413965802,-893.2472423842955,2.3004814447779594,3
centroid,414,13.80870975609756,817.609302956333,516.379983726607,19.77884855394466,3.4278715510758095,1229.0,-22.597183353944807,-1.9132355083935184,130.8524450047904,22.678032666930747,-3.0571271091094507,-15.623497723468624,-895.1604807870019,2.305795995896588,3
centroid,415,13.8420641274891,817.0011971268955,511.8631284916201,19.971036212182124,3.4611795874027624,1253.0,-22.70257415397479,-1.1304194856048047,131.1563358384729,22.730699976687017,-3.0918411739161464,-15.658211788275318,-897.1494501901691,2.311320910905386,3
centroid,416,13.875418498880641,816.6426721199728,506.7145194274029,19.726475505261554,3.418794779840402,1222.5,-22.76471011038437,-0.23811422876914154,131.35975987579252,22.76595538947968,-3.131133238803924,-15.697503853163097,-899.400719676593,2.3175744372565634,3
centroid,417,13.90877287027218,817.231830092401,502.35264101503236,19.61319702274749,3.3991624899980515,1208.5,-22.662603162789924,0.5178427663125876,130.79754973945958,22.668518770416345,3.118746528445394,-15.730809393093365,-901.3089865490018,2.32287517856881,3
centroid,418,13.942127241663721,817.4535165723524,497.16801401239553,19.843117930641572,3.43901007450319,1237.0,-22.624182686703502,1.4163902907959465,130.79730289455793,22.66847598973507,3.079069106062554,-15.770486815476204,-903.5823353934964,2.329190036470184,3
centroid,419,13.97548161305526,817.7069415807559,493.0204810996563,19.6456289539899,3.404783266867296,1212.5,-22.580261607361184,2.1351990748337775,130.86950654830838,22.680989602441084,3.0473125715290936,-15.802243350009665,-905.4018507942251,2.3342442459166524,3
centroid,420,14.008835984446801,818.3730513758981,488.24088382811436,19.78287150701259,3.428568768931301,1229.5,-22.464818142063745,2.9635509107878795,130.74522461950676,22.659450305707505,3.010430369428367,-15.839125552110392,-907.5150453137453,2.3401142306930973,3
centroid,421,14.042190355838342,818.7059543230016,483.99483414899396,19.75469363116845,3.423685262254336,1226.0,-22.407122743945234,3.6994336321613943,131.0395466084918,22.71045923932395,2.977967919138125,-15.871588002400633,-909.3750067080294,2.345280790121665,3
centroid,422,14.07554472722988,819.1419701986755,480.03835540838844,19.60913925979463,3.3984592392426207,1208.0,-22.3315568477828,4.385130824309269,131.31401435106054,22.75802723418843,2.9476949468454685,-15.90186097469329,-911.1095202537151,2.350098883304125,3
centroid,423,14.108899098621421,820.0793255942509,475.62258153676055,19.5928998042059,3.3956447797625477,1206.0,-22.16910381696167,5.150428439549783,131.32266901348837,22.75952717343108,2.913317571461965,-15.936238350076794,-913.0791987739268,2.355570212526935,3
centroid,424,14.14225347001296,821.2818746623446,471.00702323068606,19.819041337834626,3.4348373610459495,1234.0,-21.960690080032123,5.95035068813634,131.28241707843455,22.752551111974803,2.876991265612719,-15.972564655926039,-915.1605427843899,2.36135172366711,3
centroid,425,14.175607841404501,822.3868703550785,466.8026424442609,19.633473257897354,3.402676563602669,1211.0,-21.769183315174054,6.679011775174298,131.38735956305706,22.77073869031414,2.8438995589270353,-16.005656362611724,-917.0565579143646,2.3666184323614843,3
centroid,426,14.208962212796042,823.685604555688,462.24261687193746,20.014819303763414,3.4687676334733064,1258.5,-21.54409973629248,7.469309647616845,131.56870120296193,22.802167003583232,2.8078619521043024,-16.041693969434455,-919.1213606890589,2.372353995624524,3
centroid,427,14.24231658418758,825.6082854799016,457.6529942575882,19.69821695631462,3.4138972917108132,1219.0,-21.21087997256697,8.26473698237766,131.34944179015247,22.7641671624183,2.7700437814908705,-16.07951214004789,-921.2881822541143,2.378372944416345,3
centroid,428,14.275670955579121,827.0425645118382,453.94040968342637,19.971036212182124,3.4611795874027624,1253.0,-20.962305123709072,8.90816488506991,131.4211958573695,22.776602857297927,2.7397549293530576,-16.1098009921857,-923.0236056479067,2.383193564954657,3
centroid,429,14.30902532697066,828.9361358124495,449.9289948800862,19.843117930641572,3.43901007450319,1237.0,-20.634130347831917,9.60338304432882,131.32219035931953,22.759444217893822,2.7059958359974146,-16.143560085541345,-924.9578592173733,2.388566491536509,3
centroid,430,14.342379698362201,830.9128039768909,446.4439070267365,19.87117041874968,3.4438718502360093,1240.5,-20.29155405739085,10.20738349829431,131.06150708148348,22.714265208130023,2.6755191437248294,-16.174036777813928,-926.7040450581113,2.393417007760781,3
centroid,431,14.37573406975374,833.1410461702695,442.1769415532426,19.93913357805586,3.4556505429982036,1249.0,-19.905377480794034,10.946891135259117,131.07682828803354,22.71692052590132,2.6387905779038716,-16.210765343634886,-928.8084368672206,2.3992625405638623,3
centroid,432,14.40908844114528,835.4685573366214,438.19290313741607,19.67800743323829,3.4103947799733265,1216.5,-19.501996601963363,11.63736469375559,131.038424843377,22.710264826251137,2.6035833686405203,-16.245972552898237,-930.8256613664446,2.4048659419505958,3
centroid,433,14.442442812536822,837.7627761962857,434.0138267588451,19.78287150701259,3.428568768931301,1229.5,-19.10438561164025,12.361640274753421,131.29625239178222,22.75494890964717,2.5672885983585987,-16.28226732318016,-932.9051985219957,2.4106424340493486,3
centroid,434,14.47579718392836,839.8690572119259,430.0753424657534,19.875174684869673,3.4445658294572072,1241.0,-18.739346122491416,13.044218849832067,131.74267186036855,22.83231785213337,2.5334975639503474,-16.31605835758841,-934.8412821789697,2.41602044420761,3
centroid,435,14.509151555319901,843.0630520451148,426.5598586764506,19.758721502273858,3.4243833324547306,1226.5,-18.185794989668384,13.653487222394432,131.21421573220417,22.740731139045106,2.4975940768605858,-16.351961844678172,-936.8984004590154,2.4217346616521813,3
centroid,436,14.54250592671144,845.2642390289448,423.16740029345067,19.94312419824553,3.4563421572436948,1249.5,-17.804307350492124,14.24143406609352,131.55262979839975,22.799381669020693,2.466920615122555,-16.382635306416205,-938.6558603596608,2.4266164947095294,3
centroid,437,14.575860298102981,847.68074735987,420.3238559436772,19.794935460673933,3.4306595723183855,1231.0,-17.385502376182117,14.7342486378936,131.4946586655127,22.789334694007707,2.4385505757139185,-16.41100534582484,-940.2813438823954,2.4311317267171257,3
centroid,438,14.609214669494522,850.4087763012182,416.87707641196016,19.576646877473273,3.392827985598998,1204.0,-16.912707775775825,15.33160987797685,131.7152759104396,22.82756986100942,2.4051901777306544,-16.444365743808106,-942.1927538897132,2.4364411989596753,3
centroid,439,14.64256904088606,853.6019880174291,413.5127995642701,19.738573927438622,3.420891556964741,1224.0,-16.359292364928844,15.9146725807771,131.6906674878692,22.823304976154475,2.3699700414764497,-16.47958588006231,-944.2107190509548,2.4420466577409017,3
centroid,440,14.675923412277601,856.636486122339,410.64766909188893,19.843117930641572,3.43901007450319,1237.0,-15.833383604505103,16.411228242731298,131.57953478402098,22.80404457113765,2.338275750943136,-16.511280170595622,-946.026668133175,2.4470909607470688,3
centroid,441,14.70927778366914,859.9894030851776,407.5313212608987,19.887182645698207,3.446646928728396,1242.5,-15.252289682951114,16.95132237631915,131.57386967996246,22.803062752151416,2.3034842883829274,-16.546071633155833,-948.0200721009626,2.452628193990923,3
centroid,442,14.742632155060681,863.4719512195122,405.02737127371273,19.786893642157743,3.4292658450326248,1230.0,-14.648729387599296,17.385281861017248,131.1751919848008,22.733967934747568,2.2709749209278405,-16.578581000610917,-949.8827216507789,2.457802220518191,3
centroid,443,14.77598652645222,866.8396367086891,402.6139352040125,19.78287150701259,3.428568768931301,1229.5,-14.06507593326219,17.80355438184181,130.91600490581368,22.689048231153944,2.239419162297933,-16.610136759240824,-951.690733439606,2.462824475487155,3
centroid,444,14.80934089784376,869.8127872397944,399.9145715058124,19.8110093045411,3.433445329636786,1233.0,-13.549799318708757,18.27138100996074,131.252215558884,22.747316887677858,2.2088906550501477,-16.64066526648861,-953.4398880597388,2.4676832383208573,3
centroid,445,14.842695269235302,872.2352037967615,397.77694025683974,19.495178996445407,3.3787087899875754,1194.0,-13.129970389950078,18.64185380695188,131.56566660156355,22.801641076921022,2.18442075642258,-16.66513516511618,-954.8419099762114,2.471577743644392,3
centroid,446,14.87604964062684,876.7272600055975,395.2968094038623,19.470672162123595,3.374461511388442,1191.0,-12.351452285516176,19.071685198333412,131.10591671499486,22.721961840160557,2.1455057600631084,-16.70405016147565,-957.071575027376,2.4777712576754047,3
centroid,447,14.909404012018381,881.0560773104668,392.812576561862,19.74260508727386,3.4215901971347873,1224.5,-11.6012251098191,19.50222750528903,130.93283801268396,22.691965576316857,2.1074327693106163,-16.742123152228142,-959.2529967109344,2.4838307623519564,3
centroid,448,14.94275838340992,884.6341632088519,390.36279391424614,19.584775026828055,3.3942366748793753,1205.0,-10.981107167921332,19.926799250260846,131.2803199165241,22.752187652917456,2.0744624307195987,-16.77509349081916,-961.142057961317,2.48907815471413,3
centroid,449,14.976112754801461,888.8382571158774,388.1137191420477,19.831083288112968,3.4369243510274954,1235.5,-10.252495799942094,20.31658632036426,131.30761824145816,22.75691872465696,2.0381464403391654,-16.811409481199593,-963.2228109389536,2.494858024096454,3
centroid,450,15.009467126193002,892.4145161290322,386.2424731182795,19.867165345562018,3.4431777311419416,1240.0,-9.632694475459678,20.64089190329262,131.4289961415216,22.777954724271495,2.0074345564791454,-16.84212136505961,-964.9824722650286,2.49974597222444,3
centroid,451,15.04282149758454,896.7947972879479,384.5645496056455,19.58071137391019,3.3935324033343157,1204.5,-8.87354810101789,20.93169276857819,131.18056240177444,22.73489868152543,1.9717593369359574,-16.8777965846028,-967.026511778056,2.5054238597606275,3
centroid,452,15.076175868976081,900.6573682727527,383.17413355874896,19.405169294686,3.363109211723938,1183.0,-8.204126058743201,21.172665725032996,131.01725014251664,22.70659503958566,1.9404690390284163,-16.909086882510344,-968.8193137878652,2.5104038653434304,3
centroid,453,15.10953024036762,904.7381950265436,381.7127689298687,19.48701347608869,3.37729362394016,1193.0,-7.496878116779508,21.425934777749827,130.9771457449089,22.699644547839004,1.90737970876528,-16.94217621277348,-970.7151927588574,2.5156701958184087,3
centroid,454,15.142884611759161,909.6758371543698,380.392524663054,19.540028364295097,3.3864816323609004,1199.5,-6.641135532310751,21.654746265453053,130.69199763720908,22.650225539267225,1.8683726846122213,-16.981183236926537,-972.9501306141924,2.521878356527673,3
centroid,455,15.176238983150702,914.4528462192013,379.4498725573492,19.35589667358042,3.3545697754835473,1177.0,-5.8132322583711025,21.818117268921448,130.28264447200044,22.579280556522935,1.831187648676008,-17.01836827286275,-975.0806762343799,2.5277965388059713,3
centroid,456,15.20959335454224,919.0018377155781,377.7495052304212,19.37233480535295,3.3574186675260846,1179.0,-5.024846701244942,22.112807870877276,130.84381830057478,22.676537573124875,1.79423889407595,-17.05531702746281,-977.1976839312277,2.5336771157416598,3
centroid,457,15.242947725933782,923.968,376.78526315789475,19.442041812609382,3.3694995865155426,1187.5,-4.1641612894341336,22.279920630740374,130.7814312867617,22.66572528194305,1.7555665047870102,-17.09398941675175,-979.4134486211709,2.539832017658169,3
centroid,458,15.27630209732532,928.4448188711036,375.94088739118223,19.437948320235847,3.368790143495464,1187.0,-3.3882839674696563,22.426259365335437,130.8682711860665,22.68077550185415,1.720747777879263,-17.128808143659494,-981.4084147210033,2.545373590157703,3
centroid,459,15.309656468716861,932.3870745487114,375.4230398236185,19.62131003117006,3.4005685552039973,1209.5,-2.7050517738724302,22.516007509157056,130.8517750349166,22.677916554475352,1.690362327621823,-17.159193593916935,-983.1493727793594,2.550209584764248,3
centroid,460,15.3430108401084,937.2202453160803,375.24989890820865,19.839107194283145,3.4383149739251953,1236.5,-1.8674151172304136,22.54601455515076,130.53616630742172,22.62321841695232,1.6534345363531926,-17.196121385185567,-985.265179365792,2.556086825282116,3
centroid,461,15.376365211499941,942.4227506605478,375.1130579891531,19.53188159372448,3.385069715838258,1198.5,-0.9657690979497233,22.569730450045967,130.34671057770188,22.5903838510612,1.6135606964558655,-17.235995225082892,-987.5497821048891,2.5624329440018303,3
centroid,462,15.409719582891482,946.41843676246,374.8857420519228,19.548171739670202,3.387892960462328,1200.5,-0.2732768793851385,22.609126567176478,130.4643853278623,22.61077805789557,1.5828827544383335,-17.266673167100425,-989.3074987066408,2.567315490117807,3
centroid,463,15.44307395428302,950.856737012987,374.60646645021643,19.802974013476614,3.4320527336234523,1232.0,0.4959247817944595,22.65752781193994,130.76544401247915,22.662954527996334,1.5489119617815548,-17.300643959757203,-991.2538817525882,2.5727221096898836,3
centroid,464,15.476428325674561,955.4187963726298,375.2959604286892,19.649679181628848,3.4054852116777368,1213.0,1.2865751298461887,22.53803163464737,130.25635078221896,22.574723598066583,1.5137735851739738,-17.335782336364787,-993.2671624311439,2.5783145560192047,3
centroid,465,15.5097826970661,960.1592312008977,375.31411335577997,19.44613444328572,3.37020888019491,1188.0,2.1081397241262567,22.534885551488216,130.59421616570089,22.63327903586026,1.477517754877657,-17.372038166661103,-995.3444684898654,2.5840848506267644,3
centroid,466,15.543137068457641,964.7984592103452,376.32219012243775,19.637525992641294,3.403378942919388,1211.5,2.9121641681764903,22.360175802318437,130.108022770429,22.54901687553136,1.4412864236384608,-17.4082694979003,-997.4203708560119,2.5898512460882825,3
centroid,467,15.576491439849182,969.4267481330617,377.01873727087576,19.766774782209744,3.425779046118738,1227.5,3.7142927594879898,22.2394572403859,130.0992285194891,22.547492744208565,1.4053100703428416,-17.444245851195916,-999.4816640621223,2.5955770605497004,3
centroid,468,15.60984581124072,973.8240122426265,377.8052309404563,19.527806933913016,3.3843635366888534,1198.0,4.476382448512776,22.10315005002023,130.12453668137718,22.55187890086018,1.370976586786435,-17.478579334752325,-1001.4488277658863,2.601041404171267,3
centroid,469,15.643200182632262,979.1283112582781,379.00676048565117,19.60913925979463,3.3984592392426207,1208.0,5.3956703253859395,21.89491300656862,130.11343618193695,22.54995507369046,1.3291758723129588,-17.5203800492258,-1003.8438322858478,2.6076941945044934,3
centroid,470,15.6765545540238,984.0516181892667,380.09941280895805,19.710332723912007,3.415997074969341,1220.5,6.24892847739218,21.7055454706342,130.3281107719624,22.58716031937906,1.290481253945767,-17.55907466759299,-1006.0608706081573,2.6138526342886865,3
centroid,471,15.709908925415341,988.8045881702598,381.91846323935874,19.5928998042059,3.3956447797625477,1206.0,7.0726655385526,21.39028590416671,129.99394510236175,22.52924607886874,1.251464082790337,-17.59809183874842,-1008.296389843903,2.6200624099435355,3
centroid,472,15.74326329680688,993.3603853259434,383.28820269200315,20.05057072130685,3.474963710397276,1263.0,7.862230584255197,21.152896407538528,130.2105336184016,22.566783027007954,1.2149344442700938,-17.634621477268666,-1010.3893839582516,2.625876282483393,3
centroid,473,15.776617668198421,997.465493726132,385.00381887615924,19.722441048627633,3.418095568302291,1222.0,8.573686777506762,20.855563026669852,130.10859238281304,22.54911559503372,1.1807592023551063,-17.668796719183653,-1012.3474810838189,2.6313154411655244,3
centroid,474,15.809972039589962,1001.7678621073115,387.2671670836808,19.535955403674656,3.3857757476982324,1199.0,9.319330091164282,20.463302227989825,129.74139399512052,22.48547645530629,1.1434469900913844,-17.706108931447375,-1014.4853133708265,2.6372538641849896,3
centroid,475,15.8433264109815,1005.4297172376291,389.2058183795541,19.75469363116845,3.423685262254336,1226.0,9.953966075718256,20.12731463971058,129.560817772686,22.454180796512208,1.1115181109348446,-17.738037810603913,-1016.3147033910793,2.6423355031301363,3
centroid,476,15.876680782373041,1010.3795721187025,391.3823326432022,19.605080656986015,3.3977558429318178,1207.5,10.811825252025125,19.750103028806063,129.916474544932,22.515819659270292,1.0699273589284006,-17.77962856261036,-1018.6976779478239,2.6489548768988715,3
centroid,477,15.91003515376458,1014.6360715283598,394.06216820340876,19.48701347608869,3.37729362394016,1193.0,11.549519015832487,19.285660821599752,129.7069332274941,22.479504060874294,1.0312113549016224,-17.818344566637137,-1020.9159415781697,2.655116720316499,3
centroid,478,15.943389525156121,1018.8272208638957,396.375441456126,19.762748552453708,3.4250812603805456,1227.0,12.27588696057963,18.8847475150831,129.96374093815805,22.524011396227056,0.9943912866099238,-17.855164634928833,-1023.0255760926675,2.6609768161901037,3
centroid,479,15.976743896547662,1022.8201627361742,399.49234588332644,19.61319702274749,3.3991624899980515,1208.5,12.96790357680237,18.344556917825518,129.6249227123705,22.46529082136672,0.9554495317130288,-17.89410638982573,-1025.2567742950926,2.6671745889746177,3
centroid,480,16.010098267939203,1026.6327775518503,402.0317202114681,19.78287150701259,3.428568768931301,1229.5,13.628667717152673,17.90445804183544,129.83291392819342,22.501337771706044,0.9201729435323333,-17.929382978006426,-1027.2779739134676,2.6727890323589927,3
centroid,481,16.04345263933074,1029.7757193535672,404.4464590723952,20.094180516361906,3.48252172245292,1268.5,14.173370850876992,17.485959734308917,129.8756059721691,22.508736728354222,0.8896511264611,-17.95990479507766,-1029.0267452147195,2.677646730418026,3
centroid,482,16.07680701072228,1032.9532997762863,407.3894015659955,19.47884453275087,3.3758778646560086,1192.0,14.724077202795634,16.975918473678878,129.6622833090261,22.471765785066335,0.8563150504902554,-17.993240871048503,-1030.9367616733764,2.6829523316920727,3
centroid,483,16.11016138211382,1036.4653110047848,410.3777246145667,19.979003910967972,3.4625604690006497,1254.0,15.332743745966464,16.458012310654112,129.78790253911953,22.49353684944002,0.8207794853200379,-18.02877643621872,-1032.9727995802418,2.6886079925444766,3
centroid,484,16.143515753505362,1039.653096179183,413.3425559947299,20.066439794405365,3.477713978900924,1265.0,15.88521868304168,15.944177487859475,129.86454923505116,22.506820485631046,0.7872504994288663,-18.062305422109894,-1034.8938689631598,2.6939442963859155,3
centroid,485,16.1768701248969,1043.0636583400483,416.6774106903035,19.875174684869673,3.4445658294572072,1241.0,16.476303091849402,15.366213937213427,129.99678349027826,22.529737999779275,0.7505504229974745,-18.099005498541285,-1036.996628450486,2.6997852949618215,3
centroid,486,16.21022449628844,1046.0204433824504,420.61489446435684,19.990949504807148,3.4646307594510946,1255.5,16.988743404128105,14.683808762054317,129.56613779904237,22.45510281009395,0.7127523436433035,-18.136803577895456,-1039.1622988711806,2.705801046130418,3
centroid,487,16.243578867679982,1049.3774817136884,424.1786833855799,20.153496341094687,3.492801745962658,1276.0,17.570551599895243,14.06616862876843,129.8676788046966,22.507362871236833,0.6750784221631139,-18.174477499375644,-1041.3208555697026,2.711797036959646,3
centroid,488,16.27693323907152,1051.8327922077922,427.5464015151515,19.802974013476614,3.4320527336234523,1232.0,17.996081375748528,13.48250951752566,129.74657182283318,22.486373824446066,0.6429834080719732,-18.206572513466785,-1043.159764420538,2.7169051171008554,3
centroid,489,16.31028761046306,1054.7479481069631,431.67963992586704,20.018794836487846,3.469456632910725,1259.0,18.50130694266991,12.766178113133574,129.6999461670244,22.47829313366868,0.6039930962682479,-18.24556282527051,-1045.3937447287906,2.7231106179571123,3
centroid,490,16.343641981854603,1056.8533333333332,434.67273927392733,20.046601490203663,3.474275803093615,1262.5,18.86619118261168,12.247444169811418,129.78454959801653,22.492955751334737,0.575794459426169,-18.27376146211259,-1047.0094076078637,2.7275985703989822,3
centroid,491,16.376996353246142,1059.466167389305,439.05071606884763,20.094180516361906,3.48252172245292,1268.5,19.319021361462568,11.488697164613061,129.6923846464729,22.47698264680638,0.5365009062149283,-18.31305501532383,-1049.2607623689405,2.733852333624195,3
centroid,492,16.41035072463768,1061.446693121693,442.87169312169306,20.026743534373637,3.470834221463288,1260.0,19.662266206869536,10.826483765231421,129.51291363904758,22.44587853278689,0.5033209183348354,-18.346235003203923,-1051.161835638765,2.7391330927070414,3
centroid,493,16.44370509602922,1063.784420289855,446.9008799171842,20.248040236149336,3.5091871451077004,1288.0,20.06741762061659,10.128185542634437,129.7009382980097,22.47846507985504,0.46740688513658124,-18.38214903640218,-1053.219558166318,2.7448489886169103,3
centroid,494,16.477059467420762,1065.928486764125,451.1935993678388,20.070405102179357,3.4784012062525393,1265.5,20.43900570627892,9.384214484788718,129.76959041194945,22.49036317532068,0.4304226185612489,-18.41913330297751,-1055.3386005494713,2.750735217459003,3
centroid,495,16.5104138388123,1067.7047159699891,455.65447481243297,19.899183360445615,3.448726772181518,1244.0,20.746843927819754,8.61110031751494,129.61121822844254,22.46291569773651,0.3934178615899971,-18.45613805994876,-1057.4588169458311,2.7566247074488914,3
centroid,496,16.54376821020384,1069.299841143765,459.63026211278793,20.018794836487846,3.469456632910725,1259.0,21.023295015893865,7.922056759552247,129.63116700183858,22.466373018956027,0.3603677774690434,-18.489188144069715,-1059.352447278514,2.7618847917063443,3
centroid,497,16.577122581595383,1070.867352320675,463.34928797468353,20.0585068271871,3.476339116629799,1264.0,21.294960323137033,7.277512517508156,129.84923747727652,22.504166805426685,0.3293046426942326,-18.520251278844526,-1061.1322337995568,2.7668286431536853,3
centroid,498,16.61047695298692,1072.0004060089323,467.66382460414127,19.798955145040818,3.431356223675413,1231.5,21.491329818217864,6.529760325167159,129.60254165158997,22.461411960505675,0.29496895376189725,-18.55458696777686,-1063.0995238620537,2.7722933377717323,3
centroid,499,16.64383132437846,1073.0009516041325,471.8587547580206,19.75469363116845,3.423685262254336,1226.0,21.664734340325758,5.802737126925156,129.41197818204756,22.428385412264653,0.2616998621194306,-18.587856059419327,-1065.0057024014009,2.7775882781588073,3
centroid,500,16.67718569577,1074.2063055991628,476.4929356357928,20.137695871130575,3.4900633670658334,1274.0,21.873634199044563,4.999587401089039,129.46589906748446,22.437730439033718,0.2247068056190546,-18.624849115919705,-1067.1252484101617,2.7834759059609206,3
centroid,501,16.710540067161542,1075.5556446225783,480.4567802271209,19.927156922508512,3.4535748692442025,1247.5,22.10748809799663,4.312613633610071,129.96483952202504,22.524201791758617,0.1926553282807587,-18.656900593258,-1068.9616627888051,2.7885770570127084,3
centroid,502,16.74389443855308,1076.555284882934,485.0147516578698,19.798955145040818,3.431356223675413,1231.5,22.2807357165543,3.522671764371961,130.15691856958932,22.5574910047736,0.1568059700108979,-18.692749951527862,-1071.0156797159207,2.794282659588029,3
centroid,503,16.77724880994462,1076.9535541195476,489.0259827679052,19.851136972363392,3.4403998543435153,1238.0,22.349759744021448,2.8274854409932777,129.98619820949247,22.527903465136532,0.1258422498632126,-18.723713671675547,-1072.7897701984073,2.7992106887060473,3
centroid,504,16.810603181336162,1077.3147128245475,492.7258064516129,20.113971893676243,3.485951765363021,1271.0,22.41235214655268,2.186269127779288,129.93328012810048,22.51873223430141,0.09723985881637325,-18.752316062722386,-1074.428566489374,2.803762900625399,3
centroid,505,16.8439575527277,1077.7341656912472,496.7038626609442,20.196883896891812,3.5003212417402834,1281.5,22.48504750820912,1.4968323452812722,130.02607544840083,22.534814588016946,0.06647204521670977,-18.78308387632205,-1076.1914323534797,2.8086597502479154,3
centroid,506,16.87731192411924,1077.4152141602485,501.7309822996892,19.815025728161594,3.4341414158739707,1233.5,22.429770029527766,0.6255824165248468,129.47029504274627,22.438492305352586,0.02788349053388944,-18.82167243100487,-1078.4023936743151,2.814801309472458,3
centroid,507,16.91066629551078,1077.61581027668,506.6949934123847,20.066439794405365,3.477713978900924,1265.0,22.4645353354502,-0.23473017578930455,129.62763934353714,22.465761640619192,-0.010448541678373016,-18.86000446321713,-1080.5986573402372,2.820902041877797,3
centroid,508,16.944020666902322,1077.6029315534615,511.18832613532254,20.13374381616736,3.4893784365583906,1273.5,22.46230332437969,-1.0134695128375575,129.73953864553283,22.48515490473414,-0.045088103026690605,-18.894644024565448,-1082.5833580096803,2.826415099292917,3
centroid,509,16.97737503829386,1077.403137254902,515.9768627450981,20.14559765517849,3.491432824982796,1275.0,22.427676981484584,-1.8433706251882476,129.84426153517694,22.503304425075452,-0.08200744173425524,-18.931563363273014,-1084.6986803000377,2.83229099454391,3
centroid,510,17.0107294096854,1076.3066142763587,520.1525867714472,20.1258373780788,3.488008172049807,1272.5,22.237638622426516,-2.567065210139768,129.16347024816253,22.385316510935144,-0.1149291411014131,-18.964485062640172,-1086.5849547281746,2.837530645733179,3
centroid,511,17.044083781076942,1076.173269941891,524.6752509244585,20.042631473036266,3.4735877595571933,1262.0,22.214528720483933,-3.3508879763081207,129.628061890138,22.46583487215581,-0.14971349520203303,-18.99926941674079,-1088.5779514112285,2.8430667476305507,3
centroid,512,17.07743815246848,1075.8760233918129,528.6751137102013,20.204762533390774,3.501686687956346,1282.5,22.163012931286733,-4.044104055801292,129.99227920195435,22.528957361727404,-0.18048522075891515,-19.030041142297673,-1090.3410414139728,2.847964219860396,3
centroid,513,17.11079252386002,1075.0737694215954,532.7098837968402,20.157444523391572,3.493486005298435,1276.5,22.023974323768936,-4.743369918391802,129.99241793823586,22.5289814061075,-0.21213267408631123,-19.06168859562507,-1092.15430692197,2.8530010684937213,3
centroid,514,17.144146895251563,1073.6123791102514,537.0943907156673,20.28338058343701,3.515311979460021,1292.5,21.770700820025205,-5.503248659136026,129.5683884435461,22.455492869214172,-0.24759561523068907,-19.09715153676945,-1094.1861837786635,2.8586451708734253,3
centroid,515,17.1775012666431,1072.409272891644,541.9586723492187,20.26768137010699,3.5125911493469095,1290.5,21.56219052335961,-6.346277138907966,129.6909143186369,22.476727824340553,-0.2862416523812592,-19.13579757392002,-1096.400438602297,2.864795878716852,3
centroid,516,17.21085563803464,1070.9666403992644,546.5197005516154,20.098140350968553,3.483208001250094,1269.0,21.31216793656453,-7.136748777133445,129.68300631733717,22.475357288911894,-0.3231305156198789,-19.17268643715864,-1098.5140147769052,2.8706669236463194,3
centroid,517,17.24421000942618,1069.430086149768,551.4296885354539,20.0068658683992,3.467389223868523,1257.5,21.04586777332863,-7.987698622874964,129.88696804631948,22.51070588902781,-0.3627429132571458,-19.212298834795906,-1100.7836379779146,2.876971432538012,3
centroid,518,17.277564380817722,1067.6337728059661,555.5811692635504,19.95907870015583,3.459107231411725,1251.5,20.73454877054432,-8.70719160265427,129.75936150151722,22.48859040321145,-0.3975739203404073,-19.247129841879165,-1102.7793076799755,2.8825149594881814,3
centroid,519,17.31091875220926,1066.0915006640105,559.4617529880478,19.98696843347328,3.4639408001174683,1255.0,20.467257639566313,-9.37973543221505,129.90698435105278,22.514174914101027,-0.4297182278744783,-19.279274149413236,-1104.6210408370484,2.8876308849244947,3
centroid,520,17.3442731236008,1063.8794411177644,563.6652029274784,19.967051170495804,3.4604889399674916,1252.5,20.083885676978003,-10.10823519419294,129.73398174457665,22.484191838423794,-0.46628473977468976,-19.315840661313448,-1106.7161476404456,2.8934506260450426,3
centroid,521,17.377627494992343,1061.9723958333332,567.1497395833333,20.185060176161283,3.4982720731140358,1280.0,19.753375725436296,-10.712140120139882,129.65785926655548,22.470999054420492,-0.49690776822940785,-19.346463689768168,-1108.47071792681,2.8983244323960546,3
centroid,522,17.41098186638388,1059.5635671132125,571.3253217756763,20.098140350968553,3.483208001250094,1269.0,19.33590170420621,-11.435810123844774,129.6204993480831,22.464524208256787,-0.5340933470979012,-19.38364926863666,-1110.6012946547255,2.904242701084709,3
centroid,523,17.44433623777542,1057.3045412904069,575.1842690747284,20.13374381616736,3.4893784365583906,1273.5,18.944390017870127,-12.10460414526839,129.71761727224822,22.481355712296935,-0.5685711727155272,-19.418127094254285,-1112.5767285494035,2.9097300174588145,3
centroid,524,17.47769060916696,1054.8125407378438,578.7735627688697,20.17322952543733,3.49622170345087,1278.5,18.51250148926858,-12.726664509856658,129.62381947883952,22.465099620002054,-0.6022623933825692,-19.45181831492133,-1114.507093300269,2.915092141766774,3
centroid,525,17.511044980558502,1051.6742158011193,582.9437719640765,20.189002185802646,3.4989552626671,1280.5,17.968598504254608,-13.449403319615788,129.50513965511712,22.444531223903812,-0.6425371122635561,-19.492093033802316,-1116.8146647132255,2.92150206235832,3
centroid,526,17.54439935195004,1049.044384057971,586.3033126293996,20.248040236149336,3.5091871451077004,1288.0,17.51282245683367,-14.031645194815667,129.48316212245066,22.4407222984861,-0.6754851527546709,-19.52504107429343,-1118.7024483765924,2.9267459058676724,3
centroid,527,17.57775372334158,1046.053609341826,589.8715498938428,19.994929783493642,3.465320581411032,1256.0,16.994491395387428,-14.650056270309454,129.46398828483186,22.43739928135903,-0.7114467253796378,-19.561002646918396,-1120.7628947126561,2.932469367912294,3
centroid,528,17.611108094733122,1042.8435292549646,593.3885112621617,19.951103044013138,3.4577249707246014,1250.5,16.438152527813035,-15.259580722039415,129.41650467497715,22.429169898595955,-0.748233703301836,-19.597789624840594,-1122.870633288639,2.9383241972900245,3
centroid,529,17.64446246612466,1039.472537508154,596.5436399217222,20.165338568935375,3.49485412205552,1277.5,15.853926066081064,-15.806395959670331,129.17464742245497,22.38725362662082,-0.7838969130101329,-19.63345283454889,-1124.9139846888145,2.944000173401623,3
centroid,530,17.6778168375162,1036.4073641903278,599.6695189939063,20.228380031264564,3.505779835686779,1285.5,15.322700985579747,-16.34814195233613,129.2851414542247,22.406403343402065,-0.8177649323251432,-19.667320853863902,-1126.8544792560322,2.9493904360883385,3
centroid,531,17.711171208907743,1032.8294270833333,602.8885416666666,20.185060176161283,3.4982720731140358,1280.0,14.702608830712666,-16.90603065915988,129.2766004318802,22.40492309911828,-0.8549950559880759,-19.704550977526836,-1128.9876082126684,2.955315794301217,3
centroid,532,17.744525580299282,1029.399392257894,605.80301228696,20.038660669337457,3.47289957970704,1261.5,14.108149615088747,-17.411137460422967,129.30325417916694,22.40954245912827,-0.8898096720679416,-19.7393655936067,-1130.9823387794129,2.960856712542174,3
centroid,533,17.77787995169082,1025.619930475087,608.601776747779,20.29906765506527,3.5180307052952253,1294.5,13.453131225705349,-17.896191231234624,129.18383222840887,22.388845445019435,-0.9261879591681924,-19.77574388070695,-1133.0666610961725,2.966646496755395,3
centroid,534,17.81123432308236,1022.3323878984331,611.3784440842787,19.819041337834626,3.4348373610459495,1234.0,12.88336733673445,-18.3774153502034,129.49917105564478,22.443496806138025,-0.9593703789148083,-19.808926300453567,-1134.9678737016852,2.9719276428818193,3
centroid,535,17.844588694473902,1017.978287092883,614.4956440155474,19.89518392650703,3.448033630425511,1243.5,12.128758278418719,-18.917657161260717,129.662831806985,22.471860845228406,-1.000678876310736,-19.850234797849495,-1137.334676260499,2.97850209443408,3
centroid,536,17.87794306586544,1013.502078461938,616.7803325539101,20.208700699792736,3.502369211437724,1283.0,11.352986717154804,-19.31361645193238,129.26700809899194,22.403260652240927,-1.039378668604046,-19.888934590142803,-1139.5520110269383,2.984661357674189,3
centroid,537,17.91129743725698,1009.5412748171368,619.2859195402298,20.153496341094687,3.492801745962658,1276.0,10.666539976012047,-19.747859644893083,129.50463240635662,22.44444331263887,-1.0755573792343172,-19.925113300773077,-1141.624898454278,2.9904193783056883,3
centroid,538,17.944651808648523,1005.669193934557,621.4453312051078,19.971036212182124,3.4611795874027624,1253.0,9.995469773686613,-20.122107205002962,129.6402452870933,22.46794637625599,-1.1097595494847867,-19.959315471023544,-1143.5845384598178,2.995862822765521,3
centroid,539,17.97800618004006,1001.1468096372782,623.3130791633571,20.018794836487846,3.469456632910725,1259.0,9.211695509305475,-20.445806538318593,129.39317945550405,22.425127405624924,-1.1474917262289508,-19.997047647767708,-1145.7464329391,3.0018680852079713,4
centroid,540,18.0113605514316,997.0672137553732,625.249967435196,20.181117396520943,3.4975887501124756,1279.5,8.504660889705278,-20.78148857696411,129.56201126602673,22.454387640801347,-1.1823480641485942,-20.031903985687354,-1147.7435539911776,3.0074156436859645,4
centroid,541,18.04471492282314,992.8379772961815,626.7269091847265,20.279456919490165,3.5146319693986325,1292.0,7.771692066889523,-21.03745729991599,129.40443177902833,22.42707754542134,-1.2169252163317534,-20.06648113787051,-1149.724678878854,3.012918768373955,4
centroid,542,18.078069294214682,989.1854891233554,627.9727758238895,20.181117396520943,3.4975887501124756,1279.5,7.138679469410765,-21.253378403572416,129.36493745193417,22.42023278497405,-1.2467515207947295,-20.096307442333487,-1151.4336002430548,3.0176657721634013,4
centroid,543,18.11142366560622,984.8836553945249,629.5138217928072,19.88318079785697,3.4459533686190045,1242.0,6.393128816333162,-21.520457026544108,129.53665170803487,22.449992576692782,-1.2820277768851913,-20.13158369842395,-1153.454780834061,3.023280162693974,4
centroid,544,18.14477803699776,979.9234109751283,630.6571917357546,20.078333368379234,3.4797752537903315,1266.5,5.53346902950289,-21.718614431364465,129.3199763059359,22.412440570333708,-1.3213239053295462,-20.170879826868305,-1155.7062831451265,3.029534335780267,4
centroid,545,18.178132408389303,975.6200241254523,631.8576598311219,19.89518392650703,3.448033630425511,1243.5,4.787649205105891,-21.92666751498357,129.49785787425034,22.443269218716488,-1.3558220747548206,-20.205377996293578,-1157.6828826541218,3.035024889971921,4
centroid,546,18.21148677978084,971.2485763475036,632.7703615415177,20.014819303763414,3.4687676334733064,1258.5,4.030033743610502,-22.08484781648854,129.53401834077988,22.44953618790593,-1.3903026686198827,-20.23985859015864,-1159.6584751576947,3.04051264692629,4
centroid,547,18.24484115117238,965.9049319053285,633.3956102075896,20.030716700474503,3.4715228107412592,1260.5,3.1039269122427458,-22.19320964093603,129.30136467624573,22.409214989443083,-1.4318383767688987,-20.281394298307656,-1162.0382959337205,3.0471232601930285,4
centroid,548,18.27819552256392,961.5598845598845,634.1331496786042,20.11001517643649,3.4852660268365945,1270.5,2.350886908781355,-22.32103258086053,129.50490608266404,22.444490743470137,-1.465861584835685,-20.315417506374445,-1163.987682161443,3.052538221936702,4
centroid,549,18.311549893955462,957.4684898929845,634.453824811732,20.038660669337457,3.47289957970704,1261.5,1.6418074421663647,-22.376608776966595,129.46029354858956,22.43675894675011,-1.497555972341794,-20.34711189388055,-1165.803636799795,3.0575825403765684,4
centroid,550,18.344904265347,953.0230558812036,634.767878077374,20.181117396520943,3.4975887501124756,1279.5,0.8713694290733627,-22.431037337450306,129.52489963245768,22.447955824885554,-1.531969254433012,-20.38152517597177,-1167.775372622815,3.0630595843294017,4
centroid,551,18.37825863673854,948.5205745341615,634.6895703933748,20.248040236149336,3.5091871451077004,1288.0,0.09104454430158929,-22.41746583547538,129.35003888761233,22.417650715312543,-1.5667350272527607,-20.41629094879152,-1169.7673046768973,3.068592728924075,4
centroid,552,18.411613008130082,944.2434561965812,634.8064903846154,19.931149940667517,3.454266899081675,1248.0,-0.6502226851829168,-22.437729235067756,129.52024225867726,22.44714865559857,-1.5997672068239313,-20.44932312836269,-1171.6599091544435,3.0738499635839256,4
centroid,553,18.44496737952162,939.7979717107017,634.5876701361088,19.93913357805586,3.4556505429982036,1249.0,-1.4206694459401719,-22.399805505452807,129.50676007514437,22.444812058842057,-1.6341347848996635,-20.483690706438423,-1173.6290263302694,3.0793197335167752,4
centroid,554,18.47832175091316,935.2383171521035,634.257993527508,20.244109722623776,3.508505947946064,1287.5,-2.2109030180069786,-22.342669263947354,129.54703413678993,22.451791955057175,-1.6694295179760952,-20.518985439514854,-1175.6512655745896,3.084937064750998,4
centroid,555,18.511676122304703,930.8760146635244,633.7825346949463,20.129790985302495,3.4886933715794597,1273.0,-2.96693350972158,-22.260267510306296,129.57777255565713,22.457119229355907,-1.7032992112634011,-20.55285513280216,-1177.5918560533548,3.0903275938586794,4
centroid,556,18.545030493696242,926.185546875,633.1779947916666,20.185060176161283,3.4982720731140358,1280.0,-3.779838318091412,-22.15549472081399,129.6844746239691,22.475611761082916,-1.7397744379066973,-20.589330359445455,-1179.6817325967988,3.096132806479357,4
centroid,557,18.57838486508778,922.8390352601913,632.4273168174072,20.11792783272397,3.486637369021015,1271.5,-4.3598221290023735,-22.025394747351697,129.55257237086562,22.45275178621112,-1.7662153809179526,-20.61577130245671,-1181.1966870376898,3.1003410132596096,4
centroid,558,18.61173923647932,917.9441830065359,631.1916339869281,20.14559765517849,3.491432824982796,1275.0,-5.208148801875256,-21.811238599222055,129.38914028276966,22.424427376739605,-1.805190090026718,-20.654746011565475,-1183.429773377372,3.1065440308698378,4
centroid,559,18.645093607870862,913.552511415525,630.3132420091324,20.165338568935375,3.49485412205552,1277.5,-5.969269251705068,-21.65900451627396,129.63203192194496,22.466522918229412,-1.8397223101685924,-20.689278231707352,-1185.408323848718,3.1120400044013548,4
centroid,560,18.6784479792624,909.48495645289,629.2040116125627,20.05057072130685,3.474963710397276,1263.0,-6.674217060007754,-21.46676383504221,129.71194094285093,22.480371947847633,-1.8722313840099591,-20.721787305548716,-1187.2709565757075,3.1172139841985476,4
centroid,561,18.71180235065394,905.4614069690992,627.5827744904668,20.08625850520586,3.481148758976555,1267.5,-7.371538280311108,-21.18578728611808,129.43058824297526,22.431610721273103,-1.9056413245767427,-20.7551972461155,-1189.185205163967,3.1225313413881577,4
centroid,562,18.745156722045483,901.4270058708415,626.3932159165036,20.165338568935375,3.49485412205552,1277.5,-8.07074019353818,-20.97962493127191,129.7009533377851,22.47846768639799,-1.938038824384804,-20.787594745923563,-1191.041445169745,3.12768756362643,4
centroid,563,18.77851109343702,897.6814462918975,624.9447083663235,20.05057072130685,3.474963710397276,1263.0,-8.719882993155862,-20.72858413841492,129.7560082128917,22.48800924487705,-1.9689932859899184,-20.818549207528676,-1192.8150051768177,3.132614119201632,4
centroid,564,18.81186546482856,893.700170134799,622.8577411333595,20.13374381616736,3.4893784365583906,1273.5,-9.409877824688786,-20.366891920266145,129.45359867560006,22.435598658546468,-2.003599646501708,-20.853155568040467,-1194.7978035784515,3.1381218925395036,4
centroid,565,18.8452198362201,890.2902055622733,621.5568990998253,19.87117041874968,3.4438718502360093,1240.5,-10.000858665482276,-20.14144303293412,129.75399938153126,22.487661094384233,-2.0316651979930462,-20.881221119531805,-1196.4058412286124,3.1425886637899505,4
centroid,566,18.878574207611642,886.4644764957263,619.3709935897435,19.931149940667517,3.454266899081675,1248.0,-10.663895636192317,-19.762603825438664,129.57224526532454,22.456161294861694,-2.06561963391439,-20.91517555545315,-1198.3512871026528,3.147992680106729,4
centroid,567,18.91192857900318,881.6400899114108,617.3235488562739,20.030716700474503,3.4715228107412592,1260.5,-11.50000990637661,-19.40776125029488,130.1660019323335,22.559065242053084,-2.1057176262808297,-20.955273547819587,-1200.6487328321973,3.1543744737999084,4
centroid,568,18.94528295039472,877.9135562467599,614.5237169517885,20.232313600583467,3.506461562447853,1286.0,-12.14585532545362,-18.922522480858746,129.7397269405839,22.485187538142856,-2.1414370984175637,-20.99099301995632,-1202.6953078320673,3.1600594043551027,4
centroid,569,18.978637321786263,874.4361165048543,612.4069902912621,20.244109722623776,3.508505947946064,1287.5,-12.748530285492233,-18.55567265736004,129.90056943837737,22.513063145809628,-2.1727727440549938,-21.022328665593754,-1204.4907080754099,3.1650466272532767,4
centroid,570,19.0119916931778,870.8629394660321,609.947792757071,20.03468907863958,3.4722112634621065,1261.0,-13.367797473110857,-18.129469218725184,129.96945011322944,22.52500085315899,-2.2061533479670894,-21.055709269505847,-1206.4032757971706,3.1703593153692786,4
centroid,571,19.04534606456934,867.8866424046366,607.5450869389406,19.839107194283145,3.4383149739251953,1236.5,-13.883619412718831,-17.71305635742487,129.85817645182192,22.505716018792487,-2.235585267537583,-21.085141189076342,-1208.0896005715285,3.1750435508536063,4
centroid,572,19.078700435960883,864.6406715407527,604.8181695098835,19.794935460673933,3.4306595723183855,1231.0,-14.446178509603651,-17.240454393174872,129.78355976414574,22.49278420326121,-2.268237330575894,-21.11779325211465,-1209.9604259760188,3.180240288088301,4
centroid,573,19.112054807352422,861.198447745216,602.1327445470359,19.911176842213806,3.450805362087265,1245.5,-15.042750195208843,-16.775043486792345,130.00924542177157,22.531897776690496,-2.301804021006776,-21.151359942545536,-1211.8836556699307,3.185582592793612,4
centroid,574,19.14540917874396,857.8026384535004,598.6778996865204,20.153496341094687,3.492801745962658,1276.0,-15.631277784780227,-16.176284444857124,129.79429272343518,22.494644332060254,-2.339061667212311,-21.188617588751068,-1214.0183615520991,3.191512331355191,4
centroid,575,19.1787635501355,854.3021339816315,595.4245002701242,19.819041337834626,3.4348373610459495,1234.0,-16.237950092362055,-15.612437905796238,129.97503135644956,22.52596813822625,-2.375831041765498,-21.225386963304256,-1216.1250915293326,3.1973643590697285,4
centroid,576,19.212117921527042,850.9366733466934,591.6462257849031,19.927156922508512,3.4535748692442025,1247.5,-16.821217957288862,-14.957625286915953,129.88082232541473,22.509640774352768,-2.4147699640085527,-21.26432588554731,-1218.3561274326478,3.203561681023382,4
centroid,577,19.24547229291858,848.3823726991803,588.2683057906758,19.87117041874968,3.4438718502360093,1240.5,-17.263903713167117,-14.372198090866526,129.61376989822008,22.463357927536407,-2.4473464421577855,-21.296902363696546,-1220.222622141999,3.2087463885493572,4
centroid,578,19.27882666431012,845.2156862745097,584.6099919419822,19.875174684869673,3.4445658294572072,1241.0,-17.81272202666502,-13.738175845706952,129.7970524333414,22.495122617287578,-2.4846256650910346,-21.334181586629793,-1222.3585642796013,3.214679561153808,4
centroid,579,19.312181035701663,842.4304193899782,581.1869553376906,19.738573927438622,3.420891556964741,1224.0,-18.295436533002405,-13.144929491545339,129.98693261837255,22.52803074551385,-2.518570501814918,-21.368126423353676,-1224.3034601601405,3.2200820497108618,4
centroid,580,19.3455354070932,839.8986568986569,577.6384479717813,19.774824782454758,3.4271741913796347,1228.5,-18.734216201819383,-12.529937804076368,130.0455758738539,22.53819420607015,-2.552096361290939,-21.401652282829698,-1226.2243504126652,3.2254178559678746,4
centroid,581,19.37888977848474,837.7040562913908,573.6381070640176,19.60913925979463,3.3984592392426207,1208.0,-19.114562356303736,-11.836638861272494,129.72546548561027,22.482715885880204,-2.5871408965663996,-21.43669681810516,-1228.2322543789464,3.2309953669853226,4
centroid,582,19.41224414987628,835.5445040583298,570.678085018572,19.637525992641294,3.403378942919388,1211.5,-19.48883427828048,-11.323637544109538,130.0544374544562,22.53973000629438,-2.615236936537113,-21.46479285807587,-1229.8420388902991,3.235466990627969,4
centroid,583,19.445598521267822,833.4463860206513,566.4034948371724,20.018794836487846,3.469456632910725,1259.0,-19.852459042004295,-10.582808469284279,129.80800755914197,22.497021249756894,-2.651838086982594,-21.501394008521352,-1231.9391303361488,3.241292244644218,4
centroid,584,19.47895289265936,831.5225736685591,562.5109489051094,19.8110093045411,3.433445329636786,1233.0,-20.18587489345587,-9.90819146994873,129.74718710339212,22.486480458698214,-2.685293607321439,-21.5348495288602,-1233.8559904529786,3.2466168560798563,4
centroid,585,19.5123072640509,828.6848334709606,557.8005780346821,19.633473257897354,3.402676563602669,1211.0,-20.67768354784551,-9.091837259150449,130.33427863877802,22.588229272161136,-2.727342828933211,-21.57689875047197,-1236.2652333831434,3.2533091975525363,4
centroid,586,19.545661635442443,827.192156862745,553.5933739012846,19.80699206647799,3.43274910224858,1232.5,-20.93637927860573,-8.362686857947471,130.08349963338844,22.544766771508613,-2.761574914947755,-21.611130836486513,-1238.2265874357056,3.2587574032540982,4
centroid,587,19.57901600683398,824.9030452000546,549.3747098183804,19.710332723912007,3.415997074969341,1220.5,-21.333105140799937,-7.631550333296319,130.7313774751086,22.657050457596192,-2.7980456494969768,-21.647601571035736,-1240.316206601118,3.264561900935799,4
centroid,588,19.61237037822552,823.3118852459016,545.2627049180328,19.706294962377495,3.415297290659024,1220.0,-21.608869016799904,-6.918898907843404,130.91873521127653,22.689521420298213,-2.831719250388357,-21.681275171927116,-1242.2455618132021,3.269921220969366,4
centroid,589,19.64572474961706,821.8385416666666,539.8422423245614,19.67396303746374,3.4096938458831008,1216.0,-21.86421414098372,-5.979478725361374,130.78944022340994,22.66711331047343,-2.874637848833266,-21.724193770372025,-1244.7046163667121,3.2767519280624495,4
centroid,590,19.679079121008602,820.6441809757426,535.5929408558189,19.730509136937545,3.419493848405083,1223.0,-22.071208750552387,-5.243032436442195,130.89498913121017,22.685405987992482,-2.9083648027811213,-21.75792072431988,-1246.6370284837562,3.282119739498683,4
centroid,591,19.71243349240014,819.9374325782093,530.7064455231931,19.83509564693766,3.4376197327950617,1236.0,-22.193695290608833,-4.396154101260637,130.54589220318485,22.62490401160684,-2.9460427594479177,-21.795598680986675,-1248.7958163814405,3.2881163725478064,4
centroid,592,19.74578786379168,818.679185582611,526.1679735864631,19.637525992641294,3.403378942919388,1211.5,-22.411762033406035,-3.6095916886489015,130.98253025536988,22.70057773715866,-2.9819060525502175,-21.831461974088977,-1250.850631715643,3.293824192920591,4
centroid,593,19.779142235183222,818.645736760781,521.9414243573535,19.433853965620603,3.368080551040305,1186.5,-22.417559047547446,-2.877088589584699,130.41044112669658,22.601428990278357,-3.013949570306149,-21.863505491844908,-1252.6865900438104,3.2989240771655,4
centroid,594,19.81249660657476,818.0099859353023,517.5911392405063,19.42156572287085,3.365950876119153,1185.0,-22.527741000874386,-2.1231408281446145,130.56126445725286,22.62756817642169,-3.047624597128005,-21.897180518666765,-1254.6160269556926,3.304283624142951,4
centroid,595,19.8458509779663,817.5545442007999,513.1675630947456,19.61319702274749,3.3991624899980515,1208.5,-22.606673591950933,-1.3564910010470344,130.67531615941238,22.64733447293375,-3.0816605058170414,-21.9312164273558,-1256.566140875467,3.3097006072534354,4
centroid,596,19.879205349357843,817.2735701041221,507.7242904007987,19.285878305271954,3.342434894521052,1168.5,-22.655369202818484,-0.41311760084942734,130.74340796640666,22.65913546162227,-3.1233598091958377,-21.972915730734595,-1258.9553349677076,3.3163372575096592,4
centroid,597,19.912559720749382,816.7613494377342,502.96320977370533,19.548171739670202,3.387892960462328,1200.5,-22.74414214859413,0.41202511610294856,131.25542949962895,22.747873895635955,3.123478976235721,-22.009262252482625,-1261.0378372638502,3.322121986110055,4
centroid,598,19.94591409214092,816.9801703672671,498.0427314620863,19.491096663870767,3.3780012810718527,1193.5,-22.706218300950532,1.2647930401851897,131.2181736375535,22.741417083482762,3.085947660949394,-22.04679356776895,-1263.1882232293315,3.3280952804586144,4
centroid,599,19.97926846353246,817.5143132397467,493.44467382328656,19.633473257897354,3.402676563602669,1211.0,-22.6136460184039,2.061682248738483,131.02208600605093,22.707433142925645,3.050674171222233,-22.08206705749611,-1265.2092453193957,3.3337092307087928,4
centroid,600,20.012622834924002,818.1389006045268,489.2440601715169,19.42566266748406,3.3666609174467688,1185.5,-22.505398804060157,2.789690453801069,130.85017831939834,22.67763982776473,3.0182652373791274,-22.11447599133922,-1267.0661404471246,3.338867272730262,4
centroid,601,20.04597720631554,818.6307175828787,485.0877045740663,19.47475877611804,3.375169762316881,1191.5,-22.42016202074437,3.510028297017628,130.94029594771268,22.69325811077583,2.9862964602456414,-22.146444768472705,-1268.8978164530677,3.343955261635659,4
centroid,602,20.07933157770708,819.0611796982166,480.941975308642,19.665871750657423,3.4082915452497087,1215.0,-22.345558646591503,4.2285244910024025,131.22227875662506,22.74212854152547,2.9545707677605395,-22.178170460957805,-1270.7155647345937,3.3490045624176763,4
centroid,603,20.112685949098623,820.0919927078951,476.62852334875896,19.45022621280882,3.3709180246278394,1188.5,-22.16690847993906,4.976088699297345,131.08632893631642,22.71856708292292,2.9207705863847058,-22.21197064233364,-1272.6521724742058,3.3543840283610433,4
centroid,604,20.14604032049016,821.2477703455963,472.2639353400223,19.511499785403828,3.381537345351104,1196.0,-21.966600697974897,5.732515294430522,130.99232190717424,22.70227472799039,2.886320853817532,-22.246420374900815,-1274.6259967556593,3.3598668735873027,4
centroid,605,20.1793946918817,822.5472127417519,467.73393060295786,19.314740138231286,3.3474369377817283,1172.0,-21.741394381748012,6.517610256964367,130.96362350947058,22.697301009688157,2.850338759181035,-22.28240246953731,-1276.6876189163706,3.365593601811501,4
centroid,606,20.21274906327324,823.6194616977226,463.23312629399584,19.605080656986015,3.3977558429318178,1207.5,-21.555562952692966,7.297644494325133,131.31022464666415,22.757370440652046,2.815154109420012,-22.317587119298334,-1278.7035508513234,3.371193412741925,4
centroid,607,20.246103434664782,825.5409272252028,458.6242949511624,19.637525992641294,3.403378942919388,1211.5,-21.222553829332814,8.096400893147669,131.06286033533084,22.714499740506977,2.7771357059537767,-22.35560552276457,-1280.8818449137643,3.377244229582039,4
centroid,608,20.27945780605632,827.1605392156863,454.69621459694986,19.738573927438622,3.420891556964741,1224.0,-20.941858931911586,8.777176361943077,131.01862514841648,22.706833341810068,2.744711948977751,-22.388029279740593,-1282.7395893444482,3.382404630778383,4
centroid,609,20.31281217744786,829.5763000852515,450.47953964194375,19.322978458135964,3.348864720716255,1173.0,-20.523183500103734,9.50796815090779,130.5097033798903,22.618632127907446,2.7077506158666784,-22.424990612851666,-1284.8573177368899,3.3882872096462764,4
centroid,610,20.346166548839403,831.2045977011494,447.3386494252873,19.21560480373171,3.3302557964270814,1160.0,-20.240983297245737,10.052315724497033,130.40046690257304,22.599700357844377,2.680643242942688,-22.45209798577566,-1286.4104557991218,3.392601482041365,4
centroid,611,20.37952092023094,832.5174150230802,442.8910337110085,19.47475877611804,3.375169762316881,1191.5,-20.013458973100562,10.823131848373642,131.28243495359388,22.752554209918042,2.645845884379289,-22.486895344339057,-1288.404197583008,3.3981396536632715,4
centroid,612,20.41287529162248,834.9314207650273,438.9960382513661,19.706294962377495,3.415297290659024,1220.0,-19.595087722398823,11.498173375248312,131.09168312249474,22.71949501674221,2.6109440863709956,-22.52179714234735,-1290.4039233063013,3.403694447339086,4
centroid,613,20.446229663014023,837.2906127037661,435.2620854412591,19.429758748218564,3.367370809055597,1186.0,-19.186216250013874,12.145304606164816,131.02104393240074,22.70725254117778,2.5772452121349954,-22.555496016583348,-1292.3347265743662,3.4090577897503773,4
centroid,614,20.479584034405562,840.0337235228538,431.3733277591973,19.511499785403828,3.381537345351104,1196.0,-18.710807809904058,12.819265064025169,130.86958240161962,22.6810027485758,2.540918996669549,-22.591822232048795,-1294.416065406219,3.4148392865055244,4
centroid,615,20.5129384057971,842.8262484523318,427.42536800110054,19.637525992641294,3.403378942919388,1211.5,-18.226835412050878,13.503485831612423,130.88659711565467,22.68395156807009,2.503968534480501,-22.628772694237846,-1296.5331709407094,3.420720135212442,4
centroid,616,20.54629277718864,845.3879781420765,423.7329410116295,19.458407170568176,3.372335866130967,1189.5,-17.782862129123313,14.143420224006961,131.10324667295396,22.721499095267838,2.4696996871463357,-22.66304154157201,-1298.4966312617353,3.426174191659736,4
centroid,617,20.579647148580182,848.0599945085117,421.03747940691926,19.657777133417753,3.4068886674190284,1214.0,-17.31977506611601,14.610570580439653,130.74429427140342,22.659289067110254,2.44083908514318,-22.691902143575163,-1300.1502219507227,3.4307674991291455,4
centroid,618,20.61300151997172,850.8120805369127,417.86563199105143,19.47884453275087,3.3758778646560086,1192.0,-16.842811132794044,15.16028334514143,130.75334609378226,22.660857838130124,2.408720041329284,-22.72402118738906,-1301.9905076032546,3.435879403719512,4
centroid,619,20.64635589136326,854.0443262411347,414.5128205128205,19.722441048627633,3.418095568302291,1222.0,-16.282630742850166,15.741358985161742,130.67693243610958,22.64761458979161,2.3730949522400318,-22.759646276478314,-1304.0316748528467,3.4415493127461567,4
centroid,620,20.679710262754803,856.8738253178551,411.492951907131,19.5928998042059,3.3956447797625477,1206.0,-15.792250356831657,16.264732307587305,130.80708759816187,22.67017177637443,2.3414567418733667,-22.79128448684498,-1305.8444107782036,3.4465846903165924,4
centroid,621,20.713064634146342,860.3288740245262,408.3907469342252,19.511499785403828,3.381537345351104,1196.0,-15.193455986326356,16.802375342935225,130.70832634250021,22.6530554666101,2.3059515293441293,-22.826789699374217,-1307.8787096068438,3.452235520396149,4
centroid,622,20.74641900553788,863.2001143510577,405.811320754717,19.265236237593868,3.338857418493764,1166.0,-14.695841425763069,17.249415603884746,130.75278794645433,22.660761105636244,2.2764281565279667,-22.856313072190378,-1309.570274266201,3.4569343111165853,4
centroid,623,20.77977337692942,866.7988410596026,402.85609823399557,19.60913925979463,3.3984592392426207,1208.0,-14.07214622577845,17.76158511558562,130.751401672483,22.660520850542763,2.240812108994924,-22.89192911972342,-1311.610923472782,3.4626027811348656,4
centroid,624,20.813127748320962,869.990312457361,400.294583162778,19.71840576652941,3.417396213702991,1221.5,-13.519032429461612,18.205521202983768,130.84125900757297,22.676094022144248,2.209530865675016,-22.923210363043328,-1313.4032066929344,3.4675813456352893,4
centroid,625,20.8464821197125,872.6368753432179,398.1569192751236,19.657777133417753,3.4068886674190284,1214.0,-13.060356708283068,18.575999656583697,131.02375807024205,22.707722928312123,2.183584357476068,-22.949156871242277,-1314.8898321058357,3.471710860671126,4
centroid,626,20.87983649110404,876.2231014854921,395.8674163542968,19.548171739670202,3.387892960462328,1200.5,-12.438827981001603,18.972793327711837,130.90308777742118,22.686809564084044,2.1511079670689957,-22.98163326164935,-1316.7505922099801,3.476879638738194,4
centroid,627,20.913190862495583,880.8592342342341,393.2536599099099,19.413369239820483,3.3645303439283842,1184.0,-11.635339976475965,19.425783365666696,130.65498812791265,22.643811422505546,2.110453527346968,-23.022287701371376,-1319.0799200245212,3.483349993778586,4
centroid,628,20.94654523388712,884.4830046160303,391.1202965449713,19.47475877611804,3.375169762316881,1191.5,-11.007304458356145,19.79551649582517,130.6907885906597,22.65001599945204,2.0782728718797316,-23.054468356838612,-1320.9237357647585,3.4884717041681337,4
centroid,629,20.97989960527866,888.6668054977093,389.14688324309316,19.548171739670202,3.387892960462328,1200.5,-10.2822100738899,20.137528686149242,130.46395421256196,22.610703341317947,2.0428874561509236,-23.089853772567423,-1322.951170742335,3.4941034679947354,4
centroid,630,21.013253976670203,893.1201667385367,387.39959752767,19.21146306323663,3.329537991526745,1159.5,-9.510398193008129,20.44035071237411,130.08210506510537,22.544525078928253,2.00628064900567,-23.126460579712674,-1325.0485862932073,3.499929622302714,4
centroid,631,21.046608348061742,896.6374146817104,385.206017551191,19.51557784998706,3.382244114581385,1196.5,-8.9008240750001,20.82051998137244,130.6519972874257,22.643293080045368,1.9747846924412642,-23.15795653627708,-1326.8531716760751,3.504942359477347,4
centroid,632,21.07996271945328,900.2006172839506,383.5105218855219,19.44613444328572,3.37020888019491,1188.0,-8.283285556636637,21.114366275885896,130.86976011959504,22.681033548871905,1.9446521110078059,-23.18808911771054,-1328.5796414180468,3.5097381087606014,4
centroid,633,21.11331709084482,904.4895323545404,382.2169657422512,19.75469363116845,3.423685262254336,1226.0,-7.539973835766865,21.33855244583119,130.58398090196783,22.631505162660684,1.910452280116548,-23.222288948601797,-1330.5391473881768,3.5151811808998517,4
centroid,634,21.146671462236363,909.2562053007994,381.0082737343991,19.45022621280882,3.3709180246278394,1188.5,-6.713861914175502,21.548030815435403,130.2276478071178,22.56974908645575,1.8728397160128207,-23.259901512705525,-1332.6941885679857,3.5211674063993206,4
centroid,635,21.1800258336279,913.5288338316958,379.1349850491243,19.302376065607234,3.345294120787714,1170.5,-5.973372812930336,21.872690411958025,130.82733057221978,22.673680085500365,1.8373927585919927,-23.295348470126353,-1334.725149624779,3.5268089648904133,4
centroid,636,21.21338020501944,918.7647058823529,377.8896522112495,19.252840373851964,3.336709091782227,1164.5,-5.065944010966987,22.08851900253188,130.75996393268633,22.66200477555912,1.796244797684403,-23.336496431033943,-1337.0827541203532,3.533357866267008,4
centroid,637,21.246734576410983,923.2842639593908,377.1236604624929,19.39696588307668,3.3616874787448587,1182.0,-4.282659558716942,22.221273005716647,130.57647494255662,22.630204305097664,1.7611898168184268,-23.37155141189992,-1339.0912565748856,3.5389370397518203,4
centroid,638,21.280088947802522,928.1056466302367,376.0340479192938,19.458407170568176,3.372335866130967,1189.5,-3.44706589667101,22.41011371746691,130.8272913193878,22.673673282593427,1.7234175865806112,-23.409323642137736,-1341.255445950309,3.544948676905774,4
centroid,639,21.31344331919406,932.6853217642805,375.8027476500361,19.15338465720403,3.319472425008654,1152.5,-2.6533625593740022,22.45020035904173,130.43944397298898,22.606455472554853,1.6884393971356957,-23.44430183158265,-1343.2595485805116,3.550515628656337,4
centroid,640,21.3467976905856,937.2320550639134,375.1824694479562,19.433853965620603,3.368080551040305,1186.5,-1.8653683702465262,22.557700752548623,130.60239198278455,22.634695986433062,1.653301802522215,-23.47943942619613,-1345.2727844541057,3.556107950527432,4
centroid,641,21.380152061977142,941.8744899394962,375.0921626565358,19.417467913832123,3.3652406849779815,1184.5,-1.0607881443385485,22.573351819411016,130.3921724714355,22.59826285027404,1.6177547194534592,-23.514986509264887,-1347.3094822879464,3.561765444510322,4
centroid,642,21.41350643336868,946.1924384027187,375.09614839988666,19.35589667358042,3.3545697754835473,1177.0,-0.31244464720711995,22.572661050370286,130.25692625828947,22.574823333804236,1.5846371714648078,-23.548104057253536,-1349.206978015518,3.567036265975799,4
centroid,643,21.44686080476022,951.0170124481327,375.0831258644536,19.584775026828055,3.3942366748793753,1205.0,0.5237021118535891,22.574917985530693,130.29251775912937,22.58099169556991,1.5476020810269886,-23.585139147691358,-1351.3289323914903,3.5729305836868335,4
centroid,644,21.480215176151763,955.6351750316322,375.75073808519613,19.42566266748406,3.3666609174467688,1185.5,1.3240757076695846,22.459214134905,129.81486958628844,22.498210507441634,1.5119098100546502,-23.620831418663695,-1353.3739488794427,3.5786111850422566,4
centroid,645,21.5135695475433,960.1685950413223,375.5816804407713,19.625365277680483,3.4012713698348773,1210.0,2.1097625709827255,22.488513509347104,130.32868895182776,22.5872605237113,1.477254994376855,-23.65548623434149,-1355.359523557584,3.584126670259316,4
centroid,646,21.54692391893484,964.8765224695507,376.0067198656027,19.46658469022758,3.373753111777112,1190.5,2.9256933088989565,22.41484994149626,130.43093794171352,22.60498129257202,1.4410053009270887,-23.691735927791257,-1357.4364780008987,3.589895988157412,4
centroid,647,21.58027829032638,969.3886583679114,376.8601659751037,19.584775026828055,3.3942366748793753,1205.0,3.707691423622066,22.266939226109777,130.24937444336723,22.573514529024205,1.4057990643256781,-23.726942164392668,-1359.4536467706985,3.5954992347401893,4
centroid,648,21.613632661717922,974.1486448728695,377.7231070131321,19.48701347608869,3.37729362394016,1193.0,4.532644518305447,22.11738294499232,130.26981349443128,22.577056820249215,1.368659300250005,-23.76408192846834,-1361.5815985043462,3.6014102117780995,4
centroid,649,21.64698703310946,979.0787390443878,379.07562906417866,19.37233480535295,3.3574186675260846,1179.0,5.387078966730505,21.88297739563285,130.03471052696966,22.53631113318168,1.32941929651924,-23.803321932199104,-1363.8298851061966,3.607655452338795,4
centroid,650,21.680341404501,983.7460249247958,380.0898152127202,19.244572028882338,3.335276105204745,1163.5,6.195966119415524,21.70720882970248,130.2531258622418,22.574164687298143,1.2927562162939061,-23.83998501242444,-1365.9305248670578,3.613490562785632,4
centroid,651,21.713695775892543,988.402899763,381.72201310469814,19.50742086829322,3.380830428369334,1195.5,7.003048934740346,21.424332670133467,130.05511531987472,22.53984748712635,1.2548707470973075,-23.877870481621038,-1368.1012023568958,3.6195202224796263,4
centroid,652,21.74705014728408,992.6006944444443,382.89402777777775,19.544100476116796,3.3871873699182884,1200.0,7.7305685841544385,21.221210848135808,130.31810538114715,22.58542628544683,1.2214525681029964,-23.911288660615348,-1370.0159229722826,3.6248388908557008,4
centroid,653,21.78040451867562,997.536701754386,385.4335438596491,19.442041812609382,3.3694995865155426,1187.5,8.586027838392802,20.781087404811796,129.7384193768477,22.484960924317473,1.1789921754295105,-23.953749053288835,-1372.4487242689415,3.631596672235309,4
centroid,654,21.813758890067163,1001.5195749440716,387.03299776286354,19.47884453275087,3.3758778646560086,1192.0,9.276299451587546,20.503886104790084,129.85200055327883,22.504645674032002,1.145934531531982,-23.986806697186363,-1374.3427877449162,3.636857959668572,4
centroid,655,21.847113261458702,1004.9285417532197,388.63343027281536,19.572581536991795,3.392123421582347,1203.5,9.867107370044973,20.226515202468953,129.85362198777867,22.504926684788455,1.1169317744055474,-24.015809454312798,-1376.004523322504,3.6414738918285376,4
centroid,656,21.88046763285024,1010.2269947178203,391.3868501529052,19.535955403674656,3.3857757476982324,1199.0,10.78538206801495,19.749320099357444,129.83931287119825,22.502446772294395,1.0709414309931515,-24.061799797725193,-1378.6395758983915,3.6487934823171146,4
centroid,657,21.91382200424178,1014.4228917320125,393.67615903150363,19.637525992641294,3.403378942919388,1211.5,11.512572832783968,19.352560057681117,129.92913072265594,22.518013100988952,1.0341453848760174,-24.09859584384233,-1380.7478340436721,3.654649754942894,4
centroid,658,21.947176375633322,1018.5909335485605,396.31194511702984,19.859152776030417,3.441789072996677,1239.0,12.234936014223555,18.895752063390933,129.8884067389976,22.510955228805532,0.996182949423165,-24.13655827929518,-1382.9229213751582,3.660691664197022,4
centroid,659,21.98053074702486,1022.409931972789,398.77360544217686,19.746635424171473,3.422288694681543,1225.0,12.896806497548788,18.46912179854164,129.97718776646806,22.526341865571133,0.9612188105299091,-24.171522418188435,-1384.926218968051,3.666256379732835,4
centroid,660,22.0138851184164,1026.4531459170012,401.29504685408295,19.907179817814963,3.4501126379285063,1245.0,13.597535764799984,18.0321308756371,130.31162156110537,22.58430257482217,0.9246938468711673,-24.208047381847177,-1387.0189452325656,3.6720695082453756,4
centroid,661,22.047239489807943,1029.7444850453376,404.2828528894302,19.798955145040818,3.431356223675413,1231.5,14.167957634010206,17.514314316156096,129.98309838674444,22.527366234964493,0.8906303653532571,-24.242110863365088,-1388.9706389590638,3.6774908797078707,4
centroid,662,22.080593861199482,1032.7613558391656,406.77041306436115,19.661824858598802,3.407590178528578,1214.5,14.690811405766913,17.083195349246655,130.00528706448603,22.531211753927792,0.8605501060403377,-24.272191122678006,-1390.6941108643532,3.682278301667008,4
centroid,663,22.11394823259102,1035.9491456468675,409.7473555736371,19.77884855394466,3.4278715510758095,1229.0,15.243287145839824,16.567261547089096,129.89979362451976,22.5129286895371,0.82699476431371,-24.305746464404635,-1392.6166903254082,3.6876188001699384,4
centroid,664,22.14730260398256,1039.2249548422953,413.13908573016533,19.540028364295097,3.3864816323609004,1199.5,15.811017522920864,15.97944091229434,129.70728027667678,22.479564207956006,0.7906960364675988,-24.342045192250747,-1394.6964542326843,3.6933959221345947,4
centroid,665,22.180656975374102,1042.5920945395274,416.420945395273,19.762748552453708,3.4250812603805456,1227.0,16.39457638607509,15.410661928524725,129.82784093876373,22.500458572085424,0.7544724160320722,-24.378268812686272,-1396.7719148023239,3.699161090383593,4
centroid,666,22.21401134676564,1045.8776219104875,419.9660654642618,19.927156922508512,3.4535748692442025,1247.5,16.963991019817716,14.796257293366576,129.8836795860426,22.510135966092246,0.7172508060821228,-24.41549042263622,-1398.9045559591382,3.705085093596966,4
centroid,667,22.24736571815718,1049.3986981285598,423.7487116897206,19.77884855394466,3.4278715510758095,1229.0,17.574228616014505,14.14068700833861,130.1533553597083,22.556873464993753,0.6775555136585582,-24.455185715059788,-1401.178928681546,3.7114027956036546,4
centroid,668,22.280720089548723,1052.389119601329,427.3920265780731,19.576646877473273,3.392827985598998,1204.0,18.092498456863623,13.509264232471116,130.284536772726,22.579608511095493,0.6413714117939395,-24.491369816924404,-1403.25212500386,3.7171616742767495,4
centroid,669,22.31407446094026,1054.6224335124707,431.05181204354415,19.62131003117006,3.4005685552039973,1209.5,18.479554012688578,12.874986941459305,129.95453328148645,22.522415617571358,0.6085180249992109,-24.524223203719135,-1405.1344854099088,3.7223904531824403,4
centroid,670,22.3474288323318,1056.7394136807818,433.78813789359384,19.77080019204319,3.426476689756175,1228.0,18.846447771612578,12.400754404096153,130.1731478917879,22.56030370803618,0.5819708695776717,-24.550770359140675,-1406.655525373641,3.7266155641928074,4
centroid,671,22.380783203723343,1059.8232787321879,438.2176055400186,19.95907870015583,3.459107231411725,1251.5,19.38091231580686,11.633083521224563,130.42624312199735,22.604167633531222,0.5405915791969039,-24.592149649521442,-1409.0263840717053,3.7332012827985417,4
centroid,672,22.414137575114882,1061.9944602080798,442.37535468179976,19.815025728161594,3.4341414158739707,1233.5,19.75719970145188,10.91250416288881,130.2322639526098,22.57054911046951,0.504630708129986,-24.628110520588358,-1411.0867902114537,3.738924633186732,4
centroid,673,22.44749194650642,1064.2338369402476,446.1288961480876,19.74260508727386,3.4215901971347873,1224.5,20.1453060045768,10.261978022654755,130.4508931467663,22.608439728461743,0.47113768932206623,-24.66160353939628,-1413.0057988323,3.7442552126890822,4
centroid,674,22.48084631789796,1066.1737237831421,450.31803192190995,20.05453916681257,3.4756514815490673,1263.5,20.481507725467086,9.535959048217762,130.35963810455345,22.592624320287676,0.4357416223780455,-24.6969996063403,-1415.0338440795547,3.7498886717092343,4
centroid,675,22.514200689289503,1067.6324440851522,454.77431959040683,19.843117930641572,3.43901007450319,1237.0,20.73431848998653,8.76363998825894,129.88459312477008,22.510294291457154,0.3998899624956533,-24.732851266222692,-1417.0879928793543,3.7555946405975664,4
centroid,676,22.54755506068104,1069.2699702139182,458.6244245870566,19.794935460673933,3.4306595723183855,1231.0,21.018118086086922,8.096378425955388,129.96137672565885,22.523601654641514,0.3676912710990281,-24.76504995761932,-1418.9328420022252,3.7607192214944303,4
centroid,677,22.58090943207258,1071.0920048212133,462.55564483728404,19.903181990720164,3.4494197746545394,1244.5,21.333894840147604,7.415058781891465,130.32023670031415,22.585795664297112,0.33450991600075897,-24.798231312717586,-1420.8339936078808,3.766000198176807,4
centroid,678,22.614263803464123,1072.5670311867152,466.9069798838936,19.82305613405485,3.43553316523845,1234.5,21.589531607960474,6.660929057160989,130.36591773107978,22.59371264214131,0.2992602249788535,-24.833481003739493,-1422.8536521325764,3.771610360745406,4
centroid,679,22.647618174855662,1073.3497448627775,471.48269204247686,19.61319702274749,3.3991624899980515,1208.5,21.72518368778171,5.867912543002431,129.8464786476048,22.503688672752777,0.26380248185821586,-24.868938746860128,-1424.8852311644478,3.7772536358339375,4
centroid,680,22.6809725462472,1074.9139871382636,476.0858788853161,19.899183360445615,3.448726772181518,1244.0,21.99628246183342,5.0701343922764535,130.24670926407066,22.573052626893535,0.22654283877989043,-24.906198389938453,-1427.0200514589994,3.7831836922076922,4
centroid,681,22.71432691763874,1075.6026976495725,480.05408653846155,19.931149940667517,3.454266899081675,1248.0,22.115642856459225,4.382404462706529,130.08869745991677,22.545667606642432,0.1956243417387076,-24.937116886979638,-1428.7915508483472,3.7881045238447695,4
centroid,682,22.747681289030282,1076.6294389438942,484.3693729372937,20.046601490203663,3.474275803093615,1262.5,22.293587354265604,3.6345223278614784,130.3324506775512,22.587912468264857,0.16160817266897368,-24.97113305604937,-1430.7405337712464,3.793518365297267,4
centroid,683,22.78103566042182,1077.3289803456007,488.4764542936288,20.05453916681257,3.4756514815490673,1263.5,22.41482485012737,2.9227242016491597,130.42857817289763,22.604572321121076,0.1296609244686608,-25.003080304249686,-1432.5709762601812,3.79860292776653,4
centroid,684,22.81439003181336,1077.6534037082147,492.5895249695493,19.798955145040818,3.431356223675413,1231.5,22.471050651754584,2.209888066668993,130.28364265152481,22.57945355098139,0.09802856345444282,-25.034712665263903,-1434.38337704233,3.8036373743836105,4
centroid,685,22.847744403204903,1077.6934619506965,496.0876205787781,19.899183360445615,3.448726772181518,1244.0,22.477993144357978,1.6036332389870658,130.02786097171628,22.535124037000294,0.07122169753511809,-25.061519531183226,-1435.9192973214804,3.8079038196034722,4
centroid,686,22.881098774596442,1077.8023828023827,500.89031339031334,20.24017844581758,3.507824618500287,1287.0,22.496870213353972,0.7712787158045455,129.8834000639598,22.510087522129854,0.03427040025698307,-25.098470828461362,-1438.0364507030508,3.813784801218946,4
centroid,687,22.91445314598798,1077.8361874419222,505.9199522102748,19.990949504807148,3.4646307594510946,1255.5,22.502728894250176,-0.10040781216039495,129.8422332577335,22.502952904382674,-0.0044619986436845085,-25.13720322736203,-1440.2556536904763,3.8199492539617945,4
centroid,688,22.94780751737952,1077.8086661446096,510.5314539284782,20.16139193252045,3.494170130636491,1277.0,22.49795917917554,-0.8996270136448995,129.91716146855256,22.515938709978947,-0.039965757583802955,-25.17270698630215,-1442.289869234595,3.8255998526954573,4
centroid,689,22.981161888771062,1077.5823498557565,515.154602675059,20.113971893676243,3.485951765363021,1271.0,22.45873631107033,-1.7008647612101129,129.95819320268444,22.523049918386167,-0.07558858743860526,-25.20832981615695,-1444.3309070395876,3.83126940215377,4
centroid,690,23.0145162601626,1077.1687730384413,519.4810426540284,20.074369626682653,3.4790882978555375,1266.0,22.387059327327165,-2.450679922638642,129.9451887062421,22.520796109562607,-0.10903444426558881,-25.241775672983934,-1446.2472134779725,3.8365924755937284,4
centroid,691,23.04787063155414,1076.5884558725056,524.1573590464711,19.903181990720164,3.4494197746545394,1244.5,22.286484579596717,-3.2611321530485253,129.96262510930688,22.52381801196789,-0.1452966290508205,-25.278037857769167,-1448.32488362209,3.8423637815496106,4
centroid,692,23.081225002945683,1076.343962932679,528.2694194603434,19.730509136937545,3.419493848405083,1223.0,22.24411151674704,-3.97379319954846,130.38068796304225,22.596272470526106,-0.17677988720919402,-25.309521115927538,-1450.1287414398855,3.8473744977101534,4
centroid,693,23.11457937433722,1075.2254901960785,532.6027450980392,20.14559765517849,3.491432824982796,1275.0,22.05026904588782,-4.724801714250009,130.1182520010643,22.550789703134974,-0.21108223573001925,-25.343823464448363,-1452.0941212375155,3.8528338860369034,4
centroid,694,23.14793374572876,1073.8169572107765,536.999735868991,20.042631473036266,3.4735877595571933,1262.0,21.806156243471655,-5.486844030969327,129.74360802582459,22.48586016889017,-0.24650188104911627,-25.37924310976746,-1454.1235174261503,3.858471097672,4
centroid,695,23.181288117120303,1073.607668421763,542.0021601188065,19.82305613405485,3.43553316523845,1234.5,21.769884410768057,-6.353814002734155,130.853164280652,22.678157324605163,-0.2839746268568021,-25.41671585557515,-1456.2705476076972,3.864435070398519,4
centroid,696,23.214642488511842,1071.7313889998668,546.4016513517113,19.95907870015583,3.459107231411725,1251.5,21.44470648978618,-7.116289674427088,130.3711739067968,22.59462358977098,-0.3204092407473724,-25.45315046946572,-1458.3580972118157,3.870233819298848,4
centroid,697,23.24799685990338,1070.0076366559485,551.0426045016077,19.899183360445615,3.448726772181518,1244.0,21.145963031353705,-7.920613102508181,130.2908157580605,22.580696721824193,-0.35839237532844964,-25.491133604046794,-1460.5343705159887,3.876279022921551,4
centroid,698,23.28135123129492,1068.425422582826,555.5061528059499,19.80699206647799,3.43274910224858,1232.5,20.871749565682233,-8.6941905030114,130.46076084303454,22.610149898556845,-0.3946942884691092,-25.527435517187453,-1462.6143169271988,3.8820566518415793,4
centroid,699,23.314705602686463,1067.2242715851376,559.5241913926757,19.923163104065253,3.4528827007094938,1247.0,20.663578128285714,-9.390556629937185,130.96343815556762,22.697268886009716,-0.4265481219618213,-25.559289350680167,-1464.4394071476438,3.8871263468983708,4
centroid,700,23.348059974078,1065.2834593447405,563.319273113145,19.998909270006028,3.466010266079302,1256.5,20.327216026786648,-10.048282110170463,130.83597195300914,22.675177722902717,-0.4590985386165402,-25.591839767334886,-1466.3044086433515,3.89230690660867,4
centroid,701,23.38141434546954,1063.0919312169312,567.7119047619047,20.026743534373637,3.470834221463288,1260.0,19.94740236360949,-10.809568947575155,130.9099944823962,22.68800656488169,-0.49660591336608767,-25.629347142084434,-1468.4534229171163,3.898276390702461,4
centroid,702,23.414768716861083,1061.043641231593,571.4937081659973,19.907179817814963,3.4501126379285063,1245.0,19.59241329789393,-11.464993163261619,130.98157675914746,22.700412486761703,-0.529447543399032,-25.66218877211738,-1470.335109710334,3.9035032984613993,4
centroid,703,23.448123088252622,1058.2719021310181,575.4125230202578,20.082296327732614,3.4804620741372525,1267.0,19.11204329132091,-12.144162828584419,130.65609578841045,22.64400339110768,-0.5660568465427838,-25.698798075261127,-1472.4326682713859,3.9093298500198768,4
centroid,704,23.48147745964416,1055.7329971554175,578.849366433928,20.255898975135768,3.5105491428865623,1289.0,18.672025758803297,-12.739802040396512,130.42607816595145,22.60413904500468,-0.5987433069523831,-25.731484535670727,-1474.3054645000775,3.9145320617662422,4
centroid,705,23.5148318310357,1052.6901759915943,582.9277646440767,20.098140350968553,3.483208001250094,1269.0,18.144674529330402,-13.446629091546505,130.31038562258934,22.584088374361187,-0.637766887782772,-25.770508116501116,-1476.5413509831465,3.9207428575525447,4
centroid,706,23.548186202427242,1050.6586519511234,586.3914071738274,20.094180516361906,3.48252172245292,1268.5,17.79259116893337,-14.04691285722915,130.8014082402778,22.66918748705819,-0.6682939321700248,-25.801035160888368,-1478.2904217875443,3.925601387564761,4
centroid,707,23.58154057381878,1047.506001846722,589.9959108297057,20.05453916681257,3.4756514815490673,1263.5,17.246205489610382,-14.67160925975406,130.6480475574326,22.64260855247841,-0.7049091317936992,-25.837650360512043,-1480.38831819201,3.931428877577166,4
centroid,708,23.61489494521032,1044.113548730222,593.2470416168062,19.975020458847634,3.461870097053004,1253.5,16.658259558648197,-15.235062622751057,130.25463816456124,22.574426784360227,-0.7408040819883,-25.873545310706646,-1482.4449473439931,3.9371417363326744,4
centroid,709,23.648249316601863,1040.9006648416112,596.8835875374788,20.17322952543733,3.49622170345087,1278.5,16.101434764290676,-15.8653122690667,130.42827761117368,22.60452023077921,-0.7780117940304727,-25.910753022748818,-1484.5767922093476,3.9430635276253256,4
centroid,710,23.6816036879934,1037.8560666137985,600.0191646841131,20.03468907863958,3.4722112634621065,1261.0,15.573775551919919,-16.40873903467625,130.5335125189046,22.622758488957235,-0.8114991087434247,-25.94424033746177,-1486.4954740096262,3.948393199292766,4
centroid,711,23.71495805938494,1033.65579421904,603.4337045876425,20.002887964817102,3.4666998135378457,1257.0,14.845826490098009,-17.00051282592596,130.23051449358832,22.570245911787687,-0.8529540437272799,-25.985695272445625,-1488.8706668241903,3.954990957111,4
centroid,712,23.748312430776483,1030.6632011295083,606.2008728019509,20.33040548561814,3.523461863612235,1298.5,14.32718028642373,-17.48009065236001,130.41006734665356,22.601364210472173,-0.8842008600221277,-26.01694208874047,-1490.6609775211055,3.959964042380209,4
centroid,713,23.781666802168022,1027.2979976442873,608.8640230336342,20.13374381616736,3.4893784365583906,1273.5,13.743956988105415,-17.94164112586356,130.407153866112,22.60085927526142,-0.9171104329167001,-26.049851661635046,-1492.5465571535428,3.965201763581424,4
centroid,714,23.81502117355956,1023.2368525108739,611.5625411888757,20.062473702896245,3.477026615720201,1264.5,13.040120067080933,-18.4093212129619,130.17065875237836,22.559872315372175,-0.9544927263222983,-26.08723395504064,-1494.688404794203,3.9711513403610352,4
centroid,715,23.8483755449511,1019.6729559748428,614.1733490566038,20.12188299403865,3.487322837890122,1272.0,12.42246128307644,-18.861800233199162,130.31600687729318,22.585062593817295,-0.9883962043090716,-26.121137433027418,-1496.63093099366,3.976547246470638,4
centroid,716,23.881729916342643,1015.7212851405623,617.0242302543508,19.907179817814963,3.4501126379285063,1245.0,11.73759734900558,-19.355886353864904,130.61412608930047,22.63672962402291,-1.025677132115011,-26.158418360833355,-1498.7669708132723,3.9824806904140058,4
centroid,717,23.91508428773418,1011.1446642443815,619.5420535594133,19.85514527870861,3.4410945337760053,1238.5,10.944423341565782,-19.79225022279893,130.4983575554611,22.616665783472467,-1.065679509075596,-26.198420737793942,-1501.0589381836053,3.988847266442708,4
centroid,718,23.94843865912572,1006.4798666666666,621.4242666666667,19.947114020071634,3.457033633124824,1250.0,10.135967436533472,-20.118456510582508,129.98410995034396,22.527541549016547,-1.1041018821522575,-26.236843110870602,-1503.2603779997748,3.9949623770431795,4
centroid,719,23.981793030517263,1002.7505527376771,623.5566393549226,20.196883896891812,3.5003212417402834,1281.5,9.489640169941197,-20.488017946599765,130.28114179646698,22.57902012787879,-1.137036127759535,-26.26977735647788,-1505.1473712745194,4.000204025028581,5
centroid,720,24.015147401908802,998.1417251234086,625.120940504027,20.208700699792736,3.502369211437724,1283.0,8.69088441731611,-20.759126924036202,129.85376268300723,22.504951068673595,-1.1743133447740925,-26.307054573492437,-1507.2831984814466,4.006136878381156,5
centroid,721,24.04850177330034,994.2124585818422,626.887210072896,20.0068658683992,3.467389223868523,1257.5,8.00990337043189,-21.06523904123776,130.0369544170968,22.53670002170113,-1.2074372576926997,-26.340178486411045,-1509.1810588926417,4.011408712856698,5
centroid,722,24.08185614469188,990.8060161974547,627.9646484123923,20.314742613119286,3.5207473317273013,1296.5,7.419532959941448,-21.251969842170116,129.88233004395826,22.509902077000813,-1.2349037889494998,-26.367645017667844,-1510.7547752115204,4.015780147075806,5
centroid,723,24.115210516083422,986.6363031029431,629.5324277533625,19.95907870015583,3.459107231411725,1251.5,6.696880129376443,-21.523681624917163,130.06437540673244,22.541452352455774,-1.2691508637988642,-26.40189209251721,-1512.7169880610577,4.021230738324521,5
centroid,724,24.14856488747496,982.0366171488141,630.7246546781339,20.177173846430236,3.4969052935841893,1279.0,5.899708717550393,-21.730306431548556,129.92296372549157,22.5169442989261,-1.3056899186378652,-26.43843114735621,-1514.8105216907295,4.027046109518054,5
centroid,725,24.1819192588665,977.7956989247311,632.0865525023231,19.990949504807148,3.4646307594510946,1255.5,5.164715328469931,-21.966336895823442,130.20216537027872,22.565332726218475,-1.3398710724818672,-26.47261230120021,-1516.768957544878,4.032486209112911,5
centroid,726,24.215273630258043,973.4765422498704,632.5107568688439,20.232313600583467,3.506461562447853,1286.0,4.416162436221729,-22.039855739747694,129.69790152975207,22.47793877765453,-1.3730434290574491,-26.505784657775795,-1518.669593573162,4.037765753635922,5
centroid,727,24.248628001649582,968.7037037037037,633.6583467525496,19.88318079785697,3.4459533686190045,1242.0,3.588981954726015,-22.238744502353267,129.97801647824872,22.52648548958085,-1.4107917093954796,-26.543532938113824,-1520.8324107204078,4.043773579044937,5
centroid,728,24.28198237304112,964.0446762974851,634.1247993579454,19.915173064399998,3.4514979472145773,1246.0,2.7815260779139135,-22.319585387079222,129.780409311323,22.492238198392698,-1.4468128852758955,-26.57955411399424,-1522.8962720714542,4.049506527242288,5
centroid,729,24.31533674443266,959.6028928336619,634.3948717948718,20.08625850520586,3.481148758976555,1267.5,2.0117207411597753,-22.366391631676564,129.57524055454422,22.45668040833159,-1.4810937910866655,-26.61383501980501,-1524.8604232922967,4.05496250285574,5
centroid,730,24.348691115824202,955.3950182576942,634.6288471570161,20.16928443308995,3.495537979634134,1278.0,1.2824541455783969,-22.406941893505994,129.49983753101048,22.443612312960344,-1.5136240210188758,-26.646365249737222,-1526.7242681740026,4.060139849749367,5
centroid,731,24.38204548721574,950.8009459992116,634.7142294048089,20.094180516361906,3.48252172245292,1268.5,0.48625564314847114,-22.42173948788452,129.40405087543124,22.427011531032253,-1.5491129318255126,-26.681854160543857,-1528.757632982739,4.065788085329191,5
centroid,732,24.41539985860728,946.6411464468001,634.8264625049077,20.13374381616736,3.4893784365583906,1273.5,-0.2346790717819144,-22.44119060253705,129.49294430883342,22.44241764886594,-1.5812534599165726,-26.71399468863492,-1530.5991495936787,4.0709034092484675,5
centroid,733,24.448754229998823,941.9595680231791,634.6819438956934,20.070405102179357,3.4784012062525393,1265.5,-1.0460432646312563,-22.416144087428975,129.48209570128773,22.440537477071654,-1.6174272265711285,-26.750168455289472,-1532.6717537520756,4.076660643021793,5
centroid,734,24.48210860139036,937.569192317811,634.4661931070771,20.082296327732614,3.4804620741372525,1267.0,-1.8069391245656443,-22.37875232580023,129.54582916506905,22.451583121450376,-1.6513650554962553,-26.7841062842146,-1534.6162481153224,4.082062016253033,5
centroid,735,24.5154629727819,933.2970956568078,633.6683986144418,19.95509127054853,3.458416170125953,1251.0,-2.5473360474582294,-22.240486590186215,129.16679134974254,22.38589209093381,-1.6848353713739388,-26.817576600092284,-1536.5339559540835,4.087388982471814,5
centroid,736,24.548817344173443,928.6679841897234,633.3415019762846,20.066439794405365,3.477713978900924,1265.0,-3.349607193905361,-22.18383214526111,129.45182280774185,22.435290882950078,-1.7206574504530758,-26.85339867917142,-1538.5864098987017,4.093090243429088,5
centroid,737,24.582171715564982,924.8708482201931,632.7633981738785,20.022769579867926,3.4701454955469013,1259.5,-4.007688695971541,-22.083640995486554,129.50408388563247,22.444348248531355,-1.7503202344973392,-26.883061463215682,-1540.285962233046,4.097811222135599,5
centroid,738,24.61552608695652,920.1851106639839,631.7042253521126,19.887182645698207,3.446646928728396,1242.5,-4.819773707944279,-21.900075790793192,129.38767297763323,22.42417307813773,-1.7874231562207434,-26.92016438493909,-1542.4118030554014,4.103716335531031,5
centroid,739,24.64888045834806,915.969921875,630.5395833333333,20.185060176161283,3.4982720731140358,1280.0,-5.550307929527669,-21.69823172325444,129.23005569180472,22.3968564318438,-1.8212220053002774,-26.953963234018623,-1544.3483344600584,4.109095589432855,5
centroid,740,24.682234829739603,911.8709849393574,629.4490203918433,19.951103044013138,3.4577249707246014,1250.5,-6.260694546474625,-21.509226298009622,129.2588980789527,22.401855104951593,-1.8540406333467092,-26.986781862065055,-1546.2287033365285,4.11431883631194,5
centroid,741,24.71558920113114,907.6035704551648,628.6142000545108,19.730509136937545,3.419493848405083,1223.0,-7.000280001467923,-21.364543614546182,129.72227414848103,22.482162795353958,-1.887431106394991,-27.020172335113337,-1548.1418365181405,4.119633095149751,5
centroid,742,24.74894357252268,903.5883468834687,626.930894308943,19.786893642157743,3.4292658450326248,1230.0,-7.696158258237375,-21.072809954659125,129.44563664253266,22.434218758874046,-1.9209630690034272,-27.053704297721772,-1550.0630764543944,4.124969872750456,5
centroid,743,24.782297943914223,899.9616812516573,625.3765579421903,20.002887964817102,3.4666998135378457,1257.0,-8.324695552036077,-20.803427973303506,129.28981022455355,22.407212487824456,-1.951440453897541,-27.084181682615885,-1551.8093019794228,4.129820499208868,5
centroid,744,24.815652315305762,896.2375085557836,624.1121149897331,19.68609373209335,3.4117962161450612,1217.5,-8.970131791696886,-20.584287409439796,129.55900835401732,22.45386720622603,-1.9817585522055585,-27.114499780923904,-1553.5464010553349,4.1346457744197345,5
centroid,745,24.8490066866973,892.9426005466614,622.4250943641806,20.189002185802646,3.4989552626671,1280.5,-9.541172183511264,-20.291909923832524,129.3815020712777,22.423103598573096,-2.0103176305079367,-27.143058859226283,-1555.1827157088449,4.139191092901707,5
centroid,746,24.88236105808884,889.2159643435981,620.5449756888169,19.819041337834626,3.4348373610459495,1234.0,-10.187035373516945,-19.96606662196648,129.33310718860352,22.41471628314955,-2.042584436202584,-27.17532566492093,-1557.0314674935169,4.144326514525796,5
centroid,747,24.915715429480382,884.7200803212852,618.3261044176706,19.907179817814963,3.4501126379285063,1245.0,-10.966216876170652,-19.58151411957399,129.49699334023927,22.443119386357267,-2.081306768143888,-27.214047996862234,-1559.2500936866581,4.1504893650623,5
centroid,748,24.94906980087192,880.6485463150777,615.5959432048681,19.80699206647799,3.43274910224858,1232.5,-11.67185429237569,-19.10834997527653,129.19682327392385,22.391096922663245,-2.1191372516263547,-27.2518784803447,-1561.417620727143,4.156510273508091,5
centroid,749,24.98242417226346,876.62109375,612.9197916666666,20.185060176161283,3.4982720731140358,1280.0,-12.36985195556038,-18.644546245795045,129.102875901367,22.374814906811434,-2.1565734575578253,-27.28931468627617,-1563.5625573279988,4.16246843073269,5
centroid,750,25.015778543655003,873.2115964843236,610.8458612094976,20.11001517643649,3.4852660268365945,1270.5,-12.96075180742015,-18.285113430803325,129.32113072677822,22.41264064296951,-2.1874135355697235,-27.32015476428807,-1565.3295636379348,4.167376781593624,5
centroid,751,25.049132915046542,870.0529310572978,608.1888315469101,20.022769579867926,3.4701454955469013,1259.5,-13.508180002096797,-17.8246237129157,129.04558753011,22.364886261192666,-2.2192950124987076,-27.352036241217053,-1567.1562377106093,4.1724508762399415,5
centroid,752,25.08248728643808,866.6882532114951,605.6452125546285,20.014819303763414,3.4687676334733064,1258.5,-14.091312201865922,-17.383789194331992,129.11949055865242,22.377694392484432,-2.2519677865845167,-27.38470901530286,-1569.0282497707103,4.177650909740223,5
centroid,753,25.115841657829623,863.1516982145254,603.1468653510537,19.879178144409696,3.445259668890059,1241.5,-14.704232424692021,-16.950800727865584,129.47777263020726,22.439788245773904,-2.285342950706868,-27.418084179425215,-1570.9405058154778,4.182962732086798,5
centroid,754,25.149196029221162,859.8591380686353,599.9362862463421,19.971036212182124,3.4611795874027624,1253.0,-15.274865908411766,-16.394375375525012,129.2916000127732,22.407522675958198,-2.3208591475009794,-27.453600376219324,-1572.9754339961362,4.188615310366405,5
centroid,755,25.1825504006127,856.6046228710462,596.4603947012706,19.8110093045411,3.433445329636786,1233.0,-15.838905823472162,-15.791968733425556,129.05449791117633,22.36643051902361,-2.357678390218915,-27.49041961893726,-1575.0850212087419,4.194475274845866,5
centroid,756,25.21590477200424,853.5314377252703,592.7765318382059,19.93514215902316,3.4549587903052554,1248.5,-16.371519433595243,-15.153518589478939,128.71850562622828,22.308199707871324,-2.3948112662582517,-27.527552494976597,-1577.2125782869782,4.200385155618744,5
centroid,757,25.249259143395783,850.1065899438279,589.3953966296752,19.67800743323829,3.4103947799733265,1216.5,-16.965079682805506,-14.56753416475107,129.02479705325186,22.361283064375574,-2.432082309214363,-27.564823537932707,-1579.3480517464143,4.2063170263394,5
centroid,758,25.28261351478732,847.0079968012794,585.9137678262028,19.951103044013138,3.4577249707246014,1250.5,-17.50209675196053,-13.964133198598823,129.19156435452567,22.390185499526286,-2.4681610844150765,-27.60090231313342,-1581.4152132954164,4.212059141753294,5
centroid,759,25.31596788617886,843.9270916334661,582.3759628154049,19.98696843347328,3.4639408001174683,1255.0,-18.036048318832876,-13.350996335919879,129.47829275842005,22.439878389176272,-2.504367552386505,-27.63710878110485,-1583.4896911012547,4.217821580102846,5
centroid,760,25.349322257570403,841.7982669916057,578.8334687246141,19.794935460673933,3.4306595723183855,1231.0,-18.404994843053426,-12.737046808951378,129.1472048204906,22.38249755023424,-2.536226982256693,-27.668968210975038,-1585.3151019705097,4.222892165850776,5
centroid,761,25.382676628961942,839.6003323639385,575.2744772192217,19.572581536991795,3.392123421582347,1203.5,-18.785918816496878,-12.1202381156353,128.99691812200024,22.35645136777548,-2.5686155921736047,-27.70135682089195,-1587.1708326230441,4.228046973218928,5
centroid,762,25.41603100035348,837.2507446520444,571.5343893853235,19.794935460673933,3.4306595723183855,1231.0,-19.193125780663287,-11.472043623960126,129.01923392388875,22.360318918620234,-2.602854055741147,-27.735595284459492,-1589.1325520824769,4.233496193939573,5
centroid,763,25.44938537174502,835.52679528403,567.5982047159699,19.899183360445615,3.448726772181518,1244.0,-19.49190338533499,-10.789863596591099,128.55023193508387,22.279036200344827,-2.636023269934795,-27.76876449865314,-1591.0330080655383,4.238775238336967,5
centroid,764,25.482739743136563,834.0615615615616,563.7286377286378,19.714369658460004,3.4166967159546537,1221.0,-19.74584299052624,-10.119229077363098,128.02362191154515,22.187769435584666,-2.6680157986851447,-27.80075702740349,-1592.8660449388842,4.2438670074295946,5
centroid,765,25.5160941145281,830.7612390350877,559.0431743421053,19.67396303746374,3.4096938458831008,1216.0,-20.317821772153458,-9.307191581727457,128.948746548252,22.34810275401408,-2.7120395950040646,-27.84478082372241,-1595.3884226661019,4.250873612227421,5
centroid,766,25.54944848591964,829.0214314597655,554.7804286291953,19.839107194283145,3.4383149739251953,1236.5,-20.619347762178982,-8.568415271321841,128.83736082831894,22.328798498788437,-2.7477515164411943,-27.88049274515954,-1597.4345650427522,4.256557341051449,5
centroid,767,25.582802857311183,827.3084415584416,550.3693181818181,19.802974013476614,3.4320527336234523,1232.0,-20.916225982061874,-7.80392587397511,128.81339432934755,22.324644865689987,-2.7844853367037823,-27.917226565422126,-1599.5392579091906,4.2624037101248895,5
centroid,768,25.616157228702722,826.0191826522101,546.7737003058104,19.535955403674656,3.3857757476982324,1199.0,-21.139667398006207,-7.1807694656487815,128.82104700473207,22.325971150593208,-2.814139012283108,-27.946880241001452,-1601.238288366936,4.2671232391741825,5
centroid,769,25.64951160009426,824.076722838745,541.9120427455816,19.67800743323829,3.4103947799733265,1216.5,-21.47631504033608,-6.338195763932604,129.20244236668051,22.39207076743236,-2.854614388556633,-27.98735561727498,-1603.5573566016133,4.2735650953816195,5
centroid,770,25.682865971485803,822.9682668836452,537.0235964198536,19.77884855394466,3.4278715510758095,1229.0,-21.668421503143758,-5.490979302204738,128.97890548570857,22.3533295984098,-2.893407830139417,-28.02614905885776,-1605.780057077094,4.279739263369065,5
centroid,771,25.716220342877342,821.7910042125288,532.8531050414458,19.758721502273858,3.4243833324547306,1226.5,-21.872452855497617,-4.768191587284918,129.16829664132715,22.38615297296569,-2.9269509529232565,-28.0596921816416,-1607.7019364442972,4.285077817166853,5
centroid,772,25.74957471426888,821.1702361339923,527.844179022515,19.657777133417753,3.4068886674190284,1214.0,-21.980038149476073,-3.9000947941421322,128.80603424630473,22.323369289955274,-2.9659823809081054,-28.09872360962645,-1609.9382725361977,4.291289861866576,5
centroid,773,25.78292908566042,820.3558650826163,522.9593062952341,19.710332723912007,3.415997074969341,1220.5,-22.12117676790563,-3.0534976726361447,128.84964345560107,22.330927200493093,-3.0044244101887054,-28.13716563890705,-1612.1408385698944,4.297408100849067,5
centroid,774,25.816283457051963,820.1582753445217,518.49188156638,19.71840576652941,3.417396213702991,1221.5,-22.15542103850368,-2.2792484491363583,128.51166291091374,22.272351804114937,-3.0390778594360093,-28.171819088154354,-1614.1263349573358,4.3029233685919595,5
centroid,775,25.8496378284435,819.5135063206919,514.3831004657351,19.967051170495804,3.4604889399674916,1252.5,-22.267165935471418,-1.5671557402971594,128.7995514871217,22.32224576318801,-3.0713288455145356,-28.20407007423288,-1615.9741803447705,4.308056272445945,5
centroid,776,25.88299219983504,819.2601923337396,509.5431396451306,19.790914959878798,3.4299627794662064,1230.5,-22.311067773689913,-0.7283422997663797,128.80363187067454,22.32295293431883,-3.108959355007041,-28.241700583725386,-1618.130249719618,4.314045354042744,5
centroid,777,25.916346571226583,819.0064371676463,505.01539322698005,19.470672162123595,3.374461511388442,1191.0,-22.355046072649913,0.056361273595495844,128.98921950781295,22.35511712121996,3.13907147094518,-28.276855064952752,-1620.144453124918,4.31964036350191,5
centroid,778,25.949700942618122,819.1726362014546,499.2221764786606,19.661824858598802,3.407590178528578,1214.5,-22.32624212391377,1.060383465616362,128.96782570525176,22.351409362046372,3.0941333807566846,-28.321793155141247,-1622.719216032097,4.326792482688519,5
centroid,779,25.98305531400966,819.2037599421546,494.84714389009395,19.15338465720403,3.319472425008654,1152.5,-22.320848069501658,1.818620210514543,129.2182636175286,22.39481274786346,3.0602959249760677,-28.355630610921864,-1624.657959437787,4.332177881037658,5
centroid,780,26.0164096854012,820.3919867823214,490.3490293267245,19.629419686416576,3.4019740392711175,1210.5,-22.114916517393183,2.598188288160737,128.48088996849734,22.267018546541102,3.024642985875411,-28.39128355002252,-1626.7007223754915,4.337852222531281,5
centroid,781,26.049764056792743,820.3406593406594,486.0019723865877,19.405169294686,3.363109211723938,1183.0,-22.123812074512337,3.351576574408061,129.1110999526771,22.37624021685633,2.991244032787859,-28.424682503110073,-1628.6143414275637,4.343167831009259,5
centroid,782,26.08311842818428,820.9603238866397,481.9641025641025,19.827070117316413,3.436228828537114,1235.0,-22.01641803372261,4.0513796521096666,129.16784496016643,22.386074692119525,2.9596122073316997,-28.456314328566233,-1630.426711524496,4.3482021923896275,5
centroid,783,26.11647279957582,821.9677331145748,477.75334974022417,19.69821695631462,3.4138972917108132,1219.0,-21.84182397566551,4.781145076735766,129.01159043991984,22.35899422668093,2.926093127403872,-28.489833408494057,-1632.3472133375221,4.3535369196480325,5
centroid,784,26.149827170967363,822.9712002204767,473.2473473887281,19.62131003117006,3.4005685552039973,1209.5,-21.667913126640098,5.562080186666297,129.0774533216724,22.37040892041377,2.8903212823394524,-28.525605253558478,-1634.3967890851093,4.359230185613553,5
centroid,785,26.183181542358902,824.2171926910299,468.7840531561462,19.576646877473273,3.392827985598998,1204.0,-21.45197021514982,6.3356135540016245,129.0635023953727,22.36799108586473,2.8544170383956855,-28.561509497502247,-1636.4539507296954,4.364944523515181,5
centroid,786,26.21653591375044,825.4231738035264,464.81150293870695,19.470672162123595,3.374461511388442,1191.0,-21.24296167072487,7.0240960932374135,129.09887926723576,22.374122250289936,2.822254337621872,-28.59367219827606,-1638.2967377417772,4.370063376326519,5
centroid,787,26.24989028514198,827.256719312829,460.116791354946,19.568515351939713,3.3914187111931944,1203.0,-20.925189962639898,7.837736393611258,128.9301543972987,22.344880548982665,2.7832079081548966,-28.632718627743035,-1640.53393335529,4.376277808586277,5
centroid,788,26.283244656533522,828.6211429362114,455.99100594991,19.58071137391019,3.3935324033343157,1204.5,-20.68872175219518,8.552776117849705,129.17259352064193,22.386897664969442,2.7495857737054097,-28.666340762192522,-1642.460339757467,4.381628937481213,5
centroid,789,26.31659902792506,830.6883790796121,451.6056261095179,19.710332723912007,3.415997074969341,1220.5,-20.330449128488493,9.31280614459984,129.02847913977376,22.361921206661894,2.7120464975771137,-28.70388003832082,-1644.6111818455945,4.387603498837123,5
centroid,790,26.3499533993166,832.1789029535865,448.34135021097046,19.42156572287085,3.365950876119153,1185.0,-20.072126488024306,9.878537686401934,129.08268576032148,22.371315754173025,2.684243112838814,-28.731683423059117,-1646.2041984472776,4.392028544952909,5
centroid,791,26.383307770708143,834.0521810028537,444.0712053268106,19.758721502273858,3.4243833324547306,1226.5,-19.7474687348278,10.61859634691805,129.3714061798962,22.421353879990896,2.648226817626533,-28.7676997182714,-1648.2677801566385,4.3977607163678005,5
centroid,792,26.416662142099682,836.2887029288703,439.84644351464436,19.50334109812034,3.3801233635433707,1195.0,-19.35985719805709,11.35078966881433,129.49068010139507,22.442025239154,2.611303540302661,-28.80462299559527,-1650.3833281130874,4.403637238469047,5
centroid,793,26.45001651349122,838.7995551848762,436.17028078954684,19.535955403674656,3.3857757476982324,1199.0,-18.92470148139123,11.987905302119179,129.26032597188268,22.402102573025342,2.5769379928467293,-28.8389885430512,-1652.3523289429688,4.409106685218718,5
centroid,794,26.483370884882763,841.5975792193661,432.1884944920441,19.750664938635243,3.422987049692318,1225.5,-18.439776033840776,12.677988546067729,129.11891393912728,22.3775944585747,2.539281646925665,-28.876644888972265,-1654.5098786361305,4.4150998788108335,5
centroid,795,26.516725256274302,843.9881591628803,428.2249759052733,19.629419686416576,3.4019740392711175,1210.5,-18.025464707446087,13.364905813708269,129.47699979088048,22.439654305017214,2.503588723723568,-28.912337812174364,-1656.5549324940953,4.4207805839718475,5
centroid,796,26.55007962766584,846.7852834740652,424.7740249296341,19.89518392650703,3.448033630425511,1243.5,-17.540695190910146,13.962990006591768,129.361622593485,22.419658286972172,2.4692746781290587,-28.946651857768874,-1658.5209824846802,4.426241833945694,5
centroid,797,26.58343399905738,849.0499795165915,421.6885156356684,19.710332723912007,3.415997074969341,1220.5,-17.148200798992587,14.497739514406549,129.56788502914014,22.455405622481084,2.4397530713592217,-28.97617346453871,-1660.2124459570366,4.4309403435911285,5
centroid,798,26.616788370448923,851.480981595092,418.66448534423995,19.726475505261554,3.418794779840402,1222.5,-16.72688391379727,15.021834098441964,129.72182516589567,22.482084982197794,2.409847473103449,-29.006079062794484,-1661.9259105209062,4.435699967379655,5
centroid,799,26.65014274184046,854.8648537288834,415.4294739733553,19.653728574599526,3.4061870118318485,1213.5,-16.14042515264818,15.582493805978409,129.44991452584208,22.434960158680774,2.3737803192477176,-29.042146216650213,-1663.9924062158886,4.441440233199051,5
centroid,800,26.683497113232,857.7892197408327,411.97987317342154,19.61725394636576,3.3998655952884342,1209.0,-15.633603381403331,16.18034399995762,129.8204617679292,22.499179688246194,2.3390106180971943,-29.076915917800736,-1665.9845633467446,4.446974003006984,5
centroid,801,26.716851484623543,861.0773202880825,409.1184943606468,19.758721502273858,3.4243833324547306,1226.5,-15.063742790567938,16.676249461916647,129.66656938322762,22.472508604436285,2.3054345055888428,-29.11049203030909,-1667.9083328859297,4.4523178072824985,5
centroid,802,26.750205856015082,864.0499380932728,406.3547943320952,19.637525992641294,3.403378942919388,1211.5,-14.548558502724207,17.155226217198496,129.78830541022668,22.49360667101751,2.27415956209562,-29.141766973802312,-1669.7002551526016,4.457295369134365,5
centroid,803,26.78356022740662,867.7296654066919,403.4780904381912,19.46658469022758,3.373753111777112,1190.5,-13.910825090742025,17.65378766843201,129.68629089024353,22.47592653812741,2.2381646785740617,-29.17776185732387,-1671.7626100624518,4.463024132772838,5
centroid,804,26.81691459879816,870.9461136972774,401.06361969248127,19.39286287596931,3.360976386726592,1181.5,-13.35338255000294,18.072239508919623,129.65437578528298,22.470395332402997,2.2071485166988056,-29.208778019199126,-1673.5397052345986,4.467960508251023,5
centroid,805,26.850268970189703,873.9426330994635,398.8254230293025,19.637525992641294,3.403378942919388,1211.5,-12.834055877219866,18.460141294329325,129.7276845549806,22.48310047271516,2.1783142023624795,-29.237612333535452,-1675.1917897512235,4.472549631908314,5
centroid,806,26.88362334158124,877.6669420349717,396.6015420625086,19.629419686416576,3.4019740392711175,1210.5,-12.188596025872753,18.845562026899294,129.50001074947033,22.443642333445563,2.144892002957801,-29.27103453294013,-1677.1067407191563,4.477868940152572,5
centroid,807,26.91697771297278,881.9990129723632,393.78637901861254,19.39696588307668,3.3616874787448587,1182.0,-11.437804963237065,19.333457835570456,129.61422260281734,22.46343638575432,2.1050214924176056,-29.310905043480325,-1679.3911527001414,4.484214528988642,5
centroid,808,26.950332084364323,885.45,391.3336021505376,19.867165345562018,3.4431777311419416,1240.0,-10.839714522183113,19.758548508785303,130.03654505815314,22.53662907571692,2.0725708468675372,-29.343355689030393,-1681.2504377326352,4.489379209634458,5
centroid,809,26.983686455755862,889.6002224075618,389.14831804281346,19.535955403674656,3.3857757476982324,1199.0,-10.120439621891665,20.137280021059905,130.04085837917006,22.537376617231498,2.0364996769897665,-29.379426858908165,-1683.317163528731,4.495120114623613,5
centroid,810,27.0170408271474,893.8414460575007,387.50925135212066,19.30649830293466,3.346008545594746,1171.0,-9.385393299466797,20.42134661189394,129.67983822385366,22.47480822674108,2.001594460838209,-29.414332075059722,-1685.3170850972072,4.500675452313825,5
centroid,811,27.050395198538943,897.5102553369611,385.5638342402679,19.49926047434974,3.3794161507804166,1194.5,-8.749552091568109,20.75850678350394,129.98156621387582,22.527100694138223,1.9696922273687751,-29.446234308529156,-1687.1449484320467,4.505752850466156,5
centroid,812,27.083749569930482,901.5109047418038,383.68467707893626,19.417467913832123,3.3652406849779815,1184.5,-8.056199683146263,21.08418344540671,130.23423977190308,22.57089153964212,1.9357743136305237,-29.480152222267407,-1689.0883017391373,4.511151054096964,5
centroid,813,27.11710394132202,905.0625873148923,382.27381950265436,19.48701347608869,3.37729362394016,1193.0,-7.440657700632124,21.328699122604306,130.3404974621841,22.589307056228126,1.906452174223985,-29.509474361673945,-1690.768336573426,4.5158178175255435,5
centroid,814,27.15045831271356,909.7765151515151,380.56467452300785,19.44613444328572,3.37020888019491,1188.0,-6.623687032146925,21.624910979245772,130.49790262099694,22.616586938796395,1.8680218883735524,-29.54790464752438,-1692.9702297581373,4.521934187483075,5
centroid,815,27.183812684105103,914.6166738289643,379.3430740581578,19.244572028882338,3.335276105204745,1163.5,-5.784839301053312,21.83662651308079,130.34379630253588,22.58987877813411,1.8297621789722132,-29.586164356925718,-1695.1623496322309,4.528023409355557,5
centroid,816,27.217167055496642,919.9601388888888,378.06166666666667,19.544100476116796,3.3871873699182884,1200.0,-4.858763558417137,22.058707183280106,130.32994168618603,22.587477635059116,1.787599488491047,-29.628327047406884,-1697.5780938497182,4.534733809959689,5
centroid,817,27.25052142688818,924.0224766751485,377.4830364715861,19.37233480535295,3.3574186675260846,1179.0,-4.154719938769584,22.158989562150666,130.08554804954673,22.54512178244136,1.756140326832642,-29.659786209065288,-1699.3805710397646,4.539740691043151,5
centroid,818,27.283875798279723,928.7001114827201,376.59685061315497,19.511499785403828,3.381537345351104,1196.0,-3.344039213879819,22.312574402279083,130.18162237118227,22.561772419763606,1.7195614859433674,-29.696365049954565,-1701.4763842422008,4.545562394383252,5
centroid,819,27.317230169671262,933.0553001810836,376.09040256303103,19.51557784998706,3.382244114581385,1196.5,-2.5892416128986646,22.40034689613194,130.11078007401304,22.54949474371907,1.6858749754921034,-29.730051560405826,-1703.4064791175813,4.550923769037086,5
centroid,820,27.3505845410628,936.9802469135802,375.37146776406036,19.665871750657423,3.4082915452497087,1215.0,-1.909009231973235,22.524945460995237,130.4350608684393,22.605695836858658,1.6553451755434074,-29.760581360354525,-1705.1557078040205,4.555782737610528,5
centroid,821,27.38393891245434,941.9581754385964,375.19761403508767,19.442041812609382,3.3694995865155426,1187.5,-1.0462846134165809,22.55507604468258,130.2829327798758,22.57933052315073,1.6171510851590323,-29.798775450738898,-1707.3440679853861,4.561861515892099,5
centroid,822,27.417293283845883,946.2331504150836,375.1592795835092,19.417467913832123,3.3652406849779815,1184.5,-0.30538884976814934,22.561719787144813,130.1932437448349,22.56378651962486,1.5843312081804208,-29.831595327717512,-1709.2245084203994,4.567084961544914,5
centroid,823,27.45064765523742,951.7398676592225,375.46705266060104,19.61725394636576,3.3998655952884342,1209.0,0.6489801232041122,22.50837964591906,129.92751838447728,22.517733666715603,1.541971489831208,-29.873955046066722,-1711.651541503172,4.573826720108172,5
centroid,824,27.48400202662896,956.347979157865,375.4438811435009,19.40926970028796,3.3638198528753933,1183.5,1.4476117658551053,22.51239550073721,130.16499244340338,22.558890287561912,1.5065818598218979,-29.90934467607603,-1713.679217941235,4.5794591546583465,5
centroid,825,27.517356398020503,960.508153676064,375.38142620232173,19.5928998042059,3.3956447797625477,1206.0,2.168611466093007,22.523219564408475,130.56017479821142,22.62737932765133,1.474808844713399,-29.941117691184534,-1715.4996776093576,4.584515987069798,5
centroid,826,27.550710769412042,965.3151183970856,375.7000140114894,19.458407170568176,3.372335866130967,1189.5,3.0017063537591895,22.468005122344934,130.79242730406963,22.66763100131808,1.4379836314513985,-29.977942904446532,-1717.6096069089392,4.590376901790858,5
centroid,827,27.58406514080358,969.6297699214365,376.17774971941634,19.44613444328572,3.37020888019491,1188.0,3.7494784585301013,22.38520876351396,130.96218552739643,22.69705179306518,1.4048388606502789,-30.01108767524765,-1719.5086623887719,4.595652055901504,5
centroid,828,27.61741951219512,974.3021754385965,377.58526315789476,19.442041812609382,3.3694995865155426,1187.5,4.559252895281529,22.141272658722116,130.4357318622593,22.605812126774133,1.3677183718864054,-30.048208164011527,-1721.6355097284047,4.601559965178263,5
centroid,829,27.650773883586663,979.7421248568155,379.1666666666667,19.248706645328987,3.335992675436496,1164.0,5.502050338678983,21.867199671929885,130.1065920154584,22.548768911437453,1.3243010423167731,-30.09162549358116,-1724.123139470473,4.608470047795119,5
centroid,830,27.6841282549782,984.0263520971301,379.66859823399557,19.60913925979463,3.3984592392426207,1208.0,6.244549611847727,21.780209929552267,130.73519857297222,22.657712691933288,1.291578651062373,-30.124347884835558,-1725.997994384926,4.613677978113044,5
centroid,831,27.71748262636974,988.7535519125682,381.3632513661202,19.706294962377495,3.415297290659024,1220.0,7.0638204465171865,21.486509654497933,130.50525654409262,22.617861446950887,1.253170951710404,-30.162755584187526,-1728.198593458601,4.619790753317696,5
centroid,832,27.750836997761283,993.4563395512299,382.8910516355771,19.8110093045411,3.433445329636786,1233.0,7.878860407683393,21.2217266432365,130.61624106712148,22.637096170755093,1.2153051824065575,-30.200621353491375,-1730.3681422277277,4.625817277676382,5
centroid,833,27.784191369152822,998.1459631629967,384.85085168259246,19.572581536991795,3.392123421582347,1203.5,8.691618911808893,20.88207376563655,130.5100509177085,22.61869235967456,1.1763825052755144,-30.239544030622415,-1732.5982473546867,4.632012014140157,5
centroid,834,27.81754574054436,1001.95427852349,386.1602348993289,19.47884453275087,3.3758778646560086,1192.0,9.351637913731844,20.655144606142493,130.82635867597634,22.673511646196406,1.145657001885614,-30.270269534012318,-1734.358689022343,4.636902129883646,5
centroid,835,27.850900111935903,1005.7991592080281,388.0440737727149,19.77884855394466,3.4278715510758095,1229.0,10.017994050686061,20.32865655688733,130.7660772376879,22.663064272235115,1.1129240197702435,-30.303002516127687,-1736.234150748431,4.642111745789446,5
centroid,836,27.884254483327442,1010.4958881578947,390.59470942982455,19.67396303746374,3.4096938458831008,1216.0,10.831983980709111,19.8866059803677,130.6634959884537,22.645285919518333,1.0720410246264651,-30.343885511271466,-1738.5765738240232,4.64861847655498,5
centroid,837,27.91760885471898,1015.0515277777777,392.90652777777774,19.544100476116796,3.3871873699182884,1200.0,11.621521723887605,19.48594482334482,130.91205076229582,22.68836293867917,1.033024144366362,-30.38290239153157,-1740.8120763926945,4.6548282059124,5
centroid,838,27.95096322611052,1019.3456098211901,395.2368561515879,19.93913357805586,3.4556505429982036,1249.0,12.36572893263654,19.08207569438809,131.20102263769934,22.73844464429793,0.9958082936194653,-30.420118242278466,-1742.9443875714803,4.660751292520139,5
centroid,839,27.984317597502063,1022.9249404289118,397.7832936192745,20.018794836487846,3.469456632910725,1259.0,12.98606259506589,18.64075270593053,131.08406760955535,22.718175172461052,0.9623228668691147,-30.453603669028816,-1744.86296119947,4.666080663708999,5
centroid,840,28.017671968893602,1026.9770591487008,400.83595909342176,19.5928998042059,3.3956447797625477,1206.0,13.688335148660848,18.1116953593797,130.9936880234109,22.702511489547582,0.9236105555084749,-30.492315980389456,-1747.081013255631,4.672241919420557,5
centroid,841,28.05102634028514,1030.2773167358228,403.3427385892116,19.584775026828055,3.3942366748793753,1205.0,14.260302675651243,17.67724549264444,131.04923663866037,22.712138618113535,0.8919809943713604,-30.523945541526572,-1748.8932536166387,4.677275920423357,5
centroid,842,28.084380711676683,1033.1831414582505,405.9157072912531,20.022769579867926,3.4701454955469013,1259.5,14.763911056657639,17.23132437688881,130.92855438787996,22.691223181451907,0.8623639759552881,-30.553562559942645,-1750.5901837736408,4.681989615303918,5
centroid,843,28.117735083068222,1036.4695783546215,408.55857711852764,19.653728574599526,3.4061870118318485,1213.5,15.333483320217406,16.773288699564,131.12767432692272,22.72573265112275,0.8302124283403177,-30.585714107557614,-1752.4323317567926,4.687106693034895,5
centroid,844,28.15108945445976,1040.1809065383072,412.0873111378526,19.919168484856367,3.4521903933941225,1246.5,15.976693477920188,16.16172393009995,131.12731002779674,22.725669514453973,0.7911553979713171,-30.624771137926615,-1754.6701347572505,4.693322812480612,5
centroid,845,28.1844438258513,1043.4380530973451,415.45307052829173,19.89118368841965,3.447340349302504,1243.0,16.541189434141245,15.578404287867716,131.10719633471155,22.722183611008898,0.7554321259870741,-30.660494409910857,-1756.7169274723456,4.69900834780032,5
centroid,846,28.217798197242843,1046.4775499262832,418.61694142876286,19.89518392650703,3.448033630425511,1243.5,17.067964523251483,15.030073932770346,131.2240705769703,22.74243908184683,0.7219936970505816,-30.69393283884735,-1758.6328083239546,4.70433023905479,5
centroid,847,28.25115256863438,1049.7507410401508,422.7101859337106,19.843117930641572,3.43901007450319,1237.0,17.635241160708883,14.320673870788003,131.0799971974405,22.7174697294798,0.6820446260183516,-30.733881909879578,-1760.9217214895698,4.710688331181498,5
centroid,848,28.28450694002592,1052.3681112894594,425.7088014981273,19.915173064399998,3.4514979472145773,1246.0,18.088857507068326,13.800983912202062,131.28182628848856,22.75244872218993,0.6517408701127744,-30.764185665785156,-1762.657998806354,4.715511323728122,5
centroid,849,28.317861311417463,1055.2800645682003,429.67446865751947,19.859152776030417,3.441789072996677,1239.0,18.593528027954985,13.113694275515655,131.28364448538204,22.752763833829942,0.6142626310496886,-30.801663904848244,-1764.8053437282513,4.721476170733392,5
centroid,850,28.351215682809002,1057.3228869895536,432.60303893637223,19.774824782454758,3.4271741913796347,1228.5,18.947569510347563,12.606143862920812,131.31369107160202,22.757971206636782,0.5870677743100214,-30.82885876158791,-1766.363494243897,4.725804366610186,5
centroid,851,28.38457005420054,1060.2506764069262,436.96130952380946,19.802974013476614,3.4320527336234523,1232.0,19.4549845918666,11.850812139852078,131.44203521622265,22.780214525851868,0.5471131035249639,-30.868813432372967,-1768.6527282517154,4.732163349965236,5
centroid,852,28.417924425592084,1062.255260023819,440.73335979886195,20.022769579867926,3.4701454955469013,1259.5,19.80239890839559,11.197078238618412,131.26098392604482,22.74883653308381,0.5146203825623066,-30.901306153335625,-1770.514424027772,4.737334727120949,5
centroid,853,28.451278796983622,1064.1504723346827,445.00391363022936,19.827070117316413,3.436228828537114,1235.0,20.130858087702215,10.456948703476055,130.89137461700304,22.68477955666167,0.47908526129702733,-30.936841274600905,-1772.5504365007582,4.742990317323689,5
centroid,854,28.48463316837516,1066.56,449.3718666666666,19.947114020071634,3.457033633124824,1250.0,20.54845324309986,9.699938915509792,131.11102026860647,22.722846336858474,0.44104030492277263,-30.97488623097516,-1774.7302519327623,4.749045360190366,5
centroid,855,28.5179875397667,1068.6784491026167,453.7569530072612,19.67800743323829,3.4103947799733265,1216.5,20.915601582976997,8.939959755199299,131.24522008130558,22.746104501703428,0.4039272461470146,-31.011999289750918,-1776.8566735654342,4.754952086947789,5
centroid,856,28.551341911158243,1069.992343450916,457.38774952146565,19.69821695631462,3.4138972917108132,1219.0,21.14331256652443,8.310706538317547,131.08305501542998,22.717999679808603,0.37451409498165783,-31.04141244091627,-1778.5419229893891,4.759633335347663,5
centroid,857,28.584696282549782,1071.8055332798717,461.57725207163855,19.923163104065253,3.4528827007094938,1247.0,21.45755643236048,7.584623997884064,131.3172400214631,22.758586275013073,0.3397636742995836,-31.07616286159835,-1780.5329754307763,4.765164036573739,5
centroid,858,28.61805065394132,1072.3911633563032,465.4802053776516,19.815025728161594,3.4341414158739707,1233.5,21.55905196042313,6.908203296933242,130.62616505011198,22.638816095900065,0.3100944799056092,-31.105832055992323,-1782.2328950511044,4.769886035519095,5
centroid,859,28.651405025332863,1074.0634597091996,469.8774289985052,19.758721502273858,3.4243833324547306,1226.5,21.848877582851397,6.146120625005586,130.96118012406077,22.696877546648246,0.2742151154634883,-31.141711420434444,-1784.2886312052497,4.7755964137250535,5
centroid,860,28.684759396724402,1075.3831168831168,474.3559253246753,19.802974013476614,3.4320527336234523,1232.0,22.077587321505103,5.369952583362216,131.10194285624846,22.72127313084021,0.23859771790161985,-31.17732881799631,-1786.3293577627842,4.781265098607094,5
centroid,861,28.71811376811594,1076.4824311490977,478.5607108940442,19.774824782454758,3.4271741913796347,1228.5,22.268109438491337,4.6412213434064356,131.248310194399,22.746640049095568,0.2054828380547204,-31.21044369784321,-1788.2267006170944,4.786535495424622,5
centroid,862,28.75146813950748,1077.492806731813,482.58374049945706,19.77080019204319,3.426476689756175,1228.0,22.443217595391648,3.943990223206557,131.48190987029346,22.787125200754176,0.173955770888906,-31.241970765009025,-1790.033068506121,4.791553184005252,5
centroid,863,28.784822510899023,1077.8118047375997,486.82397591938224,20.13374381616736,3.4893784365583906,1273.5,22.49850312861688,3.209115170890802,131.13048477527295,22.726219729828028,0.1416811415605037,-31.274245394337427,-1791.8822685519876,4.796689850799326,5
centroid,864,28.81817688229056,1078.2046413502107,490.7925896624472,20.0585068271871,3.476339116629799,1264.0,22.566585628208184,2.521314861891129,131.0195825174278,22.706999263399936,0.1112663436166099,-31.30466019228132,-1793.6249081089159,4.801530516235237,5
centroid,865,28.8515312536821,1078.282665619272,494.57083006022515,20.129790985302495,3.4886933715794597,1273.0,22.58010801155011,1.8665081507044259,130.73178431200563,22.657120966484587,0.08247410715542665,-31.333452428742504,-1795.2745817408843,4.806112942990706,5
centroid,866,28.884885625073643,1079.112639161755,499.0873608382449,20.1258373780788,3.488008172049807,1272.5,22.723950697167705,1.0837483595413353,131.2664221262374,22.749779027368973,0.047655789496763676,-31.36827074640117,-1797.2695243924716,4.811654450356226,5
centroid,867,28.918239996465182,1079.5821596244132,504.299128101945,19.887182645698207,3.446646928728396,1242.5,22.805323272128504,0.18049715736239144,131.5910342941456,22.806037550835125,0.007914528832864079,-31.408012007065068,-1799.5465309010424,4.817979468435589,5
centroid,868,28.95159436785672,1079.163801146208,508.54258296681326,19.951103044013138,3.4577249707246014,1250.5,22.732817578903767,-0.5549358568438476,131.2076307807313,22.73958990133567,-0.024406374797979514,-31.44033291069591,-1801.3983822691387,4.823123500013635,5
centroid,869,28.98494873924826,1078.9674473997618,513.4128622469234,20.022769579867926,3.4701454955469013,1259.5,22.69878751797507,-1.3990037885311024,131.220725480032,22.741859343213456,-0.06155555045050084,-31.47748208634843,-1803.5268732464183,4.829035974950522,5
centroid,870,29.018303110639803,1078.1291517798068,517.7031890962022,20.022769579867926,3.4701454955469013,1259.5,22.55350253340188,-2.1425601847160807,130.7198030024635,22.655044486146913,-0.09471475482480082,-31.51064129072273,-1805.4267557090773,4.834313426235686,5
centroid,871,29.05165748203134,1077.6041263700838,522.336170212766,20.28338058343701,3.515311979460021,1292.5,22.462510398006703,-2.9455019799791344,130.71844226743139,22.654808657206093,-0.13038575672945063,-31.54631229262738,-1807.470553569217,4.839990642513852,5
centroid,872,29.08501185342288,1077.5595571561958,526.3514739229024,19.94312419824553,3.4563421572436948,1249.5,22.45478610910667,-3.641394125538881,131.2568757573072,22.748124546503586,-0.1607661017995332,-31.576692637697466,-1809.211219121884,4.844825824604594,5
centroid,873,29.118366224814423,1076.4457120377656,530.3221872541307,20.113971893676243,3.485951765363021,1271.0,22.2617456505907,-4.329558314089693,130.85718103199676,22.678853467640227,-0.19208634670173153,-31.608012882599663,-1811.005736968096,4.849810596399627,5
centroid,874,29.151720596205962,1075.229285520239,535.3550665580005,19.762748552453708,3.4250812603805456,1227.0,22.05092681338534,-5.201806450207461,130.72631309427217,22.65617274993057,-0.23166437929053046,-31.647590915188463,-1813.2733911968653,4.856109635923986,5
centroid,875,29.1850749675975,1074.076159828372,539.7941807455081,19.89118368841965,3.447340349302504,1243.0,21.85107864006096,-5.971149174776706,130.7036571595864,22.652246250682623,-0.2667530842295292,-31.68267962012746,-1815.2838258984498,4.861694176761721,5
centroid,876,29.218429338989043,1073.081443162223,544.7770261307866,19.998909270006028,3.466010266079302,1256.5,21.678684329443044,-6.834725934213433,131.1555884517442,22.730570447119206,-0.3054100888105884,-31.72133662470852,-1817.4987091095625,4.867846630125923,5
centroid,877,29.251783710380582,1071.1765722643265,548.9006781013163,19.975020458847634,3.461870097053004,1253.5,21.348551220755624,-7.549395912992229,130.65649435507086,22.644072466681653,-0.3399011640180047,-31.755827699915937,-1819.4749021498158,4.873336055237737,5
centroid,878,29.28513808177212,1069.6532744073925,553.7075130574528,19.903181990720164,3.4494197746545394,1244.5,21.084548522451048,-8.38246831111072,130.91995320157727,22.689732510154634,-0.378405059589578,-31.79433159548751,-1821.6810128608793,4.879464140546247,5
centroid,879,29.31849245316366,1067.6348956282002,557.5097807535775,20.102099405542752,3.483894144859872,1269.5,20.73474336682643,-9.041439192533485,130.51922920170156,22.62028304775237,-0.41119494697294845,-31.82712148287088,-1823.5597350186556,4.884682813206737,5
centroid,880,29.351846824555203,1065.8538685744568,561.0523317435081,20.010842981224172,3.4680784971531113,1258.0,20.42607363043746,-9.655398580689923,130.362770727067,22.593167234985927,-0.44156981372207565,-31.857496349620007,-1825.3000866866528,4.889517123395618,5
centroid,881,29.385201195946742,1063.9870707070706,565.6806734006733,19.847127856504603,3.439705034614256,1237.5,20.102538957336094,-10.457536311406876,130.747955617968,22.659923614955297,-0.4796843655233976,-31.89561090142133,-1827.4838896429014,4.895583242718531,5
centroid,882,29.41855556733828,1061.3830708661417,569.2358267716536,20.106057680545288,3.484580153362112,1270.0,19.651239835985265,-11.073679817782233,130.15144597581903,22.556542549738687,-0.5131567425518878,-31.92908327844982,-1829.4017155769045,4.900910536979651,5
centroid,883,29.451909938729823,1059.1233574684902,573.3395012067579,19.89118368841965,3.447340349302504,1243.0,19.259608986076692,-11.784887490595196,130.28164797438964,22.57910785355686,-0.5491210424052247,-31.965047578303157,-1831.4623181716438,4.906634433076149,5
centroid,884,29.485264310121362,1056.9117607796022,577.2600453877986,19.93514215902316,3.4549587903052554,1248.5,18.87631724128093,-12.464356865481795,130.51901742077283,22.62024634400702,-0.5835939246752637,-31.999520460573194,-1833.4374688333683,4.9121209626920495,5
centroid,885,29.5186186815129,1053.504892105616,581.2184693740785,19.89518392650703,3.448033630425511,1243.5,18.285872950555017,-13.15039118808945,129.96051936116143,22.523453064830452,-0.6234668359008871,-32.039393371798816,-1835.722018363496,4.918466933609071,5
centroid,886,29.55197305290444,1051.1262807717897,584.6512308715901,19.967051170495804,3.4604889399674916,1252.5,17.873635903486704,-13.74532296315487,130.10067881550782,22.547744094960844,-0.6555681000786497,-32.07149463597658,-1837.5612853179164,4.923576008482462,5
centroid,887,29.585327424295983,1048.2225296442687,588.2707509881423,20.066439794405365,3.477713978900924,1265.0,17.370386897141067,-14.372621867953919,130.08811810578956,22.54556719879891,-0.6912388341355982,-32.10716537003353,-1839.6050678315132,4.929253182131341,5
centroid,888,29.61868179568752,1045.5404941207557,591.4616197648302,20.038660669337457,3.47289957970704,1261.5,16.90556341437108,-14.925631224034113,130.1226561130708,22.55155297963278,-0.723277193865679,-32.13920372976361,-1841.4407306265687,4.93435224545094,5
centroid,889,29.65203616707906,1042.5746057420138,594.964415689446,19.839107194283145,3.4383149739251953,1236.5,16.391545403189724,-15.532700663211362,130.29844128788002,22.582018302130496,-0.7585020659268209,-32.17442860182475,-1843.4589671295605,4.939958457959251,5
centroid,890,29.685390538470603,1039.22394347058,598.0052996331024,19.758721502273858,3.4243833324547306,1226.5,15.810842242124256,-16.0597161531249,130.0362333728231,22.536575057543274,-0.7932069017764786,-32.20913343767441,-1845.4474077524403,4.945481904133917,5
centroid,891,29.718744909862142,1035.2316975060337,601.4444891391794,19.89118368841965,3.447340349302504,1243.0,15.118946233646236,-16.65576196612996,129.79274319578147,22.494375783476787,-0.8337265086768646,-32.2496530445748,-1847.7690102153617,4.951930799864254,5
centroid,892,29.75209928125368,1032.1033571239757,604.5383293682262,20.03468907863958,3.4722112634621065,1261.0,14.576773671452285,-17.191955308012254,130.0552347703695,22.53986818908743,-0.8675323369251715,-32.283458872823104,-1849.7059414969337,4.957311164535287,5
centroid,893,29.785453652645224,1028.8278787878787,607.3294276094276,19.847127856504603,3.439705034614256,1237.5,14.009100635590315,-17.67568044657013,130.1369882759086,22.5540368862729,-0.900606261970931,-32.31653279786886,-1851.6009378139875,4.96257504319377,5
centroid,894,29.818808024036763,1024.8912585571352,610.0829383886256,20.074369626682653,3.4790882978555375,1266.0,13.326845121092026,-18.152891303402892,129.9382716928611,22.519597322215482,-0.9375202097808847,-32.353446745678816,-1853.7159512286644,4.968450080456761,5
centroid,895,29.8521623954283,1021.083666400213,613.1871835864641,19.95509127054853,3.458416170125953,1251.0,12.66695145755468,-18.690887930062544,130.27971083936865,22.578772128754128,-0.9751890962042653,-32.3911156321022,-1855.8742194396818,4.97444526993181,5
centroid,896,29.88551676681984,1017.0300395256917,615.6660079051384,20.066439794405365,3.477713978900924,1265.0,11.964417525715822,-19.120492886029695,130.1441455831568,22.555277318941744,-1.0116665454023632,-32.427593081300294,-1857.9642233261354,4.98025083628307,5
centroid,897,29.918871138211383,1012.6967438211063,617.9520073231332,20.141647150648858,3.4907481631809425,1274.5,11.2134141987206,-19.516679365204567,129.87537555983334,22.508696795600372,-1.049296213702824,-32.465222749600755,-1860.120244504229,4.986239783999997,5
centroid,898,29.952225509602922,1008.6013531095498,620.3926619828259,20.192943425895987,3.4996383188498235,1281.0,10.50364217774595,-19.939669138908684,130.03875382784764,22.53701187751542,-1.0859618912532942,-32.50188842715122,-1862.2210330808584,4.992075307823967,5
centroid,899,29.98557988099446,1004.529487675829,622.3410762679056,20.27553249624694,3.513951827743614,1291.5,9.797947321850177,-20.277348750505812,129.9431885597272,22.520449464240066,-1.1206815224544904,-32.53660805835242,-1864.2103214149379,4.997601108751965,5
centroid,900,30.018934252386003,1000.3574344791255,624.5775055972606,20.070405102179357,3.4784012062525393,1265.5,9.074888928256133,-20.66494423935234,130.2276421380476,22.569748103949394,-1.1570067289185213,-32.572933264816456,-1866.2916024352685,5.00338244491955,6
centroid,901,30.052288623777542,996.1289972899727,625.7250677506775,19.786893642157743,3.4292658450326248,1230.0,8.342058626902883,-20.863828196022528,129.6506013756698,22.469741189604953,-1.190433443813722,-32.606359979711655,-1868.2068121217503,5.008702471826444,6
centroid,902,30.08564299516908,992.052033808769,627.5001320655044,20.042631473036266,3.4735877595571933,1262.0,7.635480228576148,-21.171464530338447,129.86128055265397,22.506253990399117,-1.2246657938871843,-32.640592329785115,-1870.168181303774,5.014150719554288,6
centroid,903,30.11899736656062,988.164560294892,628.8313586097946,20.074369626682653,3.4790882978555375,1266.0,6.961742329858983,-21.40217935616683,129.85969984365903,22.505980037778496,-1.256309447620234,-32.67223598351816,-1871.981229111051,5.019186963463391,6
centroid,904,30.152351737952163,983.7564203354297,630.3512840670859,20.12188299403865,3.487322837890122,1272.0,6.197767747668867,-21.665597584007273,130.02512489121446,22.534649846984223,-1.2921725133597017,-32.70809904925763,-1874.0360314183229,5.024894747650257,6
centroid,905,30.185706109343702,979.3256420284187,631.2934428366575,20.17322952543733,3.49622170345087,1278.5,5.429869714256919,-21.828883087407675,129.79103484382745,22.494079709059392,-1.3269972820340117,-32.742923817931946,-1876.0313436858803,5.0304372817268055,6
centroid,906,30.21906048073524,975.3062151291034,632.1976125600103,20.22051059699233,3.504415984308309,1284.5,4.73326297892481,-21.985584710536635,129.76359686477528,22.489324433869562,-1.3587435854309564,-32.77467012132889,-1877.850272885667,5.035489862837324,6
centroid,907,30.252414852126783,970.2318164138468,633.2485414235706,20.228380031264564,3.505779835686779,1285.5,3.8538191150718415,-22.16772115512175,129.82644936549156,22.500217398570296,-1.3986684223823345,-32.81459495828027,-1880.137797540729,5.041844097990274,6
centroid,908,30.285769223518322,965.9160021265283,634.2595693779904,19.979003910967972,3.4625604690006497,1254.0,3.1058454918916807,-22.342942374539334,130.1585747742322,22.557778041542328,-1.4326735465377591,-32.84860008243569,-1882.086147636653,5.047256181590063,6
centroid,909,30.31912359490986,961.4734356552539,634.2388823297914,20.11001517643649,3.4852660268365945,1270.5,2.3359044521435597,-22.339357102939545,129.60103862218688,22.461151470532396,-1.4666104065410874,-32.88253694243902,-1884.03058648477,5.052657400612611,6
centroid,910,30.352477966301404,957.0300800413116,634.9394526207074,20.27160731326635,3.5132715544185404,1291.0,1.5658266461072792,-22.460772915554216,129.9133990919545,22.515286652622333,-1.50119509916873,-32.917121635066664,-1886.0121434080916,5.058161725399614,6
centroid,911,30.385832337692943,952.4686213991769,634.7425411522634,20.310825007719227,3.520068371672444,1296.0,0.7752804083858612,-22.426646195845592,129.47924120966306,22.44004276522802,-1.5362404780123038,-32.952167013910234,-1888.020095707265,5.063739370675096,6
centroid,912,30.41918670908448,947.8146540384108,634.9709287029729,20.082296327732614,3.4804620741372525,1267.0,-0.031298512125849734,-22.466228034270706,129.63045623397738,22.466249835802863,-1.5721894619411163,-32.988115997839046,-1890.0798207641697,5.069460829166498,6
centroid,913,30.45254108047602,943.672701592193,634.830636877247,20.32649089898599,3.522783426739938,1298.0,-0.7491401457060468,-22.44191406286117,129.56216460246173,22.454414215533536,-1.604165230675995,-33.02009176657393,-1891.9118973593647,5.074549930819818,6
centroid,914,30.485895451867563,939.3540257328558,634.788964053588,19.998909270006028,3.466010266079302,1256.5,-1.4976097078326738,-22.43469174725042,129.736464056242,22.48462204777169,-1.637451627561627,-33.053378163459556,-1893.8190674161085,5.079847625421884,6
centroid,915,30.519249823259102,934.6411955815464,634.4119558154646,20.204762533390774,3.501686687956346,1282.5,-2.3143901365145974,-22.369352462687942,129.76034071357364,22.4887601104187,-1.6738920533818915,-33.08981858927982,-1895.9069500192695,5.085647299319553,6
centroid,916,30.55260419465064,930.0129802699895,633.8587746625129,20.216574731145414,3.503733859536045,1284.0,-3.1165059702786078,-22.273480656418606,129.77011817686414,22.490454642239587,-1.7098138297929797,-33.12574036569091,-1897.9651162002374,5.09136442760002,6
centroid,917,30.585958566042184,926.2300975860296,632.9743194658448,20.32649089898599,3.522783426739938,1298.0,-3.7721172359211277,-22.120195757219804,129.47620825791836,22.439517124467233,-1.739699805951705,-33.15562634184963,-1899.6774565007609,5.096120928434807,6
centroid,918,30.619312937433723,922.1681564969555,632.3600207280736,20.236246405285904,3.507143156693274,1286.5,-4.476092103993324,-22.013731664463105,129.618564537365,22.464188886278908,-1.771393496505641,-33.18732003240357,-1901.493371206695,5.101165135951291,6
centroid,919,30.65266730882526,917.9465558194775,631.2505938242281,20.05057072130685,3.474963710397276,1263.0,-5.207737569747354,-21.82145692656227,129.44593777744294,22.434270948554815,-1.805066474328263,-33.220993010226195,-1903.4226907195691,5.106524356820386,6
centroid,920,30.6860216802168,913.4885169326586,630.3919813156871,20.22051059699233,3.504415984308309,1284.5,-5.980360133292298,-21.67265082273887,129.72495058417712,22.482626648330832,-1.8400366181335945,-33.25596315403153,-1905.4263323685802,5.112090028067639,6
centroid,921,30.719376051608343,909.440031152648,628.842419522326,20.216574731145414,3.503733859536045,1284.0,-6.682003062221329,-21.404096322530773,129.38007768554095,22.422856738330882,-1.8733927150805467,-33.28931925097848,-1907.3374959446699,5.117398815778999,6
centroid,922,30.752730422999882,905.3204258150365,627.6972721224217,19.967051170495804,3.4604889399674916,1252.5,-7.395971719190595,-21.205630866707384,129.585091647739,22.458387700948617,-1.9063784828057306,-33.32230501870366,-1909.2274412193215,5.122648663764142,6
centroid,923,30.78608479439142,901.5695805566445,626.2780608911538,20.149547385175307,3.4921173525503932,1275.5,-8.046030579728528,-20.959667417856345,129.54231874498046,22.450974730667607,-1.937330775264935,-33.353257311162864,-1911.0008769434885,5.12757487410905,6
centroid,924,30.819439165782963,897.7752312022517,624.8339364696421,19.89518392650703,3.448033630425511,1243.5,-8.703629133622707,-20.70938626487556,129.61754447059377,22.464012098542465,-1.9686577237412515,-33.38458425963918,-1912.7957788762053,5.132560712811042,6
centroid,925,30.852793537174502,894.226390517129,623.2067213755373,20.181117396520943,3.4975887501124756,1279.5,-9.31867858863289,-20.427373673831646,129.55119789178826,22.4525135752903,-1.9987824758268573,-33.41470901172479,-1914.5218000295883,5.137355216014884,6
centroid,926,30.88614790856604,890.1555466773204,621.1302437075509,19.95907870015583,3.459107231411725,1251.5,-10.024196392123466,-20.067499401822253,129.432116931989,22.431875658312602,-2.034063016273836,-33.449989552171765,-1916.5432260961406,5.1429702884219735,6
centroid,927,30.91950227995758,886.0577024185067,619.0733438485804,20.090219901261573,3.4818353083884124,1268.0,-10.734393637287447,-19.71101815920863,129.50442777322246,22.444407847677546,-2.0694753368320717,-33.48540187273,-1918.572202606892,5.148606334285171,6
centroid,928,30.952856651349123,881.8172001040853,616.7042674993494,20.192943425895987,3.4996383188498235,1281.0,-11.46931494507901,-19.30043361998701,129.5430456646015,22.451100713081704,-2.106978394204614,-33.52290493010255,-1920.720969513176,5.154575131247071,6
centroid,929,30.98621102274066,878.0889416732647,614.4593560306149,20.05057072130685,3.474963710397276,1263.0,-12.115459283320558,-18.911368091861313,129.59087461103618,22.459389946115376,-2.1405664308509342,-33.55649296674886,-1922.6454222551406,5.159920833308084,6
centroid,930,31.0195653941322,874.5935683843471,611.532480950536,20.26768137010699,3.5125911493469095,1290.5,-12.721242305764562,-18.404111474106664,129.09113963270616,22.37278089450032,-2.1756035848742985,-33.59153012077223,-1924.652903306829,5.165497169562775,6
centroid,931,31.052919765523743,871.0531192900025,609.1175933176715,20.16139193252045,3.494170130636491,1277.0,-13.334837414470497,-17.98558738292089,129.18883727522885,22.38971286950874,-2.2087822632902983,-33.62470879918823,-1926.5539015498878,5.170777720237937,6
centroid,932,31.086274136915282,867.9871540193351,606.6587206992451,20.014819303763414,3.4687676334733064,1258.5,-13.866199748291054,-17.559440255425837,129.09940678458452,22.374213674303196,-2.2392079551030974,-33.65513449100103,-1928.297165279527,5.175620119486935,6
centroid,933,31.11962850830682,864.8378058405683,604.0552486187845,20.082296327732614,3.4804620741372525,1267.0,-14.41201317099781,-17.108232600223317,129.0726236234575,22.369571885585074,-2.270862918969624,-33.68678945486756,-1930.1108611097181,5.180658163459689,6
centroid,934,31.152982879698364,861.2056653491435,600.6716732542819,20.066439794405365,3.477713978900924,1265.0,-15.041499312524614,-16.5218252721493,128.92030598057084,22.34317372022403,-2.3093286412827894,-33.72525517718072,-1932.3147846541847,5.186780173305428,6
centroid,935,31.186337251089903,858.0535690370964,597.6599705370295,19.903181990720164,3.4494197746545394,1244.5,-15.587789014114056,-15.999867179563148,128.88899053884847,22.33774644211445,-2.3431496859614223,-33.75907622185935,-1934.2525877729936,5.192162959746565,6
centroid,936,31.21969162248144,854.1967537608867,594.0696753760886,20.05057072130685,3.474963710397276,1263.0,-16.256213534733433,-15.377633250798887,129.1162515232736,22.37713303537622,-2.3839607777670286,-33.79988731366496,-1936.590891090776,5.198658246740405,6
centroid,937,31.25304599387298,851.6763535031847,590.9124203821656,19.994929783493642,3.465320581411032,1256.0,-16.693024015239278,-14.830449498233957,128.8404669815195,22.329336826090984,-2.415211196664195,-33.83113773256213,-1938.3814082015995,5.203631905381581,6
centroid,938,31.286400365264523,848.5590964098427,587.2090896867016,19.863159464818494,3.442483472090396,1239.5,-17.233275733053517,-14.188625384935165,128.80216565431957,22.322698824413635,-2.4527887453227155,-33.868715281220645,-1940.53444314418,5.2096125579998604,6
centroid,939,31.319754736656062,845.8871815608572,583.6054724356381,19.839107194283145,3.4383149739251953,1236.5,-17.696345202075143,-13.564082605197719,128.65242905044755,22.29674797883394,-2.4876208147548726,-33.9035473506528,-1942.5301737143493,5.215156254028108,6
centroid,940,31.3531091080476,843.5744047619047,580.2854437229437,19.802974013476614,3.4320527336234523,1232.0,-18.097172468207198,-12.988688545125882,128.5318719114377,22.27585422528889,-2.5190733187243315,-33.93499985462226,-1944.3322694469177,5.220162075507465,6
centroid,941,31.386463479439143,840.6011856642414,576.2085691188358,19.843117930641572,3.43901007450319,1237.0,-18.61246096602841,-12.282125550085526,128.66916353234427,22.299648231306136,-2.558298194217268,-33.974224730115196,-1946.579689264589,5.22640490833433,6
centroid,942,31.419817850830682,838.0832023060796,572.1470125786163,20.12188299403865,3.487322837890122,1272.0,-19.04885257375948,-11.578217328161879,128.62252719422995,22.29156568917875,-2.5954451413746646,-34.01137167727259,-1948.7080525585034,5.232317028595203,6
centroid,943,31.45317222222222,837.2314191419141,568.7808580858085,20.046601490203663,3.474275803093615,1262.5,-19.196475084148023,-10.994829210751945,127.64518035171218,22.122181742086834,-2.6214490655615763,-34.03737560145951,-1950.1979676651918,5.236455681669337,6
centroid,944,31.48652659361376,835.4476228847703,565.0565404243889,19.875174684869673,3.4445658294572072,1241.0,-19.505624751081445,-10.349367847117442,127.40863934635854,22.08118682872253,-2.6537784370923987,-34.06970497299033,-1952.0503042082182,5.241601060955522,6
centroid,945,31.519880965005303,832.5731272294887,560.4650548289073,20.038660669337457,3.47289957970704,1261.5,-20.003803492556553,-9.553617639161747,127.91001282274996,22.168079848379296,-2.696033185850863,-34.111959721748796,-1954.471322976464,5.248326113089538,6
centroid,946,31.553235336396842,830.1526217228464,556.5116372391653,19.915173064399998,3.4514979472145773,1246.0,-20.42330121725027,-8.868450974962958,128.473185907013,22.265683355914717,-2.731928476128264,-34.1478550120262,-1956.527971613756,5.254039025970905,6
centroid,947,31.58658970778838,828.1762001352265,551.9851250845165,19.80699206647799,3.43274910224858,1232.5,-20.765834773471028,-8.083961311765403,128.57805336795494,22.283857931902595,-2.7703517604177343,-34.18627829631566,-1958.7294636385739,5.2601542815953986,6
centroid,948,31.619944079179923,826.7975517890771,547.8408662900188,19.859152776030417,3.441789072996677,1239.0,-21.00476827012094,-7.3657199650454785,128.43346152760975,22.258798725109788,-2.8043220149381205,-34.220248550836054,-1960.6758158515775,5.265560815520408,6
centroid,949,31.653298450571462,825.57446509009,543.8992117117117,19.413369239820483,3.3645303439283842,1184.0,-21.216741383142274,-6.682591947947041,128.3495790683052,22.244261059021685,-2.836461054375683,-34.252387590273614,-1962.517247168954,5.270675902513122,6
centroid,950,31.686652821963,823.9403208265361,538.9839586731919,19.75469363116845,3.423685262254336,1226.0,-21.49995486830105,-5.8307296157628565,128.53598849813943,22.276567670786182,-2.8767652123987175,-34.29269174829665,-1964.8265053205023,5.2770905084896444,6
centroid,951,31.720007193354544,822.6281089617055,534.394920384261,20.078333368379234,3.4797752537903315,1266.5,-21.72737426069737,-5.0354035504198675,128.68983201762913,22.303230285767928,-2.9138591323541756,-34.32978566825211,-1966.9518303795462,5.2829941892092105,6
centroid,952,31.753361564746083,821.7350497207465,529.5992371611496,19.734541944161457,3.420192774084003,1223.5,-21.882150326511287,-4.204263858761908,128.5695100270339,22.282377285786396,-2.9517736852405108,-34.36770022113844,-1969.1241742420589,5.28902847771619,6
centroid,953,31.78671593613762,820.9889949615487,524.484619464333,20.002887964817102,3.4666998135378457,1257.0,-22.011449050732967,-3.3178496446215258,128.44096517317206,22.260099181659736,-2.9919860062784545,-34.40791254217638,-1971.428170521958,5.295428467382577,6
centroid,954,31.82007030752916,820.3410119292472,520.294254764843,19.66991781010784,3.4089927676715406,1215.5,-22.123750967396514,-2.591617685120047,128.52710027044913,22.27502725235606,-3.0249822246516294,-34.44090876054956,-1973.318714574633,5.300679978640008,6
centroid,955,31.853424678920703,820.0010853344186,516.073667073667,19.774824782454758,3.4271741913796347,1228.5,-22.182663633656592,-1.8601477799865924,128.44338875958886,22.26051921333686,-3.0579324565159043,-34.47385899241384,-1975.2066237944337,5.305924170917232,6
centroid,956,31.886779050312242,819.2921624948707,511.1783613732731,19.694176710767803,3.413197076896411,1218.5,-22.305527026182514,-1.0117425202753092,128.83541193461932,22.328460736089525,-3.0962653440291565,-34.51219187992709,-1977.4029364654925,5.312025039447951,6
centroid,957,31.92013342170378,819.1606231533709,505.91847972065534,19.875174684869673,3.4445658294572072,1241.0,-22.328324104856964,-0.10015261503594998,128.8359195943304,22.328548718576293,-3.1371072321623847,-34.55303376806032,-1979.743004282872,5.318525227829561,6
centroid,958,31.953487793095324,819.5797451374915,501.0155600268276,19.887182645698207,3.446646928728396,1242.5,-22.25568608844873,0.7495722256110352,128.48831465787245,22.268305319197008,3.1079253475816992,-34.59118649549582,-1981.9289945418393,5.324597422993358,6
centroid,959,31.986842164486863,820.052624567013,496.41540101252326,19.95509127054853,3.458416170125953,1251.0,-22.17373137105834,1.5468256234795295,128.25355242852277,22.227618685439737,3.0719461084760207,-34.6271657346015,-1983.9904530926867,5.330323696745713,6
centroid,960,32.020196535878405,820.388843314192,492.41222313371617,19.69821695631462,3.4138972917108132,1219.0,-22.11546131174475,2.240616241635715,128.25964710246302,22.228674953167147,3.0406227157428036,-34.65848912733471,-1985.7851512963305,5.335308969533612,6
centroid,961,32.053550907269944,820.9811346362649,487.73764929424533,19.77080019204319,3.426476689756175,1228.0,-22.01281132343297,3.050766470250997,128.22811112240325,22.223209453566028,3.0038793862506097,-34.69523245682691,-1987.890389001492,5.341156852047949,6
centroid,962,32.08690527866148,821.6112695179904,483.1955193482688,19.766774782209744,3.425779046118738,1227.5,-21.903602669121454,3.837962852317291,128.3094470985845,22.237305788753098,2.968132930328869,-34.73097891274865,-1989.9385100583581,5.34684607720591,6
centroid,963,32.12025965005302,822.1883998354587,479.38955162484575,19.66991781010784,3.4089927676715406,1215.5,-21.803580233987425,4.497574985341726,128.4555158249551,22.262620954611315,2.938168960597584,-34.76094288247993,-1991.6553190614184,5.3516149911033,6
centroid,964,32.15361402144456,823.3108808290156,474.7252557459811,19.98298656901829,3.4632507033280486,1254.5,-21.6090430922553,5.305943940963846,128.38804576859843,22.250927721504052,2.9008134255657008,-34.798298417511816,-1993.7956335601984,5.357560309155467,6
centroid,965,32.1869683928361,824.8159303882195,470.40281124497994,19.907179817814963,3.4501126379285063,1245.0,-21.34820300579205,6.055066646245436,128.03824793742245,22.190304271617883,2.865217747362112,-34.83389409571541,-1995.8351156901701,5.363225537294277,6
centroid,966,32.22032276422764,825.3918243953732,465.8251840168243,20.090219901261573,3.4818353083884124,1268.0,-21.248394835555395,6.848415061044597,128.81407970390984,22.324763647931405,2.8298022996142596,-34.86930954346326,-1997.864271375688,5.368862080865161,6
centroid,967,32.253677135619185,827.3381088825215,461.4213398826579,19.71840576652941,3.417396213702991,1221.5,-20.91108433916326,7.611645133902934,128.4018931675474,22.253327613731553,2.792500079026156,-34.90661176405136,-2000.0015311818524,5.374798913660062,6
centroid,968,32.287031507010724,828.9201079622131,457.4251012145749,19.827070117316413,3.436228828537114,1235.0,-20.63690813399577,8.304233117691238,128.354133274999,22.245050348424495,2.75902147340305,-34.940090369674465,-2001.9197139880391,5.380127199232803,6
centroid,969,32.32038587840226,830.7637370055353,453.338193600648,19.82305613405485,3.43553316523845,1234.5,-20.317388848982553,9.012534933312404,128.24771717961863,22.22660737865626,2.724084341440555,-34.975027501636966,-2003.9214641977821,5.385687616482088,6
centroid,970,32.3537402497938,832.44261394838,449.502471169687,19.657777133417753,3.4068886674190284,1214.0,-20.026422744740522,9.677303853659506,128.33669537165937,22.242028186006635,2.6914534330072613,-35.007658410070256,-2005.7910775326875,5.390880986856826,6
centroid,971,32.38709462118534,834.2996007159576,445.6289412088668,19.629419686416576,3.4019740392711175,1210.5,-19.704588433003806,10.348625195684098,128.42189030532944,22.256793316981117,2.657997815082435,-35.041114027995086,-2007.7079432407825,5.396205613823756,6
centroid,972,32.42044899257688,836.7387131657204,441.698972695323,19.8110093045411,3.433445329636786,1233.0,-19.281865939648693,11.029727901307163,128.17282381442536,22.213627612154173,2.6219963151167214,-35.0771155279608,-2009.7706772449583,5.401935430502022,6
centroid,973,32.45380336396842,838.8427210884353,437.46136054421765,19.746635424171473,3.422288694681543,1225.0,-18.917220400155237,11.76414831499551,128.5374060971143,22.276813354814937,2.5852436144512057,-35.11386822862631,-2011.8764518787996,5.407784804484915,6
centroid,974,32.487157735359965,841.2769667477696,433.434036226007,19.8110093045411,3.433445329636786,1233.0,-18.495341370079046,12.462123751720155,128.6831183385734,22.302066738285607,2.5486692194910154,-35.1504426235865,-2013.972010348263,5.413605800233424,6
centroid,975,32.520512106751504,843.8882072256305,429.5325153374233,19.726475505261554,3.418794779840402,1222.5,-18.04278737419481,13.138296200456391,128.78331068211182,22.319431069839805,2.512206865424813,-35.1869049776527,-2016.0611493473682,5.419408964119827,6
centroid,976,32.55386647814304,847.013393467268,425.7222905562389,19.70225637334802,3.414597362935585,1219.5,-17.501161455966816,13.798646124012551,128.59397190201378,22.286616772483548,2.473939276126885,-35.22517256695063,-2018.2537207062796,5.425499440116804,6
centroid,977,32.58722084953458,849.798340693162,422.65101030376013,19.911176842213806,3.450805362087265,1245.5,-17.01850234965672,14.330929597144921,128.3752324678882,22.248707048806132,2.441714938675643,-35.25739690440187,-2020.100039239841,5.430628102710029,6
centroid,978,32.62057522092612,852.0127371273712,420.0821138211382,19.786893642157743,3.4292658450326248,1230.0,-16.63472538109726,14.776144956695376,128.380883771997,22.24968647612356,2.415295557205035,-35.28381628587248,-2021.613758295453,5.434832877864507,6
centroid,979,32.65392959231766,854.9398092167137,416.2626629047427,19.87117041874968,3.4438718502360093,1240.5,-16.127434619674048,15.43809386142226,128.81844983408067,22.325521035038456,2.378029423327074,-35.32108241975045,-2023.7489504854298,5.44076396728111,6
centroid,980,32.687283963709206,857.9040796834493,413.3039978168918,19.71840576652941,3.417396213702991,1221.5,-15.613697008765927,15.950860004311934,128.79112624983424,22.32078558560841,2.3455132006369084,-35.35359864244061,-2025.6119928112837,5.445939084852926,6
centroid,981,32.720638335100745,861.4608446084461,410.27005603389364,19.70225637334802,3.414597362935585,1219.5,-14.997274204020327,16.47667234860462,128.55586625872203,22.280012684777486,2.309225163568738,-35.38988667950878,-2027.691144182104,5.451714505327427,6
centroid,982,32.753992706492284,864.4935475013727,407.0190829214717,19.657777133417753,3.4068886674190284,1214.0,-14.471676571722606,17.040098385008598,128.99478343104155,22.356081404560097,2.274867534117775,-35.42424430895974,-2029.6596913437188,5.457182691887468,6
centroid,983,32.78734707788382,868.1214542548942,404.6052736715941,19.95907870015583,3.459107231411725,1251.5,-13.842924179163756,17.458435581676646,128.5590461392552,22.280563789761466,2.2411975751338975,-35.45791426794362,-2031.5888378898735,5.462541432293453,6
centroid,984,32.82070144927536,871.1632653061224,402.00236012772456,19.548171739670202,3.387892960462328,1200.5,-13.31574801226936,17.9095464369221,128.77090055522308,22.31728027118279,2.2101244484904425,-35.48898739458708,-2033.369196902819,5.46748687399608,6
centroid,985,32.8540558206669,874.5027685492801,399.7059800664452,19.576646877473273,3.392827985598998,1204.0,-12.736978822004112,18.307531985021527,128.68495215097025,22.30238455624796,2.178646335120585,-35.520465507956935,-2035.1727599459462,5.4724967713381,6
centroid,986,32.88741019205844,877.3303486636819,397.5276081942748,19.774824782454758,3.4271741913796347,1228.5,-12.246931011277908,18.68506553799407,128.90759731582617,22.34097118198164,2.1509859869339842,-35.548125856143535,-2036.7575811569009,5.476899052479641,6
centroid,987,32.920764563449985,881.7124075595727,394.57737606135305,19.682050997944124,3.4110955700310623,1217.0,-11.487476537303127,19.196370165759944,129.08100619570098,22.371024668887394,2.1100526657384746,-35.589059177339045,-2039.1028877028568,5.483413792885074,6
centroid,988,32.954118934841524,885.6725506294471,392.2092227695676,19.69013563619756,3.4124967184039874,1218.0,-10.80114428037784,19.60679472992796,129.16201674577553,22.385064604487294,2.074320904899593,-35.624790938177924,-2041.1501667934954,5.489100679247959,6
centroid,989,32.98747330623306,889.8805378627034,389.4792639773531,19.360007515014384,3.355282225268682,1177.5,-10.07185816016572,20.07992379272039,129.61932019876616,22.464319849929915,2.0357139004996494,-35.663397942577866,-2043.3621852052552,5.49524517483618,6
centroid,990,33.0208276776246,893.9085233441909,387.8659066232356,19.77080019204319,3.426476689756175,1228.0,-9.373768137256679,20.359534699331803,129.32778828282352,22.41379446377486,2.0022748192960655,-35.696837023781455,-2045.278103429016,5.500567169902182,6
centroid,991,33.05418204901614,897.7024099647981,386.03086921202276,19.794935460673933,3.4306595723183855,1231.0,-8.716249779738705,20.67756496888467,129.47656496760212,22.439578945810048,1.9697256564535706,-35.72938618662395,-2047.1430330865749,5.505747530062068,6
centroid,992,33.08753642040768,901.9374584165002,384.45894876912837,19.967051170495804,3.4604889399674916,1252.5,-7.982273680704258,20.949994445861353,129.3587764646846,22.419165024489324,1.9348304466283743,-35.76428139644914,-2049.142381334782,5.511301275195977,6
centroid,993,33.12089079179922,905.1560283687942,383.1546644844517,19.722441048627633,3.418095568302291,1222.0,-7.424463434848695,21.17603990961848,129.4781875179066,22.43986014994657,1.9080116164351595,-35.79110022664236,-2050.6789871163314,5.51556962458917,6
centroid,994,33.154245163190765,910.1048166392993,381.4352764094143,19.69013563619756,3.4124967184039874,1218.0,-6.566789112782107,21.474026996763865,129.5693384869402,22.455657521201577,1.8675670396511659,-35.831544803426354,-2052.996290670247,5.522006578905603,6
centroid,995,33.187599534582304,914.8929301185125,379.8279525950143,19.734541944161457,3.420192774084003,1223.5,-5.736961333174379,21.752592230817875,129.8044205238169,22.496399580790168,1.8286614734034827,-35.87045036967403,-2055.2254154158054,5.528198592087708,6
centroid,996,33.22095390597384,919.7246738828753,378.58992506244795,19.5522421554852,3.388598404084853,1201.0,-4.899571990373425,21.96715473918424,129.86515485630437,22.506925445829257,1.7902452034825638,-35.908866639594955,-2057.42650554691,5.534312731340777,6
centroid,997,33.25430827736538,923.5823512906845,377.773569023569,19.44613444328572,3.37020888019491,1188.0,-4.230998053756687,22.10863737572852,129.88200958062805,22.509846537512264,1.759883178876426,-35.93922866420109,-2059.1661214143137,5.539144997639121,6
centroid,998,33.28766264875692,928.5694620030902,376.8204804045512,19.433853965620603,3.368080551040305,1186.5,-3.366682070624733,22.273817130954146,129.97992847612764,22.526816857866372,1.7208105420714421,-35.97830130100608,-2061.404818597687,5.545363600926269,6
centroid,999,33.32101702014846,933.3230574324324,375.8786599099099,19.413369239820483,3.3645303439283842,1184.0,-2.5428366130327933,22.437044007938198,130.29070043955446,22.580676735977946,1.6836468825401987,-36.015464960537315,-2063.534139440088,5.551278381044049,6
centroid,1000,33.35437139154,937.365166949632,375.6464346349745,19.364117483750853,3.355994523806644,1178.0,-1.8422987539885205,22.477290962214667,130.12906929453146,22.552664447887413,1.6525761933946976,-36.046535649682816,-2065.3143587946884,5.556223434806828,6
centroid,1001,33.387725762931545,941.6142244361422,375.3814860938149,19.58071137391019,3.3935324033343157,1204.5,-1.1058947496214855,22.52320918461589,130.11567269746934,22.55034268411915,1.6198571562193982,-36.07925468685812,-2067.1890215345647,5.561430831306485,6
centroid,1002,33.421080134323084,946.4075450915599,375.1679746661159,19.629419686416576,3.4019740392711175,1210.5,-0.2751645144878837,22.560212842682372,130.18230575173587,22.561890856423446,1.5829926155775849,-36.11611922749993,-2069.301204127029,5.5672980051744405,6
centroid,1003,33.45443450571462,951.4999315537302,375.06255989048594,19.68609373209335,3.4117962161450612,1217.5,0.6073968051535416,22.57848227375969,130.32517062413106,22.586650762461247,1.5439012353509232,-36.155210607726595,-2071.540975229358,5.5735195915697995,6
centroid,1004,33.48778887710616,956.3715846994535,374.8657103825136,19.706294962377495,3.415297290659024,1220.0,1.451702841442152,22.612598255101133,130.74348704834983,22.659149167311075,1.5066854560143235,-36.19242638706319,-2073.6732823166353,5.579442666812236,6
centroid,1005,33.5211432484977,960.7915966386555,375.4303921568627,19.46249635988947,3.3730445633892123,1190.0,2.2177349560257036,22.514733276539673,130.53891458844166,22.623694721439755,1.472611558666596,-36.226500284410925,-2075.625572826222,5.584865696005533,6
centroid,1006,33.55449761988924,965.1670160726763,375.6491963661775,19.48292943256148,3.376585818499307,1192.5,2.976038745096024,22.47681232667648,130.82327540912863,22.672977285326873,1.4391571801033083,-36.25995466297421,-2077.5423675241314,5.590190125721947,6
centroid,1007,33.58785199128078,970.1640701754385,376.52912280701753,19.442041812609382,3.3694995865155426,1187.5,3.8420780168628728,22.324312305991835,130.70521390750227,22.652516050609467,1.4003630870721975,-36.29874875600532,-2079.765105324852,5.596364397390616,6
centroid,1008,33.621206362672325,974.7229776129652,377.19791237467376,19.653728574599526,3.4061870118318485,1213.5,4.632182105402905,22.208404409413706,130.90041843087477,22.686346939727454,1.3651665664403263,-36.33394527663719,-2081.781717410603,5.6019660976288135,6
centroid,1009,33.654560734063864,978.8665289256198,378.2060606060606,19.625365277680483,3.4012713698348773,1210.0,5.350300838469337,22.03368227469424,130.82899804798518,22.673969075666943,1.3325831240993466,-36.366528718978174,-2083.6486111387494,5.6071519135403305,6
centroid,1010,33.6879151054554,984.0254284134879,379.63571033720285,19.5928998042059,3.3956447797625477,1206.0,6.244389528268003,21.785909729795087,130.76655857377904,22.66314769257623,1.2916547556644087,-36.40745708741311,-2085.993633912428,5.613665865689438,6
centroid,1011,33.72126947684694,988.6426969442107,380.38337538547796,19.454317121722035,3.3716270199085008,1189.0,7.044608175828532,21.656331926429743,131.40214137857515,22.773300526244554,1.256301321369995,-36.44281052170752,-2088.0192364887907,5.619292539512668,6
centroid,1012,33.75462384823848,993.1678773204197,382.3027979553403,19.859152776030417,3.441789072996677,1239.0,7.828867028551276,21.323676867982893,131.06817638064038,22.715421064133633,1.2189305441320195,-36.480181298945496,-2090.1604243016504,5.625240283437278,6
centroid,1013,33.78797821963002,997.8712816235751,383.87545176535997,19.535955403674656,3.3857757476982324,1199.0,8.644013863819316,21.051120291175376,131.30651419935907,22.756727383159383,1.1811683189510178,-36.5179435241265,-2092.3240404295443,5.631250328236983,6
centroid,1014,33.82133259102156,1002.4325313071619,385.80146334599686,19.417467913832123,3.3652406849779815,1184.5,9.434523886942088,20.71732329150165,131.35076219677586,22.764396002044016,1.1434666449193462,-36.555645198158174,-2094.484187232137,5.637250736021963,6
centroid,1015,33.854686962413105,1006.1230323115161,387.6917978458989,19.601021213799942,3.3970523009752274,1207.0,10.074124486923406,20.389709485442193,131.22530128394902,22.742652375630264,1.1118968372097293,-36.58721500586779,-2096.293003973938,5.64227522697141,6
centroid,1016,33.888041333804644,1010.3268137050908,389.53932584269666,19.556311724091138,3.3893037008776066,1201.5,10.802681693207415,20.069514472938497,131.51106013048027,22.79217723132756,1.0770087048153125,-36.622103138262204,-2098.2919467152315,5.6478278456972255,6
centroid,1017,33.92139570519618,1014.8186535572852,391.86453639218894,19.710332723912007,3.415997074969341,1220.5,11.581162300879338,19.666532313935296,131.68972746067956,22.823142060075117,1.0385958862159221,-36.660515956861595,-2100.492839100178,5.653941435655411,6
centroid,1018,33.95475007658772,1018.7339312406576,394.66897676314716,19.758721502273858,3.4243833324547306,1226.5,12.259718939239244,19.18049485133594,131.34751346217666,22.763832963964262,1.002067659704373,-36.697044183373144,-2102.5857523123877,5.659755083467104,6
centroid,1019,33.98810444797926,1023.1495691976305,397.0341949380721,19.851136972363392,3.4403998543435153,1238.0,13.024992999115652,18.77057897216836,131.82734613040296,22.84699274691137,0.9641728916526553,-36.734938951424866,-2104.7569625873784,5.665786223119856,6
centroid,1020,34.0214588193708,1026.5289794786465,399.7477814753189,19.5603804460168,3.390008850932231,1202.0,13.610678476716298,18.30028738431172,131.5955551592003,22.806821061799628,0.9313128711183438,-36.767798971959174,-2106.6397030787075,5.671016057817992,6
centroid,1021,34.054813190762346,1030.350640501499,402.6952848187517,19.730509136937545,3.419493848405083,1223.0,14.273010414915918,17.789455682956735,131.59966282793962,22.807532961725165,0.8946363886217726,-36.80447545445575,-2108.741110733147,5.676853301302546,6
centroid,1022,34.088167562153885,1033.8802083333333,405.1063596491228,19.67396303746374,3.4096938458831008,1216.0,14.884719692396802,17.37159238843772,131.9967015544089,22.87634372952226,0.8623431928595106,-36.836768650218005,-2110.591374557314,5.6819929230363435,6
centroid,1023,34.121521933545424,1036.5839367122553,408.15339233038344,19.89118368841965,3.447340349302504,1243.0,15.35330276317899,16.843511261025046,131.50402651979118,22.79095823650505,0.831649501618664,-36.867462341458854,-2112.349993523092,5.68687797571906,6
centroid,1024,34.15487630493696,1040.184052506633,411.76539589442814,19.491096663870767,3.3780012810718527,1193.5,15.977238705580682,16.21751504967816,131.35864802147373,22.76576269404658,0.7928612390580672,-36.90625060401945,-2114.5723972624596,5.693051319439527,6
centroid,1025,34.1882306763285,1043.726600660066,414.47986798679864,20.046601490203663,3.474275803093615,1262.5,16.591197602143815,15.747069986294004,131.9854705368337,22.87439728225913,0.759301033397076,-36.93981080968044,-2116.4952554064253,5.698392592061653,6
centroid,1026,34.22158504772004,1046.8364261168383,417.9202749140893,19.6456289539899,3.404783266867296,1212.5,17.130161343284104,15.15081318206099,131.9541271740185,22.868965165145934,0.7241585881427147,-36.9749532549348,-2118.50876920127,5.703985685936222,6
centroid,1027,34.25493941911158,1050.5072937968641,421.641308793456,19.726475505261554,3.418794779840402,1222.5,17.76635929251278,14.505920930579219,132.3415688769985,22.93611267313778,0.6847107368099773,-37.01440110626754,-2120.7689645934956,5.710264006470182,6
centroid,1028,34.288293790503126,1053.178605539637,425.5774321189794,19.71840576652941,3.417396213702991,1221.5,18.229324237217785,13.82375153470725,132.00644546800027,22.878032446845967,0.6488078262982283,-37.050304016779286,-2122.826049838054,5.715978132149512,6
centroid,1029,34.321648161894664,1055.749218006256,429.0099279205766,19.750664938635243,3.422987049692318,1225.5,18.674836993894743,13.228865807391461,132.0503296552088,22.885638013796132,0.6163274690912065,-37.082784373986314,-2124.687037223094,5.7211475415524005,6
centroid,1030,34.3550025332862,1058.1309620048505,432.42980328752355,19.843117930641572,3.43901007450319,1237.0,19.08761696298449,12.63616732716348,132.0827763351417,22.89126134676041,0.5847708786276408,-37.11434096444987,-2126.495096672479,5.726169928911803,6
centroid,1031,34.38835690467774,1060.6900513652338,436.20938091376047,19.8110093045411,3.433445329636786,1233.0,19.531132650522785,11.981128860959327,132.20909274827275,22.913153239901963,0.5502414575130563,-37.148870385564464,-2128.473486771375,5.731665456964292,6
centroid,1032,34.42171127606928,1063.3245932499663,440.2732284523329,19.863159464818494,3.442483472090396,1239.5,19.987725012416927,11.276823586191266,132.4183551634017,22.949420501748552,0.5136703963678371,-37.18544144670968,-2130.568854227311,5.737485922119669,6
centroid,1033,34.45506564746082,1065.3060754000542,443.9499593165175,19.77884855394466,3.4278715510758095,1229.0,20.331135614542006,10.63960948872111,132.40332728034556,22.946816019861725,0.4821259852195589,-37.216985857857956,-2132.3762158533323,5.7425063710808395,6
centroid,1034,34.48842001885236,1067.7002812374449,448.53569037096554,19.903181990720164,3.4494197746545394,1244.5,20.74607534447762,9.844856600070656,132.49940697400004,22.963467588208385,0.44307350183406097,-37.25603834124345,-2134.6137583308264,5.748721766851657,6
centroid,1035,34.521774390243905,1069.7303102625299,452.6979581012993,20.002887964817102,3.4666998135378457,1257.0,21.097899603810415,9.123494125310895,132.62983547410215,22.98607214699906,0.4081522215849787,-37.29095962149254,-2136.6146003042923,5.7542796612223945,6
centroid,1036,34.555128761635444,1071.0772671817813,456.745018300122,19.78287150701259,3.428568768931301,1229.5,21.33134066037312,8.422098263807687,132.32805504446688,22.9337705912944,0.3760352653805101,-37.32307657769701,-2138.454766345615,5.759391233559403,6
centroid,1037,34.58848313302698,1072.4081659973226,460.63534136546184,19.907179817814963,3.4501126379285063,1245.0,21.5619986875435,7.74786650942617,132.20111374844356,22.91177039972065,0.3449620575433319,-37.35414978553418,-2140.235130010618,5.764336688184411,6
centroid,1038,34.62183750441852,1074.0465587044534,464.3194331983806,19.827070117316413,3.436228828537114,1235.0,21.845948470309988,7.109376682722165,132.55817302296606,22.973652330099213,0.3146228262052462,-37.38448901687227,-2141.9734399199615,5.769165326821476,6
centroid,1039,34.65519187581006,1075.5616913432038,468.91690009337066,19.94312419824553,3.4563421572436948,1249.5,22.108536054936753,6.31258985595786,132.66455284310004,22.992089013005767,0.2781267454846557,-37.42098509759286,-2144.06451131402,5.774973858471639,6
centroid,1040,34.6885462472016,1076.067615658363,473.02741531567153,20.062473702896245,3.477026615720201,1264.5,22.196217780301165,5.600196606555125,132.08585645920263,22.891795162953677,0.24714604331232276,-37.4519657997652,-2145.8395747948466,5.779904590362824,6
centroid,1041,34.72190061859314,1077.202457264957,477.12873931623926,19.931149940667517,3.454266899081675,1248.0,22.392897139446436,4.889396287469478,132.25132226526645,22.92047203601507,0.21497197866939363,-37.48413986440812,-2147.683012908667,5.785025251790103,6
centroid,1042,34.755254989984685,1077.8006613756613,481.29007936507935,20.026743534373637,3.470834221463288,1260.0,22.4965718729491,4.168194589156941,132.01467013951125,22.87945786437786,0.18320376543563904,-37.51590807764188,-2149.5031974496333,5.790081319959453,6
centroid,1043,34.788609361376224,1079.0270199024646,486.11453802556997,20.062473702896245,3.477026615720201,1264.5,22.709112026334825,3.332067827453269,132.43476497668405,22.952264485914544,0.14568864760763586,-37.55342319546988,-2151.6526553691137,5.796052036402455,6
centroid,1044,34.82196373276776,1079.452977848521,490.2676747579254,19.998909270006028,3.466010266079302,1256.5,22.782934783067034,2.6122878456337557,132.31903905058903,22.932208029710782,0.11416130189052597,-37.58495054118699,-2153.459039217954,5.8010697693159,6
centroid,1045,34.8553181041593,1079.6336276083466,494.1690743713215,19.915173064399998,3.4514979472145773,1246.0,22.814243186623802,1.9361364150960314,132.11156750179399,22.896251142845884,0.08466238799949287,-37.614449455078024,-2155.14920248413,5.8057646672775,6
centroid,1046,34.88867247555084,1079.8828828828828,498.3296237413884,20.010842981224172,3.4680784971531113,1258.0,22.857441609535414,1.2150717492940266,132.0738518222972,22.889714639751485,0.05310870617828578,-37.64600313689923,-2156.957095280584,5.810786591712094,6
centroid,1047,34.92202684694238,1080.1069877615475,503.03750493485984,20.078333368379234,3.4797752537903315,1266.5,22.896281218218252,0.39914902432189575,132.13181433211994,22.899760120301497,0.017431153697182965,-37.681680689380336,-2159.0012684611074,5.816464850546882,6
centroid,1048,34.95538121833392,1080.1074402363683,507.6258393768466,19.875174684869673,3.4445658294572072,1241.0,22.896359636613617,-0.39605505733183394,132.13195677592967,22.89978480723318,-0.01729600553540182,-37.71640784861292,-2160.990988119613,5.8219918495982865,6
centroid,1049,34.988735589725465,1080.0109772423025,512.2224899598393,19.907179817814963,3.4501126379285063,1245.0,22.879641638486067,-1.192700409092427,132.19498302672855,22.910707884554654,-0.05208218779457666,-37.75119403087209,-2162.9840895484367,5.82752824245613,6
centroid,1050,35.022089961117004,1079.6399628005845,516.7376112661086,19.98298656901829,3.4632507033280486,1254.5,22.81534113856896,-1.975215924755749,132.13713776262037,22.90068272385533,-0.08635870040542562,-37.785470543482944,-2164.9479890574657,5.832983518870099,6
centroid,1051,35.05544433250854,1078.9358103609002,520.5593288054334,19.95907870015583,3.459107231411725,1251.5,22.69330450387654,-2.637557657823233,131.82200485763158,22.846067051114183,-0.11570710119999265,-37.81481894427751,-2166.629528558453,5.8376544619283965,6
centroid,1052,35.08879870390008,1078.3725013506212,525.3541329011346,19.819041337834626,3.4348373610459495,1234.0,22.595677439008046,-3.468544987940471,131.90439754796128,22.860346525393357,-0.15231585183530003,-37.851427694912815,-2168.7270554631027,5.843480925552424,6
centroid,1053,35.12215307529162,1077.8268415474297,528.892819289878,20.010842981224172,3.4680784971531113,1258.0,22.50110915760257,-4.081834602200335,131.95055941333297,22.868346836666312,-0.1794544097821112,-37.87856625285963,-2170.281980295526,5.847800161198044,6
centroid,1054,35.15550744668316,1076.5837295298468,534.1246698362387,20.042631473036266,3.4735877595571933,1262.0,22.285665457315826,-4.988566437394722,131.77071255188315,22.837177583398983,-0.22021617773185045,-37.91932802080937,-2172.6174575645377,5.85428759805641,6
centroid,1055,35.1888618180747,1075.2678735406007,538.9185360094451,20.11001517643649,3.4852660268365945,1270.5,22.057614501844522,-5.819391216197209,131.6275025968423,22.812357871099934,-0.25794925222386017,-37.95706109530138,-2174.7794034809826,5.860293003379868,6
centroid,1056,35.222216189466245,1073.7856857257098,543.4446221511396,19.951103044013138,3.4577249707246014,1250.5,21.800736583488522,-6.6038070471045485,131.43496939735306,22.77898994903072,-0.29413050757455983,-37.993242350652075,-2176.8524367100626,5.866051429016202,6
centroid,1057,35.255570560857784,1073.0916833000665,547.8830339321357,19.967051170495804,3.4604889399674916,1252.5,21.680459047374537,-7.373028037625865,132.13242325960903,22.899865653503333,-0.32780763240868516,-38.0269194754862,-2178.7819938291937,5.871411309902677,6
centroid,1058,35.28892493224932,1071.190157480315,552.298031496063,20.106057680545288,3.484580153362112,1270.0,21.350905674063426,-8.138191111005938,131.84076217866496,22.8493178817664,-0.3641635186031351,-38.06327536168065,-2180.8650326685934,5.877197528901009,6
centroid,1059,35.32227930364086,1069.360798030833,556.410674957896,20.236246405285904,3.507143156693274,1286.5,21.033859451859513,-8.850953205527553,131.67288930294308,22.82022383954676,-0.39830400693848106,-38.097415850016,-2182.8211385607246,5.882631156379151,6
centroid,1060,35.3556336750324,1067.7456140350876,560.5712228332023,20.129790985302495,3.4886933715794597,1273.0,20.75393197005146,-9.572017612272656,131.87331936862535,22.854960367219675,-0.4321408012751232,-38.13125264435264,-2184.7598440684665,5.888016449456212,6
centroid,1061,35.38898804642394,1065.453515625,564.5885416666666,20.185060176161283,3.4982720731140358,1280.0,20.35668847477031,-10.26825899878587,131.5551737124869,22.799822554682155,-0.4671749335685974,-38.16628677664612,-2186.7671519877854,5.893592304787654,6
centroid,1062,35.422342417815486,1063.634188034188,568.5631821170282,20.08625850520586,3.481148758976555,1267.5,20.04138087364163,-10.957103796216318,131.79324662612132,22.84108296301702,-0.5003245643302813,-38.1994364074078,-2188.6664859228467,5.8988682323850465,6
centroid,1063,35.455696789207025,1060.9213749506125,572.6944554194653,20.070405102179357,3.4784012062525393,1265.5,19.571223333013727,-11.6730946277614,131.48708115185516,22.78802143538076,-0.5377990298013334,-38.23691087287885,-2190.813614633847,5.904832478804492,6
centroid,1064,35.489051160598564,1058.6264121542656,576.2211401116738,20.212638098894843,3.503051601938391,1283.5,19.17348341105017,-12.284304228414571,131.3899005895947,22.771179075534498,-0.5698042075294711,-38.26891605060699,-2192.647376240235,5.9099262610444585,6
centroid,1065,35.5224055319901,1055.727296796399,580.258538522637,20.018794836487846,3.469456632910725,1259.0,18.6710378297812,-12.984025605801794,131.22077726208906,22.741868317559952,-0.6076387508411143,-38.30675059391863,-2194.815135891797,5.915947815632131,6
centroid,1066,35.55575990338164,1053.0889063729346,583.7105953317597,20.113971893676243,3.485951765363021,1271.0,18.21377847777403,-13.582301450647641,131.09742079338528,22.720489412283563,-0.6407535445328075,-38.339865387610324,-2196.7124738097777,5.921218198737632,6
centroid,1067,35.58911427477318,1050.3300550747442,587.431812221348,20.113971893676243,3.485951765363021,1271.0,17.735642055781494,-14.227225419624514,131.19215071432012,22.736907051567396,-0.6760704470014853,-38.375182290079,-2198.735983266708,5.926839058340216,6
centroid,1068,35.62246864616472,1047.2228390166536,590.8702088289716,20.03468907863958,3.4722112634621065,1261.0,17.197130549435453,-14.82313381542635,131.001638751088,22.703889429883205,-0.7113931146848369,-38.410504957762356,-2200.7598230461076,5.932460835505215,6
centroid,1069,35.655823017556266,1044.0374647164485,593.9009494482935,20.33431931864807,3.524140169877757,1299.0,16.64507344088233,-15.348391366154276,130.64089497043344,22.641368937875765,-0.7448907415174055,-38.44400258459493,-2202.679095687318,5.937792148397466,6
centroid,1070,35.689177388947805,1041.138473642801,597.4349593495934,20.113971893676243,3.485951765363021,1271.0,16.142649399307015,-15.960870498538862,130.9848543324594,22.700980522877757,-0.7797359506964002,-38.478847793773916,-2204.6755791095243,5.943337935681373,6
centroid,1071,35.72253176033934,1037.621667986276,600.5820797044074,20.05057072130685,3.474963710397276,1263.0,15.533151933982595,-16.50629781715428,130.78163164273155,22.665760005629178,-0.8157621927587339,-38.51487403583625,-2206.7397307314127,5.949071690186618,6
centroid,1072,35.75588613173088,1034.1176935229068,604.2792259083728,20.074369626682653,3.4790882978555375,1266.0,14.925878242295239,-17.147050096447778,131.17136837997492,22.733305265928937,-0.8545415554870858,-38.553653398564606,-2208.9616245479547,5.955243617454791,6
centroid,1073,35.78924050312242,1030.3138269639064,607.1373407643312,19.994929783493642,3.465320581411032,1256.0,14.2666302620034,-17.64238988216512,130.91571882814418,22.68899865104305,-0.8907993769374021,-38.58991122001492,-2211.0390446913966,5.961014228964351,6
centroid,1074,35.82259487451396,1026.9012104646622,609.7192502928543,20.189002185802646,3.4989552626671,1280.5,13.675189815883083,-18.089860532245556,130.8474459556026,22.677166281890862,-0.9234924615139228,-38.62260430459144,-2212.9122204568953,5.966217494979626,6
centroid,1075,35.8559492459055,1023.15392575346,612.2808174880352,20.25196998683867,3.5098682100622174,1288.5,13.02574803365409,-18.53380565324595,130.70974531779723,22.653301389169194,-0.9581867975150757,-38.65729864059259,-2214.9000594827703,5.971739270051501,6
centroid,1076,35.889303617297045,1018.8066976984742,615.1238686320145,20.255898975135768,3.5105491428865623,1289.0,12.272330091498265,-19.026534747567094,130.63930511801289,22.641093400608366,-0.9979360924166306,-38.69704793549415,-2217.1775263192503,5.978065566819501,6
centroid,1077,35.922657988688584,1014.6673341342944,617.7251368308637,19.93514215902316,3.4549587903052554,1248.5,11.554937136973527,-19.477360448124625,130.67307200968352,22.646945539422735,-1.0353551089587973,-38.734466952036314,-2219.3214780406465,5.984020988267823,6
centroid,1078,35.95601236008012,1010.4108284409654,619.620221787345,20.165338568935375,3.49485412205552,1277.5,10.817242284143239,-19.80579755564768,130.2134293904617,22.5672848931624,-1.0709018762356293,-38.77001371931315,-2221.3581577809427,5.9896784319908685,6
centroid,1079,35.98936673147166,1006.218717549325,621.9428868120457,20.216574731145414,3.503733859536045,1284.0,10.090707692141264,-20.208338549838277,130.33060365667822,22.58759236114196,-1.1076817717844463,-38.80679361486197,-2223.465490566822,5.9955321341738665,6
centroid,1080,36.0227211028632,1002.5666535070403,623.8641926569286,20.078333368379234,3.4797752537903315,1266.5,9.457768600711805,-20.541319998613076,130.48325894929482,22.614049044565895,-1.1393056079926216,-38.838417451070136,-2225.277402913563,6.000565224025925,7
centroid,1081,36.05607547425474,997.9798542080847,625.434592445328,20.0068658683992,3.467389223868523,1257.5,8.662830574643111,-20.813485931012423,130.08085340932175,22.544308154508172,-1.1763923515895764,-38.875504194667094,-2227.402316797553,6.006467762592563,7
centroid,1082,36.08942984564628,993.981496167063,627.3153581813375,20.03468907863958,3.4722112634621065,1261.0,7.969875282404932,-21.139441374936347,130.355579837117,22.591920982100213,-1.2102607167296529,-38.90937255980717,-2229.342831179087,6.011858080319048,7
centroid,1083,36.122784217037825,989.8071743071743,628.500777000777,20.24017844581758,3.507824618500287,1287.0,7.246423706873614,-21.344886269070802,130.06408772078333,22.541402493613997,-1.2435130165335915,-38.94262485961111,-2231.2480476169567,6.017150348202018,7
centroid,1084,36.156138588429364,985.4440527484005,629.5538582060321,20.157444523391572,3.493486005298435,1276.5,6.490251262132223,-21.527395735919757,129.7356813603309,22.48448639877071,-1.2779749639176847,-38.9770868069952,-2233.222571755867,6.02263513747677,7
centroid,1085,36.1894929598209,980.7187987519501,630.9074362974518,20.2008235992402,3.5010040314164823,1282.0,5.67131765728346,-21.761984307599352,129.76078633778351,22.488837341534925,-1.3158601224105073,-39.01497196548802,-2235.3932314436897,6.028664747720721,7
centroid,1086,36.22284733121244,976.586323452938,631.7867914716588,20.2008235992402,3.5010040314164823,1282.0,4.955118507754008,-21.91438532208381,129.63830238470538,22.467609651911097,-1.3484231542662843,-39.0475349973438,-2237.258955737176,6.033847315202628,7
centroid,1087,36.25620170260398,972.0611548556429,633.1766404199475,20.106057680545288,3.484580153362112,1270.0,4.170861696434433,-22.15525999469872,130.08159596292964,22.544436846447983,-1.3847181057140752,-39.08382994879159,-2239.3385032727665,6.039623836134823,7
centroid,1088,36.28955607399552,967.5074393108849,633.9882537196554,20.16139193252045,3.494170130636491,1277.0,3.38165741464855,-22.295920667283156,130.11896446619568,22.550913180441974,-1.4202719887673705,-39.119383831844885,-2241.375590717022,6.045282412368866,7
centroid,1089,36.32291044538706,963.2910216718266,634.3384932920536,20.279456919490165,3.5146319693986325,1292.0,2.6509102211017423,-22.356620675325097,129.90156909328954,22.51323639596749,-1.4527735581623609,-39.15188540123988,-2243.237793470907,6.050455197796325,7
centroid,1090,36.356264816778605,959.5206677265501,635.0490196078431,20.010842981224172,3.4680784971531113,1258.0,1.99747031072222,-22.479761966262366,130.21946819419045,22.568331478025414,-1.482172697334643,-39.18128454041216,-2244.922240066796,6.055134216118239,7
centroid,1091,36.389619188170144,954.4168976897689,635.0085808580858,20.046601490203663,3.474275803093615,1262.5,1.1129361041631591,-22.47275352795636,129.82689748712397,22.500295062514738,-1.5213129568746735,-39.22042479995219,-2247.1648117474865,6.061363581897934,7
centroid,1092,36.42297355956168,949.8636009353079,635.0601454923357,20.208700699792736,3.502369211437724,1283.0,0.3238044029089967,-22.48169019291462,129.73300150915583,22.484021953857294,-1.5563942950906662,-39.25550613816819,-2249.174824366934,6.066946950285288,7
centroid,1093,36.45632793095322,945.3458656330748,635.0533591731265,20.263754666327017,3.511910612452148,1290.0,-0.4591641443033762,-22.480514056169852,129.73981487126397,22.485202777405945,-1.5912184714029451,-39.290330314480464,-2251.170102694647,6.072489390084492,7
centroid,1094,36.48968230234476,940.437596302003,634.811761684643,20.32649089898599,3.522783426739938,1298.0,-1.309816130394008,-22.43864280389117,129.69155808069573,22.47683939472045,-1.6291033942871143,-39.32821523736463,-2253.3407488830885,6.078518962830162,7
centroid,1095,36.5230366737363,935.962314225053,634.9846072186837,19.994929783493642,3.465320581411032,1256.0,-2.0854271106174784,-22.46859865735011,130.20123087887515,22.565170769546008,-1.6633463559274841,-39.362458199005005,-2255.30272606311,6.0839688994413335,7
centroid,1096,36.55639104512784,931.364980544747,633.9704280155642,20.22444569688304,3.505097976332729,1285.0,-2.882190849949537,-22.292831295130593,129.70041964127384,22.47837519147429,-1.6993708916883072,-39.39848273476582,-2257.366779921123,6.089702382380258,7
centroid,1097,36.589745416519385,927.1246332440362,633.1742569205255,20.392936676681035,3.53429914214818,1306.5,-3.6170852923203403,-22.15484691049727,129.52616257946332,22.44817470618693,-1.732632326067725,-39.43174416914524,-2259.2725197316154,6.0949961040760705,7
centroid,1098,36.623099787910924,923.8925652004671,632.5737641105488,20.22051059699233,3.504415984308309,1284.5,-4.177234891902684,-22.050775522603754,129.49601440964338,22.442949727929932,-1.75801492662744,-39.457126769704956,-2260.7268356167533,6.099035870423676,7
centroid,1099,36.65645415930246,918.8397212543554,631.6080784617369,20.27553249624694,3.513951827743614,1291.5,-5.052943099469071,-21.88341257658512,129.58981912528986,22.4592070199176,-1.797722067646793,-39.49683391072431,-2263.0018872136934,6.105355458192954,7
centroid,1100,36.689808530694,915.0394377196408,630.8656774697383,20.189002185802646,3.4989552626671,1280.5,-5.711570105947257,-21.75474708662894,129.77916187420692,22.49202200510974,-1.8275454671667584,-39.526657310244275,-2264.7106421369194,6.11010199964636,7
centroid,1101,36.72316290208554,910.789755966747,629.6382408152319,19.89118368841965,3.447340349302504,1243.0,-6.448082301899404,-21.54202008296871,129.74649315615392,22.486360190726636,-1.8616344704813672,-39.56074631355889,-2266.663798154654,6.115527433028956,7
centroid,1102,36.75651727347708,906.6442134975622,628.2580189889659,20.33431931864807,3.524140169877757,1299.0,-7.166546122234431,-21.302813886534807,129.6865462051298,22.475970786741417,-1.8953161251011164,-39.594427968178636,-2268.5936148113833,6.120888034853204,7
centroid,1103,36.789871644868626,902.6762608582911,626.5121223907688,20.228380031264564,3.505779835686779,1285.5,-7.854231855358706,-21.00023260816781,129.369040883622,22.420943950576344,-1.9286960481668027,-39.62780789124432,-2270.5061435235184,6.126200614609134,7
centroid,1104,36.823226016260165,898.9842877548369,624.808336579665,20.212638098894843,3.503051601938391,1283.5,-8.494087584783545,-20.704949548839036,129.1302234079594,22.37955450222242,-1.960102685058928,-39.659214528136445,-2272.305611266137,6.131199136116408,7
centroid,1105,36.856580387651704,895.4462732503679,623.5426200990231,19.911176842213806,3.450805362087265,1245.5,-9.107260754803308,-20.48558826985018,129.35653280401553,22.418776175737243,-1.989124794882926,-39.68823663796044,-2273.9684556716174,6.135818148353854,7
centroid,1106,36.88993475904324,891.9676400947119,621.6835043409629,20.082296327732614,3.4804620741372525,1267.0,-9.71014254533727,-20.163384982847397,129.13080383510385,22.379655096030522,-2.0195939934013865,-39.718705836478904,-2275.7142121518714,6.140667471910115,7
centroid,1107,36.92328913043478,887.5390737116763,619.292759295499,20.165338568935375,3.49485412205552,1277.5,-10.477657230282402,-19.749045042639555,128.9962939743265,22.356343196763977,-2.0585763461602533,-39.75768818923777,-2277.9477364404443,6.146871706045039,7
centroid,1108,36.95664350182632,883.3431486503938,616.6741573033707,20.26768137010699,3.5125911493469095,1290.5,-11.204852855891653,-19.295215222975123,128.74414609512755,22.312643456639428,-2.0969084606392703,-39.79602030371679,-2280.1440048199042,6.15297245154354,7
centroid,1109,36.98999787321786,879.6896781058791,614.8639265762171,19.971036212182124,3.4611795874027624,1253.0,-11.838035708173395,-18.981484198968886,129.07753541537056,22.370423148069726,-2.1284331075882523,-39.82754495066577,-2281.950234040721,6.157989754934698,7
centroid,1110,37.023352244609406,876.1990456714383,612.3593728698022,19.726475505261554,3.418794779840402,1222.5,-12.44299709329386,-18.54742008371235,128.87091449891776,22.33461368426631,-2.16170661105908,-39.8608184541366,-2283.8566653592134,6.163285397486065,7
centroid,1111,37.056706616000945,872.5104981473858,609.88719637711,19.661824858598802,3.407590178528578,1214.5,-13.082259135672412,-18.118967262233614,128.94936387894012,22.348209743574046,-2.1961485404828474,-39.89526038356036,-2285.8300425534826,6.168767000803479,7
centroid,1112,37.090060987392484,869.4071267118734,607.2939768647786,19.975020458847634,3.461870097053004,1253.5,-13.620104330613882,-17.669536479254983,128.7267804896963,22.309633824169538,-2.2274921890699257,-39.926604032147445,-2287.6259013320637,6.1737554974106486,7
centroid,1113,37.12341535878402,865.9814225053077,604.4221072186837,19.994929783493642,3.465320581411032,1256.0,-14.213813006832309,-17.171812851340164,128.6211987963266,22.291335464584588,-2.2622251009607686,-39.96133694403829,-2289.6159505936084,6.179283412026051,7
centroid,1114,37.15676973017556,861.9167970787688,600.9880020865936,20.16928443308995,3.495537979634134,1278.0,-14.918253097336631,-16.576648211012948,128.67760236896882,22.30111076578637,-2.3035870879912945,-40.002698931068814,-2291.9858178827326,6.185866376718063,7
centroid,1115,37.1901241015671,858.8353413654619,598.0751004016064,19.907179817814963,3.4501126379285063,1245.0,-15.452300079229225,-16.0718133218729,128.64360306814544,22.29521834814987,-2.3365449761630988,-40.035656819240614,-2293.874165776641,6.191111787534474,7
centroid,1116,37.22347847295864,855.4851607584501,594.6823303105249,19.649679181628848,3.4054852116777368,1213.0,-16.032919763050568,-15.483812456057091,128.60816883282337,22.28907724206559,-2.3736154509870686,-40.072727294064585,-2295.9981475286004,6.197011736845473,7
centroid,1117,37.256832844350185,851.929156753899,591.1208035950303,20.03468907863958,3.4722112634621065,1261.0,-16.649210692700336,-14.86656438556689,128.79028406245246,22.320639626142732,-2.4126979011203415,-40.111809744197856,-2298.2374069742673,6.203231901972326,7
centroid,1118,37.290187215741724,849.3452817379497,587.6555329260013,19.766774782209744,3.425779046118738,1227.5,-17.097021981337846,-14.26599844712287,128.48176547771934,22.267170281013744,-2.446216809646835,-40.14532865272435,-2300.1578989667205,6.208566601951362,7
centroid,1119,37.32354158713326,846.1830404685835,584.123136315229,19.963065333312567,3.459798154664678,1252.0,-17.645069905125418,-13.653798914063183,128.73388693155314,22.310865441359184,-2.4830311747308977,-40.182143017808414,-2302.2672067114913,6.214425790131282,7
centroid,1120,37.3568959585248,843.8503863575805,580.7757793764988,19.95509127054853,3.458416170125953,1251.0,-18.049342107513677,-13.073668600092962,128.59478407126994,22.28675752950893,-2.514724178554419,-40.213836021631934,-2304.083082070671,6.219469888351225,7
centroid,1121,37.39025032991634,841.2865612648221,576.9189723320158,20.066439794405365,3.477713978900924,1265.0,-18.493678544664267,-12.405245506113838,128.49205106453016,22.268952875704166,-2.5507456799990185,-40.249857523076535,-2306.146962075171,6.225202888363724,7
centroid,1122,37.42360470130788,838.4622666666666,572.9849333333333,19.947114020071634,3.457033633124824,1250.0,-18.98315694268475,-11.723437344853767,128.73705677596982,22.311414806984164,-2.5883537623065456,-40.287465605384064,-2308.301746466973,6.231188400563174,7
centroid,1123,37.45695907269942,836.9612214565599,569.3727874611538,19.815025728161594,3.4341414158739707,1233.5,-19.24330303554601,-11.097416470089025,128.1743968996907,22.213900243506487,-2.618489375793763,-40.31760121887128,-2310.028389932828,6.235984632412771,7
centroid,1124,37.490313444090965,835.2679393447062,565.710127267804,19.794935460673933,3.4306595723183855,1231.0,-19.53676569912514,-10.462640960089077,127.87464901714456,22.161950948466753,-2.649922032844692,-40.34903387592221,-2311.829348520728,6.240987295156939,7
centroid,1125,37.523667815482504,832.5322001105583,561.6086235489221,19.5928998042059,3.3956447797625477,1206.0,-20.010896570106873,-9.751809494028693,128.4437846018907,22.26058781675235,-2.688136390855545,-40.387248233933065,-2314.0188699515525,6.247069299131451,7
centroid,1126,37.55702218687404,830.2393988191089,556.8446054750402,19.88318079785697,3.4459533686190045,1242.0,-20.408261881732233,-8.926157688276144,128.52666056010375,22.274951046171484,-2.7292832624142975,-40.428395105491816,-2316.3764120320357,6.253618027132793,7
centroid,1127,37.59037655826558,828.1653343991472,552.1398880895284,19.95509127054853,3.458416170125953,1251.0,-20.767717913810873,-8.11078328275084,128.6443990856027,22.295356305907546,-2.7692613245527253,-40.46837316763024,-2318.666986265679,6.2599807333373585,7
centroid,1128,37.62373092965712,826.3730256832853,548.1987364373025,19.653728574599526,3.4061870118318485,1213.5,-21.078342874667005,-7.427742427753934,128.95264502405837,22.348778398719723,-2.802792560370755,-40.50190440344827,-2320.58818455991,6.265317395265778,7
centroid,1129,37.65708530104866,825.4218897425528,544.2044749966302,19.839107194283145,3.4383149739251953,1236.5,-21.243184211287293,-6.735497117179019,128.58704739021786,22.285416685586398,-2.8345531946451406,-40.533665037722656,-2322.407934858491,6.27037225720628,7
centroid,1130,37.6904396724402,823.8289509723363,539.7391125718981,19.682050997944124,3.4110955700310623,1217.0,-21.51925637383701,-5.96160531153448,128.84303158272152,22.329781297035602,-2.871334723348755,-40.57044656642627,-2324.515361217247,6.276226219313936,7
centroid,1131,37.723794043831745,822.5794219040042,534.8638292230177,20.002887964817102,3.4666998135378457,1257.0,-21.735812212964642,-5.116670124863673,128.84389889198084,22.329931610373,-2.9103990484608593,-40.60951089153838,-2326.753582175698,6.282443499754077,7
centroid,1132,37.757148415223284,821.4381374127751,529.9973161567364,19.88318079785697,3.4459533686190045,1242.0,-21.933608188220656,-4.2732549155633635,128.93663426119258,22.346003573967465,-2.9491762272290405,-40.648288070306556,-2328.975350860539,6.288615079434192,7
centroid,1133,37.79050278661482,820.9073850690255,525.5900013403029,19.89518392650703,3.448033630425511,1243.5,-22.025592858351672,-3.5094233388827285,128.69095890982626,22.303425587415198,-2.9835869442900056,-40.68269878736752,-2330.946939718151,6.29409171514978,7
centroid,1134,37.82385715800636,820.092762894842,520.7827535652405,19.951103044013138,3.4577249707246014,1250.5,-22.16677499886622,-2.6762793951306194,128.83130648319496,22.327749220446766,-3.021440388718314,-40.72055223179583,-2333.115782323926,6.3001162779436,7
centroid,1135,37.8572115293979,819.5032,516.6636,19.947114020071634,3.457033633124824,1250.0,-22.26895212355005,-1.9623890348151658,128.98998581203207,22.355249929377372,-3.0536975024043334,-40.75280934548185,-2334.963978797409,6.305250157036608,7
centroid,1136,37.89056590078944,819.0361267794789,512.1681439699167,19.875174684869673,3.4445658294572072,1241.0,-22.34990056706166,-1.1832817074798139,129.1397305146047,22.381202178542587,-3.0886985489859633,-40.78781039206348,-2336.969391045077,6.310820746613463,7
centroid,1137,37.92392027218098,818.6998003992016,507.043246839654,19.967051170495804,3.4604889399674916,1252.5,-22.40818928026376,-0.295085965088424,129.30665664479383,22.410132140327057,-3.1284247485061076,-40.82753659158362,-2339.2455346136758,6.317143367637349,7
centroid,1138,37.957274643572525,818.9564386180526,502.31653693841315,19.710332723912007,3.415997074969341,1220.5,-22.363711319531177,0.5240999625686442,129.07423811302536,22.36985169271561,3.118161656862548,-40.864135493394556,-2341.342497222256,6.322968263772294,7
centroid,1139,37.990629014964064,819.2728254997298,497.30037817396,19.819041337834626,3.4348373610459495,1234.0,-22.30887832013402,1.393450262584936,128.97327965547026,22.352354585967976,3.079212003694187,-40.903085146562915,-2343.574147962301,6.329167293605753,7
centroid,1140,38.0239833863556,819.6634434595755,493.29774375503627,19.875174684869673,3.4445658294572072,1241.0,-22.241180335175876,2.087146693727743,128.89562472782453,22.338896213173847,3.0480251271942933,-40.93427202306281,-2345.361024361941,6.334130839160308,7
centroid,1141,38.05733775774714,820.0679940403629,488.45455776784496,19.790914959878798,3.4299627794662064,1230.5,-22.171067688169654,2.926519087766881,129.03689527795464,22.36337980727565,3.010354134848029,-40.971943015409074,-2347.519413233452,6.340126363803393,7
centroid,1142,38.09069212913868,820.685606060606,484.4237012987013,19.802974013476614,3.4320527336234523,1232.0,-22.06402937054365,3.625106681446178,129.0165151624078,22.359847730163068,2.9787481477769666,-41.003549002480135,-2349.3303028999685,6.345156612877052,7
centroid,1143,38.12404650053022,821.2514691813584,480.60940276069425,19.70225637334802,3.414597362935585,1219.5,-21.96595965287835,4.286162627654774,129.13410539804445,22.38022728978828,2.9488865568754954,-41.03341059338161,-2351.041246028169,6.349909232677608,7
centroid,1144,38.157400871921766,821.8913510609723,475.8795326349718,19.875174684869673,3.4445658294572072,1241.0,-21.855061746703733,5.105896253706219,129.499601889508,22.44357147393979,2.9120838078412703,-41.07021334241583,-2353.1498882223095,6.355766572105776,7
centroid,1145,38.190755243313305,823.2939653998093,471.1898923852336,19.734541944161457,3.420192774084003,1223.5,-21.611974704699385,5.9186576413579575,129.29300165153145,22.40776559392237,2.8742865034128475,-41.10801064684426,-2355.315514243029,6.361782199941109,7
centroid,1146,38.224109614704844,824.5519392459994,466.8051261187958,19.77884855394466,3.4278715510758095,1229.0,-21.393955301416554,6.678581329627534,129.31833889557458,22.41215679080126,2.83900716336194,-41.14328998689516,-2357.336871531953,6.36739708129923,7
centroid,1147,38.25746398609638,825.847211102215,462.39431545236187,19.93913357805586,3.4556505429982036,1249.0,-21.169471781320773,7.443018771949479,129.47789700850643,22.439809801772583,2.8035001982604757,-41.17879695199663,-2359.3712707755853,6.37304819030932,7
centroid,1148,38.29081835748792,827.5709248711689,457.8473013289937,19.77884855394466,3.4278715510758095,1229.0,-20.870735008314025,8.231061630628687,129.45126707613352,22.435194569124473,2.7659379372086073,-41.2163592130485,-2361.523429802826,6.379026409829432,7
centroid,1149,38.32417272887946,829.4725435447414,454.2595399547932,19.975020458847634,3.461870097053004,1253.5,-20.54116554251044,8.852856428901603,129.0616352253863,22.3676674866997,2.7346667930327686,-41.24763035722434,-2363.3151343846466,6.384003367001157,7
centroid,1150,38.357527100271,831.0837004405287,450.236684020825,19.93514215902316,3.4549587903052554,1248.5,-20.261935997255268,9.550057450109472,129.24686077214088,22.399768919729066,2.7011429979555843,-41.28115415230152,-2365.2359063558306,6.38933884469889,7
centroid,1151,38.390881471662546,833.0364500792393,446.59759640781823,20.042631473036266,3.4735877595571933,1262.0,-19.923505025672,10.180747597034657,129.0978899642686,22.3739507942273,2.669190325229318,-41.31310682502779,-2367.066659647209,6.394424270508274,7
centroid,1152,38.424235843054085,834.775615567911,442.3174477098226,20.018794836487846,3.469456632910725,1259.0,-19.622090315661413,10.922540018176749,129.57855681027274,22.457255148495907,2.633661973764544,-41.34863517649256,-2369.102284239197,6.4000787832637975,7
centroid,1153,38.457590214445624,837.4555827220864,438.6075794621027,19.762748552453708,3.4250812603805456,1227.0,-19.157625301908965,11.565497154428355,129.12131162672202,22.37801000172788,2.598455522697828,-41.38384162755928,-2371.1194652969543,6.40568206397979,7
centroid,1154,38.49094458583716,839.5986842105264,434.3511513157895,19.67396303746374,3.4096938458831008,1216.0,-18.786204457907086,12.303178567588049,129.57359431181413,22.45639509806162,2.5617770276792333,-41.42052012257787,-2373.220988260411,6.411519627767169,7
centroid,1155,38.5242989572287,841.7989997296567,430.90646120573126,19.8110093045411,3.433445329636786,1233.0,-18.404867852247445,12.900177690076694,129.6845543440801,22.47562557737257,2.5302554190653166,-41.452041731191784,-2375.0270433974515,6.416536447592282,7
centroid,1156,38.55765332862024,844.9181028724114,426.8102872411489,19.927156922508512,3.4535748692442025,1247.5,-17.864296195674054,13.61008545660585,129.5835920711927,22.458127809389826,2.490544510676105,-41.491752639581,-2377.3023108487846,6.422856634957096,7
centroid,1157,38.59100770001178,847.6783673469388,423.70775510204084,19.746635424171473,3.422288694681543,1225.0,-17.38591485613998,14.147785193116846,129.33444000257703,22.41494727309268,2.4585237225618015,-41.5237734276953,-2379.1369668644165,6.427952901667185,7
centroid,1158,38.624362071403326,850.1470099667774,420.9389534883721,19.576646877473273,3.392827985598998,1204.0,-16.9580744900419,14.627646103936906,129.22041277386978,22.395185218073777,2.4298421203283227,-41.55245502992878,-2380.780301622068,6.4325177204384385,7
centroid,1159,38.657716442794865,853.6598269123394,417.5963149078727,19.495178996445407,3.3787087899875754,1194.0,-16.349268308074976,15.206958679407187,128.834120840867,22.328236976676468,2.392377873823645,-41.589919276433456,-2382.9268448294238,6.438480340458871,7
centroid,1160,38.6910708141864,856.2559989030577,414.02481831893596,19.66991781010784,3.4089927676715406,1215.5,-15.899325831170364,15.825934628314933,129.43979781288763,22.433206831512493,2.3585078225613976,-41.623789327695704,-2384.867455818642,6.443870926540034,7
centroid,1161,38.72442518557794,859.0997011681608,411.11681608258624,19.762748552453708,3.4250812603805456,1227.0,-15.40648389107004,16.329920394182984,129.53972034998057,22.45052440292106,2.3271056236303576,-41.655191526626744,-2386.666669284821,6.448868741723865,7
centroid,1162,38.75777955696948,862.5871424752738,407.8839882384389,19.923163104065253,3.4528827007094938,1247.0,-14.802075560115139,16.890201674776957,129.58524263642818,22.458413868793055,2.290402047756982,-41.69189510250012,-2388.7696292754035,6.45471029725326,7
centroid,1163,38.79113392836102,865.7948819941658,405.09281357730043,20.002887964817102,3.4666998135378457,1257.0,-14.246142336293644,17.37394005767145,129.63995640392415,22.467896309924047,2.257597163683567,-41.72469998657353,-2390.649210680226,6.4599313567111,7
centroid,1164,38.82448829975256,868.973968762515,402.5497263382726,19.93514215902316,3.4549587903052554,1248.5,-13.695174919666536,17.814682418117346,129.65464018698532,22.470441155852782,2.2261947005175955,-41.75610244973951,-2392.4484392859513,6.464929213949225,7
centroid,1165,38.857842671144105,872.3348148148148,400.25319865319864,19.847127856504603,3.439705034614256,1237.5,-13.112706807895385,18.21269355089145,129.49078157822623,22.442042826100057,2.1948037382293553,-41.78749341202775,-2394.247008939922,6.469925240765812,7
centroid,1166,38.891197042535644,875.106529209622,398.0775839280994,20.03468907863958,3.4722112634621065,1261.0,-12.632341083078103,18.589749262801536,129.6846921784002,22.47564946543376,2.167653319763933,-41.81464383049317,-2395.8026133300045,6.474246364071596,7
centroid,1167,38.92455141392718,879.330120145292,395.2306510198379,19.48701347608869,3.37729362394016,1193.0,-11.900350685746432,19.083151105554645,129.76555818193543,22.489664349677987,2.128391951610905,-41.853905198646196,-2398.0521240230823,6.480495004885701,7
centroid,1168,38.95790578531872,883.3566984653671,393.1902391815291,19.588837836751818,3.3949408003251573,1205.5,-11.202504537932562,19.4367748098841,129.4443701494708,22.433999263005795,2.0936491858743627,-41.88864796438274,-2400.042737868398,6.486024487789355,7
centroid,1169,38.99126015671026,887.2166325835037,390.62208588957054,19.726475505261554,3.418794779840402,1222.5,-10.533539490927915,19.881861367086675,129.82440840735393,22.499863680186852,2.058003832732698,-41.9242933175244,-2402.0850661626687,6.491697621940107,7
centroid,1170,39.0246145281018,891.8217343275338,387.95967964650646,19.601021213799942,3.3970523009752274,1207.0,-9.735429468743531,20.34328289994865,130.12971816812336,22.552776904146928,2.0171432139006136,-41.96515393635649,-2404.42620717004,6.4982007914050275,7
centroid,1171,39.05796889949334,895.0619322873658,386.1271676300578,19.633473257897354,3.402676563602669,1211.0,-9.17387087365803,20.66087549342327,130.43687293411404,22.606009885897365,1.988667337476763,-41.99362981278034,-2406.057754707063,6.502732867896758,7
centroid,1172,39.091323270884885,900.284556141062,385.0975543845426,19.815025728161594,3.4341414158739707,1233.5,-8.268738116246599,20.839317728990537,129.36266693818845,22.419839282316197,1.9485284742993765,-42.033768675957724,-2408.35754216158,6.509121166381528,7
centroid,1173,39.124677642276424,903.5529460238978,383.2641120725175,19.653728574599526,3.4061870118318485,1213.5,-7.70229357997139,21.157071551958968,129.91453564723403,22.515483628978075,1.9199351845384816,-42.06236196571862,-2409.9958169872743,6.513671929786234,7
centroid,1174,39.15803201366796,907.3975351103468,381.87933505302374,19.24043652393959,3.3345593809877654,1163.0,-7.035987979871798,21.397067208771837,129.96483255854153,22.524200584917534,1.8884880143016316,-42.093809135955475,-2411.7976071194753,6.518676902375681,7
centroid,1175,39.1913863850595,912.0900422285791,380.3292466966353,19.734541944161457,3.420192774084003,1223.5,-6.2227297353416136,21.66571296759979,130.06545171799527,22.54163888792309,1.8504833989892937,-42.13181375126781,-2413.9751111788905,6.524725524762946,7
centroid,1176,39.22474075645104,917.4226334137838,379.03687315634215,19.89118368841965,3.447340349302504,1243.0,-5.298538543552786,21.88969418066442,129.95120492219166,22.521838779738395,1.808284713072513,-42.174012437184594,-2416.39291778292,6.531441654218583,7
centroid,1177,39.25809512784258,921.9786910197869,377.8522208385222,19.58071137391019,3.3935324033343157,1204.5,-4.508928359214445,22.09500623243,130.11590044775,22.550382155512324,1.7721022866143463,-42.210194863642755,-2418.466018111515,6.537200266242459,7
centroid,1178,39.29144949923412,926.6546151739249,377.036017529444,19.682050997944124,3.4110955700310623,1217.0,-3.6985441076114296,22.236462399377853,130.06724411802549,22.54194952870963,1.7356153758841926,-42.24668177437291,-2420.556564103824,6.543007338443316,7
centroid,1179,39.324803870625665,931.6315273694526,376.3247935041299,19.46658469022758,3.373753111777112,1190.5,-2.835995629082878,22.359724610328428,130.0494105675885,22.538858796707164,1.6969576788051683,-42.285339471451934,-2422.771486992147,6.549159902021992,7
centroid,1180,39.358158242017204,935.1718983557548,375.50958010599265,19.758721502273858,3.4243833324547306,1226.5,-2.2224140572790247,22.50100921584573,130.4627592048395,22.610496234571364,1.6692465422294318,-42.31305060802767,-2424.3592181634476,6.553570266386715,7
centroid,1181,39.39151261340874,940.0033528918692,375.3950824252584,19.48701347608869,3.37729362394016,1193.0,-1.3850748406156925,22.520852804888975,130.19104214052777,22.563404959659398,1.632220841453316,-42.350076308803786,-2426.480634551433,6.559463089686675,7
centroid,1182,39.42486698480028,944.6398577485978,375.1905348105594,19.694176710767803,3.413197076896411,1218.5,-0.581522346067921,22.556302944837956,130.19330878398222,22.563797791557207,1.5965715418818565,-42.385725608375246,-2428.523188959475,6.5651368519312365,7
centroid,1183,39.45822135619182,949.3505483826183,375.1019019852839,19.548171739670202,3.387892960462328,1200.5,0.2348872829474933,22.571663896686328,130.2457479189643,22.572886016206777,1.5603904122882375,-42.42190673796887,-2430.5962149832058,6.57089525755271,7
centroid,1184,39.49157572758336,953.8050440352282,374.40712570056047,19.93913357805586,3.4556505429982036,1249.0,1.0068957686956241,22.692075550290436,131.06230572639163,22.71440362125112,1.5264532817968757,-42.45584386846023,-2432.540669329145,6.576296519624764,7
centroid,1185,39.524930098974906,958.856578050443,375.19700068166327,19.726475505261554,3.418794779840402,1222.5,1.882376952184083,22.55518234494311,130.59603558243853,22.633594358911424,1.4875327623217334,-42.49476438793537,-2434.7706508315277,6.5824909126869375,7
centroid,1186,39.558284470366445,963.4919596620331,375.67988552739166,19.730509136937545,3.419493848405083,1223.0,2.685734777156189,22.47149358921987,130.58349259855595,22.63142053481345,1.4518431644231957,-42.53045398583391,-2436.815514163633,6.588171088609452,7
centroid,1187,39.591638841757984,967.740177960301,376.00506502395615,19.68609373209335,3.4117962161450612,1217.5,3.4219933418383115,22.41513674204414,130.83402641513302,22.67484054180146,1.4193016356201047,-42.562995514637,-2438.6800064229537,6.593350233774232,7
centroid,1188,39.62499321314952,972.497881645483,377.3274566078994,19.70225637334802,3.414597362935585,1219.5,4.2465508011061335,22.18595310288446,130.33703830737298,22.588707550228804,1.381676577168139,-42.60062057308897,-2440.835763476184,6.599338447810983,7
centroid,1189,39.65834758454106,976.8330564784053,377.859219269103,19.576646877473273,3.392827985598998,1204.0,4.997879799767717,22.093793334670828,130.70241490440765,22.65203095548104,1.3483286445970537,-42.63396850566005,-2442.746459267994,6.604645936121567,7
centroid,1190,39.6917019559326,982.0125189159443,379.20264135369376,19.637525992641294,3.403378942919388,1211.5,5.895532253654609,21.860964900179518,130.64439896472007,22.64197621500302,1.307379906160399,-42.674917244096704,-2445.0926491567993,6.611163130257137,7
centroid,1191,39.72505632732414,986.7231161169213,380.10632877447034,19.89118368841965,3.447340349302504,1243.0,6.711925689792541,21.704346864893164,131.08573576957764,22.71846428121617,1.2708810837213653,-42.71141606653574,-2447.1838776397535,6.616972098265343,7
centroid,1192,39.758410698715686,991.5713514243283,381.72931011205617,19.82305613405485,3.43553316523845,1234.5,7.552173181341647,21.423068026043474,131.06726311093564,22.715262785393048,1.2318735832684955,-42.75042356698861,-2449.4188427850577,6.623180334780077,7
centroid,1193,39.791765070107225,996.1365731043151,383.8166457198715,19.491096663870767,3.3780012810718527,1193.5,8.343371591021569,21.061311964862117,130.7121201249236,22.653712966909197,1.1936160706111012,-42.788681079646004,-2451.6108367949946,6.6292692070299015,7
centroid,1194,39.825119441498764,1000.2850102669405,384.9971252566735,19.68609373209335,3.4117962161450612,1217.5,9.062337090575552,20.856723097628805,131.21269323806138,22.740467275638473,1.1609030233164814,-42.821394126940625,-2453.4851563399884,6.634475650210439,7
centroid,1195,39.8584738128903,1004.3397282174261,386.8282707167599,19.95509127054853,3.458416170125953,1251.0,9.765060116751615,20.539367341989532,131.2245113359783,22.74251546977509,1.1269960676820463,-42.85530108257506,-2455.427881793979,6.639872109804858,7
centroid,1196,39.89182818428184,1008.0579888115705,389.3584390776368,19.71840576652941,3.417396213702991,1221.5,10.409471730268502,20.100863951864117,130.61161600923285,22.636294602134186,1.092961515442467,-42.889335634814636,-2457.377917994924,6.645288877029705,7
centroid,1197,39.92518255567338,1012.6633893213162,390.8392735217807,19.710332723912007,3.415997074969341,1220.5,11.207633531528622,19.844220586144946,131.50103434817092,22.7904396633462,1.0566760069083498,-42.92562114334876,-2459.456924491415,6.651063895075514,7
centroid,1198,39.95853692706492,1017.2994760177348,393.51215907564153,19.87117041874968,3.4438718502360093,1240.5,12.011113554727693,19.38098288429532,131.56244148398187,22.801082131905744,1.0159905449439515,-42.96630660531315,-2461.788029749515,6.6575391874591245,7
centroid,1199,39.991891298456466,1021.5309862869198,396.3607594936709,20.0585068271871,3.476339116629799,1264.0,12.744476451473837,18.887292045482656,131.4690467425337,22.784895892532045,0.9772083810490169,-43.005088769208086,-2464.0100840610794,6.663711560546804,7
centroid,1200,40.025245669848005,1025.0293398533008,399.17060581363756,19.762748552453708,3.4250812603805456,1227.0,13.350775985700798,18.40031767804974,131.17285847719236,22.733563514625573,0.9431125715748078,-43.039184578682296,-2465.963630043034,6.6691380771633435,7
centroid,1201,40.05860004123954,1028.8044265593562,401.8504359490275,19.887182645698207,3.446646928728396,1242.5,14.005036130685372,17.93587641101821,131.30246472001735,22.75602556803631,0.9078484587883056,-43.074448691468795,-2467.9841148739733,6.674750535027065,7
centroid,1202,40.09195441263108,1032.1718791766907,404.87583533814484,19.923163104065253,3.4528827007094938,1247.0,14.588649226011619,17.411544548710218,131.06820377470888,22.715425811798685,0.8733853446299966,-43.10891180562711,-2469.9587058641223,6.680235509999701,7
centroid,1203,40.12530878402262,1034.764587525151,406.8446680080483,19.887182645698207,3.446646928728396,1242.5,15.037991419197645,17.070326227553466,131.26449169502524,22.749444464403116,0.8486100455684271,-43.133687104688676,-2471.378225936525,6.68417862131193,7
centroid,1204,40.15866315541416,1038.294708994709,410.3960317460317,20.026743534373637,3.470834221463288,1260.0,15.649796647613053,16.454839502340246,131.02848391690068,22.708541964631234,0.8104685046875706,-43.17182864556953,-2473.5635752531234,6.690249036080259,7
centroid,1205,40.1920175268057,1041.9488521949254,413.31668680359775,19.879178144409696,3.445259668890059,1241.5,16.28309607783093,15.948660876469754,131.51304217206427,22.792520738885155,0.7750225825440419,-43.207274567713064,-2475.594476992897,6.695890429801852,7
centroid,1206,40.225371898197245,1044.9931285367825,416.90635947184046,19.843117930641572,3.43901007450319,1237.0,16.81069950415798,15.326534831893236,131.2600612021963,22.7486766158459,0.7392488628707811,-43.24304828738632,-2477.644160147659,6.701583994120636,7
centroid,1207,40.258726269588784,1048.4951179820994,420.4700298345538,19.77884855394466,3.4278715510758095,1229.0,17.417629172436136,14.70891524597852,131.54177096389049,22.797499724791702,0.7012832168030488,-43.281013933454055,-2479.8194314338275,6.707626414359993,7
centroid,1208,40.29208064098032,1051.7833789240588,424.46541617819463,20.181117396520943,3.4975887501124756,1279.5,17.987517561273023,14.016474978509478,131.57800523974248,22.80377948587224,0.661949511579985,-43.32034763867712,-2482.0730867357206,6.713886567976362,7
centroid,1209,40.32543501237186,1054.2178045515393,427.8737617135207,19.907179817814963,3.4501126379285063,1245.0,18.409427781622334,13.42577473299643,131.46993023669404,22.785049010874076,0.6301131193708662,-43.352184030886235,-2483.8971776442263,6.718953487166656,7
centroid,1210,40.3587893837634,1056.6740477131937,431.5878476341109,20.062473702896245,3.477026615720201,1264.5,18.835119198056194,12.782086632007191,131.3413492004626,22.762764635982204,0.5962395972753755,-43.386057552981725,-2485.837987497541,6.724344625648086,7
centroid,1211,40.39214375515494,1059.3841094448828,434.91568008418835,20.082296327732614,3.4804620741372525,1267.0,19.304799901984925,12.205340106482465,131.78447495344793,22.839562744732802,0.56379139188181,-43.4185057583753,-2487.697132719366,6.729508917930933,7
centroid,1212,40.42549812654648,1061.7731930960085,439.65857605177996,19.83509564693766,3.4376197327950617,1236.0,19.718851905998115,11.383348972232287,131.37560322368168,22.768701199548193,0.5235479794245173,-43.45874917083259,-2490.0029104063733,6.735913855950398,7
centroid,1213,40.458852497938025,1064.1574297188754,443.29210174029447,19.907179817814963,3.4501126379285063,1245.0,20.1320638717133,10.753622762246318,131.69536316382676,22.824118783590436,0.49059604810238855,-43.491701102154714,-2491.890916997936,6.741158318704739,7
centroid,1214,40.492206869329564,1065.7400707825402,446.9719491414339,20.11792783272397,3.486637369021015,1271.5,20.406351339100727,10.115868537865524,131.41819810373588,22.776083316720538,0.4602190113593163,-43.52207813889779,-2493.631392997428,6.745992974258884,7
centroid,1215,40.5255612407211,1067.826918041372,451.27913066247703,20.129790985302495,3.4886933715794597,1273.0,20.76802276453683,9.369391059106604,131.4620543343418,22.78368403851288,0.4238057581503748,-43.55849139210673,-2495.7177187246416,6.7517883235011436,7
centroid,1216,40.55891561211264,1070.010161786335,455.48749832865354,19.919168484856367,3.4521903933941225,1246.5,21.146400661612653,8.640039006078386,131.80656687240548,22.843391494434623,0.3878827034066118,-43.59441444685049,-2497.7759581486766,6.757505655234573,7
centroid,1217,40.59226998350418,1071.259319286872,459.7323068611561,19.819041337834626,3.4348373610459495,1234.0,21.36289210433871,7.904371387781802,131.43115243094928,22.778328430716787,0.35438409036941937,-43.62791305988768,-2499.6952872952493,6.762837125086165,7
centroid,1218,40.62562435489572,1072.8240480961924,463.28336673346695,19.927156922508512,3.4535748692442025,1247.5,21.634075199552246,7.288937325517663,131.72334787684696,22.828968813225142,0.3249744388897263,-43.65732271136738,-2501.3803362019867,6.767517816493768,7
centroid,1219,40.658978726287266,1073.7592299578057,467.6710179324894,20.0585068271871,3.476339116629799,1264.0,21.79615153527842,6.528513649682746,131.28433555088537,22.752883602368154,0.291021857063355,-43.69127529319375,-2503.3256758442103,6.772921537722167,7
centroid,1220,40.692333097678805,1075.6213025600211,472.25215545828354,19.998909270006028,3.466010266079302,1256.5,22.11886727283833,5.734556865322634,131.8455732113001,22.850151681664116,0.25367560936034794,-43.728621540896754,-2505.4654582182425,6.7788653776500345,7
centroid,1221,40.725687469070344,1076.1189444663253,476.43586713929363,20.102099405542752,3.483894144859872,1269.5,22.205113574213787,5.009477940221211,131.34369190946106,22.763170650796788,0.22188564258759674,-43.76041150766951,-2507.2868891451826,6.783924908002646,7
centroid,1222,40.75904184046188,1077.3978662503253,480.5728597449908,20.192943425895987,3.4996383188498235,1281.0,22.426763463865747,4.292495896428167,131.75157992019797,22.833861707670827,0.18911339487465875,-43.793183755382444,-2509.164600624291,6.789140773222391,7
centroid,1223,40.79239621185342,1078.1239052035032,484.91859866048424,20.295147023902665,3.5173512208455673,1294.0,22.552593249446225,3.5393360369856914,131.72139471371958,22.82863031059185,0.15566728628163923,-43.82662986397546,-2511.0809214878072,6.794463886732159,7
centroid,1224,40.82575058324496,1078.7189776188584,489.06515693285655,20.014819303763414,3.4687676334733064,1258.5,22.655725228937474,2.820696167835759,131.73300197536022,22.830641964700803,0.1238651939582691,-43.85843195629884,-2512.903047157622,6.799525346926089,7
centroid,1225,40.8591049546365,1079.1074205878476,492.8986424146566,20.062473702896245,3.477026615720201,1264.5,22.72304626630636,2.1563149330695044,131.70119361837834,22.82512925946484,0.094612183838597,-43.887684966418504,-2514.5791211755322,6.804181108086951,7
centroid,1226,40.892459326028046,1079.0636645962734,497.04127846790885,20.248040236149336,3.5091871451077004,1288.0,22.71546291693709,1.4383548235780808,131.33091362075902,22.760956046028785,0.06323609097917107,-43.91906105927793,-2516.376838873988,6.809174768360439,7
centroid,1227,40.925813697419585,1079.3403645833332,502.0270833333333,20.185060176161283,3.4982720731140358,1280.0,22.76341778201624,0.5742651567407658,131.38690713507916,22.770660280037113,0.02522219564721443,-43.95707495460989,-2518.554874639361,6.8152248677086975,7
centroid,1228,40.959168068811124,1079.550656167979,506.7313648293963,20.106057680545288,3.484580153362112,1270.0,22.7998634091958,-0.24103370479941433,131.56276063330355,22.801137443663524,-0.010571323243050892,-43.99286847350015,-2520.605692205695,6.820921583170736,7
centroid,1229,40.99252244020266,1079.2049373040752,511.4878526645768,20.153496341094687,3.492801745962658,1276.0,22.7399468849849,-1.0653804451460185,131.35361296374077,22.764890068366995,-0.046816379092048784,-44.029113529349154,-2522.682380934059,6.826690162971747,7
centroid,1230,41.0258768115942,1078.9100817438691,516.2519787206436,20.22051059699233,3.504415984308309,1284.5,22.6888454781588,-1.8910509652872627,131.36876436806813,22.767515957721013,-0.08315496891717293,-44.065452119174275,-2524.7644287644953,6.832473629167404,7
centroid,1231,41.05923118298574,1078.2741372625048,520.3558226702855,20.259827201484175,3.5112299436576064,1289.5,22.5786299623371,-2.6022880166588203,131.14132180117454,22.728097894407988,-0.11474816750178701,-44.09704531775889,-2526.5745857047127,6.837501842890229,7
centroid,1232,41.09258555437728,1077.7467659741278,525.0397229844505,20.149547385175307,3.4921173525503932,1275.5,22.487231262794438,-3.4140546162771215,131.23837953248633,22.744918966426827,-0.15067129805229154,-44.1329684483094,-2528.6328294721543,6.843219186688678,7
centroid,1233,41.125939925768826,1077.0764214919143,528.5063901930099,20.16928443308995,3.495537979634134,1278.0,22.371053884028772,-4.014862588938317,131.14344663386123,22.728466149086596,-0.17757647295835624,-44.15987362321546,-2530.174382441333,6.84750127826973,7
centroid,1234,41.159294297160365,1075.6064558629776,533.2757575757576,20.066439794405365,3.477713978900924,1265.0,22.116294192292997,-4.841441483223291,130.63305027263218,22.640009373574213,-0.21550881401508054,-44.197805964272185,-2532.347745490934,6.853538397851955,7
centroid,1235,41.192648668551904,1075.1677099634846,537.7887323943662,20.16928443308995,3.495537979634134,1278.0,22.040255155797976,-5.6235849911852265,131.24677830250735,22.746374556965403,-0.24982040935661431,-44.23211755961372,-2534.3136550923646,6.858999257855929,7
centroid,1236,41.22600303994344,1073.727070230608,542.3413259958071,20.12188299403865,3.487322837890122,1272.0,21.790577934082638,-6.412594829014063,131.063134766527,22.714547302167986,-0.2862035460567219,-44.26850069631382,-2536.398255270728,6.864789813906938,7
centroid,1237,41.25935741133498,1072.2646982646982,546.8382543382543,20.24017844581758,3.507824618500287,1287.0,21.53713429982045,-7.191957322753712,131.01508327567944,22.706219499969897,-0.32229005094057156,-44.30458720119768,-2538.465859697951,6.870533159538114,7
centroid,1238,41.29271178272652,1070.2439671174754,551.1421373640944,20.002887964817102,3.4666998135378457,1257.0,21.186921455374762,-7.937863139424379,130.5470437108095,22.62510357935299,-0.358471360560956,-44.34076851081806,-2540.5388960364553,6.876291593811737,7
centroid,1239,41.32606615411806,1068.7729372937292,555.6850165016501,20.046601490203663,3.474275803093615,1262.5,20.931977328073778,-8.725189363857059,130.85033812298158,22.677667523318153,-0.3949348928837957,-44.3772320431409,-2542.628102544693,6.882094945223508,7
centroid,1240,41.359420525509606,1067.3624223191855,559.6444532592885,20.030716700474503,3.4715228107412592,1260.5,20.68752102717144,-9.411399209833439,131.1389769548953,22.727691509181348,-0.42694715759587915,-44.40924430785298,-2544.4622702053507,6.887189855392002,7
centroid,1241,41.392774896901145,1064.998030720756,563.831298411448,20.102099405542752,3.483894144859872,1269.5,20.27774840194739,-10.137021196710155,130.8083080946628,22.67038330058032,-0.46357450139702844,-44.44587165165413,-2546.5608624199313,6.893019278210281,7
centroid,1242,41.426129268292684,1063.0036846953544,567.4849322279247,20.078333368379234,3.4797752537903315,1266.5,19.932108362041625,-10.770232345649928,130.72436287200202,22.655834756977143,-0.4954010054648838,-44.47769815572199,-2548.3843867796754,6.8980846236540145,7
centroid,1243,41.45948363968422,1060.7359307359307,571.7603305785124,20.11001517643649,3.4852660268365945,1270.5,19.539084002653528,-11.511201484248904,130.85122342596625,22.67782095514746,-0.5323938659161214,-44.514691016173224,-2550.5039215556476,6.903972220253937,7
centroid,1244,41.49283801107576,1058.2755222703981,575.2520036788858,20.094180516361906,3.48252172245292,1268.5,19.11267069755024,-12.116343227145745,130.57313575747284,22.62962559104759,-0.5650043832268328,-44.54730153348394,-2552.3723665652897,6.909162345280721,7
centroid,1245,41.5261923824673,1055.7158711057627,579.290546864554,19.919168484856367,3.4521903933941225,1246.5,18.669057643736657,-12.816263005397055,130.6611182222533,22.64487382894131,-0.6016063432460632,-44.583903493503165,-2554.469504396298,6.914987728144633,7
centroid,1246,41.55954675385884,1052.619493177388,582.9603638726445,20.204762533390774,3.501686687956346,1282.5,18.132424493272595,-13.452278862709369,130.27302467875666,22.577613350492328,-0.6382909859975721,-44.620588136254675,-2556.571379598905,6.920826270374097,7
centroid,1247,41.592901125250386,1049.9554324894514,586.4554324894515,20.0585068271871,3.476339116629799,1264.0,17.67071622862763,-14.058009082440543,130.29004494827137,22.580563132806603,-0.6720240846089096,-44.65432123486601,-2558.504143779233,6.926195059763897,7
centroid,1248,41.626255496641924,1047.2422579380634,590.2212204364301,20.149547385175307,3.4921173525503932,1275.5,17.200496042025776,-14.710657659814773,130.59360342367864,22.633172841561816,-0.7075318389661217,-44.68982898922322,-2560.5385882438886,6.93184629438794,7
centroid,1249,41.65960986803346,1043.963170536429,593.4671737389912,19.93913357805586,3.4556505429982036,1249.0,16.632197519141755,-15.273213713147332,130.29250057351354,22.58098871713143,-0.7428297464307632,-44.72512689668787,-2562.561009367256,6.937464130841738,7
centroid,1250,41.692964239425,1040.4136765470619,596.6327353094124,20.2008235992402,3.5010040314164823,1282.0,16.017034839995816,-15.82183707819462,129.90542889796467,22.51390533858073,-0.7792674400243352,-44.76156459028144,-2564.648735425358,6.943263369892023,7
centroid,1251,41.72631861081654,1037.1560534591194,599.6962788259958,20.12188299403865,3.487322837890122,1272.0,15.452456296566984,-16.35277969789958,129.81773342600007,22.498706839401887,-0.8136980017657154,-44.79599515202282,-2566.621461299404,6.948743163986594,7
centroid,1252,41.75967298220808,1033.669822485207,603.3328073635765,20.08625850520586,3.481148758976555,1267.5,14.848257728416758,-16.983026331552182,130.16376598720245,22.55867773048063,-0.8523629981046683,-44.83466014836177,-2568.836802404515,6.954896889278569,7
centroid,1253,41.79302735359962,1030.4479085476746,606.1318524292024,20.208700699792736,3.502369211437724,1283.0,14.289867936596469,-17.468128733973092,130.2202686139935,22.568470198753484,-0.8851435444057242,-44.867440694662825,-2570.7149893576984,6.960114075259634,7
centroid,1254,41.826381724991165,1026.6980573781036,609.2041682747973,20.30690664653533,3.519389280632716,1295.5,13.639981361557338,-18.000591685712212,130.3141342301162,22.584738045400552,-0.9223524760433531,-44.904649626300454,-2572.846904100725,6.966036060656931,7
centroid,1255,41.859736096382704,1023.0877192982455,611.4515579994762,20.129790985302495,3.4886933715794597,1273.0,13.014273795216567,-18.39008672028896,129.99390452326256,22.52923904610648,-0.9549354006824695,-44.93723255093958,-2574.71376816674,6.971221794173639,7
centroid,1256,41.89309046777424,1019.0672411541976,614.4112808460635,20.157444523391572,3.493486005298435,1276.5,12.31748486869662,-18.90303618330824,130.18311023751647,22.562030281825944,-0.9932872520507967,-44.9755844023079,-2576.911167386658,6.977325680895633,7
centroid,1257,41.92644483916578,1014.6382113821137,616.9639391555205,20.113971893676243,3.485951765363021,1271.0,11.549889873811724,-19.345437305635446,130.00405751407297,22.53099866058871,-1.0325603320546146,-45.01485748231172,-2579.161349119356,6.983576185708683,7
centroid,1258,41.95979921055732,1010.7327303709528,619.3511600471884,20.11792783272397,3.486637369021015,1271.5,10.873031096370145,-19.759166474872153,130.13224063386298,22.55321407259603,-1.0677398416930708,-45.05003699195017,-2581.1769865469796,6.989175178563193,7
centroid,1259,41.99315358194886,1005.9863648398199,621.546200688377,20.018794836487846,3.469456632910725,1259.0,10.050438652183976,-20.139588891620217,129.87190541091098,22.508095384212012,-1.1079178788241153,-45.09021502908122,-2583.4790185037086,6.995569711776329,7
centroid,1260,42.026507953340406,1002.0019849146487,623.4578536456265,20.022769579867926,3.4701454955469013,1259.5,9.359905906714927,-20.47089739877691,129.87845775497783,22.509230970733057,-1.1419463234975775,-45.12424347375468,-2585.428704766892,7.00098550695184,8
centroid,1261,42.059862324731945,997.7273786407767,625.0258899676375,20.244109722623776,3.508505947946064,1287.5,8.619074042903843,-20.74265371889913,129.606535310174,22.462104101335186,-1.1769790871066206,-45.15927623736373,-2587.43593426637,7.006561144450389,8
centroid,1262,42.093216696123484,993.6964727320056,626.4647923988025,20.189002185802646,3.4989552626671,1280.5,7.920477880844453,-20.9920298489156,129.4591536484762,22.436561390701332,-1.2100030290904915,-45.1923001793476,-2589.3280667649306,7.011817068057502,8
centroid,1263,42.12657106751502,990.1690476190477,627.9416666666667,20.026743534373637,3.470834221463288,1260.0,7.309139957897087,-21.24798687662225,129.6520399197569,22.469990503630374,-1.239483736626458,-45.221780886883565,-2591.017186883801,7.016509068387697,8
centroid,1264,42.15992543890656,985.5784783187017,629.4235168927906,19.971036212182124,3.4611795874027624,1253.0,6.5135485530193025,-21.504806287480847,129.64979750269262,22.4696018704074,-1.276692068078027,-45.25898921833513,-2593.1490672387,7.022430958262416,8
centroid,1265,42.1932798102981,981.154452324665,630.7515103756239,20.098140350968553,3.483208001250094,1269.0,5.746820762732755,-21.734960791541205,129.72058353511576,22.481869795210756,-1.312307132507865,-45.29460428276497,-2595.1896601176163,7.028099271814962,8
centroid,1266,42.22663418168964,976.1455271977312,631.7162928589843,20.287303488528025,3.515991858004133,1293.0,4.878724124181927,-21.902167209987027,129.4729874339613,22.43895892357989,-1.3516237835541354,-45.33392093381124,-2597.442338287156,7.034356711174794,8
centroid,1267,42.259988553081186,971.620787973043,632.6034214618974,20.232313600583467,3.506461562447853,1286.0,4.094541727413826,-22.05591543712864,129.4372139980426,22.432759030652075,-1.3872422348132496,-45.369539385070354,-2599.4831252170957,7.04002556375796,8
centroid,1268,42.293342924472725,967.1968618143459,633.0011867088608,20.0585068271871,3.476339116629799,1264.0,3.3278312395864917,-22.124852118167166,129.0965834719755,22.37372436609368,-1.4215040007118882,-45.403801150968995,-2601.446179801753,7.045478493159785,8
centroid,1269,42.326697295864264,962.5615186615186,633.9204633204633,20.302987529130018,3.518710058532281,1295.0,2.5244800799012195,-22.284171915570298,129.4023105515212,22.426709915556273,-1.4579914604613835,-45.44028861071849,-2603.5367572505525,7.051285652739784,8
centroid,1270,42.3600516672558,958.6113486202876,634.2483482316362,20.236246405285904,3.507143156693274,1286.5,1.8398762482212836,-22.34099763805718,129.3441518630507,22.41663043529168,-1.488627498047127,-45.47092464830423,-2605.29207290522,7.056161529558305,8
centroid,1271,42.39340603864734,953.9660397074189,634.4201933124347,20.153496341094687,3.492801745962658,1276.0,1.0347979230118138,-22.370780102999703,129.21761577550168,22.394700470384436,-1.5245726001827444,-45.50686975043985,-2607.351575551757,7.06188237024313,8
centroid,1272,42.42676041003888,949.4162679425838,634.7927963849016,19.979003910967972,3.4625604690006497,1254.0,0.246277137586427,-22.435355928456346,129.4599972950281,22.436707603055737,-1.5598195788857458,-45.54211672914285,-2609.3710786720267,7.0674921011327685,8
centroid,1273,42.46011478143042,945.253164556962,634.6151107594936,20.0585068271871,3.476339116629799,1264.0,-0.4752301645620639,-22.40456123893183,129.30359080688802,22.409600800066837,-1.592004459679421,-45.574301609936526,-2611.215136505636,7.072614484003906,8
centroid,1274,42.493469152821966,940.4214229867084,634.4336721396925,20.177173846430236,3.4969052935841893,1279.0,-1.312619127102022,-22.3731161180803,129.31505917208992,22.411588382038847,-1.6293986316323552,-45.61169578188946,-2613.3576647369255,7.078565951313043,8
centroid,1275,42.526823524213505,936.1678376268541,633.9313036690086,20.192943425895987,3.4996383188498235,1281.0,-2.049807857039961,-22.286050655997506,129.1334856747722,22.38011988556964,-1.662515435369882,-45.64481258562699,-2615.2551178220488,7.083836654327274,8
centroid,1276,42.560177895605044,931.3484306714342,633.4330552244736,20.014819303763414,3.4687676334733064,1258.5,-2.8850591079145076,-22.199699235502475,129.1696327116871,22.386384527273037,-1.7000313838924015,-45.682328534149505,-2617.4046233368194,7.089807502979415,8
centroid,1277,42.59353226699658,927.1068662202966,632.6095575685965,20.102099405542752,3.483894144859872,1269.5,-3.620164494583204,-22.056978885566046,128.97175056019447,22.352089578519212,-1.7334737906301485,-45.71577094088725,-2619.320732099652,7.095130027320617,8
centroid,1278,42.62688663838812,923.4683840749415,631.8969555035129,20.192943425895987,3.4996383188498235,1281.0,-4.250749707930865,-21.933477846591217,128.911126553001,22.34158283395297,-1.7622251350226508,-45.74452228527976,-2620.9680627886696,7.099705945901221,8
centroid,1279,42.66024100977966,918.7519319938176,630.9580113343637,20.295147023902665,3.5173512208455673,1294.0,-5.0681578531422495,-21.77074946547759,128.97637738333088,22.352891453075152,-1.7995192405496112,-45.78181639080672,-2623.10485763608,7.105641487144028,8
centroid,1280,42.6935953811712,914.1534267912773,630.0491952232607,20.216574731145414,3.503733859536045,1284.0,-5.865124628951768,-21.61324257705014,129.21881802562717,22.394908832311632,-1.8357820043629542,-45.81807915462006,-2625.182560956064,7.111412885255095,8
centroid,1281,42.726949752562746,910.3936251920123,628.5903737839221,20.357786515515272,3.5282072689459953,1302.0,-6.516735712613122,-21.36041428442384,128.85801918229453,22.33237879739338,-1.8669114363191774,-45.84920858657628,-2626.9661460257953,7.11636728822657,8
centroid,1282,42.760304123954285,906.2763532763531,627.2310282310282,20.24017844581758,3.507824618500287,1287.0,-7.230299964305462,-21.124826154197862,128.83222806459037,22.327908939686168,-1.9005642083848304,-45.88286135864193,-2628.894307834073,7.1217232932495635,8
centroid,1283,42.793658495345824,902.1373801916933,626.2605165069223,19.963065333312567,3.459798154664678,1252.0,-7.9476252448382505,-20.95662680123883,129.323511206657,22.41305320385404,-1.9332804881782941,-45.915577638435394,-2630.7688125876075,7.126930250898271,8
centroid,1284,42.82701286673736,898.484965304549,624.6061423798509,20.318659463172676,3.521426160873054,1297.0,-8.580625141178066,-20.66990727914143,129.13379874973137,22.380174144579865,-1.9642743515655772,-45.94657150182268,-2632.544630150504,7.131863077461872,8
centroid,1285,42.8603672381289,894.8574249605056,623.2963401790415,20.074369626682653,3.4790882978555375,1266.0,-9.209314031323094,-20.442905505532345,129.37227350771133,22.421504196544195,-1.9940572368574352,-45.97635438711454,-2634.25106377945,7.136603170875611,8
centroid,1286,42.89372160952044,891.5272122421823,621.4170326014637,19.967051170495804,3.4604889399674916,1252.5,-9.786473081054258,-20.11720277499521,129.08283203741934,22.371341105451737,-2.023563776317659,-46.00586092657476,-2635.941663958557,7.141299282484241,8
centroid,1287,42.92707598091198,887.5188323917137,619.5073984396018,19.859152776030417,3.441789072996677,1239.0,-10.48116525273715,-19.78624414519655,129.1954138229851,22.39085265077035,-2.0579361269753704,-46.040233277232474,-2637.9110545831873,7.146769811997103,8
centroid,1288,42.960430352303526,882.5532540595831,616.5698759749392,20.369509975465075,3.530239061379842,1303.5,-11.341749459796773,-19.277142229592126,129.0527280767791,22.366123789086128,-2.102607258730765,-46.08490440898787,-2640.4705218988443,7.153879443429484,8
centroid,1289,42.993784723695065,878.915269308943,614.4052337398374,20.435815879801165,3.5417305353411366,1312.0,-11.972248469683754,-18.901988159539705,129.10127029281605,22.374536638849627,-2.135403074585403,-46.11770022484251,-2642.3495837330033,7.159099059635481,8
centroid,1290,43.0271390950866,875.3096255991708,612.0880943127347,20.236246405285904,3.507143156693274,1286.5,-12.597142454909136,-18.50040480647554,129.14421175979174,22.38197882298921,-2.1685961614418034,-46.15089331169891,-2644.2514075188865,7.164381903485157,8
centroid,1291,43.06049346647814,871.5664418881396,609.4541848472828,20.030716700474503,3.4715228107412592,1260.5,-13.245873492941941,-18.043922049144797,129.1549500404782,22.38383987403939,-2.204037423647435,-46.18633457390454,-2646.2820422638856,7.170022555554599,8
centroid,1292,43.09384783786968,868.889282434737,606.842450478814,20.11001517643649,3.4852660268365945,1270.5,-13.709851904171662,-17.59128245709658,128.68713839875795,22.30276345477558,-2.2328214035512217,-46.215118553808324,-2647.931242829962,7.174603668238143,8
centroid,1293,43.12720220926122,865.0971733750163,604.4470496287612,20.181117396520943,3.4975887501124756,1279.5,-14.367062192674577,-17.176135619558284,129.2059567790234,22.392679850112582,-2.267373992249639,-46.24967114250674,-2649.9109603336324,7.180102883526118,8
centroid,1294,43.16055658065276,861.85027100271,601.6331978319782,19.786893642157743,3.4292658450326248,1230.0,-14.929782729251494,-16.68846706307843,129.20225065252637,22.39203754145901,-2.3006293023904374,-46.282926452647544,-2651.816349251099,7.18539563051908,8
centroid,1295,43.193910952044305,858.4041485004624,598.3954287224203,20.038660669337457,3.47289957970704,1261.5,-15.527030099580378,-16.127329411948978,129.17339645858496,22.387036822116265,-2.3372325723659304,-46.31952972262303,-2653.9135621370724,7.191221221869006,8
centroid,1296,43.227265323435844,854.8556246759979,594.9318299637117,20.232313600583467,3.506461562447853,1286.0,-16.142024639480965,-15.527053232224107,129.23458512651465,22.39764142801495,-2.375610721016767,-46.35790787127387,-2656.1124680802914,7.197329293933503,8
centroid,1297,43.26061969482738,851.6110890038466,591.4312243003051,19.998909270006028,3.466010266079302,1256.5,-16.704335003336798,-14.920363387140416,129.23429015109195,22.39759030583476,-2.4125454757377023,-46.394842625994805,-2658.2286736431515,7.203207642719226,8
centroid,1298,43.29397406621892,848.6603850880787,587.8455551003688,19.710332723912007,3.415997074969341,1220.5,-17.215721395771237,-14.298931183516046,129.12971245578098,22.37946594911825,-2.4484850272094363,-46.43078217746654,-2660.287858260075,7.208927599988458,8
centroid,1299,43.32732843761046,845.6746063252613,584.2404393277756,20.022769579867926,3.4701454955469013,1259.5,-17.733186608721,-13.674128695064702,129.2079655888705,22.39302799687692,-2.4847213158550128,-46.467018466112116,-2662.3640446646846,7.214694784445707,8
centroid,1300,43.360682809002,843.2540707845511,580.7488897860314,19.85514527870861,3.4410945337760053,1238.5,-18.15268953861797,-13.069008366109585,129.06248241673882,22.36781431340337,-2.5176032733889153,-46.49990042364602,-2664.2480420535057,7.219928110525766,8
centroid,1301,43.394037180393546,840.5040783034258,577.5220228384992,19.75469363116845,3.423685262254336,1226.0,-18.62929063933482,-12.509760168299477,129.47783340073522,22.43979877791198,-2.550244271509579,-46.53254142176668,-2666.118233484914,7.225123086724122,8
centroid,1302,43.427391551785085,837.8963927312178,573.5954705722809,19.77884855394466,3.4278715510758095,1229.0,-19.081228534644694,-11.829249532380903,129.5395122905408,22.450488344146834,-2.58663902898846,-46.56893617924556,-2668.203499484856,7.230915492279516,8
centroid,1303,43.460745923176624,836.1836252432582,569.9753961634696,19.535955403674656,3.3857757476982324,1199.0,-19.378068208075195,-11.201854563209807,129.14912232681894,22.382829873188935,-2.6174552277023193,-46.599752377959426,-2669.969137611797,7.235820042632131,8
centroid,1304,43.49410029456816,834.0190965362833,566.1309100487291,20.070405102179357,3.4784012062525393,1265.5,-19.75320260257191,-10.535566809133421,129.17439691606842,22.38721021136773,-2.65161461877773,-46.63391176903483,-2671.9263265511545,7.24125667857479,8
centroid,1305,43.5274546659597,832.123362737236,562.0935578722266,19.923163104065253,3.4528827007094938,1247.0,-20.081752160977377,-9.835853444638964,129.02399746973433,22.361144488584117,-2.6861458715123505,-46.668443021769455,-2673.904821594148,7.246752498138661,8
centroid,1306,43.56080903735124,829.6236167341431,557.4306342780027,19.827070117316413,3.436228828537114,1235.0,-20.514983053339346,-9.027722319619933,129.3260014016277,22.413484779457313,-2.7270396415522873,-46.70933679180939,-2676.247862025815,7.25326094378218,8
centroid,1307,43.59416340874278,827.617735745614,553.6513157894736,19.67396303746374,3.4096938458831008,1216.0,-20.862622217301258,-8.372728764562867,129.70994787339262,22.480026529049525,-2.759943033752041,-46.74224018400915,-2678.133087530525,7.258497681295263,8
centroid,1308,43.627517780134326,825.818169725991,548.7890396382016,19.971036212182124,3.4611795874027624,1253.0,-21.174504941218384,-7.530047854854623,129.6726848714406,22.473568479484573,-2.799921193003872,-46.78221834326098,-2680.4236673283563,7.264860402955906,8
centroid,1309,43.660872151525865,824.0157666535277,544.7992379450794,20.094180516361906,3.48252172245292,1268.5,-21.48687935466401,-6.838575462971622,130.1072470086555,22.54888242828553,-2.8334620658970397,-46.81575921615414,-2682.3454177863196,7.27019859867247,8
centroid,1310,43.694226522917404,822.2566359877284,540.1227157529678,19.94312419824553,3.4563421572436948,1249.5,-21.79175422882427,-6.028087565428312,130.46069878339506,22.610139143002897,-2.8717187278748213,-46.854015878131925,-2684.537363055905,7.276287335532431,8
centroid,1311,43.72758089430894,821.361211151127,535.874883286648,19.94312419824553,3.4563421572436948,1249.5,-21.946940275936218,-5.291895869267631,130.26327773960313,22.57592410880855,-2.904986803729703,-46.88728395398681,-2686.443483394911,7.281582114251891,8
centroid,1312,43.76093526570048,820.4297990297989,531.0989604989605,19.56444832179043,3.3907138543402753,1202.5,-22.10836327810542,-4.464180857981823,130.1400655855058,22.554570214691555,-2.942349009510249,-46.924646159767356,-2688.5841800994353,7.287528493986681,8
centroid,1313,43.79428963709202,819.8318091451292,526.8360503644798,20.0068658683992,3.467389223868523,1257.5,-22.212000884101524,-3.725376051679536,129.9535347468025,22.52224256156021,-2.975420194730695,-46.9577173449878,-2690.4790194360626,7.292791936588424,8
centroid,1314,43.82764400848356,819.1616693679092,521.9276066990816,19.819041337834626,3.4348373610459495,1234.0,-22.328142785451924,-2.8746938517128933,129.89695725206815,22.51243711792672,-3.0135494739336246,-46.995846624190726,-2692.663666210266,7.2988603998501,8
centroid,1315,43.860998379875106,818.5147594015366,517.5394257986252,19.839107194283145,3.4383149739251953,1236.5,-22.44025872909688,-2.1141783733409856,130.05386572738024,22.539630920294844,-3.0476562954370454,-47.02995344569415,-2694.617843135018,7.304288669085523,8
centroid,1316,43.894352751266645,818.1617202528166,512.8859576806815,19.649679181628848,3.4054852116777368,1213.0,-22.50144393161322,-1.3076859765853528,130.052593379849,22.539410409788704,-3.083542301289505,-47.06583945154661,-2696.673959813946,7.310000104304767,8
centroid,1317,43.927707122658184,817.5480743691899,508.10624169986716,19.98696843347328,3.4639408001174683,1255.0,-22.607794878240973,-0.47931356713140566,130.47648661400578,22.61287533137383,-3.1203945768633083,-47.102691727120416,-2698.785439669778,7.315865326126522,8
centroid,1318,43.96106149404972,817.4863365800866,503.21320346320346,19.802974013476614,3.4320527336234523,1232.0,-22.61849465231105,0.36869871852010255,130.52624807197122,22.621499487913304,3.12529333424302,-47.14018912319367,-2700.933882207506,7.321833222064655,8
centroid,1319,43.99441586544126,818.0061235356762,498.14696485623006,19.963065333312567,3.459798154664678,1252.0,-22.528410393218486,1.2467283542919245,130.1880198368094,22.562881164307676,3.0863087722478446,-47.17917368518884,-2703.1675330759954,7.3280378078104595,8
centroid,1320,44.0277702368328,818.0740441572428,493.7872913301023,19.851136972363392,3.4403998543435153,1238.0,-22.51663907267045,2.002303220616046,130.43388278225953,22.605491662784047,3.052900455102979,-47.21258200233371,-2705.081688649031,7.3333549066244474,8
centroid,1321,44.06112460822434,818.8264840182649,489.23717432178347,19.875174684869673,3.4445658294572072,1241.0,-22.38623374667495,2.7908838401775182,130.16869639720457,22.559532219665645,3.0175629437250424,-47.24791951371165,-2707.1063789094824,7.338979046236812,8
centroid,1322,44.094478979615886,819.1981361426256,485.15086439762285,19.819041337834626,3.4348373610459495,1234.0,-22.321822730001337,3.499082070206198,130.3699392032536,22.594409603343095,2.986101902837198,-47.27938055459949,-2708.908963771444,7.343986226408928,8
centroid,1323,44.127833351007425,820.0292538915727,481.3833870101986,19.88318079785697,3.4459533686190045,1242.0,-22.177781742001468,4.152023444444964,130.1892595139915,22.563096012716745,2.956519601370832,-47.30896285606586,-2710.603904793751,7.348694395915336,8
centroid,1324,44.161187722398964,820.9012296177492,477.01617214648485,19.923163104065253,3.4528827007094938,1247.0,-22.026659659397065,4.908905299722334,130.21198984441887,22.56703540548807,2.92231412521051,-47.34316833222618,-2712.5637342139726,7.354138366527063,8
centroid,1325,44.1945420937905,821.6830090791179,472.3853437094682,20.22444569688304,3.505097976332729,1285.0,-21.89116948829169,5.71147401416837,130.54053080083193,22.623974827152583,2.8863788638024084,-47.379103593634284,-2714.622673028356,7.359857641011461,8
centroid,1326,44.22789646518204,823.188195841717,467.7169684775318,19.887182645698207,3.446646928728396,1242.5,-21.630305623112847,6.52054996232867,130.35466032479334,22.59176162145156,2.8488021175250986,-47.41668033991159,-2716.77566199788,7.365838165926805,8
centroid,1327,44.26125083657358,824.758038585209,463.4501607717042,19.899183360445615,3.448726772181518,1244.0,-21.358236232146915,7.260030256584752,130.1622764985625,22.558419587256537,2.813928436002243,-47.45155402143445,-2718.773776765223,7.37138848472498,8
centroid,1328,44.29460520796512,826.3052321691422,459.2893081761006,19.911176842213806,3.450805362087265,1245.5,-21.09009216623192,7.981147474393926,130.11218605983194,22.549738415072166,2.779817265187289,-47.4856651922494,-2720.7282028871696,7.376817446174832,8
centroid,1329,44.327959579356666,827.7650186071238,455.0417331206804,19.979003910967972,3.4625604690006497,1254.0,-20.837096629724535,8.717294558680598,130.3276010209939,22.58707197445654,2.745364184441277,-47.52011827299541,-2722.7022190051393,7.382300824280303,8
centroid,1330,44.361313950748205,829.8560394193634,450.87921161273135,19.95907870015583,3.459107231411725,1251.5,-20.47470188589331,9.438701015629988,130.0881045241649,22.545564844968013,2.7096343718399156,-47.55584808559677,-2724.749386469991,7.387987400571558,8
centroid,1331,44.394668322139744,831.3481781376519,447.44642375168684,19.827070117316413,3.436228828537114,1235.0,-20.21609937681753,10.033637359758375,130.22393809277898,22.569106155993445,2.6808940540047925,-47.584588403431894,-2726.396085383808,7.39256156422105,8
centroid,1332,44.42802269353128,833.2830188679245,443.00909942459515,19.911176842213806,3.450805362087265,1245.5,-19.880772197529254,10.802669883681546,130.55309635320944,22.62615256259562,2.6438517760909876,-47.6216306813457,-2728.5184515718197,7.398457025854416,8
centroid,1333,44.46137706492282,835.8240215924426,439.29500674763824,19.827070117316413,3.436228828537114,1235.0,-19.440391104220133,11.44635915561646,130.17067222073217,22.559874649572105,2.6094546196082793,-47.65602783782841,-2730.48926346553,7.403931503336944,8
centroid,1334,44.49473143631436,838.0449889258028,435.80564784053155,19.576646877473273,3.392827985598998,1204.0,-19.05547533335864,12.051099825759188,130.09292263769925,22.546399872056128,2.577674038847811,-47.68780841858888,-2732.3101566135792,7.408989539859303,8
centroid,1335,44.5280858077059,840.7216161616161,431.603367003367,19.847127856504603,3.439705034614256,1237.5,-18.591589160740714,12.779396970664244,130.17223624164293,22.560145709981445,2.5393900698959717,-47.72609238754072,-2734.5036664575296,7.415082622759165,8
centroid,1336,44.561440179097445,843.104667981591,427.7875082182774,20.08625850520586,3.481148758976555,1267.5,-18.1785825331733,13.440723323240139,130.44736595533857,22.607828431038772,2.504928648415335,-47.76055380902135,-2736.4781604643917,7.4205673283337825,8
centroid,1337,44.594794550488984,845.7363004544238,424.5529270248597,19.923163104065253,3.4528827007094938,1247.0,-17.722494401353725,14.00130847673484,130.32091127878547,22.585912575468384,2.4729603979019625,-47.792522059534726,-2738.309806297225,7.425655233424986,8
centroid,1338,44.62814892188052,848.1338775510204,421.82136054421767,19.746635424171473,3.422288694681543,1225.0,-17.306970398603053,14.474716167952417,130.18354781814216,22.562106118908876,2.445075618678624,-47.82040683875807,-2739.9074864593763,7.430093233875406,8
centroid,1339,44.66150329327206,851.1371064168992,418.4022851069483,19.98298656901829,3.4632507033280486,1254.5,-16.786480908902078,15.067276012395958,130.15287026594186,22.556789393410057,2.4101139851339637,-47.85536847230273,-2741.9106405063685,7.435657550672607,8
centroid,1340,44.6948576646636,854.0873902633679,415.011306198457,19.971036212182124,3.4611795874027624,1253.0,-16.2751673186632,15.6549664484197,130.29990986262806,22.58227282076871,2.375615733336815,-47.889866724099875,-2743.8872447349245,7.441148117974151,8
centroid,1341,44.72821203605514,857.2047316944223,411.9651070578906,20.03468907863958,3.4722112634621065,1261.0,-15.734900984282964,16.182903114923818,130.23785923237057,22.571518828209143,2.3421592917799603,-47.92332316565673,-2745.8041576336586,7.44647287602619,8
centroid,1342,44.761566407446686,860.4676094276093,408.82814814814816,19.847127856504603,3.439705034614256,1237.5,-15.169411758470586,16.7265693538493,130.29098325733128,22.580725751116955,2.3074133520045086,-47.95806910543218,-2747.7949533380074,7.452002864093826,8
centroid,1343,44.794920778838225,863.5885167464115,406.166533758639,19.979003910967972,3.4625604690006497,1254.0,-14.628527420209512,17.18785365059937,130.2305307373364,22.570248726991103,2.2759268014674685,-47.98955565596922,-2749.598999795205,7.457014104252709,8
centroid,1344,44.828275150229764,867.0608987256874,403.2658618376928,19.887182645698207,3.446646928728396,1242.5,-14.026729020835344,17.69056899976123,130.26749595548907,22.5766551676562,2.2411887080655877,-48.024293749371104,-2751.5893459354643,7.462542843531206,8
centroid,1345,44.8616295216213,869.7515394912984,401.20803212851405,19.907179817814963,3.4501126379285063,1245.0,-13.560414163858313,18.04721139468192,130.2523283921492,22.574026477784287,2.2151836087711287,-48.05029884866556,-2753.0793283708554,7.466681683629515,8
centroid,1346,44.89498389301284,872.465093411996,399.3905042843096,19.433853965620603,3.368080551040305,1186.5,-13.090128228774681,18.362207081788995,130.11620373241425,22.55043471776688,2.190117201066032,-48.07536525637066,-2754.5155277399117,7.470671126321338,8
centroid,1347,44.92833826440438,876.8130658866137,396.82560245159493,19.51557784998706,3.382244114581385,1196.5,-12.336581271278506,18.80673012870374,129.77830013150384,22.49187265651201,2.1513543585157855,-48.1141280989209,-2756.736475019971,7.4768404243215025,8
centroid,1348,44.96169263579592,881.1147471313217,394.003258251877,19.351784958892804,3.3538571743548524,1176.5,-11.591057045218841,19.295870503239215,129.8807318535986,22.509625094685482,2.1117314263735687,-48.15375103106312,-2759.0067018036534,7.483146609831731,8
centroid,1349,44.995047007187466,884.545812941816,391.6325448613377,19.75469363116845,3.423685262254336,1226.0,-10.996419149611068,19.706738758032717,130.2127184878019,22.5671616866473,2.0797630971926995,-48.18571936024399,-2760.8383521438022,7.488234527443256,8
centroid,1350,45.028401378579005,889.149708090075,389.6983597442313,19.535955403674656,3.3857757476982324,1199.0,-10.198518242497572,20.041952313026083,129.75332268214004,22.48754381563641,2.0415056136013945,-48.223976843835295,-2763.030344488375,7.4943233950670685,8
centroid,1351,45.061755749970544,892.7261559696342,387.9062801932367,19.605080656986015,3.3977558429318178,1207.5,-9.578684185585233,20.35253755732707,129.79018242390714,22.49393197619282,2.010679917109598,-48.25480254032709,-2764.7965267979057,7.499229457037988,8
centroid,1352,45.09511012136208,896.6192451265035,386.18692105626985,19.588837836751818,3.3949408003251573,1205.5,-8.903973039977487,20.65051962921646,129.7578218541639,22.488323566982498,1.9778850042384948,-48.287597453198195,-2766.6755368949193,7.504448929529692,8
centroid,1353,45.12846449275362,900.2182392528498,384.7478368355995,19.653728574599526,3.4061870118318485,1213.5,-8.280231493823079,20.89992726516573,129.71220664181251,22.48041799612537,1.9480093345641352,-48.317473122872556,-2768.3872866773872,7.509203790036548,8
centroid,1354,45.16181886414516,903.8481603514551,383.19686985172984,19.657777133417753,3.4068886674190284,1214.0,-7.6511299951881915,21.168725298891733,129.8770789080734,22.50899200282428,1.9176221788075687,-48.34786027862912,-2770.128342453645,7.514040056081708,8
centroid,1355,45.1951732355367,908.8621068534541,381.3483038044224,19.653728574599526,3.4061870118318485,1213.5,-6.782163102300464,21.489100215892954,130.0211202902475,22.53395580973071,1.8765114907117812,-48.38897096672491,-2772.4838113744127,7.520583025306062,8
centroid,1356,45.228527606928246,913.7617675312199,380.24687800192123,19.661824858598802,3.407590178528578,1214.5,-5.933003081613179,21.679988283199666,129.69336893880373,22.477153234475807,1.8379187909854793,-48.42756366645121,-2774.695010188745,7.526725244234764,8
centroid,1357,45.261881978319785,918.6480961923847,378.9050100200401,19.927156922508512,3.4535748692442025,1247.5,-5.086153632256696,21.912547376204728,129.79681513412666,22.495081490968968,1.7988691748322287,-48.46661328260446,-2776.9323883859324,7.532940183671395,8
centroid,1358,45.295236349711324,923.1544913419913,378.4745670995671,19.802974013476614,3.4320527336234523,1232.0,-4.305150446499381,21.98714742369623,129.27510584563262,22.404664072427988,1.7641531165308253,-48.50132934090586,-2778.9214720079326,7.538465415954729,8
centroid,1359,45.32859072110286,927.8416563488787,377.52359334158757,19.637525992641294,3.403378942919388,1211.5,-3.492818043099533,22.151960652429278,129.39611258602216,22.42563574637242,1.7271841414729563,-48.538298315963736,-2781.0396382516733,7.544349211076232,8
centroid,1360,45.3619450924944,931.7580109028054,376.63382528919027,19.975020458847634,3.461870097053004,1253.5,-2.814074772341537,22.306166322468677,129.7269487682803,22.482972953547865,1.6962901709986902,-48.569192286437996,-2782.80973237225,7.549266139188944,8
centroid,1361,45.39529946388594,936.1712036295703,376.6888177208433,19.93913357805586,3.4556505429982036,1249.0,-2.0492244952269436,22.29663558606237,129.1939961145407,22.390606947769438,1.6624461925153755,-48.603036264921315,-2784.748849501276,7.55465257565846,8
centroid,1362,45.42865383527748,941.0832324862174,376.3458383756891,19.863159464818494,3.442483472090396,1239.5,-1.1979209458903486,22.356077324374596,129.17981273976577,22.388148827583287,1.6243288139560539,-48.641153643480635,-2786.9328144188275,7.5607191448738815,8
centroid,1363,45.462008206669026,945.6758909853249,376.18839972047516,19.48292943256148,3.376585818499307,1192.5,-0.4019674620482643,22.383363012202963,129.17302272408813,22.386972050203692,1.5887527106746022,-48.676729746762085,-2788.971174988376,7.5663812575670715,8
centroid,1364,45.495362578060565,949.6670765027321,375.96803278688526,19.706294962377495,3.415297290659024,1220.0,0.2897447603731627,22.421554797755615,129.3833672190667,22.423426847271173,1.5578744471081838,-48.70760801032851,-2790.7403691694244,7.571295685847762,8
centroid,1365,45.528716949452104,954.6301541024573,376.4213522143551,19.548171739670202,3.387892960462328,1200.5,1.1498955655870673,22.342990023636645,129.0898679135126,22.372560492891363,1.5193760858776921,-48.746106371558994,-2792.9461627861015,7.577422890338531,8
centroid,1366,45.56207132084364,959.3700368399509,376.83844999317773,19.71840576652941,3.417396213702991,1221.5,1.9713644770343606,22.270702822177803,129.00460441546733,22.357783479027418,1.4825081529846524,-48.78297430445204,-2795.0585397402447,7.583290604100041,8
centroid,1367,45.59542569223518,963.4883340155546,377.50689043525716,19.71840576652941,3.417396213702991,1221.5,2.6851064164918252,22.15485543254118,128.76914463898595,22.316975953401148,1.4501873646599,-48.81529509277679,-2796.9103845017885,7.588434617326551,8
centroid,1368,45.62878006362672,968.6066293929713,378.2329605963791,19.963065333312567,3.459798154664678,1252.0,3.572158009328367,22.029020238313024,128.76793331009011,22.31676601803258,1.410038696809233,-48.85544376062746,-2799.2107337227044,7.59482447627354,8
centroid,1369,45.66213443501826,972.9901648059541,378.776581605529,19.979003910967972,3.4625604690006497,1254.0,4.331868378428717,21.934805300231588,129.00851228746856,22.358460752187266,1.3758169829864562,-48.88966547445023,-2801.171493492454,7.600271031189511,8
centroid,1370,45.695488806409806,977.9492903403609,380.21248449772634,19.62131003117006,3.4005685552039973,1209.5,5.191334251340531,21.685949020208696,128.66347416282142,22.29866220687313,1.3358310420369326,-48.92965141539976,-2803.462519148721,7.606634991345809,8
centroid,1371,45.728843177801345,982.5929951690821,381.05381105743425,19.88318079785697,3.4459533686190045,1242.0,5.996134572782501,21.54013874357295,129.01243998764,22.359141461766594,1.2992994960267823,-48.966182961409906,-2805.5556225541904,7.612449167472112,8
centroid,1372,45.762197549192884,987.8156894679695,382.9873778501629,19.77080019204319,3.426476689756175,1228.0,6.90127953904756,21.20503235035586,128.67003616196558,22.299799466715285,1.256153132677167,-49.00932932475952,-2808.0277270754614,7.619316124475643,8
centroid,1373,45.79555192058442,992.1200593551868,384.6114933225415,19.831083288112968,3.4369243510274954,1235.5,7.647269733646465,20.923556954644905,128.53993881147062,22.27725229945144,1.2203925646173346,-49.045089892819355,-2810.07665669828,7.625007595650139,8
centroid,1374,45.82890629197596,996.4571312474604,386.2836245428688,19.790914959878798,3.4299627794662064,1230.5,8.398927511597876,20.633759951336415,128.5422780378023,22.277657710685165,1.184229025893981,-49.081253431542706,-2812.148674839386,7.630763201597655,8
centroid,1375,45.8622606633675,1000.8316659997331,388.2727757769774,19.94312419824553,3.4563421572436948,1249.5,9.157077976505363,20.289020220527945,128.43894371909605,22.259748843524527,1.1468355103537717,-49.118646947082915,-2814.291165460997,7.636714564435464,8
centroid,1376,45.89561503475904,1004.458198924731,389.98642473118275,19.867165345562018,3.4431777311419416,1240.0,9.785592270890863,19.992027780213228,128.43150050746894,22.258458860777775,1.115604337372979,-49.14987812006371,-2816.0805798620395,7.641685159993915,8
centroid,1377,45.928969406150586,1009.0466507177033,392.2219564061669,19.979003910967972,3.4625604690006497,1254.0,10.58081669063978,19.60458786381432,128.5422151096524,22.277646804609706,1.0758866475176767,-49.18959580991901,-2818.356235862758,7.648006426662577,8
centroid,1378,45.962323777542125,1013.521409214092,395.13861788617885,19.786893642157743,3.4292658450326248,1230.0,11.356336929134482,19.09910136473004,128.21136630501692,22.220307409850488,1.0343564402025862,-49.231126017234104,-2820.735741464216,7.6546161644444055,8
centroid,1379,45.99567814893366,1018.1953596924766,397.7751235584843,19.657777133417753,3.4068886674190284,1214.0,12.166379123061702,18.642168658880312,128.44604785407657,22.260980060909517,0.9925767047682814,-49.27290575266841,-2823.1295439737746,7.661265615859846,8
centroid,1380,46.0290325203252,1021.4973204715968,399.87566988210074,19.899183360445615,3.448726772181518,1244.0,12.738641830197754,18.278123049005536,128.55118032796972,22.2792005662827,0.9621311776153304,-49.30335127982136,-2824.8739441846897,7.666111172001276,8
centroid,1381,46.06238689171674,1025.4626541954724,403.17242781618546,19.78287150701259,3.428568768931301,1229.5,13.42587367918644,17.70676204676061,128.21674724043592,22.221239979579746,0.9220460846927744,-49.343436372743916,-2827.170650830542,7.6724909126842,8
centroid,1382,46.09574126310828,1028.7401784525237,405.4995338926621,19.95907870015583,3.459107231411725,1251.5,13.993901293537437,17.303451374042048,128.40553778772386,22.25395926272686,0.8907520039264898,-49.3747304535102,-2828.963669582192,7.677471520327671,8
centroid,1383,46.129095634499826,1031.4523329299448,407.6751378243915,19.863159464818494,3.442483472090396,1239.5,14.463944691155776,16.926397532730512,128.46644464907124,22.26451502873662,0.863684033651929,-49.40179842378476,-2830.5145500389094,7.681779521596331,8
centroid,1384,46.162450005891365,1035.3468591494343,411.0167772142021,20.196883896891812,3.5003212417402834,1281.5,15.138904894035964,16.347258126963567,128.55849801027725,22.280468793547467,0.8237566171946911,-49.441725840242,-2832.8022224887704,7.68813416729039,8
centroid,1385,46.195804377282904,1038.2714872202357,414.3257846642829,20.014819303763414,3.4687676334733064,1258.5,15.645772082691316,15.773774161529811,128.19319752866244,22.217158579855987,0.7894721041759968,-49.47601035326069,-2834.766580387403,7.693590717008814,8
centroid,1386,46.22915874867444,1042.0588477366255,417.75349794238684,19.665871750657423,3.4082915452497087,1215.0,16.302159401315635,15.179717293193356,128.52805599597028,22.275192889112702,0.7497596634061625,-49.51572279403053,-2837.041935637678,7.699911148259577,8
centroid,1387,46.26251312006598,1044.939030883919,421.46725239616615,19.963065333312567,3.459798154664678,1252.0,16.8013238418324,14.536086638705521,128.19062147520464,22.21671212412132,0.7132382730734549,-49.55224418436323,-2839.1344571656914,7.705723708059614,8
centroid,1388,46.29586749145752,1048.0243083534783,424.8564329841525,19.875174684869673,3.4445658294572072,1241.0,17.336033172167415,13.948707869545586,128.38813820268945,22.25094374125313,0.6775442804951389,-49.58793817694155,-2841.1795722944003,7.711404583417139,8
centroid,1389,46.32922186284906,1050.6557441768655,428.2974075536254,20.078333368379234,3.4797752537903315,1266.5,17.79208722267844,13.35235268726582,128.35431808858928,22.245082378461365,0.6437991439361058,-49.62168331350058,-2843.1130261983258,7.716775288705821,8
centroid,1390,46.362576234240606,1053.4639885595423,432.03679147165883,20.2008235992402,3.5010040314164823,1282.0,18.278783958415683,12.704280191224552,128.44105104871815,22.260114064747626,0.6073817506274813,-49.65810070680921,-2845.199589135778,7.722571296865411,8
centroid,1391,46.395930605632145,1055.897568752491,435.37890261724453,19.98298656901829,3.4632507033280486,1254.5,18.70054765653586,12.125059025480715,128.59840573189325,22.28738519938488,0.5752354596611211,-49.69024699777557,-2847.04143593515,7.727687537974777,8
centroid,1392,46.429284977023684,1058.4805837894187,439.51316132395095,20.177173846430236,3.4969052935841893,1279.0,19.148209902239216,11.408550793626135,128.60894665779384,22.289212046884018,0.5373273662707333,-49.72815509116596,-2849.213409695807,7.733720798421047,8
centroid,1393,46.46263934841522,1061.086102320675,443.2088607594937,20.0585068271871,3.476339116629799,1264.0,19.599772227757573,10.768049253717367,129.03446990934458,22.36295946672667,0.5023798703451771,-49.76310258709151,-2851.215753716892,7.739282865146283,8
centroid,1394,46.49599371980676,1063.05839224928,446.84302173343804,20.129790985302495,3.4886933715794597,1273.0,19.941589726298936,10.138212942435773,129.07940934938784,22.370747919508716,0.4703413682424062,-49.79514108919428,-2853.0514246693015,7.744381951125198,8
centroid,1395,46.5293480911983,1065.2893081761006,451.37251048218025,20.12188299403865,3.487322837890122,1272.0,20.32822968754508,9.353207405820003,129.11410205945208,22.376760511876494,0.43122894315248195,-49.83425351428421,-2855.292401553476,7.7506068869145714,8
centroid,1396,46.56270246258984,1066.9177304964537,455.5192778852353,20.28338058343701,3.515311979460021,1292.5,20.61045150292786,8.634531292238764,128.93688809163245,22.34604756531212,0.39672613180483696,-49.86875632563185,-2857.2692670250317,7.756098179891116,8
centroid,1397,46.596056833981386,1068.7048066875652,459.7850052246604,20.153496341094687,3.492801745962658,1276.0,20.920169615102512,7.895238236246111,129.01980438530455,22.360417785268254,0.3608717045895093,-49.904610752847184,-2859.3235743813293,7.761804589214164,8
centroid,1398,46.629411205372925,1069.8957409646646,463.7758968158001,19.87117041874968,3.4438718502360093,1240.5,21.12657039301108,7.203576954175822,128.79190542286986,22.320920624059962,0.3286098675431235,-49.93687258989357,-2861.1720414834263,7.766939220053323,8
centroid,1399,46.662765576764464,1071.2505566470202,467.8501637197118,20.1258373780788,3.488008172049807,1272.5,21.361373451532494,6.497465899565245,128.8309128524465,22.327681000315515,0.295277089981137,-49.970205367455556,-2863.0818689571765,7.772244296369296,8
centroid,1400,46.696119948156,1072.176928236083,472.8174379610999,19.887182645698207,3.446646928728396,1242.5,21.521922879231123,5.636587774531514,128.36995746322648,22.247792837932717,0.25614675989881536,-50.00933569753787,-2865.323871721847,7.778472081826713,8
centroid,1401,46.72947431954754,1073.3763147643162,476.84690299961045,20.212638098894843,3.503051601938391,1283.5,21.729788516488053,4.938241329646578,128.57800314440524,22.283849227660955,0.2234614178834748,-50.04202103955321,-2867.1966038712676,7.783674115575105,8
centroid,1402,46.76282869093908,1074.148666148666,480.81403781403776,20.24017844581758,3.507824618500287,1287.0,21.863644707895045,4.250697333717368,128.51551423813632,22.273019277501174,0.19202303218948827,-50.0734594252472,-2868.9978906862375,7.788677690061132,8
centroid,1403,46.79618306233062,1075.5035933620802,485.1429504769371,20.149547385175307,3.4921173525503932,1275.5,22.09846709586032,3.500453631523444,129.09811554920736,22.373989890345147,0.15709730321127763,-50.10838515422541,-2870.9989875531064,7.794236292469101,8
centroid,1404,46.829537433722166,1075.8128608923885,489.1027559055118,20.106057680545288,3.484580153362112,1270.0,22.15206624072074,2.8141798911999842,128.8449068299054,22.33010629605945,0.12636227654826446,-50.139120180888426,-2872.7599748641196,7.799127923888582,8
centroid,1405,46.862891805113705,1076.1023561220547,492.84331144586065,20.29906765506527,3.5180307052952253,1294.5,22.202238648848475,2.165904341336208,128.7152425161385,22.3076341783758,0.09724571518917285,-50.168236742247515,-2874.428230943929,7.80376196855472,8
centroid,1406,46.896246176505244,1076.5066147859923,496.61919584954603,20.22444569688304,3.505097976332729,1285.0,22.272300703755658,1.511505947403282,128.80696635309502,22.323530833350496,0.06776093215738599,-50.197721525279306,-2876.1175845715097,7.808454617520221,8
centroid,1407,46.92960054789678,1077.123310380005,501.50204029584285,20.39683851096082,3.5349753689107346,1307.0,22.379180195583736,0.6652603472037083,129.1851049876528,22.38906602687948,0.02971800066759862,-50.23576445676909,-2878.2972839861795,7.814509338116526,8
centroid,1408,46.96295491928832,1077.3386635465417,506.36791471658864,20.2008235992402,3.5010040314164823,1282.0,22.41650304534377,-0.17804417846118198,129.3474965133447,22.41721009651715,-0.007942382196034162,-50.273424839632725,-2880.4550649791126,7.820503174208008,8
centroid,1409,46.99630929067986,1076.988790104368,510.95979899497485,20.29122563520334,3.516671605107246,1293.5,22.35586649131823,-0.9738634821371335,129.11587683365764,22.377068097931986,-0.04353435237283132,-50.30901680980952,-2882.4943346547984,7.826167812196023,8
centroid,1410,47.0296636620714,1076.8789047435403,515.6444273042807,20.314742613119286,3.5207473317273013,1296.5,22.336822263276648,-1.7857562505678493,129.29488078510846,22.40809126649687,-0.07977706990796657,-50.34525952734466,-2884.5708894076465,7.831936019842823,8
centroid,1411,47.063018033462946,1076.388309514613,519.8976438779451,20.29906765506527,3.5180307052952253,1294.5,22.251797221310895,-2.5228810661841092,129.21565752495866,22.394361086051315,-0.11289664979006268,-50.37837910722675,-2886.4685015541368,7.837207164694186,8
centroid,1412,47.096372404854485,1075.8476482617586,524.4960378323108,20.37341629633241,3.530916065712728,1304.0,22.15809523848952,-3.3198285615763656,129.27941616465685,22.405411093667315,-0.14871843841832602,-50.41420089585502,-2888.5209388571466,7.8429083794247685,8
centroid,1413,47.129726776246024,1075.4287356321838,528.404214559387,20.381226691979236,3.532269685109094,1305.0,22.08549350531029,-3.997154533448949,129.50376246186985,22.444292542590297,-0.17904736549326758,-50.44452982292996,-2890.2586583757006,7.847735378087418,8
centroid,1414,47.16308114763756,1074.715913555992,532.6760969220694,20.1258373780788,3.488008172049807,1272.5,21.961954336218003,-4.7375143163070375,129.63547696937766,22.467119979279474,-0.21245909198319873,-50.47794154941989,-2892.173009289819,7.853053019515525,8
centroid,1415,47.1964355190291,1073.691794267766,536.9835100117785,20.13374381616736,3.4893784365583906,1273.5,21.784464258196348,-5.484031928223367,129.6182700399482,22.464137846941902,-0.24661610888455987,-50.51209856632125,-2894.130062199024,7.85848927759665,8
centroid,1416,47.22978989042064,1072.477704536642,541.619490758692,20.259827201484175,3.5112299436576064,1289.5,21.574050409360684,-6.287493589317405,129.66125228289226,22.47158709796314,-0.28358316420961577,-50.54906562164631,-2896.248118450176,7.864372767183184,8
centroid,1417,47.26314426181218,1071.0318309141837,546.322383498854,20.41243838973144,3.5376789833548314,1309.0,21.32346610242502,-7.102551765620965,129.68233407089636,22.475240781904752,-0.3215280955668751,-50.587010553003566,-2898.422202870861,7.870411890573974,8
centroid,1418,47.296498633203726,1069.4596313603322,550.9479491173416,20.216574731145414,3.503733859536045,1284.0,21.05098825273812,-7.90420838117181,129.7444688100267,22.48600935137013,-0.3591907309789406,-50.62467318841563,-2900.5801129253123,7.8764060851696724,8
centroid,1419,47.329853004595265,1067.4888366627497,555.7088392740566,20.157444523391572,3.493486005298435,1276.5,20.709429892632933,-8.729318087709565,129.6752780554283,22.47401790411078,-0.3989144144580936,-50.66439687189478,-2902.856112335381,7.882728305753197,8
centroid,1420,47.3632073759868,1065.75495915986,559.316219369895,20.228380031264564,3.505779835686779,1285.5,20.408931643253254,-9.354513005943334,129.54040893327794,22.450643741268244,-0.4297792587307291,-50.695261716167415,-2904.6245376475317,7.887640598286949,8
centroid,1421,47.39656174737834,1064.0825134461497,563.4659582841401,20.11001517643649,3.4852660268365945,1270.5,20.119080135107573,-10.073704112025002,129.82607970800603,22.500153333244413,-0.4642106588161268,-50.72969311625282,-2906.5973115551515,7.893120525808115,8
centroid,1422,47.42991611876988,1062.1597838672328,567.1644152836742,20.30690664653533,3.519389280632716,1295.5,19.78585193903714,-10.714683565252658,129.8296032955194,22.50076400607311,-0.49631908247268375,-50.76180153990937,-2908.43698871749,7.898230740147944,8
centroid,1423,47.46327049016142,1059.8349315944251,571.2394834420151,20.369509975465075,3.530239061379842,1303.5,19.38293187295362,-11.420933485240319,129.8105472582447,22.497461404919555,-0.5324600067397838,-50.79794246417647,-2910.5077111456967,7.903982746892963,8
centroid,1424,47.49662486155297,1057.4047337278107,575.4031558185404,20.08625850520586,3.481148758976555,1267.5,18.961754365692137,-12.142539399182414,129.91996696961849,22.516424931270553,-0.5695756610942149,-50.8350581185309,-2912.634281494072,7.9098898867495615,8
centroid,1425,47.529979232944505,1055.4451297866872,578.524158314058,20.318659463172676,3.521426160873054,1297.0,18.62213547519744,-12.683440232516702,130.00504156244946,22.531169205978422,-0.5979249312690321,-50.863407388705724,-2914.2585750273656,7.914401813230932,8
centroid,1426,47.563333604336044,1052.2760093167701,582.8941511387163,20.248040236149336,3.5091871451077004,1288.0,18.07289531740301,-13.440803536108211,129.95780473020184,22.5229825922338,-0.6394565907309815,-50.90493904816767,-2916.6381638307093,7.921011782129109,8
centroid,1427,47.59668797572758,1049.6189557613168,586.3955761316872,20.310825007719227,3.520068371672444,1296.0,17.61240145864363,-14.047635379170025,129.98956756412275,22.528487407869655,-0.6732752572906402,-50.93875771472733,-2918.5758306933385,7.926394190080857,8
centroid,1428,47.63004234711912,1046.7172299027138,589.8995135688684,20.357786515515272,3.5282072689459953,1302.0,17.10950345158334,-14.654902653850051,129.98553811925615,22.527789064920764,-0.7082762309590714,-50.97375868839576,-2920.581238763388,7.9319647680532155,8
centroid,1429,47.66339671851066,1043.584282907662,593.2292075965946,20.1258373780788,3.488008172049807,1272.5,16.566532517452575,-15.231971809331972,129.8524989702581,22.504732054661243,-0.7434534874191749,-51.008935944855864,-2922.596747093401,7.937563402303253,8
centroid,1430,47.6967510899022,1039.994514606455,596.6240591912233,20.392936676681035,3.53429914214818,1306.5,15.944389898730327,-15.820333420454732,129.60144879454737,22.461222557489844,-0.7814927036741006,-51.046975161110794,-2924.776233640794,7.943617531601567,8
centroid,1431,47.730105461293746,1037.0419254658384,599.9180900621118,20.248040236149336,3.5091871451077004,1288.0,15.432676778043321,-16.391221795472507,129.90078117418503,22.513099841735045,-0.8155093485097683,-51.08099180594646,-2926.725243823073,7.949031448774564,8
centroid,1432,47.763459832685285,1033.2472200672355,603.2020946470132,20.255898975135768,3.5105491428865623,1289.0,14.775016518139545,-16.960372515216545,129.78740860781528,22.493451246222957,-0.8541514252069324,-51.11963388264362,-2928.9392717294413,7.955181526292254,8
centroid,1433,47.796814204076824,1029.7905457340507,606.0026902382782,20.34996712344056,3.5268520903790272,1301.0,14.175940410360013,-17.445743639181757,129.70477131038547,22.479129379095816,-0.8884357960560806,-51.15391825349277,-2930.903621482359,7.960638053383692,8
centroid,1434,47.83016857546836,1026.2593288254443,608.8526170798898,20.583256751802555,3.5672835077106315,1331.0,13.563945331441438,-17.93966436041906,129.76904325155724,22.490268346972243,-0.9234109660566733,-51.18889342349336,-2932.9075511111455,7.966204524574765,8
centroid,1435,47.8635229468599,1022.6141833077315,611.8358934971837,20.357786515515272,3.5282072689459953,1302.0,12.93220528926355,-18.45669589195368,130.035509010408,22.53644951831845,-0.9596153093320129,-51.225097766768705,-2934.9819071808656,7.971966624768432,8
centroid,1436,47.89687731825144,1019.0002582978174,614.2912307890998,20.26768137010699,3.5125911493469095,1290.5,12.30587607220023,-18.882230312134876,130.04596109117512,22.538260968070613,-0.9932148157546817,-51.25869727319137,-2936.907017092607,7.977314152301047,8
centroid,1437,47.93023168964298,1014.7575757575758,616.8638281549675,20.369509975465075,3.530239061379842,1303.5,11.570576909548024,-19.328087071631195,129.97938060791057,22.526721906844834,-1.0313770127203903,-51.29685947015708,-2939.093549915689,7.983387854587386,8
centroid,1438,47.963586061034526,1010.1143976741246,619.2282897231703,20.486375592899005,3.550493037449687,1318.5,10.765867878310376,-19.737871823314233,129.7273879355628,22.483049065614235,-1.0714591335707866,-51.336941591007474,-2941.39008627435,7.989767122250333,8
centroid,1439,47.996940432426065,1005.7709563164109,621.4132231404959,20.11001517643649,3.4852660268365945,1270.5,10.013106208526345,-20.11654255744813,129.65680415833125,22.470816193651057,-1.108946466851353,-51.37442892428804,-2943.5379522565268,7.995733416645269,8
centroid,1440,48.030294803817604,1001.9074573225516,623.2043383391092,20.33040548561814,3.523461863612235,1298.5,9.343523333034897,-20.42696066987164,129.6085941442369,22.462460917794612,-1.141796252780192,-51.40727871021688,-2945.4201063481573,8.000961622455353,9
centroid,1441,48.06364917520914,997.6791191506095,625.2858828155721,20.11792783272397,3.486637369021015,1271.5,8.610710192350947,-20.787713070280873,129.8281882543085,22.500518765330337,-1.1780907777633451,-51.443573235200034,-2947.4996294491243,8.006738075513596,9
centroid,1442,48.09700354660068,993.766769865841,626.8402992776057,20.279456919490165,3.5146319693986325,1292.0,7.932661074650656,-21.05710893294681,129.83531752593046,22.50175433914578,-1.210517441925654,-51.47599989936234,-2949.3575404493126,8.011898939403007,9
centroid,1443,48.13035791799222,990.2659465020575,628.1273148148148,20.310825007719227,3.520068371672444,1296.0,7.3259334999222805,-21.28016155068434,129.85911527882988,22.5058787268684,-1.2392431629454905,-51.50472562038218,-2951.0034030272195,8.016470779897192,9
centroid,1444,48.16371228938376,985.8127072556041,629.5146571163284,19.998909270006028,3.466010266079302,1256.5,6.554142761881183,-21.52060179643435,129.80507391034374,22.496512819186282,-1.2751686163661466,-51.540651073802835,-2953.061779885317,8.022188493391907,9
centroid,1445,48.197066660775306,981.6767005473026,630.7918947094083,20.177173846430236,3.4969052935841893,1279.0,5.837331583931305,-21.741959799016858,129.89406495848334,22.5119358546267,-1.3084996001517208,-51.57398205758841,-2954.9715045832495,8.0274932842195,9
centroid,1446,48.230421032166845,977.0649935649934,632.0196911196912,20.302987529130018,3.518710058532281,1295.0,5.038076808131799,-21.954749151938124,129.971699796915,22.525390745759843,-1.345226153803693,-51.61070861124038,-2957.0757811035683,8.03333849677594,9
centroid,1447,48.263775403558384,972.9951804090139,632.9669141591768,20.181117396520943,3.4975887501124756,1279.5,4.33273763241957,-22.118912343780185,130.05180964982554,22.539274581565753,-1.377361721422796,-51.642844178859484,-2958.9170135004,8.038453031211583,9
centroid,1448,48.29712977494992,967.7752837977295,633.7586429308565,20.279456919490165,3.5146319693986325,1292.0,3.42807753329513,-22.25612682950755,129.93245961909184,22.518590031913824,-1.4179688863072288,-51.68345134374392,-2961.24363266627,8.044915862227889,9
centroid,1449,48.33048414634146,963.4078476482617,634.3206799591002,20.37341629633241,3.530916065712728,1304.0,2.671157326991478,-22.353533447213998,129.89768951486593,22.51256402636659,-1.4518642980954304,-51.71734675553212,-2963.185696706592,8.050310484562116,9
centroid,1450,48.363838517733,958.8946153846153,634.8619230769231,20.342144725641095,3.5254963908900074,1300.0,1.8889692012390582,-22.447336273032725,129.97911300849574,22.52667552919961,-1.4868429717547271,-51.752325429191416,-2965.189827080235,8.05587751337779,9
centroid,1451,48.39719288912454,954.5474233529028,635.1078930202217,20.165338568935375,3.49485412205552,1277.5,1.1355575022754725,-22.489965315302477,129.93260486463817,22.518615204414377,-1.5203474284965939,-51.78582988593328,-2967.1094910464226,8.061209913283868,9
centroid,1452,48.430547260516086,949.6414706260443,635.0115696104898,20.314742613119286,3.5207473317273013,1296.5,0.28530700678002296,-22.473271508530964,129.6814206548857,22.47508247780789,-1.5581016160926513,-51.82358407352934,-2969.272646654622,8.067218678862199,9
centroid,1453,48.463901631907625,945.6226584552219,634.7703361560174,20.33431931864807,3.524140169877757,1299.0,-0.4111931899785018,-22.431463346974013,129.45148213089655,22.435231840257934,-1.5891253646871573,-51.854607822123846,-2971.050176513762,8.072156261804254,9
centroid,1454,48.497256003299164,941.2893857620148,634.8457979953739,20.318659463172676,3.521426160873054,1297.0,-1.162192528872558,-22.444541635713453,129.67870036635173,22.474611024697218,-1.6225307534653912,-51.88801321090208,-2972.9641643037485,8.077472894554218,9
centroid,1455,48.5306103746907,936.6804163454125,634.4483423284503,20.318659463172676,3.521426160873054,1297.0,-1.96097285725516,-22.375658607980796,129.60260400128854,22.46142276632975,-1.6582116498697463,-51.92369410730644,-2975.0085290769616,8.083151685590922,9
centroid,1456,48.56396474608224,932.0897534668721,634.2442218798151,20.32649089898599,3.522783426739938,1298.0,-2.7565804801665466,-22.340282500167387,129.88121071599517,22.50970808631068,-1.6935663518917206,-51.95904880932841,-2977.0342042887632,8.088778561179259,9
centroid,1457,48.59731911747378,927.5880515423663,633.1984901731095,20.189002185802646,3.4989552626671,1280.5,-3.5367702832458137,-22.159046774654982,129.4762300140095,22.439520895014628,-1.729069752809761,-51.994552210246454,-2979.068399319728,8.094429102931938,9
centroid,1458,48.63067348886532,923.8712909441233,632.6896596017983,20.322575558316135,3.5221048591853927,1297.5,-4.180921932525507,-22.070861366138505,129.61384442300172,22.463370843423707,-1.7580097670306403,-52.02349222446733,-2980.7265399936327,8.099035049248341,9
centroid,1459,48.664027860256866,919.3398251192369,631.5903550609432,20.010842981224172,3.4680784971531113,1258.0,-4.966270116138669,-21.880340934613482,129.46093726936246,22.436870509974746,-1.7939889246948524,-52.05947138213154,-2982.787993878228,8.104761310038883,9
centroid,1460,48.697382231648405,914.555768984505,630.6938148290434,20.35387719497697,3.527529744740239,1301.5,-5.795394717516271,-21.724961578381368,129.7367626184897,22.484673791584395,-1.8314877427931024,-52.09697020022979,-2984.936517891986,8.110729432299323,9
centroid,1461,48.730736603039944,910.2527472527472,629.6941391941391,20.137695871130575,3.4900633670658334,1274.0,-6.541151263339648,-21.55170782906194,129.95498993205285,22.52249475966505,-1.8654698637485116,-52.1309523211852,-2986.8835500016344,8.116137854826123,9
centroid,1462,48.76409097443148,906.703929797787,628.3342235787867,20.42413047950531,3.5397053390245836,1310.5,-7.156196692331167,-21.31602090133123,129.73975767519394,22.48519286475705,-1.8946925886753323,-52.16017504611202,-2988.557888805813,8.120788795948842,9
centroid,1463,48.79744534582302,902.9358226371062,626.6915597043952,20.228380031264564,3.505779835686779,1285.5,-7.809247212551008,-21.03133088271619,129.4465431813393,22.434375871082917,-1.9263323455768648,-52.19181480301356,-2990.370713341091,8.125824419657947,9
centroid,1464,48.83079971721456,898.7955724225172,625.1432005060088,20.47860530034075,3.5491463683181985,1317.5,-8.526793832427142,-20.762984804201086,129.51166532548902,22.445662187607716,-1.9604694298266752,-52.22595188726336,-2992.326624193487,8.131257505359047,9
centroid,1465,48.86415408860611,895.6302719747733,623.5313362238865,20.094180516361906,3.48252172245292,1268.5,-9.075371942312355,-20.483632661844922,129.27157893383233,22.40405282346724,-1.9878596403015698,-52.25334209773826,-2993.895967653674,8.135616792748454,9
centroid,1466,48.897508459997646,891.5737318128195,621.9807314195832,20.11792783272397,3.486637369021015,1271.5,-9.778410775894248,-20.214897397446908,129.56970327775704,22.455720743085283,-2.0213377481109633,-52.286820205547656,-2995.8141219372365,8.140944999091685,9
centroid,1467,48.930862831389184,887.9160971905847,620.4765882055176,20.47471904823244,3.5484728421012375,1317.0,-10.41231530434002,-19.954214389627886,129.86839641936524,22.507487241009954,-2.0517395748272995,-52.31722203226399,-2997.5560182975705,8.145783600092612,9
centroid,1468,48.96421720278072,883.2883404036507,618.0718601362643,20.314742613119286,3.5207473317273013,1296.5,-11.214351671217653,-19.537451052056195,129.98200309633165,22.527176410221365,-2.0918731639589643,-52.357355621395655,-2999.8555035715267,8.152171059186935,9
centroid,1469,48.99757157417226,879.3542902332938,615.5099512323711,20.062473702896245,3.477026615720201,1264.5,-11.896161768640237,-19.093446709530824,129.80318656144257,22.496185722814236,-2.127991780886414,-52.3934742383231,-3001.9249478833194,8.157919515608581,9
centroid,1470,49.0309259455638,875.595464135021,613.1302742616033,20.0585068271871,3.476339116629799,1264.0,-12.547603788258765,-18.68102497696144,129.84738261004884,22.503845338452333,-2.162259199424015,-52.427741656860704,-3003.8883263403322,8.16337334465584,9
centroid,1471,49.06428031695534,871.9809412679891,610.5013613380008,20.228380031264564,3.505779835686779,1285.5,-13.174036619918239,-18.225408170123856,129.75731472387588,22.48823567625002,-2.1966866241989136,-52.4621690816356,-3005.860872479438,8.168852639486689,9
centroid,1472,49.097634688346886,868.6043661432401,608.154091663475,20.385130767619295,3.5329463003217185,1305.5,-13.759230736685417,-17.81860294493266,129.89813834109256,22.512641812424228,-2.2283443530739646,-52.493826810510654,-3007.674726732948,8.173891123524216,9
centroid,1473,49.130989059738425,865.2209591010061,605.2595060760486,20.149547385175307,3.4921173525503932,1275.5,-14.345608892832958,-17.316942418020236,129.75118816388624,22.487173882352504,-2.262624746095702,-52.52810720353239,-3009.638848573143,8.179347017524758,9
centroid,1474,49.164343431129964,862.2404780667191,602.7589965852377,20.098140350968553,3.483208001250094,1269.0,-14.862155956636414,-16.88357920562856,129.7853022458097,22.493086192697447,-2.2926049128291157,-52.5580873702658,-3011.356585596066,8.1841185092551,9
centroid,1475,49.1976978025215,858.7045333333332,599.3926666666666,19.947114020071634,3.457033633124824,1250.0,-15.474970414702153,-16.300160685185734,129.68663411753556,22.475986022837386,-2.3302306370978436,-52.59571309453453,-3013.512380797787,8.19010682925988,9
centroid,1476,49.23105217391304,855.3838032702458,596.3950045062443,20.29906765506527,3.5180307052952253,1294.5,-16.05048602578605,-15.780635961012706,129.87603456689425,22.508811008091048,-2.3646718414007784,-52.63015429883747,-3015.4857164456935,8.195588317170731,9
centroid,1477,49.26440654530458,851.9236248516027,592.7094050916764,20.05453916681257,3.4756514815490673,1263.5,-16.650169426493818,-15.141884855385827,129.85786435866942,22.505661929939144,-2.4036011310907273,-52.669083588527414,-3017.7162004443694,8.201784106055943,9
centroid,1478,49.29776091669612,849.3561897212313,589.3473378253402,20.038660669337457,3.47289957970704,1261.5,-17.095131519136835,-14.559205095052727,129.56386787308938,22.454709409306435,-2.436136836492721,-52.70161929392941,-3019.5803590473847,8.206962324397653,9
centroid,1479,49.331115288087666,845.7461341938953,585.64622831787,19.863159464818494,3.442483472090396,1239.5,-17.72079011630988,-13.917765935767445,130.01490388282645,22.532878444378,-2.475822745401003,-52.741305202837694,-3021.85419413397,8.213278532971499,9
centroid,1480,49.364469659479205,843.4173936029606,582.4427702881311,20.03468907863958,3.4722112634621065,1261.0,-18.124384066671993,-13.362574736681314,129.92795039699837,22.517808538790522,-2.5062882890372267,-52.77177074647392,-3023.5997412048973,8.218127274835187,9
centroid,1481,49.397824030870744,840.9893588720403,579.1360734237829,19.971036212182124,3.4611795874027624,1253.0,-18.54518668096199,-12.789491218780064,129.98473829326213,22.527650447105714,-2.537854016099704,-52.80333647353639,-3025.408324142839,8.223151116329468,9
centroid,1482,49.43117840226228,838.2598644878437,574.8970373322704,19.98298656901829,3.4632507033280486,1254.5,-19.018235257217075,-12.054824022029559,129.92287069835055,22.516928176395542,-2.576650254707065,-52.84213271214375,-3027.6311848760233,8.229325729477203,9
centroid,1483,49.46453277365382,836.0315243415802,571.4675445597233,19.971036212182124,3.4611795874027624,1253.0,-19.40442881002496,-11.460458749573393,130.0332578852612,22.536059375897995,-2.608105829745065,-52.873588287181754,-3029.433456567858,8.2343320397323,9
centroid,1484,49.49788714504536,834.4328278797552,567.6032189412077,19.971036212182124,3.4611795874027624,1253.0,-19.68149883790595,-10.790732611791679,129.5108370271825,22.445518635257184,-2.640080298151682,-52.90556275558837,-3031.2654586597314,8.239420934431948,9
centroid,1485,49.5312415164369,832.7488262910798,563.6081116327595,20.16928443308995,3.495537979634134,1278.0,-19.973353094337657,-10.098340703902094,129.13884209219958,22.38104820608663,-2.6734825284185693,-52.93896498585526,-3033.179265480348,8.244737064489216,9
centroid,1486,49.564595887828446,829.9597585513078,559.3361502347418,19.887182645698207,3.446646928728396,1242.5,-20.45672632676382,-9.357967223432818,129.79944568806317,22.495537392179696,-2.7125590776959307,-52.97804153513262,-3035.418186831876,8.250956290465684,9
centroid,1487,49.597950259219985,827.8968640173019,555.2445255474453,19.8110093045411,3.433445329636786,1233.0,-20.814246506298144,-8.648847891990947,130.05392530491415,22.53964124567516,-2.747774376732548,-53.01325683416924,-3037.4358748409654,8.25656097937982,9
centroid,1488,49.631304630611524,826.3113284433578,550.919315403423,19.762748552453708,3.4250812603805456,1227.0,-21.08903562116085,-7.899245873214091,129.93996854066083,22.5198914028483,-2.783202108394115,-53.048684565830804,-3039.465734342895,8.26219947799629,9
centroid,1489,49.66465900200306,824.344212871936,546.5302136584087,20.11792783272397,3.486637369021015,1271.5,-21.429956352039806,-7.138570803304067,130.33097325336192,22.587656415930287,-2.8200415147476114,-53.085523972184305,-3041.576476846718,8.268062651618022,9
centroid,1490,49.6980133733946,823.2074950690335,541.8281393819855,20.08625850520586,3.481148758976555,1267.5,-21.62696087470165,-6.323654474922456,130.01278252573783,22.53251079205517,-2.8571257719464462,-53.12260822938313,-3043.7012482705886,8.273964794462106,9
centroid,1491,49.73136774478614,821.7982560443916,537.2298850574713,20.038660669337457,3.47289957970704,1261.5,-21.871196040771135,-5.52673117877487,130.16377018561604,22.55867845810754,-2.8940795927729965,-53.159562050209686,-3045.818546240833,8.279846177712786,9
centroid,1492,49.76472211617768,820.706541568934,532.7585353140474,20.177173846430236,3.4969052935841893,1279.0,-22.060401038327598,-4.751801711137287,130.20813235848075,22.56636686473506,-2.9294345737708065,-53.194917031207495,-3047.8442374367723,8.285473097701507,9
centroid,1493,49.798076487569226,819.9133909853249,528.266640461216,20.12188299403865,3.487322837890122,1272.0,-22.197861938230716,-3.9733115713068767,130.11750528058252,22.550660289034397,-2.964473115352166,-53.22995557278885,-3049.851797989678,8.29104965479291,9
centroid,1494,49.831430858960765,819.5213201320132,523.3073267326732,20.046601490203663,3.474275803093615,1262.5,-22.26581172410463,-3.1138130824759447,129.7241424946878,22.482486598369707,-3.002646504944794,-53.26812896238148,-3052.038972103044,8.29712513844115,9
centroid,1495,49.864785230352304,818.7515536162898,518.7035567896337,20.030716700474503,3.4715228107412592,1260.5,-22.39921993202039,-2.3159338746746507,129.93267821772454,22.51862791723521,-3.0385652355712263,-53.30404769300792,-3054.096963773406,8.302841781969933,9
centroid,1496,49.89813960174384,818.2935658607478,514.4883075703527,20.038660669337457,3.47289957970704,1261.5,-22.478593773914262,-1.5853891799185962,130.02386936428323,22.534432251655687,-3.071180408467014,-53.336662865903705,-3055.965675528424,8.308032647956095,9
centroid,1497,49.93149397313538,817.7715460090161,509.3126491646778,20.002887964817102,3.4666998135378457,1257.0,-22.569065016159094,-0.6883960026610068,130.28426388638758,22.579561217173726,-3.1111003564290014,-53.37658281386569,-3058.252920065028,8.314386105002216,9
centroid,1498,49.96484834452692,817.4557689794851,504.83366000261327,20.149547385175307,3.4921173525503932,1275.5,-22.62379232210212,0.08785745235398695,130.54046206585434,22.623962914696023,3.137709263508611,-53.410958501107665,-3060.2225018618547,8.319857165548957,9
centroid,1499,49.99820271591847,817.6913238396623,499.7089926160337,20.0585068271871,3.476339116629799,1264.0,-22.58296831752385,0.9760133778756811,130.4255623004049,22.604049640364845,3.0984005297010566,-53.450267234915216,-3062.4747264070306,8.326113344841113,9
centroid,1500,50.031557087310006,817.9656262346898,494.74028710654545,20.070405102179357,3.4784012062525393,1265.5,-22.535428979035963,1.8371395559337835,130.4609857443366,22.61018887619364,3.0602502524701367,-53.48841751214614,-3064.6605762796166,8.33218515004274,9
centroid,1501,50.064911458701545,818.4908585055643,490.4709856915739,20.010842981224172,3.4680784971531113,1258.0,-22.44440099254184,2.5770520348343804,130.35525285173605,22.591864312275277,3.0272739004997673,-53.52139386411651,-3066.5499820712566,8.337433499463963,9
centroid,1502,50.098265830093084,819.3698959167334,486.10728582866295,19.93913357805586,3.4556505429982036,1249.0,-22.292055049558382,3.333324705445563,130.05537735011785,22.539892899578625,2.9931626711664694,-53.55550509344981,-3068.504411546058,8.342862470227299,9
centroid,1503,50.13162020148462,819.6844569288389,482.22592295345106,19.915173064399998,3.4514979472145773,1246.0,-22.23753849155283,4.006003569589409,130.37617494283148,22.59549031915123,2.9633583026251338,-53.585309461991145,-3070.2120760745283,8.347605982806384,9
centroid,1504,50.16497457287616,820.7444265377384,477.97528874563517,19.875174684869673,3.4445658294572072,1241.0,-22.053835195709215,4.742680835470785,130.16002229281014,22.55802891093644,2.929768548184934,-53.618899216431345,-3072.1366272388327,8.352951958262786,9
centroid,1505,50.1983289442677,821.353144528653,473.5394229490759,19.975020458847634,3.461870097053004,1253.5,-21.948338301995033,5.511460581518395,130.57387487556375,22.629753687578074,2.895568985552401,-53.653098779063875,-3074.09611783887,8.358394987707333,9
centroid,1506,50.23168331565925,823.0634146341464,469.22168021680216,19.786893642157743,3.4292658450326248,1230.0,-21.651931449832404,6.259768423426296,130.0482176362978,22.5386520498269,2.8601572998493543,-53.68851046476692,-3076.1250579750986,8.36403093253019,9
centroid,1507,50.265037687050786,823.7855913124089,464.60508541914976,20.014819303763414,3.4687676334733064,1258.5,-21.526771034982435,7.059870306331968,130.7188605532838,22.654881150312544,2.8246879466224333,-53.72397981799384,-3078.1573022170596,8.369676055424527,9
centroid,1508,50.298392058442325,825.3537791848041,460.41129138636063,20.05453916681257,3.4756514815490673,1263.5,-21.254988449668407,7.786696603467564,130.6122971883611,22.63641265726508,2.7904298641510903,-53.75823790046518,-3080.1201457568786,8.375128398590691,9
centroid,1509,50.33174642983386,827.1910666666666,456.2066666666666,19.947114020071634,3.457033633124824,1250.0,-20.936568220449946,8.515399966571824,130.41393005995224,22.60203365717886,2.755303395119014,-53.79336436949726,-3082.132744181614,8.380718949770511,9
centroid,1510,50.3651008012254,829.3244717109748,451.9393319700068,19.726475505261554,3.418794779840402,1222.5,-20.566827866841397,9.254971593590604,130.1324251834944,22.5532460568862,2.718742809143057,-53.82992495547322,-3084.2275114545614,8.38653774775092,9
centroid,1511,50.39845517261694,831.1467034410296,448.526792750197,20.098140350968553,3.483208001250094,1269.0,-20.25101694944213,9.84639864641484,129.92840553340977,22.517887418466064,2.689031721117505,-53.85963604349877,-3085.929831403167,8.391266414274826,9
centroid,1512,50.43180954400848,832.8775428799362,444.5451402738997,19.975020458847634,3.461870097053004,1253.5,-19.9510452268251,10.536458697814954,130.18515065358076,22.562383906262678,2.6557063553825535,-53.89296140923372,-3087.8392342105094,8.396570310961888,9
centroid,1513,50.465163915400026,835.146318978006,440.26603450546554,20.070405102179357,3.4784012062525393,1265.5,-19.557843720624014,11.278070368871223,130.26733797050412,22.576627787283986,2.618517712456645,-53.93015005215963,-3089.9699864959834,8.402489067310427,9
centroid,1514,50.498518286791565,837.0845089345694,436.6873572484213,19.87117041874968,3.4438718502360093,1240.5,-19.22193608704443,11.898290799117527,130.43948504603293,22.606462590922664,2.587322880655454,-53.96134488396082,-3091.757318700812,8.407453878990506,9
centroid,1515,50.531872658183104,839.7571409592134,432.5263717284442,19.98298656901829,3.4632507033280486,1254.5,-18.758742324334502,12.619431054045219,130.45075364156648,22.60841555082044,2.549409148916605,-53.999258615699674,-3093.9296155150396,8.413488036807804,9
centroid,1516,50.56522702957464,842.5215937959618,428.9240540179168,19.919168484856367,3.4521903933941225,1246.5,-18.279635099890395,13.24374861045781,130.24661107540203,22.57303560981881,2.5146067855822354,-54.03406097903404,-3095.9236440511795,8.419027004963748,9
centroid,1517,50.59858140096618,845.2864167995746,425.27578415736303,19.979003910967972,3.4625604690006497,1254.0,-17.800463721839986,13.876030132384189,130.2285613930407,22.569907420000096,2.4794574315205433,-54.06921033309573,-3097.9375536915254,8.424621198409154,9
centroid,1518,50.63193577235772,847.6789088489687,422.1316034597471,19.967051170495804,3.4604889399674916,1252.5,-17.38582100844211,14.42094797911343,130.33458658819242,22.588282642863376,2.449141063870012,-54.09952670074627,-3099.674553608068,8.429446198177327,9
centroid,1519,50.66529014374926,850.3161881977671,418.9448431685273,19.979003910967972,3.4625604690006497,1254.0,-16.92875421674645,14.973245293720847,130.40485026719116,22.600460038613026,2.4174152685285413,-54.13125249608773,-3101.49230778283,8.434495515329443,9
centroid,1520,50.698644515140806,853.6068239370918,415.619218979075,19.951103044013138,3.4577249707246014,1250.5,-16.35845425186125,15.54960910567387,130.2271103000684,22.569655931127823,2.381538302306178,-54.1671294623101,-3103.547906529105,8.440205511846875,9
centroid,1521,50.731998886532345,856.2059095106185,412.6179923492943,20.05453916681257,3.4756514815490673,1263.5,-15.908006822022015,16.069751587906723,130.4713151378471,22.611979063021654,2.3511364938035477,-54.19753127081273,-3105.289801845871,8.445044109949002,9
centroid,1522,50.765353257923884,859.7696703880913,408.97182349813926,19.979003910967972,3.4625604690006497,1254.0,-15.290371548997514,16.7016689839677,130.65486240391567,22.64378963328403,2.3121090553329497,-54.23655870928333,-3107.5259093554423,8.451255519697812,9
centroid,1523,50.79870762931542,863.0614861329146,406.47841444270017,20.137695871130575,3.4900633670658334,1274.0,-14.719867077400613,17.13380162015343,130.33600837130996,22.588529052045747,2.28055706770502,-54.26811069691126,-3109.3337050817718,8.456277174493172,9
centroid,1524,50.83206200070696,866.3863206271965,403.5893484725601,19.8110093045411,3.433445329636786,1233.0,-14.14364012748996,17.634505542387025,130.4351703065382,22.60571480357175,2.246782049670372,-54.301885714945904,-3111.268871068135,8.461652635566402,9
centroid,1525,50.8654163720985,869.5002023472279,401.3930932146229,19.831083288112968,3.4369243510274954,1235.5,-13.603973395506124,18.015138464321307,130.2557323030361,22.574616409461036,2.2175796960487766,-54.331088068567496,-3112.942042682501,8.466300334495196,9
centroid,1526,50.89877074349004,872.6281641353584,399.07620570210497,19.95509127054853,3.458416170125953,1251.0,-13.061866447412507,18.416678158077602,130.27785024541416,22.578449669280953,2.18769753313147,-54.36097023148481,-3114.6541645003854,8.471056228433765,9
centroid,1527,50.932125114881586,876.1210293526337,396.8933118884868,19.89518392650703,3.448033630425511,1243.5,-12.456518098777085,18.7949954085643,130.10271728541966,22.548097382109965,2.1560874747127854,-54.39258028990349,-3116.465287437938,8.476087125482522,9
centroid,1528,50.965479486273125,880.4944329896907,393.86474226804125,19.6456289539899,3.404783266867296,1212.5,-11.698563667408063,19.31987670355289,130.3197081216477,22.585704056346916,2.115264462256126,-54.43340330236015,-3118.8042737587143,8.482584309706901,9
centroid,1529,50.998833857664664,884.0477145148357,391.6214915797915,19.923163104065253,3.4528827007094938,1247.0,-11.082744570568961,19.708654401870874,130.4657890053105,22.61102132918502,2.083055749341813,-54.465612015274466,-3120.6496970722533,8.487710485577843,9
centroid,1530,51.0321882290562,888.5908232118758,389.4627530364372,19.827070117316413,3.436228828537114,1235.0,-10.295378561190068,20.082785303313017,130.21735885613413,22.567965908720648,2.044510228041347,-54.50415753657493,-3122.858192761901,8.493845195826864,9
centroid,1531,51.06554260044774,892.7404214559386,387.7825670498084,19.69013563619756,3.4124967184039874,1218.0,-9.576211834652774,20.373978277887492,129.8960600573874,22.512281625147978,2.01017498483881,-54.538492779777464,-3124.825457285962,8.499309819504811,9
centroid,1532,51.09889697183928,896.7561309768461,385.9439649267023,19.67800743323829,3.4103947799733265,1216.5,-8.880249358042503,20.692626347533896,129.92691420524935,22.517628956434745,1.976177161311689,-54.57249060330459,-3126.7733890866966,8.504720741173518,9
centroid,1533,51.13225134323082,900.4173636001593,384.27718040621266,19.990949504807148,3.4646307594510946,1255.5,-8.245721260155674,20.98149671448053,130.07692380287008,22.54362711455148,1.945253406819189,-54.603414357797085,-3128.5451897058156,8.50964240955996,9
centroid,1534,51.165605714622366,903.5166599759133,382.6056469958517,19.911176842213806,3.450805362087265,1245.5,-7.708582313678401,21.27119011136466,130.54582698026317,22.624892707824564,1.9184708961709693,-54.63019686844531,-3130.079714530723,8.513904978518035,9
centroid,1535,51.198960086013905,909.0880884931876,381.09658707675703,19.831083288112968,3.4369243510274954,1235.5,-6.742998232222451,21.532725233160303,130.19347632483618,22.563826828056747,1.8742743274585316,-54.67439343715775,-3132.6119913869056,8.520939080896321,9
centroid,1536,51.232314457405444,913.982884748102,379.5853692201518,19.605080656986015,3.3977558429318178,1207.5,-5.8946812644893924,21.794634347030417,130.27362894729288,22.577718076251205,1.8349413223050886,-54.713726442311184,-3134.8656065777636,8.52719912309315,9
centroid,1537,51.26566882879698,919.0691256830601,378.5254098360656,19.706294962377495,3.415297290659024,1220.0,-5.01318502595418,21.978335870812007,130.07233562340738,22.542831937329282,1.7950562537433197,-54.75361151087296,-3137.150852671943,8.533547028910315,9
centroid,1538,51.29902320018852,923.608199202091,377.67437061494013,19.637525992641294,3.403378942919388,1211.5,-4.226518353134921,22.12582944845831,129.97458893573307,22.52589146230735,1.759544399211529,-54.78912336540475,-3139.185532059297,8.539198916097408,9
centroid,1539,51.33237757158006,928.2561374795417,376.7148117839607,19.722441048627633,3.418095568302291,1222.0,-3.420984332841704,22.292130555892687,130.13156950334223,22.553097758988958,1.7230698970147948,-54.82559786760148,-3141.275367095011,8.545004013418836,9
centroid,1540,51.36573194297161,932.5027049521432,376.1588292412262,19.556311724091138,3.3893037008776066,1201.5,-2.685011872698101,22.388487870927303,130.10744905050927,22.548917444152142,1.6901545076328675,-54.85851325698341,-3143.1612799876248,8.550242660342763,9
centroid,1541,51.399086314363146,936.7029983792545,375.558076715289,19.819041337834626,3.4348373610459495,1234.0,-1.9570591657598564,22.492604270184852,130.27285892403273,22.577584623546922,1.6575867567586866,-54.891081007857586,-3145.027274660949,8.555425978879775,9
centroid,1542,51.432440685754685,941.3684,375.0872,19.947114020071634,3.457033633124824,1250.0,-1.148498574051052,22.574211897241653,130.42186494924064,22.603408852563895,1.6216290726267584,-54.927038691989516,-3147.087498202773,8.561148822051509,9
centroid,1543,51.465795057146224,945.451170298628,374.9577616357277,19.859152776030417,3.441789072996677,1239.0,-0.4409137963996202,22.596644855626295,130.40765472970676,22.60094607991351,1.5903062078113868,-54.95836155680489,-3148.8821661589527,8.566134010818674,9
centroid,1544,51.49914942853776,950.8718788374949,375.07395279028515,19.71840576652941,3.417396213702991,1221.5,0.4985490108703164,22.576507770693983,130.29840342572882,22.582011740242397,1.5487172700328546,-54.99995049458342,-3151.265036768095,8.57275309584407,9
centroid,1545,51.5325037999293,955.1689333333333,375.3745333333333,19.947114020071634,3.457033633124824,1250.0,1.2432713752452094,22.524414167291763,130.163895966313,22.55870025715573,1.5156556666141996,-55.033012098002075,-3153.159327107919,8.578015013454692,9
centroid,1546,51.56585817132084,960.170501951285,375.26658592383257,19.85514527870861,3.4410945337760053,1238.5,2.1100930574816648,22.543122529056642,130.64258695429902,22.64166217554033,1.4774657435966816,-55.071202021019594,-3155.347448516752,8.584093128479228,9
centroid,1547,51.59921254271239,964.6593317033415,376.03966313501763,19.762748552453708,3.4250812603805456,1227.0,2.888051984803975,22.40914054462622,130.37033233605973,22.594477737175975,1.442624536751287,-55.10604322786499,-3157.3437026221354,8.58963827877196,9
centroid,1548,51.632566914103926,969.0995145631068,376.8310409924487,19.83509564693766,3.4376197327950617,1236.0,3.6575799209248236,22.271986875835005,130.23093500062188,22.57031878984697,1.4080258846561915,-55.140641879960086,-3159.326059364026,8.595144825277211,9
centroid,1549,51.665921285495465,973.7542787286063,377.5162999185004,19.762748552453708,3.4250812603805456,1227.0,4.4642969356370195,22.153224675329408,130.39393765551134,22.598568774264486,1.3719405632695283,-55.17672720134675,-3161.3935959818555,8.60088798254896,9
centroid,1550,51.699275656887,978.5234990491714,378.9513719098071,19.762748552453708,3.4250812603805456,1227.0,5.290850342580275,21.904512398710818,130.0238852227188,22.534435000080602,1.3337942440697617,-55.21487352054651,-3163.5792190759603,8.606959157810362,9
centroid,1551,51.73263002827854,983.4220221039706,379.88988948014736,19.71840576652941,3.417396213702991,1221.5,6.139813201870998,21.741857951421846,130.3569589556232,22.592159997080287,1.2955672205999333,-55.25310054401634,-3165.769466184129,8.613043177555275,9
centroid,1552,51.76598439967008,987.7827982560444,381.08244153785176,20.038660669337457,3.47289957970704,1261.5,6.89557916425927,21.535176796013204,130.47275106264146,22.61222792309754,1.2609113153332339,-55.287756449283044,-3167.7551032911165,8.618558836185796,9
centroid,1553,51.79933877106162,992.4189749765823,382.6880770774789,19.911176842213806,3.450805362087265,1245.5,7.699074789535295,21.256904156801024,130.4496400348525,22.60822255167979,1.2233018362984984,-55.32536592831778,-3169.909967709493,8.624544570681286,9
centroid,1554,51.83269314245317,996.5571882446386,384.63476303944924,20.018794836487846,3.469456632910725,1259.0,8.416268386279112,20.91952408082153,130.10826576916094,22.549058989633096,1.1882946179310632,-55.36037314668521,-3171.9157335744394,8.63011614252836,9
centroid,1555,51.866047513844705,1000.7842897842897,386.24067290733956,19.774824782454758,3.4271741913796347,1228.5,9.14886720626396,20.64120389778766,130.27461489916752,22.57788895153611,1.1535838890986791,-55.3950838755176,-3173.9045118403583,8.635640526600357,9
centroid,1556,51.899401885236244,1004.7174168297456,388.1042400521852,20.165338568935375,3.49485412205552,1277.5,9.830517316942226,20.31822914109678,130.23735358265122,22.57143119407397,1.1201702502772581,-55.42849751433902,-3175.8189723230003,8.640958472385472,9
centroid,1557,51.93275625662778,1009.0648369132856,390.6771413418191,20.002887964817102,3.4666998135378457,1257.0,10.583968539560049,19.872319708583163,129.91229040843382,22.515094506720143,1.08141124301441,-55.46725652160187,-3178.0396998572783,8.64712715998069,9
centroid,1558,51.96611062801932,1013.7238245752667,392.73106808902935,20.070405102179357,3.4784012062525393,1265.5,11.391417528299742,19.51635373586472,130.3884666391362,22.59762059260787,1.0424589771956898,-55.50620878742058,-3180.2715002911623,8.653326605630367,9
centroid,1559,51.99946499941086,1018.0537373737374,395.3446464646465,19.847127856504603,3.439705034614256,1237.5,12.141834563954555,19.063394559002116,130.4120451656489,22.601706986213074,1.0036720561223487,-55.54499570849393,-3182.493827168972,8.659499735846506,9
centroid,1560,52.0328193708024,1022.1250502613591,397.7799222624313,19.89518392650703,3.448033630425511,1243.5,12.847433658105235,18.64133699566711,130.63126269893874,22.63969956923993,0.9673619136209975,-55.58130585099528,-3184.574245087818,8.665278674509967,9
centroid,1561,52.066173742193946,1026.042112211221,400.503102310231,20.046601490203663,3.474275803093615,1262.5,13.526299527628007,18.1693827568321,130.69894326332306,22.6514292854861,0.9308530598050011,-55.61781470481127,-3186.6660483263345,8.6710892390614,9
centroid,1562,52.099528113585485,1029.8794524189261,403.2287347155768,19.979003910967972,3.4625604690006497,1254.0,14.19134882480606,17.697003499996548,130.88871540178138,22.684318688164616,0.8948937352176798,-55.6537740293986,-3188.7263658593292,8.67681234331972,9
centroid,1563,52.132882484977024,1032.7109017144353,405.6196832875278,20.13374381616736,3.4893784365583906,1273.5,14.682067203174643,17.282628286620366,130.84725096121636,22.677132487420604,0.8665766639534864,-55.68209110066279,-3190.3488145309384,8.6813191451853,9
centroid,1564,52.16623685636856,1035.6081824279006,408.82723004694833,19.887182645698207,3.446646928728396,1242.5,15.184194822286608,16.72672846993613,130.34898061418312,22.590777271004363,0.8336993005972045,-55.71496846401907,-3192.2325486927716,8.686551740079283,9
centroid,1565,52.1995912277601,1038.8662869541631,411.9616219148359,19.77884855394466,3.4278715510758095,1229.0,15.748856803773858,16.183507124944718,130.2965048511521,22.58168269834891,0.7990089152284293,-55.74965884938785,-3194.220161364085,8.692072886388486,9
centroid,1566,52.23294559915164,1042.1857031857032,415.1990416990417,20.24017844581758,3.507824618500287,1287.0,16.32414471475826,15.62243001537983,130.3738559233028,22.595088409957828,0.7634364386965847,-55.78523132591969,-3196.2583141361874,8.697734421866548,9
centroid,1567,52.26629997054318,1045.2541797283177,418.557079414838,20.153496341094687,3.492801745962658,1276.0,16.855942277032113,15.040448616309865,130.3482995396178,22.59065923399527,0.7285410440385385,-55.82012672057774,-3198.2576729745374,8.703288196417521,9
centroid,1568,52.299654341934726,1048.8977900552486,422.25822152065246,20.082296327732614,3.4804620741372525,1267.0,17.4874162553493,14.399003807406668,130.70579396462207,22.652616580288612,0.6888426782004833,-55.859825086415796,-3200.532221790624,8.709606387573317,9
centroid,1569,52.333008713326265,1051.8096931384168,425.7819043856183,20.070405102179357,3.4784012062525393,1265.5,17.992078076843026,13.788314453327926,130.79382652039214,22.667873499449993,0.6538862447459978,-55.89478151987028,-3202.5350778943957,8.71516987675046,9
centroid,1570,52.366363084717804,1054.7200582935877,429.83638049814516,20.010842981224172,3.4680784971531113,1258.0,18.49647336008933,13.085633340080037,130.73282795409318,22.657301840058278,0.6157194109982832,-55.932948353617995,-3204.7218763855176,8.721244317003576,9
centroid,1571,52.39971745610934,1056.7737816002084,432.9295022152723,20.177173846430236,3.4969052935841893,1279.0,18.85240407452631,12.549564523473407,130.6756920037803,22.64739961050801,0.587315399480793,-55.96135236513548,-3206.3493063667106,8.725764955840223,9
centroid,1572,52.43307182750088,1059.4448370632117,436.807878549928,20.13374381616736,3.4893784365583906,1273.5,19.315324603393424,11.877403256568895,130.8347998739502,22.67497458992201,0.5513188129636245,-55.997348951652654,-3208.411758851022,8.731493990518867,9
centroid,1573,52.46642619889242,1061.821300358995,441.4504720117005,19.975020458847634,3.461870097053004,1253.5,19.727189374063627,11.072795546093921,130.53091096946875,22.622307614515506,0.5114744964317975,-56.03719326818448,-3210.694670025879,8.737835410449025,9
centroid,1574,52.49978057028396,1064.2078337330136,445.2759126032507,19.95509127054853,3.458416170125953,1251.0,20.14079938964059,10.409808570975487,130.8171695257049,22.671919074884276,0.47703798847772727,-56.07162977613855,-3212.667736592816,8.743316150912738,9
centroid,1575,52.533134941675506,1066.140240711669,449.1618262689691,20.137695871130575,3.4900633670658334,1274.0,20.475704775521237,9.736341009488129,130.82161146797725,22.672688907744128,0.44386192396872437,-56.10480584064755,-3214.568585070035,8.748596285571681,9
centroid,1576,52.566489313067045,1067.6510190664035,453.5368836291913,20.08625850520586,3.481148758976555,1267.5,20.73753771933749,8.978099971415181,130.3883764170799,22.59760495622645,0.4085762406159938,-56.14009152400028,-3216.590305803382,8.754212176497644,9
centroid,1577,52.599843684458584,1069.3679894179893,457.70648148148143,20.026743534373637,3.470834221463288,1260.0,21.035105790916045,8.255467113475556,130.3853969989356,22.59708859337207,0.37399074033924923,-56.174677024277024,-3218.5719090015878,8.759716629825993,9
centroid,1578,52.63319805585012,1070.5565569487983,461.4340386624869,20.153496341094687,3.492801745962658,1276.0,21.241096388107813,7.609444308814936,130.1885584063245,22.5629745037715,0.34399804982118765,-56.20466971479509,-3220.290363584515,8.76449011477857,9
centroid,1579,52.66655242724166,1071.8399684666929,465.4680068322165,20.094180516361906,3.48252172245292,1268.5,21.46352439338401,6.910317426415933,130.1051061675357,22.548511399185937,0.31147654053671703,-56.23719122407956,-3222.1537088099108,8.769666073738001,9
centroid,1580,52.6999067986332,1073.6449362843728,470.0252179745137,19.887182645698207,3.446646928728396,1242.5,21.776343302733427,6.120507322742797,130.51827677172835,22.620117982147026,0.27399342451931247,-56.274674340096965,-3224.301333160707,8.775631696934658,9
centroid,1581,52.73326117002475,1074.0098381877021,474.2168284789644,20.244109722623776,3.508505947946064,1287.5,21.8395844388362,5.394059452827161,129.80125695557575,22.495851302888948,0.24213942740014802,-56.30652833721613,-3226.126432756257,8.78070141803341,9
centroid,1582,52.766615541416286,1075.6754662463882,478.78027318098236,20.098140350968553,3.483208001250094,1269.0,22.128254379428103,4.603169011136848,130.41353198825018,22.601964667386103,0.2050972166056567,-56.34357054801062,-3228.248795098615,8.786596868984402,9
centroid,1583,52.799969912807825,1076.2264349657714,482.9553712480253,20.074369626682653,3.4790882978555375,1266.0,22.223742748913086,3.879582911170792,130.17041148549092,22.55982946155656,0.17282772088389445,-56.37584004373238,-3230.097701010488,8.791732718739606,9
centroid,1584,52.833324284199364,1077.404761904762,487.5608465608465,20.026743534373637,3.470834221463288,1260.0,22.427958549494974,3.0814081457922824,130.62519737704778,22.638648388515154,0.13653655511163054,-56.41213120950464,-3232.177031642848,8.797508637162828,9
centroid,1585,52.8666786555909,1077.8678274633953,491.2651365255243,20.05453916681257,3.4756514815490673,1263.5,22.508212425265,2.4394177815795888,130.63309630759105,22.640017351891323,0.1079576355048706,-56.44071012911141,-3233.8144831193595,8.802057113486471,9
centroid,1586,52.90003302698244,1077.9346557759627,495.1382082198885,20.228380031264564,3.505779835686779,1285.5,22.51979443777859,1.7681758616984586,130.339321723076,22.58910328892443,0.07835576556448151,-56.470311999051795,-3235.5105453326387,8.806768397412245,9
centroid,1587,52.93338739837398,1078.3418134377036,499.8223091976517,20.165338568935375,3.49485412205552,1277.5,22.590358917893685,0.956374485078961,130.463324226064,22.61059415838002,0.042310249851702654,-56.506357514764574,-3237.5758012533533,8.81250521941423,9
centroid,1588,52.96674176976553,1078.5960351844558,504.70198240777205,20.102099405542752,3.483894144859872,1269.5,22.63441807993134,0.11067849171020815,130.60234981251037,22.634688677904318,0.004889792580827049,-56.54377797203545,-3239.719835522424,8.81846087016165,9
centroid,1589,53.000096141157066,1078.011314865392,509.0169072701261,20.196883896891812,3.5003212417402834,1281.5,22.533080221886266,-0.6371409852604746,130.06803305463214,22.542086259285334,-0.028268273038239373,-56.57693603765451,-3241.6196527392144,8.82373814020829,9
centroid,1590,53.033450512548605,1078.1727224855185,514.2348604528698,20.074369626682653,3.4790882978555375,1266.0,22.561053770884808,-1.5414642688525015,130.48096832630384,22.613652056775447,-0.06821810569805255,-56.61688587031433,-3243.9086095428756,8.830096353551793,9
centroid,1591,53.066804883940144,1077.7371794871794,518.1810897435897,19.931149940667517,3.454266899081675,1248.0,22.485569829076727,-2.2253851291991937,130.37579276233728,22.595424083463147,-0.09864823082869445,-56.64731599544497,-3245.6521272829164,8.83493945838524,9
centroid,1592,53.10015925533168,1077.201968503937,522.5024934383201,20.106057680545288,3.484580153362112,1270.0,22.392812432291148,-2.9743274523824073,130.3415037466499,22.5894814553537,-0.1320521388831753,-56.68071990349945,-3247.5660302336814,8.840255855470698,9
centroid,1593,53.13351362672322,1076.4853057982525,526.8051363516017,20.018794836487846,3.469456632910725,1259.0,22.26860764383581,-3.7200183451889273,130.27057102839916,22.57718810843469,-0.1655236996294979,-56.71419146424577,-3249.483809398161,8.845583019816475,9
centroid,1594,53.16686799811476,1075.7405976300874,531.0347758887171,20.295147023902665,3.5173512208455673,1294.0,22.139542297258913,-4.453057025425538,130.30374300754676,22.582937142980498,-0.1984875437029993,-56.74715530831928,-3251.3724985401004,8.850829378544084,9
centroid,1595,53.20022236950631,1074.8441708349364,536.1274849301013,20.33823239851084,3.524818345611905,1299.5,21.984182600745775,-5.335674251259232,130.53153618394734,22.62241597041492,-0.23810122189291258,-56.78676898650919,-3253.6421951113716,8.85713409124206,9
centroid,1596,53.233576740897846,1073.506599378882,540.5922619047618,20.248040236149336,3.5091871451077004,1288.0,21.75236813848144,-6.109464592572333,130.36786196969166,22.59404959806713,-0.273810028372035,-56.82247779298831,-3255.6881590140747,8.862817324305125,9
centroid,1597,53.266931112289384,1071.9052493438319,545.3883202099737,20.106057680545288,3.484580153362112,1270.0,21.47483821991763,-6.940669289696013,130.22099977407436,22.56859691608152,-0.312603066703894,-56.86127083132017,-3257.9108363849796,8.868991428113192,9
centroid,1598,53.30028548368092,1070.2619047619048,549.575852198803,20.192943425895987,3.4996383188498235,1281.0,21.190030227903407,-7.666410312211956,130.0226647869013,22.534223486391756,-0.34714219839990496,-56.895809963016184,-3259.8897828592076,8.874488501652715,9
centroid,1599,53.33363985507246,1068.9684210526316,554.2809616634178,20.204762533390774,3.501686687956346,1282.5,20.965856611491674,-8.481852668952886,130.49777038963657,22.616564021783955,-0.38442735549358165,-56.933095120109854,-3262.0260649991574,8.880422618708131,9
centroid,1600,53.366994226464,1067.3786830643094,558.3739431206764,20.34996712344056,3.5268520903790272,1301.0,20.690339176340103,-9.191207142149425,130.63284632497025,22.63997402741206,-0.4180427311831882,-56.96671049579946,-3263.9520841529184,8.885772671913022,9
centroid,1601,53.40034859785554,1065.4094020405528,562.2989797236213,20.26768137010699,3.5125911493469095,1290.5,20.349043150992745,-9.871455098519103,130.50034899208848,22.617010919284702,-0.4516620557899169,-57.00032982040619,-3265.8783295629646,8.891123353607595,9
centroid,1602,53.433702969247086,1063.123112659698,566.2708736611175,20.27553249624694,3.513951827743614,1291.5,19.952806418364776,-10.559823897900928,130.25714558033567,22.57486134450039,-0.4867650847484792,-57.03543284936475,-3267.8895849704154,8.896710174183848,9
centroid,1603,53.467057340638625,1061.1503473587625,570.490890024905,20.11792783272397,3.486637369021015,1271.5,19.61090653306139,-11.291194786304654,130.57043048124066,22.629156739718415,-0.5224059892641333,-57.07107375388041,-3269.9316583771915,8.902382600313782,9
centroid,1604,53.500411712030164,1058.8095051060486,574.4599371563237,20.129790985302495,3.4886933715794597,1273.0,19.20521524411961,-11.97907020582476,130.6035331434037,22.634893760940052,-0.5576930815064012,-57.106360846122676,-3271.9534598339624,8.907998715471479,9
centroid,1605,53.5337660834217,1055.7267479994753,578.136691591237,20.11001517643649,3.4852660268365945,1270.5,18.67094271780553,-12.61628838833708,130.02056595263622,22.533859737498688,-0.5942426259781373,-57.142910390594416,-3274.0475944753184,8.913815756141911,9
centroid,1606,53.56712045481324,1053.1039610475061,582.0660613238583,20.078333368379234,3.4797752537903315,1266.5,18.21638760289745,-13.297287319259416,130.13315683699264,22.553372859728388,-0.6305535613549089,-57.179221325971184,-3276.1280578225796,8.919594820995416,9
centroid,1607,53.60047482620478,1050.7008186236887,585.1948068559733,20.365602905327385,3.5295619271909375,1303.0,17.799899073480805,-13.839530097995567,130.09661459456368,22.547039724971167,-0.6608738700229002,-57.20954163463917,-3277.8652835427893,8.924420447995997,9
centroid,1608,53.63382919759632,1047.7633946030505,589.0569678008081,20.17322952543733,3.49622170345087,1278.5,17.2908142192068,-14.508881076257397,130.2386803507957,22.571661136214683,-0.6981373088405936,-57.24680507345687,-3280.000321317187,8.930351108480437,9
centroid,1609,53.667183568987866,1045.0428978745463,592.4156298600311,20.232313600583467,3.506461562447853,1286.0,16.81932502634503,-15.090970680264805,130.38522815552471,22.597059331126438,-0.7312881288563331,-57.27995589347261,-3281.899723391487,8.93562722535349,9
centroid,1610,53.700537940379405,1041.4293697205976,595.9831059129305,20.204762533390774,3.501686687956346,1282.5,16.19306458837521,-15.709249830212539,130.17680105500423,22.560936837625427,-0.7702338193419332,-57.31890158395821,-3284.131147086535,8.941825624506402,9
centroid,1611,53.733892311770944,1038.061293688054,599.022561293688,20.16928443308995,3.495537979634134,1278.0,15.609343448980896,-16.236017735940052,129.95461905109525,22.52243048229926,-0.805074291701074,-57.35374205631735,-3286.1273591089557,8.947370657902015,9
centroid,1612,53.76724668316248,1034.227680311891,602.6556205328135,20.204762533390774,3.501686687956346,1282.5,14.944940048847045,-16.865663105598724,130.02402147896487,22.534458614645843,-0.8457049104188937,-57.39437267503517,-3288.455322080492,8.953837221711838,9
centroid,1613,53.80060105455402,1031.1213661843306,605.844218485204,20.17322952543733,3.49622170345087,1278.5,14.406584856049662,-17.41827890519936,130.42595375920132,22.604117484075164,-0.879750544282064,-57.42841830889834,-3290.4059932116993,8.95925575263186,9
centroid,1614,53.83395542594556,1027.7031696544557,608.5348142374643,20.208700699792736,3.502369211437724,1283.0,13.814177335015922,-17.884585960914137,130.39324824608653,22.598449292741186,-0.9131083575845462,-57.461776122200824,-3292.317255127717,8.964564813509686,9
centroid,1615,53.8673097973371,1023.7278506158125,611.2983710766786,20.014819303763414,3.4687676334733064,1258.5,13.125214931474117,-18.363537900056944,130.24007413834676,22.571902693486404,-0.950243937357323,-57.4989117019736,-3294.4449671184684,8.970475124595106,9
centroid,1616,53.900664168728646,1019.7673680031759,613.7267434166997,20.022769579867926,3.4701454955469013,1259.5,12.438823828404578,-18.784399025368394,129.99536089370304,22.52949144961658,-0.9859000033160377,-57.534567767932316,-3296.487909211943,8.976149963743648,9
centroid,1617,53.934018540120185,1015.5403016120644,616.6969578783152,20.2008235992402,3.5010040314164823,1282.0,11.706231100011902,-19.299166789821243,130.240444049836,22.571966802833664,-1.0255623865985928,-57.57423015121487,-3298.7603963794636,8.982462428097872,9
centroid,1618,53.967372911511724,1011.7275803722503,618.8975660549264,20.189002185802646,3.4989552626671,1280.5,11.045448515297956,-19.68055411593867,130.21902812584636,22.568255209796092,-1.059367070902351,-57.60803483551863,-3300.697262117841,8.987842610704474,9
centroid,1619,54.00072728290326,1007.625618973156,621.2503257753453,20.177173846430236,3.4969052935841893,1279.0,10.334537728695963,-20.088310820791573,130.3489402574895,22.5907702767872,-1.0956514753262805,-57.644319239942554,-3302.776205353478,8.993617453025688,9
centroid,1620,54.0340816542948,1003.6103103493052,623.2055577197766,20.212638098894843,3.503051601938391,1283.5,9.638644731540564,-20.427172000692458,130.32721883584648,22.587005737962006,-1.1299178951849946,-57.67858565980127,-3304.7395265904056,8.999071123128266,9
centroid,1621,54.06743602568634,999.3922867160109,625.1802363329438,20.212638098894843,3.503051601938391,1283.5,8.907619203188888,-20.76940348207177,130.39629815439056,22.59897787224268,-1.1656423574836416,-57.71431012209992,-3306.7863875054923,9.004756847892395,10
centroid,1622,54.10079039707789,994.8108563285399,626.70268169452,20.236246405285904,3.507143156693274,1286.5,8.11361166298181,-21.03325843443571,130.07865542501386,22.54392722192465,-1.2026331333215547,-57.75130089793783,-3308.905802841919,9.010644112715802,10
centroid,1623,54.134144768469426,991.0858022316276,628.3292291907143,20.33823239851084,3.524818345611905,1299.5,7.468022667737817,-21.315155324109085,130.3188371308082,22.58555310495499,-1.2337989567005265,-57.7824667213168,-3310.6914729865844,9.015604307562095,10
centroid,1624,54.167499139860965,987.0645914396887,630.0280155642023,20.22444569688304,3.505097976332729,1285.0,6.771106766037504,-21.60957193107954,130.6650899416345,22.64556216748835,-1.2671479128095737,-57.81581567742585,-3312.6022274228,9.020911958773805,10
centroid,1625,54.200853511252504,982.2582978173834,630.9670670282836,20.26768137010699,3.5125911493469095,1290.5,5.938128186466377,-21.7723189074741,130.21507717758467,22.567570471091052,-1.3045347431146785,-57.853202507730956,-3314.744335008654,9.0268622576234,10
centroid,1626,54.23420788264404,977.6602311531389,632.1430260047281,20.098140350968553,3.483208001250094,1269.0,5.141237413713553,-21.976124316549964,130.22621465005432,22.56950070605521,-1.3409829636279653,-57.88965072824424,-3316.8326642148277,9.032663172084993,10
centroid,1627,54.26756225403558,973.9164668265388,633.2934985345057,19.95509127054853,3.458416170125953,1251.0,4.492405749216814,-22.175512670445443,130.55211349955636,22.62598222426338,-1.370917317492454,-57.91958508210873,-3318.547776353714,9.03742737247079,10
centroid,1628,54.30091662542712,969.0905042567124,633.8254092992796,20.1258373780788,3.488008172049807,1272.5,3.6560183450387598,-22.267698106483667,130.2050558047247,22.56583366731121,-1.4080633718032083,-57.956731136419485,-3320.6760884912837,9.043339350630704,10
centroid,1629,54.33427099681867,964.3131622622238,634.4872973318013,20.385130767619295,3.5329463003217185,1305.5,2.8280573710718984,-22.382409898249023,130.1735159223872,22.56036749140647,-1.4451105693043047,-57.99377833392058,-3322.7987365508843,9.049235595240706,10
centroid,1630,54.367625368210206,959.6048057259712,635.1220603271984,20.37341629633241,3.530916065712728,1304.0,2.0120522644589913,-22.49242065077907,130.2996920773851,22.58223507641587,-1.4815791184910243,-58.0302468831073,-3324.888230504249,9.055039745111163,10
centroid,1631,54.400979739601745,955.4446192161488,635.2165421418272,20.11792783272397,3.486637369021015,1271.5,1.2910504859532554,-22.508795290767683,130.08940751909034,22.54579066697297,-1.5135015026650376,-58.06216926728131,-3326.7172483894146,9.060120350347734,10
centroid,1632,54.434334110993284,950.704590035308,635.8352295017654,20.141647150648858,3.4907481631809425,1274.5,0.46955619441458984,-22.61601997547864,130.52275404330533,22.620893937927427,-1.5500372037211982,-58.09870496833747,-3328.8105898614845,9.065935187770151,10
centroid,1633,54.46768848238482,946.7995255041518,635.8409120864636,20.062473702896245,3.477026615720201,1264.5,-0.20723040289194736,-22.617004824033923,130.50579166072285,22.617954187995355,-1.5799586630805544,-58.12862642769683,-3330.5249631996476,9.070697335931715,10
centroid,1634,54.50104285377636,942.0230616302186,635.5480450629556,20.0068658683992,3.467389223868523,1257.5,-1.0350391898160671,-22.566248050433405,130.34433703348157,22.589972492195397,-1.616630897071119,-58.165298661687395,-3332.6261274326234,9.076533903245537,10
centroid,1635,54.5343972251679,937.3920031360251,634.9439435515484,20.149547385175307,3.4921173525503932,1275.5,-1.8376477754633869,-22.461551238621194,130.03636369998802,22.53659764453967,-1.6524275606546537,-58.20109532527093,-3334.6771251766095,9.082231119201055,10
centroid,1636,54.56775159655945,932.92954248366,634.717908496732,20.14559765517849,3.491432824982796,1275.0,-2.611036675040486,-22.42237711117703,130.25154067159983,22.573889957963427,-1.686722028933088,-58.235389793549366,-3336.642053469609,9.087689253348275,10
centroid,1637,54.601105967950986,928.4376699029126,634.316504854369,20.244109722623776,3.508505947946064,1287.5,-3.389522954896791,-22.35280985995907,130.4503096659304,22.60833860541848,-1.7212873007418197,-58.2699550653581,-3338.622497661972,9.09319048721595,10
centroid,1638,54.634460339342525,924.6703296703297,633.4560439560439,20.137695871130575,3.4900633670658334,1274.0,-4.042440558834799,-22.203683411766846,130.22142366159645,22.56867038001315,-1.7508855512622048,-58.299553315878484,-3340.318352497761,9.097901195093142,10
centroid,1639,54.66781471073406,920.3431296725959,632.7891209074503,20.287303488528025,3.515991858004133,1293.0,-4.792387439088797,-22.088099001542172,130.4138240427338,22.602015283338442,-1.7844517684922623,-58.33311953310854,-3342.2415550792625,9.103243424486202,10
centroid,1640,54.7011690821256,915.7911004529708,631.7545963229417,19.95509127054853,3.458416170125953,1251.0,-5.581299463924874,-21.908805581985735,130.451546339336,22.60855293324315,-1.8202418966057425,-58.36890966122202,-3344.2921783683973,9.108939600289354,10
centroid,1641,54.73452345351714,911.3424851765918,630.491879350348,20.287303488528025,3.515991858004133,1293.0,-6.352288821874097,-21.6899641476318,130.4080829037931,22.601020286749435,-1.8556969043151668,-58.40436466893144,-3346.323600672751,9.11458244002367,10
centroid,1642,54.76787782490868,907.2534113060428,629.2066276803118,20.204762533390774,3.501686687956346,1282.5,-7.060966071354671,-21.467217225652316,130.39436489599078,22.598642819297034,-1.888568332400612,-58.437236097016886,-3348.206994768615,9.119814090289958,10
centroid,1643,54.80123219630023,903.4215918045705,627.886524822695,20.098140350968553,3.483208001250094,1269.0,-7.725058575128596,-21.238430245572225,130.4005936683278,22.599722327612895,-1.9196502091712349,-58.468317973787514,-3349.9878551269176,9.124760924618576,10
centroid,1644,54.834586567691765,899.5264809729306,626.4688112985484,20.141647150648858,3.4907481631809425,1274.5,-8.400120097120125,-20.992726364289993,130.4655711152431,22.610983566665062,-1.9514271066278037,-58.50009487124408,-3351.808537237199,9.129818374924913,10
centroid,1645,54.867940939083304,895.7783861295788,624.8114978490419,20.17322952543733,3.49622170345087,1278.5,-9.049702283323628,-20.705497428324165,130.38365073141833,22.596785947809735,-1.9828437870519298,-58.5315115516682,-3353.6085804318122,9.13481849490995,10
centroid,1646,54.90129531047484,892.2201331766549,623.2034208121164,20.157444523391572,3.493486005298435,1276.5,-9.666382978137218,-20.42680165330061,130.39366637336505,22.5985217583652,-2.012791817384274,-58.56145958200055,-3355.324476174586,9.139584871973211,10
centroid,1647,54.93464968186638,888.6662760416666,621.7169270833333,20.185060176161283,3.4982720731140358,1280.0,-10.282301833898146,-20.16917747715857,130.62686045280077,22.638936616115735,-2.0422553347975025,-58.59092309941378,-3357.012611371974,9.144274136410399,10
centroid,1648,54.96800405325792,883.862290356394,619.4419549266247,20.12188299403865,3.487322837890122,1272.0,-11.11488042498286,-19.774902132251512,130.88986089369675,22.6845172133284,-2.082859125684865,-58.63152689030114,-3359.3390372220515,9.150736430438393,10
centroid,1649,55.00135842464946,880.2555213148432,617.040575243965,20.32649089898599,3.522783426739938,1298.0,-11.739969441419426,-19.35871910344325,130.63519914597146,22.640381794737483,-2.1159402320570795,-58.664607996673354,-3361.2344449988027,9.15600145204048,10
centroid,1650,55.034712796041006,876.4568719147829,614.5344245258508,20.208700699792736,3.502369211437724,1283.0,-12.398313236077833,-18.92437821014496,130.5412990747636,22.624107976680808,-2.1507836719696063,-58.69945143658588,-3363.230827049508,9.161546957736883,10
centroid,1651,55.068067167432545,872.4946024223274,612.0489731437599,20.074369626682653,3.4790882978555375,1266.0,-13.085014023226295,-18.493624718048864,130.71734605449842,22.654618672581023,-2.1865660426503633,-58.73523380726664,-3365.281005870488,9.167241898906273,10
centroid,1652,55.101421538824084,868.7951619196255,609.5264663805436,20.196883896891812,3.5003212417402834,1281.5,-13.72616392735357,-18.056449159146027,130.87149631721527,22.68133444922074,-2.220781299099536,-58.76944906371581,-3367.2413956599835,9.172687426099316,10
centroid,1653,55.13477591021562,865.4903115998951,607.0124378109452,20.129790985302495,3.4886933715794597,1273.0,-14.298927420671692,-17.62074295568256,130.9359663224186,22.69250774356755,-2.252499780652434,-58.80116754526871,-3369.058730785528,9.177735579225828,10
centroid,1654,55.16813028160716,862.1377865094956,604.2296005239031,20.1258373780788,3.488008172049807,1272.5,-14.879953426826951,-17.13844952280108,130.96006354053682,22.696684031596767,-2.285773691761832,-58.83444145637811,-3370.96518545999,9.18303128665489,10
centroid,1655,55.2014846529987,858.5282210977034,600.8714155962111,20.22051059699233,3.504415984308309,1284.5,-15.505527082092245,-16.556442610442627,130.88348151954963,22.6834116042181,-2.3234285864656234,-58.8720963510819,-3373.122652004527,9.189024249278603,10
centroid,1656,55.23483902439024,855.5363418530352,597.6669329073483,19.963065333312567,3.459798154664678,1252.0,-16.024049569338196,-16.00107382771957,130.6629295505001,22.64518775017641,-2.356911918737174,-58.90557968335345,-3375.041105627721,9.194353287120808,10
centroid,1657,55.268193395781786,852.0864686468645,594.4513531353135,20.046601490203663,3.474275803093615,1262.5,-16.621946974032795,-15.443781809900141,130.91684515788683,22.689193855211354,-2.3929201617406894,-58.941587926356966,-3377.104225979504,9.200084176986872,10
centroid,1658,55.301547767173325,848.8237908496732,590.7660130718954,20.14559765517849,3.491432824982796,1275.0,-17.187401548944766,-14.805075652411942,130.8910965476574,22.684731364473105,-2.430522498317595,-58.97919026293387,-3379.258681165191,9.20606877472489,10
centroid,1659,55.334902138564864,845.713706407137,587.4286293592863,19.8110093045411,3.433445329636786,1233.0,-17.726410174898724,-14.226673797911939,131.14861165413936,22.72936129857034,-2.465286986437201,-59.013954751053475,-3381.250539611377,9.211601714853186,10
centroid,1660,55.3682565099564,843.1695207752555,583.5151997876012,19.990949504807148,3.4646307594510946,1255.5,-18.167342897771675,-13.548437455723919,130.7658255974237,22.66302066046973,-2.500812093441105,-59.04947985805738,-3383.2859783094514,9.217255711236726,10
centroid,1661,55.40161088134794,840.7657301147606,580.5148397309063,20.05453916681257,3.4756514815490673,1263.5,-18.58394377306423,-13.028445159242251,130.95547263287472,22.69588838155042,-2.5301561557924566,-59.07882392040873,-3384.9672692359522,9.221925963810339,10
centroid,1662,55.43496525273948,837.8945469125903,576.6153434910451,19.923163104065253,3.4528827007094938,1247.0,-19.081548433406475,-12.352623602305295,131.157361235539,22.73087768821668,-2.5670758402500327,-59.11574360486631,-3387.0826113363264,9.227801914089156,10
centroid,1663,55.46831962413103,835.2849933598937,572.8297476759627,19.98696843347328,3.4639408001174683,1255.0,-19.533810068349485,-11.696542124002832,131.37117835309945,22.76793432538236,-2.6020674041232015,-59.15073516873948,-3389.0874802648214,9.233370994446087,10
centroid,1664,55.501673995522566,833.8279483037156,569.5207323640279,19.851136972363392,3.4403998543435153,1238.0,-19.786330496072388,-11.123056796031436,130.9704609513777,22.698486006505927,-2.629462537245005,-59.17813030186128,-3390.6571057718998,9.237731065299082,10
centroid,1665,55.535028366914105,832.1057274701411,565.3477198697068,19.77080019204319,3.426476689756175,1228.0,-20.08480852850076,-10.399832146600847,130.5037751041225,22.617604698641482,-2.663809866825426,-59.2124776314417,-3392.6250627944028,9.243197612583813,10
centroid,1666,55.568382738305644,829.616545405551,560.9125572621934,19.843117930641572,3.43901007450319,1237.0,-20.516208585050297,-9.63117427022219,130.77369595173715,22.664384671300507,-2.7026887334299645,-59.25135649804624,-3394.852657763095,9.249385376385735,10
centroid,1667,55.60173710969718,827.0156481856197,556.6583029812491,19.831083288112968,3.4369243510274954,1235.5,-20.96696999126454,-8.893869609593542,131.41373626868574,22.77531003624406,-2.7404127051234934,-59.28908046973977,-3397.0140821276054,9.25538933295382,10
centroid,1668,55.63509148108872,825.2862157418657,552.4024571351424,19.82305613405485,3.43553316523845,1234.5,-21.266697867600886,-8.156289114862275,131.42421711817516,22.777126471902484,-2.775369906181239,-59.324037670797516,-3399.016982211804,9.260952944298817,10
centroid,1669,55.66844585248026,824.1028112449799,548.5973226238286,19.907179817814963,3.4501126379285063,1245.0,-21.471793659564014,-7.496821385799357,131.2268256547055,22.74291656427275,-2.805677571660415,-59.354345336276694,-3400.7534835306556,9.265776559073403,10
centroid,1670,55.70180022387181,822.4086021505376,543.8161014612627,19.61725394636576,3.3998655952884342,1209.0,-21.76541697846315,-6.6681881133486955,131.34827612744343,22.763965141454968,-2.844305589490104,-59.39297335410638,-3402.966705923253,9.27192439905284,10
centroid,1671,55.735154595263346,820.9424760316799,539.4200361261636,19.540028364295097,3.3864816323609004,1199.5,-22.019511244841418,-5.906306183884631,131.54396461162966,22.797879905804653,-2.8795307498433544,-59.42819851445963,-3404.9849589441656,9.277530657444265,10
centroid,1672,55.768508966654885,819.9541221583128,534.678444261846,19.682050997944124,3.4110955700310623,1217.0,-22.19080282006485,-5.084541063727263,131.3591975766825,22.76585793744059,-2.9163523210632727,-59.46502008567955,-3407.094679570107,9.283390992516324,10
centroid,1673,55.801863338046424,819.0905899824489,530.0652085864723,19.82305613405485,3.43553316523845,1234.5,-22.34046155125989,-4.285021350186213,131.2543975850227,22.747695054551638,-2.952088781607207,-59.500756546223485,-3409.1422279340104,9.289078626860501,10
centroid,1674,55.83521770943796,818.4082274156074,525.3963372967063,19.70225637334802,3.414597362935585,1219.5,-22.458721783852084,-3.4758594302608166,131.1298144646548,22.726103558318243,-2.98804431088764,-59.536712075503914,-3411.202328011938,9.294801127076965,10
centroid,1675,55.8685720808295,817.1859564811107,520.589106928314,19.93514215902316,3.4549587903052554,1248.5,-22.670553516758115,-2.6427185032581053,131.6950546926074,22.824065322454203,-3.0255458706668708,-59.574213635283144,-3413.3510091124454,9.300769685689486,10
centroid,1676,55.90192645222104,817.258343467099,516.4708823132008,19.815025728161594,3.4341414158739707,1233.5,-22.65800813074836,-1.9289891392567275,131.20983612662212,22.73997210975487,-3.056662465752711,-59.605330230368985,-3415.133858683682,9.305722045609588,10
centroid,1677,55.93528082361259,815.9960640608034,511.40743756786094,19.77080019204319,3.426476689756175,1228.0,-22.876773730502485,-1.0514437075468872,132.13852868504108,22.90092378457141,-3.095663787503841,-59.644331552120114,-3417.3684698154534,9.311929298753398,10
centroid,1678,55.968635195004126,816.268720054757,507.05147159479804,19.68609373209335,3.4117962161450612,1217.5,-22.829519729727135,-0.2965113971147616,131.73763667249136,22.831445203898493,-3.1286053139751,-59.67727307859138,-3419.255880252975,9.317172105524293,10
centroid,1679,56.001989566395665,816.5428211586902,502.53778337531486,19.470672162123595,3.374461511388442,1191.0,-22.782015276991743,0.4857557503277855,131.4823028337272,22.78719330523313,3.120273988294113,-59.711579083501746,-3421.2214695462944,9.322632075783511,10
centroid,1680,56.035343937787204,816.6823886360502,497.0049648324369,19.61319702274749,3.3991624899980515,1208.5,-22.757826842372168,1.4446483384715794,131.5771617116282,22.80363329404426,3.0781985267481247,-59.75365454504774,-3423.6322159139445,9.329328593471429,10
centroid,1681,56.06869830917874,817.1813985064493,493.052410047522,19.766774782209744,3.425779046118738,1227.5,-22.671343459187245,2.129665469995956,131.38973496922844,22.771150371874615,3.0479310523217418,-59.78392201947412,-3425.366414455096,9.334145811641294,10
centroid,1682,56.10205268057028,817.5128824476651,488.52831454643047,19.88318079785697,3.4459533686190045,1242.0,-22.613893988929515,2.913736303050032,131.56101349221265,22.80083464670217,3.0134514845130345,-59.81840158728283,-3427.3419481699707,9.339633405293723,10
centroid,1683,56.13540705196182,818.2527457440966,484.5501098297638,19.657777133417753,3.4068886674190284,1214.0,-22.485668306903303,3.6031988233491483,131.39772056626254,22.77253435541728,2.9826992571891693,-59.849153814606694,-3429.103921006255,9.344527774283403,10
centroid,1684,56.16876142335337,818.7335209003215,480.41961414790995,19.899183360445615,3.448726772181518,1244.0,-22.402345181394118,4.319054885498151,131.64212552365274,22.814892170033982,2.9511347056095785,-59.88071836618629,-3430.912436593989,9.349551428693774,10
centroid,1685,56.202115794744905,819.7984749455337,475.6830065359477,19.738573927438622,3.420891556964741,1224.0,-22.217778033067486,5.139956185054154,131.58261679143595,22.804578713734937,2.9142478868724027,-59.91760518492346,-3433.025895627293,9.35542214823073,10
centroid,1686,56.235470166136444,821.3897309845692,471.39328144203193,19.710332723912007,3.415997074969341,1220.5,-21.9419975045999,5.88340829103821,131.07775148823137,22.717080525695316,2.8796203046062283,-59.952232767189635,-3435.0099099458866,9.360933299115713,10
centroid,1687,56.26882453752798,822.4523710193297,467.3440411625642,19.53188159372448,3.385069715838258,1198.5,-21.757831397343704,6.585181982241754,131.16688603421255,22.732528430741638,2.8476991040449304,-59.984153967750935,-3436.8388600150397,9.366013715974471,10
centroid,1688,56.30217890891952,823.8665045264153,462.82880691798397,19.815025728161594,3.4341414158739707,1233.5,-21.512747968693105,7.367717071239799,131.2066958777308,22.73942787332935,2.8116315145649335,-60.020221557230926,-3438.9053806694537,9.371754051125622,10
centroid,1689,56.33553328031106,825.0529969296489,458.68335335736214,19.93514215902316,3.4549587903052554,1248.5,-21.307117011788844,8.086165482834895,131.49789080788744,22.78989485648962,2.778877925905848,-60.05297514589002,-3440.782023063527,9.376966946664714,10
centroid,1690,56.3688876517026,826.9468871856931,454.8155170095468,19.863159464818494,3.442483472090396,1239.5,-20.978886957756767,8.756500064988764,131.1696961299779,22.733015448340442,2.7461803905229107,-60.08567268127295,-3442.655453841449,9.38217092104783,10
centroid,1691,56.402242023094146,828.8689458689458,451.07393840727167,19.774824782454758,3.4271741913796347,1228.5,-20.64577503459042,9.404952921679198,130.90433884161,22.687026385974853,2.7141421629000178,-60.117710908895845,-3444.4911090673204,9.387269963341918,10
centroid,1692,56.435596394485685,830.090237899918,446.87202625102543,19.69821695631462,3.4138972917108132,1219.0,-20.434112955419995,10.133186170507198,131.6060979559319,22.808648233532423,2.6812339733213517,-60.15061909847451,-3446.376609441594,9.392507464381566,10
centroid,1693,56.468950765877224,832.7697664891438,442.9934453092995,19.710332723912007,3.415997074969341,1220.5,-19.969723949343624,10.8053828978559,131.01175053043966,22.70564190200896,2.6456172172450083,-60.18623585455085,-3448.417299244715,9.398176047168015,10
centroid,1694,56.50230513726876,834.838102915491,438.7069729947602,19.87117041874968,3.4438718502360093,1240.5,-19.61126063563795,11.548271264759995,131.31861715521867,22.758824946016084,2.609405193345035,-60.22244787845083,-3450.492095381811,9.403939369771058,10
centroid,1695,56.5356595086603,837.6360121513394,435.15575807787906,19.601021213799942,3.3970523009752274,1207.0,-19.126355083836046,12.16373219779318,130.78636185608022,22.666579798739185,2.5751457414371144,-60.25670733035875,-3452.4550173845664,9.409391930889823,10
centroid,1696,56.56901388005184,840.2708676551345,430.8481603514552,19.657777133417753,3.4068886674190284,1214.0,-18.669708368633138,12.91028180909208,130.97200140510472,22.698752982487477,2.5365877293496144,-60.29526534244625,-3454.6642287435943,9.415528629109344,10
centroid,1697,56.60236825144338,842.9515728476821,427.4557119205298,19.60913925979463,3.3984592392426207,1208.0,-18.205115445476217,13.498226927997486,130.7678436860464,22.66337041533834,2.5035844767224336,-60.32826859507343,-3456.555175829336,9.420781259903071,10
centroid,1698,56.635722622834926,845.1983833401836,423.99424578709414,19.67800743323829,3.4103947799733265,1216.5,-17.815720797607877,14.098133502510892,131.08937479053856,22.719094959811624,2.472160038744705,-60.35969303305116,-3458.3556634990305,9.425782614541113,10
centroid,1699,56.669076994226465,847.5558704453441,421.5311740890688,19.827070117316413,3.436228828537114,1235.0,-17.407144789870756,14.52500837234436,130.81317933565617,22.671227535186496,2.4462087139951456,-60.385644357800714,-3459.8425648799534,9.429912896154788,10
centroid,1700,56.702431365618004,850.8763706140351,417.7294407894737,19.67396303746374,3.4096938458831008,1216.0,-16.831669021776655,15.183886637523281,130.7967545889759,22.668380962913826,2.4076172964244402,-60.42423577537142,-3462.053690232182,9.436054911022088,10
centroid,1701,56.73578573700954,853.5719099609111,414.70386844588216,19.839107194283145,3.4383149739251953,1236.5,-16.364505191851944,15.708248474565144,130.8846183388826,22.683608626336934,2.3766531374740816,-60.45519993432178,-3463.8278058562096,9.440983009977721,10
centroid,1702,56.76914010840108,857.2314163563647,412.09267687215555,19.61319702274749,3.3991624899980515,1208.5,-15.73027626645509,16.160793994875586,130.12781311855292,22.552446740072508,2.3426956776650756,-60.489157394130785,-3465.7734249862506,9.446387507561168,10
centroid,1703,56.80249447979262,860.3244996549344,409.00979986197376,19.605080656986015,3.3977558429318178,1207.5,-15.194214108167307,16.69508730167985,130.25276431818608,22.57410202811049,2.3091640946942746,-60.52268897710159,-3467.6946431708707,9.45172422474067,10
centroid,1704,56.83584885118417,863.830435368648,405.9323358943254,19.839107194283145,3.4383149739251953,1236.5,-14.586600512251348,17.22844247427198,130.25251666645477,22.5740591075976,2.27334704828967,-60.55850602350619,-3469.7468087644784,9.457424684722913,10
centroid,1705,56.869203222575706,867.1314076484947,403.50040683482507,19.77884855394466,3.4278715510758095,1229.0,-14.014509121889809,17.64992001451196,130.03993640594192,22.537216830083576,2.241884433197651,-60.58996863859821,-3471.5494838216955,9.462432115437403,10
centroid,1706,56.902557593967245,869.8280005400296,401.4061023356284,19.82305613405485,3.43553316523845,1234.5,-13.547162702177106,18.012883854014866,130.04805965476083,22.538624670052254,2.2156284776828192,-60.61622459411304,-3473.0538392597787,9.46661088054319,10
centroid,1707,56.935911965358784,873.0270232622927,399.1798300598969,19.51557784998706,3.382244114581385,1196.5,-12.992740186074485,18.398719024253168,129.96285328809998,22.52385755762654,2.18565547375883,-60.646197598037034,-3474.7711658839526,9.471381232277007,10
centroid,1708,56.96926633675032,877.7091233855454,396.3228909040945,19.649679181628848,3.4054852116777368,1213.0,-12.181285577480223,18.89385504941761,129.71121636946995,22.480246372060318,2.143452283799046,-60.68840078799682,-3477.189230550637,9.478098078573353,10
centroid,1709,57.00262070814186,881.5096476510067,393.9070190156599,19.47884453275087,3.3758778646560086,1192.0,-11.522616849964733,19.312549721901824,129.7604618837167,22.48878111041195,2.10874070489586,-60.723112366900004,-3479.178057522025,9.48362259793832,10
centroid,1710,57.0359750795334,885.6404048693748,391.8102858706059,19.694176710767803,3.413197076896411,1218.5,-10.806715460931594,19.675934469933317,129.52705560977117,22.448329477238346,2.0730521562113373,-60.75880091558452,-3481.222860738595,9.489302606873236,10
centroid,1711,57.06932945092495,889.8692534795445,389.6116968930128,19.42566266748406,3.3666609174467688,1185.5,-10.073813856216294,20.056971848739543,129.50602188031664,22.444684122322283,2.0362502680471013,-60.795602803748764,-3483.3314536085186,9.49515980928969,10
centroid,1712,57.102683822316486,893.2046124966479,388.272995441137,19.89118368841965,3.447340349302504,1243.0,-9.49576290162355,20.28898215054013,129.254931162405,22.401167598783463,2.0085388119631324,-60.82331425983273,-3484.919203086292,9.499570224505728,10
centroid,1713,57.136038193708025,897.2806244995996,386.57339204697087,19.93913357805586,3.4556505429982036,1249.0,-8.789349403959386,20.58354035533573,129.14186842394753,22.38157269953601,1.9743670724942666,-60.857485999301595,-3486.8770995364785,9.505008825756246,10
centroid,1714,57.169392565099564,901.0629143743828,385.1231485399915,19.39286287596931,3.360976386726592,1181.5,-8.133840878054551,20.834882006804897,129.05378350897436,22.366306706002977,1.9429955033904525,-60.88885756840541,-3488.6745580428305,9.510001766051667,10
centroid,1715,57.2027469364911,905.4481619165634,383.44568360181745,19.629419686416576,3.4019740392711175,1210.5,-7.373833779902814,21.125603396566852,129.10702787288005,22.375534484849133,1.9066221195193411,-60.92523095227652,-3490.758599425254,9.515790769891733,10
centroid,1716,57.23610130788264,910.4859106529208,381.89470790378004,19.6456289539899,3.404783266867296,1212.5,-6.500741722610965,21.394402940544957,129.0187511153761,22.360235243093793,1.8657837197026172,-60.96606935209324,-3493.0984673768203,9.522290403090528,10
centroid,1717,57.26945567927418,915.3496406854615,381.15118850193477,19.5928998042059,3.3956447797625477,1206.0,-5.65780884079089,21.523262262072553,128.4085086383243,22.254474140740506,1.8278502911647188,-61.00400278063114,-3495.2718927345027,9.528327695750757,10
centroid,1718,57.30281005066573,920.0865692414752,380.03173277661796,19.523731423708156,3.383657210157799,1197.5,-4.836851918432556,21.717275094671805,128.3791495866748,22.24938592452603,1.7899387161323208,-61.04191435566354,-3497.4440659785528,9.534361510317563,10
centroid,1719,57.336164422057266,924.5610859728507,379.14616755793224,19.66991781010784,3.4089927676715406,1215.5,-4.061373580223843,21.870752371747653,128.35183766262716,22.244652495924626,1.7544037325479167,-61.07744933924795,-3499.480070563006,9.540017078607711,10
centroid,1720,57.369518793448805,928.9211556635614,378.69380315917374,19.82305613405485,3.43553316523845,1234.5,-3.3057300546297124,21.949151629874056,128.07510164014997,22.19669138554855,1.720281386988191,-61.11157168480767,-3501.4351369506653,9.54544781857343,10
centroid,1721,57.402873164840344,932.5368289637953,378.4522125121376,19.556311724091138,3.3893037008776066,1201.5,-2.6790978414322333,21.991021696461736,127.82654309018594,22.15361371194816,1.6920258206673602,-61.1398272511285,-3503.0540616486005,9.549944831623252,10
centroid,1722,57.43622753623188,937.7543639156542,377.47772657450076,19.491096663870767,3.3780012810718527,1193.5,-1.774847041420233,22.1599098202288,128.27232607775605,22.230872345931704,1.6507184237630674,-61.181134648032796,-3505.4208011538885,9.55651910802683,10
centroid,1723,57.46958190762342,942.4249727668844,377.32121459694986,19.738573927438622,3.420891556964741,1224.0,-0.9653839847782497,22.1870349055838,128.14051094974496,22.208027470706625,1.6142800753495936,-61.21757299644627,-3507.508564730408,9.562318451294939,10
centroid,1724,57.50293627901496,947.1651676206051,377.09375851730715,19.730509136937545,3.419493848405083,1223.0,-0.1438609804785606,22.226455310790907,128.24952606672352,22.22692087681714,1.5772687475914462,-61.254584324204416,-3509.629157605125,9.568208987058041,10
centroid,1725,57.53629065040651,951.5617562576939,377.28655450690735,19.694176710767803,3.413197076896411,1218.5,0.6181116424350331,22.193041844576754,128.10370062101828,22.201647873922525,1.5429519287313431,-61.28890114306452,-3511.595366492124,9.573670678410817,10
centroid,1726,57.569645021798046,956.2757588131209,377.821423710358,19.74260508727386,3.4215901971347873,1224.5,1.4350952604335698,22.100343681634943,127.7877410368335,22.146888929438838,1.505951938398744,-61.32590113339712,-3513.7153097802066,9.5795594097666,10
centroid,1727,57.602999393189585,960.6532629298672,378.03141077714594,19.794935460673933,3.4306595723183855,1231.0,2.1937603457941246,22.063950830434678,127.93691645816018,22.17274251649123,1.4716946783230125,-61.36015839347285,-3515.6781062002283,9.585011622044439,10
centroid,1728,57.63635376458112,965.1917978458989,378.5766362883181,19.601021213799942,3.3970523009752274,1207.0,2.9803336733464314,21.969457816163878,127.9250695768663,22.17068933390856,1.4359613895833871,-61.39589168221247,-3517.725472833131,9.59069875158028,10
centroid,1729,57.66970813597266,970.0776603241719,379.41127554615923,19.401068022465477,3.36239842037885,1182.5,3.8271023285622348,21.82480651558076,127.85080097740169,22.157817845533053,1.39720563507078,-61.43464743672508,-3519.946013998548,9.596866921484217,10
centroid,1730,57.7030625073642,974.5046539862404,380.5251585053285,19.831083288112968,3.4369243510274954,1235.5,4.594344445291578,21.631759498887625,127.59954026375095,22.114271860038635,1.3615172874364587,-61.470335784359406,-3521.990805695791,9.602546898421004,10
centroid,1731,57.73641687875574,979.5761885412434,381.5003386157388,19.790914959878798,3.4299627794662064,1230.5,5.47329192163116,21.462751068061458,127.8036219978976,22.149641258245385,1.321104641509535,-61.51074843028633,-3524.30627974636,9.608978770783693,10
centroid,1732,57.769771250147286,983.8257226644323,382.90113112693757,19.491096663870767,3.3780012810718527,1193.5,6.209778531884316,21.219979766941375,127.5744728340635,22.10992742467629,1.2861070062125608,-61.5457460655833,-3526.311496541815,9.614548817437736,10
centroid,1733,57.803125621538825,988.3769457863659,384.39452495974234,19.88318079785697,3.4459533686190045,1242.0,6.998550851957683,20.961159734012682,127.50934972322769,22.098640940615155,1.2485521860065514,-61.58330088578931,-3528.463229239992,9.62052585271045,10
centroid,1734,57.836479992930364,993.3745041717958,385.99493913281356,19.694176710767803,3.413197076896411,1218.5,7.8646775209360404,20.683792009655686,127.68188344445224,22.128542753805842,1.2074450045087073,-61.624408067287156,-3530.8184972474965,9.627068263842407,10
centroid,1735,57.8698343643219,998.2268768145998,387.8638186091525,19.588837836751818,3.3949408003251573,1205.5,8.705642053938087,20.35989657297952,127.76545080567983,22.143025810257246,1.1667358881520606,-61.6651171836438,-3533.1509578024393,9.63354732093947,10
centroid,1736,57.90318873571344,1001.6713771127735,389.65059573288994,19.568515351939713,3.3914187111931944,1203.0,9.302608280135665,20.050230292161004,127.53549960345484,22.103172975442675,1.1363898538508228,-61.69546321794504,-3534.8896574928594,9.638377042301748,10
centroid,1737,57.93654310710498,1005.7139182236664,391.55727051177905,19.794935460673933,3.4306595723183855,1231.0,10.003220938667825,19.71978455292184,127.58562110987585,22.11185953196739,1.101351024898501,-61.730502046897364,-3536.897234510908,9.643953645129661,10
centroid,1738,57.96989747849652,1010.381286067601,393.6951085463039,19.649679181628848,3.4054852116777368,1213.0,10.812122296448765,19.34927591793388,127.89344502052057,22.165208483154416,1.0612319598225592,-61.770621111973306,-3539.1958876177705,9.650338792648723,10
centroid,1739,58.003251849888066,1015.2333333333333,396.34814814814814,19.665871750657423,3.4082915452497087,1215.0,11.653030438361915,18.8894777173341,128.0637125538151,22.194717543394212,1.01803866527279,-61.81381440652307,-3541.6706810987375,9.657213218984744,10
centroid,1740,58.036606221279605,1018.7224925655582,398.99878345498786,19.8110093045411,3.433445329636786,1233.0,12.257736502857862,18.430096205017456,127.71423131792196,22.13414896262544,0.983883655418277,-61.84796941637759,-3543.627619012629,9.662649157634442,10
centroid,1741,58.069960592671144,1022.3581704668837,401.2729370249728,19.77080019204319,3.426476689756175,1228.0,12.887835712770825,18.035962729346842,127.9059128549875,22.167369283109792,0.9503631071414025,-61.88148996465446,-3545.5482049558586,9.667984118587857,10
centroid,1742,58.10331496406268,1026.5434606011372,404.4416463579745,19.794935460673933,3.4306595723183855,1231.0,13.613188199548649,17.486793825676838,127.86876240479768,22.16093073988681,0.9093133135370093,-61.92253975825885,-3547.900184879273,9.674517396152897,10
centroid,1743,58.13666933545422,1029.7834954078876,407.218530524041,19.819041337834626,3.4348373610459495,1234.0,14.174718518579278,17.005532127983425,127.73902222989736,22.138445474712782,0.8759386193600424,-61.95591445243582,-3549.8124139981533,9.679829143705343,10
centroid,1744,58.17002370684576,1032.8728339473323,409.3805430481648,19.71840576652941,3.417396213702991,1221.5,14.710131672794093,16.630833813048636,128.1114241970029,22.20298644660627,0.8466056904518638,-61.985247381343996,-3551.493067025349,9.68449762433644,10
centroid,1745,58.20337807823731,1036.4413415468857,412.5542778918549,19.68609373209335,3.4117962161450612,1217.5,15.328589600056365,16.080793938296996,128.18741333501012,22.216156121456418,0.8093419820961073,-62.022511089699755,-3553.6281202431405,9.690428327719196,10
centroid,1746,58.236732449628846,1039.7375709735493,415.9533305636338,19.572581536991795,3.392123421582347,1203.5,15.899859006698616,15.491704238640265,128.08878828977097,22.199063418315646,0.7723968430356666,-62.0594562287602,-3555.7449207848276,9.696308329223882,10
centroid,1747,58.270086821020385,1043.000679163271,419.57076881282256,19.762748552453708,3.4250812603805456,1227.0,16.465388172924946,14.864766142201152,127.99412422821709,22.182657193118825,0.7343536772528833,-62.09749939454298,-3557.9246336234974,9.702363087109076,10
centroid,1748,58.303441192411924,1045.88838736151,423.0477362877855,19.694176710767803,3.413197076896411,1218.5,16.965856779757882,14.262173030729844,127.88738059714626,22.164157458151532,0.6990347747812856,-62.13281829701457,-3559.948257672154,9.707984265022011,10
centroid,1749,58.33679556380346,1048.945680010783,426.7851462461247,19.839107194283145,3.4383149739251953,1236.5,17.49571606186791,13.61444264157413,127.91383436675584,22.168742160037286,0.6612804324073963,-62.17057263938847,-3562.11142214847,9.713993055233999,10
centroid,1750,58.370149935195,1051.7932249322491,430.0560975609756,19.786893642157743,3.4292658450326248,1230.0,17.989223972608112,13.047554183605973,128.225490157395,22.22275521421212,0.6275037134934867,-62.20434935830237,-3564.046685588037,9.719368787010573,10
centroid,1751,58.40350430658654,1053.8447062009207,433.71080422420795,19.794935460673933,3.4306595723183855,1231.0,18.344766119526547,12.41415709963251,127.80819795935253,22.150434317965082,0.5949261214121095,-62.236926950383754,-3565.9132441209986,9.724553671824356,10
centroid,1752,58.43685867797809,1056.9310707708496,437.3082083662194,20.082296327732614,3.4804620741372525,1267.0,18.879663855188603,11.790691113607558,128.4344962844629,22.258978058783814,0.558252679320409,-62.27360039247545,-3568.01447757307,9.730390431413444,10
centroid,1753,58.470213049369626,1058.8301783264744,441.5037037037037,19.665871750657423,3.4082915452497087,1215.0,19.208798119228515,11.063569963414745,127.90438292059814,22.167104130234282,0.5225582058072354,-62.309294865988626,-3570.0596202573165,9.73607138331413,10
centroid,1754,58.503567420761165,1061.4478196300795,445.45024976373696,19.82305613405485,3.43553316523845,1234.5,19.662461441998598,10.37959420378943,128.29006252379943,22.233946248775116,0.4857089647313063,-62.34614410706455,-3572.1709262492273,9.741936122180547,10
centroid,1755,58.536921792152704,1063.5453112687155,449.4380089309167,20.098140350968553,3.483208001250094,1269.0,20.025977644526268,9.688475802006083,128.36244353508044,22.246490599308544,0.45060009018596087,-62.381252981609904,-3574.1825165841306,9.747523873110834,10
centroid,1756,58.57027616354424,1066.1324976411915,454.2698476883677,19.839107194283145,3.4383149739251953,1236.5,20.474362824247606,8.85106999595634,128.70365813951068,22.30562649046762,0.4080376504154649,-62.4238154213804,-3576.6211647487594,9.754297895790359,10
centroid,1757,58.60363053493578,1067.4714285714285,458.12116402116396,20.026743534373637,3.470834221463288,1260.0,20.70641289693495,8.183598497027603,128.46880165594158,22.264923521514877,0.37637932500879023,-62.45547374678707,-3578.4350531810137,9.759336474768844,10
centroid,1758,58.63698490632732,1068.7042923118715,462.1665308340124,19.762748552453708,3.4250812603805456,1227.0,20.92008046866903,7.4824961161883605,128.19779165431294,22.217954787611784,0.3434918370698426,-62.48836123472602,-3580.3193674387026,9.764570681040201,10
centroid,1759,58.67033927771887,1069.97914159647,465.46704104826847,19.919168484856367,3.4521903933941225,1246.5,21.14102455359217,6.9104848063981805,128.33538550669113,22.241801173354805,0.3159273668049473,-62.51592570499091,-3581.898695249395,9.76895770273657,10
centroid,1760,58.703693649110406,1070.945680010783,470.1803477557622,19.839107194283145,3.4383149739251953,1236.5,21.308535292369957,6.093621785780613,127.87905325371042,22.162714246551932,0.2785369235172002,-62.55331614827866,-3584.041009843906,9.774908576610212,10
centroid,1761,58.737048020501945,1072.3093439363818,474.3165009940358,20.0068658683992,3.467389223868523,1257.5,21.54487183961836,5.376785212726399,128.1268487749522,22.205659679671157,0.2445665560639926,-62.58728651573187,-3585.9873685274833,9.780315128509036,10
centroid,1762,58.770402391893484,1073.6007053291537,478.56752873563215,20.153496341094687,3.492801745962658,1276.0,21.768677637431484,4.640039743519292,128.42713297132278,22.257701923241047,0.2100092531848209,-62.62184381861104,-3587.9673561338154,9.785815094082182,10
centroid,1763,58.80375676328502,1074.4062585034012,482.67238095238093,19.746635424171473,3.422288694681543,1225.0,21.90828802988434,3.9286279494107146,128.4273801610449,22.257744763683142,0.1774356928655971,-62.65441737893026,-3589.8336836638214,9.790999337221088,10
centroid,1764,58.83711113467656,1075.34258514347,487.1055242692411,19.89118368841965,3.447340349302504,1243.0,22.070562767124585,3.160320036224534,128.64626899357344,22.29568037959255,0.14222484457185003,-62.68962822722401,-3591.8511166641288,9.796603317777496,10
centroid,1765,58.8704655060681,1075.6811536416799,491.1511164274322,19.979003910967972,3.4625604690006497,1254.0,22.129240061707183,2.459178600791831,128.4719121832847,22.265462606899916,0.11067392242551824,-62.72117914937034,-3593.6588513428596,9.801624802996193,10
centroid,1766,58.90381987745965,1075.9475076028032,494.7590903080787,20.030716700474503,3.4715228107412592,1260.5,22.175401857393148,1.8338807737337348,128.38905473001563,22.251102584571974,0.08251111556588749,-62.749341956229976,-3595.2724613151586,9.806107052919247,10
centroid,1767,58.937174248851186,1076.5531943876856,499.2781637379103,19.734541944161457,3.420192774084003,1223.5,22.28037341289591,1.0506803156740696,128.70081203989946,22.30513323304355,0.047122303495530794,-62.784730768300335,-3597.3000908887716,9.811739357290394,10
centroid,1768,58.970528620242725,1076.266562132497,504.3470534430942,20.149547385175307,3.4921173525503932,1275.5,22.230697186774762,0.1721912181641152,128.2751631758262,22.231364043299013,0.00774549593734715,-62.82410757585851,-3599.556215772554,9.818006370856455,10
centroid,1769,59.00388299163426,1076.3397943037974,508.73694620253167,20.0585068271871,3.476339116629799,1264.0,22.24338905182137,-0.588620942427928,128.38947804485264,22.25117594925157,-0.02645656197606386,-62.858309633771924,-3601.5158493416548,9.823449797437291,10
centroid,1770,59.0372373630258,1075.9608595548734,512.8701713993348,20.365602905327385,3.5295619271909375,1303.0,22.17771588373943,-1.304950056717322,128.1869437135813,22.216074731383014,-0.0587728320632482,-62.89062590385911,-3603.367435227255,9.828593091563958,10
centroid,1771,59.07059173441734,1076.0952947396245,517.9267776896643,20.03468907863958,3.4722112634621065,1261.0,22.20101484090647,-2.181310316028493,128.71687618174784,22.307917308905413,-0.09793838455092074,-62.929791456346784,-3605.611456087097,9.834826482841297,10
centroid,1772,59.10394610580888,1075.6507936507935,521.9197166469894,20.11001517643649,3.4852660268365945,1270.5,22.12397837274857,-2.873326427060767,128.7276420485646,22.30978314090687,-0.1291509564854586,-62.96100402828132,-3607.3998047266946,9.83979411795129,10
centroid,1773,59.13730047720043,1074.7525937749401,526.1537642990156,19.971036212182124,3.4611795874027624,1253.0,21.96831138368092,-3.6071290775383855,128.45471151982665,22.26248156051763,-0.16274472298012196,-62.994597794775984,-3609.3245857647867,9.84514073194599,10
centroid,1774,59.170654848591965,1074.0080496173132,530.378595935603,20.05057072130685,3.474963710397276,1263.0,21.83927446176465,-4.339334500702652,128.4761760805526,22.266201582786277,-0.19613955072930553,-63.02799262252517,-3611.237968452381,9.850455683855975,10
centroid,1775,59.204009219983504,1073.1182458888018,535.3369877316627,20.16139193252045,3.494170130636491,1277.0,21.68506260869916,-5.198673209447196,128.66836557965775,22.299509938153943,-0.23529460438230518,-63.067147676178166,-3613.4813877733063,9.856687404191879,10
centroid,1776,59.23736359137504,1072.041417761848,540.217974246648,19.990949504807148,3.4646307594510946,1255.5,21.4984375636812,-6.044596811636165,128.85605885807936,22.332039053672215,-0.2740881893269778,-63.10594126112284,-3615.704096462818,9.862861594996078,10
centroid,1777,59.27071796276658,1070.4226070613504,544.6172640622901,19.879178144409696,3.445259668890059,1241.5,21.217881537799407,-6.807037575710343,128.5733838523919,22.283048658323697,-0.31044304462810146,-63.142296116423964,-3617.787076236382,9.868647649922643,10
centroid,1778,59.30407233415812,1069.153887543718,549.0485606672047,19.859152776030417,3.441789072996677,1239.0,20.997999802574753,-7.575025435313829,128.8014061358616,22.32256719229625,-0.3462192475207727,-63.178072319316634,-3619.8369016691354,9.874341609458071,10
centroid,1779,59.33742670554967,1067.5223648385843,553.2193698949825,20.228380031264564,3.505779835686779,1285.5,20.715240659614103,-8.297868236696855,128.75988792137508,22.315371671995784,-0.3809961741453591,-63.21284924594122,-3621.8294727891603,9.879876529235917,10
centroid,1780,59.370781076941206,1065.8679920477136,557.2318091451292,20.0068658683992,3.467389223868523,1257.5,20.42852136909361,-8.993263942795974,128.78929247696084,22.32046777449586,-0.4147002078860766,-63.24655327968194,-3623.76057167507,9.885240692807889,10
centroid,1781,59.404135448332745,1064.1516950270411,560.9748054346392,20.05453916681257,3.4756514815490673,1263.5,20.13106999247208,-9.641962498811491,128.79241239196432,22.321008486855987,-0.44667378132106056,-63.27852685311692,-3625.592522488846,9.890329445068378,10
centroid,1782,59.437489819724284,1062.3129829984543,565.780010303967,20.295147023902665,3.5173512208455673,1294.0,19.81240287511067,-10.474752386642175,129.31151284597084,22.41097376838319,-0.4863405576546784,-63.31819362945054,-3627.865261359652,9.896642608598395,10
centroid,1783,59.47084419111582,1059.8237749057619,569.6039310716209,19.851136972363392,3.4403998543435153,1238.0,19.380998307631614,-11.137475961134314,128.97827591771417,22.353220488002712,-0.5215783925316135,-63.35343146432748,-3629.8842405772793,9.902250884202914,10
centroid,1784,59.50419856250736,1057.3318788840406,573.7779981488827,20.030716700474503,3.4715228107412592,1260.5,18.949127895266603,-11.86088338029747,128.98905703574232,22.35508896319108,-0.5592699140232048,-63.39112298581907,-3632.043805682174,9.908249676160956,10
centroid,1785,59.5375529338989,1055.3716707021792,577.0722356739305,19.859152776030417,3.441789072996677,1239.0,18.60940428383076,-12.431807570540371,129.1321967276954,22.379896498196846,-0.5889520692226353,-63.4208051410185,-3633.7444679019536,9.912973737882565,10
centroid,1786,59.57090730529045,1052.2446329862448,581.224707545957,20.314742613119286,3.5207473317273013,1296.5,18.067457486657126,-13.151472325439522,128.9431369924084,22.34713056208703,-0.6292125854539931,-63.461065657249854,-3636.0512255630283,9.919381398052217,10
centroid,1787,59.604261676681986,1049.9075751608243,584.9326506498621,20.102099405542752,3.483894144859872,1269.5,17.66242207667719,-13.794095815083926,129.30977337496128,22.410672300723366,-0.6630387315676668,-63.49489180336353,-3637.9893209725346,9.924764996411957,10
centroid,1788,59.637616048073525,1046.8655767484104,588.3291812637862,20.22051059699233,3.504415984308309,1284.5,17.135213438222255,-14.382748416982038,129.08310140109953,22.37138778886173,-0.6982891167896049,-63.530142188585465,-3640.009019271962,9.930375269465923,10
centroid,1789,59.670970419465064,1044.2446921443736,591.3277600849257,19.994929783493642,3.465320581411032,1256.0,16.680988019167795,-14.902432007591896,129.06489740292994,22.368232854575684,-0.7291446114872453,-63.560997683283105,-3641.7769088929253,9.935286073968598,10
centroid,1790,59.7043247908566,1041.3005202080833,594.8159263705483,19.94312419824553,3.4563421572436948,1249.5,16.17073368386815,-15.506965984546929,129.2737730539287,22.404433086344397,-0.7644474445323093,-63.59630051632817,-3643.7996122312625,9.940904694352868,10
centroid,1791,59.73767916224814,1037.9238551650692,598.5211661341853,19.963065333312567,3.459798154664678,1252.0,15.585523983369596,-16.149120958384017,129.4981576882304,22.443321179466885,-0.8031559714111954,-63.635009043207056,-3646.017447452591,9.947065347745447,10
centroid,1792,59.77103353363968,1034.6786907147628,601.9234468937876,19.927156922508512,3.4535748692442025,1247.5,15.023104645993687,-16.738770117828523,129.7777566127428,22.491778459294544,-0.8393622241884513,-63.67121529598431,-3648.0919129287117,9.952827751845783,10
centroid,1793,59.80438790503123,1030.9161684602097,604.8328683406403,19.98298656901829,3.4632507033280486,1254.5,14.371022045659522,-17.2430018470192,129.51675978992918,22.44654510906165,-0.8759946038991496,-63.707847675695014,-3650.1907936796556,9.95865797615396,10
centroid,1794,59.837742276422766,1027.398530762167,608.091958546504,20.11001517643649,3.4852660268365945,1270.5,13.761380379248772,-17.80783465660365,129.85654991509375,22.50543412376902,-0.9128802663679678,-63.74473333816383,-3652.304186463663,9.964528511665092,10
centroid,1795,59.871096647814305,1023.4395734597157,610.8496577145866,20.074369626682653,3.4790882978555375,1266.0,13.075253627634103,-18.285771402967505,129.7073940169098,22.479583920271814,-0.9500404799813404,-63.7818935517772,-3654.433309869514,9.970442743348011,10
centroid,1796,59.904451019205844,1019.6635562467599,612.9322187662001,20.232313600583467,3.506461562447853,1286.0,12.420832216531162,-18.646699985980533,129.27607432177462,22.40483191899428,-0.9831762764274065,-63.81502934822327,-3656.331851156678,9.97571646914569,10
centroid,1797,59.93780539059738,1015.470022109507,616.192222655742,20.196883896891812,3.5003212417402834,1281.5,11.694050961881866,-19.21169114605129,129.77260089682537,22.490884922349228,-1.0240083180281883,-63.85586138982405,-3658.6713548093053,9.982215090402986,10
centroid,1798,59.97115976198892,1011.4493483030068,618.4520583301071,20.27553249624694,3.513951827743614,1291.5,10.997228125109142,-19.603343187732836,129.69435379153703,22.477323919268567,-1.059556662070346,-63.89140973386621,-3660.7081248916,9.987872785076028,10
centroid,1799,60.00451413338046,1007.3039253789351,620.7057909055577,20.236246405285904,3.507143156693274,1286.5,10.278785023133482,-19.993937501554974,129.71756641620215,22.48134689843737,-1.095936337167803,-63.92778940896366,-3662.7925267347414,9.993662790195865,10
centroid,1800,60.03786850477201,1003.1058716549752,622.9037412314887,20.208700699792736,3.502369211437724,1283.0,9.551220479070071,-20.37486419566396,129.83941452658135,22.502464390185285,-1.132439531648958,-63.96429260344482,-3664.884005717257,9.999472454036185,10
centroid,1801,60.071222876163546,999.443915973048,624.7687937640375,20.038660669337457,3.47289957970704,1261.5,8.916567067920145,-20.69809638484572,130.0386844282346,22.53699984987091,-1.1640303460532124,-63.99588341784907,-3666.6940260540014,10.00450028830492,11
centroid,1802,60.104577247555085,995.1671987230646,626.7132216014897,19.971036212182124,3.4611795874027624,1253.0,8.17536935091304,-21.035085105343974,130.21715229248446,22.567930109181752,-1.2001091117670815,-64.03196218356294,-3668.7611870594474,10.010242402208936,11
centroid,1803,60.137931618946624,991.2557150451886,628.0147527910685,19.979003910967972,3.4625604690006497,1254.0,7.49747025151301,-21.26065343028598,130.07850056116922,22.543900382477155,-1.231766808090012,-64.06361987988588,-3670.5750394478587,10.015280881065635,11
centroid,1804,60.17128599033816,986.9330682571239,629.0156394963552,20.0068658683992,3.467389223868523,1257.5,6.748312487867506,-21.434117070171023,129.65982326656822,22.471339435194007,-1.265781275234688,-64.09763434703055,-3672.523924857635,10.020694451648346,11
centroid,1805,60.2046403617297,982.0232738557021,630.2948021722266,20.255898975135768,3.5105491428865623,1289.0,5.897396191887858,-21.655808708784786,129.50467059055376,22.444449930340742,-1.3049196810319394,-64.1367727528278,-3674.7663903266875,10.026923522395716,11
centroid,1806,60.23799473312124,977.8007708665602,631.7425571504518,19.979003910967972,3.4625604690006497,1254.0,5.165594346530931,-21.906719073422618,129.8684891715587,22.507503315889362,-1.339226802342766,-64.17107987413863,-3676.7320435850415,10.032383670335587,11
centroid,1807,60.27134910451279,973.3080668509014,632.7391762073956,20.078333368379234,3.4797752537903315,1266.5,4.386963970719204,-22.079443087322627,129.88893919321947,22.511047508428103,-1.374660724179052,-64.20651379597491,-3678.762257757857,10.038023154148963,11
centroid,1808,60.304703475904326,968.9741012756089,633.3482798608427,20.29122563520334,3.516671605107246,1293.5,3.6358445484551547,-22.185006820196808,129.71537644421687,22.4809673544692,-1.408352949256089,-64.24020602105195,-3680.692680057176,10.043385438313738,11
centroid,1809,60.338057847295865,964.0154045307443,634.2612297734627,20.244109722623776,3.508505947946064,1287.5,2.7764529890438983,-22.343230137620562,129.91218066419395,22.515075486949772,-1.4471663462353688,-64.27901941803123,-3682.9165238926544,10.049562782301178,11
centroid,1810,60.371412218687404,959.7053478712356,634.4867601246106,20.216574731145414,3.503733859536045,1284.0,2.0294772201380833,-22.382316794889586,129.67597152975236,22.474138090121627,-1.480370360601298,-64.31222343239716,-3684.8189737787143,10.054847365318011,11
centroid,1811,60.40476659007894,956.0466246388231,635.0584449697925,20.098140350968553,3.483208001250094,1269.0,1.3953840247004907,-22.481395475412146,129.96747454766805,22.52465846796064,-1.5088074587942426,-64.3406605305901,-3686.4482994867685,10.059373270062606,11
centroid,1812,60.43812096147048,951.2587064676617,634.986907567426,20.129790985302495,3.4886933715794597,1273.0,0.5655900939243762,-22.46899733071018,129.6873767391713,22.4761147265671,-1.545629619416599,-64.37748269121246,-3688.558053882983,10.06523369894098,11
centroid,1813,60.47147533286202,946.7729183083792,634.9926451273968,20.098140350968553,3.483208001250094,1269.0,-0.21184169506065417,-22.469991707028043,129.65780864498313,22.470990281197558,-1.5802238077573267,-64.41207687955318,-3690.540154870587,10.070739535017658,11
centroid,1814,60.50482970425357,942.029909484455,634.9442476715203,20.11001517643649,3.4852660268365945,1270.5,-1.033852388437893,-22.461603945642892,129.74086167483847,22.485384198896828,-1.6167914050438743,-64.44864447683973,-3692.63532386204,10.076559448882806,11
centroid,1815,60.538184075645106,937.4429223744291,634.8174820613176,20.165338568935375,3.49485412205552,1277.5,-1.8288229640365925,-22.439634202172563,129.90617763235403,22.514035101711563,-1.652116274975011,-64.48396934677088,-3694.6592898209433,10.082181576546425,11
centroid,1816,60.571538447036644,933.1259403372243,634.4463035019455,20.22444569688304,3.505097976332729,1285.0,-2.5769989699087112,-22.37530525903057,129.95914510884688,22.523214893209886,-1.6854626779549897,-64.51731574975085,-3696.569897973638,10.087488821415022,11
centroid,1817,60.60489281842818,928.2147882649673,633.8618080446038,19.990949504807148,3.4646307594510946,1255.5,-3.4281505637733205,-22.27400637176267,130.0344873498434,22.536272454361733,-1.7235061932217985,-64.55535926501766,-3698.749630836268,10.093543634922327,11
centroid,1818,60.63824718981972,924.1951501154734,633.1129073646395,20.33431931864807,3.524140169877757,1299.0,-4.1247939108664955,-22.14421442111249,129.97002566556054,22.52510060211336,-1.7549553973063723,-64.58680846910224,-3700.5515374993597,10.098548931208693,11
centroid,1819,60.67160156121126,920.5418418035919,632.3930709463762,20.40853953793583,3.537003273486505,1308.5,-4.75794864661627,-22.019459596641124,129.98469239282034,22.527642492101755,-1.7836038379664694,-64.61545690976233,-3702.192972238814,10.103108472151622,11
centroid,1820,60.70495593260281,915.704436683482,631.2041133100505,20.25196998683867,3.5098682100622174,1288.5,-5.5963191587837295,-21.81340139027591,129.93968151743448,22.519841658862983,-1.8219340472973746,-64.65378711909324,-3704.389131461328,10.109208914436383,11
centroid,1821,60.738310303994346,911.5817401482637,630.4838080374561,20.196883896891812,3.5003212417402834,1281.5,-6.3108235511021,-21.688565308676825,130.33328973666505,22.588057885570528,-1.8539525910666905,-64.68580566286255,-3706.2236588854644,10.114304823947872,11
centroid,1822,60.771664675385885,907.40423572744,629.31439094975,20.082296327732614,3.4804620741372525,1267.0,-7.034826696157745,-21.485893674109384,130.44972766032987,22.60823773804821,-1.8872119170222397,-64.7190649888181,-3708.129277892168,10.119598210077605,11
centroid,1823,60.805019046777424,903.3339895013122,627.9925196850394,20.106057680545288,3.484580153362112,1270.0,-7.740240927242216,-21.25680021145772,130.5301563816993,22.622176836935576,-1.9200033407740995,-64.75185641256996,-3710.0080880773744,10.124817127258734,11
centroid,1824,60.83837341816896,899.5862338678138,626.4312345196192,20.17322952543733,3.49622170345087,1278.5,-8.389764324997902,-20.986213934048106,130.40849172715937,22.601091139912747,-1.9511087500270203,-64.78296182182288,-3711.790296747594,10.129767706898233,11
centroid,1825,60.8717277895605,895.5879556259905,624.7531695721078,20.042631473036266,3.4735877595571933,1262.0,-9.082705787239801,-20.695388556688883,130.40661925953677,22.600766622614568,-1.9843609780299043,-64.81621404982576,-3713.6955090715655,10.13505996335371,11
centroid,1826,60.90508216095204,892.1494893221912,623.1927311314498,19.998909270006028,3.466010266079302,1256.5,-9.678626262083398,-20.42494902511818,130.41423941138189,22.602087270864313,-2.0133165102699584,-64.84516958206582,-3715.3545388624757,10.139668379439572,11
centroid,1827,60.93843653234359,888.4869215291751,621.4057679409792,19.887182645698207,3.446646928728396,1242.5,-10.313385758184733,-20.115250497080652,130.43145471742605,22.605070854952682,-2.0445639243779516,-64.87641699617382,-3717.1448838115616,10.1446415598537,11
centroid,1828,60.971790903735126,884.0705388572975,619.5393988627133,19.794935460673933,3.4306595723183855,1231.0,-11.078788884575232,-19.791790137406704,130.87297021959202,22.6815898911901,-2.081107174948122,-64.91296024674398,-3719.238657838921,10.150457598818585,11
centroid,1829,61.005145275126665,880.5917989417989,617.031746031746,20.026743534373637,3.470834221463288,1260.0,-11.681689177653789,-19.357188912982398,130.4535827897377,22.60890587039104,-2.1137712077053643,-64.94562427950123,-3721.1101690577884,10.155656241093217,11
centroid,1830,61.038499646518204,876.6911302982732,614.8745421245421,20.137695871130575,3.4900633670658334,1274.0,-12.357713923828841,-18.9833239792778,130.6979796208698,22.651262276646232,-2.147858305070999,-64.97971137686686,-3723.0632158726908,10.161081371134612,11
centroid,1831,61.07185401790974,873.0447780850783,612.389701040432,20.070405102179357,3.4784012062525393,1265.5,-12.989663098358527,-18.552676257903403,130.67931417985344,22.648027369716548,-2.181623201778171,-65.01347627357403,-3724.9978019497066,10.166455221348546,11
centroid,1832,61.10520838930128,869.1555023923445,609.6888623072833,19.979003910967972,3.4625604690006497,1254.0,-13.663713332630326,-18.084593991529132,130.78327681785657,22.666045130872554,-2.217836404921466,-65.04968947671733,-3727.0726656524675,10.172218731633993,11
centroid,1833,61.13856276069282,865.7161607875307,607.5365053322396,19.69821695631462,3.4138972917108132,1219.0,-14.259785505862132,-17.711569079467676,131.20156784175208,22.738539133593243,-2.2486461915387985,-65.08049926333466,-3728.837936393339,10.177122261469748,11
centroid,1834,61.17191713208437,862.3237268061587,604.4483484669034,20.078333368379234,3.4797752537903315,1266.5,-14.847728120515947,-17.176360721151287,131.0036468019539,22.70423744510854,-2.2836072141709427,-65.1154602859668,-3730.8410554376223,10.182686481037202,11
centroid,1835,61.205271503475906,858.5382081686429,601.0040843214756,20.066439794405365,3.477713978900924,1265.0,-15.503796223177044,-16.579435422577834,130.97352523264024,22.699017076984358,-2.3226805204414847,-65.15453359223734,-3733.0797909785465,10.1889051908731,11
centroid,1836,61.238625874867445,855.2010412494994,598.3465491923641,19.93514215902316,3.4549587903052554,1248.5,-16.082160505209107,-16.11885810230461,131.38063585566474,22.769573404821152,-2.3550548498084356,-65.1869079216043,-3734.9347034158395,10.194057725421137,11
centroid,1837,61.271980246258984,851.7824602862019,594.1818301168438,20.102099405542752,3.483894144859872,1269.5,-16.67463465238589,-15.397070784996307,130.9567285456003,22.696106043740965,-2.396008050093295,-65.22786112188916,-3737.281148949716,10.200575629681905,11
centroid,1838,61.30533461765052,848.9764323445754,590.8757957469863,19.790914959878798,3.4299627794662064,1230.5,-17.160947256802228,-14.82410208399207,130.84722239953683,22.677127537396924,-2.4291254558260342,-65.2609785276219,-3739.1786365266244,10.20584642850665,11
centroid,1839,61.33868898904206,845.9062837108953,587.559331175836,19.83509564693766,3.4376197327950617,1236.0,-17.693034609120186,-14.249325725166573,131.08041963175174,22.717542941555507,-2.4635897807317217,-65.29544285252759,-3741.1532968874876,10.211331596175715,11
centroid,1840,61.3720433604336,843.0713900134953,583.7738191632928,19.827070117316413,3.436228828537114,1235.0,-18.184349936660002,-13.59325877067926,130.99918262250577,22.703463758324528,-2.499677336327065,-65.33153040812293,-3743.2209615160446,10.217075109032818,11
centroid,1841,61.40539773182515,840.6816101238556,580.6721863220247,19.851136972363392,3.4403998543435153,1238.0,-18.598522605745682,-13.055714891445446,131.1147007768983,22.7234842056218,-2.5295418035616652,-65.36139487535753,-3744.932069445994,10.22182818661601,11
centroid,1842,61.438752103216686,838.2917843216351,576.7504370041684,19.863159464818494,3.442483472090396,1239.5,-19.012703231939163,-12.376036654339496,130.89772622964384,22.685880354426285,-2.564560321436751,-65.39641339323262,-3746.93848272504,10.227401556835584,11
centroid,1843,61.472106474608225,835.5933739012846,573.0197430696415,19.80699206647799,3.43274910224858,1232.5,-19.480364647507315,-11.729470219035806,131.2046022661062,22.739065029571922,-2.5996175561969634,-65.43147062799282,-3748.947114318199,10.232981089038804,11
centroid,1844,61.505460845999764,834.1055255504778,569.4043761251904,19.572581536991795,3.392123421582347,1203.5,-19.738223593144916,-11.102891100348321,130.6714820569614,22.646669984772075,-2.629197792595348,-65.46105086439121,-3750.641937020826,10.237688929879432,11
centroid,1845,61.5388152173913,832.0580072162087,565.3992506244796,19.5522421554852,3.388598404084853,1201.0,-20.093078924040668,-10.408762939908119,130.5698480820849,22.629055804141096,-2.6636274521998127,-65.49548052399568,-3752.6146112062343,10.243168580394457,11
centroid,1846,61.57216958878284,829.9209358612344,560.9838644614764,19.863159464818494,3.442483472090396,1239.5,-20.463454685822533,-9.643532518435793,130.528602072411,22.621907459647183,-2.70120324596237,-65.53305631775824,-3754.7675456006823,10.249148953712368,11
centroid,1847,61.60552396017438,827.0341134470448,556.5885230728546,20.030716700474503,3.4715228107412592,1260.5,-20.963769777452832,-8.881776056110398,131.3695001170385,22.767643470349338,-2.7408468140358373,-65.5726998858317,-3757.0389547361315,10.25545842353306,11
centroid,1848,61.63887833156593,825.2954576643336,552.2111980238782,19.661824858598802,3.407590178528578,1214.5,-21.265096150341222,-8.123142004978776,131.34721678543795,22.763781546929053,-2.77670428292003,-65.6085573547159,-3759.0934363672177,10.261165316952743,11
centroid,1849,61.672232702957466,824.0175656984785,547.6686030428768,19.584775026828055,3.3942366748793753,1205.0,-21.48656756224652,-7.335865027708594,131.00429527756654,22.704349832394286,-2.8125851278920986,-65.64443819968795,-3761.1492573494797,10.26687593079236,11
centroid,1850,61.705587074349005,821.7256830601092,543.6411202185792,19.706294962377495,3.415297290659024,1220.0,-21.883773662138715,-6.637862120299561,131.9504933299257,22.868335383753312,-2.847089601785316,-65.67894267358118,-3763.126218077881,10.272367488371252,11
centroid,1851,61.738941445740544,820.6255024255024,539.4992376992376,19.56444832179043,3.3907138543402753,1202.5,-22.074445929441197,-5.9200326057438355,131.87063513489625,22.85449516276597,-2.8795733803921326,-65.711426452188,-3764.9874014946886,10.27753744230683,11
centroid,1852,61.77229581713208,819.0810847093569,534.6372667472143,19.879178144409696,3.445259668890059,1241.5,-22.342108909807003,-5.0774045901067115,132.20119497305913,22.91178447675593,-2.918130839387178,-65.74998391118304,-3767.1965811638534,10.283674052498954,11
centroid,1853,61.80565018852362,818.5093133166528,529.8597442313038,19.535955403674656,3.3857757476982324,1199.0,-22.441202589877605,-4.249412329978526,131.78693208922732,22.839988590848787,-2.9544507945598806,-65.78630386635574,-3769.2775613073536,10.289454552897565,11
centroid,1854,61.83900455991516,817.5848497102035,524.842970750775,19.839107194283145,3.4383149739251953,1236.5,-22.601421345176206,-3.379955493540657,131.86058615849925,22.85275357501809,-2.993146600886497,-65.82499967268235,-3771.4946676947243,10.295613181751373,11
centroid,1855,61.87235893130671,817.2521786492374,520.6717047930283,19.738573927438622,3.420891556964741,1224.0,-22.659076555116336,-2.6570335363027056,131.63887221167263,22.8143283386485,-3.0248643853280104,-65.85671745712388,-3773.3119628787294,10.300661223929165,11
centroid,1856,61.905713302698246,816.8151613778139,516.0497694602658,19.77884855394466,3.4278715510758095,1229.0,-22.73481600314112,-1.856006085443896,131.61649265688177,22.81044973879047,-3.0601361202171518,-65.89198919201301,-3775.332884423981,10.306274894888197,11
centroid,1857,61.939067674089785,816.0681724845996,511.54318959616694,19.68609373209335,3.4117962161450612,1217.5,-22.86427662209652,-1.0749708868243772,132.07280210837757,22.88953271386879,-3.0946119464814967,-65.92646501827736,-3777.3082037641543,10.311761893055346,11
centroid,1858,61.97242204548132,816.1722893238928,507.17145633763704,19.548171739670202,3.387892960462328,1200.5,-22.846232136320335,-0.3173059486994598,131.83567096636975,22.848435523941593,-3.1277047815490873,-65.95955785334495,-3779.2042835456496,10.317028781337276,11
centroid,1859,62.00577641687286,816.4150969722338,501.99832565927164,19.49926047434974,3.3794161507804166,1194.5,-22.804151151279083,0.5792491482265258,131.62259150699825,22.811506730290837,3.1161970748229035,-65.99884130415253,-3781.455059481634,10.323280936715012,11
centroid,1860,62.0391307882644,816.5042527339003,496.6539759686782,19.82305613405485,3.43553316523845,1234.5,-22.788699569343066,1.5054782061729968,131.77761155660227,22.838373249665544,3.0756260185462723,-66.03941236042917,-3783.779609776673,10.329738020867897,11
centroid,1861,62.07248515965595,816.974487662066,492.9318276871602,19.50742086829322,3.380830428369334,1195.5,-22.707203170390155,2.1505635946526325,131.60705487378084,22.808814076931355,3.047165876215796,-66.06787250275964,-3785.410255816551,10.334267593200892,11
centroid,1862,62.105839531047486,817.1599099099099,488.37964527027026,19.413369239820483,3.3645303439283842,1184.0,-22.675067647101894,2.939502170101325,131.9301303185451,22.864806270963182,3.01267574257203,-66.10236263640341,-3787.386394909181,10.339756868458197,11
centroid,1863,62.139193902439025,817.8043986254295,483.52247422680415,19.6456289539899,3.404783266867296,1212.5,-22.563371330357583,3.7812983137542924,132.00639175919997,22.878023138575667,2.9755499178651656,-66.13948846111028,-3789.513547975827,10.345665626976658,11
centroid,1864,62.172548273830564,818.628074639525,479.8312128922816,19.37233480535295,3.3574186675260846,1179.0,-22.420620069164546,4.421030686530485,131.8582343099287,22.85234597622459,2.946904394476521,-66.16813398449892,-3791.1548155679397,10.350224703621416,11
centroid,1865,62.2059026452221,819.1443397514679,475.20729209340436,19.710332723912007,3.415997074969341,1220.5,-22.33114618067123,5.22240223845219,132.32751931691934,22.933677744371874,2.911859590420898,-66.20317878855454,-3793.1627349341893,10.355802257416553,11
centroid,1866,62.23925701661364,820.3768469567574,470.79788531923543,19.78287150701259,3.428568768931301,1229.5,-22.117540400032134,5.986596372254794,132.21064623126833,22.913422473985587,2.8772546915676998,-66.23778368740774,-3795.1454495889548,10.361309798124235,11
centroid,1867,62.27261138800518,821.6306086485021,466.3165243323844,19.78287150701259,3.428568768931301,1229.5,-21.90025100508891,6.763260888140578,132.25316670055182,22.920791695029862,2.84206282894773,-66.27297555002771,-3797.1617947902832,10.366910757016814,11
centroid,1868,62.30596575939673,823.4819489685124,461.7029044516829,19.77080019204319,3.426476689756175,1228.0,-21.579395278982588,7.562847188293542,131.93865862344688,22.866284311187414,2.804502632461231,-66.3105357465142,-3799.3138355266415,10.372888647951143,11
centroid,1869,62.339320130788266,825.1404970151325,457.4289879216993,19.548171739670202,3.387892960462328,1200.5,-21.291952375034185,8.30355951261546,131.86664450030332,22.853803546024253,2.7697488875054197,-66.34528949147003,-3801.3050784348843,10.378419878251817,11
centroid,1870,62.372674502179805,826.7641600886303,453.4763883118681,19.572581536991795,3.392123421582347,1203.5,-21.010555384557435,8.988584412744512,131.8592910677819,22.852529122891166,2.7373419583146585,-66.37769642066078,-3803.161858704494,10.383577601222955,11
centroid,1871,62.406028873571344,828.2446470506976,449.5227241331675,19.596960929714164,3.3963486132823384,1206.5,-20.75397224094481,9.673793813267089,132.12055553450466,22.897808858480595,2.7054163821394863,-66.40962199683595,-3804.9910594778544,10.38865871448229,11
centroid,1872,62.43938324496288,829.9326710816777,445.84726821192055,19.60913925979463,3.3984592392426207,1208.0,-20.461420855177977,10.310786950421319,132.20524985085902,22.9124872274856,2.6748191187428163,-66.44021926023262,-3806.744153535134,10.393528420196956,11
centroid,1873,62.47273761635442,832.2358333333333,441.79541666666665,19.544100476116796,3.3871873699182884,1200.0,-20.06225988590166,11.013013200006933,132.05389768170465,22.88625638834333,2.6395622376965746,-66.47547614127886,-3808.764224017878,10.399139727093466,11
centroid,1874,62.50609198774596,834.6397621070519,437.93457943925233,19.35589667358042,3.3545697754835473,1177.0,-19.645635074211143,11.682134764848911,131.88266476942115,22.85658001830472,2.6051216081933894,-66.50991677078206,-3810.737526732185,10.404621123522096,11
centroid,1875,62.53944635913751,837.0705264651624,433.665247623102,19.335329356462026,3.351005254473145,1174.5,-19.22435938832829,12.42205251257674,132.06683707173613,22.888498913577102,2.5679201597839802,-66.54711821919146,-3812.8690127178174,10.410541917926631,11
centroid,1876,62.572800730529046,839.770086526576,430.25449800851527,19.653728574599526,3.4061870118318485,1213.5,-18.756498728507683,13.013169408982364,131.72170569601346,22.828684206922325,2.535043112258572,-66.57999526671686,-3814.7527287838743,10.415774462554568,11
centroid,1877,62.606155101920585,842.4050237610319,426.24114052953155,19.766774782209744,3.425779046118738,1227.5,-18.299837848566817,13.708724253289107,131.9318740842627,22.865108482938705,2.498656742517154,-66.61638163645829,-3816.83751420186,10.421565533160082,11
centroid,1878,62.639509473312124,845.2407482169291,422.86071861122326,19.85514527870861,3.4410945337760053,1238.5,-17.808378542300915,14.29458505771349,131.76273187476966,22.835794452527583,2.4652143804674713,-66.64982399850797,-3818.7536204042553,10.426888050388959,11
centroid,1879,62.67286384470366,848.0022305869231,420.0545099679353,19.50742086829322,3.380830428369334,1195.5,-17.329786129346115,14.780928979528463,131.42419919161378,22.77712336505076,2.435405559325633,-66.67963281964981,-3820.4615400479433,10.431632271621426,11
centroid,1880,62.7062182160952,850.6420628301362,417.07130942452045,19.535955403674656,3.3857757476982324,1199.0,-16.872276895608746,15.29794736136375,131.41198486675432,22.775006500836586,2.405092954486295,-66.70994542448915,-3822.1983243712853,10.436456672519597,11
centroid,1881,62.73957258748674,853.7265272652727,413.8895722290556,19.70225637334802,3.414597362935585,1219.5,-16.337708472241104,15.849374123421569,131.33880474311061,22.76232365616753,2.371365075595773,-66.74367330337967,-3824.13078948364,10.441824631165028,11
centroid,1882,62.77292695887829,856.8310032894736,410.8754111842105,19.67396303746374,3.4096938458831008,1216.0,-15.799671841072653,16.371758268676817,131.28058063217992,22.752232837538646,2.3384139272422715,-66.77662445173317,-3826.0187512144053,10.447068969306041,11
centroid,1883,62.806281330269826,860.0877264677836,407.6879171774962,19.734541944161457,3.420192774084003,1223.5,-15.235249260950752,16.924182743490924,131.39169776317257,22.77149054362442,2.303725177189694,-66.81131320178575,-3828.0062701890024,10.45258985534659,11
centroid,1884,62.839635701661365,863.8838465694218,404.9504321988114,19.819041337834626,3.4348373610459495,1234.0,-14.577343818913397,17.39861616939728,130.96913025085226,22.698255382844405,2.268191333397522,-66.84684704557792,-3830.0422094681708,10.458245242233168,11
centroid,1885,62.872990073052904,866.5855781185246,402.34424644287884,19.596960929714164,3.3963486132823384,1206.5,-14.109106818637347,17.85029413160093,131.28511961001297,22.753019487628134,2.2396642170524355,-66.875374161923,-3831.676692836423,10.462785473811648,11
