Test ID,Frame Number,Video Time (s),Elapsed Experiment Time (s),LED Detected,Marker 1 X (mm),Marker 1 Y (mm),Marker 2 X (mm),Marker 2 Y (mm),Marker 3 X (mm),Marker 3 Y (mm),Object Centroid X (mm),Object Centroid Y (mm),Pitch Angle (deg),Forward Velocity (mm/s),Number of Markers Detected,Interpolated Frame,Finish Line Crossed,Finish Crossing Frame (interpolated)
low_6p0s_rep3,26,0.8662951256433544,0.0,True,-233.69683837890625,-325.52996826171875,19.135746002197266,-329.2205810546875,270.9317626953125,-332.7171936035156,18.790223439534504,-329.1559143066406,0.8159859278233037,-7.3895471495315155,3,False,False,650.0825949654671
low_6p0s_rep3,27,0.8996141689373297,0.03331904329397528,True,-233.68325805664062,-325.4705810546875,19.149648666381836,-329.2696838378906,270.9072265625,-332.71923828125,18.791205724080402,-329.1531677246094,0.823021664804334,-7.810183409409977,3,False,False,650.0825949654671
low_6p0s_rep3,28,0.9329332122313049,0.06663808658795045,True,-233.18325805664062,-325.2881774902344,19.761672973632812,-328.8753662109375,271.5252380371094,-332.1285095214844,19.367884318033855,-328.76401774088544,0.7764841781477543,-2.5674802289248233,3,False,False,650.0825949654671
low_6p0s_rep3,29,0.96625225552528,0.09995712988192562,True,-232.3782196044922,-324.57958984375,20.371809005737305,-328.44122314453125,272.3386535644531,-331.5464172363281,20.110747655232746,-328.18907674153644,0.7908284394398775,4.915011810746475,3,False,False,650.0825949654671
low_6p0s_rep3,30,0.9995712988192552,0.1332761731759008,False,-232.78289794921875,-324.3304138183594,20.168907165527344,-328.31927490234375,272.0699462890625,-331.8072814941406,19.8186518351237,-328.15232340494794,0.848488129074039,13.393494339796769,3,False,False,650.0825949654671
low_6p0s_rep3,31,1.0328903421132303,0.16659521646987585,False,-234.06396484375,-324.65789794921875,18.847036361694336,-328.5578918457031,270.914306640625,-332.07086181640625,18.565792719523113,-328.4288838704427,0.8410283411019713,22.318661511884606,3,False,False,650.0825949654671
low_6p0s_rep3,32,1.0662093854072054,0.19991425976385102,False,-235.3511199951172,-324.7524108886719,17.70768928527832,-328.6060791015625,269.7774353027344,-331.984375,17.378001530965168,-328.44762166341144,0.820252010266573,27.139472858824927,3,False,False,650.0825949654671
low_6p0s_rep3,33,1.0995284287011806,0.2332333030578262,False,-236.3326416015625,-324.80389404296875,16.592750549316406,-328.590087890625,268.6954040527344,-332.0403747558594,16.318504333496094,-328.4781188964844,0.8209275392629305,27.207878725638583,3,False,False,650.0825949654671
low_6p0s_rep3,34,1.1328474719951558,0.26655234635180136,False,-236.8725128173828,-324.7768249511719,15.898904800415039,-328.5188293457031,268.1448974609375,-332.02001953125,15.723763147989908,-328.4385579427083,0.8217063775434158,24.824036640327378,3,False,False,650.0825949654671
low_6p0s_rep3,35,1.166166515289131,0.29987138964577653,False,-237.4705810546875,-324.55682373046875,15.45186996459961,-328.38287353515625,267.5077819824219,-331.8966064453125,15.163023630777994,-328.2787679036458,0.8327266910144736,22.417606632105972,3,False,False,650.0825949654671
low_6p0s_rep3,36,1.1994855585831061,0.3331904329397517,False,-238.41799926757812,-324.6658935546875,14.34527587890625,-328.4342346191406,266.540771484375,-331.8682556152344,14.156016031901041,-328.3227945963542,0.8171696217879104,21.41755270181167,3,False,False,650.0825949654671
low_6p0s_rep3,37,1.2328046018770813,0.36650947623372687,False,-239.17416381835938,-324.7293701171875,13.81635856628418,-328.3999938964844,265.9077453613281,-331.8128356933594,13.51664670308431,-328.31406656901044,0.803485671191388,22.807711271243306,3,False,False,650.0825949654671
low_6p0s_rep3,38,1.2661236451710565,0.39982851952770204,False,-239.98777770996094,-324.60284423828125,12.955784797668457,-328.3946228027344,265.16357421875,-331.82135009765625,12.710527102152506,-328.27293904622394,0.818688835700437,24.247518429160557,3,False,False,650.0825949654671
low_6p0s_rep3,39,1.2994426884650316,0.4331475628216772,False,-240.4225311279297,-324.48272705078125,12.390118598937988,-328.1733093261719,264.6192626953125,-331.80731201171875,12.195616722106934,-328.1544494628906,0.83089833394394,23.281467074773044,3,False,False,650.0825949654671
low_6p0s_rep3,40,1.3327617317590068,0.4664666061156524,False,-241.61180114746094,-324.4211730957031,11.372149467468262,-328.37896728515625,263.5152282714844,-331.9360656738281,11.091858863830566,-328.2454020182292,0.8523397896523802,21.197119380375323,3,False,False,650.0825949654671
low_6p0s_rep3,41,1.366080775052982,0.49978564940962755,False,-242.5103302001953,-324.40582275390625,10.34232234954834,-328.1409912109375,262.6124267578125,-331.7698059082031,10.148139635721842,-328.1055399576823,0.8352331423858769,20.875014168551704,3,False,False,650.0825949654671
low_6p0s_rep3,42,1.3993998183469571,0.5331046927036027,False,-242.91603088378906,-324.3484802246094,9.993962287902832,-328.1737365722656,262.2241516113281,-331.748779296875,9.767361005147299,-328.09033203125,0.8393226056354813,21.930432600580087,3,False,False,650.0825949654671
low_6p0s_rep3,43,1.4327188616409323,0.5664237359975779,False,-243.2037811279297,-324.2384033203125,9.592575073242188,-328.0390319824219,261.8026123046875,-331.6374816894531,9.397135416666666,-327.9716389973958,0.8394064659407009,22.761352362090022,3,False,False,650.0825949654671
low_6p0s_rep3,44,1.4660379049349075,0.5997427792915531,False,-244.12928771972656,-324.2507019042969,8.826777458190918,-328.081298828125,260.9634704589844,-331.62261962890625,8.553653399149576,-327.98487345377606,0.8361826176867935,22.65127833683016,3,False,False,650.0825949654671
low_6p0s_rep3,45,1.4993569482288827,0.6330618225855282,False,-245.2928466796875,-324.3756103515625,7.646066665649414,-328.0555114746094,259.9272155761719,-331.65203857421875,7.426811854044597,-328.02772013346356,0.8251449914962016,22.331641815630828,3,False,False,650.0825949654671
low_6p0s_rep3,46,1.5326759915228578,0.6663808658795034,False,-246.5137939453125,-324.5006408691406,6.487312316894531,-328.297607421875,258.7144470214844,-331.670166015625,6.229321797688802,-328.15613810221356,0.8130106913805204,22.46131032734337,3,False,False,650.0825949654671
low_6p0s_rep3,47,1.565995034816833,0.6996999091734786,False,-246.59475708007812,-324.28448486328125,6.405555248260498,-327.9214782714844,258.6061706542969,-331.56378173828125,6.138989607493083,-327.9232482910156,0.8255015113103119,21.924140898040246,3,False,False,650.0825949654671
low_6p0s_rep3,48,1.5993140781108082,0.7330189524674537,False,-247.10675048828125,-324.3805847167969,5.761074542999268,-327.9842834472656,258.1001281738281,-331.5809020996094,5.584817409515381,-327.98192342122394,0.8165365219746111,19.126148172827865,3,False,False,650.0825949654671
low_6p0s_rep3,49,1.6326331214047833,0.7663379957614289,False,-247.8572540283203,-324.425048828125,5.0810017585754395,-328.0202331542969,257.4224853515625,-331.4880065917969,4.882077693939209,-327.97776285807294,0.8008461159260671,17.65243575550368,3,False,False,650.0825949654671
low_6p0s_rep3,50,1.6659521646987585,0.7996570390554041,False,-248.92755126953125,-324.515869140625,4.017627716064453,-328.0209655761719,256.29034423828125,-331.5108337402344,3.793473561604818,-328.01588948567706,0.7932346546816565,21.215418102401273,3,False,False,650.0825949654671
low_6p0s_rep3,51,1.6992712079927337,0.8329760823493793,False,-249.255859375,-324.3522033691406,3.729034185409546,-327.9569396972656,255.99685668945312,-331.5424499511719,3.4900104999542236,-327.9505310058594,0.8153206547259337,23.29254529413444,3,False,False,650.0825949654671
low_6p0s_rep3,52,1.7325902512867088,0.8662951256433544,False,-249.69703674316406,-324.5547790527344,3.186232089996338,-327.9777526855469,255.50083923339844,-331.541748046875,2.996678193410238,-328.02475992838544,0.7923594558661431,20.793007843825407,3,False,False,650.0825949654671
low_6p0s_rep3,53,1.765909294580684,0.8996141689373296,False,-251.12615966796875,-324.4292907714844,1.865902066230774,-327.9738464355469,254.23532104492188,-331.5631103515625,1.6583544810612996,-327.98874918619794,0.8087490301262691,20.755596447429966,3,False,False,650.0825949654671
low_6p0s_rep3,54,1.7992283378746594,0.932933212231305,False,-251.73507690429688,-324.4097900390625,1.2951617240905762,-327.8536376953125,253.58297729492188,-331.3671875,1.0476873715718586,-327.8768717447917,0.788818688320449,24.46377739749395,3,False,False,650.0825949654671
low_6p0s_rep3,55,1.8325473811686346,0.9662522555252802,False,-252.0807647705078,-324.398193359375,0.911372184753418,-327.678955078125,253.26889038085938,-331.2557067871094,0.6998325983683268,-327.7776184082031,0.7774467823372297,24.93430315189966,3,False,False,650.0825949654671
low_6p0s_rep3,56,1.8658664244626098,0.9995712988192553,False,-253.0388946533203,-324.3145751953125,-0.20771920680999756,-327.8725891113281,252.25086975097656,-331.2881774902344,-0.3319147030512492,-327.8251139322917,0.7906999947646235,25.476968220461607,3,False,False,650.0825949654671
low_6p0s_rep3,57,1.899185467756585,1.0328903421132305,False,-254.15188598632812,-324.25439453125,-1.1173983812332153,-327.77294921875,251.2718048095703,-331.2090148925781,-1.3324931859970093,-327.7454528808594,0.7883390836754554,29.40067874215081,3,False,False,650.0825949654671
low_6p0s_rep3,58,1.93250451105056,1.0662093854072057,False,-255.10455322265625,-324.28106689453125,-2.131812572479248,-327.8377380371094,250.27532958984375,-331.35089111328125,-2.320345401763916,-327.82323201497394,0.8014657546755893,31.23081606065327,3,False,False,650.0825949654671
low_6p0s_rep3,59,1.9658235543445353,1.0995284287011808,False,-256.320068359375,-324.4173889160156,-3.2842843532562256,-327.808349609375,249.21746826171875,-331.1393737792969,-3.462294816970825,-327.7883707682292,0.7618003395383395,28.84523980962381,3,False,False,650.0825949654671
low_6p0s_rep3,60,1.9991425976385104,1.132847471995156,False,-257.4657897949219,-324.4817810058594,-4.418237209320068,-327.9072570800781,248.12539672851562,-331.30047607421875,-4.5862100919087725,-327.89650472005206,0.7726771656866398,26.352560548833612,3,False,False,650.0825949654671
low_6p0s_rep3,61,2.0324616409324854,1.166166515289131,False,-258.2435302734375,-324.59332275390625,-5.263078689575195,-327.8970947265625,247.1515655517578,-331.2952575683594,-5.451681137084961,-327.9285583496094,0.7597423814152356,25.965566102101672,3,False,False,650.0825949654671
low_6p0s_rep3,62,2.0657806842264606,1.1994855585831061,False,-258.7057189941406,-324.5284423828125,-5.6212921142578125,-327.9016418457031,246.85595703125,-331.23980712890625,-5.8236846923828125,-327.8899637858073,0.7605605941644336,24.540992792763298,3,False,False,650.0825949654671
low_6p0s_rep3,63,2.0990997275204357,1.2328046018770813,False,-259.3232116699219,-324.41058349609375,-6.4938249588012695,-327.89019775390625,245.98831176757812,-331.1953125,-6.609574953715007,-327.83203125,0.7692541356160821,21.19617626900059,3,False,False,650.0825949654671
low_6p0s_rep3,64,2.132418770814411,1.2661236451710565,False,-260.5747985839844,-324.3529968261719,-7.738767147064209,-327.8607177734375,244.83993530273438,-331.0749206542969,-7.824543476104736,-327.76287841796875,0.7619784975762438,20.375942717862582,3,False,False,650.0825949654671
low_6p0s_rep3,65,2.165737814108386,1.2994426884650316,False,-261.2547607421875,-324.23077392578125,-8.183053970336914,-327.73370361328125,244.23545837402344,-331.0758972167969,-8.400785446166992,-327.6801249186198,0.7758264943160779,22.878838183722728,3,False,False,650.0825949654671
low_6p0s_rep3,66,2.1990568574023612,1.3327617317590068,False,-261.5318908691406,-324.23468017578125,-8.53772258758545,-327.7130432128906,243.97120666503906,-331.05010986328125,-8.699468930562338,-327.6659444173177,0.7724417518448797,24.853288358277236,3,False,False,650.0825949654671
low_6p0s_rep3,67,2.2323759006963364,1.366080775052982,False,-262.1401672363281,-324.1988220214844,-9.22421646118164,-327.68408203125,243.2694854736328,-331.0397033691406,-9.36496607462565,-327.640869140625,0.7754693523556209,25.45921523410215,3,False,False,650.0825949654671
low_6p0s_rep3,68,2.2656949439903116,1.3993998183469571,False,-263.5333251953125,-324.2077941894531,-10.5193452835083,-327.6108703613281,241.978759765625,-330.9237976074219,-10.691303571065268,-327.58082071940106,0.7611608607810524,25.08400908325223,3,False,False,650.0825949654671
low_6p0s_rep3,69,2.2990139872842867,1.4327188616409323,False,-264.7674255371094,-324.1318664550781,-11.912569999694824,-327.6122741699219,240.60891723632812,-330.84722900390625,-12.023692766825357,-327.53045654296875,0.7612926375572334,22.363285897538372,3,False,False,650.0825949654671
low_6p0s_rep3,70,2.332333030578262,1.4660379049349075,False,-265.6075439453125,-324.1607971191406,-12.48375129699707,-327.62841796875,240.0380859375,-330.83349609375,-12.68440310160319,-327.54090372721356,0.7560537974866258,17.560725210676015,3,False,False,650.0825949654671
low_6p0s_rep3,71,2.365652073872237,1.4993569482288827,False,-265.6560363769531,-324.2666320800781,-12.585061073303223,-327.5955810546875,239.9202880859375,-330.8372497558594,-12.773603121439615,-327.5664876302083,0.7445907767239717,13.876583940573829,3,False,False,650.0825949654671
low_6p0s_rep3,72,2.3989711171662123,1.5326759915228578,False,-265.6159362792969,-324.2745666503906,-12.562238693237305,-327.58709716796875,239.9519805908203,-330.9013366699219,-12.742064793904623,-327.58766682942706,0.7509657932468081,14.91747454568975,3,False,False,650.0825949654671
low_6p0s_rep3,73,2.4322901604601874,1.565995034816833,False,-265.93365478515625,-324.21710205078125,-13.098609924316406,-327.7149963378906,239.5364532470703,-330.8651428222656,-13.165270487467447,-327.5990804036458,0.753521744361679,21.63038865766676,3,False,False,650.0825949654671
low_6p0s_rep3,74,2.4656092037541626,1.5993140781108082,False,-267.0611572265625,-324.1648254394531,-14.029837608337402,-327.6820068359375,238.57118225097656,-330.7362976074219,-14.17327086130778,-327.5277099609375,0.7446051091943429,27.416119816161725,3,False,False,650.0825949654671
low_6p0s_rep3,75,2.4989282470481378,1.6326331214047833,False,-268.4742736816406,-324.1617736816406,-15.351751327514648,-327.5227966308594,237.3104705810547,-330.69439697265625,-15.505184809366861,-327.45965576171875,0.7399806679505001,26.615978782976303,3,False,False,650.0825949654671
low_6p0s_rep3,76,2.532247290342113,1.6659521646987585,False,-270.135498046875,-324.114501953125,-17.102275848388672,-327.4060974121094,235.75819396972656,-330.6419677734375,-17.159859975179035,-327.3875223795573,0.7392373055533633,23.708166534233133,3,False,False,650.0825949654671
low_6p0s_rep3,77,2.565566333636088,1.6992712079927337,False,-270.4559631347656,-324.06597900390625,-17.316516876220703,-327.3392333984375,235.30068969726562,-330.564208984375,-17.490596771240234,-327.32314046223956,0.7361260874170716,21.822789102611168,3,False,False,650.0825949654671
low_6p0s_rep3,78,2.5988853769300633,1.7325902512867088,False,-270.1250915527344,-324.0390930175781,-17.18425178527832,-327.37579345703125,235.45455932617188,-330.530029296875,-17.28492800394694,-327.3149719238281,0.7355573383866858,19.57381337501101,3,False,False,650.0825949654671
low_6p0s_rep3,79,2.6322044202240384,1.765909294580684,False,-270.8641357421875,-323.967529296875,-17.84227180480957,-327.15472412109375,234.84756469726562,-330.28302001953125,-17.95294761657715,-327.1350911458333,0.7154909688665894,19.871065670091866,3,False,False,650.0825949654671
low_6p0s_rep3,80,2.6655234635180136,1.7992283378746592,False,-271.958740234375,-323.9966735839844,-18.942853927612305,-327.2364807128906,233.91163635253906,-330.20892333984375,-18.996652603149414,-327.14735921223956,0.7035751013345461,25.619576129597522,3,False,False,650.0825949654671
low_6p0s_rep3,81,2.698842506811989,1.8325473811686344,False,-273.1611022949219,-324.09844970703125,-20.109996795654297,-327.2075500488281,232.70050048828125,-330.3919677734375,-20.19019953409831,-327.23265584309894,0.7127906500934934,33.47888910615992,3,False,False,650.0825949654671
low_6p0s_rep3,82,2.732161550105964,1.8658664244626095,False,-274.0708312988281,-324.0350036621094,-21.000001907348633,-327.3653564453125,231.8275146484375,-330.4018249511719,-21.081106185913086,-327.26739501953125,0.7210395806307577,37.82678615107032,3,False,False,650.0825949654671
low_6p0s_rep3,83,2.765480593399939,1.8991854677565847,False,-275.2902526855469,-324.09674072265625,-22.111831665039062,-327.2942199707031,230.71023559570312,-330.3328552246094,-22.230616251627605,-327.24127197265625,0.7060960637642346,35.41295722660114,3,False,False,650.0825949654671
low_6p0s_rep3,84,2.7987996366939143,1.9325045110505599,False,-277.206787109375,-323.829833984375,-24.064470291137695,-327.20892333984375,228.78494262695312,-330.3170166015625,-24.162104924519856,-327.11859130859375,0.734533392804308,31.684519775511703,3,False,False,650.0825949654671
low_6p0s_rep3,85,2.8321186799878895,1.965823554344535,False,-278.4982604980469,-323.780029296875,-25.26094627380371,-327.1631164550781,227.58615112304688,-330.3251647949219,-25.391018549601238,-327.0894368489583,0.740958871524141,29.25246785938113,3,False,False,650.0825949654671
low_6p0s_rep3,86,2.8654377232818646,1.9991425976385102,False,-278.6639099121094,-324.0747985839844,-25.50770378112793,-327.2731628417969,227.38633728027344,-330.45263671875,-25.59509213765462,-327.26686604817706,0.72207031510749,23.52356381236976,3,False,False,650.0825949654671
low_6p0s_rep3,87,2.89875676657584,2.0324616409324854,False,-279.3760681152344,-324.04638671875,-26.11357879638672,-327.33074951171875,226.79006958007812,-330.34814453125,-26.233192443847656,-327.24176025390625,0.7132944023686781,19.859862823595094,3,False,False,650.0825949654671
low_6p0s_rep3,88,2.932075809869815,2.0657806842264606,False,-279.9984436035156,-324.1138916015625,-26.69361114501953,-327.3003234863281,226.21653747558594,-330.19091796875,-26.825172424316406,-327.2017110188802,0.6877932317332187,23.124890550818304,3,False,False,650.0825949654671
low_6p0s_rep3,89,2.96539485316379,2.0990997275204357,False,-280.5813903808594,-324.34014892578125,-27.312210083007812,-327.36627197265625,225.67747497558594,-330.2289733886719,-27.405375162760418,-327.3117980957031,0.6664368663715653,25.074754474921527,3,False,False,650.0825949654671
low_6p0s_rep3,90,2.9987138964577653,2.132418770814411,False,-281.9366455078125,-324.2233581542969,-28.61284637451172,-327.10089111328125,224.25489807128906,-330.0438537597656,-28.764864603678387,-327.12270100911456,0.6587923889519707,24.326466916804492,3,False,False,650.0825949654671
low_6p0s_rep3,91,3.0320329397517405,2.165737814108386,False,-283.1015319824219,-324.1969909667969,-29.788312911987305,-327.1655578613281,223.1111297607422,-330.0117492675781,-29.926238377888996,-327.12476603190106,0.6581156156924306,24.58775981106228,3,False,False,650.0825949654671
low_6p0s_rep3,92,3.0653519830457157,2.1990568574023612,False,-283.3808288574219,-324.290283203125,-30.136018753051758,-327.3775939941406,222.7467041015625,-330.1373291015625,-30.25671450297038,-327.2684020996094,0.6618809062654843,21.96649599648639,3,False,False,650.0825949654671
low_6p0s_rep3,93,3.098671026339691,2.2323759006963364,False,-284.08746337890625,-324.3939514160156,-30.799846649169922,-327.3452453613281,222.16632080078125,-330.1134948730469,-30.90699640909831,-327.2842305501302,0.6472875252938814,20.146872080012013,3,False,False,650.0825949654671
low_6p0s_rep3,94,3.131990069633666,2.2656949439903116,False,-284.6434326171875,-324.4132080078125,-31.423452377319336,-327.5116882324219,221.51901245117188,-330.341552734375,-31.515957514444988,-327.4221496582031,0.6710367493968439,28.21888457851304,3,False,False,650.0825949654671
low_6p0s_rep3,95,3.165309112927641,2.2990139872842867,False,-285.11395263671875,-324.47271728515625,-31.814319610595703,-327.6158447265625,221.0083465576172,-330.36871337890625,-31.973308563232422,-327.4857584635417,0.6674284310725147,36.21283397870343,3,False,False,650.0825949654671
low_6p0s_rep3,96,3.1986281562216163,2.332333030578262,False,-286.5944519042969,-324.3272705078125,-33.317893981933594,-327.33477783203125,219.6207275390625,-330.20166015625,-33.43053944905599,-327.28790283203125,0.6648607954285649,36.820894184861004,3,False,False,650.0825949654671
low_6p0s_rep3,97,3.2319471995155915,2.365652073872237,False,-289.24615478515625,-324.0503845214844,-36.10956573486328,-327.048583984375,216.89169311523438,-329.6843566894531,-36.154675801595054,-326.9277750651042,0.63775016443456,37.51985945099226,3,False,False,650.0825949654671
low_6p0s_rep3,98,3.2652662428095667,2.3989711171662123,False,-290.00018310546875,-324.0983581542969,-37.12807083129883,-327.1448059082031,215.90383911132812,-329.69989013671875,-37.07480494181315,-326.98101806640625,0.6343713683811709,37.54468279115183,3,False,False,650.0825949654671
low_6p0s_rep3,99,3.298585286103542,2.4322901604601874,False,-290.7439270019531,-324.23211669921875,-37.56665802001953,-327.20782470703125,215.46102905273438,-329.7698059082031,-37.61651865641276,-327.0699157714844,0.6267689795219489,30.615114481820846,3,False,False,650.0825949654671
low_6p0s_rep3,100,3.331904329397517,2.4656092037541626,False,-291.41436767578125,-324.228271484375,-38.35950469970703,-327.08203125,214.65185546875,-329.6900329589844,-38.37400563557943,-327.00011189778644,0.6183454210137733,24.853683825818806,3,False,False,650.0825949654671
low_6p0s_rep3,101,3.365223372691492,2.4989282470481378,False,-292.5872802734375,-324.06689453125,-39.56205368041992,-326.86956787109375,213.53121948242188,-329.6614685058594,-39.539371490478516,-326.86597696940106,0.6333149695082321,26.36777972838124,3,False,False,650.0825949654671
low_6p0s_rep3,102,3.3985424159854674,2.532247290342113,False,-293.3281555175781,-324.06591796875,-40.28128433227539,-327.01025390625,212.8699188232422,-329.7359313964844,-40.246507008870445,-326.93736775716144,0.6417532385496216,28.692731974042893,3,False,False,650.0825949654671
low_6p0s_rep3,103,3.4318614592794425,2.565566333636088,False,-294.3089599609375,-324.1304016113281,-41.35104751586914,-327.03802490234375,211.86805725097656,-329.6820068359375,-41.263983408610024,-326.9501444498698,0.628378580666458,29.60989228211119,3,False,False,650.0825949654671
low_6p0s_rep3,104,3.4651805025734177,2.5988853769300633,False,-295.30401611328125,-324.2909240722656,-42.211402893066406,-327.1351318359375,210.87692260742188,-329.8377380371094,-42.21283213297526,-327.0879313151042,0.6278314443613504,30.425870144542163,3,False,False,650.0825949654671
low_6p0s_rep3,105,3.498499545867393,2.6322044202240384,False,-296.42767333984375,-324.16156005859375,-43.328556060791016,-326.9682312011719,209.7427215576172,-329.69287109375,-43.337835947672524,-326.9408874511719,0.6260898828639458,32.08677275772884,3,False,False,650.0825949654671
low_6p0s_rep3,106,3.531818589161368,2.6655234635180136,False,-297.4986267089844,-324.0999450683594,-44.51435852050781,-326.9083557128906,208.6891632080078,-329.6206359863281,-44.44127400716146,-326.8763122558594,0.6248664132864591,32.10325168505733,3,False,False,650.0825949654671
low_6p0s_rep3,107,3.565137632455343,2.698842506811989,False,-298.55108642578125,-324.1920471191406,-45.53245544433594,-326.8244934082031,207.63690185546875,-329.4878234863281,-45.48221333821615,-326.8347880045573,0.5994108361953011,28.468148390107828,3,False,False,650.0825949654671
low_6p0s_rep3,108,3.598456675749319,2.7321615501059644,False,-299.8260192871094,-323.8917541503906,-46.72712326049805,-326.579345703125,206.39529418945312,-329.28350830078125,-46.71928278605143,-326.5848693847656,0.6102332472651598,23.763487148133787,3,False,False,650.0825949654671
low_6p0s_rep3,109,3.631775719043294,2.7654805933999396,False,-300.48828125,-323.67437744140625,-47.50980758666992,-326.4697570800781,205.63600158691406,-329.1784973144531,-47.45402908325195,-326.4408772786458,0.6230691115967232,21.018902338260148,3,False,False,650.0825949654671
low_6p0s_rep3,110,3.665094762337269,2.7987996366939147,False,-300.6158752441406,-323.7792053222656,-47.631465911865234,-326.3892822265625,205.50148010253906,-328.8504333496094,-47.58195368448893,-326.3396402994792,0.5740768155442174,12.413940798079716,3,False,False,650.0825949654671
low_6p0s_rep3,111,3.6984138056312443,2.83211867998789,False,-301.2976989746094,-323.4634094238281,-48.10602951049805,-325.8873291015625,205.0589599609375,-328.3614501953125,-48.114922841389976,-325.90406290690106,0.5542107655873715,2.0799856253989457,3,False,False,650.0825949654671
low_6p0s_rep3,112,3.7317328489252195,2.865437723281865,False,-301.8182373046875,-323.2209167480469,-48.913658142089844,-325.48883056640625,204.2963104248047,-327.8540344238281,-48.81186167399088,-325.52126057942706,0.5244873421614157,2.0522294330737103,3,False,False,650.0825949654671
low_6p0s_rep3,113,3.7650518922191947,2.8987567665758402,False,-300.53265380859375,-323.4554443359375,-47.598121643066406,-325.3956604003906,205.55325317382812,-327.45849609375,-47.525840759277344,-325.43653361002606,0.4531902284227463,6.216845161537112,3,False,False,650.0825949654671
low_6p0s_rep3,114,3.79837093551317,2.9320758098698154,False,-300.40740966796875,-323.98089599609375,-47.389076232910156,-326.15966796875,205.7749786376953,-328.4756164550781,-47.340502421061196,-326.2053934733073,0.5087528727090385,6.590261929095854,3,False,False,650.0825949654671
low_6p0s_rep3,115,3.831689978807145,2.9653948531637906,False,-301.5818786621094,-324.7149963378906,-48.417545318603516,-327.0677185058594,204.86163330078125,-329.5463562011719,-48.37926355997721,-327.1096903483073,0.5465725711616863,9.516473674916952,3,False,False,650.0825949654671
low_6p0s_rep3,116,3.86500902210112,2.9987138964577658,False,-302.58587646484375,-325.1544189453125,-49.3342399597168,-327.7113342285156,203.7530975341797,-330.3406982421875,-49.38900629679362,-327.73548380533856,0.5868430820165716,15.62074463581993,3,False,False,650.0825949654671
low_6p0s_rep3,117,3.8983280653950954,3.032032939751741,False,-302.820068359375,-325.54913330078125,-49.81417465209961,-328.0991516113281,203.4334716796875,-330.5919494628906,-49.73359044392904,-328.080078125,0.5707071743316695,17.914464009490526,3,False,False,650.0825949654671
low_6p0s_rep3,118,3.9316471086890705,3.065351983045716,False,-302.9235534667969,-325.55364990234375,-49.83470916748047,-328.09356689453125,203.43353271484375,-330.6155090332031,-49.77490997314453,-328.0875752766927,0.572745029699024,18.034289243455753,3,False,False,650.0825949654671
low_6p0s_rep3,119,3.9649661519830457,3.0986710263396913,False,-303.427490234375,-325.6358337402344,-50.40815353393555,-328.2188720703125,202.94729614257812,-330.79620361328125,-50.29611587524414,-328.2169698079427,0.5838702632199206,18.310370429376132,3,False,False,650.0825949654671
low_6p0s_rep3,120,3.998285195277021,3.1319900696336664,False,-304.53375244140625,-326.00775146484375,-51.433868408203125,-328.3733825683594,201.78988647460938,-330.9234924316406,-51.392578125,-328.43487548828125,0.5562496791950577,20.644710855035076,3,False,False,650.0825949654671
low_6p0s_rep3,121,4.031604238570996,3.165309112927641,False,-305.5641784667969,-325.8331604003906,-52.437889099121094,-328.419921875,200.8484344482422,-330.94879150390625,-52.384544372558594,-328.40062459309894,0.5787654079522062,24.014170635727993,3,False,False,650.0825949654671
low_6p0s_rep3,122,4.064923281864971,3.1986281562216163,False,-306.0589599609375,-325.6640930175781,-52.86650085449219,-328.2192077636719,200.40878295898438,-330.78277587890625,-52.8388926188151,-328.22202555338544,0.5790476170906589,24.90541804047037,3,False,False,650.0825949654671
low_6p0s_rep3,123,4.098242325158946,3.2319471995155915,False,-306.7829284667969,-325.4898681640625,-53.54975891113281,-328.1871643066406,199.68800354003906,-330.82421875,-53.54822794596354,-328.1670837402344,0.6034393188864439,23.970126332740698,3,False,False,650.0825949654671
low_6p0s_rep3,124,4.131561368452921,3.2652662428095667,False,-307.8079833984375,-325.5693664550781,-54.465946197509766,-328.2257080078125,198.70166015625,-330.8570556640625,-54.52408981323242,-328.2173767089844,0.5981155023866318,23.844809395110374,3,False,False,650.0825949654671
low_6p0s_rep3,125,4.164880411746896,3.298585286103542,False,-308.8343811035156,-325.5867614746094,-55.4023323059082,-328.1998596191406,197.84815979003906,-330.8456726074219,-55.462851206461586,-328.2107645670573,0.5946575407319645,23.926482744753393,3,False,False,650.0825949654671
low_6p0s_rep3,126,4.198199455040871,3.331904329397517,False,-309.5484619140625,-325.5196838378906,-56.2945556640625,-328.1755065917969,196.9403533935547,-330.8622131347656,-56.30088806152344,-328.18580118815106,0.6043431155005979,22.186898787256006,3,False,False,650.0825949654671
low_6p0s_rep3,127,4.231518498334847,3.365223372691492,False,-310.1719665527344,-325.54571533203125,-56.782684326171875,-328.0794372558594,196.3524169921875,-330.7648620605469,-56.867411295572914,-328.1300048828125,0.5903457125183995,19.511137732695758,3,False,False,650.0825949654671
low_6p0s_rep3,128,4.264837541628822,3.3985424159854674,False,-310.7978515625,-325.5785217285156,-57.40018844604492,-328.0869445800781,195.72268676757812,-330.669189453125,-57.4917844136556,-328.11155192057294,0.5758186166103302,18.396081459684645,3,False,False,650.0825949654671
low_6p0s_rep3,129,4.298156584922797,3.4318614592794425,False,-311.234619140625,-325.4486389160156,-57.95231246948242,-327.886474609375,195.2679443359375,-330.4777526855469,-57.97299575805664,-327.9376220703125,0.5688767359549474,18.75715238891355,3,False,False,650.0825949654671
low_6p0s_rep3,130,4.331475628216772,3.4651805025734177,False,-311.86065673828125,-325.5315856933594,-58.456748962402344,-328.0669250488281,194.77279663085938,-330.51617431640625,-58.514869689941406,-328.03822835286456,0.563694865019905,19.4385854197167,3,False,False,650.0825949654671
low_6p0s_rep3,131,4.364794671510747,3.498499545867393,False,-312.7528381347656,-325.5062255859375,-59.26604461669922,-327.98126220703125,193.8840789794922,-330.6621398925781,-59.37826792399088,-328.0498758951823,0.5830643637030676,20.43106869876338,3,False,False,650.0825949654671
low_6p0s_rep3,132,4.3981137148047225,3.531818589161368,False,-313.3839416503906,-325.4501953125,-59.90976333618164,-327.9625549316406,193.17449951171875,-330.4913635253906,-60.03973515828451,-327.96803792317706,0.5701773066614552,22.3993082678614,3,False,False,650.0825949654671
low_6p0s_rep3,133,4.431432758098698,3.565137632455343,False,-314.13592529296875,-325.48919677734375,-60.75702667236328,-327.9635009765625,192.5043182373047,-330.5428466796875,-60.79621124267578,-327.99851481119794,0.5714966617410622,25.97159089982903,3,False,False,650.0825949654671
low_6p0s_rep3,134,4.464751801392673,3.5984566757493184,False,-314.83050537109375,-325.4949645996094,-61.42266082763672,-327.913818359375,191.8251495361328,-330.4480285644531,-61.47600555419922,-327.9522705078125,0.5601055036308775,27.73226009898703,3,False,False,650.0825949654671
low_6p0s_rep3,135,4.498070844686648,3.6317757190432935,False,-315.8423156738281,-325.4502868652344,-62.41783905029297,-327.9496765136719,190.83486938476562,-330.43756103515625,-62.47509511311849,-327.9458414713542,0.5639498713012263,25.839175582200763,3,False,False,650.0825949654671
low_6p0s_rep3,136,4.531389887980623,3.6650947623372687,False,-317.4182434082031,-325.6375427246094,-64.050537109375,-328.16766357421875,189.2541961669922,-330.7900085449219,-64.07152811686198,-328.1984049479167,0.582633565218133,24.365013791626556,3,False,False,650.0825949654671
low_6p0s_rep3,137,4.564708931274598,3.698413805631244,False,-317.99755859375,-325.51800537109375,-64.5426025390625,-328.0458984375,188.78036499023438,-330.7102966308594,-64.5865987141927,-328.0914001464844,0.5870144538280243,25.406491157992335,3,False,False,650.0825949654671
low_6p0s_rep3,138,4.5980279745685735,3.731732848925219,False,-318.2615051269531,-325.3505554199219,-64.81686401367188,-327.9178771972656,188.50222778320312,-330.4721984863281,-64.8587137858073,-327.9135437011719,0.5790440835040178,25.094238764749367,3,False,False,650.0825949654671
low_6p0s_rep3,139,4.631347017862549,3.7650518922191942,False,-318.9549255371094,-325.4635925292969,-65.4805908203125,-327.980224609375,187.84043884277344,-330.55255126953125,-65.53169250488281,-327.99878946940106,0.5753131916526389,23.77797776579645,3,False,False,650.0825949654671
low_6p0s_rep3,140,4.664666061156524,3.7983709355131694,False,-320.27587890625,-325.6451416015625,-66.85247802734375,-328.08154296875,186.4745330810547,-330.61749267578125,-66.88460795084636,-328.11472574869794,0.5621812659507817,25.98220030649267,3,False,False,650.0825949654671
low_6p0s_rep3,141,4.697985104450499,3.8316899788071446,False,-321.38995361328125,-325.60968017578125,-68.0302505493164,-328.11260986328125,185.35067749023438,-330.7428283691406,-68.02317555745442,-328.15503946940106,0.580371199876454,30.084697577307168,3,False,False,650.0825949654671
low_6p0s_rep3,142,4.731304147744474,3.8650090221011197,False,-321.9248046875,-325.5528564453125,-68.57232666015625,-328.0645446777344,184.82449340820312,-330.8148193359375,-68.5575459798177,-328.1440734863281,0.5949242193038917,29.762400594733656,3,False,False,650.0825949654671
low_6p0s_rep3,143,4.764623191038449,3.898328065395095,False,-322.9561767578125,-325.63446044921875,-69.5732650756836,-328.3055419921875,183.89508056640625,-330.90362548828125,-69.54478708902995,-328.2812093098958,0.5956186134016285,25.51176852929545,3,False,False,650.0825949654671
low_6p0s_rep3,144,4.7979422343324245,3.93164710868907,False,-324.29150390625,-325.593505859375,-70.84820556640625,-328.26904296875,182.5310516357422,-330.863037109375,-70.86955261230469,-328.2418619791667,0.5956937366512254,24.21622258766991,3,False,False,650.0825949654671
low_6p0s_rep3,145,4.8312612776264,3.9649661519830453,False,-324.9202575683594,-325.6682434082031,-71.45972442626953,-328.1714782714844,181.99009704589844,-330.87176513671875,-71.46329498291016,-328.23716227213544,0.5881303460459545,25.144034282068127,3,False,False,650.0825949654671
low_6p0s_rep3,146,4.864580320920375,3.9982851952770204,False,-325.33709716796875,-325.58721923828125,-71.9662094116211,-328.24871826171875,181.46900939941406,-330.99554443359375,-71.94476572672527,-328.27716064453125,0.6114023529692704,24.840544190155946,3,False,False,650.0825949654671
low_6p0s_rep3,147,4.89789936421435,4.031604238570996,False,-326.04071044921875,-325.6644592285156,-72.75328063964844,-328.265380859375,180.68028259277344,-331.03369140625,-72.70456949869792,-328.32117716471356,0.6070852297443886,25.76919547788775,3,False,False,650.0825949654671
low_6p0s_rep3,148,4.931218407508325,4.064923281864971,False,-327.1903991699219,-325.74945068359375,-73.7610092163086,-328.3222961425781,179.62486267089844,-331.1837463378906,-73.77551523844402,-328.4184977213542,0.6143269498238408,29.49382995281117,3,False,False,650.0825949654671
low_6p0s_rep3,149,4.9645374508023,4.098242325158946,False,-328.25274658203125,-325.6873779296875,-74.96334838867188,-328.3577880859375,178.4697265625,-331.1514587402344,-74.9154561360677,-328.3988749186198,0.6178068914763734,30.90897214840232,3,False,False,650.0825949654671
low_6p0s_rep3,150,4.9978564940962755,4.131561368452921,False,-329.37158203125,-325.68304443359375,-76.0244369506836,-328.4844665527344,177.3856964111328,-331.08197021484375,-76.0034408569336,-328.41649373372394,0.610398649251283,28.570330715078303,3,False,False,650.0825949654671
low_6p0s_rep3,151,5.031175537390251,4.164880411746896,False,-330.58489990234375,-325.66357421875,-77.25296783447266,-328.43182373046875,176.142822265625,-330.97918701171875,-77.23168182373047,-328.3581949869792,0.6010150904763618,26.33397464772456,3,False,False,650.0825949654671
low_6p0s_rep3,152,5.064494580684226,4.198199455040871,False,-331.0859069824219,-325.6055908203125,-77.77813720703125,-328.3618469238281,175.71536254882812,-331.0450439453125,-77.71622721354167,-328.3374938964844,0.6149269137788931,25.678099601247048,3,False,False,650.0825949654671
low_6p0s_rep3,153,5.097813623978201,4.231518498334847,False,-331.69964599609375,-325.6973571777344,-78.32649230957031,-328.4561767578125,175.17648315429688,-331.0633850097656,-78.28321838378906,-328.4056396484375,0.6065372680685062,25.669062523916296,3,False,False,650.0825949654671
low_6p0s_rep3,154,5.131132667272176,4.264837541628822,False,-332.3959045410156,-325.54876708984375,-79.30696105957031,-328.4026184082031,174.15692138671875,-330.97894287109375,-79.18198140462239,-328.3101094563802,0.6141792552458863,27.15799734081966,3,False,False,650.0825949654671
low_6p0s_rep3,155,5.164451710566151,4.298156584922797,False,-333.65240478515625,-325.54315185546875,-80.33000183105469,-328.377685546875,173.1045684814453,-331.25201416015625,-80.29261271158855,-328.3909505208333,0.6454373534294681,29.865189716704254,3,False,False,650.0825949654671
low_6p0s_rep3,156,5.1977707538601265,4.331475628216772,False,-334.7587585449219,-325.5784606933594,-81.57178497314453,-328.509033203125,171.84495544433594,-331.44439697265625,-81.49519602457683,-328.51063028971356,0.6633950036121042,31.97352306609486,3,False,False,650.0825949654671
low_6p0s_rep3,157,5.231089797154102,4.364794671510747,False,-335.7528991699219,-325.6471252441406,-82.5927963256836,-328.4497375488281,170.84120178222656,-331.5165710449219,-82.50149790445964,-328.5378112792969,0.6638044644936609,32.75601641986872,3,False,False,650.0825949654671
low_6p0s_rep3,158,5.264408840448077,4.3981137148047225,False,-336.72796630859375,-325.650390625,-83.53858184814453,-328.5194396972656,169.92031860351562,-331.5085754394531,-83.44874318440755,-328.55946858723956,0.6624601691870414,32.089669354728194,3,False,False,650.0825949654671
low_6p0s_rep3,159,5.297727883742052,4.431432758098698,False,-337.9266052246094,-325.6351013183594,-84.77886962890625,-328.5594482421875,168.6962890625,-331.5500793457031,-84.6697285970052,-328.58154296875,0.6689154458045896,30.81402177509678,3,False,False,650.0825949654671
low_6p0s_rep3,160,5.331046927036027,4.464751801392673,False,-338.9654541015625,-325.4730529785156,-85.77809143066406,-328.39508056640625,167.58697509765625,-331.50421142578125,-85.71885681152344,-328.4574483235677,0.6821477447428308,28.83507739100185,3,False,False,650.0825949654671
low_6p0s_rep3,161,5.364365970330002,4.498070844686648,False,-340.1070251464844,-325.4078063964844,-86.82769012451172,-328.34716796875,166.65194702148438,-331.3446960449219,-86.76092274983723,-328.36655680338544,0.6712128998095528,27.019418644859446,3,False,False,650.0825949654671
low_6p0s_rep3,162,5.397685013623978,4.531389887980623,False,-340.802734375,-325.3407287597656,-87.56246185302734,-328.36614990234375,165.85707092285156,-331.4496765136719,-87.5027084350586,-328.38551839192706,0.6907987563837229,26.64637206163404,3,False,False,650.0825949654671
low_6p0s_rep3,163,5.431004056917953,4.564708931274598,False,-341.385986328125,-325.2888488769531,-88.13725280761719,-328.27972412109375,165.35792541503906,-331.2994689941406,-88.0551045735677,-328.2893473307292,0.6795681368767589,26.150332687777624,3,False,False,650.0825949654671
low_6p0s_rep3,164,5.464323100211928,4.5980279745685735,False,-342.4208068847656,-325.3039855957031,-89.15032958984375,-328.34161376953125,164.37319946289062,-331.3665771484375,-89.06597900390625,-328.33739217122394,0.685375786422354,23.609677465844868,3,False,False,650.0825949654671
low_6p0s_rep3,165,5.497642143505903,4.631347017862549,False,-343.59149169921875,-325.2312316894531,-90.25057983398438,-328.17315673828125,163.2393035888672,-331.358154296875,-90.20092264811198,-328.2541809082031,0.6925974335357077,22.06630647029098,3,False,False,650.0825949654671
low_6p0s_rep3,166,5.530961186799878,4.664666061156524,False,-344.3970642089844,-325.191650390625,-91.05809020996094,-328.1175537109375,162.47946166992188,-331.15093994140625,-90.99189758300781,-328.15338134765625,0.6735889159473595,23.692728511820913,3,False,False,650.0825949654671
low_6p0s_rep3,167,5.564280230093853,4.697985104450499,False,-344.5267028808594,-325.1107482910156,-91.26093292236328,-328.06005859375,162.3728790283203,-331.1467590332031,-91.13825225830078,-328.10585530598956,0.682229002557922,25.071684234755455,3,False,False,650.0825949654671
low_6p0s_rep3,168,5.597599273387829,4.731304147744474,False,-345.145751953125,-324.96405029296875,-91.88495635986328,-328.0376892089844,161.71517944335938,-331.0305480957031,-91.77184295654297,-328.01076253255206,0.685726800198074,23.525741030535844,3,False,False,650.0825949654671
low_6p0s_rep3,169,5.630918316681804,4.764623191038449,False,-346.6182556152344,-324.8461608886719,-93.31702423095703,-327.9001770019531,160.20498657226562,-330.8752746582031,-93.2434310913086,-327.8738708496094,0.6815521685643408,21.65741688440908,3,False,False,650.0825949654671
low_6p0s_rep3,170,5.664237359975779,4.7979422343324245,False,-347.8038024902344,-324.8428039550781,-94.41363525390625,-327.8382873535156,159.08609008789062,-330.8299255371094,-94.37711588541667,-327.8370056152344,0.6767166833560663,21.129984352561177,3,False,False,650.0825949654671
low_6p0s_rep3,171,5.697556403269754,4.8312612776264,False,-348.04937744140625,-324.83258056640625,-94.72161865234375,-327.7892150878906,158.8082275390625,-330.8157653808594,-94.65425618489583,-327.81252034505206,0.6763148324334838,21.199701129874608,3,False,False,650.0825949654671
low_6p0s_rep3,172,5.730875446563729,4.864580320920375,False,-348.0685729980469,-324.7165832519531,-94.72473907470703,-327.7653503417969,158.71749877929688,-330.8313903808594,-94.69193776448567,-327.77110799153644,0.6912890073455447,21.496283658455596,3,False,False,650.0825949654671
low_6p0s_rep3,173,5.764194489857704,4.89789936421435,False,-348.6770935058594,-324.7869873046875,-95.27576446533203,-327.672119140625,158.17745971679688,-330.6207580566406,-95.25846608479817,-327.6932881673177,0.6594311561459747,22.909242911380527,3,False,False,650.0825949654671
low_6p0s_rep3,174,5.79751353315168,4.931218407508325,False,-350.2457580566406,-324.4953918457031,-96.80901336669922,-327.5401611328125,156.59373474121094,-330.70526123046875,-96.82034556070964,-327.5802714029948,0.7019608971508675,29.560180724125743,3,False,False,650.0825949654671
low_6p0s_rep3,175,5.830832576445655,4.9645374508023,False,-351.3373107910156,-324.4466857910156,-98.00153350830078,-327.63336181640625,155.451171875,-331.0059509277344,-97.96255747477214,-327.69533284505206,0.7415267686360738,38.57103221218892,3,False,False,650.0825949654671
low_6p0s_rep3,176,5.86415161973963,4.9978564940962755,False,-352.1015625,-324.6012878417969,-98.78630065917969,-327.69927978515625,154.78199768066406,-331.0057067871094,-98.7019551595052,-327.7687581380208,0.7238874566184886,40.85302399352922,3,False,False,650.0825949654671
low_6p0s_rep3,177,5.897470663033605,5.031175537390251,False,-353.8958435058594,-324.7990417480469,-100.53681945800781,-327.550048828125,152.9524383544922,-330.4973449707031,-100.493408203125,-327.615478515625,0.6441276060127512,39.27243611531902,3,False,False,650.0825949654671
low_6p0s_rep3,178,5.93078970632758,5.064494580684226,False,-355.75115966796875,-324.9926452636719,-102.34691619873047,-327.71929931640625,151.17259216308594,-330.4205017089844,-102.3084945678711,-327.7108154296875,0.6134677666209023,39.482937429258584,3,False,False,650.0825949654671
low_6p0s_rep3,179,5.9641087496215555,5.097813623978201,False,-356.82989501953125,-325.0077819824219,-103.4256820678711,-327.64312744140625,150.10911560058594,-330.3826599121094,-103.3821538289388,-327.6778564453125,0.6074621904467304,36.672436910070644,3,False,False,650.0825949654671
low_6p0s_rep3,180,5.997427792915531,5.131132667272176,False,-357.9790954589844,-324.9347839355469,-104.5002670288086,-327.5197448730469,149.02151489257812,-330.3601379394531,-104.48594919840495,-327.6048889160156,0.6130920086325706,30.637981951147474,3,False,False,650.0825949654671
low_6p0s_rep3,181,6.030746836209506,5.164451710566151,False,-358.8152160644531,-324.78070068359375,-105.33496856689453,-327.4857177734375,148.1484832763672,-330.3722839355469,-105.33390045166016,-327.5462341308594,0.6319212425166492,27.15903538348621,3,False,False,650.0825949654671
low_6p0s_rep3,182,6.064065879503481,5.1977707538601265,False,-359.5264892578125,-324.8526306152344,-106.13194274902344,-327.4488830566406,147.41732788085938,-330.3532409667969,-106.08036804199219,-327.5515848795573,0.6216653200723788,26.510800636339937,3,False,False,650.0825949654671
low_6p0s_rep3,183,6.097384922797456,5.231089797154102,False,-360.4212646484375,-324.9195861816406,-107.01705169677734,-327.5190734863281,146.64886474609375,-330.36065673828125,-106.92981719970703,-327.5997721354167,0.6147836295747959,26.874756713567923,3,False,False,650.0825949654671
low_6p0s_rep3,184,6.130703966091431,5.264408840448077,False,-361.2648620605469,-324.86297607421875,-107.86434936523438,-327.5964050292969,145.69932556152344,-330.51995849609375,-107.80996195475261,-327.65977986653644,0.6393109691453512,29.012933789616927,3,False,False,650.0825949654671
low_6p0s_rep3,185,6.1640230093854065,5.297727883742052,False,-362.3221130371094,-324.751708984375,-108.97267150878906,-327.5377197265625,144.6209259033203,-330.378662109375,-108.8912862141927,-327.5560302734375,0.6359440831399644,31.620725947530328,3,False,False,650.0825949654671
low_6p0s_rep3,186,6.197342052679382,5.331046927036027,False,-363.3982849121094,-324.814697265625,-109.95796203613281,-327.4368591308594,143.7073211669922,-330.3442687988281,-109.88297526041667,-327.5319417317708,0.624738815082205,31.91267544744576,3,False,False,650.0825949654671
low_6p0s_rep3,187,6.230661095973357,5.364365970330002,False,-364.65960693359375,-324.6805419921875,-111.26161193847656,-327.3018798828125,142.32684326171875,-330.22100830078125,-111.19812520345052,-327.40114339192706,0.6261167328910385,29.04713576894028,3,False,False,650.0825949654671
low_6p0s_rep3,188,6.263980139267332,5.397685013623978,False,-365.7529296875,-324.4844970703125,-112.44657897949219,-327.16644287109375,141.15615844726562,-330.0499267578125,-112.34778340657552,-327.23362223307294,0.6290335447896775,26.790942400925502,3,False,False,650.0825949654671
low_6p0s_rep3,189,6.297299182561307,5.431004056917953,False,-366.4861755371094,-324.5397644042969,-113.13247680664062,-327.23175048828125,140.54367065429688,-330.08673095703125,-113.02499389648438,-327.2860819498698,0.6267976064987145,26.767456685599225,3,False,False,650.0825949654671
low_6p0s_rep3,190,6.330618225855282,5.464323100211928,False,-366.7491149902344,-324.5508117675781,-113.56739807128906,-327.28875732421875,140.25306701660156,-330.11712646484375,-113.35448201497395,-327.3188985188802,0.6290180552109912,24.86185459548349,3,False,False,650.0825949654671
low_6p0s_rep3,191,6.3639372691492575,5.497642143505903,False,-367.8055725097656,-324.5165710449219,-114.36438751220703,-327.1637878417969,139.13116455078125,-330.1085510253906,-114.3462651570638,-327.2629699707031,0.6319996837838779,23.667754426494852,3,False,False,650.0825949654671
low_6p0s_rep3,192,6.397256312443233,5.530961186799878,False,-369.08111572265625,-324.4214782714844,-115.70000457763672,-327.1201171875,137.8206329345703,-330.21600341796875,-115.65349578857422,-327.2525329589844,0.6549343652660471,26.242825342417408,3,False,False,650.0825949654671
low_6p0s_rep3,193,6.430575355737208,5.564280230093853,False,-369.65203857421875,-324.4676818847656,-116.19298553466797,-327.01019287109375,137.31658935546875,-330.1468505859375,-116.17614491780598,-327.20824178059894,0.6418124706538506,27.514900834049513,3,False,False,650.0825949654671
low_6p0s_rep3,194,6.463894399031183,5.597599273387829,False,-370.5340270996094,-324.32562255859375,-117.17621612548828,-326.9503173828125,136.46273803710938,-330.167236328125,-117.08250172932942,-327.14772542317706,0.6601324260005107,25.938991780505113,3,False,False,650.0825949654671
low_6p0s_rep3,195,6.497213442325158,5.630918316681804,False,-371.49468994140625,-324.27105712890625,-118.09620666503906,-326.963623046875,135.46839904785156,-330.1224670410156,-118.04083251953125,-327.1190490722656,0.6612832627165605,27.44184858140441,3,False,False,650.0825949654671
low_6p0s_rep3,196,6.530532485619133,5.664237359975779,False,-372.1529235839844,-324.16522216796875,-118.97677612304688,-326.87957763671875,134.6468505859375,-330.0798645019531,-118.82761637369792,-327.0415547688802,0.6686440602581629,29.81266933738598,3,False,False,650.0825949654671
low_6p0s_rep3,197,6.5638515289131085,5.697556403269754,False,-373.2102966308594,-324.0386047363281,-119.90760803222656,-326.75177001953125,133.67359924316406,-329.96722412109375,-119.8147684733073,-326.91919962565106,0.670112787855406,28.152236133199235,3,False,False,650.0825949654671
low_6p0s_rep3,198,6.597170572207084,5.730875446563729,False,-374.599365234375,-323.8722229003906,-121.34062194824219,-326.5820617675781,132.4652862548828,-329.6387023925781,-121.15823364257812,-326.6976623535156,0.6515553677542588,25.643790764590364,3,False,False,650.0825949654671
low_6p0s_rep3,199,6.630489615501059,5.764194489857704,False,-375.3880310058594,-323.6783142089844,-122.25846099853516,-326.5020446777344,131.5453643798828,-329.6957092285156,-122.03370920817058,-326.62535603841144,0.6800797695914427,27.172316223482373,3,False,False,650.0825949654671
low_6p0s_rep3,200,6.663808658795034,5.79751353315168,False,-375.77642822265625,-323.5627746582031,-122.74609375,-326.4375915527344,131.1134796142578,-329.5091552734375,-122.46968078613281,-326.503173828125,0.6721121877119717,26.59256939431644,3,False,False,650.0825949654671
low_6p0s_rep3,201,6.697127702089009,5.830832576445655,False,-376.3025207519531,-323.226318359375,-123.22117614746094,-326.1810302734375,130.69459533691406,-329.1678771972656,-122.94303385416667,-326.1917419433594,0.6714252431953829,17.646740593567625,3,False,False,650.0825949654671
low_6p0s_rep3,202,6.730446745382984,5.86415161973963,False,-378.0943603515625,-322.2816162109375,-124.90166473388672,-325.39703369140625,128.7373046875,-329.2822265625,-124.7529067993164,-325.65362548828125,0.7913474027771753,11.027821817480605,3,False,False,650.0825949654671
low_6p0s_rep3,203,6.7637657886769595,5.897470663033605,False,-378.4625549316406,-321.6199035644531,-125.30659484863281,-325.4674072265625,128.52769470214844,-329.96697998046875,-125.08048502604167,-325.6847635904948,0.9432312459399534,13.02250476023724,3,False,False,650.0825949654671
low_6p0s_rep3,204,6.797084831970935,5.93078970632758,False,-377.29766845703125,-321.3774719238281,-124.14849090576172,-325.8274230957031,129.4726104736328,-330.683837890625,-123.99118296305339,-325.96291097005206,1.0520655737214377,11.737873531941526,3,False,False,650.0825949654671
low_6p0s_rep3,205,6.83040387526491,5.9641087496215555,False,-377.4892883300781,-321.760498046875,-124.39563751220703,-326.4600524902344,129.32521057128906,-331.52313232421875,-124.1865717569987,-326.5812276204427,1.103537041339505,7.017389771972355,3,False,False,650.0825949654671
low_6p0s_rep3,206,6.863722918558885,5.997427792915531,True,-378.869384765625,-322.590576171875,-125.83733367919922,-327.3402099609375,128.01136779785156,-332.2593688964844,-125.56511688232422,-327.39671834309894,1.0927892560106363,10.217515026381202,3,False,False,650.0825949654671
low_6p0s_rep3,207,6.89704196185286,6.030746836209506,True,-379.3529968261719,-323.1084289550781,-126.25411224365234,-327.5866394042969,127.48179626464844,-332.5943908691406,-126.0417709350586,-327.7631530761719,1.0722273632347765,15.460340329533066,3,False,False,650.0825949654671
low_6p0s_rep3,208,6.930361005146835,6.064065879503481,True,-379.5165100097656,-323.1054382324219,-126.31524658203125,-327.6086120605469,127.44251251220703,-332.5409240722656,-126.12974802652995,-327.7516581217448,1.0662619298303093,15.899760582072524,3,False,False,650.0825949654671
low_6p0s_rep3,209,6.963680048440811,6.097384922797456,True,-379.6822509765625,-323.0614318847656,-126.55118560791016,-327.6464538574219,127.19454193115234,-332.51531982421875,-126.34629821777344,-327.74106852213544,1.0685142617148797,16.29801786329077,3,False,False,650.0825949654671
low_6p0s_rep3,210,6.996999091734786,6.130703966091431,True,-380.3180236816406,-323.0385437011719,-127.22140502929688,-327.5309143066406,126.59134674072266,-332.3237609863281,-126.98269399007161,-327.6310729980469,1.0493873369026467,20.33345452479184,3,False,False,650.0825949654671
low_6p0s_rep3,211,7.030318135028761,6.1640230093854065,False,-381.31805419921875,-323.2732849121094,-128.36563110351562,-327.6990966796875,125.48375701904297,-332.45782470703125,-128.06664276123047,-327.81006876627606,1.0382318231760816,24.818027823496067,3,False,False,650.0825949654671
low_6p0s_rep3,212,7.063637178322736,6.197342052679382,False,-382.3304138183594,-323.40313720703125,-129.12203979492188,-327.6609191894531,124.54068756103516,-332.2378845214844,-128.97058868408203,-327.76731363932294,0.9985625160988836,26.30971040039757,3,False,False,650.0825949654671
low_6p0s_rep3,213,7.096956221616711,6.230661095973357,False,-383.2716064453125,-323.58013916015625,-130.2392120361328,-327.6968688964844,123.58329010009766,-332.1835021972656,-129.97584279378256,-327.82017008463544,0.9724460827618383,25.36674023000348,3,False,False,650.0825949654671
low_6p0s_rep3,214,7.130275264910686,6.263980139267332,False,-384.0817565917969,-323.6298522949219,-131.07666015625,-327.6795654296875,122.85041809082031,-331.9372863769531,-130.7693328857422,-327.7489013671875,0.9388599363305832,24.556853235571616,3,False,False,650.0825949654671
low_6p0s_rep3,215,7.1635943082046625,6.297299182561308,False,-384.655029296875,-323.62066650390625,-131.60809326171875,-327.4618835449219,122.28571319580078,-331.6750183105469,-131.325803120931,-327.5858561197917,0.9102474932828262,23.60164790051391,3,False,False,650.0825949654671
low_6p0s_rep3,216,7.196913351498638,6.330618225855283,False,-385.4839782714844,-323.65582275390625,-132.4672393798828,-327.5474853515625,121.42475128173828,-331.8055725097656,-132.1754887898763,-327.6696268717448,0.9210850234662169,21.814092633030064,3,False,False,650.0825949654671
low_6p0s_rep3,217,7.230232394792613,6.363937269149258,False,-386.37786865234375,-323.7594909667969,-133.32232666015625,-327.5999755859375,120.56864166259766,-331.72259521484375,-133.04385121663412,-327.6940205891927,0.899926789505474,20.98014747327145,3,False,False,650.0825949654671
low_6p0s_rep3,218,7.263551438086588,6.397256312443234,False,-387.18634033203125,-323.7817687988281,-133.97976684570312,-327.4496765136719,119.86683654785156,-331.6047668457031,-133.76642354329428,-327.61207071940106,0.883909681388581,21.093477307905427,3,False,False,650.0825949654671
low_6p0s_rep3,219,7.296870481380563,6.430575355737209,False,-387.5987548828125,-323.6557922363281,-134.5548095703125,-327.323974609375,119.41256713867188,-331.4891357421875,-134.24699910481772,-327.48963419596356,0.8851514680753285,20.92996268995276,3,False,False,650.0825949654671
low_6p0s_rep3,220,7.330189524674538,6.463894399031184,False,-388.10430908203125,-323.6265869140625,-135.1847686767578,-327.3721923828125,118.77351379394531,-331.6546630859375,-134.8385213216146,-327.5511474609375,0.9073911019969451,21.260121319190812,3,False,False,650.0825949654671
low_6p0s_rep3,221,7.3635085679685135,6.497213442325159,False,-389.083251953125,-323.50848388671875,-135.90618896484375,-327.1177673339844,117.91669464111328,-331.4949645996094,-135.6909154256185,-327.3737386067708,0.9024730632386299,22.861210540060874,3,False,False,650.0825949654671
low_6p0s_rep3,222,7.396827611262489,6.530532485619134,False,-389.7803955078125,-323.2717590332031,-136.7516326904297,-327.0981750488281,117.02576446533203,-331.37652587890625,-136.50208791097006,-327.2488199869792,0.916187274669229,24.305929318976457,3,False,False,650.0825949654671
low_6p0s_rep3,223,7.430146654556464,6.563851528913109,False,-390.736572265625,-323.38592529296875,-137.74746704101562,-327.3893737792969,116.3084716796875,-331.5837707519531,-137.39185587565103,-327.45302327473956,0.9262708139168337,24.61413639888783,3,False,False,650.0825949654671
low_6p0s_rep3,224,7.463465697850439,6.597170572207085,False,-391.5500183105469,-323.546875,-138.53729248046875,-327.32037353515625,115.37120056152344,-331.4299621582031,-138.23870340983072,-327.4324035644531,0.8909297995642627,23.781351404462157,3,False,False,650.0825949654671
low_6p0s_rep3,225,7.496784741144414,6.63048961550106,False,-392.3889465332031,-323.51458740234375,-139.22377014160156,-327.25579833984375,114.7767562866211,-331.3924255371094,-138.94532012939453,-327.3876037597656,0.8899075355520641,22.453122384179384,3,False,False,650.0825949654671
low_6p0s_rep3,226,7.530103784438389,6.663808658795035,False,-393.23016357421875,-323.595947265625,-139.96371459960938,-327.26361083984375,113.83794403076172,-331.4439392089844,-139.78531138102213,-327.4344991048177,0.8867071509553291,22.26061889823475,3,False,False,650.0825949654671
low_6p0s_rep3,227,7.5634228277323645,6.69712770208901,False,-393.6608581542969,-323.5472106933594,-140.5672607421875,-327.1382141113281,113.23388671875,-331.1890563964844,-140.33141072591147,-327.29149373372394,0.8637144974873019,23.649100189166667,3,False,False,650.0825949654671
low_6p0s_rep3,228,7.59674187102634,6.730446745382985,False,-394.4093933105469,-323.43304443359375,-141.24053955078125,-327.0771484375,112.51883697509766,-331.0144958496094,-141.0436986287435,-327.1748962402344,0.8568329015965397,24.589261538228463,3,False,False,650.0825949654671
low_6p0s_rep3,229,7.630060914320315,6.76376578867696,False,-395.3832092285156,-323.5079650878906,-142.2406768798828,-327.0985107421875,111.61222839355469,-330.9886169433594,-142.0038859049479,-327.1983642578125,0.8453304466201765,24.307661934310087,3,False,False,650.0825949654671
low_6p0s_rep3,230,7.66337995761429,6.797084831970936,False,-396.46209716796875,-323.3787536621094,-143.2130584716797,-327.07208251953125,110.49578094482422,-331.07318115234375,-143.0597915649414,-327.17467244466144,0.8695483244199164,24.459399347599433,3,False,False,650.0825949654671
low_6p0s_rep3,231,7.696699000908265,6.830403875264911,False,-397.24163818359375,-323.53350830078125,-144.13394165039062,-327.0204162597656,109.78433990478516,-330.9649658203125,-143.8637466430664,-327.17296346028644,0.8397215989729695,25.935297569839626,3,False,False,650.0825949654671
low_6p0s_rep3,232,7.73001804420224,6.863722918558886,False,-397.74957275390625,-323.4800720214844,-144.5496826171875,-326.89337158203125,109.24308776855469,-330.8531494140625,-144.35205586751303,-327.0755310058594,0.8331805801867409,26.103834482457568,3,False,False,650.0825949654671
low_6p0s_rep3,233,7.7633370874962155,6.897041961852861,False,-398.5911865234375,-323.3512878417969,-145.40435791015625,-326.7774963378906,108.47747039794922,-330.6346740722656,-145.17269134521484,-326.92115275065106,0.822923267595152,25.193967187387187,3,False,False,650.0825949654671
low_6p0s_rep3,234,7.796656130790191,6.930361005146836,False,-399.9351501464844,-323.57440185546875,-146.7720489501953,-326.9575500488281,107.15834045410156,-330.7981262207031,-146.51628621419272,-327.1100260416667,0.816143241329077,26.234734715752936,3,False,False,650.0825949654671
low_6p0s_rep3,235,7.829975174084166,6.9636800484408115,False,-400.7073669433594,-323.4298095703125,-147.4469757080078,-326.82061767578125,106.41952514648438,-330.72698974609375,-147.24493916829428,-326.9924723307292,0.8243869152114863,27.303926294777025,3,False,False,650.0825949654671
low_6p0s_rep3,236,7.863294217378141,6.996999091734787,False,-401.5225830078125,-323.34912109375,-148.26614379882812,-326.904296875,105.56976318359375,-330.767333984375,-148.07298787434897,-327.0069173177083,0.838115537593603,27.026600984191028,3,False,False,650.0825949654671
low_6p0s_rep3,237,7.896613260672116,7.030318135028762,False,-402.2439880371094,-323.4353332519531,-149.1483612060547,-327.04229736328125,104.74041748046875,-330.8050231933594,-148.88397725423178,-327.09421793619794,0.8328113998102943,28.60547914506836,3,False,False,650.0825949654671
low_6p0s_rep3,238,7.929932303966091,7.063637178322737,False,-403.1518859863281,-323.59368896484375,-150.01669311523438,-327.0685119628906,103.95404815673828,-330.914794921875,-149.73817698160806,-327.1923319498698,0.8271236937333275,31.06721259369009,3,False,False,650.0825949654671
low_6p0s_rep3,239,7.963251347260067,7.096956221616712,False,-404.3221435546875,-323.6914978027344,-151.24771118164062,-326.90496826171875,102.70243835449219,-330.65679931640625,-150.95580546061197,-327.0844217936198,0.7870570613016785,28.553897583749308,3,False,False,650.0825949654671
low_6p0s_rep3,240,7.996570390554042,7.130275264910687,False,-405.78326416015625,-323.8573913574219,-152.54510498046875,-326.99609375,101.31889343261719,-330.7464599609375,-152.33649190266928,-327.1999816894531,0.7783249787348054,24.047097959718222,3,False,False,650.0825949654671
low_6p0s_rep3,241,8.029889433848016,7.163594308204662,False,-406.7451477050781,-323.8439636230469,-153.60752868652344,-326.94451904296875,100.35447692871094,-330.6103210449219,-153.33273315429688,-327.1329345703125,0.7644665831669027,22.733538924765337,3,False,False,650.0825949654671
low_6p0s_rep3,242,8.063208477141991,7.196913351498637,False,-406.4471130371094,-323.5992126464844,-153.43946838378906,-326.8858947753906,100.47222900390625,-330.6177978515625,-153.13811747233072,-327.0343017578125,0.7932418110823888,22.252093209570745,3,False,False,650.0825949654671
low_6p0s_rep3,243,8.096527520435966,7.230232394792612,False,-406.8855285644531,-323.64996337890625,-153.7849884033203,-326.7827453613281,100.1816177368164,-330.5486755371094,-153.49629974365234,-326.99379475911456,0.7794681797591397,20.499663474076407,3,False,False,650.0825949654671
low_6p0s_rep3,244,8.129846563729942,7.263551438086587,False,-408.22027587890625,-323.5492858886719,-155.03073120117188,-326.6837463378906,98.93416595458984,-330.4552307128906,-154.77228037516275,-326.8960876464844,0.7801509871389399,22.893267740052035,3,False,False,650.0825949654671
low_6p0s_rep3,245,8.163165607023917,7.296870481380562,False,-409.336669921875,-323.64404296875,-156.16708374023438,-326.7694396972656,97.7011489868164,-330.53521728515625,-155.934201558431,-326.98289998372394,0.7786616329718833,27.879627810611364,3,False,False,650.0825949654671
low_6p0s_rep3,246,8.196484650317892,7.330189524674537,False,-409.9707946777344,-323.5762939453125,-156.81248474121094,-326.67596435546875,97.08733367919922,-330.4076843261719,-156.56531524658203,-326.8866475423177,0.7718763116159465,29.06035554760314,3,False,False,650.0825949654671
low_6p0s_rep3,247,8.229803693611867,7.363508567968513,False,-410.9664611816406,-323.7519836425781,-157.8065643310547,-326.7364196777344,96.17296600341797,-330.4466247558594,-157.53335316975912,-326.9783426920573,0.7563056276646348,27.267312392787947,3,False,False,650.0825949654671
low_6p0s_rep3,248,8.263122736905842,7.396827611262488,False,-411.7474060058594,-323.5997009277344,-158.68299865722656,-326.7560119628906,95.25953674316406,-330.3426208496094,-158.39028930664062,-326.8994445800781,0.761958160447535,23.549257276529303,3,False,False,650.0825949654671
low_6p0s_rep3,249,8.296441780199817,7.430146654556463,False,-412.92730712890625,-323.5572204589844,-159.83914184570312,-326.5837097167969,94.08367919921875,-330.34136962890625,-159.56092325846353,-326.8274332682292,0.7666104480490076,20.26163113147855,3,False,False,650.0825949654671
low_6p0s_rep3,250,8.329760823493793,7.463465697850438,False,-413.6206970214844,-323.6688232421875,-160.4928436279297,-326.6448669433594,93.4212417602539,-330.3352966308594,-160.23076629638672,-326.88299560546875,0.7532686221548853,21.75391668904728,3,False,False,650.0825949654671
low_6p0s_rep3,251,8.363079866787768,7.496784741144413,False,-413.566162109375,-323.6775207519531,-160.32815551757812,-326.68829345703125,93.54890441894531,-330.3681640625,-160.1151377360026,-326.9113260904948,0.7558903464245581,24.886401251476226,3,False,False,650.0825949654671
low_6p0s_rep3,252,8.396398910081743,7.5301037844383885,False,-414.1712951660156,-323.59014892578125,-160.995849609375,-326.6141052246094,92.96360778808594,-330.23577880859375,-160.73451232910156,-326.81334431966144,0.7507760740188443,22.69922245544138,3,False,False,650.0825949654671
low_6p0s_rep3,253,8.429717953375718,7.563422827732364,False,-415.8509826660156,-323.6097412109375,-162.67784118652344,-326.52978515625,91.21684265136719,-330.1099853515625,-162.43732706705728,-326.7498372395833,0.7344503775612118,21.133739624560178,3,False,False,650.0825949654671
low_6p0s_rep3,254,8.463036996669693,7.596741871026339,False,-417.25537109375,-323.5029296875,-164.0655975341797,-326.47491455078125,89.90357971191406,-329.9701232910156,-163.80579630533853,-326.6493225097656,0.7305851856852644,23.274870542608415,3,False,False,650.0825949654671
low_6p0s_rep3,255,8.496356039963668,7.630060914320314,False,-416.8870544433594,-323.5003967285156,-163.8248291015625,-326.4207458496094,90.06471252441406,-329.95416259765625,-163.54905700683594,-326.62510172526044,0.729366374356899,23.685088212489887,3,False,False,650.0825949654671
low_6p0s_rep3,256,8.529675083257644,7.663379957614289,False,-417.2979431152344,-323.52777099609375,-164.01092529296875,-326.3789367675781,89.79364776611328,-329.8871154785156,-163.83840688069662,-326.5979410807292,0.7184984059060656,21.09355363457179,3,False,False,650.0825949654671
low_6p0s_rep3,257,8.562994126551619,7.696699000908264,False,-418.15362548828125,-323.4512939453125,-165.0297393798828,-326.47650146484375,88.8847427368164,-329.795166015625,-164.76620737711588,-326.57432047526044,0.7168256953363699,20.856337987307395,3,False,False,650.0825949654671
low_6p0s_rep3,258,8.596313169845594,7.7300180442022395,False,-419.7763671875,-323.3144836425781,-166.52487182617188,-326.16607666015625,87.40940856933594,-329.6908264160156,-166.29727681477866,-326.3904622395833,0.7202849549106985,23.127918811317343,3,False,False,650.0825949654671
low_6p0s_rep3,259,8.629632213139569,7.763337087496215,False,-420.45721435546875,-323.178955078125,-167.14129638671875,-326.0952453613281,86.67646026611328,-329.6074523925781,-166.97401682535806,-326.29388427734375,0.7262504088754965,24.031084625056554,3,False,False,650.0825949654671
low_6p0s_rep3,260,8.662951256433544,7.79665613079019,False,-420.6984558105469,-323.1280517578125,-167.61978149414062,-326.0944519042969,86.32833099365234,-329.6284484863281,-167.32996877034506,-326.2836507161458,0.7345270572473342,24.99690699944421,3,False,False,650.0825949654671
low_6p0s_rep3,261,8.69627029972752,7.829975174084165,False,-421.1546325683594,-323.125244140625,-168.02227783203125,-326.20361328125,85.88642120361328,-329.81695556640625,-167.76349639892578,-326.38193766276044,0.756121347195922,27.778037017306673,3,False,False,650.0825949654671
low_6p0s_rep3,262,8.729589343021495,7.86329421737814,False,-422.308837890625,-323.0472717285156,-169.07089233398438,-326.2994689941406,84.8355941772461,-329.9793395996094,-168.8480453491211,-326.44202677408856,0.7831171440371123,30.646812946478196,3,False,False,650.0825949654671
low_6p0s_rep3,263,8.76290838631547,7.896613260672115,False,-423.947265625,-323.12152099609375,-170.90066528320312,-326.2118835449219,83.21542358398438,-329.7686767578125,-170.5441691080729,-326.3673604329427,0.7509072992506433,30.087323214640197,3,False,False,650.0825949654671
low_6p0s_rep3,264,8.796227429609445,7.9299323039660905,False,-425.3334045410156,-323.1665344238281,-172.2924041748047,-326.1385803222656,81.67830657958984,-329.6888122558594,-171.9825007120768,-326.33130900065106,0.7370212016600768,26.717149779613717,3,False,False,650.0825949654671
low_6p0s_rep3,265,8.82954647290342,7.963251347260066,False,-425.9765625,-323.347900390625,-172.8466033935547,-326.2708435058594,81.22503662109375,-329.75030517578125,-172.53270975748697,-326.4563496907552,0.7232061014932588,23.72606799981098,3,False,False,650.0825949654671
low_6p0s_rep3,266,8.862865516197395,7.996570390554041,False,-426.0163879394531,-323.3850402832031,-172.83438110351562,-326.37213134765625,81.09407806396484,-329.7930908203125,-172.58556365966797,-326.5167541503906,0.723973837935477,22.968083138697313,3,False,False,650.0825949654671
low_6p0s_rep3,267,8.89618455949137,8.029889433848016,False,-426.3576965332031,-323.3583984375,-173.21316528320312,-326.3372802734375,80.7872314453125,-329.78424072265625,-172.9278767903646,-326.49330647786456,0.7259343859488265,23.118820672653502,3,False,False,650.0825949654671
low_6p0s_rep3,268,8.929503602785346,8.063208477141991,False,-427.8240661621094,-323.317626953125,-174.6553192138672,-326.173828125,79.37047576904297,-329.6103210449219,-174.36963653564453,-326.3672587076823,0.7108245171033211,24.350672010963613,3,False,False,650.0825949654671
low_6p0s_rep3,269,8.96282264607932,8.096527520435966,False,-429.18511962890625,-323.3228759765625,-176.13955688476562,-326.0246887207031,77.89533996582031,-329.3782043457031,-175.80977884928384,-326.24192301432294,0.6841680889937665,25.37418971266839,3,False,False,650.0825949654671
low_6p0s_rep3,270,8.996141689373296,8.129846563729942,False,-429.7892150878906,-323.46826171875,-176.85316467285156,-326.2441711425781,77.41717529296875,-329.5391845703125,-176.4084014892578,-326.4172058105469,0.6857595924586418,23.179202698636313,3,False,False,650.0825949654671
low_6p0s_rep3,271,9.029460732667271,8.163165607023917,False,-430.1486511230469,-323.64825439453125,-177.28993225097656,-326.34588623046875,76.96873474121094,-329.5898132324219,-176.82328287760416,-326.5279846191406,0.6712660201527393,19.309226985087353,3,False,False,650.0825949654671
low_6p0s_rep3,272,9.062779775961246,8.196484650317892,False,-430.4930725097656,-323.79498291015625,-177.5245361328125,-326.44488525390625,76.58382415771484,-329.7444763183594,-177.14459482828775,-326.6614481608073,0.6722160366842383,19.543656709019785,3,False,False,650.0825949654671
low_6p0s_rep3,273,9.096098819255221,8.229803693611867,False,-431.1822204589844,-323.8775939941406,-178.247314453125,-326.53363037109375,75.801513671875,-329.802734375,-177.87600708007812,-326.7379862467448,0.6695877181580714,24.899323356139217,3,False,False,650.0825949654671
low_6p0s_rep3,274,9.129417862549197,8.263122736905842,False,-432.12060546875,-323.77886962890625,-179.08889770507812,-326.53778076171875,74.99832916259766,-329.8868103027344,-178.7370580037435,-326.73448689778644,0.690059623370639,29.33576505885667,3,False,False,650.0825949654671
low_6p0s_rep3,275,9.162736905843172,8.296441780199817,False,-433.3810729980469,-323.5526428222656,-180.393798828125,-326.40252685546875,73.79622650146484,-329.87298583984375,-179.99288177490234,-326.60938517252606,0.7139716945092592,28.843084058332472,3,False,False,650.0825949654671
low_6p0s_rep3,276,9.196055949137147,8.329760823493793,False,-434.93023681640625,-323.6245422363281,-181.8798370361328,-326.2872619628906,72.20501708984375,-329.47845458984375,-181.53501892089844,-326.4634195963542,0.661341473152992,27.018540888193527,3,False,False,650.0825949654671
low_6p0s_rep3,277,9.229374992431122,8.363079866787768,False,-435.5906677246094,-323.9676208496094,-182.5997772216797,-326.33294677734375,71.56867980957031,-329.3838806152344,-182.2072550455729,-326.5614827473958,0.6118728355555788,25.091582596750218,3,False,False,650.0825949654671
low_6p0s_rep3,278,9.262694035725097,8.396398910081743,False,-435.70684814453125,-324.0679016113281,-182.87701416015625,-326.40869140625,71.31310272216797,-329.4749755859375,-182.4235865275065,-326.65052286783856,0.6110031250888512,20.403713221437492,3,False,False,650.0825949654671
low_6p0s_rep3,279,9.296013079019072,8.429717953375718,False,-436.5031433105469,-324.114013671875,-183.62889099121094,-326.4465026855469,70.556640625,-329.2948913574219,-183.1917978922526,-326.61846923828125,0.5853986172422516,18.48969229999087,3,False,False,650.0825949654671
low_6p0s_rep3,280,9.329332122313048,8.463036996669693,False,-437.2742004394531,-324.2184143066406,-184.24009704589844,-326.46075439453125,69.81904602050781,-329.3399658203125,-183.8984171549479,-326.6730448404948,0.5786574979122808,21.269288151854802,3,False,False,650.0825949654671
low_6p0s_rep3,281,9.362651165607023,8.496356039963668,False,-437.8255310058594,-324.2930908203125,-184.87210083007812,-326.484130859375,69.41421508789062,-329.3269348144531,-184.42780558268228,-326.7013854980469,0.5685842839148109,23.658793675831102,3,False,False,650.0825949654671
low_6p0s_rep3,282,9.395970208900998,8.529675083257644,False,-438.8399353027344,-324.40081787109375,-185.89065551757812,-326.37982177734375,68.305419921875,-329.20257568359375,-185.47505696614584,-326.66107177734375,0.5424721596482304,25.13345540607114,3,False,False,650.0825949654671
low_6p0s_rep3,283,9.429289252194973,8.562994126551619,False,-439.60845947265625,-324.3875732421875,-186.64599609375,-326.3722839355469,67.52693176269531,-329.2379455566406,-186.2425079345703,-326.6659342447917,0.547974750219047,27.372803478757294,3,False,False,650.0825949654671
low_6p0s_rep3,284,9.462608295488948,8.596313169845594,False,-440.6505432128906,-324.43841552734375,-187.5863494873047,-326.4375,66.46961212158203,-329.19061279296875,-187.2557601928711,-326.6888427734375,0.536900129493233,28.867313958659174,3,False,False,650.0825949654671
low_6p0s_rep3,285,9.495927338782923,8.629632213139569,False,-441.58758544921875,-324.4600830078125,-188.61602783203125,-326.3294677734375,65.57756805419922,-329.228515625,-188.20868174235025,-326.6726888020833,0.5386864846167495,29.662527151428893,3,False,False,650.0825949654671
low_6p0s_rep3,286,9.529246382076899,8.662951256433544,False,-442.638427734375,-324.51202392578125,-189.62432861328125,-326.43511962890625,64.54906463623047,-329.0035705566406,-189.23789723714194,-326.6502380371094,0.5073862075618119,29.78070754572862,3,False,False,650.0825949654671
low_6p0s_rep3,287,9.562565425370874,8.69627029972752,False,-443.6158447265625,-324.48828125,-190.64907836914062,-326.3514404296875,63.41508865356445,-329.02325439453125,-190.28327814737955,-326.62099202473956,0.5124497852814917,27.32803407243755,3,False,False,650.0825949654671
low_6p0s_rep3,288,9.595884468664849,8.729589343021495,False,-444.7123107910156,-324.5071716308594,-191.6948699951172,-326.1900329589844,62.45450973510742,-328.761962890625,-191.31755701700845,-326.48638916015625,0.4806620880538874,26.800586275256162,3,False,False,650.0825949654671
low_6p0s_rep3,289,9.629203511958824,8.76290838631547,False,-445.53857421875,-324.4425964355469,-192.37832641601562,-326.1106872558594,61.60682678222656,-328.5946044921875,-192.10335795084634,-326.38262939453125,0.4690710451084483,29.720714785745955,3,False,False,650.0825949654671
low_6p0s_rep3,290,9.6625225552528,8.796227429609445,False,-445.8724060058594,-324.38726806640625,-192.8359375,-325.9525451660156,61.308773040771484,-328.4759826660156,-192.46652348836264,-326.2719319661458,0.46188822667993423,26.40759935036971,3,False,False,650.0825949654671
low_6p0s_rep3,291,9.695841598546775,8.82954647290342,False,-447.31707763671875,-323.3927917480469,-194.30908203125,-325.1944274902344,59.89689636230469,-327.6210632324219,-193.90975443522134,-325.4027608235677,0.47762189425664014,16.041728182031292,3,False,False,650.0825949654671
low_6p0s_rep3,292,9.72916064184075,8.862865516197395,False,-448.890625,-323.1114807128906,-195.8133544921875,-324.62957763671875,58.1617431640625,-327.1175231933594,-195.51407877604166,-324.95286051432294,0.4526643903310276,8.394486940574415,3,False,False,650.0825949654671
low_6p0s_rep3,293,9.762479685134725,8.89618455949137,False,-448.266357421875,-323.2811584472656,-195.30828857421875,-324.89178466796875,58.91809844970703,-327.3057861328125,-194.88551584879556,-325.1595764160156,0.4546459143068444,4.097703956149373,3,False,False,650.0825949654671
low_6p0s_rep3,294,9.7957987284287,8.929503602785346,False,-447.29876708984375,-323.29840087890625,-194.20196533203125,-325.1838073730469,59.859683990478516,-327.8340759277344,-193.88034947713217,-325.4387613932292,0.5124002346991587,-0.34068026023484044,3,False,False,650.0825949654671
low_6p0s_rep3,295,9.829117771722675,8.96282264607932,False,-446.8905944824219,-323.3255310058594,-193.84254455566406,-325.5370788574219,60.27365493774414,-328.46624755859375,-193.48649470011392,-325.7762858072917,0.580741398471429,-0.5331150521793236,3,False,False,650.0825949654671
low_6p0s_rep3,296,9.86243681501665,8.996141689373296,False,-447.6730041503906,-323.8498229980469,-194.5845184326172,-326.1685485839844,59.492225646972656,-329.3215026855469,-194.25509897867838,-326.4466247558594,0.6181259512829927,5.362955843783706,3,False,False,650.0825949654671
low_6p0s_rep3,297,9.895755858310626,9.029460732667271,False,-448.43048095703125,-324.2829284667969,-195.48016357421875,-326.6438293457031,58.74497604370117,-329.80316162109375,-195.05522282918295,-326.90997314453125,0.6235979449372342,12.08490417084164,3,False,False,650.0825949654671
low_6p0s_rep3,298,9.9290749016046,9.062779775961246,False,-448.5050354003906,-324.4263916015625,-195.62338256835938,-326.6998291015625,58.62818908691406,-329.82147216796875,-195.16674296061197,-326.98256429036456,0.6095118029049241,17.240114093352265,3,False,False,650.0825949654671
low_6p0s_rep3,299,9.962393944898576,9.096098819255221,False,-448.7474365234375,-324.4359436035156,-195.81243896484375,-326.77410888671875,58.401851654052734,-330.12786865234375,-195.38600794474283,-327.1126403808594,0.6430248409432883,19.92687000424234,3,False,False,650.0825949654671
low_6p0s_rep3,300,9.995712988192551,9.129417862549197,False,-449.4111022949219,-324.8122863769531,-196.44198608398438,-326.9557800292969,57.83085632324219,-329.88983154296875,-196.00741068522134,-327.21929931640625,0.5735176022731074,20.307503458132526,3,False,False,650.0825949654671
low_6p0s_rep3,301,10.029032031486526,9.162736905843172,False,-450.8648681640625,-325.0173645019531,-197.9156951904297,-327.27862548828125,56.34529113769531,-330.19708251953125,-197.47842407226562,-327.49769083658856,0.5850940875413501,21.73836513071901,3,False,False,650.0825949654671
low_6p0s_rep3,302,10.062351074780501,9.196055949137147,False,-451.8788146972656,-324.0361633300781,-198.8946990966797,-327.02142333984375,55.359493255615234,-330.49298095703125,-198.47134017944336,-327.1835225423177,0.7292990563478818,25.34179285901086,3,False,False,650.0825949654671
low_6p0s_rep3,303,10.095670118074477,9.229374992431122,False,-451.9409484863281,-323.9837341308594,-198.88108825683594,-326.7126770019531,55.2713623046875,-330.3712158203125,-198.5168914794922,-327.0225423177083,0.7215053532877806,26.28962885440397,3,False,False,650.0825949654671
low_6p0s_rep3,304,10.128989161368452,9.262694035725097,False,-452.6492004394531,-323.9499206542969,-199.70016479492188,-326.74072265625,54.51274108886719,-330.4441833496094,-199.27887471516928,-327.04494222005206,0.7336384644072638,24.38056534995515,3,False,False,650.0825949654671
low_6p0s_rep3,305,10.162308204662427,9.296013079019072,False,-453.9469299316406,-324.21783447265625,-200.9637908935547,-326.8709716796875,53.23616027832031,-330.4476623535156,-200.55818684895834,-327.17882283528644,0.7037397376052551,25.434785453317435,3,False,False,650.0825949654671
low_6p0s_rep3,306,10.195627247956402,9.329332122313048,False,-455.0188903808594,-324.3077392578125,-202.18719482421875,-326.8187561035156,52.14478302001953,-330.3984680175781,-201.68710072835287,-327.17498779296875,0.6880545569446618,27.289454758781805,3,False,False,650.0825949654671
low_6p0s_rep3,307,10.228946291250377,9.362651165607023,False,-455.7537841796875,-324.2022705078125,-202.84359741210938,-326.9062805175781,51.43927764892578,-330.4221496582031,-202.3860346476237,-327.17690022786456,0.7026022000873362,25.242251436706685,3,False,False,650.0825949654671
low_6p0s_rep3,308,10.262265334544352,9.395970208900998,False,-456.4034118652344,-324.0965270996094,-203.54541015625,-326.82305908203125,50.71834945678711,-330.3985290527344,-203.07682418823242,-327.1060384114583,0.7119779834369009,22.13801537360345,3,False,False,650.0825949654671
low_6p0s_rep3,309,10.295584377838328,9.429289252194973,False,-457.13006591796875,-324.40313720703125,-204.3533477783203,-326.8332824707031,50.048831939697266,-330.1253356933594,-203.81152725219727,-327.12058512369794,0.6464068476584688,20.524984845736327,3,False,False,650.0825949654671
low_6p0s_rep3,310,10.328903421132303,9.462608295488948,False,-457.8193664550781,-324.1526794433594,-204.8529510498047,-326.7311706542969,49.36428451538086,-330.24041748046875,-204.43601099650064,-327.0414225260417,0.6876896488375551,20.109267839523337,3,False,False,650.0825949654671
low_6p0s_rep3,311,10.362222464426278,9.495927338782923,False,-458.5406799316406,-324.33258056640625,-205.6553192138672,-326.8321838378906,48.639644622802734,-330.2385559082031,-205.18545150756836,-327.1344401041667,0.6671634343559208,20.209118384827338,3,False,False,650.0825949654671
low_6p0s_rep3,312,10.395541507720253,9.529246382076899,False,-459.0814514160156,-324.19659423828125,-206.23306274414062,-326.6788024902344,48.135276794433594,-330.11822509765625,-205.72641245524088,-326.9978739420573,0.6688837801585479,22.365682554870773,3,False,False,650.0825949654671
low_6p0s_rep3,313,10.428860551014228,9.562565425370874,False,-459.7577819824219,-324.1048583984375,-206.98976135253906,-326.6558532714844,47.437557220458984,-330.0926208496094,-206.43666203816733,-326.95111083984375,0.6763815705738851,25.524049489958024,3,False,False,650.0825949654671
low_6p0s_rep3,314,10.462179594308203,9.595884468664849,False,-460.4996337890625,-323.9927673339844,-207.75418090820312,-326.4915771484375,46.69829177856445,-330.044921875,-207.18517430623373,-326.8430887858073,0.6836511706969535,25.536750247288143,3,False,False,650.0825949654671
low_6p0s_rep3,315,10.495498637602179,9.629203511958824,False,-461.8321533203125,-324.2420959472656,-209.0773162841797,-326.6823425292969,45.36628341674805,-330.314697265625,-208.5143953959147,-327.0797119140625,0.6859599263770322,23.227677764622563,3,False,False,650.0825949654671
low_6p0s_rep3,316,10.528817680896154,9.6625225552528,False,-462.90087890625,-324.45745849609375,-210.1143341064453,-326.89111328125,44.180904388427734,-330.4697570800781,-209.6114362080892,-327.2727762858073,0.6793050044115164,22.759905971756954,3,False,False,650.0825949654671
low_6p0s_rep3,317,10.562136724190129,9.695841598546775,False,-463.1521301269531,-324.22454833984375,-210.3299102783203,-326.55804443359375,44.054954528808594,-330.0379943847656,-209.80902862548828,-326.94019571940106,0.6566772195785309,23.75775501546838,3,False,False,650.0825949654671
low_6p0s_rep3,318,10.595455767484104,9.72916064184075,False,-463.47119140625,-323.8073425292969,-210.5548095703125,-326.5542297363281,43.74614334106445,-330.20355224609375,-210.09328587849936,-326.85504150390625,0.7224839777660431,24.619788388553346,3,False,False,650.0825949654671
low_6p0s_rep3,319,10.62877481077808,9.762479685134725,False,-464.43927001953125,-324.11431884765625,-211.59226989746094,-326.7059326171875,42.69573974609375,-330.3763732910156,-211.11193339029947,-327.06554158528644,0.7074468346483807,26.505205891674617,3,False,False,650.0825949654671
low_6p0s_rep3,320,10.662093854072054,9.7957987284287,False,-465.8209228515625,-324.2997741699219,-213.04750061035156,-326.7073974609375,41.35794448852539,-330.2942810058594,-212.50349299112955,-327.10048421223956,0.6771653396217401,29.113581948587164,3,False,False,650.0825949654671
low_6p0s_rep3,321,10.69541289736603,9.829117771722675,False,-467.11773681640625,-324.487060546875,-214.35980224609375,-326.81060791015625,40.00128936767578,-330.3815612792969,-213.8254165649414,-327.2264099121094,0.6659478117171231,30.809476522098176,3,False,False,650.0825949654671
low_6p0s_rep3,322,10.728731940660005,9.86243681501665,False,-467.7658386230469,-324.45953369140625,-214.8794403076172,-326.8261413574219,39.36629104614258,-330.3609619140625,-214.42632929484049,-327.2155456542969,0.6667131681208504,28.803405640677724,3,False,False,650.0825949654671
low_6p0s_rep3,323,10.76205098395398,9.895755858310626,False,-468.4576110839844,-324.18359375,-215.65606689453125,-326.7453918457031,38.58462142944336,-330.3844299316406,-215.17635218302408,-327.10447184244794,0.7006596484870504,24.59258938089414,3,False,False,650.0825949654671
low_6p0s_rep3,324,10.795370027247955,9.9290749016046,False,-469.55743408203125,-324.4604797363281,-216.8214569091797,-326.86773681640625,37.49602127075195,-330.4583740234375,-216.29428990681967,-327.26219685872394,0.6777155306406311,24.71569666152555,3,False,False,650.0825949654671
low_6p0s_rep3,325,10.82868907054193,9.962393944898576,False,-470.2261657714844,-324.53826904296875,-217.37872314453125,-326.8313293457031,36.85042190551758,-330.3684387207031,-216.91815567016602,-327.2460123697917,0.6587355953758581,28.32295980481629,3,False,False,650.0825949654671
low_6p0s_rep3,326,10.862008113835905,9.995712988192551,False,-470.86480712890625,-324.4941711425781,-218.16574096679688,-326.79595947265625,36.21623992919922,-330.428466796875,-217.60476938883463,-327.2395324707031,0.6704935559913612,30.31558956024037,3,False,False,650.0825949654671
low_6p0s_rep3,327,10.89532715712988,10.029032031486526,False,-472.1981201171875,-324.7158203125,-219.4346160888672,-327.0989685058594,34.9867057800293,-330.4551086425781,-218.88201014200845,-327.4232991536458,0.648329656216049,32.69776963238534,3,False,False,650.0825949654671
low_6p0s_rep3,328,10.928646200423856,10.062351074780501,False,-473.4794616699219,-324.65960693359375,-220.63490295410156,-327.0734558105469,33.64153289794922,-330.6045837402344,-220.15761057535806,-327.4458821614583,0.6716473613184702,35.38697753744236,3,False,False,650.0825949654671
low_6p0s_rep3,329,10.961965243717831,10.095670118074477,False,-474.7428894042969,-324.74383544921875,-221.88795471191406,-327.1114196777344,32.389156341552734,-330.5726623535156,-221.41389592488608,-327.47597249348956,0.6585118783528001,33.463369986665064,3,False,False,650.0825949654671
low_6p0s_rep3,330,10.995284287011806,10.128989161368452,False,-475.91864013671875,-324.86083984375,-223.2817840576172,-327.1156921386719,31.121023178100586,-330.5416259765625,-222.69313367207846,-327.5060526529948,0.6419053091416784,28.011579443739365,3,False,False,650.0825949654671
low_6p0s_rep3,331,11.028603330305781,10.162308204662427,False,-476.882568359375,-324.8610534667969,-224.16091918945312,-327.1690368652344,30.18230628967285,-330.44671630859375,-223.62039375305176,-327.4922688802083,0.6311262693724872,24.727588356188836,3,False,False,650.0825949654671
low_6p0s_rep3,332,11.061922373599756,10.195627247956402,False,-477.2023620605469,-324.5804443359375,-224.6062774658203,-327.06396484375,29.76045799255371,-330.5679931640625,-224.01606051127115,-327.4041341145833,0.6766676251895324,24.41332284711283,3,False,False,650.0825949654671
low_6p0s_rep3,333,11.095241416893732,10.228946291250377,False,-477.5373229980469,-324.5587158203125,-224.9559326171875,-327.0243835449219,29.423004150390625,-330.5196838378906,-224.35675048828125,-327.3675944010417,0.6736672521886378,25.76121934122303,3,False,False,650.0825949654671
low_6p0s_rep3,334,11.128560460187707,10.262265334544352,False,-478.6044616699219,-324.49700927734375,-226.12933349609375,-327.077392578125,28.372539520263672,-330.54925537109375,-225.45375188191733,-327.3745524088542,0.6839594010552229,28.821586652672558,3,False,False,650.0825949654671
low_6p0s_rep3,335,11.161879503481682,10.295584377838328,False,-480.0499267578125,-324.6090393066406,-227.4293975830078,-327.062255859375,27.116634368896484,-330.585693359375,-226.7875633239746,-327.4189961751302,0.675165179936434,31.7544407266585,3,False,False,650.0825949654671
low_6p0s_rep3,336,11.195198546775657,10.328903421132303,False,-481.33795166015625,-324.6961364746094,-228.72972106933594,-327.047607421875,25.739604949951172,-330.39801025390625,-228.10935592651367,-327.3805847167969,0.6442397825756249,30.09137616063843,3,False,False,650.0825949654671
low_6p0s_rep3,337,11.228517590069632,10.362222464426278,False,-482.2295227050781,-324.6466064453125,-229.83001708984375,-326.8992614746094,24.66901397705078,-330.2021179199219,-229.1301752726237,-327.24932861328125,0.6279256964907777,25.64042285042474,3,False,False,650.0825949654671
low_6p0s_rep3,338,11.261836633363608,10.395541507720253,False,-482.95306396484375,-324.6107177734375,-230.4812774658203,-326.8502197265625,23.965606689453125,-330.0992736816406,-229.82291158040366,-327.1867370605469,0.6203338320803666,22.40394702102661,3,False,False,650.0825949654671
low_6p0s_rep3,339,11.295155676657583,10.428860551014228,False,-483.18438720703125,-324.5861511230469,-230.7356719970703,-326.8744201660156,23.87881088256836,-330.0828857421875,-230.01374944051108,-327.18115234375,0.6210810809174948,21.827196013526194,3,False,False,650.0825949654671
low_6p0s_rep3,340,11.328474719951558,10.462179594308203,False,-483.96075439453125,-324.5392150878906,-231.44540405273438,-326.8409118652344,23.094030380249023,-330.0389099121094,-230.7707093556722,-327.1396789550781,0.6214258410183037,23.938151183916936,3,False,False,650.0825949654671
low_6p0s_rep3,341,11.361793763245533,10.495498637602179,False,-484.6673583984375,-324.6019287109375,-232.34605407714844,-326.8360900878906,22.240440368652344,-330.111083984375,-231.5909907023112,-327.1830342610677,0.6226752075584192,28.702165950039998,3,False,False,650.0825949654671
low_6p0s_rep3,342,11.395112806539508,10.528817680896154,False,-486.1254577636719,-324.6402893066406,-233.68826293945312,-326.8300476074219,21.050260543823242,-330.080078125,-232.92115338643393,-327.1834716796875,0.6145108659270965,33.08854880843975,3,False,False,650.0825949654671
low_6p0s_rep3,343,11.428431849833483,10.562136724190129,False,-487.1609191894531,-324.50341796875,-234.66806030273438,-326.7812194824219,19.80529022216797,-330.0648193359375,-234.00789642333984,-327.1164855957031,0.6285074618514186,33.12898667642755,3,False,False,650.0825949654671
low_6p0s_rep3,344,11.461750893127459,10.595455767484104,False,-488.51800537109375,-324.540283203125,-236.06996154785156,-326.7864990234375,18.41181182861328,-330.052001953125,-235.39205169677734,-327.1262613932292,0.6229378667621738,29.32592845969313,3,False,False,650.0825949654671
low_6p0s_rep3,345,11.495069936421434,10.62877481077808,False,-489.60992431640625,-324.5293884277344,-237.12696838378906,-326.8177795410156,17.485307693481445,-329.9780578613281,-236.41719500223795,-327.10840861002606,0.6156116829054029,26.588587050484485,3,False,False,650.0825949654671
low_6p0s_rep3,346,11.528388979715409,10.662093854072054,False,-490.1175842285156,-324.5458068847656,-237.61093139648438,-326.7093200683594,16.780216217041016,-330.0096130371094,-236.98276646931967,-327.08824666341144,0.6175621775500243,26.578543415236787,3,False,False,650.0825949654671
low_6p0s_rep3,347,11.561708023009384,10.69541289736603,False,-490.46923828125,-324.43426513671875,-237.94113159179688,-326.7747802734375,16.508880615234375,-329.9302673339844,-237.30049641927084,-327.0464375813802,0.621102535860173,25.626643024845276,3,False,False,650.0825949654671
low_6p0s_rep3,348,11.59502706630336,10.728731940660005,False,-491.6478576660156,-324.3493957519531,-239.09649658203125,-326.6902770996094,15.281505584716797,-329.8922424316406,-238.48761622111002,-326.97730509440106,0.6264562460034967,26.08514494404667,3,False,False,650.0825949654671
low_6p0s_rep3,349,11.628346109597334,10.76205098395398,False,-492.94384765625,-324.1112365722656,-240.39266967773438,-326.5614013671875,14.03237247467041,-329.8267517089844,-239.768048286438,-326.8331298828125,0.6459100238453647,28.663470238218157,3,False,False,650.0825949654671
low_6p0s_rep3,350,11.66166515289131,10.795370027247955,False,-493.6429748535156,-323.8827819824219,-241.2926483154297,-326.4414367675781,13.196371078491211,-329.88323974609375,-240.57975069681802,-326.73581949869794,0.6782915465963473,29.283407827788437,3,False,False,650.0825949654671
low_6p0s_rep3,351,11.694984196185285,10.82868907054193,False,-494.6407775878906,-323.5890808105469,-242.17672729492188,-326.395751953125,12.282910346984863,-329.9561462402344,-241.51153151194254,-326.64699300130206,0.719608895232856,28.101385399713674,3,False,False,650.0825949654671
low_6p0s_rep3,352,11.72830323947926,10.862008113835905,False,-495.3332824707031,-323.55657958984375,-243.0221405029297,-326.3914489746094,11.389046669006348,-329.9928283691406,-242.3221254348755,-326.64695231119794,0.7277162263677237,28.44453387353116,3,False,False,650.0825949654671
low_6p0s_rep3,353,11.761622282773235,10.89532715712988,False,-496.2940979003906,-323.4971923828125,-243.9190673828125,-326.3818359375,10.544349670410156,-329.9776306152344,-243.22293853759766,-326.61888631184894,0.7325441275668705,28.63766943968423,3,False,False,650.0825949654671
low_6p0s_rep3,354,11.79494132606721,10.928646200423856,False,-497.4769592285156,-323.29833984375,-245.13812255859375,-326.2161865234375,9.427565574645996,-329.8013916015625,-244.3958387374878,-326.4386393229167,0.7350042513621023,31.986661747674766,3,False,False,650.0825949654671
low_6p0s_rep3,355,11.828260369361185,10.961965243717831,False,-498.4944152832031,-323.2245788574219,-246.2003936767578,-326.17242431640625,8.406588554382324,-329.851318359375,-245.42940680185953,-326.4161071777344,0.7489876224844999,40.45005854958273,3,False,False,650.0825949654671
low_6p0s_rep3,356,11.86157941265516,10.995284287011806,False,-499.1607971191406,-323.4791564941406,-247.03857421875,-326.1736755371094,7.588352680206299,-329.8249816894531,-246.20367288589478,-326.4926045735677,0.7174555648223999,46.759266968208145,3,False,False,650.0825949654671
low_6p0s_rep3,357,11.894898455949136,11.028603330305781,False,-501.3094482421875,-323.8345947265625,-249.04794311523438,-326.2974853515625,5.494490146636963,-329.45794677734375,-248.2876337369283,-326.53000895182294,0.6357115513346286,48.67715432727002,3,False,False,650.0825949654671
low_6p0s_rep3,358,11.928217499243111,11.061922373599756,False,-503.7793273925781,-323.9031066894531,-251.56793212890625,-326.31689453125,3.1422512531280518,-329.42950439453125,-250.73500275611877,-326.5498352050781,0.6246069103194243,48.27999516615306,3,False,False,650.0825949654671
low_6p0s_rep3,359,11.961536542537086,11.095241416893732,False,-505.53369140625,-323.67840576171875,-253.181640625,-326.2322692871094,1.3247872591018677,-329.46978759765625,-252.46351492404938,-326.4601542154948,0.6546349949757875,42.21443403452382,3,False,False,650.0825949654671
low_6p0s_rep3,360,11.994855585831061,11.128560460187707,False,-506.5306091308594,-323.3508605957031,-254.39610290527344,-326.09295654296875,0.18523381650447845,-329.45477294921875,-253.58049273987612,-326.2995300292969,0.6901530842773974,32.24992035174929,3,False,False,650.0825949654671
low_6p0s_rep3,361,12.028174629125036,11.161879503481682,False,-507.1640319824219,-323.3316345214844,-254.9195098876953,-326.1276550292969,-0.3335164487361908,-329.51263427734375,-254.13901943961778,-326.323974609375,0.6987101858016064,23.896831027366375,3,False,False,650.0825949654671
low_6p0s_rep3,362,12.061493672419012,11.195198546775657,False,-507.4266662597656,-323.378662109375,-255.24539184570312,-326.08062744140625,-0.5811401009559631,-329.5238952636719,-254.4177327354749,-326.3277282714844,0.6946468977056658,19.369078764349894,3,False,False,650.0825949654671
low_6p0s_rep3,363,12.094812715712987,11.228517590069632,False,-508.3078308105469,-323.47418212890625,-256.2066650390625,-326.0524597167969,-1.5363101959228516,-329.4420471191406,-255.35026868184408,-326.32289632161456,0.6746978818169292,20.187357786335042,3,False,False,650.0825949654671
low_6p0s_rep3,364,12.128131759006962,11.261836633363608,False,-508.82489013671875,-323.4615783691406,-256.6240539550781,-326.1795349121094,-1.9823893308639526,-329.47314453125,-255.81044447422028,-326.3714192708333,0.6795428924543192,25.165051634736802,3,False,False,650.0825949654671
low_6p0s_rep3,365,12.161450802300937,11.295155676657583,False,-509.6776123046875,-323.4402160644531,-257.562255859375,-326.1764221191406,-2.821596622467041,-329.5810546875,-256.6871549288432,-326.39923095703125,0.6941358316309899,30.305704243195752,3,False,False,650.0825949654671
low_6p0s_rep3,366,12.194769845594912,11.328474719951558,False,-510.7690124511719,-323.4914855957031,-258.5899658203125,-326.0276794433594,-3.916796922683716,-329.2892761230469,-257.75859173138934,-326.2694803873698,0.6553674425883983,34.8908562316781,3,False,False,650.0825949654671
low_6p0s_rep3,367,12.228088888888887,11.361793763245533,False,-512.1826171875,-323.3379211425781,-260.0501708984375,-325.8495178222656,-5.3159565925598145,-329.2106628417969,-259.18291489283246,-326.13270060221356,0.6638200615064398,38.41959020695177,3,False,False,650.0825949654671
low_6p0s_rep3,368,12.261407932182863,11.395112806539508,False,-513.8301391601562,-323.1787109375,-261.4786376953125,-325.68402099609375,-6.739194869995117,-329.1639404296875,-260.6826572418213,-326.00889078776044,0.6762346474164102,38.28375700504287,3,False,False,650.0825949654671
low_6p0s_rep3,369,12.294726975476838,11.428431849833483,False,-515.1905517578125,-322.8518981933594,-262.83294677734375,-325.4797058105469,-8.286567687988281,-328.9612121582031,-262.10335540771484,-325.76427205403644,0.6905074137065247,36.000543997035685,3,False,False,650.0825949654671
low_6p0s_rep3,370,12.328046018770813,11.461750893127459,False,-516.2359619140625,-322.53302001953125,-263.9975891113281,-325.39959716796875,-9.352300643920898,-328.8583679199219,-263.1952838897705,-325.5969950358073,0.7149508969386986,32.72586595541954,3,False,False,650.0825949654671
low_6p0s_rep3,371,12.361365062064788,11.495069936421434,False,-517.0528564453125,-322.5172424316406,-264.779296875,-325.4243469238281,-10.186579704284668,-328.92742919921875,-264.0062443415324,-325.6230061848958,0.7245640236399984,31.102986902347073,3,False,False,650.0825949654671
low_6p0s_rep3,372,12.394684105358763,11.528388979715409,False,-518.0527954101562,-322.2920227050781,-265.68377685546875,-325.2735290527344,-11.054325103759766,-328.8142395019531,-264.93029912312824,-325.4599304199219,0.7370335512162176,32.485085375780834,3,False,False,650.0825949654671
low_6p0s_rep3,373,12.428003148652738,11.561708023009384,False,-518.8659057617188,-322.21685791015625,-266.656005859375,-325.3504333496094,-11.995743751525879,-328.9096984863281,-265.83921845753986,-325.49232991536456,0.7565038597013699,33.570523085799636,3,False,False,650.0825949654671
low_6p0s_rep3,374,12.461322191946714,11.59502706630336,False,-520.4276733398438,-322.0320739746094,-268.0727233886719,-325.2548828125,-13.429638862609863,-329.0552062988281,-267.3100118637085,-325.4473876953125,0.7936324765584375,34.381014014982,3,False,False,650.0825949654671
low_6p0s_rep3,375,12.494641235240689,11.628346109597334,False,-521.93310546875,-321.7783508300781,-269.5229797363281,-325.097900390625,-14.980956077575684,-328.93145751953125,-268.81234709421796,-325.2692362467448,0.8083911440955781,37.179859452173645,3,False,False,650.0825949654671
low_6p0s_rep3,376,12.527960278534664,11.66166515289131,False,-522.6815795898438,-321.56903076171875,-270.2827453613281,-325.0146789550781,-15.759349822998047,-328.99053955078125,-269.57455825805664,-325.19141642252606,0.838769202933055,37.8628276030601,3,False,False,650.0825949654671
low_6p0s_rep3,377,12.56127932182864,11.694984196185285,False,-523.8953247070312,-321.4696350097656,-271.6045227050781,-324.8125915527344,-16.952383041381836,-328.918701171875,-270.81741015116376,-325.0669759114583,0.841848862276337,33.10500674593499,3,False,False,650.0825949654671
low_6p0s_rep3,378,12.594598365122614,11.72830323947926,False,-525.4918823242188,-321.1968078613281,-273.1239929199219,-324.7828674316406,-18.404367446899414,-328.79254150390625,-272.34008089701337,-324.924072265625,0.858177182653991,27.38549374117052,3,False,False,650.0825949654671
low_6p0s_rep3,379,12.62791740841659,11.761622282773235,False,-526.4229736328125,-321.1247253417969,-274.3127746582031,-324.5213317871094,-19.53829574584961,-328.5857238769531,-273.42468134562176,-324.7439270019531,0.8432941002713801,22.280988577395245,3,False,False,650.0825949654671
low_6p0s_rep3,380,12.661236451710565,11.79494132606721,False,-526.777587890625,-321.165771484375,-274.5845031738281,-324.45574951171875,-19.82175636291504,-328.59136962890625,-273.72794914245605,-324.7376302083333,0.8391756929464224,13.97673311396191,3,False,False,650.0825949654671
low_6p0s_rep3,381,12.69455549500454,11.828260369361185,False,-526.8599243164062,-321.1748046875,-274.6602783203125,-324.45245361328125,-19.830419540405273,-328.38018798828125,-273.783540725708,-324.6691487630208,0.8141740495553168,2.640708032903889,3,False,False,650.0825949654671
low_6p0s_rep3,382,12.727874538298515,11.86157941265516,False,-527.1976318359375,-322.09942626953125,-274.7680358886719,-324.2484436035156,-20.131052017211914,-327.3062438964844,-274.03223991394043,-324.55137125651044,0.5883215375862957,-4.594470341506605,3,False,False,650.0825949654671
low_6p0s_rep3,383,12.76119358159249,11.894898455949136,False,-526.8723754882812,-322.7925720214844,-274.6319274902344,-324.2495422363281,-19.842191696166992,-326.4923095703125,-273.78216489156085,-324.511474609375,0.4180729106671502,-3.4119794585146557,3,False,False,650.0825949654671
low_6p0s_rep3,384,12.794512624886465,11.928217499243111,False,-525.9818725585938,-323.11871337890625,-273.66943359375,-324.73516845703125,-18.93606185913086,-327.1198425292969,-272.8624560038249,-324.9912414550781,0.4521150764153516,0.7102501637949512,3,False,False,650.0825949654671
low_6p0s_rep3,385,12.82783166818044,11.961536542537086,False,-525.923583984375,-323.3157653808594,-273.5042724609375,-325.1700134277344,-18.85016632080078,-327.7463073730469,-272.7593409220378,-325.4106953938802,0.5006077790607227,3.8572406092196196,3,False,False,650.0825949654671
low_6p0s_rep3,386,12.861150711474416,11.994855585831061,True,-526.7432250976562,-323.7734069824219,-274.4756164550781,-325.7823181152344,-19.62708854675293,-328.6534729003906,-273.6153100331624,-326.0697326660156,0.551350134857546,7.962976038866075,3,False,False,650.0825949654671
low_6p0s_rep3,387,12.89446975476839,12.028174629125036,True,-527.5758666992188,-324.1158142089844,-275.26348876953125,-326.272705078125,-20.472002029418945,-329.1614990234375,-274.43711916605633,-326.5166727701823,0.5700743474861815,13.77321569001969,3,False,False,650.0825949654671
low_6p0s_rep3,388,12.927788798062366,12.061493672419012,True,-527.7969360351562,-324.17822265625,-275.50244140625,-326.3999328613281,-20.688066482543945,-329.1780700683594,-274.6624813079834,-326.5854085286458,0.5648902830793819,17.463797022621083,3,False,False,650.0825949654671
low_6p0s_rep3,389,12.961107841356341,12.094812715712987,True,-527.7499389648438,-324.1884460449219,-275.5343933105469,-326.2592468261719,-20.62164878845215,-329.0191650390625,-274.63532702128094,-326.48895263671875,0.5457621764324827,18.675811060271222,3,False,False,650.0825949654671
low_6p0s_rep3,390,12.994426884650316,12.128131759006962,True,-528.6590576171875,-324.2415771484375,-276.5011291503906,-326.2995910644531,-21.5665340423584,-328.9078674316406,-275.5755736033122,-326.48301188151044,0.5272236933556685,22.06644958279051,3,False,False,650.0825949654671
low_6p0s_rep3,391,13.027745927944292,12.161450802300937,False,-529.7182006835938,-324.5520935058594,-277.4609680175781,-326.37823486328125,-22.674373626708984,-329.0069580078125,-276.61784744262695,-326.64576212565106,0.5033852168986157,27.85888603895012,3,False,False,650.0825949654671
low_6p0s_rep3,392,13.061064971238267,12.194769845594912,False,-530.7401123046875,-324.628662109375,-278.6006774902344,-326.5781555175781,-23.630760192871094,-329.0124816894531,-277.65718332926434,-326.73976643880206,0.4952937713807433,28.976365683628092,3,False,False,650.0825949654671
low_6p0s_rep3,393,13.094384014532242,12.228088888888887,False,-531.8379516601562,-324.67840576171875,-279.8302917480469,-326.6194763183594,-24.71599769592285,-328.910400390625,-278.7947470347087,-326.73609415690106,0.478129177309728,26.044295866141663,3,False,False,650.0825949654671
low_6p0s_rep3,394,13.127703057826217,12.261407932182863,False,-532.7042236328125,-324.8109436035156,-280.781494140625,-326.6050109863281,-25.87040901184082,-329.0050048828125,-279.7853755950928,-326.80698649088544,0.47411304976674173,25.4982071887986,3,False,False,650.0825949654671
low_6p0s_rep3,395,13.161022101120192,12.294726975476838,False,-533.0571899414062,-324.6103210449219,-281.01629638671875,-326.3283996582031,-26.16703224182129,-328.7629089355469,-280.08017285664874,-326.5672098795573,0.46937277063424815,24.801566069665586,3,False,False,650.0825949654671
low_6p0s_rep3,396,13.194341144414167,12.328046018770813,False,-533.7484130859375,-324.8612365722656,-281.83447265625,-326.4957580566406,-26.789989471435547,-328.84930419921875,-280.790958404541,-326.7354329427083,0.45071690194084985,21.714076077226625,3,False,False,650.0825949654671
low_6p0s_rep3,397,13.227660187708143,12.361365062064788,False,-534.9373779296875,-324.9591064453125,-283.00140380859375,-326.6861572265625,-28.00071144104004,-329.0519714355469,-281.97983105977374,-326.8990783691406,0.462580062525324,21.329901066004524,3,False,False,650.0825949654671
low_6p0s_rep3,398,13.260979231002118,12.394684105358763,False,-535.7398071289062,-325.0848083496094,-283.68524169921875,-326.5596618652344,-28.782182693481445,-328.893798828125,-282.73574384053546,-326.84608968098956,0.4304797119015713,22.198563410085274,3,False,False,650.0825949654671
low_6p0s_rep3,399,13.294298274296093,12.428003148652738,False,-536.0436401367188,-324.98712158203125,-284.07781982421875,-326.50677490234375,-29.116443634033203,-328.7266845703125,-283.07930119832355,-326.7401936848958,0.4226588974332121,20.20730753466165,3,False,False,650.0825949654671
low_6p0s_rep3,400,13.327617317590068,12.461322191946714,False,-536.8491821289062,-324.96875,-284.85992431640625,-326.60906982421875,-29.97039222717285,-328.805419921875,-283.8931662241618,-326.79441324869794,0.43367526970233683,19.188632759955986,3,False,False,650.0825949654671
low_6p0s_rep3,401,13.360936360884043,12.494641235240689,False,-537.272705078125,-324.8982238769531,-285.3688659667969,-326.5379333496094,-30.48137092590332,-328.6302185058594,-284.3743139902751,-326.6887919108073,0.4219165995369327,21.43797962597159,3,False,False,650.0825949654671
low_6p0s_rep3,402,13.394255404178018,12.527960278534664,False,-538.139892578125,-324.75537109375,-286.1468811035156,-326.3529968261719,-31.10129737854004,-328.5113525390625,-285.12935702006024,-326.53990681966144,0.4244212385399653,24.35013199979773,3,False,False,650.0825949654671
low_6p0s_rep3,403,13.427574447471994,12.56127932182864,False,-538.7890625,-324.94232177734375,-287.09417724609375,-326.49725341796875,-32.05582046508789,-328.5944519042969,-285.97968673706055,-326.6780090332031,0.41293525301657896,26.109192614456532,3,False,False,650.0825949654671
low_6p0s_rep3,404,13.460893490765969,12.594598365122614,False,-539.928466796875,-325.11407470703125,-288.072265625,-326.62469482421875,-32.93413162231445,-328.59564208984375,-286.9782880147298,-326.77813720703125,0.393448146818787,26.136387805780927,3,False,False,650.0825949654671
low_6p0s_rep3,405,13.494212534059944,12.62791740841659,False,-541.008056640625,-325.3956298828125,-289.1349182128906,-326.8305358886719,-34.179256439208984,-328.7411804199219,-288.1074104309082,-326.98911539713544,0.3782009661674083,25.579907252776017,3,False,False,650.0825949654671
low_6p0s_rep3,406,13.527531577353919,12.661236451710565,False,-541.8034057617188,-325.29925537109375,-289.8300476074219,-326.68560791015625,-34.94475555419922,-328.5835266113281,-288.8594029744466,-326.8561299641927,0.37125192055400347,25.830844526536616,3,False,False,650.0825949654671
low_6p0s_rep3,407,13.560850620647894,12.69455549500454,False,-542.2243041992188,-325.1152038574219,-290.4306640625,-326.57305908203125,-35.403018951416016,-328.542236328125,-289.35266240437824,-326.7434997558594,0.3874176362338651,25.328519651680903,3,False,False,650.0825949654671
low_6p0s_rep3,408,13.59416966394187,12.727874538298515,False,-543.2415161132812,-325.3115539550781,-291.1871337890625,-326.6860656738281,-36.4094352722168,-328.7137145996094,-290.2793617248535,-326.9037780761719,0.38459782999185854,25.924275999176686,3,False,False,650.0825949654671
low_6p0s_rep3,409,13.627488707235845,12.76119358159249,False,-544.2674560546875,-325.3547668457031,-292.2568054199219,-326.795654296875,-37.33134841918945,-328.7420349121094,-291.2852032979329,-326.9641520182292,0.38283577186534246,28.026071969569223,3,False,False,650.0825949654671
low_6p0s_rep3,410,13.66080775052982,12.794512624886465,False,-545.1282348632812,-325.6736755371094,-293.17919921875,-326.7999572753906,-38.411712646484375,-328.6602783203125,-292.2397155761719,-327.0446370442708,0.3376991780504921,28.937794002637702,3,False,False,650.0825949654671
low_6p0s_rep3,411,13.694126793823795,12.82783166818044,False,-546.2073974609375,-325.6406555175781,-294.4005432128906,-326.8138122558594,-39.486515045166016,-328.7379455566406,-293.36481857299805,-327.0641377766927,0.3502114147783828,28.265878907166144,3,False,False,650.0825949654671
low_6p0s_rep3,412,13.72744583711777,12.861150711474416,False,-547.1898803710938,-325.7377624511719,-295.0971374511719,-326.8981018066406,-40.26877975463867,-328.7082214355469,-294.1852658589681,-327.1146952311198,0.3357382733603945,26.267494121077174,3,False,False,650.0825949654671
low_6p0s_rep3,413,13.760764880411745,12.89446975476839,False,-548.035400390625,-325.9426574707031,-295.9421691894531,-326.97369384765625,-41.28809356689453,-328.7497863769531,-295.0885543823242,-327.2220458984375,0.31738697293828755,24.167114010350097,3,False,False,650.0825949654671
low_6p0s_rep3,414,13.79408392370572,12.927788798062366,False,-548.7439575195312,-325.7644958496094,-296.90576171875,-326.9232177734375,-42.032073974609375,-328.57647705078125,-295.89393107096356,-327.0880635579427,0.3179578104095736,24.3383147236351,3,False,False,650.0825949654671
low_6p0s_rep3,415,13.827402966999696,12.961107841356341,False,-549.3052978515625,-325.77752685546875,-297.3080139160156,-326.84564208984375,-42.535884857177734,-328.60052490234375,-296.38306554158527,-327.07456461588544,0.31916725137759905,25.72922320256581,3,False,False,650.0825949654671
low_6p0s_rep3,416,13.86072201029367,12.994426884650316,False,-550.1160278320312,-325.877685546875,-298.2095031738281,-327.1025695800781,-43.495628356933594,-328.7081298828125,-297.27371978759766,-327.2294616699219,0.3201032320571767,26.761426878933094,3,False,False,650.0825949654671
low_6p0s_rep3,417,13.894041053587646,13.027745927944292,False,-551.3175048828125,-325.887451171875,-299.2752380371094,-327.0810546875,-44.564231872558594,-328.73199462890625,-298.38565826416016,-327.23350016276044,0.3216133603271165,29.427185323830255,3,False,False,650.0825949654671
low_6p0s_rep3,418,13.927360096881621,13.061064971238267,False,-552.3089599609375,-325.9618225097656,-300.4828796386719,-327.1667785644531,-45.59083938598633,-328.74444580078125,-299.46089299519855,-327.291015625,0.31463443180930617,33.30352286504487,3,False,False,650.0825949654671
low_6p0s_rep3,419,13.960679140175596,13.094384014532242,False,-553.294677734375,-325.9337463378906,-301.3981628417969,-327.1444396972656,-46.621891021728516,-328.8614807128906,-300.4382438659668,-327.31322224934894,0.33107157256634057,33.7640588899118,3,False,False,650.0825949654671
low_6p0s_rep3,420,13.993998183469571,13.127703057826217,False,-554.4960327148438,-325.9061584472656,-302.57745361328125,-327.1126708984375,-47.85734176635742,-328.8437194824219,-301.64360936482746,-327.2875162760417,0.3322051124769953,30.548454587506445,3,False,False,650.0825949654671
low_6p0s_rep3,421,14.027317226763547,13.161022101120192,False,-556.0157470703125,-326.1373596191406,-304.0656433105469,-327.1890869140625,-49.24738311767578,-328.6833190917969,-303.1095911661784,-327.3365885416667,0.28784651080946877,27.746720185983044,3,False,False,650.0825949654671
low_6p0s_rep3,422,14.060636270057522,13.194341144414167,False,-556.5599365234375,-326.1271667480469,-304.85845947265625,-327.1866760253906,-49.98054885864258,-328.6181945800781,-303.7996482849121,-327.31067911783856,0.28174109435758854,26.43349317202904,3,False,False,650.0825949654671
low_6p0s_rep3,423,14.093955313351497,13.227660187708143,False,-557.0339965820312,-326.1873474121094,-305.2690124511719,-327.29620361328125,-50.3730583190918,-328.7293395996094,-304.2253557840983,-327.404296875,0.2874589116071021,24.0648820730467,3,False,False,650.0825949654671
low_6p0s_rep3,424,14.127274356645472,13.260979231002118,False,-557.75048828125,-326.2202453613281,-305.9413757324219,-327.0346984863281,-51.06430435180664,-328.3975830078125,-304.91872278849286,-327.21750895182294,0.24621056146969578,23.910759451424852,3,False,False,650.0825949654671
low_6p0s_rep3,425,14.160593399939447,13.294298274296093,False,-558.8240356445312,-325.9718933105469,-307.0215759277344,-326.92333984375,-52.065940856933594,-328.4373779296875,-305.9705174763997,-327.1108703613281,0.2787538078447786,28.02419433356908,3,False,False,650.0825949654671
low_6p0s_rep3,426,14.193912443233422,13.327617317590068,False,-559.5919799804688,-325.79168701171875,-307.9148254394531,-326.8690490722656,-52.895809173583984,-328.4490966796875,-306.80087153116864,-327.03661092122394,0.30048966465349874,30.778587120106163,3,False,False,650.0825949654671
low_6p0s_rep3,427,14.227231486527398,13.360936360884043,False,-560.8340454101562,-325.7308349609375,-309.22265625,-326.9019775390625,-54.16891098022461,-328.5516052246094,-308.07520421346027,-327.0614725748698,0.31898101988972594,28.03394124889954,3,False,False,650.0825949654671
low_6p0s_rep3,428,14.260550529821373,13.394255404178018,False,-562.1104125976562,-325.7409973144531,-310.4344482421875,-326.933349609375,-55.31671905517578,-328.2754821777344,-309.28719329833984,-326.9832763671875,0.2865348901409457,22.389599515864546,3,False,False,650.0825949654671
low_6p0s_rep3,429,14.29386957311535,13.427574447471995,False,-562.8939208984375,-325.4941101074219,-311.2329406738281,-326.8471984863281,-56.20918655395508,-328.2487487792969,-310.11201604207355,-326.8633524576823,0.3114907640786897,17.553801427928352,3,False,False,650.0825949654671
low_6p0s_rep3,430,14.327188616409325,13.46089349076597,False,-562.9644165039062,-325.6146545410156,-311.18951416015625,-326.8764343261719,-56.19966506958008,-328.3034362792969,-310.11786524454754,-326.93150838216144,0.30399588684918766,18.202310951073738,3,False,False,650.0825949654671
low_6p0s_rep3,431,14.3605076597033,13.494212534059946,False,-562.90234375,-325.57049560546875,-311.2380676269531,-326.95263671875,-56.20016098022461,-328.3704528808594,-310.11352411905926,-326.9645284016927,0.31660432363982305,26.409053373369208,3,False,False,650.0825949654671
low_6p0s_rep3,432,14.393826702997275,13.52753157735392,False,-563.367431640625,-325.6107177734375,-311.74627685546875,-326.8691101074219,-56.72022247314453,-328.3357849121094,-310.6113103230794,-326.93853759765625,0.30816974315617907,34.51144579336104,3,False,False,650.0825949654671
low_6p0s_rep3,433,14.42714574629125,13.560850620647896,False,-565.6571044921875,-325.6560974121094,-313.94000244140625,-326.8318786621094,-58.85066223144531,-328.1477966308594,-312.815923055013,-326.8785909016927,0.28169077360027794,36.26782925018734,3,False,False,650.0825949654671
low_6p0s_rep3,434,14.460464789585226,13.594169663941871,False,-568.2092895507812,-325.4119873046875,-316.5742492675781,-326.69537353515625,-61.364051818847656,-328.04888916015625,-315.38253021240234,-326.71875,0.2980830694822461,33.872091653879906,3,False,False,650.0825949654671
low_6p0s_rep3,435,14.4937838328792,13.627488707235846,False,-569.1325073242188,-325.4122009277344,-317.492431640625,-326.7528381347656,-62.41376495361328,-328.0592041015625,-316.34623463948566,-326.7414143880208,0.29929962724917736,29.6064728474462,3,False,False,650.0825949654671
low_6p0s_rep3,436,14.527102876173176,13.660807750529822,False,-568.74365234375,-325.4570617675781,-317.173828125,-326.7486572265625,-61.990264892578125,-328.03778076171875,-315.96924845377606,-326.7478332519531,0.29178498232580585,25.99183273182423,3,False,False,650.0825949654671
low_6p0s_rep3,437,14.560421919467151,13.694126793823797,False,-568.7998046875,-325.3760681152344,-317.20440673828125,-326.5606384277344,-62.1201171875,-327.96893310546875,-316.04144287109375,-326.6352132161458,0.2932008676680033,29.433363967495364,3,False,False,650.0825949654671
low_6p0s_rep3,438,14.593740962761126,13.727445837117772,False,-569.98974609375,-325.151123046875,-318.50762939453125,-326.3454284667969,-63.25377655029297,-327.815673828125,-317.2503840128581,-326.4374084472656,0.3012734761527725,36.165299638883006,3,False,False,650.0825949654671
low_6p0s_rep3,439,14.627060006055101,13.760764880411747,False,-572.333740234375,-324.8885498046875,-320.848876953125,-326.24517822265625,-65.64228057861328,-327.4433288574219,-319.6082992553711,-326.1923522949219,0.2888874760052188,39.340626359299485,3,False,False,650.0825949654671
low_6p0s_rep3,440,14.660379049349077,13.794083923705722,False,-574.6273193359375,-324.9034423828125,-323.1233825683594,-326.19598388671875,-68.03144073486328,-327.4584655761719,-321.92738087972003,-326.1859639485677,0.2889695918986564,36.11319905623185,3,False,False,650.0825949654671
low_6p0s_rep3,441,14.693698092643052,13.827402966999697,False,-575.0639038085938,-325.09637451171875,-323.6469421386719,-326.39990234375,-68.60325622558594,-327.7157287597656,-322.4380340576172,-326.4040018717448,0.29632431678114035,26.003083282486678,3,False,False,650.0825949654671
low_6p0s_rep3,442,14.727017135937027,13.860722010293673,False,-575.3180541992188,-325.13885498046875,-323.8948669433594,-326.4005126953125,-68.82881164550781,-327.790771484375,-322.6805775960286,-326.44337972005206,0.299991040419716,15.94390029339437,3,False,False,650.0825949654671
low_6p0s_rep3,443,14.760336179231002,13.894041053587648,False,-575.3944091796875,-325.1350402832031,-323.81634521484375,-326.3939208984375,-68.72071075439453,-327.8202819824219,-322.6438217163086,-326.4497477213542,0.30365021196369035,18.535129564644468,3,False,False,650.0825949654671
low_6p0s_rep3,444,14.793655222524977,13.927360096881623,False,-575.573974609375,-325.1803283691406,-324.0911865234375,-326.52740478515625,-68.97135925292969,-327.86114501953125,-322.87884012858075,-326.52295939127606,0.3031923668617301,29.85594655737241,3,False,False,650.0825949654671
low_6p0s_rep3,445,14.826974265818953,13.960679140175598,False,-576.68212890625,-325.1473388671875,-325.21112060546875,-326.45330810546875,-70.01433563232422,-327.89910888671875,-323.96919504801434,-326.4999186197917,0.3111767912187953,36.944312496658256,3,False,False,650.0825949654671
low_6p0s_rep3,446,14.860293309112928,13.993998183469573,False,-579.2887573242188,-325.0582580566406,-327.744384765625,-326.30621337890625,-72.68270111083984,-327.67144775390625,-326.5719477335612,-326.3453063964844,0.29554209030985046,38.442284390893015,3,False,False,650.0825949654671
low_6p0s_rep3,447,14.893612352406903,14.027317226763548,False,-581.2448120117188,-324.8146057128906,-329.63995361328125,-326.1532897949219,-74.59837341308594,-327.3771057128906,-328.494379679362,-326.11500040690106,0.28978627282773084,37.18760374658881,3,False,False,650.0825949654671
low_6p0s_rep3,448,14.926931395700878,14.060636270057524,False,-581.80517578125,-324.68975830078125,-330.3446350097656,-326.1983337402344,-75.26872253417969,-327.6612854003906,-329.13951110839844,-326.18312581380206,0.33611402968081366,31.65454629351996,3,False,False,650.0825949654671
low_6p0s_rep3,449,14.960250438994853,14.093955313351499,False,-581.9249267578125,-324.7798156738281,-330.3689270019531,-326.16790771484375,-75.28140258789062,-327.6326904296875,-329.19175211588544,-326.19347127278644,0.322625174545794,21.52124247844753,3,False,False,650.0825949654671
low_6p0s_rep3,450,14.993569482288828,14.127274356645474,False,-582.75146484375,-324.7053527832031,-331.2283935546875,-326.1056823730469,-76.16065216064453,-327.5436096191406,-330.04683685302734,-326.1182149251302,0.3210054985115242,16.40441723659322,3,False,False,650.0825949654671
low_6p0s_rep3,451,15.026888525582804,14.160593399939449,False,-583.806884765625,-324.6336669921875,-332.1720886230469,-326.1588439941406,-77.1449203491211,-327.7025451660156,-331.04129791259766,-326.16501871744794,0.34703930682246703,21.444679199137912,3,False,False,650.0825949654671
low_6p0s_rep3,452,15.060207568876779,14.193912443233424,False,-583.938232421875,-324.7474670410156,-332.3442077636719,-326.28338623046875,-77.3046646118164,-327.976806640625,-331.1957015991211,-326.3358866373698,0.3652048258184048,29.03507615561164,3,False,False,650.0825949654671
low_6p0s_rep3,453,15.093526612170754,14.2272314865274,False,-584.6712036132812,-324.7781982421875,-332.9822692871094,-326.2283630371094,-78.05847930908203,-327.9098205566406,-331.9039840698242,-326.3054606119792,0.35416887045571416,30.98644371504696,3,False,False,650.0825949654671
low_6p0s_rep3,454,15.126845655464729,14.260550529821375,False,-586.3177490234375,-324.72320556640625,-334.67242431640625,-326.188720703125,-79.7271499633789,-327.642333984375,-333.5724411010742,-326.18475341796875,0.33015197554337633,31.337096054278234,3,False,False,650.0825949654671
low_6p0s_rep3,455,15.160164698758704,14.29386957311535,False,-588.00927734375,-324.5650329589844,-336.521484375,-325.99725341796875,-81.49031066894531,-327.4667053222656,-335.3403574625651,-326.00966389973956,0.32822415791867593,32.5238154346019,3,False,False,650.0825949654671
low_6p0s_rep3,456,15.19348374205268,14.327188616409325,False,-588.72705078125,-324.39990234375,-337.2310485839844,-325.91949462890625,-82.25839233398438,-327.59771728515625,-336.07216389973956,-325.9723714192708,0.3617575580414334,30.914490566401707,3,False,False,650.0825949654671
low_6p0s_rep3,457,15.226802785346655,14.3605076597033,False,-589.2719116210938,-324.26116943359375,-337.7868347167969,-325.9840087890625,-82.7594223022461,-327.66778564453125,-336.6060562133789,-325.9709879557292,0.3853444732370515,25.78307929855093,3,False,False,650.0825949654671
low_6p0s_rep3,458,15.26012182864063,14.393826702997275,False,-590.0319213867188,-324.1899719238281,-338.4397277832031,-325.86553955078125,-83.51911163330078,-327.6547546386719,-337.3302536010742,-325.90342203776044,0.391923612622645,23.21761790995789,3,False,False,650.0825949654671
low_6p0s_rep3,459,15.293440871934605,14.42714574629125,False,-591.1358032226562,-324.0512390136719,-339.6026916503906,-325.8291320800781,-84.60125732421875,-327.5846252441406,-338.4465840657552,-325.82166544596356,0.39966639290997097,26.13782274711447,3,False,False,650.0825949654671
low_6p0s_rep3,460,15.32675991522858,14.460464789585226,False,-591.6981201171875,-324.1334228515625,-340.16827392578125,-325.744384765625,-85.30427551269531,-327.5832824707031,-339.056889851888,-325.8203633626302,0.3903272923665616,28.268542707831926,3,False,False,650.0825949654671
low_6p0s_rep3,461,15.360078958522555,14.4937838328792,False,-592.686279296875,-323.992431640625,-341.3256530761719,-325.79718017578125,-86.26262664794922,-327.574951171875,-340.09151967366535,-325.78818766276044,0.40531247731167763,27.032462872188397,3,False,False,650.0825949654671
low_6p0s_rep3,462,15.39339800181653,14.527102876173176,False,-593.93896484375,-324.05596923828125,-342.4996032714844,-325.68414306640625,-87.44815063476562,-327.43121337890625,-341.2955729166667,-325.72377522786456,0.3818122186001619,27.461571392065263,3,False,False,650.0825949654671
low_6p0s_rep3,463,15.426717045110506,14.560421919467151,False,-594.7706909179688,-323.872802734375,-343.28106689453125,-325.577392578125,-88.12687683105469,-327.3668212890625,-342.0595448811849,-325.6056722005208,0.39512836732082485,28.72041947236894,3,False,False,650.0825949654671
low_6p0s_rep3,464,15.46003608840448,14.593740962761126,False,-595.3187255859375,-323.81085205078125,-343.9922180175781,-325.6092224121094,-88.86180877685547,-327.3780517578125,-342.72425079345703,-325.59937540690106,0.4035528025208796,28.266871153832238,3,False,False,650.0825949654671
low_6p0s_rep3,465,15.493355131698456,14.627060006055101,False,-596.5567626953125,-323.6146240234375,-345.17608642578125,-325.4719543457031,-90.05461883544922,-327.3161315917969,-343.92915598551434,-325.4675699869792,0.41870896045048983,29.680288366757466,3,False,False,650.0825949654671
low_6p0s_rep3,466,15.526674174992431,14.660379049349077,False,-597.48095703125,-323.3268737792969,-346.0145263671875,-325.2428894042969,-90.8703842163086,-327.17608642578125,-344.7886225382487,-325.2486165364583,0.4353233176319497,31.515250126893825,3,False,False,650.0825949654671
low_6p0s_rep3,467,15.559993218286406,14.693698092643052,False,-598.6768188476562,-323.1679382324219,-347.27935791015625,-325.1505126953125,-92.09398651123047,-326.91717529296875,-346.01672108968097,-325.0785420735677,0.424040303353459,30.109183171966816,3,False,False,650.0825949654671
low_6p0s_rep3,468,15.593312261580381,14.727017135937027,False,-599.9284057617188,-322.8858642578125,-348.486572265625,-324.9542236328125,-93.26777648925781,-326.8790588378906,-347.2275848388672,-324.90638224283856,0.45156155007413235,26.927742685553124,3,False,False,650.0825949654671
low_6p0s_rep3,469,15.626631304874357,14.760336179231002,False,-600.7932739257812,-322.86956787109375,-349.26922607421875,-324.8662109375,-94.10787200927734,-326.6781005859375,-348.0567906697591,-324.80462646484375,0.43065922252714717,24.56197475490273,3,False,False,650.0825949654671
low_6p0s_rep3,470,15.659950348168332,14.793655222524977,False,-601.3211059570312,-322.65997314453125,-349.90301513671875,-324.6475830078125,-94.66200256347656,-326.4574890136719,-348.6287078857422,-324.5883483886719,0.42943580046354607,17.75581140020292,3,False,False,650.0825949654671
low_6p0s_rep3,471,15.693269391462307,14.826974265818953,False,-601.6818237304688,-322.978759765625,-350.39373779296875,-324.4062805175781,-95.10784912109375,-325.6197204589844,-349.06113688151044,-324.3349202473958,0.2987017460621691,3.1026866317705757,3,False,False,650.0825949654671
low_6p0s_rep3,472,15.726588434756282,14.860293309112928,False,-602.5772705078125,-322.490478515625,-351.2408752441406,-324.0141296386719,-95.9659194946289,-325.3197326660156,-349.92802174886066,-323.9414469401042,0.31997434805317726,-9.29605371064762,3,False,False,650.0825949654671
low_6p0s_rep3,473,15.759907478050257,14.893612352406903,False,-601.9224853515625,-322.0108642578125,-350.5849914550781,-323.7729187011719,-95.1895751953125,-325.41314697265625,-349.2323506673177,-323.73230997721356,0.38468689758881025,-11.370345366714657,3,False,False,650.0825949654671
low_6p0s_rep3,474,15.793226521344232,14.926931395700878,False,-599.746337890625,-321.0111389160156,-348.4498596191406,-323.409912109375,-93.06123352050781,-325.555419921875,-347.0858103434245,-323.3254903157552,0.5138519755174205,-10.695655796909602,3,False,False,650.0825949654671
low_6p0s_rep3,475,15.826545564638208,14.960250438994853,False,-599.1935424804688,-321.03997802734375,-347.84912109375,-323.7025451660156,-92.4643325805664,-326.2572021484375,-346.50233205159503,-323.6665751139323,0.5898897383727868,-9.391370451953184,3,False,False,650.0825949654671
low_6p0s_rep3,476,15.859864607932183,14.993569482288828,False,-600.097900390625,-321.63543701171875,-348.7820129394531,-324.4211120605469,-93.31715393066406,-326.9489440917969,-347.3990224202474,-324.3351643880208,0.600714168908145,0.14550152462468238,3,False,False,650.0825949654671
low_6p0s_rep3,477,15.893183651226158,15.026888525582804,False,-600.7135620117188,-321.923828125,-349.3994445800781,-324.8003845214844,-93.9663314819336,-327.3745422363281,-348.02644602457684,-324.6995849609375,0.6162655693196293,10.94025223283961,3,False,False,650.0825949654671
low_6p0s_rep3,478,15.926502694520133,15.060207568876779,False,-600.7440185546875,-322.0660400390625,-349.3800354003906,-324.8531188964844,-93.890380859375,-327.3966369628906,-348.0048116048177,-324.7719319661458,0.6025594439818276,14.401117013172735,3,False,False,650.0825949654671
low_6p0s_rep3,479,15.959821737814108,15.093526612170754,False,-601.0107421875,-321.99884033203125,-349.73016357421875,-325.0225830078125,-94.3445816040039,-327.79461669921875,-348.36182912190753,-324.9386800130208,0.6553803424830335,14.901468843693863,3,False,False,650.0825949654671
low_6p0s_rep3,480,15.993140781108083,15.126845655464729,False,-601.64453125,-321.1103210449219,-350.1540222167969,-325.06134033203125,-94.81594848632812,-328.8899841308594,-348.8715006510417,-325.0205485026042,0.879403556601668,17.609943507578002,3,False,False,650.0825949654671
low_6p0s_rep3,481,16.026459824402057,15.160164698758702,False,-602.3999633789062,-321.23638916015625,-351.2178955078125,-325.312255859375,-95.86664581298828,-329.05731201171875,-349.82816823323566,-325.2019856770833,0.8845820242836656,22.679514910113372,3,False,False,650.0825949654671
low_6p0s_rep3,482,16.059778867696032,15.193483742052678,False,-603.1459350585938,-320.76348876953125,-351.9825134277344,-324.9450988769531,-96.55853271484375,-329.00140380859375,-350.5623270670573,-324.90333048502606,0.9316381797835617,26.2332845090874,3,False,False,650.0825949654671
low_6p0s_rep3,483,16.093097910990007,15.226802785346653,False,-603.9164428710938,-320.7678527832031,-352.71929931640625,-324.9132995605469,-97.37344360351562,-328.6552734375,-351.3363952636719,-324.77880859375,0.8920849702523808,25.891066266519214,3,False,False,650.0825949654671
low_6p0s_rep3,484,16.126416954283982,15.260121828640628,False,-605.2113037109375,-320.926513671875,-354.0102233886719,-325.12841796875,-98.53900146484375,-329.17755126953125,-352.5868428548177,-325.07749430338544,0.9329656376830713,24.536008422910573,3,False,False,650.0825949654671
low_6p0s_rep3,485,16.159735997577958,15.293440871934603,False,-605.9824829101562,-320.8149108886719,-354.8192443847656,-325.0807800292969,-99.35977172851562,-329.0022888183594,-353.3871663411458,-324.9659932454427,0.9258593396942715,24.685852934866084,3,False,False,650.0825949654671
low_6p0s_rep3,486,16.193055040871933,15.326759915228578,False,-606.5404663085938,-320.6343994140625,-355.3675842285156,-324.9999084472656,-99.909423828125,-328.8423156738281,-353.9391581217448,-324.82554117838544,0.9281662242957325,22.97758580869414,3,False,False,650.0825949654671
low_6p0s_rep3,487,16.226374084165908,15.360078958522553,False,-607.2677001953125,-320.85906982421875,-356.0213623046875,-325.1361389160156,-100.59043884277344,-328.9863586425781,-354.6265004475911,-324.9938557942708,0.9189664759763394,19.583003105675655,3,False,False,650.0825949654671
low_6p0s_rep3,488,16.259693127459883,15.393398001816529,False,-608.0888061523438,-320.7775573730469,-356.88970947265625,-324.9302673339844,-101.51342010498047,-328.92950439453125,-355.49731190999347,-324.8791097005208,0.9219394791619131,19.959812593565413,3,False,False,650.0825949654671
low_6p0s_rep3,489,16.293012170753858,15.426717045110504,False,-608.6979370117188,-320.6540832519531,-357.47149658203125,-324.77099609375,-102.07608032226562,-328.5987243652344,-356.0818379720052,-324.6746012369792,0.8984158349206701,22.686254554779,3,False,False,650.0825949654671
low_6p0s_rep3,490,16.326331214047833,15.460036088404479,False,-608.9606323242188,-320.735107421875,-357.89862060546875,-324.772216796875,-102.3918685913086,-328.44805908203125,-356.4170405069987,-324.65179443359375,0.8723108577554826,22.953497112702124,3,False,False,650.0825949654671
low_6p0s_rep3,491,16.35965025734181,15.493355131698454,False,-610.1611938476562,-321.0050964355469,-359.0501403808594,-325.0284729003906,-103.4677734375,-328.6138000488281,-357.55970255533856,-324.88245646158856,0.8603108388920485,22.013793723639342,3,False,False,650.0825949654671
low_6p0s_rep3,492,16.392969300635784,15.52667417499243,False,-611.1979370117188,-320.82318115234375,-360.0733947753906,-324.87445068359375,-104.42306518554688,-328.467041015625,-358.56479899088544,-324.7215576171875,0.8641464388570675,23.373019003246608,3,False,False,650.0825949654671
low_6p0s_rep3,493,16.42628834392976,15.559993218286404,False,-611.7911376953125,-321.1138610839844,-360.7077941894531,-324.9814147949219,-105.12176513671875,-328.3811950683594,-359.20689900716144,-324.8254903157552,0.8217568240795973,25.562197557947343,3,False,False,650.0825949654671
low_6p0s_rep3,494,16.459607387223734,15.59331226158038,False,-612.2188110351562,-320.7856750488281,-361.2293701171875,-324.7793273925781,-105.67292785644531,-328.3611145019531,-359.707036336263,-324.6420389811198,0.8567996877601551,25.424977476653034,3,False,False,650.0825949654671
low_6p0s_rep3,495,16.49292643051771,15.626631304874355,False,-613.0992431640625,-320.831787109375,-362.0575256347656,-324.7762451171875,-106.58175659179688,-328.3086242675781,-360.5795084635417,-324.6388854980469,0.8456965730676909,22.86477499539312,3,False,False,650.0825949654671
low_6p0s_rep3,496,16.526245473811684,15.65995034816833,False,-614.4024658203125,-321.2245178222656,-363.489501953125,-325.107421875,-107.8509750366211,-328.5843811035156,-361.91431427001953,-324.97210693359375,0.8324117924914571,20.758021608002355,3,False,False,650.0825949654671
low_6p0s_rep3,497,16.55956451710566,15.693269391462305,False,-615.1185302734375,-321.3527526855469,-364.1826171875,-325.0480651855469,-108.74349212646484,-328.2889709472656,-362.6815465291341,-324.89659627278644,0.7847763996903688,20.258150635479723,3,False,False,650.0825949654671
low_6p0s_rep3,498,16.592883560399635,15.72658843475628,False,-615.2341918945312,-321.34539794921875,-364.0667419433594,-324.85491943359375,-108.82449340820312,-328.10247802734375,-362.70847574869794,-324.76759847005206,0.7644584965753068,19.838598214267844,3,False,False,650.0825949654671
low_6p0s_rep3,499,16.62620260369361,15.759907478050255,False,-615.6266479492188,-320.68853759765625,-364.53460693359375,-324.7475891113281,-109.2042465209961,-328.3815612792969,-363.12183380126953,-324.60589599609375,0.8703088308635277,21.44190854113837,3,False,False,650.0825949654671
low_6p0s_rep3,500,16.659521646987585,15.79322652134423,False,-616.5054321289062,-320.8619384765625,-365.2994079589844,-324.701904296875,-109.93875885009766,-328.0953063964844,-363.9145329793294,-324.5530497233073,0.8180824187304419,25.654636783920463,3,False,False,650.0825949654671
low_6p0s_rep3,501,16.69284069028156,15.826545564638206,False,-617.8214721679688,-321.2611389160156,-366.6055908203125,-324.89373779296875,-111.14089965820312,-328.11749267578125,-365.18932088216144,-324.75745646158856,0.7752737706033297,30.35708455256174,3,False,False,650.0825949654671
low_6p0s_rep3,502,16.726159733575535,15.859864607932181,False,-619.1500854492188,-321.46173095703125,-368.0115051269531,-325.0658874511719,-112.4907455444336,-328.0782775878906,-366.55077870686847,-324.86863199869794,0.7481923621017353,32.72739391987806,3,False,False,650.0825949654671
low_6p0s_rep3,503,16.75947877686951,15.893183651226156,False,-620.038330078125,-321.3509521484375,-368.76495361328125,-324.9874267578125,-113.35808563232422,-328.1095886230469,-367.38712310791016,-324.8159891764323,0.7642263234350971,32.23494189935209,3,False,False,650.0825949654671
low_6p0s_rep3,504,16.792797820163486,15.926502694520131,False,-621.1665649414062,-320.83758544921875,-369.9815368652344,-324.96240234375,-114.52552795410156,-328.67529296875,-368.55787658691406,-324.82509358723956,0.8862916953141127,30.708523056459516,3,False,False,650.0825949654671
low_6p0s_rep3,505,16.82611686345746,15.959821737814107,False,-622.0363159179688,-320.9627685546875,-370.7139892578125,-325.12579345703125,-115.39852905273438,-328.7174987792969,-369.38294474283856,-324.9353535970052,0.8769156809434906,31.428855972919468,3,False,False,650.0825949654671
low_6p0s_rep3,506,16.859435906751436,15.993140781108082,False,-623.1211547851562,-321.08160400390625,-371.85284423828125,-325.1767272949219,-116.40985107421875,-328.6844482421875,-370.46128336588544,-324.9809265136719,0.8596180879708099,32.68496392588929,3,False,False,650.0825949654671
low_6p0s_rep3,507,16.89275495004541,16.026459824402057,False,-624.102783203125,-320.9753723144531,-372.8651123046875,-325.18450927734375,-117.56391143798828,-329.05792236328125,-371.5106023152669,-325.0726013183594,0.9141582901888334,33.05231653978332,3,False,False,650.0825949654671
low_6p0s_rep3,508,16.926073993339386,16.059778867696032,False,-625.53759765625,-320.81414794921875,-374.2951354980469,-325.2530517578125,-118.86454772949219,-329.27447509765625,-372.8990936279297,-325.1138916015625,0.9566247804571214,33.118972617764406,3,False,False,650.0825949654671
low_6p0s_rep3,509,16.95939303663336,16.093097910990007,False,-626.514404296875,-320.9662780761719,-375.25970458984375,-325.0861511230469,-120.03456115722656,-328.6920166015625,-373.93622334798175,-324.91481526692706,0.8739101665651573,30.860069653083816,3,False,False,650.0825949654671
low_6p0s_rep3,510,16.992712079927337,16.126416954283982,False,-627.6403198242188,-321.47479248046875,-376.3388977050781,-325.1901550292969,-121.07272338867188,-328.5440979003906,-375.01731363932294,-325.06968180338544,0.7995281904404202,28.142122849868112,3,False,False,650.0825949654671
low_6p0s_rep3,511,17.026031123221312,16.159735997577958,False,-628.4371948242188,-321.0997009277344,-377.21343994140625,-325.20013427734375,-121.93488311767578,-328.8139343261719,-375.8618392944336,-325.0379231770833,0.8725702426149367,27.01880803152579,3,False,False,650.0825949654671
low_6p0s_rep3,512,17.059350166515287,16.193055040871933,False,-629.0524291992188,-320.7954406738281,-377.6328430175781,-325.0162353515625,-122.49170684814453,-329.0099182128906,-376.39232635498047,-324.94053141276044,0.9290369830984241,26.464890146353415,3,False,False,650.0825949654671
low_6p0s_rep3,513,17.092669209809262,16.226374084165908,False,-630.1021728515625,-320.8330993652344,-378.6803283691406,-325.0904541015625,-123.39966583251953,-328.8248596191406,-377.39405568440753,-324.9161376953125,0.9035995763296356,27.385183664087847,3,False,False,650.0825949654671
low_6p0s_rep3,514,17.125988253103237,16.259693127459883,False,-631.0496215820312,-320.9603271484375,-379.7207336425781,-325.14117431640625,-124.56065368652344,-329.02874755859375,-378.44366963704425,-325.0434163411458,0.9126503587890824,31.11717602967591,3,False,False,650.0825949654671
low_6p0s_rep3,515,17.159307296397213,16.293012170753858,False,-631.9032592773438,-320.8564758300781,-380.67547607421875,-325.0741882324219,-125.40441131591797,-329.07000732421875,-379.32771555582684,-325.00022379557294,0.9290434656205232,33.1255901397613,3,False,False,650.0825949654671
low_6p0s_rep3,516,17.192626339691188,16.326331214047833,False,-633.194580078125,-320.9450378417969,-381.9703063964844,-325.1381530761719,-126.86286926269531,-329.0702209472656,-380.67591857910156,-325.05113728841144,0.9193553069532132,32.481278583281934,3,False,False,650.0825949654671
low_6p0s_rep3,517,17.225945382985163,16.35965025734181,False,-634.4635620117188,-320.94476318359375,-383.2170104980469,-325.1942443847656,-128.1580047607422,-329.0336608886719,-381.9461924235026,-325.05755615234375,0.9152976246250472,32.65400582989926,3,False,False,650.0825949654671
low_6p0s_rep3,518,17.259264426279138,16.392969300635784,False,-635.4879150390625,-320.8370056152344,-384.0879211425781,-325.0062561035156,-129.05612182617188,-328.9764404296875,-382.8773193359375,-324.9399007161458,0.9207856215273231,31.45088384891208,3,False,False,650.0825949654671
low_6p0s_rep3,519,17.292583469573113,16.42628834392976,False,-636.3101196289062,-320.94183349609375,-385.0259704589844,-325.0726013183594,-130.01248168945312,-329.0346984863281,-383.78285725911456,-325.01637776692706,0.9157607868788612,29.04896760894039,3,False,False,650.0825949654671
low_6p0s_rep3,520,17.32590251286709,16.459607387223734,False,-637.3951416015625,-320.8251647949219,-386.1755676269531,-325.03546142578125,-131.03488159179688,-328.8377685546875,-384.8685302734375,-324.8994649251302,0.9065681142993113,28.50132377576501,3,False,False,650.0825949654671
low_6p0s_rep3,521,17.359221556161064,16.49292643051771,False,-638.1445922851562,-320.8620300292969,-386.91558837890625,-324.899658203125,-131.78253173828125,-328.8083801269531,-385.61423746744794,-324.856689453125,0.8990700311902273,29.383736368841955,3,False,False,650.0825949654671
low_6p0s_rep3,522,17.39254059945504,16.526245473811684,False,-639.232666015625,-320.819580078125,-387.9298400878906,-324.9700012207031,-132.8976287841797,-328.740478515625,-386.68671162923175,-324.8433532714844,0.896238659060981,30.047350939317617,3,False,False,650.0825949654671
low_6p0s_rep3,523,17.425859642749014,16.55956451710566,False,-640.1986694335938,-320.9002380371094,-388.9273681640625,-324.8913879394531,-133.77346801757812,-328.5843505859375,-387.63316853841144,-324.7919921875,0.8692960670393353,30.676557448470113,3,False,False,650.0825949654671
low_6p0s_rep3,524,17.45917868604299,16.592883560399635,False,-641.3840942382812,-320.89068603515625,-390.05126953125,-324.81494140625,-135.0167999267578,-328.5737609863281,-388.817387898763,-324.7597961425781,0.8692780848566746,30.88665423107562,3,False,False,650.0825949654671
low_6p0s_rep3,525,17.492497729336964,16.62620260369361,False,-642.4408569335938,-320.8303527832031,-391.1687927246094,-324.7038879394531,-135.92681884765625,-328.21966552734375,-389.8454895019531,-324.5846354166667,0.8358038880316709,30.53863516184273,3,False,False,650.0825949654671
low_6p0s_rep3,526,17.52581677263094,16.659521646987585,False,-643.4673461914062,-320.8348388671875,-392.0391540527344,-324.7020568847656,-137.06874084472656,-328.0499572753906,-390.85841369628906,-324.52895100911456,0.8162894980797816,30.146758789957154,3,False,False,650.0825949654671
low_6p0s_rep3,527,17.559135815924915,16.69284069028156,False,-644.267822265625,-320.77215576171875,-393.0374755859375,-324.4875183105469,-137.89572143554688,-327.83807373046875,-391.7336730957031,-324.3659159342448,0.799453611079884,28.62744595972874,3,False,False,650.0825949654671
low_6p0s_rep3,528,17.59245485921889,16.726159733575535,False,-645.3004760742188,-320.74114990234375,-394.05609130859375,-324.4957275390625,-138.92759704589844,-327.8868713378906,-392.7613881429036,-324.3745829264323,0.8084803179789181,26.988910876202006,3,False,False,650.0825949654671
low_6p0s_rep3,529,17.625773902512865,16.75947877686951,False,-646.25390625,-320.7677917480469,-395.0187683105469,-324.3393249511719,-139.9286651611328,-327.46954345703125,-393.73377990722656,-324.1922200520833,0.7583261425070311,25.644477704589953,3,False,False,650.0825949654671
low_6p0s_rep3,530,17.65909294580684,16.792797820163486,False,-646.9579467773438,-320.8036804199219,-395.7744445800781,-324.23468017578125,-140.67007446289062,-327.4073486328125,-394.4674886067708,-324.14856974283856,0.7472840732022422,24.18987462234318,3,False,False,650.0825949654671
low_6p0s_rep3,531,17.692411989100815,16.82611686345746,False,-647.8335571289062,-320.73883056640625,-396.5216064453125,-324.1201477050781,-141.3314208984375,-327.32843017578125,-395.22886149088544,-324.0624694824219,0.7453768102360973,21.236124215197147,3,False,False,650.0825949654671
low_6p0s_rep3,532,17.72573103239479,16.859435906751436,False,-648.367919921875,-321.1251220703125,-397.30914306640625,-324.0526428222656,-142.0460968017578,-326.5727233886719,-395.907719930013,-323.9168294270833,0.6164311052428477,18.393917598684585,3,False,False,650.0825949654671
low_6p0s_rep3,533,17.759050075688766,16.89275495004541,False,-649.2183837890625,-321.40325927734375,-397.93408203125,-324.1014709472656,-142.7890625,-326.6286315917969,-396.6471761067708,-324.04445393880206,0.591160786761262,18.440675314671758,3,False,False,650.0825949654671
low_6p0s_rep3,534,17.79236911898274,16.926073993339386,False,-649.4979858398438,-321.37713623046875,-398.2328796386719,-324.06146240234375,-143.04013061523438,-326.5570373535156,-396.9236653645833,-323.99854532877606,0.5859838517492609,22.41850060818913,3,False,False,650.0825949654671
low_6p0s_rep3,535,17.825688162276716,16.95939303663336,False,-649.9793701171875,-321.4081726074219,-398.6462707519531,-324.06549072265625,-143.59320068359375,-326.4447937011719,-397.4062805175781,-323.9728190104167,0.5698568279256411,32.454663474622734,3,False,False,650.0825949654671
low_6p0s_rep3,536,17.85900720557069,16.992712079927337,False,-650.9494018554688,-321.527587890625,-399.781005859375,-324.1450500488281,-144.57257080078125,-326.2884826660156,-398.434326171875,-323.98704020182294,0.5386722368831378,47.632541708904135,3,False,False,650.0825949654671
low_6p0s_rep3,537,17.892326248864666,17.026031123221312,False,-652.6969604492188,-321.69525146484375,-401.5230712890625,-324.2499084472656,-146.29562377929688,-326.4006652832031,-400.17188517252606,-324.1152750651042,0.5323694361468773,60.44264462120262,3,False,False,650.0825949654671
low_6p0s_rep3,538,17.92564529215864,17.059350166515287,False,-655.7024536132812,-321.3310852050781,-404.53326416015625,-324.2481994628906,-149.35406494140625,-326.9212341308594,-403.19659423828125,-324.1668395996094,0.6325268047792025,63.59151651895968,3,False,False,650.0825949654671
low_6p0s_rep3,539,17.958964335452617,17.092669209809262,False,-658.6848754882812,-321.6769714355469,-407.6449890136719,-324.07586669921875,-152.40499877929688,-326.1634826660156,-406.2449544270833,-323.97210693359375,0.5077259465594766,57.567342762033405,3,False,False,650.0825949654671
low_6p0s_rep3,540,17.992283378746592,17.125988253103237,False,-660.6650390625,-321.517333984375,-409.6077880859375,-323.9178771972656,-154.3988800048828,-326.0221862792969,-408.2239023844401,-323.8191324869792,0.5098152569914578,45.88634022940783,3,False,False,650.0825949654671
low_6p0s_rep3,541,18.025602422040567,17.159307296397213,False,-661.24072265625,-321.4617004394531,-410.1647033691406,-323.8941345214844,-155.00894165039062,-326.05377197265625,-408.80478922526044,-323.80320231119794,0.5197206334555311,31.932711197439758,3,False,False,650.0825949654671
low_6p0s_rep3,542,18.058921465334542,17.192626339691188,False,-661.4795532226562,-321.5461120605469,-410.3455810546875,-324.0042724609375,-155.12179565429688,-326.1779479980469,-408.98230997721356,-323.90944417317706,0.5240904184329839,23.087000085329763,3,False,False,650.0825949654671
low_6p0s_rep3,543,18.092240508628517,17.225945382985163,False,-662.0830078125,-321.58502197265625,-411.0330505371094,-324.0070495605469,-155.90911865234375,-326.1705322265625,-409.67505900065106,-323.9208679199219,0.5190374358640036,20.8017796859892,3,False,False,650.0825949654671
low_6p0s_rep3,544,18.125559551922493,17.259264426279138,False,-662.8342895507812,-321.6271057128906,-411.7150573730469,-324.1182861328125,-156.6691436767578,-326.3223876953125,-410.4061635335286,-324.02259318033856,0.5314710576874174,23.772413551798103,3,False,False,650.0825949654671
low_6p0s_rep3,545,18.158878595216468,17.292583469573113,False,-664.1755981445312,-321.7121887207031,-413.1420593261719,-323.9283752441406,-157.94752502441406,-326.0619201660156,-411.75506083170575,-323.9008280436198,0.49229810436712373,28.379475885134514,3,False,False,650.0825949654671
low_6p0s_rep3,546,18.192197638510443,17.32590251286709,False,-664.6163940429688,-321.7320251464844,-413.60516357421875,-323.9725646972656,-158.39219665527344,-325.9576416015625,-412.204584757487,-323.8874104817708,0.4782552216429428,28.77129119568615,3,False,False,650.0825949654671
low_6p0s_rep3,547,18.225516681804418,17.359221556161064,False,-665.8662109375,-321.7082214355469,-414.87890625,-323.99700927734375,-159.7646484375,-326.07049560546875,-413.5032552083333,-323.9252421061198,0.49384101567247074,26.601522512313768,3,False,False,650.0825949654671
low_6p0s_rep3,548,18.258835725098393,17.39254059945504,False,-666.9033203125,-321.5345153808594,-416.0660705566406,-323.8851318359375,-160.86026000976562,-325.95782470703125,-414.60988362630206,-323.79249064127606,0.5008081751564484,25.834912737868546,3,False,False,650.0825949654671
low_6p0s_rep3,549,18.29215476839237,17.425859642749014,False,-667.3053588867188,-321.66204833984375,-416.5726318359375,-323.9078063964844,-161.29498291015625,-325.8424377441406,-415.0576578776042,-323.80409749348956,0.4733365796073197,25.777408227217755,3,False,False,650.0825949654671
low_6p0s_rep3,550,18.325473811686344,17.45917868604299,False,-668.3399047851562,-321.8388366699219,-417.36529541015625,-324.0164794921875,-162.19561767578125,-326.114501953125,-415.96693929036456,-323.9899393717448,0.48399587741020184,25.769409192554196,3,False,False,650.0825949654671
low_6p0s_rep3,551,18.35879285498032,17.492497729336964,False,-668.8485107421875,-321.91656494140625,-418.1437072753906,-324.1002197265625,-162.8097381591797,-325.9834289550781,-416.60065205891925,-324.0000712076823,0.4604570638022574,29.29960911686831,3,False,False,650.0825949654671
low_6p0s_rep3,552,18.392111898274294,17.52581677263094,False,-669.9299926757812,-321.9120788574219,-419.18768310546875,-324.056884765625,-163.97024536132812,-325.906494140625,-417.6959737141927,-323.95848592122394,0.45232527681757134,33.548974159638966,3,False,False,650.0825949654671
low_6p0s_rep3,553,18.42543094156827,17.559135815924915,False,-671.3458251953125,-321.7549133300781,-420.4385681152344,-323.957763671875,-165.2254638671875,-326.0011901855469,-419.00328572591144,-323.9046223958333,0.48069205042221436,37.02542484530001,3,False,False,650.0825949654671
low_6p0s_rep3,554,18.458749984862244,17.59245485921889,False,-672.8059692382812,-321.7049560546875,-421.9151916503906,-323.8901672363281,-166.55865478515625,-325.85357666015625,-420.4266052246094,-323.8162333170573,0.4695197860779,40.8060220322097,3,False,False,650.0825949654671
low_6p0s_rep3,555,18.49206902815622,17.625773902512865,False,-674.205810546875,-321.8128662109375,-423.2657165527344,-323.81475830078125,-167.85704040527344,-325.53265380859375,-421.77618916829425,-323.7200927734375,0.42090414490092276,41.82020498258406,3,False,False,650.0825949654671
low_6p0s_rep3,556,18.525388071450195,17.65909294580684,False,-675.5106201171875,-321.54901123046875,-424.6120300292969,-323.6081848144531,-169.2611083984375,-325.3750305175781,-423.12791951497394,-323.5107421875,0.4330089786339803,39.01097148606197,3,False,False,650.0825949654671
low_6p0s_rep3,557,18.55870711474417,17.692411989100815,False,-677.1640625,-321.4707336425781,-426.1131591796875,-323.4120788574219,-171.01742553710938,-325.1480407714844,-424.76488240559894,-323.34361775716144,0.41626369920492945,33.986921307512766,3,False,False,650.0825949654671
low_6p0s_rep3,558,18.592026158038145,17.72573103239479,False,-678.2552490234375,-321.5263366699219,-427.298828125,-323.355712890625,-172.05133056640625,-324.96844482421875,-425.86846923828125,-323.2834981282552,0.3895964118609227,28.959482224966074,3,False,False,650.0825949654671
low_6p0s_rep3,559,18.62534520133212,17.759050075688766,False,-678.8817749023438,-321.47344970703125,-427.9956970214844,-323.22552490234375,-172.80104064941406,-324.7826843261719,-426.55950419108075,-323.1605529785156,0.37464867157377707,23.7220684824792,3,False,False,650.0825949654671
low_6p0s_rep3,560,18.658664244626095,17.79236911898274,False,-679.3469848632812,-321.3917541503906,-428.4139099121094,-323.08099365234375,-173.14132690429688,-324.4863586425781,-426.9674072265625,-322.9863688151042,0.3502638998469382,15.0465963676521,3,False,False,650.0825949654671
low_6p0s_rep3,561,18.69198328792007,17.825688162276716,False,-679.9193115234375,-321.2645568847656,-429.01165771484375,-322.741943359375,-173.82620239257812,-324.0611572265625,-427.5857238769531,-322.68921915690106,0.31660530995625497,0.6765290424707356,3,False,False,650.0825949654671
low_6p0s_rep3,562,18.725302331214046,17.85900720557069,False,-680.5654296875,-321.1947021484375,-429.6664733886719,-322.7315979003906,-174.40122985839844,-323.8955993652344,-428.21104431152344,-322.6072998046875,0.30572794908440515,-12.031021360523079,3,False,False,650.0825949654671
low_6p0s_rep3,563,18.75862137450802,17.892326248864666,False,-679.8442993164062,-320.91546630859375,-428.8038635253906,-322.8563232421875,-173.65890502929688,-324.553466796875,-427.43568929036456,-322.77508544921875,0.4117828908812392,-13.84399340799958,3,False,False,650.0825949654671
low_6p0s_rep3,564,18.791940417801996,17.92564529215864,False,-677.6041259765625,-319.3824157714844,-426.5450439453125,-322.5630798339844,-171.50392150878906,-325.3206481933594,-425.2176971435547,-322.4220479329427,0.6722385020586489,-10.285873189028516,3,False,False,650.0825949654671
low_6p0s_rep3,565,18.82525946109597,17.958964335452617,False,-676.740966796875,-319.6458740234375,-425.6639099121094,-322.7679443359375,-170.4969024658203,-325.3688659667969,-424.30059305826825,-322.59422810872394,0.6476901956570801,-6.3394334208344985,3,False,False,650.0825949654671
low_6p0s_rep3,566,18.858578504389946,17.992283378746592,True,-678.0383911132812,-320.6023254394531,-427.0634765625,-323.71087646484375,-171.81768798828125,-326.46966552734375,-425.6398518880208,-323.5942891438802,0.6640557554626224,2.941828181816201,3,False,False,650.0825949654671
low_6p0s_rep3,567,18.89189754768392,18.025602422040567,True,-679.0725708007812,-321.12353515625,-428.16064453125,-324.18798828125,-172.95606994628906,-326.83026123046875,-426.7297617594401,-324.04726155598956,0.6460122573405105,15.809924095431887,3,False,False,650.0825949654671
low_6p0s_rep3,568,18.925216590977897,18.058921465334542,True,-679.2088012695312,-321.3287658691406,-428.2434387207031,-324.388916015625,-172.9619598388672,-326.8362731933594,-426.8047332763672,-324.1846516927083,0.6233016211857405,22.800775085412464,3,False,False,650.0825949654671
low_6p0s_rep3,569,18.958535634271872,18.092240508628517,True,-679.2490234375,-321.42926025390625,-428.25555419921875,-324.3139343261719,-172.98194885253906,-326.73162841796875,-426.82884216308594,-324.1582743326823,0.6000631382198447,22.83330551073634,3,False,False,650.0825949654671
low_6p0s_rep3,570,18.991854677565847,18.125559551922493,True,-680.2662353515625,-321.8349304199219,-429.3538818359375,-324.681884765625,-174.25137329101562,-326.828125,-427.95716349283856,-324.4483133951823,0.5653582772183281,23.43996512256071,3,False,False,650.0825949654671
low_6p0s_rep3,571,19.025173720859822,18.158878595216468,False,-681.9480590820312,-322.2650451660156,-430.99066162109375,-324.94671630859375,-175.8021240234375,-327.3031005859375,-429.5802815755208,-324.8382873535156,0.570289633656837,26.481567523014125,3,False,False,650.0825949654671
low_6p0s_rep3,572,19.058492764153797,18.192197638510443,False,-682.7487182617188,-322.2359313964844,-431.7449035644531,-324.99505615234375,-176.69789123535156,-327.4396057128906,-430.3971710205078,-324.89019775390625,0.5891464897786559,26.153439183110642,3,False,False,650.0825949654671
low_6p0s_rep3,573,19.091811807447773,18.225516681804418,False,-683.2601928710938,-322.0425109863281,-432.30499267578125,-324.8509521484375,-177.27670288085938,-327.33746337890625,-430.9472961425781,-324.74364217122394,0.5995597826464132,21.848508327020717,3,False,False,650.0825949654671
low_6p0s_rep3,574,19.125130850741748,18.258835725098393,False,-683.7560424804688,-322.00030517578125,-432.97344970703125,-324.8456726074219,-177.799560546875,-327.38568115234375,-431.5096842447917,-324.74388631184894,0.6098304374974758,20.12639554351728,3,False,False,650.0825949654671
low_6p0s_rep3,575,19.158449894035723,18.29215476839237,False,-684.2584838867188,-321.7511901855469,-433.48162841796875,-324.83929443359375,-178.2310791015625,-327.3172607421875,-431.9903971354167,-324.6359151204427,0.6302020158482717,20.545459474063602,3,False,False,650.0825949654671
low_6p0s_rep3,576,19.191768937329698,18.325473811686344,False,-685.0660400390625,-321.9001770019531,-434.2914733886719,-324.92352294921875,-179.12277221679688,-327.4015808105469,-432.82676188151044,-324.74176025390625,0.6229844683999458,20.52938507806842,3,False,False,650.0825949654671
low_6p0s_rep3,577,19.225087980623673,18.35879285498032,False,-686.0908203125,-321.92608642578125,-435.3185729980469,-324.9869384765625,-180.1604461669922,-327.4659729003906,-433.8566131591797,-324.7929992675781,0.627357923490592,20.362748699450524,3,False,False,650.0825949654671
low_6p0s_rep3,578,19.25840702391765,18.392111898274294,False,-686.48388671875,-321.96173095703125,-435.8337097167969,-324.9713439941406,-180.6826171875,-327.3313293457031,-434.3334045410156,-324.7548014322917,0.6082305187496067,19.283794939761425,3,False,False,650.0825949654671
low_6p0s_rep3,579,19.291726067211624,18.42543094156827,False,-687.135986328125,-321.9933776855469,-436.4600830078125,-324.84033203125,-181.2952423095703,-327.0820617675781,-434.9637705485026,-324.6385904947917,0.5763677399678384,17.955802532143938,3,False,False,650.0825949654671
low_6p0s_rep3,580,19.3250451105056,18.458749984862244,False,-687.401123046875,-321.64056396484375,-436.7892761230469,-324.78253173828125,-181.77255249023438,-327.34521484375,-435.32098388671875,-324.5894368489583,0.6464004818546923,18.01567316946128,3,False,False,650.0825949654671
low_6p0s_rep3,581,19.358364153799574,18.49206902815622,False,-687.9879760742188,-321.62017822265625,-437.435791015625,-324.8186950683594,-182.3402862548828,-327.1791076660156,-435.9213511149089,-324.53932698567706,0.6298661528918306,20.457439562089377,3,False,False,650.0825949654671
low_6p0s_rep3,582,19.39168319709355,18.525388071450195,False,-688.8947143554688,-321.49713134765625,-438.1610412597656,-324.81085205078125,-183.1784210205078,-327.5020446777344,-436.7447255452474,-324.6033426920573,0.6803024267620398,26.067709071134047,3,False,False,650.0825949654671
low_6p0s_rep3,583,19.425002240387524,18.55870711474417,False,-689.5304565429688,-321.50738525390625,-438.9275207519531,-324.94415283203125,-183.88584899902344,-327.64056396484375,-437.44794209798175,-324.69736735026044,0.6949308232567897,31.821762754806453,3,False,False,650.0825949654671
low_6p0s_rep3,584,19.4583212836815,18.592026158038145,False,-690.8189086914062,-321.79339599609375,-440.1871032714844,-325.08929443359375,-184.9903564453125,-327.762451171875,-438.6654561360677,-324.8817138671875,0.6760903356347653,33.63261292094876,3,False,False,650.0825949654671
low_6p0s_rep3,585,19.491640326975475,18.62534520133212,False,-692.4804077148438,-322.2639465332031,-441.797119140625,-325.3407287597656,-186.63690185546875,-327.85357666015625,-440.3048095703125,-325.1527506510417,0.6330993228990895,33.005222986462456,3,False,False,650.0825949654671
low_6p0s_rep3,586,19.52495937026945,18.658664244626095,False,-693.70654296875,-322.46026611328125,-443.00567626953125,-325.3629455566406,-187.90847778320312,-327.7938232421875,-441.5402323404948,-325.20567830403644,0.6041521478834206,30.626441359152,3,False,False,650.0825949654671
low_6p0s_rep3,587,19.558278413563425,18.69198328792007,False,-694.5198974609375,-322.53851318359375,-443.8426818847656,-325.3438720703125,-188.63314819335938,-327.5404357910156,-442.3319091796875,-325.1409403483073,0.5664898649848027,26.023561727148337,3,False,False,650.0825949654671
low_6p0s_rep3,588,19.5915974568574,18.725302331214046,False,-694.93701171875,-322.66766357421875,-444.4315490722656,-325.33038330078125,-189.2047882080078,-327.4473876953125,-442.8577829996745,-325.1484781901042,0.5414918273364816,22.571352390810326,3,False,False,650.0825949654671
low_6p0s_rep3,589,19.624916500151375,18.75862137450802,False,-695.5557861328125,-322.79180908203125,-444.9157409667969,-325.30938720703125,-189.90863037109375,-327.19805908203125,-443.4600524902344,-325.09975179036456,0.4992673956649254,22.19269579758782,3,False,False,650.0825949654671
low_6p0s_rep3,590,19.65823554344535,18.791940417801996,False,-696.34814453125,-323.0513916015625,-445.7056884765625,-325.31097412109375,-190.4892120361328,-326.9655456542969,-444.18101501464844,-325.1093037923177,0.44332523889357817,24.087291582374526,3,False,False,650.0825949654671
low_6p0s_rep3,591,19.691554586739326,18.82525946109597,False,-697.2574462890625,-323.3653869628906,-446.68048095703125,-325.3793640136719,-191.61582946777344,-326.7440490722656,-445.18458557128906,-325.1629333496094,0.3828407153609917,27.328228705435702,3,False,False,650.0825949654671
low_6p0s_rep3,592,19.7248736300333,18.858578504389946,False,-698.183349609375,-323.8325500488281,-447.4922180175781,-325.4984130859375,-192.57028198242188,-326.6240234375,-446.0819498697917,-325.3183288574219,0.3163249310975951,29.759935243400832,3,False,False,650.0825949654671
low_6p0s_rep3,593,19.758192673327276,18.89189754768392,False,-699.1893920898438,-324.2949523925781,-448.637939453125,-325.6761169433594,-193.57286071777344,-326.5304870605469,-447.1333974202474,-325.5005187988281,0.25332610554591495,29.74396770474026,3,False,False,650.0825949654671
low_6p0s_rep3,594,19.79151171662125,18.925216590977897,False,-700.2830200195312,-324.95050048828125,-449.7746276855469,-325.8728942871094,-194.8121795654297,-326.3368835449219,-448.2899424235026,-325.7200927734375,0.15714793493815754,28.120865873208725,3,False,False,650.0825949654671
low_6p0s_rep3,595,19.824830759915226,18.958535634271872,False,-701.3695068359375,-325.12896728515625,-450.6970520019531,-325.8058776855469,-195.73399353027344,-325.9770202636719,-449.266850789388,-325.6372884114583,0.0960965154398555,26.185664301765666,3,False,False,650.0825949654671
low_6p0s_rep3,596,19.8581498032092,18.991854677565847,False,-702.0960693359375,-324.81805419921875,-451.5699768066406,-325.8939514160156,-196.36141967773438,-326.21527099609375,-450.0091552734375,-325.6424255371094,0.15829333011144697,24.660459052874614,3,False,False,650.0825949654671
low_6p0s_rep3,597,19.891468846503177,19.025173720859822,False,-702.7027587890625,-324.4073181152344,-452.1140441894531,-325.73431396484375,-197.06414794921875,-326.43511962890625,-450.6269836425781,-325.5255839029948,0.22977645114345888,25.66670402991766,3,False,False,650.0825949654671
low_6p0s_rep3,598,19.92478788979715,19.058492764153797,False,-703.3359375,-324.1645202636719,-452.75836181640625,-325.69677734375,-197.84523010253906,-326.7829895019531,-451.31317647298175,-325.548095703125,0.29679258604121306,30.233786455264433,3,False,False,650.0825949654671
low_6p0s_rep3,599,19.958106933091127,19.091811807447773,False,-704.3272094726562,-324.0715026855469,-453.8235168457031,-325.8116455078125,-198.82965087890625,-327.09014892578125,-452.32679239908856,-325.6577657063802,0.3421453390267681,34.821416019273016,3,False,False,650.0825949654671
low_6p0s_rep3,600,19.991425976385102,19.125130850741748,False,-705.8092041015625,-323.904296875,-455.2517395019531,-325.9632263183594,-200.28475952148438,-327.4097595214844,-453.7819010416667,-325.75909423828125,0.3973002648882979,35.895576464294216,3,False,False,650.0825949654671
low_6p0s_rep3,601,20.024745019679077,19.158449894035723,False,-707.5139770507812,-323.535888671875,-457.08245849609375,-325.89642333984375,-202.10670471191406,-327.563720703125,-455.5677134195964,-325.66534423828125,0.4566077756118653,35.37432639244517,3,False,False,650.0825949654671
low_6p0s_rep3,602,20.058064062973052,19.191768937329698,False,-708.716552734375,-323.34588623046875,-458.0970458984375,-325.8593444824219,-203.1981658935547,-327.7257995605469,-456.67058817545575,-325.6436767578125,0.4964097761365566,34.13691847280441,3,False,False,650.0825949654671
low_6p0s_rep3,603,20.091383106267028,19.225087980623673,False,-709.1992797851562,-322.99627685546875,-458.6620788574219,-325.82647705078125,-203.82754516601562,-327.9542541503906,-457.22963460286456,-325.5923360188802,0.5620853746314154,33.078313402443726,3,False,False,650.0825949654671
low_6p0s_rep3,604,20.124702149561003,19.25840702391765,False,-710.2229614257812,-322.825439453125,-459.6646423339844,-325.80767822265625,-204.7025604248047,-328.1518249511719,-458.19672139485675,-325.59498087565106,0.6036712186523946,34.79821271261163,3,False,False,650.0825949654671
low_6p0s_rep3,605,20.158021192854978,19.291726067211624,False,-711.2483520507812,-322.467041015625,-460.77581787109375,-325.78143310546875,-205.8340301513672,-328.52032470703125,-459.28606669108075,-325.589599609375,0.6861915274094557,39.70162096186054,3,False,False,650.0825949654671
low_6p0s_rep3,606,20.191340236148953,19.3250451105056,False,-713.0762939453125,-322.1521301269531,-462.4866638183594,-325.7886962890625,-207.6918182373047,-328.74151611328125,-461.0849253336589,-325.56078084309894,0.747000814045227,43.63549736072389,3,False,False,650.0825949654671
low_6p0s_rep3,607,20.22465927944293,19.358364153799574,False,-714.6255493164062,-321.8937683105469,-464.2436828613281,-325.8134460449219,-209.3741912841797,-328.9879455566406,-462.747807820638,-325.56505330403644,0.8044307073534341,41.10467301345736,3,False,False,650.0825949654671
low_6p0s_rep3,608,20.257978322736903,19.39168319709355,False,-716.4281616210938,-321.6379699707031,-465.7854309082031,-325.7311096191406,-210.92825317382812,-329.11810302734375,-464.380615234375,-325.4957275390625,0.8477722148259657,31.395997342928965,3,False,False,650.0825949654671
low_6p0s_rep3,609,20.29129736603088,19.425002240387524,False,-717.5557861328125,-321.3236389160156,-466.97821044921875,-325.7064208984375,-212.2200164794922,-329.38037109375,-465.5846710205078,-325.4701436360677,0.9134078199271557,20.727422247343792,3,False,False,650.0825949654671
low_6p0s_rep3,610,20.324616409324854,19.4583212836815,False,-717.6885986328125,-320.9443664550781,-466.9687805175781,-325.6091003417969,-212.1240234375,-329.738525390625,-465.5938008626302,-325.4306640625,0.9965440731829426,14.860237178373353,3,False,False,650.0825949654671
low_6p0s_rep3,611,20.35793545261883,19.491640326975475,False,-717.351806640625,-320.5123291015625,-466.5962829589844,-325.6598205566406,-211.76602172851562,-330.1178894042969,-465.238037109375,-325.4300130208333,1.0884243137325258,15.465660298198422,3,False,False,650.0825949654671
low_6p0s_rep3,612,20.391254495912804,19.52495937026945,False,-717.614990234375,-320.493896484375,-466.85076904296875,-325.68560791015625,-212.036865234375,-330.2932434082031,-465.50087483723956,-325.4909159342448,1.1103940201229008,25.672718571248176,3,False,False,650.0825949654671
low_6p0s_rep3,613,20.42457353920678,19.558278413563425,False,-718.66064453125,-320.72357177734375,-467.92254638671875,-325.7074279785156,-213.1533203125,-329.85791015625,-466.57883707682294,-325.4296366373698,1.0352017919830157,39.67878402320195,3,False,False,650.0825949654671
low_6p0s_rep3,614,20.457892582500754,19.5915974568574,False,-720.6642456054688,-320.91326904296875,-469.9200439453125,-325.56817626953125,-215.03408813476562,-329.2249450683594,-468.5394592285156,-325.23546346028644,0.941757651095336,45.41088615754555,3,False,False,650.0825949654671
low_6p0s_rep3,615,20.49121162579473,19.624916500151375,False,-723.3486938476562,-321.2683410644531,-472.51348876953125,-325.38629150390625,-217.71656799316406,-328.6938781738281,-471.1929168701172,-325.1161702473958,0.8413653596805851,41.82516621591454,3,False,False,650.0825949654671
low_6p0s_rep3,616,20.524530669088705,19.65823554344535,False,-725.1380615234375,-321.4202575683594,-474.1061096191406,-325.1953430175781,-219.33436584472656,-328.1433410644531,-472.85951232910156,-324.9196472167969,0.7615239471767711,33.40613643568177,3,False,False,650.0825949654671
low_6p0s_rep3,617,20.55784971238268,19.691554586739326,False,-725.2481079101562,-321.4678955078125,-474.2900085449219,-325.17266845703125,-219.4915008544922,-327.898193359375,-473.00987243652344,-324.84625244140625,0.7284315664112381,20.05629713287269,3,False,False,650.0825949654671
low_6p0s_rep3,618,20.591168755676655,19.7248736300333,False,-725.2774658203125,-321.6070251464844,-474.24224853515625,-325.1613464355469,-219.49703979492188,-327.82904052734375,-473.0055847167969,-324.8658040364583,0.7048063177797412,6.71648715405917,3,False,False,650.0825949654671
low_6p0s_rep3,619,20.62448779897063,19.758192673327276,False,-725.42626953125,-321.6501770019531,-474.5134582519531,-325.1783142089844,-219.79022216796875,-327.68658447265625,-473.2433166503906,-324.83835856119794,0.6839786123151672,3.0200172191273973,3,False,False,650.0825949654671
low_6p0s_rep3,620,20.657806842264606,19.79151171662125,False,-725.4176635742188,-321.7054443359375,-474.4384460449219,-325.1216735839844,-219.6587677001953,-327.6056213378906,-473.171625773112,-324.8109130859375,0.6683815325759896,9.61842701988792,3,False,False,650.0825949654671
low_6p0s_rep3,621,20.69112588555858,19.824830759915226,False,-725.3819580078125,-321.7052307128906,-474.327880859375,-325.0392150878906,-219.64617919921875,-327.5754089355469,-473.11867268880206,-324.7732849121094,0.6650139221075232,19.669717831648722,3,False,False,650.0825949654671
low_6p0s_rep3,622,20.724444928852556,19.8581498032092,False,-725.8743286132812,-321.4488830566406,-475.0240173339844,-324.9007568359375,-220.3725128173828,-327.4999694824219,-473.7569529215495,-324.6165364583333,0.6858237585336895,29.87036466470203,3,False,False,650.0825949654671
low_6p0s_rep3,623,20.75776397214653,19.891468846503177,False,-727.5748291015625,-321.2471008300781,-476.7228088378906,-324.6184997558594,-222.09217834472656,-327.3368225097656,-475.46327209472656,-324.4008076985677,0.6902283812557672,38.839847099444185,3,False,False,650.0825949654671
low_6p0s_rep3,624,20.791083015440506,19.92478788979715,False,-729.4135131835938,-321.0020446777344,-478.6040954589844,-324.44720458984375,-224.0005645751953,-327.22735595703125,-477.3393910725911,-324.2255350748698,0.7056922996098886,43.63644381139187,3,False,False,650.0825949654671
low_6p0s_rep3,625,20.82440205873448,19.958106933091127,False,-731.013427734375,-320.8658142089844,-480.3500671386719,-324.4560852050781,-225.72071838378906,-327.4140625,-479.028071085612,-324.2453206380208,0.7424725945935372,40.756928720225076,3,False,False,650.0825949654671
low_6p0s_rep3,626,20.857721102028457,19.991425976385102,False,-731.9765625,-320.85205078125,-481.5873107910156,-324.4252014160156,-227.04600524902344,-327.20892333984375,-480.2032928466797,-324.1620585123698,0.7212927050968411,31.629984372193096,3,False,False,650.0825949654671
low_6p0s_rep3,627,20.89104014532243,20.024745019679077,False,-733.0670166015625,-321.1122131347656,-482.60052490234375,-324.34515380859375,-227.96719360351562,-326.71728515625,-481.2115783691406,-324.05821736653644,0.6357828190981125,24.060409330380075,3,False,False,650.0825949654671
low_6p0s_rep3,628,20.924359188616407,20.058064062973052,False,-733.5810546875,-321.2115478515625,-482.8826599121094,-324.3100891113281,-228.3016815185547,-326.49334716796875,-481.5884653727214,-324.00499471028644,0.5989039000205817,22.790928945416162,3,False,False,650.0825949654671
low_6p0s_rep3,629,20.957678231910382,20.091383106267028,False,-733.82275390625,-321.5906982421875,-483.009033203125,-324.56640625,-228.42723083496094,-326.59820556640625,-481.7530059814453,-324.25177001953125,0.5676735039383811,24.0785292810431,3,False,False,650.0825949654671
low_6p0s_rep3,630,20.990997275204357,20.124702149561003,False,-734.5897216796875,-321.70947265625,-483.93218994140625,-324.53265380859375,-229.37155151367188,-326.48480224609375,-482.6311543782552,-324.2423095703125,0.541544425415504,26.837249789577736,3,False,False,650.0825949654671
low_6p0s_rep3,631,21.024316318498332,20.158021192854978,False,-736.1966552734375,-321.52227783203125,-485.47021484375,-324.37896728515625,-230.9149169921875,-326.3810729980469,-484.1939290364583,-324.09410603841144,0.5509399118776991,33.34924253836442,3,False,False,650.0825949654671
low_6p0s_rep3,632,21.057635361792308,20.191340236148953,False,-737.1943359375,-321.52386474609375,-486.554931640625,-324.19964599609375,-231.9817657470703,-326.14910888671875,-485.2436777750651,-323.95753987630206,0.5245308225548049,37.716349097102594,3,False,False,650.0825949654671
low_6p0s_rep3,633,21.090954405086283,20.22465927944293,False,-738.6182861328125,-321.51800537109375,-487.7655944824219,-324.1138916015625,-233.1109619140625,-325.7562255859375,-486.49828084309894,-323.79604085286456,0.480361865720651,35.39220209777328,3,False,False,650.0825949654671
low_6p0s_rep3,634,21.124273448380258,20.257978322736903,False,-740.0070190429688,-321.102783203125,-489.16302490234375,-323.9534606933594,-234.69447326660156,-325.73394775390625,-487.954839070638,-323.5967305501302,0.5250982905825332,31.89274655478509,3,False,False,650.0825949654671
low_6p0s_rep3,635,21.157592491674233,20.29129736603088,False,-741.0396728515625,-321.2859191894531,-490.2581787109375,-323.9484558105469,-235.69029235839844,-325.72833251953125,-488.9960479736328,-323.65423583984375,0.503661403879735,30.83600385509043,3,False,False,650.0825949654671
low_6p0s_rep3,636,21.19091153496821,20.324616409324854,False,-741.6793823242188,-321.42138671875,-490.8868408203125,-323.9084777832031,-236.29791259765625,-325.8178405761719,-489.6213785807292,-323.7159016927083,0.4984193364690355,29.439378508827584,3,False,False,650.0825949654671
low_6p0s_rep3,637,21.224230578262183,20.35793545261883,False,-742.4223022460938,-321.528564453125,-491.75762939453125,-323.9840087890625,-237.1478271484375,-325.8690490722656,-490.4425862630208,-323.7938741048177,0.49217869677512066,27.256664822791024,3,False,False,650.0825949654671
low_6p0s_rep3,638,21.25754962155616,20.391254495912804,False,-743.8232421875,-321.5159606933594,-492.8030700683594,-323.97125244140625,-238.09458923339844,-325.5823974609375,-491.5736338297526,-323.6898701985677,0.4606910090293552,26.024034952480626,3,False,False,650.0825949654671
low_6p0s_rep3,639,21.290868664850134,20.42457353920678,False,-744.8434448242188,-321.56280517578125,-493.8545227050781,-323.8902587890625,-239.36724853515625,-325.5743713378906,-492.6884053548177,-323.6758117675781,0.4547018963532435,27.008038338863543,3,False,False,650.0825949654671
low_6p0s_rep3,640,21.32418770814411,20.457892582500754,False,-745.3997192382812,-321.44482421875,-494.62579345703125,-323.90631103515625,-240.0069122314453,-325.67388916015625,-493.3441416422526,-323.6750081380208,0.4794328564600057,28.158418593197876,3,False,False,650.0825949654671
low_6p0s_rep3,641,21.357506751438084,20.49121162579473,False,-746.059814453125,-321.4854431152344,-495.1580810546875,-323.9283752441406,-240.61483764648438,-325.6885070800781,-493.9442443847656,-323.7007751464844,0.4764361834428928,28.699620455707713,3,False,False,650.0825949654671
low_6p0s_rep3,642,21.39082579473206,20.524530669088705,False,-747.3106689453125,-321.6033935546875,-496.39508056640625,-323.8937072753906,-241.64987182617188,-325.48651123046875,-495.11854044596356,-323.6612040201823,0.4399824588818957,30.991664459044767,3,False,False,650.0825949654671
low_6p0s_rep3,643,21.424144838026034,20.55784971238268,False,-748.365234375,-321.6087646484375,-497.570068359375,-323.8681945800781,-242.90408325195312,-325.6005859375,-496.27979532877606,-323.69251505533856,0.4524774203294412,34.46139839804223,3,False,False,650.0825949654671
low_6p0s_rep3,644,21.45746388132001,20.591168755676655,False,-749.6729125976562,-321.61932373046875,-498.7057189941406,-323.7171630859375,-244.2554168701172,-325.41534423828125,-497.544682820638,-323.5839436848958,0.4303212025038297,35.86417567363759,3,False,False,650.0825949654671
low_6p0s_rep3,645,21.490782924613985,20.62448779897063,False,-750.8867797851562,-321.55108642578125,-500.0847473144531,-323.6744689941406,-245.47044372558594,-325.3016662597656,-498.8139902750651,-323.5090738932292,0.42517116178786846,35.34440633912019,3,False,False,650.0825949654671
low_6p0s_rep3,646,21.52410196790796,20.657806842264606,False,-751.96728515625,-321.5276794433594,-501.2887878417969,-323.5471496582031,-246.61373901367188,-325.2648620605469,-499.95660400390625,-323.4465637207031,0.42370512602748656,35.05120508187198,3,False,False,650.0825949654671
low_6p0s_rep3,647,21.557421011201935,20.69112588555858,False,-752.9737548828125,-321.4688720703125,-502.3526611328125,-323.5608215332031,-247.84092712402344,-325.10552978515625,-501.0557810465495,-323.37840779622394,0.4124886115051237,32.75766507586914,3,False,False,650.0825949654671
low_6p0s_rep3,648,21.59074005449591,20.724444928852556,False,-754.0469360351562,-321.3546142578125,-503.4517822265625,-323.2904052734375,-248.8582000732422,-324.8880615234375,-502.1189727783203,-323.1776936848958,0.40073798127435656,29.381706079510803,3,False,False,650.0825949654671
low_6p0s_rep3,649,21.624059097789885,20.75776397214653,False,-755.3775024414062,-321.1714782714844,-504.6546630859375,-323.17950439453125,-250.1205291748047,-324.8298645019531,-503.3842315673828,-323.06028238932294,0.4148511331236259,28.88721613698576,3,False,False,650.0825949654671
low_6p0s_rep3,650,21.65737814108386,20.791083015440506,False,-755.8200073242188,-321.1940612792969,-505.11761474609375,-323.04168701171875,-250.7293243408203,-324.77691650390625,-503.88898213704425,-323.0042215983073,0.40642016748668225,26.779714748261256,3,False,False,650.0825949654671
low_6p0s_rep3,651,21.690697184377836,20.82440205873448,False,-756.6981811523438,-320.73663330078125,-505.95159912109375,-322.7206115722656,-251.36416625976562,-324.2162170410156,-504.6713155110677,-322.5578206380208,0.3945159165090814,15.655988474144111,3,False,True,650.0825949654671
