frame,time_s,x_px,y_px,area_px2
0,0.0,965.045074518357,302.9883678662305,1375.5
1,0.03342480893592005,970.0809241413391,302.72115147022487,1349.0
2,0.0668496178718401,974.8892672468154,302.92218438642954,1321.5
3,0.10027442680776015,979.9145684579731,303.0100212952524,1330.5
4,0.1336992357436802,985.0292887029289,303.595917332319,1314.5
5,0.16712404467960024,989.7157703299557,304.5580670303975,1283.0
6,0.2005488536155203,994.1358835651725,305.2821998969603,1294.0
7,0.23397366255144034,1005.3962560386473,307.3824879227053,1380.0
8,0.2673984714873604,1009.8853227551389,309.0227190768121,1386.5
9,0.30082328042328044,1014.4652600945799,310.5587486358676,1374.5
10,0.3342480893592005,1019.3029425952724,312.40882778581766,1382.0
11,0.3676728982951205,1029.2933655839668,315.7146970744068,1447.0
12,0.4010977072310406,1033.9722615675164,318.9105288007554,1412.0
13,0.43452251616696064,1038.9082612872237,321.14097022094137,1388.0
14,0.4679473251028807,1043.9362796679527,323.8522155968666,1425.5
15,0.5013721340388008,1047.970511913187,326.58575135645196,1413.0
16,0.5347969429747208,1052.1216874628637,329.41105169340466,1402.5
17,0.5682217519106408,1055.81592039801,332.5040650406504,1373.5
18,0.6016465608465609,1063.6440617151059,337.6816170314556,1393.5
19,0.6350713697824809,1066.7705331412103,340.8220461095101,1388.0
20,0.668496178718401,1070.3888096935138,344.5327868852459,1403.0
21,0.701920987654321,1074.0016648828635,348.536805803306,1401.5
22,0.735345796590241,1076.7458556946929,352.5605247465712,1397.5
23,0.7687706055261612,1080.258697261288,356.62065136935604,1351.0
24,0.8021954144620812,1083.0419743968487,360.94251600196947,1354.0
25,0.8356202233980012,1085.4430444189893,364.3053328242332,1309.5
26,0.8690450323339213,1091.3642624593037,372.44828449787127,1331.0
27,0.9024698412698413,1094.0164145855317,376.8000937976316,1421.5
28,0.9358946502057613,1096.144681363691,381.237682206963,1383.5
29,0.9693194591416814,1098.440436756226,385.80088332719913,1358.5
30,1.0027442680776015,1099.9398613103776,390.5602582496413,1394.0
31,1.0361690770135215,1101.5428605972675,394.52133962036027,1378.5
32,1.0695938859494416,1103.3622294764841,398.85080401402485,1378.5
33,1.1030186948853615,1104.7522835221046,403.2507611740348,1368.5
34,1.1364435038212817,1106.0262762762763,408.1631631631631,1332.0
35,1.1698683127572016,1106.6750192752506,412.8409149318941,1297.0
36,1.2032931216931217,1107.6207032793363,417.064006321612,1265.5
37,1.236717930629042,1108.1749836280287,421.91512770137524,1272.5
38,1.2701427395649618,1109.042928273449,425.98869600322973,1238.5
39,1.303567548500882,1109.196175539964,430.3725409272252,1211.5
40,1.336992357436802,1108.6815360744763,436.3365658132919,1289.0
41,1.370417166372722,1108.9800353803384,442.15579984836995,1319.0
42,1.403841975308642,1108.9473067915692,446.9761904761905,1281.0
43,1.4372667842445621,1109.1352127381883,451.34494909945187,1277.0
44,1.470691593180482,1108.1909792767167,455.81457402140046,1230.5
45,1.5041164021164022,1107.8040248514314,460.97001620745544,1234.0
46,1.5375412110523223,1107.0038663352664,465.05343827671913,1207.0
47,1.5709660199882423,1105.9563837129053,470.4640441683919,1207.5
48,1.6043908289241624,1105.0584,475.34306666666663,1250.0
49,1.6378156378600823,1103.0823909531503,479.9717285945073,1238.0
50,1.6712404467960025,1102.0953757225434,485.0366088631984,1211.0
51,1.7046652557319224,1100.399764613574,488.636589512227,1274.5
52,1.7380900646678425,1098.4355537503384,493.4428648795017,1231.0
53,1.7715148736037625,1096.7864879501758,497.77349038721906,1231.0
54,1.8049396825396826,1094.5046891747052,502.0608252947481,1244.0
55,1.8383644914756028,1092.2606326422115,506.311004784689,1254.0
56,1.8717893004115227,1090.4230977525046,509.8023287300297,1231.0
57,1.9052141093474428,1088.6031942723391,513.642158887512,1210.5
58,1.9386389182833628,1085.6555692560626,518.4345800794629,1216.5
59,1.972063727219283,1082.797208538588,523.0236726874657,1218.0
60,2.005488536155203,1079.7558386411888,527.6986386911452,1334.5
61,2.0389133450911228,1076.4653899111277,531.4697709350356,1331.5
62,2.072338154027043,1073.6459336048376,534.7424410712082,1350.5
63,2.105762962962963,1069.9993852207056,538.363211607033,1355.5
64,2.139187771898883,1066.7695893172083,541.7004283194759,1323.0
65,2.1726125808348034,1062.7101225016117,545.4457769181173,1292.5
66,2.206037389770723,1059.4639570552147,547.9947597137015,1304.0
67,2.239462198706643,1055.5150462962963,551.440329218107,1296.0
68,2.2728870076425634,1051.019233268356,554.6868096166342,1282.5
69,2.3063118165784835,1047.1040921732222,557.4027281154813,1258.5
70,2.339736625514403,1042.4515488482923,559.992983849616,1259.0
71,2.3731614344503233,1038.4798102981028,562.690379403794,1230.0
72,2.4065862433862435,1034.1704427083332,564.5361979166667,1280.0
73,2.4400110523221636,1030.3377903835765,566.648568341437,1234.0
74,2.473435861258084,1026.3832116788321,568.6754528250877,1233.0
75,2.5068606701940035,1022.2058054753061,570.745494565965,1211.5
76,2.5402854791299236,1018.4921286789869,571.6132785763176,1217.5
77,2.573710288065844,1013.3283082077052,573.0475991066443,1194.0
78,2.607135097001764,1009.1137459807074,573.7024383708467,1244.0
79,2.6405599059376836,1004.0366614664587,575.0146905876235,1282.0
80,2.673984714873604,998.8653820946388,576.6040110106173,1271.5
81,2.707409523809524,993.7234848484848,577.6048850574712,1276.0
82,2.740834332745444,988.7343605952851,578.3382062425918,1265.5
83,2.7742591416813642,984.0276516714816,578.6976200302655,1211.5
84,2.807683950617284,979.8379689060047,579.5043503066609,1168.5
85,2.841108759553204,974.5139256458726,579.794706994329,1322.5
86,2.8745335684891242,969.9740672782873,579.2335168195718,1362.5
87,2.9079583774250444,965.0177580466149,578.805154766309,1351.5
88,2.941383186360964,960.6069518716578,579.1936592818946,1309.0
89,2.9748079952968842,956.0105396825396,578.4966349206348,1312.5
90,3.0082328042328044,950.6179450072359,577.7083936324168,1382.0
91,3.0416576131687245,946.9495361781076,576.6912801484231,1347.5
92,3.0750824221046447,941.6443853652361,575.5009494872769,1316.5
93,3.1085072310405644,937.5656680571356,574.2554670711667,1318.5
94,3.1419320399764845,933.0980694980695,572.6755469755469,1295.0
95,3.1753568489124047,928.8229702970297,571.5515511551155,1262.5
96,3.208781657848325,924.1643174105977,569.9182980944922,1277.0
97,3.2422064667842445,921.2421183800623,569.1872897196262,1337.5
98,3.2756312757201647,917.3968313373252,566.9537175648702,1336.0
99,3.309056084656085,913.8452981503038,565.5247704048635,1288.5
100,3.342480893592005,910.0303514376997,563.2836794462194,1252.0
101,3.375905702527925,905.2543051661994,560.5236951007876,1248.5
102,3.409330511463845,901.3049382716049,557.8877914951988,1215.0
103,3.442755320399765,897.3119066992134,555.6977217249797,1229.0
104,3.476180129335685,894.1508972267536,553.263458401305,1226.0
105,3.5096049382716052,891.2036284863253,550.0709450311399,1231.0
106,3.543029747207525,887.444631342865,547.1804037005887,1189.0
107,3.576454556143445,883.6680672268908,544.2001400560224,1190.0
108,3.6098793650793652,879.5163616195229,540.9432889628397,1202.0
109,3.6433041740152854,876.0466865332766,537.3214133673904,1174.5
110,3.6767289829512055,872.850291909925,533.7545176536001,1199.0
111,3.7101537918871252,869.876648986808,530.2415340677275,1225.5
112,3.7435786008230454,866.2191890806905,525.940853740131,1245.5
113,3.7770034097589655,863.2626721763085,522.5063360881543,1210.0
114,3.8104282186948857,860.5068587105624,518.417695473251,1215.0
115,3.8438530276308054,857.8911038784919,514.8746948738813,1229.0
116,3.8772778365667255,855.909379748584,511.2967260671363,1206.5
117,3.9107026455026457,853.8213936601032,507.2760787599497,1193.5
118,3.944127454438566,851.3976388888889,503.16180555555553,1200.0
119,3.977552263374486,849.4535996670828,498.35275350256615,1201.5
120,4.010977072310406,846.3581072711507,494.29629629629625,1345.5
121,4.044401881246326,845.0413456599896,489.5020544427324,1298.0
122,4.0778266901822455,843.0334581772782,484.789138576779,1335.0
123,4.111251499118166,841.8022763046373,479.76219881341564,1376.5
124,4.144676308054086,839.9907033639143,474.7624464831804,1362.5
125,4.178101116990006,839.0107251675806,469.43205362583785,1367.5
126,4.211525925925926,838.2952635599695,465.04099821746877,1309.0
127,4.244950734861846,836.912482432605,460.06273157020564,1304.5
128,4.278375543797766,836.6983455175067,455.1169680646402,1299.5
129,4.311800352733687,836.8804249255084,450.50395128902704,1286.5
130,4.345225161669607,836.3720512820512,444.70435897435897,1300.0
131,4.378649970605526,836.3322936972058,439.174269005848,1282.5
132,4.412074779541446,836.518173586858,434.0250937782951,1288.5
133,4.445499588477366,836.9104769351055,429.1369559551733,1279.0
134,4.478924397413286,837.3530423280423,424.3666666666667,1260.0
135,4.5123492063492066,838.0648335355169,419.63337377004984,1236.5
136,4.545774015285127,838.4664819213511,415.8120876220638,1263.0
137,4.579198824221047,838.6917989417988,411.3220899470899,1260.0
138,4.612623633156967,839.8047546788061,406.31550328780975,1318.0
139,4.646048442092887,841.2996788696211,401.4273603082852,1297.5
140,4.679473251028806,842.963759614131,396.86155651153695,1278.5
141,4.7128980599647265,844.6514539579968,391.9994614970382,1238.0
142,4.746322868900647,846.2455322455322,387.9301994301994,1287.0
143,4.779747677836567,848.2313268608414,383.47779935275076,1287.5
144,4.813172486772487,849.9331735889243,379.75372736954205,1252.0
145,4.846597295708407,851.7626666666666,375.7637333333333,1250.0
146,4.880022104644327,853.9442609413708,371.22598403523256,1211.0
147,4.913446913580247,856.5619922759355,366.96084698361966,1251.5
148,4.946871722516168,859.0807322533911,363.0865270644014,1265.5
149,4.980296531452087,861.8771371769384,359.1897945659377,1257.5
150,5.013721340388007,866.0642146151978,355.5478271425103,1373.0
151,5.047146149323927,868.1113090995485,351.89403658826325,1403.0
152,5.080570958259847,871.0496039000609,348.866422912858,1367.5
153,5.113995767195767,874.90483234714,345.39977810650885,1352.0
154,5.147420576131688,878.4341957255343,342.0368703912011,1333.5
155,5.180845385067608,881.7621371371371,338.2591341341341,1332.0
156,5.214270194003528,884.999872530274,335.3988527724665,1307.5
157,5.247695002939448,888.2227232869848,332.55217336840786,1330.5
158,5.281119811875367,891.3646601941748,330.18485436893206,1287.5
159,5.314544620811287,894.9495896834701,327.2123225218184,1279.5
160,5.347969429747208,899.110853013292,324.7850045167118,1291.5
161,5.381394238683128,903.8635018654315,322.1929756850637,1295.5
162,5.414819047619048,908.0788530465949,319.22055811571937,1302.0
163,5.448243856554968,911.8518518518518,316.8430634023854,1327.5
164,5.481668665490888,915.7672576386269,315.0717968062366,1325.5
165,5.515093474426808,920.1797876235811,313.28780666422557,1365.5
166,5.5485182833627285,924.8966789667896,311.3079950799508,1355.0
167,5.581943092298648,929.1742075664621,310.0996932515337,1304.0
168,5.615367901234568,934.3236233550529,307.9741918998339,1304.5
169,5.648792710170488,939.004377736085,306.54834271419634,1332.5
170,5.682217519106408,944.3559701492537,304.99875621890544,1340.0
171,5.715642328042328,948.9511677282377,304.33096040964153,1334.5
172,5.7490671369782484,954.2290318487501,303.20187793427226,1313.5
173,5.782491945914169,958.7822327044025,302.7856394129979,1272.0
174,5.815916754850089,963.2210857592447,302.26685024914764,1271.0
175,5.849341563786009,968.2326604554864,301.4412525879917,1288.0
176,5.882766372721928,972.6044307849916,301.6579587655269,1301.5
177,5.916191181657848,977.7424650506605,301.83711683981016,1299.5
178,5.9496159905937684,982.3288025889967,301.53734627831716,1287.5
179,5.983040799529689,987.2495410437974,302.2625229478101,1271.0
180,6.016465608465609,992.6003821808192,303.5958437835901,1395.5
181,6.049890417401529,997.4219533064417,304.2756386749786,1363.5
182,6.083315226337449,1001.4828172434728,304.7695203400121,1372.5
183,6.116740035273369,1006.7623323754788,305.85907567049804,1392.0
184,6.150164844209289,1011.8269090909091,306.81466666666665,1375.0
185,6.183589653145209,1016.592868679339,308.28823456329974,1341.5
186,6.217014462081129,1021.9759950248756,309.2904228855721,1340.0
187,6.250439271017049,1026.5312578144535,311.1580395098774,1333.0
188,6.283864079952969,1031.3978984681605,313.72604127104694,1316.5
189,6.317288888888889,1035.2587420933285,315.31519274376416,1396.5
190,6.350713697824809,1040.016654330126,318.14914877868245,1351.0
191,6.3841385067607295,1045.1293676701728,320.7253052835207,1378.5
192,6.41756331569665,1049.7679871652474,323.48809083055653,1350.5
193,6.45098812463257,1053.602986548192,326.0440577563865,1350.5
194,6.484412933568489,1057.6001483679524,328.56379821958456,1348.0
195,6.517837742504409,1061.6779555886367,331.29462845800765,1343.5
196,6.551262551440329,1064.8483382936506,334.3497023809524,1344.0
197,6.5846873603762495,1068.5510958205912,337.6047400611621,1308.0
198,6.61811216931217,1071.7716217973727,340.7368968656522,1281.5
199,6.65153697824809,1075.6634768740032,344.7391015417331,1254.0
200,6.68496178718401,1079.3619456366237,348.14241123683183,1281.5
201,6.71838659611993,1082.4989533308706,352.90961704223616,1353.5
202,6.75181140505585,1085.2370093457944,356.54679127725854,1337.5
203,6.7852362139917695,1088.5554740061161,360.20318042813454,1362.5
204,6.81866102292769,1091.4093893224328,364.0082992691688,1345.5
205,6.85208583186361,1094.0305844477464,368.0288509162952,1346.0
206,6.88551064079953,1096.5879454131918,372.19888804649986,1319.0
207,6.91893544973545,1098.5345936213992,376.86715534979425,1296.0
208,6.95236025867137,1100.7367613200306,381.4011256075722,1303.0
209,6.98578506760729,1103.0620741862226,385.8222306333585,1321.0
210,7.0192098765432105,1104.527924750147,390.3452087007642,1417.5
211,7.052634685479131,1106.0757293606455,394.17206703910614,1342.5
212,7.08605949441505,1108.2380590396554,398.0405422526289,1315.5
213,7.11948430335097,1109.4447983014861,403.4164897381458,1413.0
214,7.15290911228689,1110.2185712547157,408.239625167336,1369.5
215,7.18633392122281,1111.6807391091531,413.01541850220264,1362.0
216,7.2197587301587305,1112.2369034474298,416.9265120844068,1358.5
217,7.253183539094651,1113.2603745868528,420.90525156077854,1361.5
218,7.286608348030571,1113.6299183370452,425.4510022271715,1347.0
219,7.320033156966491,1114.0048798798798,429.7054554554554,1332.0
220,7.353457965902411,1114.7786905650983,434.4896689071446,1339.0
221,7.38688277483833,1114.5898611641828,440.0396127881798,1308.5
222,7.4203075837742505,1114.6905407149309,444.47425474254743,1291.5
223,7.453732392710171,1114.3438664097623,449.96788696210655,1297.5
224,7.487157201646091,1113.6936341242058,453.96680928302857,1285.5
225,7.520582010582011,1113.6098936306548,458.61104703319234,1300.5
226,7.554006819517931,1113.1726488592096,463.98233166388417,1198.0
227,7.587431628453851,1111.8013708210938,468.355993845293,1191.5
228,7.620856437389771,1110.819587628866,472.6379857256146,1261.0
229,7.6542812463256915,1109.413145539906,477.4250838363514,1242.5
230,7.687706055261611,1107.924279499728,482.57504078303424,1226.0
231,7.721130864197531,1106.2599667774086,486.9491971207087,1204.0
232,7.754555673133451,1104.3623309633347,491.9375435661508,1195.5
233,7.787980482069371,1103.02533949321,496.17807643847124,1190.5
234,7.821405291005291,1100.8461983232146,500.21812662619254,1153.0
235,7.8548300999412115,1099.274888984386,504.7590603065463,1163.5
236,7.888254908877132,1097.1122198120029,508.4796818510484,1152.5
237,7.921679717813052,1095.4172839506173,511.7031227305736,1147.5
238,7.955104526748972,1092.6640153188982,515.4583885697451,1131.5
239,7.988529335684891,1088.8922077922077,520.0747474747474,1155.0
240,8.021954144620812,1085.8285862921055,525.0863571335674,1281.5
241,8.055378953556732,1082.429539295393,528.9225178615422,1353.0
242,8.088803762492653,1079.7920175759796,532.7346515317954,1365.5
243,8.122228571428572,1076.3189567430024,536.5685750636131,1310.0
244,8.155653380364491,1072.818890593047,539.6794478527607,1304.0
245,8.189078189300412,1069.063311049941,543.0533490627867,1271.5
246,8.222502998236331,1065.047619047619,545.8221706026584,1291.5
247,8.255927807172252,1061.1275936405282,548.5506601994072,1237.0
248,8.289352616108172,1056.9513744992403,551.8870009669844,1206.5
249,8.322777425044093,1053.5575282135974,553.6933663638865,1211.0
250,8.356202233980012,1048.8348883234378,556.6767034209781,1179.0
251,8.389627042915933,1044.8636172891313,560.1446356133724,1191.5
252,8.423051851851852,1040.5065985525755,562.6212572725982,1174.5
253,8.456476660787771,1036.6088607594936,564.2063291139241,1185.0
254,8.489901469723693,1031.3911719939115,566.5343849453438,1204.5
255,8.523326278659612,1026.9087478096778,568.3588084647527,1236.5
256,8.556751087595533,1022.9971320557945,569.379481162821,1278.5
257,8.590175896531452,1018.7321382177188,571.085346843336,1283.0
258,8.623600705467373,1013.9551831644583,572.6808261886205,1283.0
259,8.657025514403292,1009.0615914307574,573.8121652639633,1307.0
260,8.690450323339213,1004.3780136268343,574.9684224318657,1272.0
261,8.723875132275133,999.620735965619,576.3031157668546,1241.0
262,8.757299941211052,994.5651521353526,577.0372492836676,1221.5
263,8.790724750146973,989.4952571810287,577.7402805611223,1247.5
264,8.824149559082892,986.2740469407134,578.6403473070139,1228.5
265,8.857574368018813,980.5610113107118,578.5626081170991,1252.5
266,8.890999176954733,975.8666136303367,578.1601697162556,1257.0
267,8.924423985890654,971.2769272092397,577.9865699704538,1241.0
268,8.957848794826573,966.0567612687813,577.2562604340568,1198.0
269,8.991273603762494,961.755212677231,576.9920767306088,1199.0
270,9.024698412698413,957.2945454545454,576.2471515151515,1375.0
271,9.058123221634332,952.5397335236735,575.8463002617178,1401.0
272,9.091548030570253,948.6039966891332,575.0145441645974,1409.5
273,9.124972839506173,943.0909418982317,573.76542764345,1385.5
274,9.158397648442094,938.9114373088685,572.6538226299693,1362.5
275,9.191822457378013,934.788926468746,571.3844419391206,1330.5
276,9.225247266313934,929.8095238095239,570.4866031746031,1312.5
277,9.258672075249853,925.8725263428423,568.7328450269854,1297.0
278,9.292096884185774,922.6376199616122,567.1088931541906,1302.5
279,9.325521693121694,918.6334097859327,565.0415392456676,1308.0
280,9.358946502057613,914.9803006739241,563.33411093831,1286.0
281,9.392371310993534,910.2664169787764,560.6083645443196,1335.0
282,9.425796119929453,906.5640240010213,558.1200051066003,1305.5
283,9.459220928865374,902.0935426237876,555.2549770290965,1306.0
284,9.492645737801293,898.5619526017515,552.3538124678,1294.0
285,9.526070546737214,894.2933643771828,549.7803647652308,1288.5
286,9.559495355673134,891.0242705912729,547.058223599277,1291.0
287,9.592920164609055,887.5115337919871,544.0144341022527,1235.5
288,9.626344973544974,883.9675281643471,540.3040424121934,1257.5
289,9.659769782480893,880.1549600757883,536.9063472729733,1231.5
290,9.693194591416814,876.3868924686768,533.0653999724632,1210.5
291,9.726619400352734,873.3890001334934,530.2209317848084,1248.5
292,9.760044209288655,869.2614479406496,526.195318495779,1303.0
293,9.793469018224574,866.5630089181853,523.1243375985523,1289.5
294,9.826893827160495,865.4720092024539,518.7554959100204,1304.0
295,9.860318636096414,862.2252152521525,515.2457564575645,1355.0
296,9.893743445032335,860.104931540046,511.31079607415484,1375.5
297,9.927168253968254,857.9378927911275,507.38607516943927,1352.5
298,9.960593062904174,855.9815418023887,503.02569670647847,1381.5
299,9.994017871840095,853.8580734059876,498.56895903795566,1330.5
300,10.027442680776014,852.3748148148148,494.2527160493827,1350.0
301,10.060867489711935,849.9312072336264,488.82636852394916,1364.0
302,10.094292298647854,848.2984319676276,484.77250885179564,1318.0
303,10.127717107583775,846.5845752608047,480.2277694982613,1342.0
304,10.161141916519695,845.3003162555343,475.40923466160655,1317.5
305,10.194566725455616,843.9386973180076,470.50401680879986,1348.5
306,10.227991534391535,842.7896870644875,465.2644115038641,1315.5
307,10.261416343327454,841.6462098393573,460.90110441767064,1328.0
308,10.294841152263375,841.5342832785287,455.8352210449397,1368.5
309,10.328265961199294,840.980709006639,451.27996993611424,1330.5
310,10.361690770135215,841.1134304844427,445.7307338847315,1269.5
311,10.395115579071135,840.4910325390724,440.70138355111453,1301.0
312,10.428540388007056,840.7125603864733,435.18204932621404,1311.0
313,10.461965196942975,841.0896030245747,430.33005671077507,1322.5
314,10.495390005878896,841.0843742346314,426.30443301493995,1361.0
315,10.528814814814815,842.3270873167621,421.31064372211597,1307.5
316,10.562239623750735,842.2071209330877,417.3319828115408,1357.5
317,10.595664432686656,843.1317335333082,412.681664791901,1333.5
318,10.629089241622575,844.3487217671878,407.7846860263092,1343.0
319,10.662514050558496,845.4634273772205,403.07236154649945,1276.0
320,10.695938859494415,847.2061829000128,398.70366058724613,1288.5
321,10.729363668430336,848.7425578126995,393.71496103232397,1304.5
322,10.762788477366255,850.4673681573342,389.061380433421,1330.5
323,10.796213286302176,852.219169246646,385.0415376676986,1292.0
324,10.829638095238096,854.2138581072475,380.9373328238441,1308.5
325,10.863062904174015,856.041948409717,377.1938392186326,1331.0
326,10.896487713109936,859.0944971537002,372.2292220113852,1317.5
327,10.929912522045855,861.5039667548168,368.21470847500314,1323.5
328,10.963337330981776,864.4579764121663,363.82594661700807,1342.5
329,10.996762139917696,866.9548411787217,360.11264191861204,1306.5
330,11.030186948853617,869.3472377405337,356.664556176288,1342.5
331,11.063611757789536,871.8335185871309,353.40533530937387,1349.5
332,11.097036566725457,874.3884112149533,350.0935825545171,1337.5
333,11.130461375661376,877.8915052538295,346.12267375617165,1316.5
334,11.163886184597295,881.1628730399594,342.7800961052099,1318.0
335,11.197310993533216,884.8557385420655,339.07851397931825,1305.5
336,11.230735802469136,888.7082526152655,337.0473976494898,1290.5
337,11.264160611405057,892.091395793499,333.85455704270237,1307.5
338,11.297585420340976,894.92012345679,330.8027160493827,1350.0
339,11.331010229276897,898.1419984973704,328.3266967192587,1331.0
340,11.364435038212816,901.7906253885366,325.78341414894936,1340.5
341,11.397859847148737,906.2002723109294,322.7919296942691,1346.5
342,11.431284656084657,910.4316754584274,320.50263752825924,1327.0
343,11.464709465020576,914.7231680236862,318.59425117197134,1351.0
344,11.498134273956497,918.8178824721377,316.1477963525836,1316.0
345,11.531559082892416,922.7279174725983,314.60064474532555,1292.5
346,11.564983891828337,927.8607723577235,312.4846290650406,1312.0
347,11.598408700764256,931.6548672566372,310.77068103116585,1299.5
348,11.631833509700177,937.3485016648169,308.8571957084721,1351.5
349,11.665258318636097,941.8594347772429,307.5015426385289,1350.5
350,11.698683127572018,947.0738450345581,306.4590760276464,1374.5
351,11.732107936507937,952.0145507457257,305.0987025585061,1374.5
352,11.765532745443856,957.3725416510083,304.641112363773,1330.5
353,11.798957554379777,961.579947819605,304.20673375574603,1341.5
354,11.832382363315697,965.8803292787811,303.5594053323504,1356.5
355,11.865807172251618,970.6403738317757,302.9140186915888,1337.5
356,11.899231981187537,975.3244848944507,302.7939577803059,1318.5
357,11.932656790123458,979.9765329295988,302.52245773403985,1321.0
358,11.966081599059377,984.672256097561,302.23831300813004,1312.0
359,11.999506407995298,990.0037355248412,302.9724816336695,1338.5
360,12.032931216931217,995.2128074019965,304.55332359386415,1369.0
361,12.066356025867137,999.9249216678717,304.56917329476977,1383.0
362,12.099780834803058,1004.4250977517106,305.9932795698925,1364.0
363,12.133205643738977,1009.0846617074035,306.47880505372535,1411.5
364,12.166630452674898,1014.5051932367148,307.19432367149756,1380.0
365,12.200055261610817,1019.5382653061224,308.68294460641397,1372.0
366,12.233480070546738,1024.5691950653475,310.2302430682789,1364.5
367,12.266904879482658,1028.8156133828995,311.6800495662949,1345.0
368,12.300329688418579,1033.1412450396824,313.4688740079365,1344.0
369,12.333754497354498,1037.3006535947711,315.62770236299644,1326.0
370,12.367179306290417,1042.503800623053,317.68211838006226,1337.5
371,12.400604115226338,1047.577265973254,320.5096582466568,1346.0
372,12.434028924162257,1051.906671664168,322.67478760619684,1334.0
373,12.467453733098179,1056.3619762351468,325.43227016885555,1332.5
374,12.500878542034098,1060.258663674894,328.43792071802545,1337.0
375,12.534303350970019,1064.6627495577457,331.7442506949709,1319.0
376,12.567728159905938,1067.0117825921702,334.1194729507158,1315.5
377,12.601152968841859,1070.5870328567844,337.57863054928515,1329.0
378,12.634577777777778,1074.3258911084997,340.33594464029244,1276.5
379,12.668002586713698,1078.2520045819015,343.9196894488991,1309.5
380,12.701427395649619,1081.654372623574,347.9722433460076,1315.0
381,12.734852204585538,1084.7446646341464,351.75546239837394,1312.0
382,12.768277013521459,1088.3143002157085,355.7677959649791,1313.5
383,12.801701822457378,1090.9172559235826,359.8780548319067,1343.5
384,12.8351266313933,1093.4937420178799,363.1821200510855,1305.0
385,12.868551440329218,1096.0452254976065,367.5273368606702,1323.0
386,12.90197624926514,1099.326117230029,372.21711609064437,1316.5
387,12.935401058201059,1101.0595416043845,376.3086696562033,1338.0
388,12.968825867136978,1103.8898507088193,380.84054698281267,1328.5
389,13.002250676072899,1106.442365269461,385.54628243512974,1336.0
390,13.035675485008818,1108.0440138739384,390.1644540126779,1393.5
391,13.06910029394474,1109.5580024067388,393.66462093862816,1385.0
392,13.102525102880659,1110.6746371639304,397.88246490601944,1401.0
393,13.13594991181658,1112.385100559324,402.5721766035939,1400.5
394,13.169374720752499,1113.4638993710691,407.51584905660377,1325.0
395,13.20279952968842,1114.264709572199,411.89750345000624,1328.5
396,13.23622433862434,1115.3604854854855,416.5397897897898,1332.0
397,13.269649147560258,1116.076130153999,420.67809239940385,1342.0
398,13.30307395649618,1116.545830202855,425.1138241923366,1331.0
399,13.336498765432099,1116.5875685102142,428.924514200299,1338.0
400,13.36992357436802,1116.7687969924812,434.112030075188,1330.0
401,13.403348383303939,1117.1751022494886,438.9794222903885,1304.0
402,13.43677319223986,1116.8594393004114,444.08886316872423,1296.0
403,13.47019800117578,1116.6031369447737,449.6906550678792,1264.5
404,13.5036228101117,1116.6558612891067,453.85777107676836,1326.5
405,13.53704761904762,1116.2824704813804,458.4668483197093,1284.5
406,13.570472427983539,1115.1767373616112,463.0887021475256,1249.5
407,13.60389723691946,1115.0221610280619,467.3625753999475,1271.0
408,13.63732204585538,1114.2034380250743,472.751841799147,1289.5
409,13.6707468547913,1112.6435400516796,477.7338501291989,1290.0
410,13.70417166372722,1111.1590517812208,482.8299562971792,1258.5
411,13.73759647266314,1109.4780545670226,487.26914458942923,1264.5
412,13.77102128159906,1108.3415052062737,491.4050349281666,1264.5
413,13.80444609053498,1106.6901868548282,496.22357245524626,1275.5
414,13.8378708994709,1104.6902251724587,500.4629701939346,1280.5
415,13.87129570840682,1102.6306023781524,504.905919247354,1275.5
416,13.90472051734274,1100.911803364879,508.70741324921136,1268.0
417,13.93814532627866,1099.1555023923445,511.989500265816,1254.0
418,13.97157013521458,1096.8438768827766,515.6239685658153,1272.5
419,14.0049949441505,1093.5158359293873,520.1766614745586,1284.0
420,14.038419753086421,1090.267519804997,525.018281535649,1367.5
421,14.07184456202234,1086.5172078316916,529.7472941748753,1370.5
422,14.105269370958261,1083.406548933039,533.1114790286975,1359.0
423,14.13869417989418,1080.4488073394496,536.6251987767583,1362.5
424,14.1721189888301,1077.195243431702,540.3785331839123,1338.5
425,14.20554379776602,1073.8346957311535,543.8441676398079,1284.5
426,14.23896860670194,1069.6566811194325,547.0341610826434,1268.5
427,14.272393415637861,1066.061372777994,550.0129752173349,1284.5
428,14.30581822457378,1062.1936885141176,553.1052766066181,1304.5
429,14.339243033509701,1058.268237082067,555.3527102330294,1316.0
430,14.37266784244562,1053.0271464646464,558.3241161616161,1320.0
431,14.406092651381542,1048.882301107754,561.0008811681772,1324.0
432,14.439517460317461,1044.5875902992775,563.406346749226,1292.0
433,14.47294226925338,1040.3480010384214,565.7328660436137,1284.0
434,14.506367078189301,1035.8970685767342,568.0387319273112,1256.5
435,14.53979188712522,1031.3373587845733,570.2120503830671,1283.5
436,14.573216696061142,1026.9697554697555,571.662676962677,1295.0
437,14.60664150499706,1022.8746604578968,572.9326089768464,1288.5
438,14.640066313932982,1018.3696293446196,574.0339874310632,1299.5
439,14.673491122868901,1013.2179067865903,575.4264104660671,1223.0
440,14.706915931804822,1008.7734385272846,576.3733070348454,1267.5
441,14.740340740740741,1003.2988775776558,577.4427042547637,1277.0
442,14.77376554967666,998.7309651659093,578.2244251686631,1210.5
443,14.807190358612582,994.1427174975562,578.461946655495,1193.5
444,14.840615167548501,989.4305670816044,579.0585062240664,1205.0
445,14.874039976484422,984.6430855315747,579.2731148414601,1251.0
446,14.907464785420341,979.7444714131606,579.6231121898597,1236.0
447,14.940889594356262,974.9412319719638,579.5444129936649,1236.5
448,14.974314403292182,970.4567502021018,579.3556992724333,1237.0
449,15.007739212228103,965.6141215106733,578.8646688560482,1218.0
450,15.041164021164022,960.7901282051281,577.7947435897436,1300.0
451,15.074588830099941,956.0863877576205,577.6332222633592,1350.5
452,15.108013639035862,951.9131145479693,576.9388909845342,1325.5
453,15.141438447971781,946.6337340345605,575.2739794640621,1331.0
454,15.174863256907702,942.4465122167362,573.9755665274084,1316.5
455,15.208288065843622,938.0764883195177,572.861718161266,1327.0
456,15.241712874779543,933.9914860681115,571.1974974200206,1292.0
457,15.275137683715462,929.9361785434612,569.6769772905246,1277.0
458,15.308562492651383,925.4323144104803,568.1078470292443,1259.5
459,15.341987301587302,922.3069761342773,566.6456858116968,1271.0
460,15.375412110523222,918.6035353535353,565.0093035619351,1254.0
461,15.408836919459143,914.1282156540776,562.5314723590585,1218.0
462,15.442261728395062,909.4974626068375,559.834001068376,1248.0
463,15.475686537330983,905.5948368111289,557.0874799357946,1246.0
464,15.509111346266902,901.7788752798629,554.2803898327406,1265.5
465,15.542536155202823,897.8012170385396,551.3687626774848,1232.5
466,15.575960964138742,894.209398186315,548.6644682605112,1213.0
467,15.609385773074663,891.471483942414,546.3491140642303,1204.0
468,15.642810582010583,887.3580905484885,542.1459444672411,1218.5
469,15.676235390946502,884.2013268345518,539.3639317627944,1231.0
470,15.709660199882423,880.2485649446002,535.8289947937525,1248.5
471,15.743085008818342,877.1131191432396,531.965327978581,1245.0
472,15.776509817754263,873.7264579989297,528.9657570893526,1246.0
473,15.809934626690183,870.8026386645125,525.2572697899839,1238.0
474,15.843359435626104,867.4023494860498,520.8896008543585,1248.5
475,15.876784244562023,864.7844733984798,517.364549402823,1228.0
476,15.910209053497944,862.4960901259111,513.8145791915175,1257.5
477,15.943633862433863,860.7875882274602,509.7634838194167,1251.5
478,15.977058671369782,858.794750032977,505.5399023875478,1263.5
479,16.0104834803057,856.8689345991561,501.42470991561174,1264.0
480,16.043908289241624,854.497756170531,496.773373223635,1337.0
481,16.077333098177544,852.0219972503437,492.17547806524186,1333.5
482,16.110757907113463,850.0265810027713,487.3673469387755,1323.0
483,16.144182716049382,848.6516403706486,482.89644377660903,1331.0
484,16.177607524985305,847.5696498054475,478.0998702983138,1285.0
485,16.211032333921224,846.4345746056373,472.8364365140936,1289.0
486,16.244457142857144,845.3212851405622,467.7122684285529,1286.5
487,16.277881951793063,844.3832413974258,463.4876543209876,1269.0
488,16.311306760728982,843.5910091980826,458.4937168026946,1286.5
489,16.344731569664905,843.0796096558807,453.90035952747814,1298.0
490,16.378156378600824,842.7310770038042,448.9577594123048,1270.5
491,16.411581187536743,842.8852544132917,444.1092938733125,1284.0
492,16.445005996472663,843.0339181286549,438.6723846653671,1282.5
493,16.478430805408586,843.1188529907874,433.397560659141,1284.5
494,16.511855614344505,843.2939123691353,428.5803282926198,1289.5
495,16.545280423280424,843.9530285858203,423.2995844352097,1323.5
496,16.578705232216343,845.0752977333846,419.1216545012165,1301.5
497,16.612130041152263,845.2585087035593,414.9423226812159,1283.0
498,16.645554850088185,846.5490502211813,410.34985688264373,1281.0
499,16.678979659024105,847.8157622739018,405.4784237726098,1290.0
500,16.712404467960024,849.0755798801146,400.9506124576492,1279.0
501,16.745829276895943,850.8605532398636,396.3265125678919,1319.5
502,16.779254085831866,852.7862790104564,392.12241775057385,1307.0
503,16.812678894767785,854.4032856385797,387.93759936406997,1258.0
504,16.846103703703704,856.2207624935598,383.3659196290572,1294.0
505,16.879528512639624,857.7460377836945,379.50640294154937,1314.5
506,16.912953321575543,860.3274472168906,374.7573896353167,1302.5
507,16.946378130511466,862.7733588272785,370.53626513702994,1307.5
508,16.979802939447385,865.6230420711973,366.393786407767,1287.5
509,17.013227748383304,868.6037735849056,362.22667714884693,1272.0
510,17.046652557319224,871.7628081042714,359.2477739063105,1291.5
511,17.080077366255146,874.556218163747,355.6392098397316,1341.5
512,17.113502175191066,876.4729281767956,352.4870472682627,1357.5
513,17.146926984126985,879.9234642497481,349.01573514602217,1324.0
514,17.180351793062904,883.0591237241722,344.94834453572315,1339.0
515,17.213776601998823,886.8444614015006,341.54800966552204,1310.5
516,17.247201410934746,890.2874175545408,338.07039573820396,1314.0
517,17.280626219870665,894.1001972386588,335.53740959894805,1267.5
518,17.314051028806585,897.5269240872077,332.6893879695298,1269.0
519,17.347475837742504,900.4321179208689,330.14662529092317,1289.0
520,17.380900646678427,903.4930221069532,328.0093861924169,1349.5
521,17.414325455614346,909.0082146065972,324.82441278398153,1298.5
522,17.447750264550265,913.1353965183753,322.29813023855576,1292.5
523,17.481175073486185,917.1769594680986,319.45582406341896,1303.5
524,17.514599882422104,921.2231133795115,317.08810305018835,1371.5
525,17.548024691358027,925.0477901545095,315.22266139657444,1391.5
526,17.581449500293946,929.4338979063749,313.4357798165138,1417.0
527,17.614874309229865,933.7025977178926,312.10439427045395,1373.0
528,17.648299118165784,938.4405120481928,310.26443273092366,1328.0
529,17.681723927101707,943.3785588309397,308.39896699420507,1323.0
530,17.715148736037627,948.806570268899,306.7380771182141,1314.0
531,17.748573544973546,953.7449584816133,305.87017266376694,1264.5
532,17.781998353909465,957.9578662543487,304.69926555856205,1293.5
533,17.815423162845384,962.6660251475492,304.1406209905055,1299.0
534,17.848847971781307,967.1726646248086,303.3999489535477,1306.0
535,17.882272780717226,972.2704061895552,302.8001289490651,1292.5
536,17.915697589653146,977.6276773117864,302.5711170963191,1299.5
537,17.949122398589065,982.3731111972104,302.3157690817513,1290.5
538,17.982547207524988,986.9563631626936,302.57926273283834,1279.5
539,18.015972016460907,991.3220858895705,302.868481595092,1304.0
540,18.049396825396826,996.4373013069587,303.54185800070644,1415.5
541,18.082821634332745,1001.196964430541,304.09199397520564,1438.5
542,18.116246443268665,1006.0065005417118,304.81124352955334,1384.5
543,18.149671252204588,1010.2705508733357,305.248076218395,1364.5
544,18.183096061140507,1016.1691140479686,307.09385707293194,1362.0
545,18.216520870076426,1020.4597109968159,308.4986529512613,1361.0
546,18.249945679012345,1025.1695099818512,309.5744706594071,1377.5
547,18.283370487948268,1030.0734859675038,310.9572870507139,1354.0
548,18.316795296884187,1034.4260216642047,312.8501969473166,1354.0
549,18.350220105820107,1038.8894595255563,314.7282954267547,1363.0
550,18.383644914756026,1043.6309786607799,316.93340691685063,1359.0
551,18.417069723691945,1048.790866568193,319.06142294436233,1354.0
552,18.450494532627868,1053.357821637427,322.2730263157895,1368.0
553,18.483919341563787,1057.9598108747043,325.00584795321635,1339.5
554,18.517344150499707,1061.5069524174,327.62354892205633,1306.5
555,18.550768959435626,1065.2843849585722,330.3848311026131,1307.5
556,18.58419376837155,1068.656791998987,333.1830611469806,1316.5
557,18.617618577307468,1072.3573736590408,336.0595838180173,1289.5
558,18.651043386243387,1075.8186889818687,339.4331177887663,1314.5
559,18.684468195179306,1079.498353746872,343.0187014355327,1265.5
560,18.717893004115226,1082.6314215112498,346.26245285472754,1281.5
561,18.75131781305115,1086.1984502232729,350.17310218019435,1269.0
562,18.784742621987068,1090.2386114337332,354.2335785262614,1291.5
563,18.818167430922987,1092.9480436991869,358.1700965447154,1312.0
564,18.851592239858906,1095.7027927235458,361.94593902126564,1301.0
565,18.88501704879483,1097.902204928664,365.63164721141374,1285.0
566,18.91844185773075,1100.4031694869727,370.6032769272092,1241.0
567,18.951866666666668,1103.3966823406477,373.8449582027168,1276.0
568,18.985291475602587,1105.846729708432,378.66929340688205,1269.0
569,19.018716284538506,1108.194357366771,383.3433908045977,1276.0
570,19.05214109347443,1109.7106213422985,387.9819449632673,1338.5
571,19.085565902410348,1111.1209829867676,392.41272841839947,1322.5
572,19.118990711346267,1112.7165192874536,396.28219915417145,1300.5
573,19.152415520282187,1114.4283246977545,401.547989143844,1351.0
574,19.18584032921811,1116.1470660749505,406.17085798816566,1352.0
575,19.21926513815403,1116.9959626545544,410.8920010093363,1321.0
576,19.252689947089948,1117.8007692307692,415.1123076923077,1300.0
577,19.286114756025867,1118.7825195437651,419.6275791362296,1300.5
578,19.319539564961786,1119.2568994022636,423.71677476790023,1310.5
579,19.35296437389771,1119.5243902439024,427.85530995934954,1312.0
580,19.38638918283363,1120.430051166854,432.78572319980026,1335.5
581,19.419813991769548,1120.4422857142856,438.26806349206345,1312.5
582,19.453238800705467,1120.4237875288684,443.4345650500385,1299.0
583,19.48666360964139,1120.670044167316,448.3808781501688,1283.0
584,19.52008841857731,1120.3958333333333,453.09735082304525,1296.0
585,19.55351322751323,1119.653165552497,457.3848472932232,1271.5
586,19.586938036449148,1118.8836020448289,462.02202123476206,1271.5
587,19.620362845385067,1118.0630241090146,466.12028301886795,1272.0
588,19.65378765432099,1116.8288505285695,471.2534457379901,1245.5
589,19.68721246325691,1115.866218531699,476.1387900355872,1264.5
590,19.72063727219283,1114.5408731700998,481.5435937297577,1286.5
591,19.754062081128748,1113.163664239172,485.8764533026702,1304.5
592,19.78748689006467,1111.5025145067698,491.03339780786587,1292.5
593,19.82091169900059,1109.9163076119596,495.46716281498885,1276.5
594,19.85433650793651,1107.699018827897,499.9465658976398,1257.0
595,19.887761316872428,1105.3507692307692,504.2670512820512,1300.0
596,19.921186125808347,1103.4297447561282,508.18840030326004,1319.0
597,19.95461093474427,1101.9214267580603,511.4230769230769,1313.0
598,19.98803574368019,1099.5708855948308,515.189788420119,1315.5
599,20.02146055261611,1097.0058654686134,518.9273680269562,1335.5
600,20.054885361552028,1093.812732688012,524.1753536857781,1343.0
601,20.08831017048795,1090.4895131086141,528.7383270911361,1335.0
602,20.12173497942387,1087.1910353535352,532.7060606060606,1320.0
603,20.15515978835979,1083.890712570056,536.0708566853483,1249.0
604,20.18858459729571,1080.0591482649843,539.7430336487907,1268.0
605,20.222009406231628,1076.690037863951,542.8843191017104,1276.5
606,20.25543421516755,1072.6789722785666,546.1638945233266,1232.5
607,20.28885902410347,1069.2520193861067,549.035675821217,1238.0
608,20.32228383303939,1065.9867192636423,552.3559500328731,1267.5
609,20.35570864197531,1061.8010684661886,554.9931112048362,1185.5
610,20.38913345091123,1057.867088607595,558.2485232067511,1185.0
611,20.42255825984715,1052.8039215686274,560.6100067613252,1232.5
612,20.45598306878307,1048.5019735946644,562.9064924458963,1224.5
613,20.48940787771899,1044.1301145662849,564.7677304964539,1222.0
614,20.52283268665491,1039.1520223152022,566.8541143654114,1195.0
615,20.55625749559083,1034.657772304324,568.8507115489874,1218.0
616,20.58968230452675,1030.93819696359,570.7777777777777,1240.5
617,20.62310711346267,1026.6819215843702,571.8420982202596,1245.5
618,20.65653192239859,1021.7516821946168,573.2026397515529,1288.0
619,20.68995673133451,1017.032546351874,574.2875816993463,1249.5
620,20.72338154027043,1011.9934959349594,575.1326558265582,1230.0
621,20.75680634920635,1007.8186805834335,576.7429412551853,1245.5
622,20.79023115814227,1002.737239057239,577.1252525252526,1237.5
623,20.82365596707819,998.1378843288635,577.9558445076527,1230.5
624,20.85708077601411,993.1974122982525,578.6796051754035,1249.5
625,20.89050558495003,988.4924576158056,578.6821519156321,1248.5
626,20.92393039388595,983.5834366818243,579.4579027146203,1209.5
627,20.95735520282187,979.4731496939343,579.3604618809126,1198.0
628,20.990780011757792,974.341425980187,578.6880145109529,1194.5
629,21.02420482069371,969.8180915922301,578.8186587267828,1175.5
630,21.05762962962963,964.8271965001823,578.5314132944465,1371.5
631,21.09105443856555,960.5578383762918,577.7600547876976,1338.5
632,21.12447924750147,956.043685066967,577.1080235323569,1331.5
633,21.157904056437392,951.1223480411296,576.0257711831316,1280.5
634,21.19132886537331,946.6548463356974,574.2546624638823,1269.0
635,21.22475367430923,942.0197784810126,572.6116824894515,1264.0
636,21.25817848324515,937.7718050065876,571.6106719367589,1265.0
637,21.291603292181073,933.2399355877617,570.0016103059581,1242.0
638,21.32502810111699,929.2616279069767,568.6287375415283,1204.0
639,21.35845291005291,926.0411829740186,566.8753454947484,1206.0
640,21.39187771898883,922.8972431077694,565.0661375661375,1197.0
641,21.42530252792475,918.3346806790622,563.1623551603341,1237.0
642,21.458727336860672,913.4563428874733,560.4502388535032,1256.0
643,21.49215214579659,909.9589825542681,557.8674923425223,1251.5
644,21.52557695473251,906.5803787012326,555.0246537044096,1311.5
645,21.55900176366843,902.6326842306224,552.886852488227,1309.5
646,21.592426572604353,898.8715197956577,550.2194125159642,1305.0
647,21.625851381540272,895.370642912471,547.3223599277046,1291.0
648,21.65927619047619,891.4381408975895,544.5372220002663,1251.5
649,21.69270099941211,887.3802982731554,540.8999215070644,1274.0
650,21.72612580834803,883.8297455968689,536.7423352902804,1277.5
651,21.759550617283953,880.4184563321619,533.1530652089027,1280.5
652,21.792975426219872,877.7007679291943,529.1883378888455,1280.5
653,21.82640023515579,875.0002760524499,525.6292615596963,1207.5
654,21.85982504409171,872.3673383711167,521.5813042261404,1191.0
655,21.893249853027633,869.7842977451779,517.6840532464004,1227.0
656,21.926674661963553,867.4265043948612,513.5240027045301,1232.5
657,21.960099470899472,865.2041086812458,509.7457919151756,1257.5
658,21.99352427983539,862.8251431615394,505.6331069383406,1251.5
659,22.02694908877131,860.4581662657043,501.1422079657845,1247.0
660,22.060373897707233,858.3772893772893,497.93457117595045,1319.5
661,22.093798706643152,856.0764608106379,493.3947065592635,1303.5
662,22.12722351557907,854.0675855398379,487.8690605730867,1378.5
663,22.16064832451499,852.6983666061706,483.6394434361766,1377.5
664,22.194073133450914,850.9629907476868,478.34408602150535,1333.0
665,22.227497942386833,849.9336650082918,474.10549815027423,1306.5
666,22.260922751322752,849.2439149372277,468.80758390981293,1301.0
667,22.29434756025867,848.1859607533254,464.07072303437377,1265.5
668,22.32777236919459,847.4395061728394,458.9784275503573,1282.5
669,22.361197178130514,847.0066360387951,453.7797345584481,1306.0
670,22.394621987066433,846.7393939393938,448.9379754996776,1292.5
671,22.428046796002352,846.2614055153132,443.27017410090224,1311.5
672,22.46147160493827,846.054457953394,438.3596757852076,1316.0
673,22.494896413874194,846.2167246488854,433.3775286689859,1293.5
674,22.528321222810114,846.6667989943098,429.05319571258434,1259.5
675,22.561746031746033,847.4405339805825,423.39064185544765,1236.0
676,22.595170840681952,848.1212368887072,419.2392044680561,1223.5
677,22.62859564961787,848.91923178111,415.3384635622204,1267.0
678,22.662020458553794,850.4238020424195,410.5107357947106,1273.0
679,22.695445267489713,851.3843308230942,405.6872770511296,1261.5
680,22.728870076425633,852.6504359490274,401.16217303822935,1242.5
681,22.762294885361552,853.9718445268506,396.3347067710479,1213.5
682,22.795719694297475,855.3014211886305,391.5622739018088,1290.0
683,22.829144503233394,856.9824221274395,387.38283572444095,1289.5
684,22.862569312169313,858.7882143311696,383.30176912307496,1309.5
685,22.895994121105232,860.4356104464171,379.4231313521163,1295.5
686,22.92941893004115,862.8960644479662,374.8025620707871,1262.0
687,22.962843738977075,865.5750915750915,370.929748822606,1274.0
688,22.996268547912994,867.9937279498236,366.6768587482033,1275.5
689,23.029693356848913,870.8115276715123,362.8468502932925,1307.0
690,23.063118165784832,872.9896564462505,359.7251570003694,1353.5
691,23.096542974720755,875.7427929614377,356.1594908274055,1335.5
692,23.129967783656674,877.9151333082989,352.9745900613343,1331.5
693,23.163392592592594,881.546468401487,348.90408921933084,1345.0
694,23.196817401528513,884.8756345177665,345.14636209813875,1379.0
695,23.230242210464432,889.134700731678,341.8656591099916,1389.5
696,23.263667019400355,892.1532638371804,338.9749317448498,1343.0
697,23.297091828336274,895.4482496194825,335.81900050735663,1314.0
698,23.330516637272193,898.4247967479674,332.98272357723573,1312.0
699,23.363941446208113,901.8909550917141,330.3476280834915,1317.5
700,23.397366255144036,906.011249259917,327.9947898164594,1407.5
701,23.430791064079955,909.7304008513657,325.1115052619132,1409.5
702,23.464215873015874,913.8492377865801,322.72380266474613,1388.5
703,23.497640681951793,917.314403591797,320.4560126198277,1373.5
704,23.531065490887713,922.1330859616573,317.8285714285714,1347.5
705,23.564490299823635,925.7880704365078,315.897941468254,1344.0
706,23.597915108759555,930.0318543799773,314.29465301478956,1318.5
707,23.631339917695474,934.2789526686807,312.4062185297079,1324.0
708,23.664764726631393,938.4119180633147,310.6666666666667,1342.5
709,23.698189535567316,943.5109258557533,308.8711633194392,1319.5
710,23.731614344503235,949.0922330097087,307.29960169280554,1339.0
711,23.765039153439155,954.2446585154995,306.1729035445226,1349.5
712,23.798463962375074,959.5215094339623,305.03823899371065,1325.0
713,23.831888771310993,964.465940054496,303.6709484883872,1284.5
714,23.865313580246916,968.9694368578488,303.365327090649,1281.5
715,23.898738389182835,972.6016411786646,303.4799204277011,1340.5
716,23.932163198118754,977.9917617237007,303.115969581749,1315.0
717,23.965588007054674,982.6806230529594,302.93457943925233,1337.5
718,23.999012815990596,987.8689180737961,303.1025641025641,1332.5
719,24.032437624926516,991.9919144496608,303.14723526343244,1278.0
720,24.065862433862435,997.5254720342002,304.11898824367654,1403.5
721,24.099287242798354,1002.0478250420572,304.6039413602499,1387.0
722,24.132712051734273,1007.3763522973144,305.3828433244241,1309.5
723,24.166136860670196,1011.912370505789,305.7666057282145,1367.5
724,24.199561669606116,1016.4086297518639,307.04901601271234,1363.5
725,24.232986478542035,1021.1123680241327,307.9952237305178,1326.0
726,24.266411287477954,1026.0494063577173,309.77505425762797,1305.5
727,24.299836096413877,1031.355672690763,311.5003765060241,1328.0
728,24.333260905349796,1036.251708428246,313.3618071374336,1317.0
729,24.366685714285715,1040.736147757256,315.1300414624953,1326.5
730,24.400110523221635,1044.9458035378245,317.01066365575207,1328.5
731,24.433535332157554,1050.0213440663495,320.3376021466032,1366.5
732,24.466960141093477,1054.3505471535718,322.8678224517398,1355.5
733,24.500384950029396,1058.8222891566265,325.7176204819277,1328.0
734,24.533809758965315,1062.7730206006452,327.921816827997,1343.0
735,24.567234567901234,1066.6790680195415,331.5089565326318,1330.5
736,24.600659376837157,1070.360100062539,333.62013758599124,1332.5
737,24.634084185773077,1073.138263263263,336.2424924924925,1332.0
738,24.667508994708996,1076.7431030118955,339.4020501138952,1317.0
739,24.700933803644915,1080.6137225170585,342.64240586302753,1319.0
740,24.734358612580834,1084.0550858314116,346.2002305918524,1301.0
741,24.767783421516757,1087.7446512216736,350.45866565388025,1316.5
742,24.801208230452676,1094.6702661010413,357.48682349916436,1296.5
743,24.834633039388596,1097.7302135276818,361.12786088735453,1303.5
744,24.868057848324515,1099.9584770665645,364.49342021208633,1304.5
745,24.901482657260438,1102.9137626262625,369.2834595959596,1320.0
746,24.934907466196357,1105.04028886355,373.2683390345876,1315.5
747,24.968332275132276,1107.7796433684757,378.0013015749056,1280.5
748,25.001757084068196,1109.753096179183,382.3949934123847,1265.0
749,25.035181893004115,1111.804658050619,387.0315024232633,1238.0
750,25.068606701940038,1113.2369692346808,391.77485380116957,1311.0
751,25.102031510875957,1114.4543665436654,395.1665436654366,1355.0
752,25.135456319811876,1115.9824495892458,400.49775952203134,1339.0
753,25.168881128747795,1117.6573830134237,404.5297955087191,1328.5
754,25.202305937683718,1118.8615882499375,409.06323126711476,1339.0
755,25.235730746619637,1119.9756250785274,413.33647443146117,1326.5
756,25.269155555555557,1120.9754206098842,417.9281019978969,1268.0
757,25.302580364491476,1121.4219858156027,422.5441292356186,1269.0
758,25.336005173427395,1121.5040883074407,426.818070318888,1223.0
759,25.369429982363318,1121.8773177192247,430.96389237418094,1195.5
760,25.402854791299237,1121.9998618593727,436.3378919740295,1206.5
761,25.436279600235157,1122.0671412618647,441.82816862088214,1194.0
762,25.469704409171076,1122.347945960849,446.83154121863794,1209.0
763,25.503129218107,1122.041178112786,451.6531267448352,1194.0
764,25.536554027042918,1121.4418572418572,456.0612612612612,1202.5
765,25.569978835978837,1120.8957452803606,460.8374189912651,1183.0
766,25.603403644914756,1120.3039841202324,465.0713171699985,1175.5
767,25.636828453850676,1118.9444444444443,470.16923076923075,1170.0
768,25.6702532627866,1117.756101190476,475.1242559523809,1120.0
769,25.703678071722518,1116.8030705639208,480.32919988190133,1129.0
770,25.737102880658437,1115.1295229655884,485.13867966326984,1128.5
771,25.770527689594356,1113.3562397739104,490.2168674698795,1120.5
772,25.80395249853028,1111.9028034504004,494.51694393099194,1082.0
773,25.8373773074662,1109.8522531009576,498.79368817710787,1061.5
774,25.870802116402118,1107.3563641946876,503.3721787194841,1085.5
775,25.904226925338037,1105.0115473441108,507.23418013856815,1082.5
776,25.937651734273956,1103.1975532396918,510.8956351004379,1103.5
777,25.97107654320988,1101.3852187028656,514.6358974358974,1105.0
778,26.004501352145798,1098.4628124059018,518.7386329418849,1107.0
779,26.037926161081717,1095.72673324649,523.5158488927486,1151.5
780,26.071350970017637,1091.6284549738887,526.631129792383,1308.5
781,26.10477577895356,1088.0,531.4815958815958,1295.0
782,26.13820058788948,1085.4625902992775,534.5291537667698,1292.0
783,26.171625396825398,1081.8008821676117,538.6032766225583,1322.5
784,26.205050205761317,1078.2384682332463,541.5440755936839,1340.5
785,26.238475014697237,1074.058058816105,545.4947620850687,1320.5
786,26.27189982363316,1070.482266769468,548.2865587252634,1297.0
787,26.30532463256908,1066.4639761997153,551.3936101409907,1288.5
788,26.338749441504998,1063.1562461462572,554.5206560611666,1351.5
789,26.372174250440917,1059.2750858450972,557.1253974310059,1310.5
790,26.40559905937684,1054.9583333333333,560.0401234567901,1296.0
791,26.43902386831276,1049.9740511231603,562.2760134262845,1291.0
792,26.47244867724868,1044.8560750031672,564.2618776130748,1315.5
793,26.505873486184598,1040.684476443097,566.5118100290514,1319.5
794,26.539298295120517,1036.356069671586,568.7412578114612,1253.5
795,26.57272310405644,1032.4895833333333,570.5189873417721,1264.0
796,26.60614791299236,1028.532510615711,571.8495222929936,1256.0
797,26.63957272192828,1023.9304941743673,573.5474755591267,1244.5
798,26.672997530864198,1019.1533725160928,574.5194514413657,1191.0
799,26.70642233980012,1014.2576509511994,575.8799283154121,1209.0
800,26.73984714873604,1009.7119847119847,576.7908817908817,1221.0
801,26.77327195767196,1004.1879606879606,577.5124215124215,1221.0
802,26.806696766607878,998.9235084838532,578.037903667214,1218.0
803,26.840121575543797,994.7975609756097,578.4121951219512,1230.0
804,26.87354638447972,990.2121589807505,578.6434011909707,1203.5
805,26.90697119341564,985.3618245614034,578.1601403508772,1187.5
806,26.94039600235156,980.7788694290188,578.3279225402249,1170.5
807,26.973820811287478,975.3622695035459,578.0225531914894,1175.0
808,27.0072456202234,970.9472340425532,577.6927659574468,1175.0
809,27.04067042915932,966.3752406337924,576.9644602398934,1125.5
810,27.07409523809524,961.3794117647059,577.0175245098038,1360.0
811,27.10752004703116,956.8623030303029,576.4774545454545,1375.0
812,27.140944855967078,952.2282089927154,575.3161266013565,1327.0
813,27.174369664903,947.2953205369464,574.2948187178522,1328.5
814,27.20779447383892,944.1215174129353,573.3685323383085,1340.0
815,27.24121928277484,939.8297263681592,571.810447761194,1340.0
816,27.27464409171076,935.5574345484152,570.2778404108731,1330.5
817,27.30806890064668,931.2666150471028,568.7000903342366,1291.5
818,27.3414937095826,927.1798228725453,567.1641637787191,1298.5
819,27.37491851851852,923.5555555555554,565.0375873015872,1312.5
820,27.40834332745444,919.359507313318,562.9880677444188,1299.0
821,27.44176813639036,914.5972277227722,560.412805280528,1262.5
822,27.47519294532628,911.0295592504618,557.9433887569279,1263.0
823,27.5086177542622,907.3314696485623,555.6275292864749,1252.0
824,27.54204256319812,903.5477227722772,553.1673927392739,1262.5
825,27.57546737213404,899.2906154051528,550.3442798024295,1248.5
826,27.60889218106996,896.0608870967742,547.8387096774194,1240.0
827,27.64231699000588,893.0306108627927,544.8511445211973,1230.5
828,27.6757417989418,889.1817687074829,541.4960544217687,1225.0
829,27.70916660787772,885.7213322091062,538.3115514333896,1186.0
830,27.74259141681364,881.7842969307637,534.1775874375445,1167.5
831,27.77601622574956,878.7053698943158,530.468294772922,1167.0
832,27.80944103468548,875.584159839011,526.5214891476211,1159.5
833,27.8428658436214,872.5882855921334,523.3505771697306,1169.5
834,27.87629065255732,869.8411747932705,519.350869689193,1169.0
835,27.909715461493242,867.4722342420308,514.9186499350931,1155.5
836,27.94314027042916,865.5433610260894,511.4490599038041,1143.5
837,27.97656507936508,863.605944254835,507.9967292377702,1172.0
838,28.009989888301,861.5509279555749,503.4698231769691,1140.5
839,28.04341469723692,859.7624145108533,499.5444543562295,1121.0
840,28.076839506172842,856.9786777693665,494.53292959878877,1321.0
841,28.11026431510876,854.6863846249843,489.2498440034943,1335.5
842,28.14368912404468,853.4707094116131,485.44367194541,1294.5
843,28.1771139329806,851.5334565619223,480.36216882316694,1352.5
844,28.210538741916523,850.1332077840552,475.1604519774011,1327.5
845,28.243963550852442,848.8770992366412,470.51374045801526,1310.0
846,28.27738835978836,847.8390625,465.3813802083333,1280.0
847,28.31081316872428,847.2356565267617,460.682582466949,1298.5
848,28.3442379776602,846.317257871662,455.9036800850272,1254.5
849,28.377662786596122,845.7144754316067,451.6410358565737,1255.0
850,28.41108759553204,845.614063124251,445.811692635504,1251.5
851,28.44451240446796,845.7466666666666,440.715907590759,1262.5
852,28.47793721340388,846.0529079690166,435.4709203098332,1269.5
853,28.511362022339803,845.9424469906492,430.6866851047017,1265.5
854,28.544786831275722,846.2908587257617,425.517873631447,1263.5
855,28.57821164021164,846.7018473240967,421.2838902472154,1227.0
856,28.61163644914756,847.8911137285695,417.1516817170527,1273.5
857,28.64506125808348,848.7480604328297,412.7604464407241,1224.5
858,28.678486067019403,849.7908602150536,408.188440860215,1240.0
859,28.711910875955322,851.1376662553132,403.6020841903195,1215.5
860,28.74533568489124,852.7108367626886,398.95733882030174,1215.0
861,28.77876049382716,853.7357756307031,393.60990338164254,1242.0
862,28.812185302763083,856.0267351507968,389.19926247859865,1265.5
863,28.845610111699003,857.9213898797727,384.6205575373233,1261.5
864,28.879034920634922,859.7636411679217,381.22935658607474,1261.5
865,28.91245972957084,861.8135254101641,376.67920501533945,1249.5
866,28.94588453850676,863.9689859762674,372.3017799352751,1236.0
867,28.979309347442683,866.6877486077964,367.8944577035269,1257.0
868,29.012734156378603,869.2021574111067,364.32587561592754,1251.5
869,29.046158965314522,871.8170748026226,359.99906329452693,1245.5
870,29.07958377425044,874.2268641600201,357.0757057855424,1316.5
871,29.113008583186364,877.1563740079364,353.76959325396825,1344.0
872,29.146433392122283,880.3706495790927,350.54567156677973,1326.5
873,29.179858201058202,883.8136054421768,346.78577612863324,1347.5
874,29.21328300999412,886.8124166363525,343.03758942645806,1374.5
875,29.24670781893004,890.4335054080628,339.71878072763025,1356.0
876,29.280132627865964,893.9913291217639,337.10937693546384,1345.5
877,29.313557436801883,897.1739239239238,334.0067567567568,1332.0
878,29.346982245737802,900.5342245327391,331.0491397450179,1346.5
879,29.38040705467372,903.5786282682834,329.0516609826954,1319.5
880,29.413831863609644,907.665425201738,326.1967721911856,1342.5
881,29.447256672545564,912.1838593790094,323.2545547857326,1299.0
882,29.480681481481483,916.3484848484848,320.6991525423729,1298.0
883,29.514106290417402,920.5496031746031,317.97407407407405,1260.0
884,29.54753109935332,924.2589297227594,315.9695680206318,1292.5
885,29.580955908289244,928.7783346183501,314.0466461063994,1297.0
886,29.614380717225163,933.4391900551069,312.2377290785595,1300.5
887,29.647805526161083,936.718185313341,311.517108804306,1300.5
888,29.681230335097002,942.0651268458917,309.3671589044554,1320.5
889,29.714655144032925,947.093520627689,307.67451278157426,1317.0
890,29.748079952968844,952.404634581105,306.0861981156099,1309.0
891,29.781504761904763,957.053501080188,305.4151734654975,1311.5
892,29.814929570840683,961.8766077170418,304.4323419078242,1244.0
893,29.8483543797766,966.2168844478605,304.148603638227,1301.0
894,29.881779188712525,971.0303255353384,303.37145686347316,1346.5
895,29.915203997648444,976.339225272659,302.9052275291463,1329.5
896,29.948628806584363,980.8129987129987,302.845045045045,1295.0
897,29.982053615520282,985.93028907649,302.5754668713226,1303.0
898,30.015478424456205,990.7029955385594,303.2604206500956,1307.5
899,30.048903233392124,995.3888888888889,303.7402116402116,1260.0
900,30.082328042328044,1000.7918075911311,304.39997494676186,1330.5
901,30.115752851263963,1005.8390055515326,305.05672218199373,1381.0
902,30.149177660199882,1010.057889472368,305.64841210302575,1333.0
903,30.182602469135805,1015.3251243781093,306.6953980099502,1340.0
904,30.216027278071724,1020.0783680306292,308.60134003350083,1393.0
905,30.249452087007644,1024.8060216589313,309.8888492205165,1400.5
906,30.282876895943563,1029.8462835802916,311.7054571738345,1383.5
907,30.316301704879486,1034.484760170006,313.0065573770492,1372.5
908,30.349726513815405,1039.0155763239875,315.35382219027076,1391.0
909,30.383151322751324,1043.4483007953725,316.6262954928898,1383.0
910,30.416576131687243,1047.8442662779396,319.6457725947522,1372.0
911,30.450000940623163,1052.3853436616255,322.14250584040326,1355.5
912,30.483425749559085,1057.301783264746,324.6626761441576,1336.5
913,30.516850558495005,1061.9303556047741,327.43213978097697,1354.5
914,30.550275367430924,1066.265593321407,330.4374478234943,1397.5
915,30.583700176366843,1069.2809088601168,332.49796902767196,1313.0
916,30.617124985302766,1072.517968253968,334.9479365079365,1312.5
917,30.650549794238685,1076.9007470651013,338.72097711371987,1405.5
918,30.683974603174605,1079.9078438708068,342.7510911584985,1336.5
919,30.717399412110524,1083.4951655789218,346.27374909354603,1379.0
920,30.750824221046443,1087.1023464214124,349.82054003065673,1413.5
921,30.784249029982366,1090.248502994012,353.8040169660678,1336.0
922,30.817673838918285,1093.3396226415093,356.92736465655446,1351.5
923,30.851098647854204,1096.572374172599,360.99437991757213,1334.5
924,30.884523456790124,1098.7158429332342,364.41038027994546,1345.5
925,30.917948265726046,1101.4528890552851,368.408461250468,1335.5
926,30.951373074661966,1103.949422690763,373.1228664658634,1328.0
927,30.984797883597885,1106.0642335766424,376.5774939172749,1370.0
928,31.018222692533804,1108.320808531746,381.49107142857144,1344.0
929,31.051647501469724,1110.2102864583333,386.03671875,1280.0
930,31.085072310405646,1113.0939459720212,390.7975156777617,1382.0
931,31.118497119341566,1114.442209807573,395.25636250775915,1342.5
932,31.151921928277485,1115.8476400097823,399.58217168011737,1363.0
933,31.185346737213404,1116.8981937602625,404.2488316281419,1319.5
934,31.218771546149327,1118.3371761497458,408.749969009545,1344.5
935,31.252196355085246,1119.2664940189911,412.7857935627081,1351.5
936,31.285621164021165,1120.0202987361165,417.30920464700625,1305.5
937,31.319045972957085,1120.810800459594,422.06268351844756,1305.5
938,31.352470781893004,1121.5430330443523,425.65234325920335,1326.5
939,31.385895590828927,1121.8944825832696,430.31604373251963,1311.0
940,31.419320399764846,1122.1146718146717,434.8783783783784,1295.0
941,31.452745208700765,1121.9938682322243,439.79595564253094,1277.5
942,31.486170017636685,1122.1997635933806,444.35040714473337,1269.0
943,31.519594826572607,1121.931170886076,449.9444883966244,1264.0
944,31.553019635508527,1121.5008045052293,454.38817377312955,1243.0
945,31.586444444444446,1121.103485399004,459.0679585520118,1238.5
946,31.619869253380365,1120.360975609756,463.70013550135496,1230.0
947,31.653294062316284,1119.3864342656398,468.15768139440615,1233.5
948,31.686718871252207,1118.4014679407283,473.6039329732723,1203.5
949,31.720143680188126,1116.9238016070933,478.3197561651427,1203.0
950,31.753568489124046,1115.6604348428195,483.10220191109266,1203.5
951,31.786993298059965,1114.2675203084125,487.6753407682776,1210.5
952,31.820418106995888,1112.832415643089,492.94606805026115,1180.5
953,31.853842915931807,1110.9207721117832,496.9651397291846,1157.0
954,31.887267724867726,1108.6027574321413,501.3382162860836,1160.5
955,31.920692533803646,1106.5648474178402,505.493984741784,1136.0
956,31.954117342739565,1104.9980918831645,509.0641420813151,1135.5
957,31.987542151675488,1102.900535236396,512.1950639310139,1121.0
958,32.0209669606114,1100.3030852994555,516.1261343012704,1102.0
959,32.05439176954733,1097.4456312119862,520.8012164367304,1123.5
960,32.08781657848325,1092.0628683693517,525.8315651604453,1272.5
961,32.12124138741917,1089.4517318582905,530.0059265112603,1265.5
962,32.15466619635509,1086.8755171116961,533.4447787388742,1329.5
963,32.18809100529101,1082.811351830736,537.398327632079,1315.5
964,32.221515814226926,1079.5681998413957,540.9306106264869,1261.0
965,32.254940623162845,1075.7232,544.2225333333333,1250.0
966,32.288365432098765,1072.2792721518988,547.2042457805907,1264.0
967,32.321790241034684,1068.219298245614,550.1915204678362,1254.0
968,32.35521504997061,1064.3749670619236,553.1982872200263,1265.0
969,32.38863985890653,1060.7232215862632,556.3928863450532,1223.0
970,32.42206466784245,1055.800619278406,558.3209477652126,1238.0
971,32.45548947677837,1051.5783394482946,560.7751053132218,1226.5
972,32.48891428571429,1047.2212794612794,562.9422222222222,1237.5
973,32.52233909465021,1042.169113648722,564.8539967373573,1226.0
974,32.555763903586126,1037.75,566.5591666666667,1200.0
975,32.589188712522045,1033.2871986699918,568.7202826267664,1203.0
976,32.622613521457964,1029.1045127353266,570.1578073089701,1204.0
977,32.65603833039389,1024.0879492600423,571.4070472163495,1182.5
978,32.68946313932981,1019.707644482125,573.2594319626961,1179.5
979,32.72288794826573,1014.8376292412988,574.3081403815348,1144.5
980,32.75631275720165,1010.423506036986,575.3753629833409,1090.5
981,32.78973756613757,1005.432104454685,576.2078341013824,1085.0
982,32.82316237507349,1000.9588685015289,577.0431192660551,1090.0
983,32.856587184009406,996.5032859544551,577.2992511080544,1090.5
984,32.890011992945325,991.8966116420504,577.631190269331,1151.0
985,32.923436801881245,986.3703864524533,577.4486901143435,1151.5
986,32.95686161081717,981.9928098935862,578.2702041990221,1159.0
987,32.99028641975309,977.0727029438002,577.9735355337496,1121.0
988,33.02371122868901,972.8103625421986,577.2103331865551,1135.5
989,33.05713603762493,967.5675873155049,577.0571386818647,1140.5
990,33.09056084656085,962.7044943820225,577.0191011235955,1335.0
991,33.12398565549677,958.817253121453,575.9474082482028,1321.5
992,33.15741046443269,953.8940074906367,574.9712858926342,1335.0
993,33.190835273368606,949.2965166728646,574.1015247303831,1344.5
994,33.224260082304525,944.5843313373252,572.6629241516965,1336.0
995,33.25768489124045,940.485893016724,571.0693220988127,1305.5
996,33.29110970017637,936.4462141322209,570.3354822399191,1318.5
997,33.32453450911229,932.4156711624919,568.4430314707771,1297.5
998,33.35795931804821,928.0863177226812,566.9294241112423,1270.5
999,33.39138412698413,924.3040364583333,564.93203125,1280.0
1000,33.42480893592005,920.3171806167401,563.056334267788,1248.5
1001,33.45823374485597,915.995232419547,561.0005297311614,1258.5
1002,33.491658553791886,911.918955304254,558.3053311793215,1238.0
1003,33.525083362727806,907.8852437926154,555.1510356361765,1295.5
1004,33.55850817166373,903.8020957686696,552.4196843082636,1256.5
1005,33.59193298059965,900.4329349269588,550.3090305444887,1255.0
1006,33.62535778953557,897.1227297008546,547.6380876068375,1248.0
1007,33.65878259847149,893.875550220088,545.0230758970254,1249.5
1008,33.69220740740741,889.6708212158981,541.5827447721922,1203.5
1009,33.72563221634333,886.2819771444306,538.4308137133416,1210.5
1010,33.75905702527925,882.3151464667499,534.757045675413,1200.5
1011,33.79248183421517,879.3618561089826,531.3872569887895,1174.5
1012,33.825906643151086,875.6385272294553,528.0674786504269,1190.5
1013,33.85933145208701,872.8723168536213,523.2329317269076,1203.5
1014,33.89275626102293,871.2752585521082,519.6486343145053,1257.0
1015,33.92618106995885,868.2800318217979,515.4644656589763,1257.0
1016,33.95960587889477,865.9747035573123,511.78959156785237,1265.0
1017,33.99303068783069,863.7942100232144,507.89785606991666,1220.5
1018,34.02645549676661,861.6954918032787,503.9168032786885,1220.0
1019,34.05988030570253,859.9008796113955,500.0250754890376,1269.5
1020,34.09330511463845,857.1563444108762,495.15005035246725,1324.0
1021,34.126729923574366,854.9141319314056,490.36662911503316,1331.5
1022,34.16015473251029,854.0340670859538,486.46357442348005,1272.0
1023,34.19357954144621,851.9508365508365,481.29948519948516,1295.0
1024,34.22700435038213,850.8454161871883,476.4028896560542,1303.5
1025,34.26042915931805,849.4785705201576,471.0872440544321,1310.5
1026,34.29385396825397,848.68701215611,466.39859245041583,1302.5
1027,34.32727877718989,848.1573426573426,461.29163429163424,1287.0
1028,34.36070358612581,846.7448804333465,456.68106751222086,1261.5
1029,34.39412839506173,846.8415406488302,452.2108052216621,1289.5
1030,34.42755320399765,846.1600760456274,446.78897338403044,1315.0
1031,34.46097801293357,846.1041666666666,441.44252008032123,1328.0
1032,34.49440282186949,846.2062003386739,436.2378533281229,1279.5
1033,34.52782763080541,846.9101997051333,431.4546307465487,1243.5
1034,34.56125243974133,846.8663820980468,426.80688138662526,1288.5
1035,34.59467724867725,847.2796780684105,421.97518443997313,1242.5
1036,34.62810205761317,848.401089411452,417.72419290554006,1254.5
1037,34.66152686654909,849.2322382478632,413.75774572649567,1248.0
1038,34.69495167548501,850.0284959688629,409.1492910758966,1199.0
1039,34.72837648442093,851.6663902708679,404.0599778883361,1206.0
1040,34.761801293356854,853.2662473794549,399.8321540880503,1272.0
1041,34.79522610229277,855.0812223562525,394.83902962069425,1243.5
1042,34.82865091122869,856.6936293946602,390.63349193761564,1261.0
1043,34.86207572016461,857.8051774753135,386.3791032826261,1249.0
1044,34.89550052910053,859.6594637855142,382.45738295318125,1249.5
1045,34.92892533803645,861.6647711887354,378.1785810993772,1231.0
1046,34.96235014697237,863.9746421267894,373.75610088616224,1222.5
1047,34.99577495590829,866.0841638981174,369.45155038759685,1204.0
1048,35.02919976484421,868.7388059701492,364.94886677722496,1206.0
1049,35.062624573780134,871.542501637197,361.4369351669941,1272.5
1050,35.09604938271605,874.2492393817695,357.7663380795911,1369.5
1051,35.12947419165197,877.4386900228484,354.44376745366844,1313.0
1052,35.16289900058789,879.7588308457711,350.87039800995024,1340.0
1053,35.19632380952381,883.5092871485944,347.1792168674699,1328.0
1054,35.22974861845973,886.4618850920015,343.61872574790334,1331.5
1055,35.26317342739565,890.2259005580922,340.64523084728563,1314.0
1056,35.29659823633157,893.2724493695071,337.319959240861,1308.5
1057,35.33002304526749,896.5969824830584,334.2901163534075,1303.5
1058,35.363447854203415,899.8308702791461,331.66931918656053,1319.5
1059,35.396872663139334,903.1933231784716,328.8720487433359,1313.0
1060,35.43029747207525,907.4202141900936,326.30321285140565,1245.0
1061,35.46372228101117,911.6108929039015,323.51505629746003,1273.0
1062,35.49714708994709,915.7555642327216,321.1737602499024,1280.5
1063,35.53057189888301,920.6265750286369,318.68448517245764,1309.5
1064,35.56399670781893,924.5610711127952,317.0058102816723,1319.5
1065,35.59742151675485,928.1153703014514,314.88400942811063,1343.5
1066,35.63084632569077,932.5676204450965,312.95280019564683,1363.0
1067,35.664271134626695,935.8187134502923,311.511568777015,1311.0
1068,35.697695943562614,940.7114782826386,309.67718112404555,1331.5
1069,35.73112075249853,946.1563174603174,308.30984126984123,1312.5
1070,35.76454556143445,951.4412308505018,306.85565240359216,1262.0
1071,35.79797037037037,956.1774172782283,305.73374533281833,1294.5
1072,35.83139517930629,961.1233574684901,305.1916063287744,1243.0
1073,35.86481998824221,965.7029972752043,304.4131309199429,1284.5
1074,35.89824479717813,970.015092375748,303.9925839188134,1281.0
1075,35.93166960611405,974.4734598992638,303.19876017047653,1290.5
1076,35.965094415049975,979.2322330097087,303.1634951456311,1287.5
1077,35.998519223985895,984.4364889949615,302.951604348979,1257.0
1078,36.031944032921814,988.8145703933747,303.24068322981367,1288.0
1079,36.06536884185773,994.0516600265604,303.80836653386456,1255.0
1080,36.09879365079365,999.3931126470231,304.32278404268214,1374.5
1081,36.13221845972957,1004.7577761449913,305.0167768797453,1361.0
1082,36.16564326866549,1008.9780192331708,305.4858249032097,1334.5
1083,36.19906807760141,1013.5469961240309,306.97940891472865,1376.0
1084,36.23249288653733,1019.0307788161992,307.82853582554515,1337.5
1085,36.265917695473256,1024.1217457886678,309.9696273608984,1306.0
1086,36.299342504409175,1029.010339734121,311.1244460856721,1354.0
1087,36.332767313345094,1034.0373206904935,312.84524677850715,1371.0
1088,36.366192122281014,1037.8313811615421,314.63616398243045,1366.0
1089,36.39961693121693,1042.2859270290394,316.51451973194344,1343.0
1090,36.43304174015285,1047.6843151876708,318.6928908774546,1341.0
1091,36.46646654908877,1051.8253535746724,321.25781756844424,1284.5
1092,36.49989135802469,1056.1222956341494,323.98004922917477,1286.5
1093,36.53331616696061,1061.3394123606888,326.5001266464032,1316.0
1094,36.566740975896536,1065.417167167167,328.73360860860856,1332.0
1095,36.600165784832456,1068.5472470238096,331.5050843253968,1344.0
1096,36.633590593768375,1072.195464501997,334.5523772709702,1293.5
1097,36.667015402704294,1075.6640614823498,337.5602448873258,1279.5
1098,36.70044021164021,1078.9783281733746,340.83449432404535,1292.0
1099,36.73386502057613,1082.528095601322,344.3613018052377,1311.0
1100,36.76728982951205,1085.6455170624106,347.68379395354873,1284.5
1101,36.80071463844797,1089.4614684860298,351.3068226120858,1282.5
1102,36.83413944738389,1092.5922607453576,355.72600960914167,1283.5
1103,36.86756425631982,1095.2758620689656,359.0697492163009,1276.0
1104,36.900989065255736,1097.6037286790956,362.4736215787386,1260.5
1105,36.934413874191655,1100.4268482490272,367.1368352788586,1285.0
1106,36.967838683127574,1102.9144976738337,371.7942914623412,1325.5
1107,37.001263492063494,1105.5688475932377,375.9073428829526,1291.5
1108,37.03468830099941,1107.9061969993475,380.86679712981083,1277.5
1109,37.06811310993533,1109.8832155014402,385.34053417124903,1273.0
1110,37.10153791887125,1112.1199427139277,389.9135935075784,1396.5
1111,37.13496272780717,1113.5337906504064,393.6777184959349,1312.0
1112,37.1683875367431,1114.9645252837977,397.7113003095975,1292.0
1113,37.201812345679016,1116.0918705402648,402.5894495412844,1308.0
1114,37.235237154614936,1117.5055962948668,406.9305287533771,1295.5
1115,37.268661963550855,1118.7077420960916,411.54717450833954,1339.0
1116,37.302086772486774,1119.3879843493626,416.39442130506114,1320.5
1117,37.33551158142269,1119.5678724231816,421.4067159341371,1285.5
1118,37.36893639035861,1120.32414910859,425.7405456509994,1234.0
1119,37.40236119929453,1121.62236131566,428.899852724595,1358.0
1120,37.43578600823045,1122.0231729055258,433.7407690348866,1309.0
1121,37.46921081716638,1121.9077821011674,438.38274967574574,1285.0
1122,37.5026356261023,1122.383147853736,444.318759936407,1258.0
1123,37.536060435038216,1122.2824,448.7753333333333,1250.0
1124,37.569485243974135,1122.088513791684,453.0975710168794,1214.5
1125,37.602910052910055,1121.378448158717,457.7919554287267,1226.5
1126,37.636334861845974,1120.1268605762664,462.3449405981155,1220.5
1127,37.66975967078189,1118.8837920489295,467.12315818737835,1199.0
1128,37.70318447971781,1118.0023483906616,472.59828705622317,1206.5
1129,37.73660928865373,1116.074309136586,476.3719423509189,1260.5
1130,37.77003409758966,1114.9286492374727,481.7828159041394,1224.0
1131,37.80345890652558,1113.2383729001804,486.7649590448424,1200.5
1132,37.8368837154615,1111.9036373507056,491.5631107491857,1228.0
1133,37.870308524397416,1110.0773981062166,495.82859887470835,1214.5
1134,37.903733333333335,1108.2714620366542,500.19622433512467,1209.5
1135,37.937158142269254,1106.132838643969,504.324021533537,1145.5
1136,37.970582951205174,1104.4578770008425,508.4351305812974,1187.0
1137,38.00400776014109,1102.0002775464889,511.8472106577852,1201.0
1138,38.03743256907701,1099.904081632653,515.5523809523809,1225.0
1139,38.07085737801294,1097.5594011811563,519.9416288971295,1213.5
1140,38.10428218694886,1093.7366728509585,524.569325912183,1347.5
1141,38.13770699588478,1090.4956206206205,529.0232732732733,1332.0
1142,38.171131804820696,1087.2552920173423,532.5895179801071,1307.0
1143,38.204556613756615,1083.8140049459846,536.0434726018482,1280.5
1144,38.237981422692535,1080.0143027413587,539.5008608131373,1258.5
1145,38.271406231628454,1076.2982737856282,543.1338150675766,1245.5
1146,38.30483104056437,1072.8891213389122,546.499860529986,1195.0
1147,38.33825584950029,1068.8781302170285,549.0226766833612,1198.0
1148,38.37168065843622,1065.3157824222935,552.2315112540193,1244.0
1149,38.40510546737214,1061.454286875254,554.407964242178,1230.5
1150,38.43853027630806,1057.0086206896551,557.3699712643678,1160.0
1151,38.47195508524398,1052.3730025231287,560.1316232127839,1189.0
1152,38.505379894179896,1047.9821067821067,562.8437229437229,1155.0
1153,38.538804703115815,1043.672353455818,564.9664625255176,1143.0
1154,38.572229512051734,1039.0424136423262,566.5827138901034,1143.5
1155,38.605654320987654,1034.623519458545,568.3052735476592,1182.0
1156,38.63907912992357,1030.8608957795004,569.8883146712603,1161.0
1157,38.6725039388595,1026.7591933570582,570.8204824041123,1264.5
1158,38.70592874779542,1021.6145581520278,571.986032769272,1241.0
1159,38.73935355673134,1016.2921059745876,573.4794539064612,1233.0
1160,38.77277836566726,1011.595358649789,575.1448663853727,1185.0
1161,38.806203174603176,1006.672963723477,575.9200547570157,1217.5
1162,38.839627983539096,1001.5382161187404,576.4572062699403,1201.5
1163,38.873052792475015,996.6535680174647,577.2840769545641,1221.5
1164,38.906477601410934,993.0410903173312,577.5740439381611,1229.0
1165,38.93990241034685,987.3282504012841,577.7850454788656,1246.0
1166,38.97332721928278,982.8065040650406,578.0855013550135,1230.0
1167,39.0067520282187,977.9114713216958,577.7643391521196,1203.0
1168,39.04017683715462,972.9003563596491,577.6115679824561,1216.0
1169,39.07360164609054,968.1428372933166,577.430735028484,1199.5
1170,39.10702645502646,963.6849692866991,577.5721449166354,1329.5
1171,39.140451263962376,959.7307359307358,576.5574520717378,1347.5
1172,39.173876072898295,955.3784977908689,576.2702503681885,1358.0
1173,39.207300881834215,950.5478970495919,574.6682988072819,1327.5
1174,39.240725690770134,946.3230354296921,573.1411057987004,1359.5
1175,39.27415049970606,941.5175471937159,572.2215887495249,1315.5
1176,39.30757530864198,937.1072539504789,570.5004354858778,1339.5
1177,39.3410001175779,932.9417451349653,568.8168236032642,1327.5
1178,39.37442492651382,928.8640915593704,567.1305761477435,1281.5
1179,39.40784973544974,924.9905474596297,565.4130235000656,1269.5
1180,39.44127454438566,921.2645502645502,563.8469576719576,1260.0
1181,39.474699353321576,916.8227642276423,561.0676151761518,1230.0
1182,39.508124162257495,913.0321522309711,558.955249343832,1270.0
1183,39.541548971193414,908.9513094330027,556.0816170861938,1311.0
1184,39.57497378012934,905.1552546744035,553.5833655705997,1292.5
1185,39.60839858906526,901.5212189900516,551.0661125802795,1323.5
1186,39.64182339800118,898.0207293666027,548.2264875239923,1302.5
1187,39.6752482069371,894.3996436298842,545.9560901107293,1309.5
1188,39.70867301587302,890.0491824894514,542.6071993670886,1264.0
1189,39.74209782480894,887.0797642436149,539.3111984282908,1272.5
1190,39.775522633744856,883.1864659614862,535.2435584486032,1229.0
1191,39.808947442680775,880.1194993944288,531.911048311129,1238.5
1192,39.842372251616695,877.030303030303,528.0661408606613,1204.5
1193,39.87579706055262,873.660181056614,523.3368463721118,1233.5
1194,39.90922186948854,871.4318091451293,519.4056991385023,1257.5
1195,39.94264667842446,868.5405296950241,515.2813001605136,1246.0
1196,39.97607148736038,866.4264475743349,512.0860719874804,1278.0
1197,40.0094962962963,864.4676939713435,507.87226277372264,1233.0
1198,40.04292110523222,862.5012427506214,503.45816072908036,1207.0
1199,40.07634591416814,860.2236338797813,499.12062841530053,1220.0
1200,40.109770723104056,858.3107218287986,495.16797117654363,1341.5
1201,40.143195532039975,855.874644930221,490.6993948375941,1349.5
1202,40.1766203409759,854.2436625047295,486.37987135830497,1321.5
1203,40.21004514991182,852.5520596411421,481.3880464998736,1319.0
1204,40.24346995884774,851.0058184639255,476.7119213860874,1289.0
1205,40.27689476778366,850.0492957746479,471.6880542514345,1278.0
1206,40.31031957671958,848.7018323901912,466.9341147938561,1237.0
1207,40.3437443856555,848.1693657219972,461.8851551956815,1235.0
1208,40.37716919459142,847.3611561318206,457.36480280929226,1234.0
1209,40.410594003527336,847.010993485342,452.7555646036916,1228.0
1210,40.444018812463256,846.2083498480644,447.1874752279033,1261.5
1211,40.47744362139918,846.469298245614,442.00252525252523,1254.0
1212,40.5108684303351,846.4462409054163,436.62193478846666,1237.0
1213,40.54429323927102,846.404667721519,431.24828586497887,1264.0
1214,40.57771804820694,847.0784002118924,426.55502582439414,1258.5
1215,40.61114285714286,847.6810732223103,421.36584721120795,1261.0
1216,40.64456766607878,848.758087201125,417.81536887865997,1303.5
1217,40.6779924750147,849.464309102816,413.87871643745905,1272.5
1218,40.71141728395062,850.6414043269853,408.7636999611349,1286.5
1219,40.744842092886536,851.5426509186351,403.9038057742782,1270.0
1220,40.77826690182246,852.839243498818,399.25676385605465,1269.0
1221,40.81169171075838,854.5051395007341,394.6435722867441,1248.5
1222,40.8451165196943,856.0544332210999,390.25925925925924,1188.0
1223,40.87854132863022,857.2247681396617,385.55264593562464,1222.0
1224,40.91196613756614,859.1618251757527,381.2797453243136,1256.5
1225,40.94539094650206,860.940098943709,377.3574007220217,1246.5
1226,40.97881575543798,863.6815650236703,373.0983013088276,1197.0
1227,41.0122405643739,866.1066395663955,369.79281842818426,1230.0
1228,41.04566537330982,868.8853451756156,365.2182747947786,1238.5
1229,41.07909018224574,871.2297367735209,361.4912692207454,1279.0
1230,41.11251499118166,874.0201760821717,357.63340670090486,1363.0
1231,41.14593980011758,877.0799607554574,354.20051508462103,1359.0
1232,41.1793646090535,879.8028134556574,351.30776758409786,1362.5
1233,41.21278941798942,883.3487141626676,347.4209425372216,1354.5
1234,41.24621422692534,886.0708052854649,344.09997506856143,1337.0
1235,41.27963903586126,889.6126830479027,340.5970464135021,1343.0
1236,41.31306384479718,893.1126314455846,337.50753832509815,1315.5
1237,41.3464886537331,896.4040325707639,334.6064366033346,1289.5
1238,41.37991346266902,899.7717788210746,331.1670579029734,1278.0
1239,41.41333827160494,902.5972599198655,329.1876696393951,1289.5
1240,41.44676308054086,905.9224115672605,326.60676478182285,1291.0
1241,41.48018788947678,910.8325520833332,323.9747395833333,1280.0
1242,41.5136126984127,915.6277325054973,320.9827965334368,1288.5
1243,41.54703750734862,919.6090599633411,318.38125163655405,1273.0
1244,41.58046231628454,923.8502923976608,316.1526965562053,1282.5
1245,41.61388712522046,928.1022222222222,313.94392156862745,1275.0
1246,41.64731193415638,932.3229495268139,312.01629863301787,1268.0
1247,41.680736743092304,935.7242297451503,310.6140484341321,1314.5
1248,41.71416155202822,940.3922408200336,308.9156610873232,1284.5
1249,41.74758636096414,945.1666666666666,307.6765873015873,1260.0
1250,41.78101116990006,950.9092827004218,306.3608913502109,1264.0
1251,41.81443597883598,955.9176298658163,305.0556662681015,1254.5
1252,41.8478607877719,961.0924267100977,304.1748099891422,1228.0
1253,41.88128559670782,965.6776255707762,302.8776255707762,1277.5
1254,41.91471040564374,969.895285935085,302.13897475528074,1294.0
1255,41.94813521457966,974.7374057913527,301.53669178897263,1260.5
1256,41.981560023515584,979.7668460158851,301.32859338970025,1301.0
1257,42.0149848324515,984.5053847151938,301.47904502400417,1284.5
1258,42.04840964138742,989.2683471182879,301.42812130760143,1269.5
1259,42.08183445032334,994.078431372549,301.7156862745098,1258.0
1260,42.11525925925926,999.4076535006766,303.2603666789713,1354.5
1261,42.14868406819518,1004.0732640133858,304.05999760965693,1394.5
1262,42.1821088771311,1008.7114118507681,304.40721775176786,1367.0
1263,42.21553368606702,1013.419872947381,304.9452235406928,1390.5
1264,42.24895849500294,1018.5023702594809,306.05451596806387,1336.0
1265,42.282383303938865,1022.5592832634388,307.5214131401703,1311.5
1266,42.315808112874784,1028.0378259746965,308.8190033565711,1291.0
1267,42.3492329218107,1032.6064447966191,310.10010565240356,1262.0
1268,42.38265773074662,1036.9420567920183,312.5030698388335,1303.0
1269,42.41608253968254,1041.3394843606857,314.3638267242507,1273.5
1270,42.44950734861846,1046.147843137255,316.4471895424836,1275.0
1271,42.48293215755438,1050.9147345749398,319.135309768149,1315.5
1272,42.5163569664903,1055.757541619727,322.3186881962699,1331.5
1273,42.54978177542622,1059.724000992802,324.98858277488205,1343.0
1274,42.583206584362145,1063.905867665418,327.7915106117353,1335.0
1275,42.616631393298064,1067.5971740526654,331.02389210019265,1297.5
1276,42.65005620223398,1071.2836988585352,333.466204950622,1299.5
1277,42.6834810111699,1074.4752312175344,336.5779804890409,1315.5
1278,42.71690582010582,1078.239658902889,339.8737431589665,1309.5
1279,42.75033062904174,1082.3002140788312,342.91537589724214,1323.5
1280,42.78375543797766,1085.5597701149425,346.45862068965516,1305.0
1281,42.81718024691358,1089.1213297115507,350.26982279135945,1288.5
1282,42.8506050558495,1091.819756917507,354.23997931212824,1289.0
1283,42.884029864785425,1094.5566097406704,358.1729285262492,1317.5
1284,42.917454673721345,1097.4882128276042,360.87290925852756,1265.5
1285,42.950879482657264,1099.8826571201273,364.8431450543622,1257.0
1286,42.98430429159318,1103.015231878145,369.88195294437645,1225.5
1287,43.0177291005291,1104.930572982016,374.0941028858218,1195.5
1288,43.05115390946502,1108.305864579041,378.81293778327154,1213.5
1289,43.08457871840094,1110.4565872363735,383.64379622021363,1217.0
1290,43.11800352733686,1111.9323905222675,388.76020344870363,1343.5
1291,43.15142833627278,1113.8605098605096,392.5473785473785,1386.0
1292,43.184853145208706,1115.3592268417215,396.3512035010941,1371.0
1293,43.218277954144625,1116.3061199359684,401.393547592661,1353.5
1294,43.251702763080544,1118.0138993238168,406.0792637114951,1331.0
1295,43.285127572016464,1118.6876270325201,410.9159044715447,1312.0
1296,43.31855238095238,1119.6405606995884,415.22029320987656,1296.0
1297,43.3519771898883,1120.5311067452521,419.9100196463654,1272.5
1298,43.38540199882422,1121.2797431865827,423.69182389937106,1272.0
1299,43.41882680776014,1121.4606273591044,427.93140700247295,1280.5
1300,43.45225161669606,1121.9268166537365,433.0500387897595,1289.0
1301,43.485676425631986,1122.2684149633628,438.1439773749839,1296.5
1302,43.519101234567906,1122.2511093709213,443.7042547637692,1277.0
1303,43.552526043503825,1121.981503659348,448.604125083167,1252.5
1304,43.585950852439744,1121.861289459604,453.3014981273408,1246.0
1305,43.61937566137566,1121.534510433387,457.87948100588545,1246.0
1306,43.65280047031158,1121.2367149758454,462.0731347289318,1242.0
1307,43.6862252792475,1120.016996047431,466.4573122529644,1265.0
1308,43.71965008818342,1118.4700323624595,471.5883495145631,1287.5
1309,43.75307489711934,1116.7851313440447,476.49349655700075,1307.0
1310,43.78649970605527,1115.6486558071779,481.6176665342338,1258.5
1311,43.819924514991186,1114.2170846394984,486.35566875653075,1276.0
1312,43.853349323927105,1112.6057391540867,491.6378348973208,1225.5
1313,43.886774132863025,1110.5373114403951,495.9931918301962,1248.5
1314,43.920198941798944,1108.5205097570688,500.16673304128494,1255.5
1315,43.95362375073486,1106.1824025713138,504.7172894067229,1244.5
1316,43.98704855967078,1104.198184176394,508.04578469520095,1285.0
1317,44.0204733686067,1102.5559519091028,511.40652662174654,1261.5
1318,44.05389817754262,1100.5441077441076,514.9326599326599,1237.5
1319,44.08732298647855,1097.8675762439807,519.3964686998395,1246.0
1320,44.12074779541447,1094.5877616747182,524.2384594739667,1242.0
1321,44.154172604350386,1091.1164186896372,527.9527538501696,1277.0
1322,44.187597413286305,1088.3515318146112,531.5840534171249,1273.0
1323,44.221022222222224,1084.5068970135262,535.3993571715548,1244.5
1324,44.25444703115814,1081.2012086251887,539.2616398846312,1213.5
1325,44.28787184009406,1077.5868070175438,542.5107368421053,1187.5
1326,44.32129664902998,1073.4342214820983,546.2162087149597,1201.0
1327,44.3547214579659,1069.7051282051282,548.8531844499587,1209.0
1328,44.38814626690183,1065.1094527363182,552.0845771144278,1139.0
1329,44.42157107583775,1061.5473713413787,554.4638646136773,1201.5
1330,44.454995884773666,1057.9047416240771,557.391113003975,1174.0
1331,44.488420693709585,1053.6949494949495,560.0575757575757,1155.0
1332,44.521845502645505,1048.5166595166593,562.2801372801373,1165.5
1333,44.555270311581424,1044.027992002285,564.16166809483,1167.0
1334,44.58869512051734,1039.543162934798,566.6635685114771,1183.5
1335,44.62211992945326,1034.9860465116278,568.4548273431993,1182.5
1336,44.65554473838918,1030.8111247779143,570.6457564575646,1219.5
1337,44.68896954732511,1027.158870967742,571.9298387096774,1240.0
1338,44.72239435626103,1022.1667360244138,573.0208073241781,1201.5
1339,44.75581916519695,1017.7165712608247,573.8178482313224,1135.5
1340,44.789243974132866,1012.6204188481676,574.9169575334496,1146.0
1341,44.822668783068785,1007.6464912280702,575.9517543859649,1140.0
1342,44.856093592004704,1002.5775097060454,576.8304215196894,1202.0
1343,44.889518400940624,997.7978190391983,577.5355142941349,1131.0
1344,44.92294320987654,993.790096722968,578.2241951782878,1154.5
1345,44.95636801881246,988.6245064861815,578.2876480541455,1182.0
1346,44.98979282774839,983.7055030094583,578.5328174261966,1163.0
1347,45.02321763668431,978.9932157394844,578.6363636363636,1105.5
1348,45.05664244562023,973.750733568075,578.1393779342723,1136.0
1349,45.090067254556146,969.7104999283769,577.6384472138661,1163.5
1350,45.123492063492066,964.4718249602737,577.910524385772,1363.5
1351,45.156916872427985,960.1890677648821,577.3726444527642,1335.5
1352,45.190341681363904,955.9286980749746,576.5539513677811,1316.0
1353,45.22376649029982,950.6975261412904,575.145116041826,1307.0
1354,45.25719129923574,946.0459594025277,573.532873739308,1305.5
1355,45.29061610817167,942.2362064581743,572.1837020086448,1311.0
1356,45.32404091710759,937.9688940092166,570.3969534050178,1302.0
1357,45.35746572604351,933.884375,569.3266927083333,1280.0
1358,45.39089053497943,929.6781834838371,567.368930768224,1273.5
1359,45.424315343915346,926.1780465600207,565.8941344778254,1281.5
1360,45.457740152851265,922.5691946833464,564.0258014073495,1279.0
1361,45.491164961787184,918.1342849590271,561.6341527887919,1261.0
1362,45.524589770723104,913.9630522088354,559.3372155287817,1245.0
1363,45.55801457965902,910.8085274378208,556.5071719963153,1266.5
1364,45.59143938859495,906.6806509026188,554.1580218662598,1311.0
1365,45.62486419753087,902.6713016608729,551.6294579631775,1294.5
1366,45.65828900646679,899.1970341715021,548.8063185041908,1292.5
1367,45.69171381540271,895.5161716171616,546.1765016501649,1262.5
1368,45.725138624338626,891.5690046760186,542.4859051436206,1247.5
1369,45.758563433274546,888.1691618682021,538.9419065898911,1302.5
1370,45.791988242210465,884.5695578892777,535.512252042007,1285.5
1371,45.825413051146384,880.9478040315045,531.9146976371646,1248.5
1372,45.8588378600823,877.7868247694335,528.7345191040843,1265.0
1373,45.89226266901823,874.7638036809816,524.443762781186,1304.0
1374,45.92568747795415,872.2227729063412,520.7647731605033,1311.5
1375,45.95911228689007,869.115298162105,516.7633214332936,1260.5
1376,45.99253709582599,866.815031152648,513.0763239875389,1284.0
1377,46.02596190476191,864.9913221031137,509.927258805513,1306.0
1378,46.059386713697826,862.9831107619796,505.59544383346423,1273.0
1379,46.092811522633745,860.7211925866237,501.0098039215686,1241.0
1380,46.126236331569665,858.1449854651163,497.1042877906977,1376.0
1381,46.159661140505584,855.493776450087,492.1334329101319,1339.0
1382,46.19308594944151,853.6281661600809,487.4520010131712,1316.0
1383,46.22651075837743,852.6515848670756,483.0557259713701,1304.0
1384,46.25993556731335,851.5684330918796,478.2816113864531,1311.5
1385,46.29336037624927,850.1490226944771,473.2373081463991,1270.5
1386,46.32678518518519,848.8895809004799,467.98378097833137,1284.5
1387,46.36020999412111,848.1906474820144,463.59765520916596,1251.0
1388,46.393634803057026,847.04981141891,458.14722330602154,1281.5
1389,46.427059611992945,845.9806292251689,453.37389495579816,1282.0
1390,46.460484420928864,845.5139153640869,448.5948659295971,1311.5
1391,46.49390922986479,845.2219195849544,443.2077821011673,1285.0
1392,46.52733403880071,845.2446780893041,437.931204569055,1284.0
1393,46.56075884773663,845.1776376297464,433.19379844961236,1268.5
1394,46.59418365667255,845.6490461049284,427.92898781134073,1258.0
1395,46.62760846560847,846.2712900225853,423.2016739736947,1254.5
1396,46.66103327454439,847.505793048342,418.6224530563324,1251.5
1397,46.694458083480306,848.3651359197677,414.8946951702296,1263.0
1398,46.727882892416226,849.0112791932058,410.0849256900212,1256.0
1399,46.761307701352145,850.0116167828345,405.4359710263769,1219.5
1400,46.79473251028807,851.6845965770171,400.75047541428955,1227.0
1401,46.82815731922399,853.0522558922557,396.12296296296296,1237.5
1402,46.86158212815991,854.6407347379793,391.3982982171799,1234.0
1403,46.89500693709583,856.5041201488568,386.774322169059,1254.0
1404,46.92843174603175,858.1390536443917,382.78384078028205,1264.5
1405,46.96185655496767,859.6527023532453,378.7242048099302,1289.0
1406,46.99528136390359,861.5980906279414,374.35686432701357,1239.5
1407,47.028706172839506,864.7979274611399,370.68659492493686,1254.5
1408,47.062130981775425,867.4551307847082,366.5478202548625,1242.5
1409,47.09555579071135,869.9496630994847,362.01030519223144,1261.5
1410,47.12898059964727,872.9854527213442,359.55367444193627,1329.0
1411,47.16240540858319,875.3281916227739,355.7360170554301,1329.0
1412,47.19583021751911,878.0425504563567,352.9101426918627,1296.5
1413,47.22925502645503,881.6219205630969,349.0867269984917,1326.0
1414,47.26267983539095,884.0435562387905,345.3282090699462,1301.0
1415,47.29610464432687,887.8400718778076,341.80438968040045,1298.5
1416,47.329529453262786,891.4317125266992,338.6856388993592,1326.5
1417,47.362954262198706,894.542572463768,335.9860248447205,1288.0
1418,47.39637907113463,898.065476190476,333.06902228976696,1316.0
1419,47.42980388007055,901.579901775595,330.8783528522856,1323.5
1420,47.46322868900647,904.687596302003,328.69337442218796,1298.0
1421,47.49665349794239,909.1722090261283,325.7656373713381,1263.0
1422,47.53007830687831,913.6102118699828,323.08961705487565,1266.5
1423,47.56350311581423,917.3285268901013,320.07846193816573,1283.0
1424,47.59692792475015,922.0474747474747,317.72474747474746,1320.0
1425,47.63035273368607,925.3678696158323,315.92394256887854,1288.5
1426,47.663777542621986,930.2552004058853,314.0383054287164,1314.0
1427,47.69720235155791,934.7944320159085,312.46296296296293,1341.0
1428,47.73062716049383,938.6167590881083,310.7805298829328,1352.5
1429,47.76405196942975,943.9531904409952,309.25819167282583,1353.0
1430,47.79747677836567,949.1357656986845,307.51824274013404,1343.0
1431,47.83090158730159,954.8134318682742,306.27693504472967,1285.5
1432,47.86432639623751,959.1826186830016,305.5220775906074,1306.0
1433,47.89775120517343,963.7706810311659,304.53725791971266,1299.5
1434,47.93117601410935,968.8341537296478,304.8614161302537,1320.5
1435,47.96460082304527,972.6792406311637,304.0558431952663,1352.0
1436,47.99802563198119,977.4737777777777,303.703873015873,1312.5
1437,48.03145044091711,982.9599389545975,303.415363092967,1310.5
1438,48.06487524985303,987.1887761493172,303.84579731930353,1330.5
1439,48.09830005878895,992.5043793793793,304.3193193193193,1332.0
1440,48.13172486772487,997.1941112322792,305.2842602689931,1375.5
1441,48.16514967666079,1002.0530303030301,305.3548768939394,1408.0
1442,48.19857448559671,1007.1853952499114,306.1549096065225,1410.5
1443,48.23199929453263,1011.0937384216377,306.89959244164504,1349.5
1444,48.26542410346855,1016.4166971358927,307.8015843997562,1367.5
1445,48.29884891240447,1021.7747814308582,308.8840044329516,1353.5
1446,48.33227372134039,1026.4550943396227,310.6166037735849,1325.0
1447,48.36569853027631,1031.418619065328,312.21036320813187,1344.5
1448,48.39912333921223,1035.416916541729,314.01986506746624,1334.0
1449,48.43254814814815,1040.4098091265325,315.488813045127,1318.5
1450,48.46597295708407,1044.2590727108354,317.5585690300917,1290.5
1451,48.49939776601999,1049.0173957533896,320.5138142747506,1303.0
1452,48.53282257495591,1053.8915057915058,323.1378378378378,1295.0
1453,48.56624738389183,1058.272539927872,326.0338742916023,1294.0
1454,48.599672192827754,1062.5248443258356,328.1800737069513,1311.5
1455,48.63309700176367,1066.534581772784,331.01997503121095,1335.0
1456,48.66652181069959,1069.7774757281554,334.14860841423945,1287.5
1457,48.69994661963551,1073.4655615523002,336.6092264199434,1297.0
1458,48.73337142857143,1076.9625984251968,340.0511811023622,1270.0
1459,48.76679623750735,1081.1329766908675,343.27143039103294,1308.5
1460,48.80022104644327,1084.4521351179094,347.07890376035687,1307.5
1461,48.83364585537919,1087.802304964539,351.03495440729483,1316.0
1462,48.86707066431511,1090.9076209410205,354.74353876739565,1257.5
1463,48.900495473251034,1093.3106834249804,358.1356376014663,1273.0
1464,48.93392028218695,1096.2737627651218,362.1725582613249,1273.0
1465,48.96734509112287,1098.9264086361243,365.88006845708264,1266.0
1466,49.00076990005879,1101.6792,370.1225333333333,1250.0
1467,49.03419470899471,1104.0292351866353,374.07648133646563,1277.0
1468,49.06761951793063,1106.801008533747,378.4575898629428,1289.0
1469,49.10104432686655,1109.3492556634303,383.5746278317152,1287.5
1470,49.13446913580247,1111.1325346312242,388.2082865343816,1335.5
1471,49.16789394473839,1112.195449459157,392.7913713788387,1340.5
1472,49.201318753674315,1114.1225581684707,396.33009829538383,1339.5
1473,49.234743562610234,1115.4884322088665,401.18262892594026,1289.5
1474,49.26816837154615,1116.7638036809815,405.75907464212673,1304.0
1475,49.30159318048207,1117.954721362229,410.1923374613003,1292.0
1476,49.33501798941799,1118.7416666666666,414.35,1300.0
1477,49.36844279835391,1119.9224,418.9302666666666,1250.0
1478,49.40186760728983,1120.4708024450513,423.4382884640395,1281.5
1479,49.43529241622575,1121.0894026974952,427.5708413615928,1297.5
1480,49.46871722516167,1121.5386996904024,431.828302373581,1292.0
1481,49.502142034097595,1122.1846255798541,436.62147117296223,1257.5
1482,49.535566843033514,1122.253273930066,442.1471580936951,1234.5
1483,49.568991651969434,1122.1885630105799,447.48948707646974,1244.5
1484,49.60241646090535,1122.1012810248199,452.31692020282884,1249.0
1485,49.63584126984127,1121.0445744532665,457.3670427636161,1196.5
1486,49.66926607877719,1120.6316788717113,461.4422294548413,1229.0
1487,49.70269088771311,1119.678976884147,465.6978525509506,1218.5
1488,49.73611569664903,1118.8803078556261,470.69400212314224,1256.0
1489,49.76954050558495,1117.4019756838907,475.49696048632217,1316.0
1490,49.802965314520875,1115.9638584561137,480.4580027704319,1323.5
1491,49.836390123456795,1114.411111111111,485.5149019607843,1275.0
1492,49.869814932392714,1112.5236040277232,490.6286125277886,1274.5
1493,49.90323974132863,1110.865601869887,494.72458122321774,1283.5
1494,49.93666455026455,1109.310544768069,498.7319309600863,1236.0
1495,49.97008935920047,1107.0397727272727,503.23376623376623,1232.0
1496,50.00351416813639,1104.3867738296672,507.5356739988719,1182.0
1497,50.03693897707231,1102.8420022371363,510.9920302013423,1192.0
1498,50.07036378600823,1101.2054393305439,514.3234309623431,1195.0
1499,50.103788594944156,1098.1455378885546,518.2125769946998,1163.5
1500,50.137213403880075,1094.7147922998986,523.6372847011145,1316.0
1501,50.170638212815994,1091.8389626818469,527.7624288425047,1317.5
1502,50.204063021751914,1087.4265604249667,532.1264276228419,1255.0
1503,50.23748783068783,1084.7373977302718,535.4027447875428,1263.0
1504,50.27091263962375,1081.7560944802324,538.6967285587974,1319.5
1505,50.30433744855967,1078.1522269285072,542.1176999101527,1298.5
1506,50.33776225749559,1074.1900858704137,545.4211553473849,1281.0
1507,50.37118706643151,1070.6426380368098,548.6556748466257,1304.0
1508,50.404611875367436,1066.7216704863763,551.8905016552075,1309.0
1509,50.438036684303356,1062.7378737129388,554.6275896290782,1343.5
1510,50.471461493239275,1058.644658753709,557.8455736894164,1348.0
1511,50.504886302175194,1053.7271391847228,560.2367486840494,1361.5
1512,50.53831111111111,1049.3590500799803,562.9876953365325,1354.5
1513,50.57173592004703,1044.6755835300287,564.8446105428796,1271.0
1514,50.60516072898295,1040.5180722891566,567.1808483935743,1328.0
1515,50.63858553791887,1036.4718100890207,569.2575420375865,1348.0
1516,50.67201034685479,1032.1560622777981,570.7358097339708,1359.5
1517,50.70543515579072,1027.6485913737222,572.3395661929693,1337.0
1518,50.738859964726636,1023.0825866770549,574.0079210492144,1283.5
1519,50.772284773662555,1018.5447770620184,574.8581533409119,1319.5
1520,50.805709582598475,1013.7771962616822,576.2330218068536,1337.5
1521,50.839134391534394,1008.9248378014444,577.2055331129881,1361.5
1522,50.87255920047031,1004.1257396449704,578.1019477317553,1352.0
1523,50.90598400940623,999.1889813414018,578.0818204740292,1322.0
1524,50.93940881834215,994.5057124921531,578.9742623979912,1327.5
1525,50.97283362727807,990.0361635220125,579.3730043541365,1378.0
1526,51.006258436214,985.0638941398865,579.2883427851291,1322.5
1527,51.03968324514992,980.0370512329116,579.5587070397341,1304.5
1528,51.073108054085836,974.9540533736152,580.0104481369586,1324.0
1529,51.106532863021755,970.7128185621909,578.3205274502345,1314.5
1530,51.139957671957674,966.0145571181839,578.3045891931903,1351.0
1531,51.17338248089359,961.7560975609756,577.6624745934959,1312.0
1532,51.20680728982951,958.1096725057121,577.2385123127697,1313.0
1533,51.24023209876543,952.8254513094329,575.9242308670226,1311.0
1534,51.27365690770135,948.4590654692176,574.5333853963295,1280.5
1535,51.30708171663728,944.1868315938666,573.6546836747841,1293.5
1536,51.3405065255732,939.2507229976109,571.9834024896265,1325.5
1537,51.373931334509116,935.0378873416133,571.0986074520135,1328.5
1538,51.407356143445035,931.2064466615502,569.4421847019698,1303.0
1539,51.440780952380955,927.0645033636723,567.8318163830629,1263.5
1540,51.474205761316874,923.5471072186835,565.8604033970275,1256.0
1541,51.50763057025279,919.754555198285,563.8650857449088,1244.0
1542,51.54105537918871,915.1752336448598,561.0607476635514,1284.0
1543,51.57448018812463,911.2907576358588,558.8315483273833,1260.5
1544,51.60790499706056,907.6126302083333,556.1165364583333,1280.0
1545,51.64132980599648,903.8450246817354,553.1279553130684,1283.0
1546,51.6747546149324,900.021799445105,550.7089443783855,1261.5
1547,51.708179423868316,896.5930912552699,547.922480620155,1225.5
1548,51.741604232804235,892.4781228433402,545.3541752933057,1207.5
1549,51.775029041740154,889.1646946824425,541.7792737658099,1225.5
1550,51.808453850676074,885.8486088379706,538.392253136934,1222.0
1551,51.84187865961199,882.2170989433235,534.6035405516674,1214.5
1552,51.87530346854791,878.9537190082644,531.312258953168,1210.0
1553,51.90872827748384,875.6286831448122,527.5492249685798,1193.5
1554,51.94215308641976,872.8704670145858,524.0591462598688,1245.5
1555,51.97557789535568,869.8347742555235,520.2120214079869,1214.5
1556,52.009002704291596,867.0338650993563,516.1155891407781,1191.0
1557,52.042427513227516,865.6700147314851,511.9714744877461,1244.5
1558,52.075852322163435,863.6069235064209,507.8749302065885,1194.0
1559,52.109277131099354,861.3890093998554,503.3718004338395,1152.5
1560,52.14270194003527,859.1514357053682,499.4132334581773,1335.0
1561,52.17612674897119,856.1701260192735,494.6860637509266,1349.0
1562,52.20955155790712,854.614009306882,490.28300269409743,1361.0
1563,52.24297636684304,852.96164969194,485.99446749654214,1325.5
1564,52.27640117577896,851.2671794871794,480.7014102564102,1300.0
1565,52.30982598471488,849.8358228009702,475.8872717987999,1305.5
1566,52.343250793650796,848.6482959584441,470.754719371595,1315.5
1567,52.376675602586715,847.4188962130023,466.2586273749515,1289.5
1568,52.410100411522635,846.9163776493257,461.1619781631342,1297.5
1569,52.443525220458554,845.9355709876543,456.2438271604938,1296.0
1570,52.47695002939447,845.5269939440792,451.3151655714469,1293.5
1571,52.5103748383304,845.6737017139933,446.21194678946017,1303.0
1572,52.54379964726632,845.6713034518289,440.8833075734158,1294.0
1573,52.57722445620224,845.6258366800535,435.6563587684069,1245.0
1574,52.61064926513816,845.4785008342959,430.8219740726479,1298.5
1575,52.64407407407408,846.750167000668,426.0386105544422,1247.5
1576,52.677498883009996,847.5618894687541,421.25986886123377,1245.5
1577,52.710923691945915,847.943268078306,417.0889599147689,1251.5
1578,52.744348500881834,848.8142431627402,412.6437855402112,1231.0
1579,52.77777330981775,849.8832075998882,407.9944118468846,1193.0
1580,52.81119811875368,850.9267089499647,402.7661733615222,1182.5
1581,52.8446229276896,853.0130691979639,398.14128490851556,1211.5
1582,52.87804773662552,854.1047888081786,393.89252085014795,1239.0
1583,52.91147254556144,855.8467153284671,389.66599080832657,1233.0
1584,52.94489735449736,857.4725738396623,385.03212195453926,1224.5
1585,52.978322163433276,859.0085048010973,381.4526748971193,1215.0
1586,53.011746972369195,861.1410949410949,376.87650727650725,1202.5
1587,53.045171781305115,863.3899889988999,372.46177117711767,1212.0
1588,53.078596590241034,865.9298690325306,368.4350091536403,1183.5
1589,53.11202139917696,868.4333741663263,364.6658500068055,1224.5
1590,53.14544620811288,872.049703264095,361.6938674579624,1348.0
1591,53.1788710170488,875.5341260993433,357.52855196333456,1345.5
1592,53.21229582598472,877.6864710979081,354.16833766555266,1346.5
1593,53.24572063492064,880.3976038936728,351.10620242106575,1335.5
1594,53.27914544385656,883.8534701114487,347.07434143870313,1316.0
1595,53.312570252792476,886.8343495934959,343.6075965447154,1312.0
1596,53.345995061728395,890.6250780567003,340.82702635194204,1334.5
1597,53.379419870664314,893.3987222848554,337.92271076036576,1330.5
1598,53.41284467960024,897.2634183479254,334.90077401345,1313.5
1599,53.44626948853616,900.5964046081781,331.58501076085577,1316.5
1600,53.47969429747208,903.7326007326006,329.10332196539093,1319.5
1601,53.513119106408,907.6145351823317,326.4681561376476,1298.0
1602,53.54654391534392,911.8463659147868,323.9655388471178,1330.0
1603,53.57996872427984,916.4154444026576,321.26701767581795,1329.5
1604,53.613393533215756,920.8493457943925,318.66355140186914,1337.5
1605,53.646818342151676,924.9118426031025,316.6357674359944,1321.5
1606,53.680243151087595,929.0158187800556,314.6190837762592,1317.0
1607,53.71366796002352,933.4664909638554,313.78350903614455,1328.0
1608,53.74709276895944,937.7035661218425,312.2820703318474,1346.0
1609,53.78051757789536,942.9047083801673,310.3593106032222,1334.5
1610,53.81394238683128,948.087809036658,308.68420411642916,1368.5
1611,53.8473671957672,953.6355605325369,307.00199079258425,1339.5
1612,53.88079200470312,957.7754532775452,306.09293774565737,1314.5
1613,53.91421681363904,962.7379381709998,305.3432932350278,1288.5
1614,53.947641622574956,966.9686086725192,304.42990156956637,1253.0
1615,53.981066431510875,970.6054666666666,303.76706666666666,1250.0
1616,54.0144912404468,976.648338607595,303.44699367088606,1264.0
1617,54.04791604938272,980.5940170940171,304.1223776223776,1287.0
1618,54.08134085831864,985.3954669792888,304.1389865833008,1279.5
1619,54.11476566725456,990.1271982017718,304.44744149147164,1260.5
1620,54.14819047619048,995.5754257907543,304.86678832116786,1370.0
1621,54.1816152851264,1000.8482142857143,305.37921626984127,1344.0
1622,54.21504009406232,1005.1925184655706,306.002263521563,1399.0
1623,54.248464902998236,1009.2645696171664,306.6544745184101,1367.0
1624,54.281889711934156,1014.5953431372548,307.61078431372545,1360.0
1625,54.31531452087008,1019.6435897435896,308.73782051282046,1300.0
1626,54.348739329806,1030.423256400555,311.0503216042376,1321.5
1627,54.38216413874192,1035.9227964290203,312.8732553753301,1325.5
1628,54.41558894767784,1040.3585612588984,315.21893343324587,1334.5
1629,54.44901375661376,1044.072952164584,316.84967815221506,1320.5
1630,54.48243856554968,1048.932026636512,319.4578464631235,1326.5
1631,54.5158633744856,1053.834592145015,321.713116817724,1324.0
1632,54.54928818342152,1058.1926961926963,324.68699818699815,1287.0
1633,54.582712992357436,1062.085967617579,327.48072474942177,1297.0
1634,54.61613780129336,1066.1119184193753,330.2175908221797,1307.5
1635,54.64956261022928,1069.8078125,332.92369791666664,1280.0
1636,54.6829874191652,1073.2809505054481,335.46540632795063,1269.5
1637,54.71641222810112,1076.821400159109,339.269291964996,1257.0
1638,54.74983703703704,1080.366172740622,342.347216659992,1248.5
1639,54.78326184597296,1083.7603406326034,345.88456339551226,1233.0
1640,54.81668665490888,1087.2314428690574,349.3550180706144,1199.0
1641,54.8501114638448,1090.8898023943457,353.48882157796044,1155.5
1642,54.88353627278072,1093.3560442719563,357.0715825786977,1159.5
1643,54.91696108171664,1096.5556992956733,361.1276412246658,1159.5
1644,54.95038589065256,1098.493799822852,365.2655742545025,1129.0
1645,54.98381069958848,1101.3715355805243,369.6253183520599,1112.5
1646,55.0172355085244,1104.0411576497963,373.7873763816172,1146.0
1647,55.05066031746032,1106.3941605839416,378.4133211678832,1096.0
1648,55.08408512639624,1108.7628835269584,383.11930294906165,1119.0
1649,55.11750993533216,1111.7099585655092,386.8862694670667,1166.5
1650,55.15093474426808,1113.2609123324726,391.53842370588956,1355.5
1651,55.184359553204,1114.473011188983,395.2036149022501,1355.5
1652,55.21778436213992,1115.3179391682183,399.87113594040966,1342.5
1653,55.25120917107584,1116.6664140457244,404.4837691044587,1319.5
1654,55.28463398001176,1118.0112359550562,409.1792586852641,1290.5
1655,55.31805878894768,1118.8524374176548,413.81067193675887,1265.0
1656,55.3514835978836,1120.2655031072325,417.99510776147025,1260.5
1657,55.38490840681952,1121.0584582152017,422.34507897934384,1234.5
1658,55.41833321575544,1121.4493817094713,426.623726049735,1226.5
1659,55.45175802469136,1121.705543859649,430.56042105263157,1187.5
1660,55.48518283362728,1121.9044983681,435.5094366397048,1174.5
1661,55.518607642563204,1122.4965487489214,441.4568593615185,1159.0
1662,55.55203245149912,1122.3999430686022,446.41218331910045,1171.0
1663,55.58545726043504,1122.1725644386195,451.62589194699285,1144.5
1664,55.61888206937096,1121.4616071428572,455.8376488095238,1120.0
1665,55.65230687830688,1120.7511050144794,460.5096784026825,1093.5
1666,55.6857316872428,1120.2496896337677,464.7216014897579,1074.0
1667,55.71915649617872,1118.656615661566,469.9246924692469,1111.0
1668,55.75258130511464,1117.6554174067496,473.91799881586735,1126.0
1669,55.78600611405056,1116.110908261068,479.1512247071352,1095.5
1670,55.819430922986484,1114.7155756207676,483.8620015048909,1107.5
1671,55.8528557319224,1113.1805233008206,488.91469267688495,1076.5
1672,55.88628054085832,1111.7157328268438,493.59306742640075,1053.0
1673,55.91970534979424,1110.3512691898463,497.7572579419364,1096.5
1674,55.95313015873016,1108.478267523722,501.96801346801345,1089.0
1675,55.98655496766608,1106.2161578785074,506.6145544249151,1081.0
1676,56.019979776602,1104.9737003058103,509.670489296636,1090.0
1677,56.05340458553792,1102.9611738148985,513.5107599699021,1107.5
1678,56.08682939447384,1099.9716245712502,517.2510134081696,1069.0
1679,56.120254203409765,1096.7974416854777,522.7974416854778,1107.5
1680,56.153679012345684,1092.0750382848391,526.0171005615109,1306.0
1681,56.1871038212816,1089.5364525312539,530.4876841193217,1346.5
1682,56.22052863021752,1086.627636731085,533.8091448781104,1319.5
1683,56.25395343915344,1082.5311369025333,537.2102832896543,1335.5
1684,56.28737824808936,1079.036261682243,540.411090342679,1337.5
1685,56.32080305702528,1075.05834601725,544.1056570268898,1314.0
1686,56.3542278659612,1071.4649859943977,547.2234530175707,1309.0
1687,56.38765267489712,1067.8159380333464,549.9813574898253,1269.5
1688,56.421077483833045,1064.190438352536,552.6800423784929,1258.5
1689,56.454502292768964,1060.4453145392847,555.3645262333595,1277.0
1690,56.487927101704884,1055.5996319663511,557.8241324921136,1268.0
1691,56.5213519106408,1051.0553333333332,560.3832,1250.0
1692,56.55477671957672,1046.5919861554844,562.8298722044728,1252.0
1693,56.58820152851264,1042.0677301987125,565.326896165687,1191.0
1694,56.62162633744856,1037.9858543417365,567.5738095238095,1190.0
1695,56.65505114638448,1034.6019879602406,569.4215315693685,1190.5
1696,56.6884759553204,1029.811872909699,571.1468784838349,1196.0
1697,56.721900764256326,1025.6000841042894,572.4862629660779,1189.0
1698,56.755325573192245,1021.2148431956861,573.5246204058465,1174.5
1699,56.788750382128164,1016.1677613574165,574.8875205254516,1218.0
1700,56.82217519106408,1011.4917870291702,575.7496459926366,1177.0
1701,56.8556,1006.3558149589278,576.5051160109525,1156.5
1702,56.88902480893592,1001.9738589211619,577.5547717842323,1205.0
1703,56.92244961787184,996.8806722689076,578.61918767507,1190.0
1704,56.95587442680776,991.9950396825395,578.4216269841269,1176.0
1705,56.98929923574368,987.4377358490566,578.619426974144,1192.5
1706,57.022724044679606,982.633610018931,578.2819280617446,1144.5
1707,57.056148853615525,978.0045481220656,578.3661971830986,1136.0
1708,57.089573662551444,972.9881691807157,578.2338065661047,1127.0
1709,57.122998471487364,968.3626293543214,577.3598600787058,1143.5
1710,57.15642328042328,963.1913375169188,576.1636520241171,1354.5
1711,57.1898480893592,958.8070958938097,575.3647190174917,1343.5
1712,57.22327289829512,954.7265087853323,574.5398523045582,1309.0
1713,57.25669770723104,950.134107027724,573.3998710509348,1292.5
1714,57.29012251616696,945.4797805842582,571.9192499043245,1306.5
1715,57.323547325102886,941.4707379134859,570.5987679121467,1244.5
1716,57.356972134038806,937.2253411306043,568.6765432098765,1282.5
1717,57.390396942974725,932.867170912951,567.3764596602972,1256.0
1718,57.423821751910644,929.375988590691,565.7814080124465,1285.5
1719,57.45724656084656,925.7062836153744,563.9776990686081,1270.5
1720,57.49067136978248,921.5855926653568,561.9182711198429,1272.5
1721,57.5240961787184,916.8099973481834,559.4366215857862,1257.0
1722,57.55752098765432,913.0099102718629,556.5876523369492,1244.5
1723,57.59094579659024,909.1318695428864,554.8498972778633,1298.0
1724,57.62437060552617,905.2773910801752,552.5239752513535,1293.0
1725,57.657795414462086,901.6963515103962,549.8420295540734,1274.5
1726,57.691220223398005,898.6681040114986,547.453678296093,1275.5
1727,57.724645032333925,894.9550254204146,544.1956720114717,1278.5
1728,57.758069841269844,891.1315032679737,540.9364705882352,1275.0
1729,57.79149465020576,888.088514507287,537.5670544190399,1246.5
1730,57.82491945914168,884.3405200574937,533.6552985757219,1275.5
1731,57.8583442680776,880.7226835376301,529.7230789508369,1264.5
1732,57.89176907701352,877.6741363211951,525.8068560757636,1249.5
1733,57.92519388594945,875.3895145631068,522.6125566343042,1287.5
1734,57.95861869488537,872.6035964564326,519.1109348142271,1260.5
1735,57.992043503821286,869.7088215488214,515.2002693602693,1237.5
1736,58.025468312757205,867.6401920438957,511.6976680384087,1215.0
1737,58.058893121693124,865.7905082841897,507.36422353271547,1187.0
1738,58.092317930629044,863.4905090595341,503.3730227207362,1159.0
1739,58.12574273956496,861.4560552616108,498.9415049970605,1134.0
1740,58.15916754850088,858.6778816199376,494.4984423676012,1337.5
1741,58.1925923574368,856.4237774451096,489.00935628742513,1336.0
1742,58.22601716637273,855.2633635905192,485.257312153303,1322.0
1743,58.25944197530865,853.4944707740915,479.80896828290196,1371.5
1744,58.292866784244566,851.6593008739075,475.30724094881396,1335.0
1745,58.326291593180486,850.7335550628234,470.10827790096084,1353.0
1746,58.359716402116405,849.752623688156,465.5730884557721,1334.0
1747,58.393141211052324,848.9396496611686,460.43089119038484,1303.5
1748,58.42656601998824,848.4687781640272,455.5394618256727,1294.5
1749,58.45999082892416,847.8184050665632,451.1283443195037,1289.5
1750,58.49341563786008,847.3195779914529,445.4361645299145,1248.0
1751,58.52684044679601,847.646977155118,440.0714375867726,1320.5
1752,58.56026525573193,847.8183702552143,434.87329965021377,1286.5
1753,58.59369006466785,848.1378367825068,429.87517896654947,1280.5
1754,58.627114873603766,848.7918180594804,424.7910106311398,1238.5
1755,58.660539682539685,849.0072347266881,420.5533226152197,1244.0
1756,58.693964491475604,849.5572,416.27826666666664,1250.0
1757,58.727389300411524,850.7761133603238,411.87638326585693,1235.0
1758,58.76081410934744,851.4663683211282,407.12191483590993,1229.0
1759,58.79423891828336,853.06873132301,402.5877478945938,1227.0
1760,58.82766372721929,854.3158710040839,397.6373750176031,1183.5
1761,58.86108853615521,856.0703560703561,392.98355498355494,1165.5
1762,58.89451334509113,857.8000284656988,388.5493879874751,1171.0
1763,58.927938154027046,859.4698275862069,384.5423850574712,1160.0
1764,58.961362962962966,861.0999027372516,381.2783104071141,1199.5
1765,58.994787771898885,863.3000848896435,376.8082908885116,1178.0
1766,59.028212580834804,865.6669602231028,372.44723323058855,1135.5
1767,59.06163738977072,867.8766025641025,368.6515151515151,1144.0
1768,59.09506219870664,870.6411798396334,364.3194444444444,1164.0
1769,59.12848700764257,873.7312631027253,359.86962788259956,1272.0
1770,59.16191181657849,876.4487882109364,356.3582998416758,1368.5
1771,59.19533662551441,879.3108124922234,353.297747915889,1339.5
1772,59.22876143445033,882.3601462522852,349.6712979890311,1367.5
1773,59.262186243386246,884.9427138023567,346.09707152024265,1428.5
1774,59.295611052322165,888.3460317460317,342.73003663003664,1365.0
1775,59.329035861258085,891.4819656257564,339.32546598886466,1377.0
1776,59.362460670194004,894.4956848030018,336.55084427767355,1332.5
1777,59.39588547912992,898.0642883686362,333.2468722903505,1345.5
1778,59.42931028806585,901.3330876934414,330.7098992876443,1357.0
1779,59.46273509700177,905.313760591956,328.22866690535864,1396.5
1780,59.49615990593769,908.481763285024,326.12753623188405,1380.0
1781,59.52958471487361,913.0948747297468,323.0686760778329,1310.5
1782,59.56300952380953,917.0459944402323,320.8539297447561,1319.0
1783,59.596434332745446,920.9466116529131,318.06889222305574,1333.0
1784,59.629859141681365,924.897582697201,315.71870229007635,1310.0
1785,59.663283950617284,929.4037990196077,313.90441176470586,1360.0
1786,59.6967087595532,933.2672683966402,312.4134386360787,1329.5
1787,59.73013356848913,937.3288973384031,310.5074778200253,1315.0
1788,59.76355837742505,941.8133798269404,308.92728916440655,1290.5
1789,59.79698318636097,946.7045277127245,307.600052042675,1281.0
1790,59.83040799529689,953.5718022855568,306.4880903208041,1210.5
1791,59.86383280423281,957.8353221957041,304.8614425881729,1257.0
1792,59.897257613168726,962.7137738853503,303.9643046709129,1256.0
1793,59.930682422104645,967.0392466745685,302.7707098643487,1265.5
1794,59.964107231040565,971.3161745144984,302.46382016493743,1253.0
1795,59.997532039976484,976.7361592806678,301.7664739884393,1297.5
1796,60.03095684891241,981.2911526727682,301.6205066985011,1256.5
1797,60.06438165784833,985.9680622651637,301.5921900161031,1242.0
1798,60.09780646678425,991.1409170364393,302.0473309130025,1239.5
1799,60.13123127572017,995.883958585451,301.99004975124376,1239.5
1800,60.16465608465609,1000.4075712881022,303.9958210422812,1356.0
1801,60.19808089359201,1005.4476363636363,304.38945454545456,1375.0
1802,60.231505702527926,1009.5882352941177,305.5396528037966,1334.5
1803,60.264930511463845,1014.8043293201994,305.55308281649036,1370.5
1804,60.298355320399764,1019.799602435085,307.08994906199524,1341.5
1805,60.33178012933569,1024.8361644510092,308.70384047267356,1354.0
1806,60.36520493827161,1030.1402116402116,309.98244348244344,1386.0
1807,60.39862974720753,1034.6400245549416,311.4379373848987,1357.5
1808,60.43205455614345,1039.0714551544474,313.08671380721995,1343.5
1809,60.46547936507937,1043.3056280283265,314.8623431482172,1341.5
1810,60.49890417401529,1048.1449386503068,317.31122188139057,1304.0
1811,60.532328982951206,1052.4265484546238,320.3208964413249,1353.5
1812,60.565753791887126,1057.444852491125,323.0330517811238,1361.5
1813,60.599178600823045,1061.5451851851851,325.57876543209875,1350.0
1814,60.63260340975897,1065.4704280155643,328.3669260700389,1285.0
1815,60.66602821869489,1069.3793103448277,331.28069487983277,1276.0
1816,60.69945302763081,1072.5130228887135,333.9442252038937,1267.0
1817,60.73287783656673,1076.2200596859996,336.7458154924095,1284.5
1818,60.76630264550265,1079.736068111455,340.7541279669762,1292.0
1819,60.79972745443857,1083.0180321442572,344.0739579249967,1275.5
1820,60.83315226337449,1086.6373669688608,348.0758113257128,1268.5
1821,60.866577072310406,1089.8157605711147,352.52649643053263,1214.0
1822,60.900001881246325,1092.804439030992,356.3938286642306,1231.5
1823,60.93342669018225,1095.9538684592064,360.02293396599447,1264.5
1824,60.96685149911817,1098.433638443936,362.33536740401723,1311.0
1825,61.00027630805409,1101.0294231513744,366.79184410891725,1291.5
1826,61.03370111699001,1104.0397174463546,371.68985739037714,1250.5
1827,61.06712592592593,1106.6895012118891,375.6220181145554,1306.5
1828,61.10055073486185,1108.7925454304284,380.4306937259583,1256.5
1829,61.13397554379777,1110.9424915824916,384.70114478114476,1237.5
1830,61.16740035273369,1112.18919582566,390.5409453652547,1357.5
1831,61.200825161669606,1113.722099311701,394.58075221238937,1356.0
1832,61.23424997060553,1115.4974145541682,398.06356413166856,1321.5
1833,61.26767477954145,1117.0361079437475,402.756619789687,1315.5
1834,61.30109958847737,1118.3919764916316,407.42148971508874,1304.5
1835,61.33452439741329,1119.055706346129,411.7226315109215,1289.5
1836,61.36794920634921,1120.0628458498024,415.9728590250329,1265.0
1837,61.40137401528513,1120.337603416066,420.41299706431806,1249.0
1838,61.43479882422105,1121.219921875,424.11783854166663,1280.0
1839,61.46822363315697,1121.8224828143955,428.6114031540639,1236.5
1840,61.501648442092886,1121.6526587787298,433.62260301917587,1225.5
1841,61.53507325102881,1121.9449917898194,438.9549808429118,1218.0
1842,61.56849805996473,1121.6789677764407,443.89169675090255,1246.5
1843,61.60192286890065,1122.1501888758628,448.708610134167,1279.5
1844,61.63534767783657,1120.918275958578,452.96893366918556,1191.0
1845,61.66877248677249,1121.1122448979593,457.97293083900223,1176.0
1846,61.70219729570841,1120.3882940756603,462.0997858672377,1167.5
1847,61.73562210464433,1119.144065446478,466.63158624514693,1202.0
1848,61.76904691358025,1117.8633475949696,472.7719434720601,1285.5
1849,61.80247172251617,1116.301347488771,477.71648291819787,1224.5
1850,61.83589653145209,1114.8489430211393,482.8304633907322,1190.5
1851,61.86932134038801,1113.6758422350042,487.64228978362087,1217.0
1852,61.90274614932393,1111.9101713653952,492.6575456053068,1206.0
1853,61.93617095825985,1110.1498127340824,497.2111249826605,1201.5
1854,61.96959576719577,1108.1229226754565,501.15409971157806,1213.5
1855,62.00302057613169,1106.2219508886174,505.45204178537506,1228.5
1856,62.03644538506761,1103.8005304299274,509.14070351758795,1194.0
1857,62.06987019400353,1102.00201236165,512.3925542618945,1159.5
1858,62.10329500293945,1099.4397966594045,516.2521423384168,1147.5
1859,62.13671981187537,1096.7517482517483,520.9344405594405,1144.0
1860,62.17014462081129,1093.728077023159,525.6500130106688,1281.0
1861,62.20356942974721,1090.2415019762846,529.6177865612648,1265.0
1862,62.23699423868313,1087.344634920635,532.7732063492062,1312.5
1863,62.27041904761905,1083.5877901757085,536.7112992176477,1299.5
1864,62.30384385655497,1080.2405310425615,540.2308993882598,1280.5
1865,62.33726866549089,1075.9334157056562,543.4060955518945,1214.0
1866,62.37069347442681,1072.7731009070294,546.7329931972789,1176.0
1867,62.40411828336273,1068.752308984047,549.290232297789,1191.0
1868,62.437543092298654,1064.9455922865013,552.490082644628,1210.0
1869,62.47096790123457,1061.3049706345796,554.852886405959,1163.5
1870,62.50439271017049,1056.7531186539018,557.7725558456629,1149.0
1871,62.53781751910641,1051.5739421868454,560.874039938556,1193.5
1872,62.57124232804233,1047.2538759689921,562.9035160575858,1204.0
1873,62.60466713697825,1042.896318239526,565.0506418394696,1181.5
1874,62.63809194591417,1038.1167152980408,566.9723495901069,1199.5
1875,62.67151675485009,1033.9122448979592,568.9398639455782,1225.0
1876,62.70494156378601,1030.0262382864792,570.7593038821954,1245.0
1877,62.738366372721934,1025.9104497354497,571.7347883597884,1260.0
1878,62.77179118165785,1020.9842091295116,572.9720010615711,1256.0
1879,62.80521599059377,1016.7156346958045,573.9282341831916,1235.5
1880,62.83864079952969,1011.797042463709,575.1507258173924,1228.5
1881,62.87206560846561,1006.9219858156029,576.3795021554721,1198.5
1882,62.90549041740153,1002.4738837405223,577.2010671159786,1187.0
1883,62.93891522633745,997.4923208191126,577.615329920364,1172.0
1884,62.97234003527337,993.1953236384373,577.7447961220416,1169.0
1885,63.00576484420929,988.1948830409356,578.2441520467836,1140.0
1886,63.039189653145215,983.2380134535565,577.8505796479176,1164.5
1887,63.072614462081134,978.2827529021558,577.7535931453841,1206.0
1888,63.10603927101705,972.8103685368535,578.4625962596259,1212.0
1889,63.13946407995297,968.1233401779601,578.5141683778234,1217.5
