frame,time_s,x_px,y_px,area_px2,x_mm,y_mm,radius_px,radius_mm,theta_rad,theta_unwrapped_rad,theta_unwrapped_deg,rev_float,rev_index
0,0.0,965.045074518357,302.9883678662305,1375.5,-2.7210803115191817,22.009299904862626,138.94019972700698,22.176869940636873,1.6938053294408464,1.6938053294408464,97.0478966937265,0.0,1
1,0.03342480893592005,970.0809241413391,302.72115147022487,1349.0,-1.9172857124836942,22.051951515209133,138.67877569661493,22.135142875807883,1.6575222754937184,1.6575222754937184,94.9690308347106,0.005774627386155294,1
2,0.0668496178718401,974.8892672468154,302.92218438642954,1321.5,-1.1498044515554469,22.01986374762842,138.14448794390688,22.049862805490132,1.6229656389476574,1.6229656389476574,92.98908140645375,0.011274486909090973,1
3,0.10027442680776015,979.9145684579731,303.0100212952524,1330.5,-0.34769353195592984,22.005843703704635,137.8859119006472,22.00859032069162,1.5865950668037891,1.5865950668037891,90.90520112413402,0.01706304324886799,1
4,0.1336992357436802,985.0292887029289,303.595917332319,1314.5,0.4686899616477382,21.91232620309437,137.31420813225347,21.917338111891357,1.5494102584621063,1.5494102584621063,88.77466854415275,0.022981189304371537,1
5,0.16712404467960024,989.7157703299557,304.5580670303975,1283.0,1.216720364122804,21.758753164048546,136.53362231225316,21.792745299719893,1.5149358396324157,1.5149358396324157,86.79942984404514,0.02846796347133712,1
6,0.2005488536155203,994.1358835651725,305.2821998969603,1294.0,1.922234510013567,21.64317106158247,136.13027267896018,21.728364851327584,1.4822139259492173,1.4822139259492173,84.92460229240649,0.03367581778144447,1
7,0.23397366255144034,1005.3962560386473,307.3824879227053,1380.0,3.7195531860917055,21.307934647093784,135.51491337616076,21.630144586409603,1.3979757907042412,1.3979757907042412,80.09811266881712,0.04708273340252605,1
8,0.2673984714873604,1009.8853227551389,309.0227190768121,1386.5,4.436073307137171,21.046129978260158,134.75320061766885,21.508564188437028,1.3630585584403607,1.3630585584403607,78.09750262781874,0.052639983516410443,1
9,0.30082328042328044,1014.4652600945799,310.5587486358676,1374.5,5.167097696857456,20.80095739449335,134.28054936861818,21.433122197580015,1.327317778148116,1.327317778148116,76.04970676056877,0.05832830536988259,1
10,0.3342480893592005,1019.3029425952724,312.40882778581766,1382.0,5.939261950563352,20.505657943586108,133.7501467111421,21.348462244779263,1.2888708662237618,1.2888708662237618,73.84686097199207,0.0644473214492623,1
11,0.3676728982951205,1029.2933655839668,315.7146970744068,1447.0,7.533878279800988,19.977993283553698,133.76814938661107,21.35133573274922,1.2101780757070337,1.2101780757070337,69.33809619727646,0.07697166804569457,1
12,0.4010977072310406,1033.9722615675164,318.9105288007554,1412.0,8.280697903616307,19.46789221354913,132.54323436757096,21.155821539456284,1.1686279607987462,1.1686279607987462,66.95744997474797,0.0835845742193848,1
13,0.43452251616696064,1038.9082612872237,321.14097022094137,1388.0,9.068555010674222,19.111881430616172,132.53344904966255,21.154259660871045,1.1277574222941393,1.1277574222941393,64.61574061200707,0.09008932244922063,1
14,0.4679473251028807,1043.9362796679527,323.8522155968666,1425.5,9.871099629925151,18.679127366657823,132.36240936863814,21.126959248404248,1.0846438068174058,1.0846438068174058,62.14551240564034,0.096951067466906,1
15,0.5013721340388008,1047.970511913187,326.58575135645196,1413.0,10.51502157611978,18.24281543434799,131.9194582442276,21.056257827970043,1.0479161932430086,1.0479161932430086,60.04117515623999,0.10279644871524031,1
16,0.5347969429747208,1052.1216874628637,329.41105169340466,1402.5,11.17760936890268,17.791856545279554,131.63993747723347,21.011642261650753,1.0098683632864305,1.0098683632864305,57.86119508009664,0.1088519489267496,1
17,0.5682217519106408,1055.81592039801,332.5040650406504,1373.5,11.767262496608875,17.298166779025465,131.07307319779912,20.92116250544118,0.9734414432592975,0.9734414432592975,55.77408630188135,0.11464947331068098,1
18,0.6016465608465609,1063.6440617151059,337.6816170314556,1393.5,13.0167473268255,16.471754427981082,131.53035734080012,20.99415168341253,0.9020309617826388,0.9020309617826388,51.682567100271655,0.12601480442626345,1
19,0.6350713697824809,1066.7705331412103,340.8220461095101,1388.0,13.515777487470636,15.970496423755888,131.0787563460018,20.92206961827672,0.8684561858911646,0.8684561858911646,49.7588741435926,0.13135839597259416,1
20,0.668496178718401,1070.3888096935138,344.5327868852459,1403.0,14.093306875418495,15.37820840539546,130.68552814409466,20.859304697052913,0.8289686528840863,0.8289686528840863,47.496405158903485,0.13764303204117503,1
21,0.701920987654321,1074.0016648828635,348.536805803306,1401.5,14.669970935251333,14.73910894418742,130.28526737801647,20.795417276644017,0.7877490659707398,0.7877490659707398,45.13469679549605,0.14420333305064015,1
22,0.735345796590241,1076.7458556946929,352.5605247465712,1397.5,15.107983568353962,14.096865073386901,129.45766218709585,20.663319491285247,0.7507903897500595,0.7507903897500595,43.01712063166055,0.1500854890612943,1
23,0.7687706055261612,1080.258697261288,356.62065136935604,1351.0,15.668684004207025,13.448810009172723,129.3674862220332,20.64892610007885,0.709306860120103,0.709306860120103,40.64028946455815,0.15668779785880096,1
24,0.8021954144620812,1083.0419743968487,360.94251600196947,1354.0,16.112935381168867,12.758977764460065,128.765340392486,20.5528148970332,0.669749724038526,0.669749724038526,38.373832517459114,0.16298351160074273,1
25,0.8356202233980012,1085.4430444189893,364.3053328242332,1309.5,16.49618096239013,12.22222345254704,128.62634445075938,20.530629129861396,0.637659568492046,0.637659568492046,36.535202040727484,0.16809081848055282,1
26,0.8690450323339213,1091.3642624593037,372.44828449787127,1331.0,17.441293195050044,10.922490325964658,128.93004135192962,20.579103557650186,0.5594927638197537,0.5594927638197537,32.05657403498165,0.1805314518298468,1
27,0.9024698412698413,1094.0164145855317,376.8000937976316,1421.5,17.864615119746464,10.227878478300248,128.96877065639293,20.585285316058926,0.519969720490426,0.519969720490426,29.792070458698493,0.18682173954174447,1
28,0.9358946502057613,1096.144681363691,381.237682206963,1383.5,18.204317348697863,9.519575041302303,128.70455515853035,20.543112692556786,0.4818225131391328,0.4818225131391328,27.606396477258965,0.19289305615685426,1
29,0.9693194591416814,1098.440436756226,385.80088332719913,1358.5,18.570753188403003,8.791221994773789,128.72574584389244,20.546495033118777,0.44213447966658714,0.44213447966658714,25.332439662108158,0.19920960286560652,1
30,1.0027442680776015,1099.9398613103776,390.5602582496413,1394.0,18.810083082764404,8.03155676569601,128.1399784163818,20.452998060457958,0.40354776533148856,0.40354776533148856,23.121583785430055,0.20535086918971232,1
31,1.0361690770135215,1101.5428605972675,394.52133962036027,1378.5,19.065945005880522,7.399310759462303,128.1300118646502,20.45140725432739,0.3701975326459445,0.3701975326459445,21.210756206769133,0.21065872357488158,1
32,1.0695938859494416,1103.3622294764841,398.85080401402485,1378.5,19.356342652405477,6.708265482720451,128.3456118447881,20.485820136474647,0.33361300973488134,0.33361300973488134,19.114617448465548,0.21648133123683597,1
33,1.1030186948853615,1104.7522835221046,403.2507611740348,1368.5,19.5782154281806,6.0059685386133,128.30116011132,20.478724995444946,0.2976542770127146,0.2976542770127146,17.054333826846424,0.22220434129688907,1
34,1.1364435038212817,1106.0262762762763,408.1631631631631,1332.0,19.781563139426833,5.221877971426292,128.1787400162935,20.45918497368841,0.2580896279901056,0.2580896279901056,14.78744641993453,0.22850125076053326,1
35,1.1698683127572016,1106.6750192752506,412.8409149318941,1297.0,19.885111926181274,4.475240980882467,127.6981710192011,20.382479195469,0.2213666534976268,0.2213666534976268,12.683374970348918,0.23434589367604883,1
36,1.2032931216931217,1107.6207032793363,417.064006321612,1265.5,20.036056801780678,3.801174377543669,127.76685744327281,20.393442544422857,0.18748849347840202,0.18748849347840202,10.742299383578494,0.23973777030596669,1
37,1.236717930629042,1108.1749836280287,421.91512770137524,1272.5,20.124527980228336,3.0268650839293416,127.50023320841433,20.350885451579344,0.14928773478999996,0.14928773478999996,8.553557136535346,0.24581760988108653,1
38,1.2701427395649618,1109.042928273449,425.98869600322973,1238.5,20.26306452728223,2.376664532886315,127.82027331434782,20.401968491757923,0.1167570176269666,0.1167570176269666,6.689684338559744,0.25099503431990766,1
39,1.303567548500882,1109.196175539964,430.3725409272252,1211.5,20.287525012476156,1.6769393352085464,127.53674835502126,20.356713798297978,0.08247115962011352,0.08247115962011352,4.725249377782243,0.25645179809984514,1
40,1.336992357436802,1108.6815360744763,436.3365658132919,1289.0,20.2053810936185,0.7249945094425209,126.67009755469984,20.21838376767732,0.03586587212851342,0.03586587212851342,2.0549631015197094,0.2638692599783522,1
41,1.370417166372722,1108.9800353803384,442.15579984836995,1319.0,20.253025909852262,-0.20383959763101903,126.89356036113738,20.254051670880802,-0.010064309213141734,-0.010064309213141734,-0.5766424416276519,0.27117927537598374,1
42,1.403841975308642,1108.9473067915692,446.9761904761905,1281.0,20.24780195265411,-0.9732438177651687,127.00086306811521,20.27117873836452,-0.04802967399732567,-0.04802967399732567,-2.7518976114359948,0.2772216508476736,1
43,1.4372667842445621,1109.1352127381883,451.34494909945187,1277.0,20.27779446560164,-1.6705610231561663,127.4727056324562,20.346491651419246,-0.0821981369593924,-0.0821981369593924,-4.70960633161149,0.28265973062593885,1
44,1.470691593180482,1108.1909792767167,455.81457402140046,1230.5,20.127081117630375,-2.383977951966122,126.97954477481586,20.267776029725947,-0.1178969848574794,-0.1178969848574794,-6.754999649651345,0.2883413787316051,1
45,1.5041164021164022,1107.8040248514314,460.97001620745544,1234.0,20.065317582099507,-3.2068612576707016,127.3065061142029,20.31996379909327,-0.15848082915247005,-0.15848082915247005,-9.080282644170394,0.2948004981608247,1
46,1.5375412110523223,1107.0038663352664,465.05343827671913,1207.0,19.937600683896168,-3.858634612831531,127.22879342881149,20.307559727988945,-0.1911720907728965,-0.1911720907728965,-10.953353961978838,0.30000347404362593,1
47,1.5709660199882423,1105.9563837129053,470.4640441683919,1207.5,19.770407273156724,-4.722245744782045,127.34776523905498,20.326549353508096,-0.23446134759423884,-0.23446134759423884,-13.433645676099664,0.3068931732495171,1
48,1.6043908289241624,1105.0584,475.34306666666663,1250.0,19.627076055488672,-5.5010084613628205,127.70397268435421,20.383405225327834,-0.27326509623687073,-0.27326509623687073,-15.656936702608967,0.3130689816564874,1
49,1.6378156378600823,1103.0823909531503,479.9717285945073,1238.0,19.311676367568197,-6.239810001698787,127.14841507544544,20.29473017763459,-0.3125221783202271,-0.3125221783202271,-17.906201821983927,0.31931694032141783,1
50,1.6712404467960025,1102.0953757225434,485.0366088631984,1211.0,19.154134429082404,-7.048238312614968,127.86912250816953,20.409765531205238,-0.35259738920580125,-0.35259738920580125,-20.20234226882406,0.3256951082293071,1
51,1.7046652557319224,1100.399764613574,488.636589512227,1274.5,18.883490316670034,-7.62284740918443,127.58262986804225,20.36403715287027,-0.38367294002173635,-0.38367294002173635,-21.982840176621465,0.3306409357509666,1
52,1.7380900646678425,1098.4355537503384,493.4428648795017,1231.0,18.56997378987973,-8.389998629121967,127.66597624978758,20.37734044357822,-0.4243535765675305,-0.4243535765675305,-24.313668958601124,0.33711546014535454,1
53,1.7715148736037625,1096.7864879501758,497.77349038721906,1231.0,18.30675898346939,-9.081229236498041,128.0298131526962,20.435414087428324,-0.46048969611957813,-0.46048969611957813,-26.38411609691363,0.34286670219622256,1
54,1.8049396825396826,1094.5046891747052,502.0608252947481,1244.0,17.942550822161554,-9.76555003654755,127.98304323673345,20.42794893086832,-0.49843152703427296,-0.49843152703427296,-28.558022875324635,0.3489053321362532,1
55,1.8383644914756028,1092.2606326422115,506.311004784689,1254.0,17.58436686994088,-10.443940293348511,128.1339618177014,20.45203772409251,-0.5359467184088779,-0.5359467184088779,-30.707485008715086,0.3548760602845599,1
56,1.8717893004115227,1090.4230977525046,509.8023287300297,1231.0,17.291069664808898,-11.001206204931933,128.39740852869096,20.494087638065455,-0.566638579522183,-0.566638579522183,-32.46599911590916,0.35976082169343243,1
57,1.9052141093474428,1088.6031942723391,513.642158887512,1210.5,17.000586688222977,-11.614098759886758,128.99209169680822,20.589007692168835,-0.5993334318771674,-0.5993334318771674,-34.339276167653125,0.3649643690593878,1
58,1.9386389182833628,1085.6555692560626,518.4345800794629,1216.5,16.530103007127284,-12.379038652613774,129.38368038144287,20.65151092266966,-0.6427829587501375,-0.6427829587501375,-36.82875067931457,0.3718795760362252,1
59,1.972063727219283,1082.797208538588,523.0236726874657,1218.0,16.07386720208735,-13.111524355910447,129.95826184764607,20.74322245375516,-0.6842437157070165,-0.6842437157070165,-39.2042770683614,0.37847826045024413,1
60,2.005488536155203,1079.7558386411888,527.6986386911452,1334.5,15.588420479047421,-13.857716697969872,130.67420034826048,20.857496616631106,-0.7266904636662233,-0.7266904636662233,-41.63629658047949,0.38523387020612776,1
61,2.0389133450911228,1076.4653899111277,531.4697709350356,1331.5,15.063217163691055,-14.459644070076875,130.81629906854496,20.880177632238336,-0.7649567495879968,-0.7649567495879968,-43.82879326143799,0.3913241387643458,1
62,2.072338154027043,1073.6459336048376,534.7424410712082,1350.5,14.61319106663091,-14.982009664131782,131.11962023029528,20.928592086569022,-0.7978596266467111,-0.7978596266467111,-45.71398925074014,0.39656079429018515,1
63,2.105762962962963,1069.9993852207056,538.363211607033,1355.5,14.031149084497372,-15.55993712800219,131.2660463850063,20.951963823440813,-0.837016073577149,-0.837016073577149,-47.95748840058222,0.40279273637307983,1
64,2.139187771898883,1066.7695893172083,541.7004283194759,1323.0,13.515626839478337,-16.092605291291004,131.66304432846624,21.01533045006227,-0.872215261321484,-0.872215261321484,-49.97425330062123,0.40839486109541034,1
65,2.1726125808348034,1062.7101225016117,545.4457769181173,1292.5,12.867677090055905,-16.690417219858944,132.0356186338096,21.07479870999753,-0.9140139728254217,-0.9140139728254217,-52.36914305888178,0.4150473326461341,1
66,2.206037389770723,1059.4639570552147,547.9947597137015,1304.0,12.349542028698684,-17.097271823851592,132.1367664497211,21.090943367646332,-0.9452531548010915,-0.9452531548010915,-54.15901634152881,0.42001920287570915,1
67,2.239462198706643,1055.5150462962963,551.440329218107,1296.0,11.719238628532405,-17.64723466340963,132.72030586351718,21.18408471702123,-0.9845841522939949,-0.9845841522939949,-56.412516501911796,0.4262789255434397,1
68,2.2728870076425634,1051.019233268356,554.6868096166342,1282.5,11.001641698385816,-18.165419995692332,133.0530692900719,21.23719858360703,-1.0262426327414158,-1.0262426327414158,-58.79937161247728,0.4329090786283438,1
69,2.3063118165784835,1047.1040921732222,557.4027281154813,1258.5,10.376728426081463,-18.598919957810175,133.4327475741338,21.297800741524384,-1.061892064507831,-1.061892064507831,-60.841933594732474,0.43858286191238605,1
70,2.339736625514403,1042.4515488482923,559.992983849616,1259.0,9.634115068587548,-19.012362321084176,133.53416371666705,21.313988227991658,-1.1017800315364288,-1.1017800315364288,-63.12734575882811,0.4449312290348739,1
71,2.3731614344503233,1038.4798102981028,562.690379403794,1230.0,9.000168022024866,-19.442905752725938,134.2295144106779,21.424976278494743,-1.1372647052449687,-1.1372647052449687,-65.16046779972629,0.4505787902595911,1
72,2.4065862433862435,1034.1704427083332,564.5361979166667,1280.0,8.312330486506045,-19.73752514419381,134.1761558983423,21.41645948644595,-1.1721966960934127,-1.1721966960934127,-67.16192344533174,0.4561383892751618,1
73,2.4400110523221636,1030.3377903835765,566.648568341437,1234.0,7.7005836177034075,-20.074690084712273,134.70568919390297,21.500980676482815,-1.204510260936319,-1.204510260936319,-69.01335433185258,0.46128125284883076,1
74,2.473435861258084,1026.3832116788321,568.6754528250877,1233.0,7.06937553122129,-20.398210229831804,135.25396526816402,21.58849348569383,-1.2371818574441298,-1.2371818574441298,-70.8852989217045,0.46648109893175277,1
75,2.5068606701940035,1022.2058054753061,570.745494565965,1211.5,6.402600945846921,-20.72861889880827,135.92064892269684,21.69490586114149,-1.2712152008027486,-1.2712152008027486,-72.83526585887296,0.4718976737572207,1
76,2.5402854791299236,1018.4921286789869,571.6132785763176,1217.5,5.8098442960411045,-20.86712980617681,135.70713738847815,21.660826325236854,-1.2992525562596415,-1.2992525562596415,-74.441687995261,0.4763599574694098,1
77,2.573710288065844,1013.3283082077052,573.0475991066443,1194.0,4.985623694563494,-21.096068154593883,135.8096528748012,21.677189282908966,-1.3387247986620148,-1.3387247986620148,-76.70328089283433,0.48264215996266896,1
78,2.607135097001764,1009.1137459807074,573.7024383708467,1244.0,4.31291846923279,-21.200589993649636,135.54432768956482,21.634839537216042,-1.3701011416359776,-1.3701011416359776,-78.50101292179735,0.4876358600431218,1
79,2.6405599059376836,1004.0366614664587,575.0146905876235,1282.0,3.502542183814,-21.410044469733233,135.91904120996736,21.694649246884612,-1.4086393270508313,-1.4086393270508313,-80.70908829616108,0.4937694027496878,1
80,2.673984714873604,998.8653820946388,576.6040110106173,1271.5,2.677131033686972,-21.663723047884016,136.75770276186523,21.82851178772733,-1.447842996776772,-1.447842996776772,-82.95529311288229,0.5000088605739132,1
81,2.707409523809524,993.7234848484848,577.6048850574712,1276.0,1.8564096967367731,-21.823477054338934,137.21994464788415,21.902292293351316,-1.485935818091041,-1.485935818091041,-85.13785100393588,0.5060715213823955,1
82,2.740834332745444,988.7343605952851,578.3382062425918,1265.5,1.060073144045186,-21.940525745639853,137.6198309038989,21.966119936525224,-1.5225181119928484,-1.5225181119928484,-87.23386204941662,0.5118937742865086,1
83,2.7742591416813642,984.0276516714816,578.6976200302655,1211.5,0.30881417179155896,-21.997893396181396,137.83247433398375,22.000060910426143,-1.5567588968429817,-1.5567588968429817,-89.19571450854475,0.5173433644507536,1
84,2.807683950617284,979.8379689060047,579.5043503066609,1168.5,-0.3599199308300731,-22.126659242581113,138.64396347325714,22.12958634032523,-1.5870612399793647,-1.5870612399793647,-90.93191087961671,0.5221661321481755,1
85,2.841108759553204,974.5139256458726,579.794706994329,1322.5,-1.2097144119828325,-22.17300437891647,139.12257481529033,22.205979648419206,-1.6253002750378023,-1.6253002750378023,-93.12284620111798,0.5282520635967902,1
86,2.8745335684891242,969.9740672782873,579.2335168195718,1362.5,-1.9343416168139054,-22.083430292064676,138.8845364237259,22.16798527054315,-1.6581657799651754,-1.6581657799651754,-95.00590092502287,0.5334827711631926,1
87,2.9079583774250444,965.0177580466149,578.805154766309,1351.5,-2.7254404163862533,-22.015057498867463,138.97935259511505,22.18311930594325,-1.6939685485263258,-1.6939685485263258,-97.05724845846046,0.5391809587560749,1
88,2.941383186360964,960.6069518716578,579.1936592818946,1309.0,-3.4294690205452816,-22.077068451280233,139.9738081654913,22.341848830510713,-1.7249053940158525,-1.7249053940158525,-98.82979913645867,0.5441047106394034,1
89,2.9748079952968842,956.0105396825396,578.4966349206348,1312.5,-4.163123035091926,-21.965813259222895,140.0677644036315,22.356845608098773,-1.7581020808555523,-1.7581020808555523,-100.73182918619095,0.5493881274442152,1
90,3.0082328042328044,950.6179450072359,577.7083936324168,1382.0,-5.02385931582102,-21.83999852335093,140.40310182154192,22.410370321017286,-1.7968934010903166,-1.7968934010903166,-102.95440811738338,0.5555619578086385,1
91,3.0416576131687245,946.9495361781076,576.6912801484231,1347.5,-5.609390541862936,-21.67765246732311,140.28580170411155,22.39164752190381,-1.824006061577262,-1.824006061577262,-104.50784913465645,0.5598770717455082,1
92,3.0750824221046447,941.6443853652361,575.5009494872769,1316.5,-6.456169514569753,-21.48765843888168,140.56751289713324,22.436612711969314,-1.8626745594423837,-1.8626745594423837,-106.72339086243856,0.5660313543226808,1
93,3.1085072310405644,937.5656680571356,574.2554670711667,1318.5,-7.107191921649162,-21.288861390873276,140.61304969061587,22.44388104430626,-1.8930078172380287,-1.8930078172380287,-108.46135851301133,0.5708590422409384,1
94,3.1419320399764845,933.0980694980695,572.6755469755469,1295.0,-7.8202854135690885,-21.036683241237675,140.60901730236694,22.443237416688607,-1.9267103995243704,-1.9267103995243704,-110.39237423671108,0.5762229748067711,1
95,3.1753568489124047,928.8229702970297,571.5515511551155,1262.5,-8.502653217495267,-20.857277214957993,141.1136880945816,22.523790190786908,-1.9578876570604928,-1.9578876570604928,-112.17869951032334,0.581184989455694,1
96,3.208781657848325,924.1643174105977,569.9182980944922,1277.0,-9.246241749568545,-20.596586350998134,141.44586307934458,22.57681013353275,-1.992752658399474,-1.992752658399474,-114.17631693976492,0.5867339267596984,1
97,3.2422064667842445,921.2421183800623,569.1872897196262,1337.5,-9.712667074767236,-20.47990681774013,142.0067093153692,22.666329322777127,-2.013635393552448,-2.013635393552448,-115.3728095287198,0.5900575172845731,1
98,3.2756312757201647,917.3968313373252,566.9537175648702,1336.0,-10.326430627711224,-20.123396324186963,141.70562850625703,22.618272461203436,-2.0449128273174626,-2.0449128273174626,-117.16487447745513,0.5950354754755045,1
99,3.309056084656085,913.8452981503038,565.5247704048635,1288.5,-10.89330680705444,-19.895315643564825,142.10690308647332,22.68232170104493,-2.071742159437493,-2.071742159437493,-118.70208197508764,0.5993054963022615,1
100,3.342480893592005,910.0303514376997,563.2836794462194,1252.0,-11.502227603498625,-19.537605039919224,142.04219057384051,22.671992645962174,-2.1028822741146818,-2.1028822741146818,-120.48627911964395,0.6042615994815845,1
101,3.375905702527925,905.2543051661994,560.5236951007876,1248.5,-12.264553821552397,-19.09707152991206,142.1938418768719,22.69619839224916,-2.1416840521349547,-2.1416840521349547,-122.70945723780908,0.6104370942542655,1
102,3.409330511463845,901.3049382716049,557.8877914951988,1215.0,-12.894930027584687,-18.67634310464671,142.18936865139815,22.69548440062009,-2.175078620764827,-2.175078620764827,-124.62282507896074,0.6157520049241312,1
103,3.442755320399765,897.3119066992134,555.6977217249797,1229.0,-13.53227574915248,-18.32677622227214,142.7277793665008,22.7814225555021,-2.2068243852009415,-2.2068243852009415,-126.4417233985666,0.6208045002563697,1
104,3.476180129335685,894.1508972267536,553.263458401305,1226.0,-14.036818682656238,-17.93823250895903,142.70292335385324,22.7774551755731,-2.2347803235904315,-2.2347803235904315,-128.04348068061213,0.6252538260398295,1
105,3.5096049382716052,891.2036284863253,550.0709450311399,1231.0,-14.507245496962005,-17.428661096703934,142.0697039597772,22.67638418118915,-2.2649709221765972,-2.2649709221765972,-129.77327456057304,0.630058809039721,1
106,3.543029747207525,887.444631342865,547.1804037005887,1189.0,-15.107235931131077,-16.96728879932981,142.33180199625568,22.718218827159863,-2.2982677727653176,-2.2982677727653176,-131.68104357038442,0.6353581674003081,1
107,3.576454556143445,883.6680672268908,544.2001400560224,1190.0,-15.710030308762573,-16.491595520032554,142.69815252623602,22.776693682327917,-2.331928268315818,-2.331928268315818,-133.609647901747,0.640715401654093,1
108,3.6098793650793652,879.5163616195229,540.9432889628397,1202.0,-16.372702706436655,-15.971754874550204,143.29990726098646,22.872742460974727,-2.3685900388117895,-2.3685900388117895,-135.7102126206434,0.6465503036510275,1
109,3.6433041740152854,876.0466865332766,537.3214133673904,1174.5,-16.926513146288755,-15.393651027144887,143.34221910237994,22.879496044209645,-2.4035864013143105,-2.4035864013143105,-137.71535649034774,0.6521201477335395,1
110,3.6767289829512055,872.850291909925,533.7545176536001,1199.0,-17.436704062814695,-14.824322765835605,143.38710033593455,22.886659739679146,-2.4369945751959805,-2.4369945751959805,-139.62950385500662,0.6574372237464808,1
111,3.7101537918871252,869.876648986808,530.2415340677275,1225.5,-17.911340578995265,-14.263599661647154,143.45103313313697,22.89686434087653,-2.469084580911971,-2.469084580911971,-141.46812574708358,0.662544506780028,1
112,3.7435786008230454,866.2191890806905,525.940853740131,1245.5,-18.49512419821009,-13.577148739100926,143.743810000126,22.943595772914197,-2.5083497300340567,-2.5083497300340567,-143.71785307373088,0.6687937493540482,1
113,3.7770034097589655,863.2626721763085,522.5063360881543,1210.0,-18.967027153543402,-13.02894993539714,144.16549598797423,23.010902969295618,-2.5396949745678903,-2.5396949745678903,-145.51380329332505,0.6737824999640321,1
114,3.8104282186948857,860.5068587105624,518.417695473251,1215.0,-19.40689493069204,-12.37634362470468,144.20630252100312,23.017416283494736,-2.573892075489299,-2.573892075489299,-147.4731528477047,0.6792251376150867,1
115,3.8438530276308054,857.8911038784919,514.8746948738813,1229.0,-19.824407319629135,-11.810829370038263,144.57347625432615,23.076022533849365,-2.6042876807165976,-2.6042876807165976,-149.2146927429747,0.6840627484352811,1
116,3.8772778365667255,855.909379748584,511.2967260671363,1206.5,-20.140719217651018,-11.239733682578887,144.50251203665218,23.0646956160179,-2.632582262260481,-2.632582262260481,-150.835852848528,0.6885659709507069,1
117,3.9107026455026457,853.8213936601032,507.2760787599497,1193.5,-20.473992064624593,-10.597980089422668,144.43748911538034,23.0543170152167,-2.66393966279642,-2.66393966279642,-152.63249955573855,0.693556656248514,1
118,3.944127454438566,851.3976388888889,503.16180555555553,1200.0,-20.860858460634034,-9.941282445879828,144.77718655836313,23.108537651339276,-2.6968788400653456,-2.6968788400653456,-154.51977539388125,0.6987990891322438,1
119,3.977552263374486,849.4535996670828,498.35275350256615,1201.5,-21.171155301045943,-9.173688026651655,144.55603862170582,23.073239234908858,-2.7327038838316295,-2.7327038838316295,-156.57239920256077,0.7045008219341313,1
120,4.010977072310406,846.3581072711507,494.29629629629625,1345.5,-21.66524075940643,-8.52621865450478,145.86764977074796,23.282591387289152,-2.7666644274774974,-2.7666644274774974,-158.51819502343884,0.7099058103254593,1
121,4.044401881246326,845.0413456599896,489.5020544427324,1298.0,-21.87541500020154,-7.760988157792195,145.42130892693817,23.21134891850177,-2.800664691141553,-2.800664691141553,-160.46626663372123,0.7153171203540214,1
122,4.0778266901822455,843.0334581772782,484.789138576779,1335.0,-22.19590294859238,-7.008738467596188,145.82747740766146,23.27617929580571,-2.835734022205615,-2.835734022205615,-162.47559129403902,0.7208985777437931,1
123,4.111251499118166,841.8022763046373,479.76219881341564,1376.5,-22.392417422563735,-6.206366011312351,145.57947666726062,23.23659478264208,-2.8712159519203033,-2.8712159519203033,-164.50855611567047,0.726545702248325,1
124,4.144676308054086,839.9907033639143,474.7624464831804,1362.5,-22.6815707242959,-5.408333063462264,146.08607487947984,23.31745520091281,-2.907517419158041,-2.907517419158041,-166.58847697852528,0.7323232602006995,1
125,4.178101116990006,839.0107251675806,469.43205362583785,1367.5,-22.837989450103503,-4.55752509455154,145.90339866066878,23.2882974283331,-2.944621220446202,-2.944621220446202,-168.71436819622897,0.7382285135832096,1
126,4.211525925925926,838.2952635599695,465.04099821746877,1309.0,-22.95218749394313,-3.8566489990452317,145.81349769005996,23.273947930227823,-2.9751180830478514,-2.9751180830478514,-170.46170971169383,0.7430822400150564,1
127,4.244950734861846,836.912482432605,460.06273157020564,1304.5,-23.17289940653706,-3.062045477651956,146.44241249349088,23.374331849545868,-3.010214702926539,-3.010214702926539,-172.47259790591758,0.7486680405545668,1
128,4.278375543797766,836.6983455175067,455.1169680646402,1299.5,-23.207078762295538,-2.272629928836152,146.0900560165298,23.318090648096174,-3.043975600432691,-3.043975600432691,-174.40695484559384,0.7540412542758897,1
129,4.311800352733687,836.8804249255084,450.50395128902704,1286.5,-23.17801624937232,-1.536325581586361,145.53112495100834,23.228877147826235,-3.075405732696614,-3.075405732696614,-176.20776877385458,0.7590435151877253,1
130,4.345225161669607,836.3720512820512,444.70435897435897,1300.0,-23.259160052205115,-0.6106265778148073,145.77105907363662,23.267174111860424,-3.1153455170934787,-3.1153455170934787,-178.4961498544574,0.7654001293005109,1
131,4.378649970605526,836.3322936972058,439.174269005848,1282.5,-23.26550593906868,0.2720559448291438,145.77057302958255,23.267096532183746,3.1298996542470308,-3.1532856529325546,-180.66995951218948,0.7714384894608777,1
132,4.412074779541446,836.518173586858,434.0250937782951,1288.5,-23.235836814182615,1.0939389531115369,145.73597248417076,23.261573783569737,3.09454757433909,-3.1886377328404953,-182.69548448792372,0.7770649477268061,1
133,4.445499588477366,836.9104769351055,429.1369559551733,1279.0,-23.173219513009478,1.8741566076728144,145.65646417012027,23.24888310410216,3.060892329191327,-3.2222929779882583,-184.62378799336867,0.7824213463530422,1
134,4.478924397413286,837.3530423280423,424.3666666666667,1260.0,-23.102579660910013,2.635563927788109,145.67867008875766,23.252427490611613,3.0280027885414587,-3.2551825186381267,-186.5082198627301,0.7876558793234905,1
135,4.5123492063492066,838.0648335355169,419.63337377004984,1236.5,-22.98896746613796,3.3910660874615415,145.58656987974328,23.23772696217686,2.9951403529002,-3.2880449542793855,-188.39109872949453,0.7928860983978363,1
136,4.545774015285127,838.4664819213511,415.8120876220638,1263.0,-22.924858561501186,4.000998749688534,145.7974098953513,23.27138008498515,2.968806309147841,-3.3143789980317444,-189.89992829401754,0.7970772916326224,1
137,4.579198824221047,838.6917989417988,411.3220899470899,1260.0,-22.888894698863183,4.71766746520286,146.4154053224375,23.37002111355231,2.9383274896102565,-3.344857817569329,-191.646236018062,0.8019281464216347,1
138,4.612623633156967,839.8047546788061,406.31550328780975,1318.0,-22.711250829934002,5.516791271038315,146.4258619571225,23.371690144026438,2.903297927359025,-3.3798873798205604,-193.65328209324835,0.8075032744082635,1
139,4.646048442092887,841.2996788696211,401.4273603082852,1297.5,-22.47263925879798,6.2970097486362135,146.21607896300347,23.33820573717028,2.8683912291680436,-3.414794078011542,-195.65328857632852,0.813058847972375,1
140,4.679473251028806,842.963759614131,396.86155651153695,1278.5,-22.20702784961456,7.025778220064212,145.92610897197216,23.291922323223673,2.83518022183832,-3.4480050853412654,-197.55613912969974,0.8183445439539617,1
141,4.7128980599647265,844.6514539579968,391.9994614970382,1238.0,-21.937647367673428,7.80183906485511,145.8743772660165,23.283665193055157,2.7999048622833453,-3.48328044489624,-199.57726835300627,0.8239587917964799,1
142,4.746322868900647,846.2455322455322,387.9301994301994,1287.0,-21.683209365372242,8.45135227836685,145.8014202130623,23.272020189825014,2.7699407242516196,-3.5132445829279657,-201.29408699897158,0.8287277324797169,1
143,4.779747677836567,848.2313268608414,383.47779935275076,1287.5,-21.36624775887494,9.162019872304873,145.64953647761828,23.247777343955654,2.736500947111344,-3.5466843600682414,-203.21004509696743,0.8340498383074832,1
144,4.813172486772487,849.9331735889243,379.75372736954205,1252.0,-21.094608351261094,9.75643574462592,145.61064200721623,23.24156922266886,2.708385479946744,-3.5747998272328414,-204.82094270453766,0.8385245538840672,1
145,4.846597295708407,851.7626666666666,375.7637333333333,1250.0,-20.802594735892004,10.393296631387111,145.69122246502502,23.254431031821966,2.678252774175209,-3.6049325330043764,-206.54741957055612,0.8433203229563405,1
146,4.880022104644327,853.9442609413708,371.22598403523256,1211.0,-20.45438066546162,11.117587198155565,145.85464838742982,23.280516178044735,2.6437297131569655,-3.63945559402262,-208.52544526277407,0.8488148387680572,1
147,4.913446913580247,856.5619922759355,366.96084698361966,1251.5,-20.03655279807525,11.798364898622802,145.6772525809717,23.252201235820916,2.6094179256080046,-3.673767381571581,-210.49136587687906,0.8542757293627932,1
148,4.946871722516168,859.0807322533911,363.0865270644014,1265.5,-19.63452538625299,12.41676251951107,145.54593743479407,23.231241434958825,2.57769372943071,-3.7054915777488753,-212.3090284262831,0.8593247920000266,1
149,4.980296531452087,861.8771371769384,359.1897945659377,1257.5,-19.188178624029288,13.038737512937578,145.34411378348216,23.199027454592574,2.5447447821249494,-3.738440525054636,-214.19686404630212,0.8645687798334127,1
150,5.013721340388007,866.0642146151978,355.5478271425103,1373.0,-18.51986036939816,13.620048307337466,144.0278388934765,22.988930901549352,2.5074821836893886,-3.7757031234901968,-216.33185367035054,0.8704993065668807,1
151,5.047146149323927,868.1113090995485,351.89403658826325,1403.0,-18.193114415204622,14.203246244803179,144.60317509500496,23.08076289933333,2.4787353283089173,-3.804449978870668,-217.9789271579245,0.8750745106990305,1
152,5.080570958259847,871.0496039000609,348.866422912858,1367.5,-17.724119971794835,14.686497275403966,144.21122615512255,23.018202166872737,2.449644580419368,-3.8335407267602175,-219.64570423487478,0.8797044470238925,1
153,5.113995767195767,874.90483234714,345.39977810650885,1352.0,-17.108769626608183,15.239824038657828,143.5462000301059,22.912054357163253,2.413905507462685,-3.8692797997169004,-221.69340227900287,0.8853924971464705,1
154,5.147420576131688,878.4341957255343,342.0368703912011,1333.5,-16.545432070093327,15.77659285841826,143.23002332716953,22.861587972106545,2.379976857040974,-3.9032084501386115,-223.63737075274167,0.8907924095735227,1
155,5.180845385067608,881.7621371371371,338.2591341341341,1332.0,-16.014244379272498,16.379574326759407,143.5166986342441,22.907345506734224,2.344917201044951,-3.9382681061346343,-225.6461410724943,0.8963723271283911,1
156,5.214270194003528,884.999872530274,335.3988527724665,1307.5,-15.497454876616855,16.83611669445402,143.36338375442398,22.8828742294767,2.3148165144582324,-3.968368792721353,-227.37078337435932,0.9011630001891272,1
157,5.247695002939448,888.2227232869848,332.55217336840786,1330.5,-14.983041177701146,17.29048799254153,143.33963942363465,22.879084290087114,2.2848193668650887,-3.9983659403144967,-229.08949332887747,0.9059371945072333,1
158,5.281119811875367,891.3646601941748,330.18485436893206,1287.5,-14.481542502088576,17.6683464212938,143.12493441547136,22.844814258440433,2.257393906933916,-4.025791400245669,-230.66085643413882,0.9103020920218481,1
159,5.314544620811287,894.9495896834701,327.2123225218184,1279.5,-13.909335788792756,18.142805593638194,143.22712010847562,22.861124576318208,2.2248738961576335,-4.058311411021952,-232.52411580133978,0.9154778124862951,1
160,5.347969429747208,899.110853013292,324.7850045167118,1291.5,-13.245137840067175,18.530240733429142,142.70169023647142,22.777258352163805,2.191376332726688,-4.091808974452897,-234.4433848099047,0.9208091152878644,1
161,5.381394238683128,903.8635018654315,322.1929756850637,1295.5,-12.486546189310177,18.943966108768933,142.1483244683206,22.688933154028252,2.1535634339177,-4.129621873261885,-236.60990432281497,0.9268272250459486,1
162,5.414819047619048,908.0788530465949,319.22055811571937,1302.0,-11.813715035458035,19.41840704072478,142.40361312760902,22.729680924691333,2.1173527343851486,-4.165832572794437,-238.6846245792465,0.9325903368693695,1
163,5.448243856554968,911.8518518518518,316.8430634023854,1327.5,-11.211489733099427,19.79788966091502,142.54350388233544,22.752009516989034,2.086065635997369,-4.197119671182216,-240.47724327007685,0.937569833232787,1
164,5.481668665490888,915.7672576386269,315.0717968062366,1325.5,-10.586534212172177,20.080609485776122,142.2198098433065,22.700343256121347,2.055967848884723,-4.227217458294863,-242.20171944431473,0.9423600448278923,1
165,5.515093474426808,920.1797876235811,313.28780666422557,1365.5,-9.882230462949424,20.365360172996176,141.8191672856621,22.636394896244067,2.022572053072775,-4.2606132541068105,-244.11515759782,0.9476751508098513,1
166,5.5485182833627285,924.8966789667896,311.3079950799508,1355.0,-9.129346228955347,20.68136680101093,141.6332659492521,22.606722348144555,1.9864994313780728,-4.296685875801512,-246.18196657689847,0.9534162868628471,1
167,5.581943092298648,929.1742075664621,310.0996932515337,1304.0,-8.446590657791075,20.874229288257165,141.07991853166286,22.518400079024637,1.9552980432081641,-4.327887263971421,-247.96967443398367,0.9583821420214172,1
168,5.615367901234568,934.3236233550529,307.9741918998339,1304.5,-7.624669252479881,21.21349011505827,141.2286052992744,22.542132642484987,1.91584322555235,-4.3673420816272355,-250.23026896712005,0.9646615712801292,1
169,5.648792710170488,939.004377736085,306.54834271419634,1332.5,-6.877553001487205,21.441076314063142,141.07187029280755,22.517115463436806,1.881193318051877,-4.401991989127708,-252.21556242741585,0.9701762753365064,1
170,5.682217519106408,944.3559701492537,304.99875621890544,1340.0,-6.023361276159827,21.688412781373213,141.02284214800642,22.509289860819123,1.8416919036168873,-4.441493403562698,-254.47882675933792,0.9764631207029566,1
171,5.715642328042328,948.9511677282377,304.33096040964153,1334.5,-5.289901130997473,21.795002672837644,140.51215832169026,22.42777731931384,1.808903693775287,-4.474281613404298,-256.3574528010509,0.9816815263743817,1
172,5.7490671369782484,954.2290318487501,303.20187793427226,1313.5,-4.447477509936522,21.97522060298108,140.4681798659534,22.420757720270633,1.770485083603277,-4.512700223576308,-258.55867701866543,0.9877960380899776,1
173,5.782491945914169,958.7822327044025,302.7856394129979,1272.0,-3.720720650598472,22.041658304731335,140.04673388486222,22.353488832446754,1.7380238730616473,-4.545161434117938,-260.4185673805864,0.9929624002064248,1
174,5.815916754850089,963.2210857592447,302.26685024914764,1271.0,-3.012215357844821,22.124464575601284,139.8906621500783,22.328577521173898,1.706112945261675,-4.57707236191791,-262.2469288638715,0.9980411821044389,1
175,5.849341563786009,968.2326604554864,301.4412525879917,1288.0,-2.2122953890041837,22.256241930108644,140.12464130366106,22.365923985825745,1.6698719943294196,-4.613313312850166,-264.32338239783047,1.0038091085876581,2
176,5.882766372721928,972.6044307849916,301.6579587655269,1301.5,-1.5144974716392716,22.221652482821437,139.5437312572406,22.27320232159906,1.6388452285009276,-4.644340078678658,-266.1010851317438,1.0087471717374175,2
177,5.916191181657848,977.7424650506605,301.83711683981016,1299.5,-0.6943927223719019,22.19305625710706,139.10965172340275,22.203916935622008,1.6020748603727482,-4.681110446806837,-268.2078720366308,1.014599357584326,2
178,5.9496159905937684,982.3288025889967,301.53734627831716,1287.5,0.037653231868748846,22.24090398416751,139.34157878773033,22.240935857081833,1.5691033562248926,-4.714081950954693,-270.097000068501,1.019846935450632,2
179,5.983040799529689,987.2495410437974,302.2625229478101,1271.0,0.8230744198216958,22.125155275622912,138.712084937786,22.140459513546443,1.5336126307005113,-4.749572676479074,-272.1304688529053,1.0254954598517552,2
180,6.016465608465609,992.6003821808192,303.5958437835901,1395.5,1.6771462305855904,21.912337942537658,137.68440989905832,21.976427680283773,1.4944063643285872,-4.788778942850998,-274.3768224464822,1.0317353309450241,2
181,6.049890417401529,997.4219533064417,304.2756386749786,1363.5,2.446738875281309,21.803832823628564,137.46047841511648,21.940684969356703,1.4590478250649304,-4.824137482114655,-276.4027175160374,1.037362817249344,2
182,6.083315226337449,1001.4828172434728,304.7695203400121,1372.5,3.0949116255372435,21.72500215062656,137.48339728333616,21.944343152954342,1.4292899456290646,-4.853895361550521,-278.10771841497166,1.0420989308574948,2
183,6.116740035273369,1006.7623323754788,305.85907567049804,1392.0,3.9375987719654746,21.551093325788315,137.25482369194896,21.907859494387434,1.3900797495820476,-4.893105557597538,-280.35429716234626,1.0483394273779798,2
184,6.150164844209289,1011.8269090909091,306.81466666666665,1375.0,4.7459786313809555,21.398567150641647,137.3218229027119,21.91855353963952,1.3525397275216595,-4.930645579657925,-282.5051819892345,1.0543141074526694,2
185,6.183589653145209,1016.592868679339,308.28823456329974,1341.5,5.506694868601069,21.163364353635895,137.00542321205765,21.868051562510633,1.3162414960800042,-4.966943811099581,-284.5849174546304,1.0600911504121024,2
186,6.217014462081129,1021.9759950248756,309.2904228855721,1340.0,6.365919866647312,21.003400569772555,137.49960909581938,21.94693079323159,1.276507121800859,-5.0066781853787266,-286.8615294024186,1.066415072489292,2
187,6.250439271017049,1026.5312578144535,311.1580395098774,1333.0,7.093005840529467,20.70530188373663,137.12120132745622,21.88653142803703,1.2407563413909894,-5.042428965788596,-288.9098982342031,1.0721049859109155,2
188,6.283864079952969,1031.3978984681605,313.72604127104694,1316.5,7.86979223523117,20.295411577139404,136.3773727602618,21.76780560624311,1.200884140847766,-5.08230116633182,-291.19440704522907,1.078450843719321,2
189,6.317288888888889,1035.2587420933285,315.31519274376416,1396.5,8.486038844237905,20.04175996590186,136.3554448229494,21.76430558958271,1.1702665405059014,-5.112918766673684,-292.9486663236362,1.0833237861593408,2
190,6.350713697824809,1040.016654330126,318.14914877868245,1351.0,9.245470607483826,19.589419501965928,135.71186430579777,21.66158080976202,1.1298292667635654,-5.1533560404160195,-295.2655514440872,1.0897595781605935,2
191,6.3841385067607295,1045.1293676701728,320.7253052835207,1378.5,10.061533769972135,19.178227580068764,135.68507812836745,21.657305347554207,1.0876369603918532,-5.195548346787732,-297.68299252710926,1.0964746922800994,2
192,6.41756331569665,1049.7679871652474,323.48809083055653,1350.5,10.801924682382614,18.737246957679638,135.5008424262798,21.627898658837424,1.0478394210010826,-5.235345886178503,-299.9632235692061,1.102808667397035,2
193,6.45098812463257,1053.602986548192,326.0440577563865,1350.5,11.414046175694754,18.329277585258456,135.28005451753648,21.59265770808101,1.013836731245472,-5.269348575934114,-301.9114341842953,1.1082203635500605,2
194,6.484412933568489,1057.6001483679524,328.56379821958456,1348.0,12.052051144614332,17.92709048140876,135.33657004297342,21.60167840518454,0.9789166030197518,-5.304268704159833,-303.9122101516847,1.1137780745705865,2
195,6.517837742504409,1061.6779555886367,331.29462845800765,1343.5,12.70292828854956,17.491210389495407,135.43432035785844,21.617280772419658,0.9426716524642326,-5.340513654715353,-305.9888928471763,1.119546637613619,2
196,6.551262551440329,1064.8483382936506,334.3497023809524,1344.0,13.208967325842464,17.00357630532612,134.8958674618261,21.53133588484982,0.9103410648781495,-5.3728442423014355,-307.8412990650369,1.1246922104410093,2
197,6.5846873603762495,1068.5510958205912,337.6047400611621,1308.0,13.799981101970738,16.48402510684133,134.68680487332685,21.497966465173512,0.8737962801636128,-5.409389027015973,-309.93516099239406,1.1305084935725571,2
198,6.61811216931217,1071.7716217973727,340.7368968656522,1281.5,14.314023732309959,15.98408747739112,134.4271501241004,21.456521803265886,0.8404634910185902,-5.442721816160995,-311.84498912980337,1.1358135717320275,2
199,6.65153697824809,1075.6634768740032,344.7391015417331,1254.0,14.935220218509226,15.345277595502045,134.1576678599957,21.413508527524954,0.7989392985590302,-5.484246008620556,-314.2241501054251,1.1424223522198655,2
200,6.68496178718401,1079.3619456366237,348.14241123683183,1281.5,15.525549445682483,14.80206003410363,134.39230225758655,21.450959578618846,0.7615468864562412,-5.521638420723344,-316.3665775047288,1.1483735394401537,2
201,6.71838659611993,1082.4989533308706,352.90961704223616,1353.5,16.026261347455918,14.041144882589341,133.49134527726355,21.307153784370744,0.7194716368159243,-5.563713670363661,-318.7773117310783,1.1550700234022355,2
202,6.75181140505585,1085.2370093457944,356.54679127725854,1337.5,16.46329477804297,13.460599150540506,133.23131047428745,21.265648460375452,0.6853885177056765,-5.597796789473909,-320.7301306087372,1.1604945202846215,2
203,6.7852362139917695,1088.5554740061161,360.20318042813454,1362.5,16.992969841985246,12.8769864393838,133.57702982071595,21.320830279580917,0.6484637523315601,-5.634721554848025,-322.84576382418487,1.1663712792164205,2
204,6.81866102292769,1091.4093893224328,364.0082992691688,1345.5,17.44849609656026,12.26963431370609,133.63815666967253,21.3305870107635,0.6128647072420291,-5.670320599937556,-324.88543886251085,1.1720370432117704,2
205,6.85208583186361,1094.0305844477464,368.0288509162952,1346.0,17.866876835160927,11.627895989282159,133.55579010592822,21.317440113211866,0.5769426164473653,-5.70624269073222,-326.9436230563309,1.1777542215279373,2
206,6.88551064079953,1096.5879454131918,372.19888804649986,1319.0,18.27506871651261,10.962297614831286,133.51417578118134,21.310797863744884,0.5403091040977797,-5.7428762030818055,-329.0425687027025,1.1835846261011918,2
207,6.91893544973545,1098.5345936213992,376.86715534979425,1296.0,18.585781988973782,10.217174482457066,132.87644170237635,21.209006260233746,0.5026364121562648,-5.780548895023321,-331.20105495384786,1.1895804212432621,2
208,6.95236025867137,1100.7367613200306,381.4011256075722,1303.0,18.937279876093406,9.49348710530474,132.7175585418424,21.183646204657016,0.4646967195211077,-5.818488587658478,-333.3748392178659,1.1956187108655345,2
209,6.98578506760729,1103.0620741862226,385.8222306333585,1321.0,19.308433517056585,8.787814655262187,132.90883473931137,21.214176658495024,0.4271104359092803,-5.856074871270305,-335.5283746364054,1.2016007536948108,2
210,7.0192098765432105,1104.527924750147,390.3452087007642,1417.5,19.542404515892272,8.065881791035046,132.45365689100112,21.141523675688973,0.3914384655821376,-5.891746841597448,-337.57222798306657,1.207278124102203,2
211,7.052634685479131,1106.0757293606455,394.17206703910614,1342.5,19.789456568559455,7.455059726453299,132.4886921032741,21.147115803434918,0.3602766844815152,-5.9229086226980705,-339.35766652224277,1.2122376755999147,2
212,7.08605949441505,1108.2380590396554,398.0405422526289,1315.5,20.134595730259246,6.837595005318344,133.22053408489214,21.26392839241442,0.3273748483302594,-5.955810458849326,-341.2428028719406,1.2174741654601864,2
213,7.11948430335097,1109.4447983014861,403.4164897381458,1413.0,20.327208809227486,5.979515857395337,132.7475977775596,21.188440902123446,0.2860933250715219,-5.9970919821080635,-343.60805992653746,1.2240443239451777,2
214,7.15290911228689,1110.2185712547157,408.239625167336,1369.5,20.450714189103657,5.209673527174205,132.2176164898994,21.10384820605345,0.24943753068441815,-6.033747776495167,-345.7082822396178,1.2298782748148454,2
215,7.18633392122281,1111.6807391091531,413.01541850220264,1362.0,20.68409737412103,4.447387681473703,132.54950593587787,21.156822572670137,0.21179033478837514,-6.07139497239121,-347.8653076749633,1.2358700121352493,2
216,7.2197587301587305,1112.2369034474298,416.9265120844068,1358.5,20.772869264616478,3.8231204509052876,132.3297765512678,21.12175057770966,0.1820071748990822,-6.101178132280503,-349.5717570371831,1.2406101492525266,2
217,7.253183539094651,1113.2603745868528,420.90525156077854,1361.5,20.936230094610792,3.1880559550391383,132.67948466075023,21.177569061319268,0.15111374452923146,-6.132071562650354,-351.34182021205686,1.2455269914049538,2
218,7.286608348030571,1113.6299183370452,425.4510022271715,1347.0,20.995214634013315,2.4624882539041533,132.4386704762412,21.13913162665162,0.1167546442391343,-6.166430662940451,-353.31045164654614,1.250995412056313,2
219,7.320033156966491,1114.0048798798798,429.7054554554554,1332.0,21.055063931657354,1.7834158465119283,132.3843344144054,21.130458803532125,0.08450076783554653,-6.198684539344039,-355.1584626374083,1.256128775919819,2
220,7.353457965902411,1114.7786905650983,434.4896689071446,1339.0,21.178575334105908,1.019786028109318,132.83952220584916,21.20311337340642,0.04811461348182958,-6.235070693697756,-357.24323571458785,1.2619198122453177,2
221,7.38688277483833,1114.5898611641828,440.0396127881798,1308.5,21.14843542446638,0.13393453322603877,132.49961670753422,21.14885952863688,0.0063329858675256106,-6.2768523213120595,-359.63714663807474,1.268569564810559,2
222,7.4203075837742505,1114.6905407149309,444.47425474254743,1291.5,21.164505340207167,-0.5738986068481533,132.64637859445938,21.17228485323679,-0.027109445767326424,-6.310294752946912,-361.5532568274065,1.2738920931142583,2
223,7.453732392710171,1114.3438664097623,449.96788696210655,1297.5,21.109171095743797,-1.4507619442712487,132.56293062277607,21.1589653473021,-0.06861871733573383,-6.351804024515319,-363.9315628989387,1.2804984988685144,2
224,7.487157201646091,1113.6936341242058,453.96680928302857,1285.5,21.00538459726227,-2.089047914696259,132.24995563314712,21.109010002100995,-0.09912701078468145,-6.382312317964267,-365.67955935371003,1.2853540445762126,2
225,7.520582010582011,1113.6098936306548,458.61104703319234,1300.5,20.992018400597132,-2.830335582060666,132.70702486230687,21.181964876707905,-0.13402091271404765,-6.417206219893633,-367.6788326650061,1.290907581552035,2
226,7.554006819517931,1113.1726488592096,463.98233166388417,1198.0,20.92222779681496,-3.6876704707612795,133.10025089604383,21.24472945186032,-0.17446419005767067,-6.457649497237256,-369.99606176647274,1.297344329056109,2
227,7.587431628453851,1111.8013708210938,468.355993845293,1191.5,20.70335194401283,-4.385770355114137,132.58690468324195,21.162791954878205,-0.20875254231821574,-6.491937849497801,-371.96063963745985,1.302801489808851,2
228,7.620856437389771,1110.819587628866,472.6379857256146,1261.0,20.546645114695476,-5.06923833056931,132.58661447142376,21.16274563286514,-0.2418878556900323,-6.525073162869617,-373.8591532465083,1.3080751387228744,2
229,7.6542812463256915,1109.413145539906,477.4250838363514,1242.5,20.322156569643823,-5.833328582371665,132.46162031475328,21.142794753556867,-0.27952747013951196,-6.562712777319097,-376.01574429696313,1.3140656694185824,2
230,7.687706055261611,1107.924279499728,482.57504078303424,1226.0,20.084511967167842,-6.655336364358931,132.5598672492737,21.158476388484747,-0.3199794477231834,-6.603164754902768,-378.3334718854653,1.3205038016088662,2
231,7.721130864197531,1106.2599667774086,486.9491971207087,1204.0,19.818863530963302,-7.353515123215017,132.4384704823336,21.13909970472487,-0.3552910068380204,-6.6384763140176055,-380.3566751907722,1.3261238107902742,2
232,7.754555673133451,1104.3623309633347,491.9375435661508,1195.5,19.515973347084916,-8.149727526513475,132.50213693969033,21.149261794222046,-0.39557988556538753,-6.678765192744973,-382.6650579031647,1.3325359849913645,2
233,7.787980482069371,1103.02533949321,496.17807643847124,1190.5,19.302570127549064,-8.826578043305744,132.97621134710795,21.224930941784393,-0.4288871212462029,-6.712072428425788,-384.573421934923,1.337836996190693,2
234,7.821405291005291,1100.8461983232146,500.21812662619254,1153.0,18.954747608190186,-9.47142861745765,132.75356885767172,21.189393973065563,-0.46339665625309323,-6.7465819634326785,-386.55067264377675,1.3433293592708424,2
235,7.8548300999412115,1099.274888984386,504.7590603065463,1163.5,18.70394386015919,-10.196227457794198,133.46278649483315,21.3025953887094,-0.4991026000649841,-6.782287907244569,-388.59647252772936,1.3490121367262662,2
236,7.888254908877132,1097.1122198120029,508.4796818510484,1152.5,18.35875051039575,-10.790092590080427,133.41414054984128,21.294830790721605,-0.5313528025384935,-6.814538109718079,-390.44427301790387,1.35414491586564,2
237,7.921679717813052,1095.4172839506173,511.7031227305736,1147.5,18.08821417728608,-11.304600481151697,133.63573966502304,21.33020122178477,-0.5585781104315363,-6.841763417611122,-392.00416825611944,1.3584779581940165,2
238,7.955104526748972,1092.6640153188982,515.4583885697451,1131.5,17.648752592537832,-11.903995345067639,133.37202619229637,21.28810872877163,-0.5934026540928385,-6.876587961272424,-393.9994676313811,1.3640204564586322,2
239,7.988529335684891,1088.8922077922077,520.0747474747474,1155.0,17.046717435507098,-12.64083314461512,132.95902277844635,21.22218739706211,-0.6380650756628685,-6.921250382842453,-396.5584358901778,1.3711287016219564,2
240,8.021954144620812,1085.8285862921055,525.0863571335674,1281.5,16.557719034118584,-13.44075869399007,133.61144241033122,21.32632302772521,-0.6818657262427087,-6.965051033422294,-399.06802830832993,1.378099791672379,2
241,8.055378953556732,1082.429539295393,528.9225178615422,1353.0,16.01518186117429,-14.053065554803807,133.48839004507474,21.306682086474638,-0.7202351261461546,-7.00342043332574,-401.26643298524704,1.384206471330482,2
242,8.088803762492653,1079.7920175759796,532.7346515317954,1365.5,15.5941951614865,-14.661537348911168,134.09932307621042,21.404195854272267,-0.7545821001265958,-7.037767407306181,-403.234369633372,1.3896729620197181,2
243,8.122228571428572,1076.3189567430024,536.5685750636131,1310.0,15.039844307376692,-15.27348712078804,134.29481306986045,21.435398891063567,-0.7931056035202255,-7.076290910699811,-405.4416037898849,1.3958041680100317,2
244,8.155653380364491,1072.818890593047,539.6794478527607,1304.0,14.481183013210574,-15.770027512858476,134.13719788508467,21.4102412227983,-0.8279771380791975,-7.111162445258783,-407.43959554525856,1.4013541451082918,2
245,8.189078189300412,1069.063311049941,543.0533490627867,1271.5,13.88173807759926,-16.3085510537366,134.17714358448805,21.416617135472222,-0.8656095893235711,-7.148794896503157,-409.595776174293,1.4073435357444986,2
246,8.222502998236331,1065.047619047619,545.8221706026584,1291.5,13.24077542293109,-16.75049510807953,133.7707436518793,21.351749815092255,-0.901893009426642,-7.185078316606227,-411.6746630124991,1.4131182214061822,2
247,8.255927807172252,1061.1275936405282,548.5506601994072,1237.0,12.615082543635854,-17.186001599651934,133.5654450378275,21.318981180299982,-0.9375930274122121,-7.220778334591797,-413.7201233716134,1.4188000557370553,2
248,8.289352616108172,1056.9513744992403,551.8870009669844,1206.5,11.94849743060224,-17.718529949442573,133.8903589781941,21.37084215510474,-0.9774930760434568,-7.260678383223042,-416.0062277605505,1.4251503457063248,2
249,8.322777425044093,1053.5575282135974,553.6933663638865,1211.0,11.40679036653368,-18.006852051692864,133.54525858464987,21.31575912975189,-1.0061298018611606,-7.289315109040746,-417.64699128897826,1.42970802217418,2
250,8.356202233980012,1048.8348883234378,556.6767034209781,1179.0,10.652988581115814,-18.483035892181057,133.6550205657025,21.333278733027353,-1.0479362660584437,-7.331121573238029,-420.0423252438473,1.4363617276043716,2
251,8.389627042915933,1044.8636172891313,560.1446356133724,1191.5,10.01911615686512,-19.036568140909548,134.7758142377786,21.512173650011476,-1.0863237549864808,-7.369509062166066,-422.241766345529,1.4424712862201543,2
252,8.423051851851852,1040.5065985525755,562.6212572725982,1174.5,9.32367280757264,-19.4318728585991,135.03112261267609,21.55292456757156,-1.123428028082319,-7.406613335261905,-424.36768459582134,1.4483766146931885,2
253,8.456476660787771,1036.6088607594936,564.2063291139241,1185.0,8.701537354552414,-19.684873301528626,134.83948848865188,21.522336983466868,-1.1545800947042606,-7.437765401883846,-426.15256653636897,1.4533346200835986,2
254,8.489901469723693,1031.3911719939115,566.5343849453438,1204.5,7.868718592434679,-20.05646475950392,134.9802365301796,21.544802411165204,-1.1969209345629335,-7.480106241742519,-428.5785179613102,1.4600733740417686,2
255,8.523326278659612,1026.9087478096778,568.3588084647527,1236.5,7.153258715827113,-20.34766919987514,135.12820454327073,21.568420250985096,-1.2327397714761057,-7.515925078655691,-430.6307861435024,1.4657741189923026,2
256,8.556751087595533,1022.9971320557945,569.379481162821,1278.5,6.52890813908935,-20.5105833580633,134.8539962831453,21.524652637771656,-1.2626189911926922,-7.5458042983722775,-432.3427393284069,1.4705295445059259,2
257,8.590175896531452,1018.7321382177188,571.085346843336,1283.0,5.848153297578655,-20.782864248743664,135.26343903529522,21.59000563625882,-1.2964963282783393,-7.579681635457924,-434.28376776455644,1.475921290161897,2
258,8.623600705467373,1013.9551831644583,572.6808261886205,1283.0,5.085682024782332,-21.037525880171195,135.5986680245311,21.6435130423891,-1.333603595478023,-7.616788902657609,-436.4098575643626,1.4818270951613588,2
259,8.657025514403292,1009.0615914307574,573.8121652639633,1307.0,4.30459384703326,-21.218103996381867,135.64147476217042,21.65034561823882,-1.3706391912446776,-7.653824498424263,-438.5318408935445,1.487721493297975,2
260,8.690450323339213,1004.3780136268343,574.9684224318657,1272.0,3.557026936819109,-21.402659401375416,135.92892656734458,21.696227093219235,-1.406106059690393,-7.689291366869979,-440.5639427680297,1.4933662207271006,2
261,8.723875132275133,999.620735965619,576.3031157668546,1241.0,2.7976964610348434,-21.615695805230025,136.55398380341313,21.795995288867307,-1.4420829392785905,-7.725268246458176,-442.62526612848376,1.4990921189505841,2
262,8.757299941211052,994.5651521353526,577.0372492836676,1221.5,1.990751996451553,-21.73287415644453,136.728565660262,21.823861083942738,-1.479450290853393,-7.762635598032978,-444.76625766530145,1.5050393176639665,2
263,8.790724750146973,989.4952571810287,577.7402805611223,1247.5,1.1815232690159654,-21.845088139402275,137.06159256443212,21.877017005375304,-1.516762524835547,-7.799947832015132,-446.90409119668345,1.5109777441400278,2
264,8.824149559082892,986.2740469407134,578.6403473070139,1228.5,0.667371420297747,-21.98875183933038,137.82505742170355,21.99887706371135,-1.540455058667599,-7.823640365847185,-448.261573391231,1.514748528013771,2
265,8.857574368018813,980.5610113107118,578.5626081170991,1252.5,-0.24451188188339498,-21.976343537719906,137.69240448682356,21.977703732379908,-1.581922008041934,-7.865107315221519,-450.63745457966303,1.5213481979816377,2
266,8.890999176954733,975.8666136303367,578.1601697162556,1257.0,-0.9938058012232147,-21.912108535235674,137.42256590539188,21.934633583228443,-1.6161194511865073,-7.8993047583660925,-452.59682374198565,1.5267908900992002,2
267,8.924423985890654,971.2769272092397,577.9865699704538,1241.0,-1.7263862856975736,-21.88439949931995,137.5338007492117,21.952388276752032,-1.6495199143780872,-7.932705221557672,-454.51052931664526,1.5321067389176992,2
268,8.957848794826573,966.0567612687813,577.2562604340568,1198.0,-2.5596004408344597,-21.767831510811902,137.31711423366173,21.91780196780269,-1.687845217462039,-7.971030524641624,-456.7064074319154,1.5382064003490055,2
269,8.991273603762494,961.755212677231,576.9920767306088,1199.0,-3.246189950893998,-21.725663962159217,137.6243655867416,21.96684373764126,-1.7191163435381547,-8.00230165071774,-458.49811097669834,1.543183354640069,2
270,9.024698412698413,957.2945454545454,576.2471515151515,1375.0,-3.9581771010516094,-21.606763099405622,137.62110760183836,21.966323716023258,-1.7519789553220877,-8.035164262501674,-460.3809999356946,1.548413601748392,2
271,9.058123221634332,952.5397335236735,575.8463002617178,1401.0,-4.717114010530075,-21.542781428655143,138.16524891473833,22.05317655738393,-1.7863591491821347,-8.06954445636172,-462.3508399427169,1.553885379545676,2
272,9.091548030570253,948.6039966891332,575.0145441645974,1409.5,-5.345314661397633,-21.410021098495736,138.25311796593436,22.067201731696407,-1.8154588682995476,-8.098644175479134,-464.01813103316084,1.558516743685798,2
273,9.124972839506173,943.0909418982317,573.76542764345,1385.5,-6.225278122754759,-21.21064399464376,138.49197988401272,22.10532755634185,-1.8562772102403704,-8.139462517419956,-466.35684975309175,1.5650131845744952,2
274,9.158397648442094,938.9114373088685,572.6538226299693,1362.5,-6.892387640926741,-21.0332157207694,138.66980603566333,22.133711187896637,-1.8874598776814921,-8.170645184861078,-468.14348499142807,1.5699760602365402,2
275,9.191822457378013,934.788926468746,571.3844419391206,1330.5,-7.5504001305438155,-20.83060416168557,138.8142936065446,22.15677349868767,-1.9185338726487278,-8.201719179828313,-469.9238937556614,1.5749216401371888,2
276,9.225247266313934,929.8095238095239,570.4866031746031,1312.5,-8.345184975913277,-20.687296079881396,139.75605021020405,22.30709150424781,-1.9542273765932014,-8.237412683772787,-471.9689808877133,1.5806024377262216,2
277,9.258672075249853,925.8725263428423,568.7328450269854,1297.0,-8.97358684194458,-20.407370857206686,139.66891742546542,22.293183848734788,-1.9850709631878307,-8.268256270367417,-473.73618822463186,1.5855113469954398,2
278,9.292096884185774,922.6376199616122,567.1088931541906,1302.5,-9.489924793290788,-20.1481645976534,139.53130745625938,22.271219302868193,-2.0109816237803693,-8.294166930959955,-475.22075972098025,1.5896351567075189,2
279,9.325521693121694,918.6334097859327,565.0415392456676,1308.0,-10.129054781987346,-19.818184945683253,139.43999224421196,22.25664407132861,-2.0432836706601294,-8.326468977839715,-477.07153067682424,1.5947761871404187,2
280,9.358946502057613,914.9803006739241,563.33411093831,1286.0,-10.712143951393672,-19.54565463710711,139.64033315399897,22.2886213846538,-2.0721470043029244,-8.35533231148251,-478.72527787723436,1.5993699293637804,2
281,9.392371310993534,910.2664169787764,560.6083645443196,1335.0,-11.464548121158657,-19.11058600046014,139.6217403367662,22.285653701503705,-2.111146433965919,-8.394331741145503,-480.9597806003412,1.6055768813724103,2
282,9.425796119929453,906.5640240010213,558.1200051066003,1305.5,-12.05550370995247,-18.713407763173283,139.4637193316799,22.260431258434146,-2.1430957343830643,-8.42628104156265,-482.7903406726392,1.610661770462127,2
283,9.459220928865374,902.0935426237876,555.2549770290965,1306.0,-12.769057341441021,-18.256107750823265,139.57730604802074,22.278561344904613,-2.18114654964687,-8.464331856826455,-484.9704917942872,1.616717745800038,2
284,9.492645737801293,898.5619526017515,552.3538124678,1294.0,-13.332750302558319,-17.79303983182883,139.29865206403872,22.23408412971886,-2.213864602047794,-8.497049909227378,-486.84509811074804,1.6219249855679847,2
285,9.526070546737214,894.2933643771828,549.7803647652308,1288.5,-14.014078860257184,-17.382280274040355,139.88683205231857,22.3279661820507,-2.2493232329484703,-8.532508540128056,-488.87672800866903,1.6275684019510985,2
286,9.559495355673134,891.0242705912729,547.058223599277,1291.0,-14.535873616967736,-16.947787084049075,139.88417129756942,22.327541487022685,-2.2797354135457364,-8.562920720725321,-490.619217602682,1.6324086508233568,2
287,9.592920164609055,887.5115337919871,544.0144341022527,1235.5,-15.096557330439524,-16.461954157834686,139.93787740687938,22.336113760587317,-2.3129558913992896,-8.596141198578875,-492.52261077709846,1.6376958540856248,2
288,9.626344973544974,883.9675281643471,540.3040424121934,1257.5,-15.662232002186666,-15.869721858608548,139.69245706643875,22.296941116662577,-2.349614280712866,-8.632799587892451,-494.62298176851385,1.6435302179506677,2
289,9.659769782480893,880.1549600757883,536.9063472729733,1231.5,-16.270773135752897,-15.327400461716444,140.04516439470243,22.35323831906607,-2.386040915740656,-8.66922622292024,-496.7100742174696,1.6493276969755446,2
290,9.693194591416814,876.3868924686768,533.0653999724632,1210.5,-16.87221134740529,-14.714329594540363,140.25741805668116,22.387117080327208,-2.4244050004350215,-8.707590307614607,-498.9081743553392,1.6554335306918493,2
291,9.726619400352734,873.3890001334934,530.2209317848084,1248.5,-17.350718421268898,-14.260311238644494,140.70738438266667,22.458938228624486,-2.453648371007358,-8.736833678186944,-500.5836960678712,1.6600877576711046,2
292,9.760044209288655,869.2614479406496,526.195318495779,1303.0,-18.009535583859265,-13.61776500279976,141.4562051502343,22.578460877964446,-2.494172283915621,-8.777357591095207,-502.90554524687036,1.66653733872388,2
293,9.793469018224574,866.5630089181853,523.1243375985523,1289.5,-18.440245568165544,-13.127591934949052,141.81500911935626,22.63573119262526,-2.5229253602299155,-8.8061106674095,-504.55297516769696,1.6711135329483986,2
294,9.826893827160495,865.4720092024539,518.7554959100204,1304.0,-18.614384937826635,-12.430261471136772,140.23274906678662,22.383179551940657,-2.552821627495997,-8.836006934675583,-506.2659051052386,1.6758716716637918,2
295,9.860318636096414,862.2252152521525,515.2457564575645,1355.0,-19.132620317517734,-11.870056177668305,141.06281409403337,22.515669962834636,-2.5863013062800295,-8.869486613459614,-508.18414939901726,1.6812001280353994,2
296,9.893743445032335,860.104931540046,511.31079607415484,1375.5,-19.47104833340532,-11.241979459656553,140.8607163110978,22.483412227087463,-2.617979839455902,-8.901165146635488,-509.99919565116005,1.6862419231802404,2
297,9.927168253968254,857.9378927911275,507.38607516943927,1352.5,-19.816939130924762,-10.615537110874918,140.84634807480455,22.481118848294443,-2.649810151264805,-8.93299545844439,-511.82293817839553,1.6913078746447834,2
298,9.960593062904174,855.9815418023887,503.02569670647847,1381.5,-20.129201107809365,-9.919557500545919,140.59274907462023,22.440640771717515,-2.6837261260977736,-8.966911433277359,-513.7661803943965,1.6967057696892305,2
299,9.994017871840095,853.8580734059876,498.56895903795566,1330.5,-20.46813744547526,-9.208197564195144,140.6141322853749,22.444053842122994,-2.7188388535598693,-9.002024160739454,-515.7779914851677,1.702294133830262,2
300,10.027442680776014,852.3748148148148,494.2527160493827,1350.0,-20.704887017804957,-8.519262615362171,140.26961501273445,22.389063891319253,-2.751244939373448,-9.034430246553033,-517.6347234328246,1.7074517225737529,2
301,10.060867489711935,849.9312072336264,488.82636852394916,1364.0,-21.09492221007074,-7.653138890474184,140.5905043629778,22.440282483200257,-2.7935646769655875,-9.076749984145174,-520.0594657869553,1.714187118001894,2
302,10.094292298647854,848.2984319676276,484.77250885179564,1318.0,-21.355536811082473,-7.006084122425895,140.81059728430023,22.47541250388982,-2.8245876898022706,-9.107772996981856,-521.8369534902774,1.7191245838444553,2
303,10.127717107583775,846.5845752608047,480.2277694982613,1342.0,-21.629093185398748,-6.280677841483043,141.10582467013325,22.522535074257483,-2.8589838181639466,-9.142169125343532,-523.8077064769917,1.7245988976964397,2
304,10.161141916519695,845.3003162555343,475.40923466160655,1317.5,-21.834079539138944,-5.511569832520329,141.08354777151706,22.51897935831449,-2.894328538137867,-9.177513845317453,-525.832809759569,1.7302241845924875,2
305,10.194566725455616,843.9386973180076,470.50401680879986,1348.5,-22.051413659469628,-4.728625957630828,141.2948761565889,22.552710431968563,-2.9303552460055475,-9.213540553185133,-527.8969880701379,1.7359580132329566,2
306,10.227991534391535,842.7896870644875,465.2644115038641,1315.5,-22.23481235187716,-3.8923089981321364,141.42152326473024,22.572925146292615,-2.9682938871926194,-9.251479194372205,-530.0707120906184,1.741996135512069,2
307,10.261416343327454,841.6462098393573,460.90110441767064,1328.0,-22.41732789274738,-3.195861937082154,141.86672923374778,22.643986472612113,-2.999984726851099,-9.283170034030684,-531.886463452275,1.747039889294449,2
308,10.294841152263375,841.5342832785287,455.8352210449397,1368.5,-22.435192994332635,-2.387273516220319,141.35212032945424,22.561847431764072,-3.035584017165432,-9.318769324345016,-533.9261525409472,1.752705692318538,2
309,10.328265961199294,840.980709006639,451.27996993611424,1330.5,-22.523551472687366,-1.6601894067555758,141.4950061356609,22.584654077694008,-3.0680166655310304,-9.351201972710616,-535.7844064107279,1.7578675086234847,2
310,10.361690770135215,841.1134304844427,445.7307338847315,1269.5,-22.502367200911706,-0.7744508917454543,141.06294069342331,22.51569016993244,-3.10718981385523,-9.390375121034815,-538.0288624799445,1.7641021088157527,2
311,10.395115579071135,840.4910325390724,440.70138355111453,1301.0,-22.601710935215504,0.028306326494254522,141.6019800217352,22.60172866059496,3.140340256734709,-9.426030357624462,-540.0717570540717,1.7697768159661058,2
312,10.428540388007056,840.7125603864733,435.18204932621404,1311.0,-22.566351879523253,0.9092720765437109,141.49506342678472,22.584663222187856,3.101321169831196,-9.465049444527976,-542.3073860540973,1.775986896521733,2
313,10.461965196942975,841.0896030245747,430.33005671077507,1322.5,-22.506170408907284,1.6837204320012362,141.3973288090653,22.569063360447913,3.0669202512825002,-9.499450363076672,-544.2784134983108,1.7814619727556589,2
314,10.495390005878896,841.0843742346314,426.30443301493995,1361.0,-22.50700499957829,2.3262683289230237,141.7597078234155,22.626904304150678,3.03860083600318,-9.527769778355992,-545.9009964720942,1.7859691476828352,2
315,10.528814814814815,842.3270873167621,421.31064372211597,1307.5,-22.30864997741702,3.123349489562636,141.1289928991589,22.52623305945447,3.002490623423206,-9.563879990935966,-547.9699592502469,1.7917162665110373,2
316,10.562239623750735,842.2071209330877,417.3319828115408,1357.5,-22.32779835127299,3.7584014451887704,141.8537299229508,22.641911594172118,2.974827640605107,-9.591542973754066,-549.554931414467,1.7961189669672042,2
317,10.595664432686656,843.1317335333082,412.681664791901,1333.5,-22.180216777179584,4.500659611700568,141.79309020930725,22.63223261684696,2.9413974788689057,-9.624973135490267,-551.470338590391,1.801439542455882,2
318,10.629089241622575,844.3487217671878,407.7846860263092,1343.0,-21.9859678137042,5.282288408837535,141.66394916705664,22.61161983448723,2.9058044371991554,-9.660566177160018,-553.509669658101,1.8071043509772986,2
319,10.662514050558496,845.4634273772205,403.07236154649945,1276.0,-21.808044639674197,6.034443705232339,141.76365665411888,22.62753459477282,2.8716399348898882,-9.694730679469284,-555.4671514495869,1.8125418003980927,2
320,10.695938859494415,847.2061829000128,398.70366058724613,1288.5,-21.529875595414648,6.731751706611757,141.32644107693815,22.55774865081845,2.8385526843804185,-9.727817929978753,-557.3629112594715,1.8178077998699942,2
321,10.729363668430336,848.7425578126995,393.71496103232397,1304.5,-21.28464788820208,7.528020471301873,141.44516545804936,22.57669878306138,2.8016404422401924,-9.76473017211898,-559.4778269464715,1.8236825656672169,2
322,10.762788477366255,850.4673681573342,389.061380433421,1330.5,-21.009343154508112,8.270799392758123,141.45783211792866,22.57872056559284,2.766552942631483,-9.79981767172769,-561.4881925877174,1.8292669146706777,2
323,10.796213286302176,852.219169246646,385.0415376676986,1292.0,-20.729730306708383,8.912424569434094,141.3682349873716,22.56441956476427,2.7355499433063697,-9.830820671052802,-563.2645336012934,1.8342011952639439,2
324,10.829638095238096,854.2138581072475,380.9373328238441,1308.5,-20.41134904973227,9.567515156684786,141.23038017006763,22.542415937591947,2.7032683330026703,-9.863102281356502,-565.1141336275814,1.839338973114744,2
325,10.863062904174015,856.041948409717,377.1938392186326,1331.0,-20.119559337631223,10.1650310014115,141.22537839453332,22.5416175817114,2.6737687725413304,-9.892601841817843,-566.8043339395073,1.844033973981205,2
326,10.896487713109936,859.0944971537002,372.2292220113852,1317.5,-19.632328308628946,10.957455874317251,140.8593688284552,22.483197149324717,2.6325265312068993,-9.933844083152273,-569.1673403056301,1.8505978805537684,2
327,10.929912522045855,861.5039667548168,368.21470847500314,1323.5,-19.247742032843604,11.598230428738495,140.78973875234112,22.47208317982581,2.59928107277668,-9.967089541582492,-571.0721647616592,1.8558890595982935,2
328,10.963337330981776,864.4579764121663,363.82594661700807,1342.5,-18.776239270481508,12.298740440358017,140.6239891258237,22.445627136742466,2.5616992019069538,-10.004671412452218,-573.2254473487002,1.861870400117852,2
329,10.996762139917696,866.9548411787217,360.11264191861204,1306.5,-18.377703459419948,12.8914376979414,140.6411503590796,22.448366318337747,2.5298796972312734,-10.0364909171279,-575.0485706728135,1.8669346315737225,2
330,11.030186948853617,869.3472377405337,356.664556176288,1342.5,-17.995842288196812,13.441802165546388,140.72530331560705,22.461798350072957,2.500053260775619,-10.066317353583553,-576.7574995996376,1.8716816563704557,2
331,11.063611757789536,871.8335185871309,353.40533530937387,1349.5,-17.5989958241841,13.962021061268292,140.74347406809719,22.46469866557192,2.470924724947054,-10.095445889412119,-578.42644176601,1.8763176068326017,2
332,11.097036566725457,874.3884112149533,350.0935825545171,1337.5,-17.191197925297853,14.490624807803195,140.86234197731198,22.48367170698075,2.4412293941931806,-10.125141220165991,-580.127858889452,1.881043765508829,2
333,11.130461375661376,877.8915052538295,346.12267375617165,1316.5,-16.632053336168003,15.124439413943573,140.8426082577411,22.480521919279074,2.4036330673540953,-10.162737547005078,-582.281969742526,1.8870274067673682,2
334,11.163886184597295,881.1628730399594,342.7800961052099,1318.0,-16.109895616058637,15.657963260731663,140.74875385708935,22.4655413964304,2.3704196185897795,-10.195950995769394,-584.1849601797953,1.8923134913153383,2
335,11.197310993533216,884.8557385420655,339.07851397931825,1305.5,-15.520460750487816,16.248789425814028,140.77765768416774,22.470154866219296,2.333272919410059,-10.233097694949112,-586.3133092656353,1.8982255721093382,2
336,11.230735802469136,888.7082526152655,337.0473976494898,1290.5,-14.905543658719587,16.57298503492796,139.64826267174874,22.289887050632217,2.303273197255141,-10.263097417104031,-588.0321667316773,1.903000176181677,2
337,11.264160611405057,892.091395793499,333.85455704270237,1307.5,-14.365544965744805,17.082608678891575,139.83720405989735,22.320044835057516,2.2700103147638173,-10.296360299595355,-589.9379895128696,1.9082941283516561,2
338,11.297585420340976,894.92012345679,330.8027160493827,1350.0,-13.914039025710586,17.569726740628454,140.41303736985208,22.41195617855237,2.2405987155858744,-10.325771898773297,-591.6231500144962,1.9129751297450632,2
339,11.331010229276897,898.1419984973704,328.3266967192587,1331.0,-13.399781065233157,17.964935317862057,140.41265353251433,22.411894912549194,2.2116588185777797,-10.354711795781393,-593.2812839726034,1.9175810574064718,2
340,11.364435038212816,901.7906253885366,325.78341414894936,1340.5,-12.817407323247139,18.370880083270904,140.3402515938195,22.40033851360173,2.179978620012189,-10.386391994346983,-595.0964256445482,1.9226231176063184,2
341,11.397859847148737,906.2002723109294,322.7919296942691,1346.5,-12.113563752601776,18.84836436651817,140.371587160031,22.40534012420654,2.1420120934012785,-10.424358520957894,-597.2717473821244,1.9286656779884745,2
342,11.431284656084657,910.4316754584274,320.50263752825924,1327.0,-11.438170472234813,19.213768581579554,140.091876443494,22.360694239186714,2.1077610026845544,-10.458609611674618,-599.2341903239125,1.9341169083823306,2
343,11.464709465020576,914.7231680236862,318.59425117197134,1351.0,-10.753186049742622,19.518374707834145,139.61437469725607,22.28447803866626,2.074350433902028,-10.492020180457144,-601.1484749062828,1.9394343655555815,2
344,11.498134273956497,918.8178824721377,316.1477963525836,1316.0,-10.099610267170132,19.90886436058984,139.86254927620294,22.324090298981787,2.040260610021927,-10.526110004337244,-603.1016779389568,1.9448599295352311,2
345,11.531559082892416,922.7279174725983,314.60064474532555,1292.5,-9.4755120015931,20.15581218447396,139.5362138596748,22.272002435976063,2.0102498731401695,-10.556120741219003,-604.8211665023591,1.9496362866557932,2
346,11.564983891828337,927.8607723577235,312.4846290650406,1312.0,-8.656233956540326,20.493558960613836,139.37778804630034,22.24671537963565,1.970452531940941,-10.595918082418232,-607.101386188917,1.9559702302295654,2
347,11.598408700764256,931.6548672566372,310.77068103116585,1299.5,-8.05064141182709,20.767129912051463,139.54246129181226,22.272999616707395,1.9406220567822963,-10.625748557576877,-608.8105465163773,1.960717897805844,2
348,11.631833509700177,937.3485016648169,308.8571957084721,1351.5,-7.14185482588703,21.07254990725857,139.3977963027837,22.249908987408215,1.8975641366503309,-10.668806477708841,-611.2775836145502,1.9675707786341017,2
349,11.665258318636097,941.8594347772429,307.5015426385289,1350.5,-6.421844511077201,21.288931788642255,139.3133328908097,22.236427402483407,1.863767840753128,-10.702602773606044,-613.2139687326352,1.9729496261843382,2
350,11.698683127572018,947.0738450345581,306.4590760276464,1374.5,-5.5895490464038184,21.45532457123809,138.90635855928312,22.171468399709724,1.8256517417745233,-10.74071887258465,-615.3978603356122,1.979015991748163,2
351,11.732107936507937,952.0145507457257,305.0987025585061,1374.5,-4.800940794891216,21.67245989676011,139.0716426230235,22.1978501322251,1.7887985248627671,-10.777572089496406,-617.509394126136,1.9848813633885072,2
352,11.765532745443856,957.3725416510083,304.641112363773,1330.5,-3.945727777470526,21.74549792502439,138.4622092546644,22.100575732345586,1.7502937231194007,-10.816076891239772,-619.7155567570189,1.9910095929187372,2
353,11.798957554379777,961.579947819605,304.20673375574603,1341.5,-3.274164762794187,21.81483104757738,138.2028022994185,22.059170621949256,1.7197732514285298,-10.846597362930643,-621.4642509736543,1.9958670768538354,2
354,11.832382363315697,965.8803292787811,303.5594053323504,1356.5,-2.5877615439802004,21.91815404756391,138.27307458963682,22.07038709812868,1.688317047743165,-10.878053566616007,-623.2665586843295,2.000873487161267,3
355,11.865807172251618,970.6403738317757,302.9140186915888,1337.5,-1.8279894321593546,22.02116711089415,138.43923100628805,22.096908070814173,1.6536170036524105,-10.912753610706762,-625.2547247596476,2.006396170703817,3
356,11.899231981187537,975.3244848944507,302.7939577803059,1318.5,-1.0803374061183242,22.040330572726702,138.25054975051316,22.06679180728657,1.6197735160966633,-10.94659709826251,-627.1938137605955,2.0117825290397833,3
357,11.932656790123458,979.9765329295988,302.52245773403985,1321.0,-0.3378031040532647,22.08366591575017,138.37245322920214,22.086249369586817,1.58609164788307,-10.980278966476103,-629.1236426553503,2.0171431648585463,3
358,11.966081599059377,984.672256097561,302.23831300813004,1312.0,0.41170238231960254,22.129019532940884,138.66440427345697,22.132848988345057,1.552193835601205,-11.014176778757967,-631.0658442338278,2.0225381692432065,3
359,11.999506407995298,990.0037355248412,302.9724816336695,1338.5,1.262683783543197,22.01183557786471,138.13295536844242,22.04802203927086,1.5134952668110428,-11.05287534754813,-633.2831088987008,2.0286972377567425,3
360,12.032931216931217,995.2128074019965,304.55332359386415,1369.0,2.094127165358405,21.759510285279685,136.95527409545096,21.86004703654328,1.4748521848229572,-11.091518429536215,-635.4971944039961,2.034847475271452,3
361,12.066356025867137,999.9249216678717,304.56917329476977,1383.0,2.8462489085620013,21.75698044325936,137.47099669524596,21.942363839337375,1.4407150022841455,-11.125655612075027,-637.4531108879377,2.040280576615734,3
362,12.099780834803058,1004.4250977517106,305.9932795698925,1364.0,3.564542245676456,21.529672438037725,136.72165329666294,21.82275777051135,1.4067205448497309,-11.159650069509441,-639.4008498257667,2.0456909625541475,3
363,12.133205643738977,1009.0846617074035,306.47880505372535,1411.5,4.308276197610558,21.452175532685764,137.08352819383737,21.880518249805224,1.3726012140823232,-11.19376940027685,-641.3557434785502,2.0511212227007687,3
364,12.166630452674898,1014.5051932367148,307.19432367149756,1380.0,5.173471605209306,21.337968389198018,137.55753674354116,21.956176885521778,1.3329324788530394,-11.233438135506134,-643.62859458581,2.057434697998713,3
365,12.200055261610817,1019.5382653061224,308.68294460641397,1372.0,5.976822866431135,21.100362909074807,137.39679662925525,21.930520433208006,1.2947700850414774,-11.271600529317695,-645.8151386873286,2.063508431614042,3
366,12.233480070546738,1024.5691950653475,310.2302430682789,1364.5,6.779832183893104,20.853391645066637,137.3799892429075,21.9278377307086,1.256456871794471,-11.309913742564701,-648.0103241059668,2.069606168888037,3
367,12.266904879482658,1028.8156133828995,311.6800495662949,1345.0,7.457622103059207,20.621981511723202,137.38744351869872,21.929027541181366,1.2237944368472538,-11.34257617751192,-649.881743777063,2.0748045568633042,3
368,12.300329688418579,1033.1412450396824,313.4688740079365,1344.0,8.148055619435743,20.336459200204548,137.25597838933166,21.9080438008281,1.1897190003789588,-11.376651613980213,-651.8341224717625,2.0802278310152476,3
369,12.333754497354498,1037.3006535947711,315.62770236299644,1326.0,8.811957519227272,19.99187890056203,136.87846673930488,21.847787469110077,1.1556387877683987,-11.410731826590773,-653.786774819256,2.0856518653138405,3
370,12.367179306290417,1042.503800623053,317.68211838006226,1337.5,9.642455209276209,19.66396432361491,137.21108084916202,21.90087750258646,1.1148890356179828,-11.45148157874119,-656.1215636336791,2.092137389798349,3
371,12.400604115226338,1047.577265973254,320.5096582466568,1346.0,10.452253823649926,19.212647973151626,137.02888130451416,21.871795814113018,1.0725482832589113,-11.493822331100262,-658.5475100452625,2.0988761298305247,3
372,12.434028924162257,1051.906671664168,322.67478760619684,1334.0,11.14328973058183,18.867061941855304,137.28122015861425,21.91207275310794,1.037301428666606,-11.529069185692567,-660.5670060545128,2.1044858409673313,3
373,12.467453733098179,1056.3619762351468,325.43227016885555,1332.5,11.854420923790531,18.42692775264434,137.27264651496222,21.910704275298336,0.9991310321928982,-11.567239582166275,-662.7540086747974,2.1105608482458997,3
374,12.500878542034098,1060.258663674894,328.43792071802545,1337.0,12.476388725192718,17.94718235536614,136.94093956057253,21.857759036984596,0.9633176073021452,-11.603053007057028,-664.8059667709463,2.116260731846313,3
375,12.534303350970019,1064.6627495577457,331.7442506949709,1319.0,13.179344673314986,17.419444162793965,136.85069737233692,21.84335507559983,0.923092131480588,-11.643278482878584,-667.110716764427,2.1226628151615374,3
376,12.567728159905938,1067.0117825921702,334.1194729507158,1315.5,13.554284396973431,17.040324259776277,136.41390817436036,21.7736371879472,0.8988518091061587,-11.667518805253014,-668.4995849305184,2.1265207822895693,3
377,12.601152968841859,1070.5870328567844,337.57863054928515,1329.0,14.124946165701004,16.488192563417943,136.02250135459298,21.71116298571549,0.8624424882474744,-11.703928126111698,-670.5856853506587,2.1323155056788474,3
378,12.634577777777778,1074.3258911084997,340.33594464029244,1276.5,14.721722140816079,16.04808526472469,136.43963914149262,21.777744223295215,0.8284774880160866,-11.737893126343085,-672.5317365150779,2.1377212033577897,3
379,12.668002586713698,1078.2520045819015,343.9196894488991,1309.5,15.348386763746575,15.476067643639801,136.55631714498097,21.796367724005435,0.7895403340251388,-11.776830280334034,-674.7626711050103,2.14391824388538,3
380,12.701427395649619,1081.654372623574,347.9722433460076,1315.0,15.891454023608059,14.82922129621709,136.17672684478853,21.735779609589056,0.7508348052530027,-11.81553580910617,-676.9803345474759,2.150078420114451,3
381,12.734852204585538,1084.7446646341464,351.75546239837394,1312.0,16.384709425080825,14.225364694268075,135.94241603313085,21.698380207500765,0.7149712360006774,-11.851399378358495,-679.0351657039092,2.1557862844378772,3
382,12.768277013521459,1088.3143002157085,355.7677959649791,1313.5,16.954475009003367,13.584938094623867,136.11339334845687,21.72567066549805,0.6755085993509837,-11.890862015008189,-681.296208232395,2.162066958128115,3
383,12.801701822457378,1090.9172559235826,359.8780548319067,1343.5,17.369944472183807,12.928881197532155,135.66078557463928,21.65342790383659,0.6398591034731702,-11.926511510886002,-683.3387738879627,2.1677407516158036,3
384,12.8351266313933,1093.4937420178799,363.1821200510855,1305.0,17.781189001336323,12.401504493129247,135.8194012115385,21.678745258763218,0.6090130421348118,-11.95735757222436,-685.1061230172523,2.172650054752719,3
385,12.868551440329218,1096.0452254976065,367.5273368606702,1323.0,18.188442750767788,11.707944902460996,135.51958655434498,21.63089049338976,0.5719353633082175,-11.994435251050955,-687.2305175281577,2.1785511506163453,3
386,12.90197624926514,1099.326117230029,372.21711609064437,1316.5,18.712120630763685,10.95938815475379,135.8603822247068,21.685286422521834,0.529826459517002,-12.03654415484217,-689.6431799953168,2.185252990802898,3
387,12.935401058201059,1101.0595416043845,376.3086696562033,1338.0,18.98880028846926,10.30631689491083,135.36008847333576,21.60543228759135,0.49726587766128794,-12.069104736697884,-691.5087639141394,2.1904351683551835,3
388,12.968825867136978,1103.8898507088193,380.84054698281267,1328.5,19.440558649434454,9.582963579911945,135.7905729400603,21.674143848743356,0.45798096795289966,-12.108389646406273,-693.7596234389827,2.1966875559241923,3
389,13.002250676072899,1106.442365269461,385.54628243512974,1336.0,19.847976974326446,8.831859987818904,136.1046229175183,21.724270777584906,0.4186675541395756,-12.147703060219596,-696.0121161287374,2.2029444800623996,3
390,13.035675485008818,1108.0440138739384,390.1644540126779,1393.5,20.10362330895016,8.094732859456764,135.77783333831542,21.672110423632795,0.3827891526736668,-12.183581461685506,-698.06779710841,2.2086547050059346,3
391,13.06910029394474,1109.5580024067388,393.66462093862816,1385.0,20.345277825421984,7.536055479981037,135.92837674613344,21.69613933378378,0.3547388203593671,-12.211631793999805,-699.6749627639588,2.2131190540491255,3
392,13.102525102880659,1110.6746371639304,397.88246490601944,1401.0,20.5235089193033,6.862826441311719,135.58001754887547,21.640536156118902,0.32269995088350256,-12.24367066347567,-701.5106547652964,2.218218198497286,3
393,13.13594991181658,1112.385100559324,402.5721766035939,1400.5,20.796523671926337,6.114280472754453,135.80665967582866,21.67671152496381,0.28594769517713603,-12.280422919182037,-703.6164039048567,2.224067501662731,3
394,13.169374720752499,1113.4638993710691,407.51584905660377,1325.0,20.968715600448057,5.3251986862382195,135.5412136423104,21.634342490133296,0.24870150374264247,-12.31766911061653,-705.7504534769895,2.229995417140878,3
395,13.20279952968842,1114.264709572199,411.89750345000624,1328.5,21.096536517018553,4.62582312899682,135.3118548799072,21.597733506890467,0.2158532465259252,-12.350517367833246,-707.6325199798675,2.2352233796488723,3
396,13.23622433862434,1115.3604854854855,416.5397897897898,1332.0,21.271438237044734,3.8848469350165606,135.4718890559602,21.62327728122905,0.1806412368255428,-12.385729377533629,-709.6500195238732,2.2408275450488877,3
397,13.269649147560258,1116.076130153999,420.67809239940385,1342.0,21.385665500058014,3.224313850072604,135.49749492428586,21.62736434899411,0.1496427843479683,-12.416727830011205,-711.4261000222751,2.2457611019888937,3
398,13.30307395649618,1116.545830202855,425.1138241923366,1331.0,21.460636436583652,2.51630675596522,135.37400837539005,21.607654105740817,0.11671925482106482,-12.449651359538107,-713.312479310841,2.2510010444571322,3
399,13.336498765432099,1116.5875685102142,428.924514200299,1338.0,21.46729847547278,1.908065391286664,135.02488147193787,21.551928391038746,0.08864946146448155,-12.477721152894691,-714.9207600019776,2.2554684908214004,3
400,13.36992357436802,1116.7687969924812,434.112030075188,1330.0,21.496225168313806,1.0800626599069643,134.84578224567574,21.52334155832159,0.050202077659503054,-12.51616853669967,-717.1236328273225,2.261587582002914,3
401,13.403348383303939,1117.1751022494886,438.9794222903885,1304.0,21.5610773770954,0.3031563050963281,135.0955525135805,21.56320851372575,0.014059424064235816,-12.552311190294937,-719.1944543387347,2.2673398639790587,3
402,13.43677319223986,1116.8594393004114,444.08886316872423,1296.0,21.510692994601932,-0.5123845250655781,134.8047650965822,21.516794626745487,-0.023815487978247528,-12.59018610233742,-721.3645269481981,2.2733678434497904,3
403,13.47019800117578,1116.6031369447737,449.6906550678792,1264.5,21.469783423307064,-1.4065117152248257,134.79856654155785,21.51580524750992,-0.0654177424529683,-12.631788356812141,-723.7481605478289,2.2799890478932094,3
404,13.5036228101117,1116.6558612891067,453.85777107676836,1326.5,21.4781989929498,-2.071643836369438,135.18744679827103,21.57787617365336,-0.09615587992305828,-12.66252649428223,-725.5093260949579,2.284881174413012,3
405,13.53704761904762,1116.2824704813804,458.4668483197093,1284.5,21.418600407398277,-2.8073193770976412,135.33729156960868,21.601793571294714,-0.1303263163307282,-12.696696930689901,-727.4671478852376,2.2903195682749002,3
406,13.570472427983539,1115.1767373616112,463.0887021475256,1249.5,21.2421093728787,-3.545034245980141,134.92438783677767,21.535888150120794,-0.1653631552612796,-12.731733769620453,-729.4746108834379,2.295895854381012,3
407,13.60389723691946,1115.0221610280619,467.3625753999475,1271.0,21.217436749320076,-4.227206370735647,135.5418103318771,21.634437730437696,-0.19665762456529143,-12.763028238924464,-731.2676518966595,2.3008765238621836,3
408,13.63732204585538,1114.2034380250743,472.751841799147,1289.5,21.086756689910796,-5.087411410352122,135.90102798993254,21.691774075849093,-0.2367369346180375,-12.80310754897721,-733.564027208478,2.3072553441727903,3
409,13.6707468547913,1112.6435400516796,477.7338501291989,1290.0,20.837774361221122,-5.882612158557578,135.65312176310997,21.652204648422614,-0.27514503689392544,-12.841515651253097,-735.7646493679932,2.3133681835047772,3
410,13.70417166372722,1111.1590517812208,482.8299562971792,1258.5,20.60082851425207,-6.696024575648038,135.71284729702137,21.661737709410655,-0.3142650600495848,-12.880635674408758,-738.0060615892667,2.31959432856387,3
411,13.73759647266314,1109.4780545670226,487.26914458942923,1264.5,20.332516991286838,-7.404583377151552,135.5693483570612,21.63883319844573,-0.34924617361487104,-12.915616787974043,-740.0103317592253,2.325161745702644,3
412,13.77102128159906,1108.3415052062737,491.4050349281666,1264.5,20.151107237997543,-8.064731428695529,135.9838883544377,21.70499979116025,-0.38068982808910934,-12.947060442448281,-741.8119204530668,2.330166158741093,3
413,13.80444609053498,1106.6901868548282,496.22357245524626,1275.5,19.887532891749675,-8.833839867089063,136.33611265275817,21.76121989498285,-0.4180116938404298,-12.984382308199603,-743.9503058441713,2.3361061181608274,3
414,13.8378708994709,1104.6902251724587,500.4629701939346,1280.5,19.568310015985052,-9.51050920009886,136.3098895877785,21.757034313684986,-0.45239784901801333,-13.018768463377185,-745.9204874095287,2.341578844731264,3
415,13.87129570840682,1102.6306023781524,504.905919247354,1275.5,19.239564361913395,-10.219668273600648,136.48743123563145,21.78537253430952,-0.48827921407355585,-13.054649828432728,-747.9763381903796,2.347289541344739,3
416,13.90472051734274,1100.911803364879,508.70741324921136,1268.0,18.965219123844406,-10.826441822400394,136.8161625549273,21.837842818127754,-0.518715677217149,-13.08508629157632,-749.720219071813,2.3521336549042764,3
417,13.93814532627866,1099.1555023923445,511.989500265816,1254.0,18.684888029452424,-11.350310487078481,136.9685906710081,21.862172555038036,-0.5458862927644442,-13.112256907123617,-751.2769806694455,2.3564579926754776,3
418,13.97157013521458,1096.8438768827766,515.6239685658153,1272.5,18.315919089017108,-11.93042431267265,136.94757291794602,21.858817816977936,-0.5773371012461233,-13.143707715605295,-753.0789792577199,2.3614635443095735,3
419,14.0049949441505,1093.5158359293873,520.1766614745586,1284.0,17.784715509884197,-12.657100096320853,136.75976376001225,21.82884075290763,-0.6185247063174124,-13.184895320676585,-755.4388551965565,2.3680187552507856,3
420,14.038419753086421,1090.267519804997,525.018281535649,1367.5,17.266237169143217,-13.429892841744755,137.04456557468325,21.874299250989726,-0.6610647216800777,-13.22743533603925,-757.8762185372589,2.3747892089749594,3
421,14.07184456202234,1086.5172078316916,529.7472941748753,1370.5,16.667633014030297,-14.184711810292447,137.12059754331722,21.886435055336047,-0.7050936800240021,-13.271464294383174,-760.398892026723,2.3817966353345823,3
422,14.105269370958261,1083.406548933039,533.1114790286975,1359.0,16.171126761983388,-14.72168447987308,137.0085252822048,21.868546697873438,-0.7385141131921479,-13.30488472755132,-762.3137417967569,2.3871156624735645,3
423,14.13869417989418,1080.4488073394496,536.6251987767583,1362.5,15.699028328499606,-15.28252508621809,137.26351073637304,21.909246072604105,-0.7719553851133829,-13.338325999472556,-764.229785539393,2.39243800620311,3
424,14.1721189888301,1077.195243431702,540.3785331839123,1338.5,15.179712365463441,-15.88161166558617,137.63962798641228,21.969279837871028,-0.8079915295014248,-13.374362143860598,-766.2945045227518,2.3981733367124396,3
425,14.20554379776602,1073.8346957311535,543.8441676398079,1284.5,14.643320238269137,-16.434777162261696,137.90735697165474,22.01201326489018,-0.8429781571524355,-13.409348771511608,-768.2990906265504,2.4037416314452136,3
426,14.23896860670194,1069.6566811194325,547.0341610826434,1268.5,13.97644854212743,-16.943946357586363,137.60956372629886,21.96448114614821,-0.8810773089993222,-13.447447923358494,-770.4820112304051,2.4098052997892543,3
427,14.272393415637861,1066.061372777994,550.0129752173349,1284.5,13.402585213578668,-17.419408274095627,137.69890578678798,21.978741434096467,-0.9149910544226738,-13.481361668781846,-772.4251257106442,2.415202840012141,3
428,14.30581822457378,1062.1936885141176,553.1052766066181,1304.5,12.785246739472818,-17.91298440153842,137.88014679111225,22.007670125639354,-0.950907055603051,-13.517277669962223,-774.4829609952667,2.420919049136092,3
429,14.339243033509701,1058.268237082067,555.3527102330294,1316.0,12.158687787938831,-18.27170738690238,137.50263618523132,21.947413960582143,-0.9836448450449647,-13.550015459404138,-776.3586981608763,2.4261294301516747,3
430,14.37266784244562,1053.0271464646464,558.3241161616161,1320.0,11.32213375103663,-18.745986846328666,137.20454410613556,21.899834143643417,-1.0274581275934542,-13.593828741952628,-778.869014337519,2.4331025306423486,3
431,14.406092651381542,1048.882301107754,561.0008811681772,1324.0,10.660556348784004,-19.17323734351228,137.44146466794103,21.937650099685992,-1.0633488462712566,-13.62971946063043,-780.9254010414484,2.438814715931041,3
432,14.439517460317461,1044.5875902992775,563.406346749226,1292.0,9.975058248022895,-19.5571845196529,137.54491675634873,21.954162552627707,-1.0991444772349301,-13.665515091594102,-782.9763396206747,2.444511767540003,3
433,14.47294226925338,1040.3480010384214,565.7328660436137,1284.0,9.298358345298846,-19.928530724044382,137.77595240882215,21.991039191833785,-1.1342360317823903,-13.700606646141562,-784.9869375927972,2.45009676190701,3
434,14.506367078189301,1035.8970685767342,568.0387319273112,1256.5,8.58792500411077,-20.296580344699784,138.0744569393624,22.038684842001906,-1.1705176319242765,-13.73688824628345,-787.0657201549086,2.455871157912875,3
435,14.53979188712522,1031.3373587845733,570.2120503830671,1283.5,7.860129224153034,-20.643473474460524,138.3912046658269,22.08924237069121,-1.2069887544913893,-13.773359368850562,-789.1553615521085,2.461675717349542,3
436,14.573216696061142,1026.9697554697555,571.662676962677,1295.0,7.162996422736865,-20.875014504714176,138.26920847805096,22.069770010676784,-1.2402482918513227,-13.806618906210495,-791.0609926713904,2.466969137125325,3
437,14.60664150499706,1022.8746604578968,572.9326089768464,1288.5,6.509359896727984,-21.07771406299192,138.20774231617494,22.059959120233607,-1.27126148568132,-13.837632100040492,-792.8379177870704,2.471905040224436,3
438,14.640066313932982,1018.3696293446196,574.0339874310632,1299.5,5.790291626537137,-21.253510029764513,138.00842291147703,22.02814485392828,-1.304812323247414,-13.871182937606587,-794.7602391787366,2.477244821867953,3
439,14.673491122868901,1013.2179067865903,575.4264104660671,1223.0,4.9680020273848395,-21.475760930585874,138.1008526973105,22.042897987600874,-1.3434644985762596,-13.909835112935433,-796.9748456940791,2.4833965066327934,3
440,14.706915931804822,1008.7734385272846,576.3733070348454,1267.5,4.258600466601327,-21.626899349087452,138.09646162587723,22.042197108947562,-1.3763715546720598,-13.942742169031233,-798.8602811245687,2.488633827273042,3
441,14.740340740740741,1003.2988775776558,577.4427042547637,1277.0,3.3847811803144694,-21.797590647269,138.2006286068249,22.05882366910167,-1.416744309179656,-13.983114923538828,-801.1734695651717,2.4950593507191616,3
442,14.77376554967666,998.7309651659093,578.2244251686631,1210.5,2.655676143366456,-21.922364636880964,138.34979729976496,22.082633154830397,-1.4502436956830478,-14.01661431004222,-803.0928430280935,2.500390943671722,3
443,14.807190358612582,994.1427174975562,578.461946655495,1193.5,1.9233253046860441,-21.960276509268713,138.10988683690633,22.044339967238415,-1.4834372208622149,-14.049807835221387,-804.994691928021,2.505673857282632,3
444,14.840615167548501,989.4305670816044,579.0585062240664,1205.0,1.1711977914061857,-22.0554960640847,138.37446719095095,22.08657082707613,-1.5177438460259056,-14.084114460385077,-806.9603167592378,2.511133926258234,3
445,14.874039976484422,984.6430855315747,579.2731148414601,1251.0,0.407046337134378,-22.08975071036729,138.4178835020083,22.093500699679687,-1.552371479871751,-14.118742094230923,-808.9443340331292,2.516645085352377,3
446,14.907464785420341,979.7444714131606,579.6231121898597,1236.0,-0.37484348601894885,-22.145615360700862,138.76426051178265,22.148787491488577,-1.5877210176887688,-14.15409163204794,-810.9697133577823,2.522271139031969,3
447,14.940889594356262,974.9412319719638,579.5444129936649,1236.5,-1.141510128145938,-22.13305382817194,138.8499884723299,22.162470916696456,-1.6223255744727085,-14.18869618883188,-812.9524084134229,2.5277786252976373,3
448,14.974314403292182,970.4567502021018,579.3556992724333,1237.0,-1.8572984252463565,-22.102932382686834,138.96500392500485,22.180829050196678,-1.6546288873422403,-14.220999501701414,-814.8032519051378,2.5329198572190674,3
449,15.007739212228103,965.6141215106733,578.8646688560482,1218.0,-2.6302521626932482,-22.024556810300545,138.96643762954986,22.18105789022491,-1.6896570098913306,-14.256027624250503,-816.8102154914676,2.538494756069984,3
450,15.041164021164022,960.7901282051281,577.7947435897436,1300.0,-3.400231422416332,-21.853781228261226,138.56335804638402,22.116720545747512,-1.7251488047434782,-14.29151941910265,-818.8437455438399,2.5441434506599068,3
451,15.074588830099941,956.0863877576205,577.6332222633592,1350.5,-4.151016582822376,-21.82800008317217,139.2053561310426,22.219192746403518,-1.758721717493213,-14.325092331852385,-820.7673317503605,2.5494867456780197,3
452,15.108013639035862,951.9131145479693,576.9388909845342,1325.5,-4.817131482462832,-21.717174746110082,139.36709871988987,22.245009208189057,-1.7890743876862114,-14.355445002045384,-822.5064116493719,2.5543175231752735,3
453,15.141438447971781,946.6337340345605,575.2739794640621,1331.0,-5.6597971418115405,-21.45143073304026,138.9943771472678,22.185517442261343,-1.8287601134435678,-14.39513072780274,-824.7802362421821,2.560633702599746,3
454,15.174863256907702,942.4465122167362,573.9755665274084,1316.5,-6.328138441514132,-21.244185206677226,138.87622297424528,22.16665832349505,-1.860303599127345,-14.426674213486518,-826.5875448429938,2.5656540042686675,3
455,15.208288065843622,938.0764883195177,572.861718161266,1327.0,-7.025657602969981,-21.06639886119863,139.12927446742,22.207049010016632,-1.8926974539161658,-14.459068068275338,-828.4435760045529,2.57080964638411,3
456,15.241712874779543,933.9914860681115,571.1974974200206,1292.0,-7.677683178106928,-20.800765106506848,138.91266505866898,22.172475008430137,-1.924389497985186,-14.490760112344358,-830.2593963738503,2.57585359185438,3
457,15.275137683715462,929.9361785434612,569.6769772905246,1277.0,-8.324969044401637,-20.558068052520987,138.95795567717485,22.179704047672267,-1.9555617867562443,-14.521932401115416,-832.0454369581951,2.580814815699782,3
458,15.308562492651383,925.4323144104803,568.1078470292443,1259.5,-9.043851047620763,-20.307612116854397,139.27552378741575,22.230392521504488,-1.9897706700554696,-14.556141284414641,-834.0054615930962,2.5862593285745072,3
459,15.341987301587302,922.3069761342773,566.6456858116968,1271.0,-9.542700341115598,-20.074229991180857,139.25403121422846,22.226961995269455,-2.014547060550823,-14.580917674909996,-835.4250442000481,2.5902026135938185,3
460,15.375412110523222,918.6035353535353,565.0093035619351,1254.0,-10.13382317445496,-19.813039663274065,139.4248903706923,22.25423359339952,-2.043579685973382,-14.609950300332555,-837.088491104945,2.594823299440754,3
461,15.408836919459143,914.1282156540776,562.5314723590585,1218.0,-10.848149072306336,-19.41754188488441,139.350598747139,22.24237557335595,-2.0802775144900543,-14.646648128849227,-839.191121796245,2.600663940249921,3
462,15.442261728395062,909.4974626068375,559.834001068376,1248.0,-11.587284385611127,-18.986986364598657,139.35729390230574,22.243444217172907,-2.1187367879130328,-14.685107402272205,-841.3946758465214,2.606784923722911,3
463,15.475686537330983,905.5948368111289,557.0874799357946,1246.0,-12.210200034706618,-18.5486017785239,139.12738241700498,22.20674701134341,-2.1529712759861366,-14.719341890345309,-843.3561675269011,2.6122335117239652,3
464,15.509111346266902,901.7788752798629,554.2803898327406,1265.5,-12.819282810919944,-18.10054950675956,138.96143461430492,22.180259336468573,-2.1870218994399497,-14.753392513799122,-845.3071245405938,2.6176528367620007,3
465,15.542536155202823,897.8012170385396,551.3687626774848,1232.5,-13.454174725998879,-17.635811606104422,138.9717108376622,22.18189957067957,-2.222495780085868,-14.78886639444504,-847.3396281845557,2.6232986802174505,3
466,15.575960964138742,894.209398186315,548.6644682605112,1213.0,-14.027481081485782,-17.2041670159552,139.07291801372315,22.19805370306871,-2.2548294119463055,-14.821200026305478,-849.1922088264886,2.628444737556153,3
467,15.609385773074663,891.471483942414,546.3491140642303,1204.0,-14.464491883362484,-16.834602923069795,139.0548244803451,22.195165712859396,-2.2806141471638366,-14.846984761523009,-850.6695653303154,2.6325485056223386,3
468,15.642810582010583,887.3580905484885,542.1459444672411,1218.5,-15.12104909640088,-16.163716126634945,138.67131667963997,22.133952308573463,-2.322878554327676,-14.889249168686849,-853.091137484426,2.6392750949393124,3
469,15.676235390946502,884.2013268345518,539.3639317627944,1231.0,-15.62491434529823,-15.719666571207972,138.8599880051199,22.164066987082037,-2.3531715773147854,-14.919542191673958,-854.8267998502802,2.644096379288907,3
470,15.709660199882423,880.2485649446002,535.8289947937525,1248.5,-16.25583244180305,-15.155439388831507,139.24016141998536,22.22474817505301,-2.3912119592818137,-14.957582573640986,-857.0063531880563,2.6501506941160637,3
471,15.743085008818342,877.1131191432396,531.965327978581,1245.0,-16.75629504283077,-14.538742157775498,138.98749540440187,22.184419016342833,-2.426935819236181,-14.993306433595354,-859.0531795913581,2.655836323014124,3
472,15.776509817754263,873.7264579989297,528.9657570893526,1246.0,-17.296855254187438,-14.059967162354155,139.65174984460302,22.290443653969493,-2.459057709374069,-15.02542832373324,-860.8936283262419,2.6609486806110234,3
473,15.809934626690183,870.8026386645125,525.2572697899839,1238.0,-17.763539203373426,-13.468038831488103,139.66123786152804,22.291958079008136,-2.492874054684284,-15.059244669043457,-862.8311621910743,2.6663307191244465,3
474,15.843359435626104,867.4023494860498,520.8896008543585,1248.5,-18.306274646531598,-12.770895556039823,139.8415636274538,22.320740685235414,-2.5324631370010966,-15.098833751360269,-865.0994495226237,2.6726315172676394,3
475,15.876784244562023,864.7844733984798,517.364549402823,1228.0,-18.724125618595945,-12.208246245556921,140.0405247864983,22.352497770341362,-2.5638083822366244,-15.130178996595797,-866.8953997824219,2.677620267989301,3
476,15.910209053497944,862.4960901259111,513.8145791915175,1257.5,-19.089384761088887,-11.641619539794723,140.08224749939203,22.359157320127764,-2.59396356307929,-15.160334177438463,-868.6231643751604,2.6824196140802417,3
477,15.943633862433863,860.7875882274602,509.7634838194167,1251.5,-19.36208643036619,-10.995005994105885,139.49942285131047,22.26613005772208,-2.625138813492337,-15.191509427851509,-870.4093746490914,2.6873813092856054,3
478,15.977058671369782,858.794750032977,505.5399023875478,1263.5,-19.680172294202734,-10.320861172936182,139.22464569773888,22.222271640868005,-2.65859305824644,-15.224963672605613,-872.3261616802993,2.692705717705627,3
479,16.0104834803057,856.8689345991561,501.42470991561174,1264.0,-19.987560353881886,-9.664016800968044,139.09298376365098,22.20125648762843,-2.6912306893562583,-15.25760130371543,-874.1961601961967,2.6979001580275646,3
480,16.043908289241624,854.497756170531,496.773373223635,1337.0,-20.366034803472303,-8.921596039584688,139.3008713962537,22.234438367311608,-2.728710181739892,-15.295080796099064,-876.3435769280717,2.703865204504995,3
481,16.077333098177544,852.0219972503437,492.17547806524186,1333.5,-20.76120181550513,-8.187705321644769,139.820588508838,22.317392752250964,-2.7659445351870398,-15.332315149546211,-878.4769482334915,2.709791235908939,3
482,16.110757907113463,850.0265810027713,487.3673469387755,1323.0,-21.079699173985933,-7.420257895639333,140.00966019073903,22.347571333447874,-2.803128607684414,-15.369499222043586,-880.6074386526997,2.715709264851184,3
483,16.144182716049382,848.6516403706486,482.89644377660903,1331.0,-21.299159629884183,-6.706636941161356,139.9001745305641,22.33009583499001,-2.8365428135099857,-15.402913427869159,-882.5219316222864,2.7210273008778136,3
484,16.177607524985305,847.5696498054475,478.0998702983138,1285.0,-21.471861008524826,-5.9410342833426295,139.57764462174111,22.27861538617832,-2.87165658927724,-15.438027203636413,-884.5338027765188,2.726615831861792,3
485,16.211032333921224,846.4345746056373,472.8364365140936,1289.0,-21.65303546435901,-5.100913953134716,139.37172223721873,22.24574718857682,-2.9102358501162118,-15.476606464475385,-886.7442315993262,2.732755911925146,3
486,16.244457142857144,845.3212851405622,467.7122684285529,1286.5,-21.830732601125494,-4.283022447218667,139.37903026203614,22.246913655274128,-2.947860974640571,-15.514231588999744,-888.8999924382261,2.7387441364776466,3
487,16.277881951793063,844.3832413974258,463.4876543209876,1269.0,-21.98045798032488,-3.6087127960382537,139.5532663756399,22.27472426471578,-2.9788661255907893,-15.545236739949962,-890.6764567308396,2.7436787595126835,3
488,16.311306760728982,843.5910091980826,458.4937168026946,1286.5,-22.10690972346429,-2.811607976465128,139.61755654904584,22.284985908335738,-3.015089497499848,-15.58146011185902,-892.7519030609615,2.7494438882074665,3
489,16.344731569664905,843.0796096558807,453.90035952747814,1298.0,-22.18853650359988,-2.0784415704609382,139.62184022531744,22.285669645164457,-3.0481933283803264,-15.6145639427395,-894.6486128561278,2.754712526527373,3
490,16.378156378600824,842.7310770038042,448.9577594123048,1270.5,-22.24416736716819,-1.2895309446079264,139.59580552616012,22.281514129782373,-3.0836858212600515,-15.650056435619224,-896.6821829025341,2.760361332211835,3
491,16.411581187536743,842.8852544132917,444.1092938733125,1284.0,-22.219558417672605,-0.5156455616794554,139.24512768097404,22.22554086229726,-3.118389986205343,-15.684760600564516,-898.6705850854252,2.7658846716087546,3
492,16.445005996472663,843.0339181286549,438.6723846653671,1282.5,-22.19582953368525,0.35216396083859347,139.07648542544078,22.19862311369171,3.12572776267113,-15.72382815886763,-900.9089912920749,2.772102466627226,3
493,16.478430805408586,843.1188529907874,433.397560659141,1284.5,-22.182272698481043,1.194102335590237,139.1752635610343,22.214389536011097,3.0878131818941936,-15.761742739644564,-903.081336752601,2.7781367595731323,3
494,16.511855614344505,843.2939123691353,428.5803282926198,1289.5,-22.15433068405226,1.9630024514391489,139.34277863355365,22.24112736986809,3.053217636857061,-15.796338284681697,-905.0635154731835,2.78364281157475,3
495,16.545280423280424,843.9530285858203,423.2995844352097,1323.5,-22.04912618138199,2.805885720253378,139.25390726199475,22.226942210696155,3.015016892413613,-15.834539029125146,-907.252256904051,2.7897226488827154,3
496,16.578705232216343,845.0752977333846,419.1216545012165,1301.5,-21.869995757121604,3.47274390060225,138.7342563239921,22.14399838817929,2.9841170863606497,-15.865438835178109,-909.0226853786586,2.7946405057566253,3
497,16.612130041152263,845.2585087035593,414.9423226812159,1283.0,-21.84075263047254,4.13982584227951,139.2707723806954,22.229634128115972,2.954268989518692,-15.895286932020067,-910.7328553542005,2.7993909779109085,3
498,16.645554850088185,846.5490502211813,410.34985688264373,1281.0,-21.63476349669031,4.872849955688505,138.93936603347026,22.17673687106327,2.920057009595653,-15.929498911943107,-912.693057412577,2.8048359836286205,3
499,16.678979659024105,847.8157622739018,405.4784237726098,1290.0,-21.432577890936084,5.650401295890987,138.86515572729652,22.164891830452245,2.8838217557745054,-15.965734165764253,-914.769184526114,2.810603003388446,3
500,16.712404467960024,849.0755798801146,400.9506124576492,1279.0,-21.231492738785732,6.3731056164902,138.88074760370418,22.167380519945297,2.849977810123278,-15.999578111415481,-916.7082997739994,2.815989434632572,3
501,16.745829276895943,850.8605532398636,396.3265125678919,1319.5,-20.946585115762055,7.111178989417184,138.58870408074085,22.120766140244616,2.8143103945880132,-16.035245526950746,-918.7518921503095,2.821666080122322,3
502,16.779254085831866,852.7862790104564,392.12241775057385,1307.0,-20.639211367633873,7.782213464428415,138.19327102185164,22.057649291885074,2.781017501490037,-16.06853842004872,-920.6594344126037,2.826964808628695,3
503,16.812678894767785,854.4032856385797,387.93759936406997,1258.0,-20.381113669807768,8.450171141652358,138.22952226295317,22.063435515459496,2.748557013718157,-16.100998907820603,-922.5192833628686,2.832131055712764,3
504,16.846103703703704,856.2207624935598,383.3659196290572,1294.0,-20.091018017777575,9.17987749800443,138.3890104225501,22.088892137656682,2.7130035247615294,-16.13655239677723,-924.5563482270483,2.8377895692243746,3
505,16.879528512639624,857.7460377836945,379.50640294154937,1314.5,-19.847561971223403,9.795912308525446,138.66760429121697,22.133359757566716,2.683112345526555,-16.166443576012202,-926.2689866418813,2.8425468981544664,3
506,16.912953321575543,860.3274472168906,374.7573896353167,1302.5,-19.435531605814372,10.55392367345516,138.5599397360972,22.116174933874227,2.6441225165828506,-16.205433404955908,-928.5029392842927,2.8487523221611646,3
507,16.946378130511466,862.7733588272785,370.53626513702994,1307.5,-19.045128657089364,11.22767633240967,138.5107034811579,22.108316113861743,2.6089071902367666,-16.24064873130199,-930.520628858099,2.854357015421738,3
508,16.979802939447385,865.6230420711973,366.393786407767,1287.5,-18.590277902616776,11.888875986586232,138.25062130487856,22.066803228400538,2.572619239460761,-16.276936682078,-932.5997752847428,2.860132422162415,3
509,17.013227748383304,868.6037735849056,362.22667714884693,1272.0,-18.114509944622274,12.55400703033793,138.07942224655687,22.039477377006776,2.5355558398154967,-16.31400008172326,-934.7233516588229,2.8660312454237484,3
510,17.046652557319224,871.7628081042714,359.2477739063105,1291.5,-17.610282242261064,13.029483169750955,137.2455527483613,21.906379717400107,2.504600325258421,-16.344955596280336,-936.4969719955991,2.8709579685814597,3
511,17.080077366255146,874.556218163747,355.6392098397316,1341.5,-17.16441350375647,13.605462304185869,137.22213113938628,21.90264128909023,2.4713462966871913,-16.378209624851568,-938.4022874845382,2.876250511606291,3
512,17.113502175191066,876.4729281767956,352.4870472682627,1357.5,-16.858478801223917,14.10859314404763,137.72678579744476,21.98319148794333,2.444762489079888,-16.40479343245887,-939.9254274638243,2.880481455993197,3
513,17.146926984126985,879.9234642497481,349.01573514602217,1324.0,-16.307723225330857,14.662664878574729,137.39506135440607,21.930243458187697,2.409261756122008,-16.440294165416752,-941.9594696319319,2.8861315731268293,3
514,17.180351793062904,883.0591237241722,344.94834453572315,1339.0,-15.807226518984812,15.31187938049426,137.87794280171582,22.00731833698286,2.3721109278344565,-16.477444993704303,-944.0880552982239,2.892044311088751,3
515,17.213776601998823,886.8444614015006,341.54800966552204,1310.5,-15.20303175378047,15.854622116716225,137.6185177482407,21.965910337846793,2.335217542312209,-16.51433837922655,-946.2018905805977,2.8979160757620117,3
516,17.247201410934746,890.2874175545408,338.07039573820396,1314.0,-14.653486042983234,16.409699710684084,137.83250533817989,22.00006585914528,2.299717795621976,-16.549838125916782,-948.2358762397315,2.9035660359262723,3
517,17.280626219870665,894.1001972386588,335.53740959894805,1267.5,-14.044911135698484,16.814001016440702,137.2570902184401,21.90822126487078,2.266700305277732,-16.58285561626103,-950.1276390865708,2.9088209327230476,3
518,17.314051028806585,897.5269240872077,332.6893879695298,1269.0,-13.497955857156542,17.26858655315238,137.3183792015944,21.918003875021604,2.2342464125415824,-16.615309508997175,-951.9871101691223,2.91398613017458,3
519,17.347475837742504,900.4321179208689,330.14662529092317,1289.0,-13.034244807884738,17.674448336309176,137.58663294917315,21.960821061716533,2.206225101668757,-16.643330819870002,-953.5926130185593,2.918445860311905,3
520,17.380900646678427,903.4930221069532,328.0093861924169,1349.5,-12.545680129203431,18.015582677649874,137.54064406776783,21.953480569593697,2.1790882031802012,-16.67046771835856,-955.1474427710285,2.922764831846542,3
521,17.414325455614346,909.0082146065972,324.82441278398153,1298.5,-11.665375458542966,18.52395060271432,137.1494620174033,21.891042243816916,2.132800896376863,-16.716755025161895,-957.7995100958868,2.9301316855267037,3
522,17.447750264550265,913.1353965183753,322.29813023855576,1292.5,-11.00661739817824,18.927181917720976,137.17323003606992,21.894835964135098,2.0975200140921517,-16.752035907446608,-959.8209557482988,2.9357468123389596,3
523,17.481175073486185,917.1769594680986,319.45582406341896,1303.5,-10.361525365281947,19.38085518507864,137.6866024531136,21.976777643694057,2.0617601675243864,-16.787795754014372,-961.8698440326671,2.941438168684426,3
524,17.514599882422104,921.2231133795115,317.08810305018835,1371.5,-9.715700548349863,19.758777781053734,137.9465450223746,22.01826824585141,2.0277945307946665,-16.821761390744093,-963.8159316657546,2.9468439676652256,3
525,17.548024691358027,925.0477901545095,315.22266139657444,1391.5,-9.105226692901546,20.05652931023914,137.99851863380422,22.02656398764021,1.99695358178058,-16.852602339758178,-965.5829878804399,2.9517524571504623,3
526,17.581449500293946,929.4338979063749,313.4357798165138,1417.0,-8.405140315093988,20.341741512885932,137.89370919002133,22.009834881104517,1.9626271439228862,-16.88692877761587,-967.5497478954038,2.9572156794142512,3
527,17.614874309229865,933.7025977178926,312.10439427045395,1373.0,-7.723793946500514,20.55424994567807,137.56616536620643,21.957554138778868,1.9302471572737603,-16.919308764264997,-969.4049844710886,2.962369114346709,3
528,17.648299118165784,938.4405120481928,310.26443273092366,1328.0,-6.967554139019341,20.847934479298367,137.71573820629052,21.98142813225026,1.8933342047075683,-16.95622171683119,-971.5199408624982,2.9682439932117353,3
529,17.681723927101707,943.3785588309397,308.39896699420507,1323.0,-6.179370291026263,21.14568985249639,138.02060248669693,22.030088890687363,1.8551080154488586,-16.9944479060899,-973.7101401738904,2.974327880187825,3
530,17.715148736037627,948.806570268899,306.7380771182141,1314.0,-5.312980981579242,21.41079195280964,138.20887584864604,22.060140048447575,1.814028347533697,-17.035527574005062,-976.0638317692283,2.9808659123970966,3
531,17.748573544973546,953.7449584816133,305.87017266376694,1264.5,-4.524742636414046,21.54932208480162,137.95258308649724,22.019232008412597,1.7777611870339145,-17.071794734504845,-978.1417870007893,2.9866380102625443,3
532,17.781998353909465,957.9578662543487,304.69926555856205,1293.5,-3.8523014859664166,21.736215832152762,138.30164570176274,22.07494746178816,1.7462045475841588,-17.1033513739546,-979.9498492568763,2.991660405418341,3
533,17.815423162845384,962.6660251475492,304.1406209905055,1299.0,-3.1008110775783955,21.82538360327426,138.11123313113484,22.04455485531304,1.7119254368811525,-17.137630484657606,-981.9138976256204,2.997116095331519,3
534,17.848847971781307,967.1726646248086,303.3999489535477,1306.0,-2.3814860891812946,21.94360559708565,138.28603485600192,22.072455744511366,1.6789007904899313,-17.17065513104883,-983.8060704837493,3.002372131048544,4
535,17.882272780717226,972.2704061895552,302.8001289490651,1292.5,-1.5678126390603755,22.03934556473605,138.42752691004338,22.095039927392033,1.6418136812781832,-17.207742240260576,-985.9310053159232,3.008274727804583,4
536,17.915697589653146,977.6276773117864,302.5711170963191,1299.5,-0.7127145094485806,22.075899176168818,138.37966879592457,22.087401078631903,1.6030698499154028,-17.246486071623355,-988.1508633351771,3.0144410000802875,4
537,17.949122398589065,982.3731111972104,302.3157690817513,1290.5,0.04472552803311204,22.116656420794897,138.56323962494434,22.11670164396911,1.5687740741445093,-17.28078184739425,-990.1158665419763,3.0198993423213967,4
538,17.982547207524988,986.9563631626936,302.57926273283834,1279.5,0.7762789801182431,22.074599014501956,138.38495087084198,22.088244174357186,1.5356446477387662,-17.31391127379999,-992.0140428527146,3.02517205429567,4
539,18.015972016460907,991.3220858895705,302.868481595092,1304.0,1.4731116124382093,22.028435491596554,138.3184920163247,22.07763637779486,1.50402256263579,-17.34553335890297,-993.8258548685187,3.030204865450681,4
540,18.049396825396826,996.4373013069587,303.54185800070644,1415.5,2.289574142740072,21.920954856058774,138.0839489111094,22.040199898287465,1.46672684297566,-17.3828290785631,-995.9627421989472,3.0361406635907606,4
541,18.082821634332745,1001.196964430541,304.09199397520564,1438.5,3.04928537289755,21.83314517980881,138.11435518539358,22.045053180429743,1.4320307957843412,-17.417525125754416,-997.9506792687965,3.0416627110070085,4
542,18.116246443268665,1006.0065005417118,304.81124352955334,1384.5,3.816957054828342,21.718342524760303,138.1528857301708,22.05120321391138,1.3968248993691559,-17.4527310221696,-999.9678285473614,3.0472659034474665,4
543,18.149671252204588,1010.2705508733357,305.248076218395,1364.5,4.4975612990323315,21.648617695335165,138.52672274852935,22.110873021148038,1.3659573709449067,-17.483598550593854,-1001.7364076500711,3.0521786231772157,4
544,18.183096061140507,1016.1691140479686,307.09385707293194,1362.0,5.439057486726656,21.354004314683557,138.0564350136792,22.03580828141871,1.3213905801441097,-17.528165341394647,-1004.289896669399,3.059271648230904,4
545,18.216520870076426,1020.4597109968159,308.4986529512613,1361.0,6.123898955856813,21.129778528711856,137.8277753076465,21.99931087770607,1.2887020439417172,-17.56085387759704,-1006.1628118322568,3.0644741903499537,4
546,18.249945679012345,1025.1695099818512,309.5744706594071,1377.5,6.875651146676271,20.958062427538398,138.18973009957057,22.057084109360133,1.2537928299948133,-17.595763091543944,-1008.1629624575336,3.0700301643090557,4
547,18.283370487948268,1030.0734859675038,310.9572870507139,1354.0,7.6583968015659805,20.7373448863081,138.49807443522357,22.10630033506115,1.2170282117577145,-17.632527709781044,-1010.2694199179291,3.0758814350323767,4
548,18.316795296884187,1034.4260216642047,312.8501969473166,1354.0,8.35312459271189,20.435209027364586,138.31145851862652,22.0765137296053,1.182759913405343,-17.666796008133417,-1012.2328487846152,3.081335404106505,4
549,18.350220105820107,1038.8894595255563,314.7282954267547,1363.0,9.065553976963514,20.135437285305468,138.34659366838915,22.082121808823278,1.1477521379905589,-17.7018037835482,-1014.2386465660242,3.086907064610419,4
550,18.383644914756026,1043.6309786607799,316.93340691685063,1359.0,9.822369163565376,19.783469526395187,138.3812736904717,22.087657243066023,1.1099576422234598,-17.7395982793153,-1016.4041116623039,3.0929222454334178,4
551,18.417069723691945,1048.790866568193,319.06142294436233,1354.0,10.645962070843478,19.443807320882,138.8815096240577,22.167502149439898,1.0698556311078833,-17.779700290430874,-1018.7017876492131,3.099304678730388,4
552,18.450494532627868,1053.357821637427,322.2730263157895,1368.0,11.374914302048932,18.9311888676986,138.36907418619546,22.08571002534066,1.0297478122039312,-17.81980810933483,-1020.9997963978848,3.105688036365587,4
553,18.483919341563787,1057.9598108747043,325.00584795321635,1339.5,12.109458494326162,18.494990919637115,138.50022259761454,22.10664321291831,0.9910943364719659,-17.85846158506679,-1023.2144774208375,3.111839928096011,4
554,18.517344150499707,1061.5069524174,327.62354892205633,1306.5,12.675633703574134,18.07716789906059,138.3232680206914,22.078398697324296,0.959268281508805,-17.890287640029953,-1025.037976048778,3.1169052020625125,4
555,18.550768959435626,1065.2843849585722,330.3848311026131,1307.5,13.278566694455831,17.636427235754187,138.3102439837506,22.07631987223332,0.9254381585862013,-17.92411776295256,-1026.9762993126521,3.122289433351052,4
556,18.58419376837155,1068.656791998987,333.1830611469806,1316.5,13.816851744204687,17.189789157790788,138.17258494750612,22.05434749455612,0.8937532325248123,-17.955802689013947,-1028.7917118501537,3.1273322459552224,4
557,18.617618577307468,1072.3573736590408,336.0595838180173,1289.5,14.407518220436668,16.73065444168836,138.32833176915898,22.079206944983348,0.8598675356189575,-17.989688385919802,-1030.7332192687188,3.1327253221179037,4
558,18.651043386243387,1075.8186889818687,339.4331177887663,1314.5,14.959994320864835,16.19218951752229,138.11493234508364,22.04514530348273,0.8249316101129287,-18.02462431142583,-1032.7349003535976,3.1382855473536777,4
559,18.684468195179306,1079.498353746872,343.0187014355327,1265.5,15.54732215743739,15.619878391211477,138.07391647882056,22.038598576664963,0.7877261268149531,-18.061829794723806,-1034.8666175213161,3.144206983930674,4
560,18.717893004115226,1082.6314215112498,346.26245285472754,1281.5,16.047405189290856,15.102128643589246,138.0588027999117,22.036186214424625,0.7550610629726072,-18.09449485856615,-1036.7381878170079,3.149405790307595,4
561,18.75131781305115,1086.1984502232729,350.17310218019435,1269.0,16.616754679046032,14.477932322836017,138.0777873261744,22.03921642001408,0.7167221613129792,-18.13283376022578,-1038.9348450732716,3.155507616019439,4
562,18.784742621987068,1090.2386114337332,354.2335785262614,1291.5,17.26162297403647,13.82982143771644,138.57444226176483,22.118489747198044,0.6754654861608833,-18.174090435377874,-1041.298678436229,3.162073819805432,4
563,18.818167430922987,1092.9480436991869,358.1700965447154,1312.0,17.694087639280873,13.201496098572283,138.3097242913564,22.07623692179379,0.6409981567457718,-18.208557764792985,-1043.273510942802,3.1675594656570234,4
564,18.851592239858906,1095.7027927235458,361.94593902126564,1301.0,18.13378551615408,12.598816905053678,138.33868636021057,22.08085968781437,0.6072075169069471,-18.242348404631812,-1045.2095719926133,3.1729374130176105,4
565,18.88501704879483,1097.902204928664,365.63164721141374,1285.0,18.484843586565624,12.01052445022308,138.10835431354053,22.04409535429392,0.5761993520194852,-18.273356569519272,-1046.9862089711105,3.177872515735658,4
566,18.91844185773075,1100.4031694869727,370.6032769272092,1241.0,18.8840337838212,11.216980279300385,137.6079872827252,21.96422952290187,0.5359907399694107,-18.31356518156935,-1049.2899927416588,3.1842719150982925,4
567,18.951866666666668,1103.3966823406477,373.8449582027168,1276.0,19.36184182895149,10.699560956619251,138.59340960440412,22.121517210032106,0.5048453768607641,-18.344710544677994,-1051.0744905991867,3.1892288535914255,4
568,18.985291475602587,1105.846729708432,378.66929340688205,1269.0,19.752904904508515,9.92952712492027,138.51001198534573,22.108205741106264,0.46579484190701875,-18.38376107963174,-1053.3119214397643,3.1954439392596967,4
569,19.018716284538506,1108.194357366771,383.3433908045977,1276.0,20.127620309771537,9.183473424963914,138.60696913902095,22.123681508314704,0.42804940011756315,-18.421506521421197,-1055.474575950157,3.2014513128996764,4
570,19.05214109347443,1109.7106213422985,387.9819449632673,1338.5,20.36963801988721,8.44309294119078,138.1461247869965,22.050124069374757,0.3929384348200764,-18.45661748671868,-1057.486286076333,3.2070393965834985,4
571,19.085565902410348,1111.1209829867676,392.41272841839947,1322.5,20.59475218281563,7.735875673527019,137.83032565832048,21.999717950643284,0.3593173064913436,-18.490238615047414,-1059.4126348320372,3.2123903653493433,4
572,19.118990711346267,1112.7165192874536,396.28219915417145,1300.5,20.849422905150867,7.118252052610088,138.02673535482208,22.031067785341623,0.3290040297349702,-18.520551891803787,-1061.1494576533894,3.2172148731864327,4
573,19.152415520282187,1114.4283246977545,401.547989143844,1351.0,21.12265186280684,6.27775563785665,138.05640529580143,22.03580353801463,0.28889051409826605,-18.560665407440492,-1063.4477928008048,3.223599137484809,4
574,19.18584032921811,1116.1470660749505,406.17085798816566,1352.0,21.396987901322394,5.539878757626314,138.47438425984453,22.102519039660077,0.2533461325384216,-18.596209789000337,-1065.4843358495864,3.229256201509202,4
575,19.21926513815403,1116.9959626545544,410.8920010093363,1321.0,21.532484100953,4.786315894197559,138.1956567505244,22.058030088764546,0.21872733766465588,-18.630828583874102,-1067.4678466876824,3.234765953837247,4
576,19.252689947089948,1117.8007692307692,415.1123076923077,1300.0,21.66094289691812,4.112693770422356,138.1323048451626,22.047918206325477,0.1876333780093946,-18.661922543529364,-1069.2493993442788,3.2397147112166813,4
577,19.286114756025867,1118.7825195437651,419.6275791362296,1300.5,21.817644478233454,3.391990995017725,138.33171326547338,22.079746680812985,0.1542353215198456,-18.695320600018913,-1071.1629670250695,3.2450301769966554,4
578,19.319539564961786,1119.2568994022636,423.71677476790023,1310.5,21.89336238021609,2.7392960956037236,138.2334795434098,22.06406715478474,0.12447308344342842,-18.72508283809533,-1072.8682176557118,3.249766984303995,4
579,19.35296437389771,1119.5243902439024,427.85530995934954,1312.0,21.936057796064,2.0787258872273786,138.0471783301622,22.034330780545375,0.0944808263115835,-18.755075095227177,-1074.5866474074378,3.254540400281012,4
580,19.38638918283363,1120.430051166854,432.78572319980026,1335.5,22.08061440774352,1.2917604632398958,138.57367592571123,22.11836742885515,0.058435412207828066,-18.79112050933093,-1076.651897506384,3.260277206111418,4
581,19.419813991769548,1120.4422857142856,438.26806349206345,1312.5,22.082567218864483,0.41669948109995786,138.37401369223699,22.086498442107505,0.01886782583626003,-18.8306880957025,-1078.9189532109945,3.266574583068669,4
582,19.453238800705467,1120.4237875288684,443.4345650500385,1299.0,22.079614640323918,-0.40794906067868864,138.3544952045054,22.083383008527363,-0.01847417429727559,-18.868030095836033,-1081.058492217223,3.2725177469748594,4
583,19.48666360964139,1120.670044167316,448.3808781501688,1283.0,22.118920769533485,-1.1974523327539253,138.78006615998754,22.151310302059283,-0.054084218685528374,-18.903640140224287,-1083.0987974689433,3.2781852615629714,4
584,19.52008841857731,1120.3958333333333,453.09735082304525,1296.0,22.075152745495096,-1.95026974089399,138.8416211327558,22.161135368008253,-0.08811804551247412,-18.937673967051232,-1085.0487921068063,3.283601913334813,4
585,19.55351322751323,1119.653165552497,457.3848472932232,1271.5,21.956612202030595,-2.6346163286842583,138.5470256057005,22.11411365146088,-0.11942097300710827,-18.968976894545868,-1086.842317738653,3.2885839289788317,4
586,19.586938036449148,1118.8836020448289,462.02202123476206,1271.5,21.833778710685753,-3.3747765097958227,138.41508123231705,22.093053416815522,-0.1533532001869309,-19.00290912172569,-1088.786491145536,3.293984410664618,4
587,19.620362845385067,1118.0630241090146,466.12028301886795,1272.0,21.70280257710839,-4.028918498560593,138.29320472015579,22.073600158764005,-0.18355097175831328,-19.033106893297074,-1090.5166960072763,3.2987905352805633,4
588,19.65378765432099,1116.8288505285695,471.2534457379901,1245.5,21.505810583203985,-4.848245678381611,138.1173399501722,22.045529592155287,-0.2217321277120821,-19.071288049250843,-1092.7043151003581,3.3048672549835683,4
589,19.68721246325691,1115.866218531699,476.1387900355872,1264.5,21.35216056227958,-5.628017445774454,138.3422296576932,22.081425249455908,-0.25771909610994387,-19.107275017648703,-1094.7662165070262,3.3105947588909794,4
590,19.72063727219283,1114.5408731700998,481.5435937297577,1286.5,21.140616230485318,-6.490702462895485,138.5499791228532,22.11458507561236,-0.2978894286728895,-19.147445350211648,-1097.0678070245199,3.3169880658840176,4
591,19.754062081128748,1113.163664239172,485.8764533026702,1304.5,20.920793721216743,-7.182289659461511,138.5797256483816,22.119333052289562,-0.3307013226268733,-19.18025724416563,-1098.947790065914,3.3222102409990013,4
592,19.78748689006467,1111.5025145067698,491.03339780786587,1292.5,20.655650144053396,-8.005412757078423,138.78882917042827,22.152709005553408,-0.36974104191347146,-19.21929696345223,-1101.1846012144115,3.328423605300383,4
593,19.82091169900059,1109.9163076119596,495.46716281498885,1276.5,20.402468530134147,-8.713105923660223,138.9918006548734,22.1851061967266,-0.40361534008015976,-19.253171261618917,-1103.1254555333305,3.3338148672973804,4
594,19.85433650793651,1107.699018827897,499.9465658976398,1257.0,20.04855709858585,-9.428083588661583,138.8016804339339,22.154760253499628,-0.43957583028330405,-19.28913175182206,-1105.1858398511922,3.3395381570692186,4
595,19.887761316872428,1105.3507692307692,504.2670512820512,1300.0,19.67374242287661,-10.117695685367748,138.6022431850569,22.122927177555052,-0.4750015514546635,-19.324557472993423,-1107.2155841605183,3.3451763357062356,4
596,19.921186125808347,1103.4297447561282,508.18840030326004,1319.0,19.36711906973189,-10.743599832663195,138.75597957352883,22.147465733703555,-0.5064705088857203,-19.35602643042448,-1109.0186226069948,3.350184775835337,4
597,19.95461093474427,1101.9214267580603,511.4230769230769,1313.0,19.1263696528029,-11.259901110757255,139.0517205861234,22.194670286347847,-0.5320772901115962,-19.381633211650353,-1110.4857830981523,3.3542602216441075,4
598,19.98803574368019,1099.5708855948308,515.189788420119,1315.5,18.75118920992549,-11.86112286758454,139.00795241638363,22.187684251998064,-0.5640123298518382,-19.413568251390597,-1112.3155260938508,3.3593428410766037,4
599,20.02146055261611,1097.0058654686134,518.9273680269562,1335.5,18.34177481548812,-12.457694752441936,138.91213015787025,22.17238963050879,-0.5966279646739221,-19.44618388621268,-1114.184264315296,3.364533780580618,4
600,20.054885361552028,1093.812732688012,524.1753536857781,1343.0,17.83210453634847,-13.295349337901687,139.35440059708043,22.242982403717864,-0.6406695039971689,-19.49022542553593,-1116.7076586417777,3.3715432092652895,4
601,20.08831017048795,1090.4895131086141,528.7383270911361,1335.0,17.30167051839479,-14.02366603783471,139.53184231250623,22.27130467367842,-0.6811337641795613,-19.53068968571832,-1119.0260899713478,3.3779832962918728,4
602,20.12173497942387,1087.1910353535352,532.7060606060606,1320.0,16.775185654257587,-14.6569738227125,139.56316574346747,22.27630434732137,-0.7181099457737212,-19.56766586731248,-1121.1446691192027,3.3838682383692475,4
603,20.15515978835979,1083.890712570056,536.0708566853483,1249.0,16.24840629684233,-15.194044052737674,139.37121725557955,22.245666586187042,-0.7518776425697634,-19.601433564108522,-1123.0794156294933,3.389242534231166,4
604,20.18858459729571,1080.0591482649843,539.7430336487907,1268.0,15.636833091753264,-15.780176727638645,139.18166888263804,22.21541191819,-0.7899607440516785,-19.63951666559044,-1125.2614166151754,3.395303648080283,4
605,20.222009406231628,1076.690037863951,542.8843191017104,1276.5,15.099074233437468,-16.281571421706243,139.11778950630423,22.20521584373763,-0.823062715541339,-19.6726186370801,-1127.1580198750953,3.4005719904689493,4
606,20.25543421516755,1072.6789722785666,546.1638945233266,1232.5,14.458850021976637,-16.805039199416328,138.89133543552143,22.169070491383554,-0.8603024606104468,-19.709858382149207,-1129.2917000976984,3.40649887997618,4
607,20.28885902410347,1069.2520193861067,549.035675821217,1238.0,13.911858663549793,-17.2634171236341,138.90513942227895,22.171273807771364,-0.8924937715410202,-19.742049693079778,-1131.1361263510134,3.4116222862353887,4
608,20.32228383303939,1065.9867192636423,552.3559500328731,1267.5,13.390669430517745,-17.79338101820044,139.51825785118268,22.269136396732094,-0.9256558661562841,-19.775211787695042,-1133.0361744122818,3.4169001975166893,4
609,20.35570864197531,1061.8010684661886,554.9931112048362,1185.5,12.722578888439655,-18.214310169288694,139.1958509867906,22.21767558759521,-0.9610820919025855,-19.810638013441345,-1135.0659476316225,3.4225384564593027,4
610,20.38913345091123,1057.867088607595,558.2485232067511,1185.0,12.094658676402151,-18.733921114943772,139.70467734631336,22.2988916504746,-0.9975189965216656,-19.847074918060425,-1137.1536284848166,3.4283375699403975,4
611,20.42255825984715,1052.8039215686274,560.6100067613252,1232.5,11.286503821784672,-19.11084812209966,139.05260910601186,22.194812107001948,-1.0373313482260131,-19.88688726976477,-1139.434708209966,3.434673902510257,4
612,20.45598306878307,1048.5019735946644,562.9064924458963,1224.5,10.599850564502649,-19.47740052700001,138.92782583226023,22.17489488766446,-1.0724071231410774,-19.921963044679835,-1141.44440207575,3.440256385470768,4
613,20.48940787771899,1044.1301145662849,564.7677304964539,1222.0,9.902038489511614,-19.77448110020258,138.55360476284713,22.115163780312333,-1.1065502288884241,-19.956106150427182,-1143.4006579345419,3.4456904295229673,4
614,20.52283268665491,1039.1520223152022,566.8541143654114,1195.0,9.107462804276771,-20.10749820971463,138.29512607945205,22.073906835559534,-1.1455013181657845,-19.995057239704543,-1145.632390957572,3.451889687920273,4
615,20.55625749559083,1034.657772304324,568.8507115489874,1218.0,8.390115354310652,-20.426184062700344,138.34700895177454,22.082188094071494,-1.181054672634598,-20.030610594173357,-1147.6694481161676,3.457548180027483,4
616,20.58968230452675,1030.93819696359,570.7777777777777,1240.5,7.796417211311468,-20.73377176738801,138.7790571449173,22.151149248627483,-1.211127300514341,-20.0606832220531,-1149.3924827725443,3.4623343874063077,4
617,20.62310711346267,1026.6819215843702,571.8420982202596,1245.5,7.117053962216164,-20.903652738298213,138.3458916525207,22.082009756914314,-1.2426371262422244,-20.092193047780984,-1151.197862799945,3.4673493319268647,4
618,20.65653192239859,1021.7516821946168,573.2026397515529,1288.0,6.330116287320095,-21.120814888976057,138.13919501807067,22.04901797780091,-1.2796057451415184,-20.129161666680275,-1153.3160086373018,3.4732330703639676,4
619,20.68995673133451,1017.032546351874,574.2875816993463,1249.5,5.576873798664287,-21.293987351061414,137.908309127298,22.012165242733204,-1.314650344831098,-20.164206266369856,-1155.3239162942402,3.478810591633241,4
620,20.72338154027043,1011.9934959349594,575.1326558265582,1230.0,4.772568306518765,-21.428873431880344,137.54331458689953,21.953906823158714,-1.351656207338144,-20.201212128876904,-1157.4441960331355,3.4847002575746164,4
621,20.75680634920635,1007.8186805834335,576.7429412551853,1245.5,4.106207258680385,-21.68589832883696,138.27834560967614,22.07122842933517,-1.3836625906046838,-20.23321851214344,-1159.2780267117862,3.4897942316819797,4
622,20.79023115814227,1002.737239057239,577.1252525252526,1237.5,3.2951355309962076,-21.74692074948829,137.80168660846678,21.99514674313763,-1.4204182666996958,-20.269974188238454,-1161.3839718251802,3.495644079219185,4
623,20.82365596707819,998.1378843288635,577.9558445076527,1230.5,2.5610118445293173,-21.879495270063444,138.01296338469024,22.028869579271383,-1.4542757677963987,-20.30383168933516,-1163.323863742881,3.501032667879465,4
624,20.85708077601411,993.1974122982525,578.6796051754035,1249.5,1.7724408918209713,-21.995017964203758,138.24757731136037,22.066317362909587,-1.4903863364944516,-20.33994225803321,-1165.3928469250966,3.5067798433856194,4
625,20.89050558495003,988.4924576158056,578.6821519156321,1248.5,1.021461921917176,-21.995424460861546,137.95194338441203,22.019129902686736,-1.5243899225668316,-20.37394584410559,-1167.341108895354,3.51219168219189,4
626,20.92393039388595,983.5834366818243,579.4579027146203,1209.5,0.23791102014309493,-22.11924553359147,138.58719308096045,22.12052496277635,-1.5600409036078229,-20.409596825146583,-1169.3837596445037,3.5178657120506394,4
627,20.95735520282187,979.4731496939343,579.3604618809126,1198.0,-0.41815036546186235,-22.103692564038454,138.50651408545193,22.10764742557798,-1.589711740708324,-20.439267662247083,-1171.0837733849824,3.5225879724408578,4
628,20.990780011757792,974.341425980187,578.6880145109529,1194.5,-1.2372478591653688,-21.996360216058395,138.02711887118573,22.031129000112678,-1.6269849647552332,-20.476540886293993,-1173.219371811716,3.5285201902928955,4
629,21.02420482069371,969.8180915922301,578.8186587267828,1175.5,-1.9592375973176686,-22.017212926711238,138.4850034135162,22.10421401052034,-1.6595491834809042,-20.509105105019664,-1175.0851641078377,3.5337029466710117,4
630,21.05762962962963,964.8271965001823,578.5314132944465,1371.5,-2.7558568015593417,-21.971364391827297,138.73127642951718,22.14352275382482,-1.6955741711771728,-20.545130092715933,-1177.1492438598448,3.539436501537698,4
631,21.09105443856555,960.5578383762918,577.7600547876976,1338.5,-3.4373082463503515,-21.84824439260905,138.5649929989246,22.116981507873106,-1.726843759410378,-20.576399680949137,-1178.9408592927193,3.5444132110734605,4
632,21.12447924750147,956.043685066967,577.1080235323569,1331.5,-4.157832551264909,-21.744170752472268,138.6974525814222,22.138123977361506,-1.759731607367035,-20.609287528905792,-1180.8251941779035,3.549647474643417,4
633,21.157904056437392,951.1223480411296,576.0257711831316,1280.5,-4.94334927983214,-21.57142758930656,138.65027649331452,22.130593989839337,-1.796068574878365,-20.645624496417124,-1182.9071490566068,3.5554306826398148,4
634,21.19132886537331,946.6548463356974,574.2546624638823,1269.0,-5.656427312508139,-21.288732963887174,138.0036099083103,22.02737662885402,-1.8304964929655276,-20.680052414504285,-1184.8797234604233,3.5609100559837494,4
635,21.22475367430923,942.0197784810126,572.6116824894515,1264.0,-6.396251331628141,-21.026489543483194,137.69323577531054,21.97783641807271,-1.8661015687852072,-20.715657490323967,-1186.9197440341343,3.5665767797996133,4
636,21.25817848324515,937.7718050065876,571.6106719367589,1265.0,-7.0742894763745845,-20.86671374871763,138.04057898298439,22.03327742907227,-1.8976585351328505,-20.74721445667161,-1188.7278250200907,3.5715992269828254,4
637,21.291603292181073,933.2399355877617,570.0016103059581,1242.0,-7.7976415291765875,-20.609884187634158,138.05553842989818,22.035665173650465,-1.9324961532803298,-20.782052074819088,-1190.7238735082294,3.577143806116544,4
638,21.32502810111699,929.2616279069767,568.6287375415283,1204.0,-8.432637104207815,-20.390753793395305,138.243296683602,22.06563411266777,-1.9629306014686276,-20.812486523007387,-1192.4676389412286,3.5819875989859864,4
639,21.35845291005291,926.0411829740186,566.8753454947484,1206.0,-8.94666679877801,-20.110887005721295,137.90193411020078,22.011147697592836,-1.989373325084112,-20.83892924662287,-1193.9826954032267,3.586196089158203,4
640,21.39187771898883,922.8972431077694,565.0661375661375,1197.0,-9.44848517569113,-19.822111194205206,137.57412300034832,21.95882429254104,-2.0156013948486087,-20.865157316387368,-1195.485453105507,3.590370416108982,4
641,21.42530252792475,918.3346806790622,563.1623551603341,1237.0,-10.176736277793214,-19.518239925186375,137.9072037129523,22.011988802579648,-2.0514140205971008,-20.90096994213586,-1197.5373654141772,3.5960701725219546,4
642,21.458727336860672,913.4563428874733,560.4502388535032,1256.0,-10.955389705261494,-19.085346848030543,137.87067858694598,22.006158863004213,-2.0918945438636958,-20.941450465402454,-1199.856728549834,3.602512847898779,4
643,21.49215214579659,909.9589825542681,557.8674923425223,1251.5,-11.513619111850993,-18.6731030656249,137.4397099074862,21.937370014480553,-2.1233239858810604,-20.97287990741982,-1201.6575029298804,3.6075149989544633,4
644,21.52557695473251,906.5803787012326,555.0246537044096,1311.5,-12.052893262722533,-18.219344809457755,136.86282933692888,21.845291513012537,-2.1552438888559275,-21.004799810394687,-1203.4863786528074,3.6125952092959275,4
645,21.55900176366843,902.6326842306224,552.886852488227,1309.5,-12.683002525643616,-17.878120745987502,137.33079286342036,21.91998527539631,-2.187813006664228,-21.037368928202987,-1205.3524516456873,3.6177787453872603,4
646,21.592426572604353,898.8715197956577,550.2194125159642,1305.0,-13.28333889095365,-17.45235865945274,137.40882154330205,21.93243978380191,-2.2213763203493264,-21.070932241888084,-1207.275487866317,3.6231205126667874,4
647,21.625851381540272,895.370642912471,547.3223599277046,1291.0,-13.842129589895784,-16.989947070961765,137.29893470848447,21.914900252055695,-2.2544514801059248,-21.104007401644683,-1209.1705549270912,3.6283845878356047,4
648,21.65927619047619,891.4381408975895,544.5372220002663,1251.5,-14.46981391665415,-16.54539868464238,137.70755078557784,21.980121301220425,-2.2893726179668286,-21.13892853950559,-1211.1713887423155,3.633942459544561,4
649,21.69270099941211,887.3802982731554,540.8999215070644,1274.0,-15.117504421622925,-15.964832799957863,137.74874549946017,21.986696574710784,-2.3289404723034144,-21.178496393842174,-1213.4384598001902,3.6402398791497683,4
650,21.72612580834803,883.8297455968689,536.7423352902804,1277.5,-15.684224097239467,-15.30122177177621,137.27883855538644,21.911692614709285,-2.3685545776638475,-21.218110499202606,-1215.7081808465296,3.6465446598340443,4
651,21.759550617283953,880.4184563321619,533.1530652089027,1280.5,-16.22871531361845,-14.728322237063223,137.30348354338966,21.91562631204605,-2.4046235395462525,-21.254179461085013,-1217.7747801338098,3.652285213409823,4
652,21.792975426219872,877.7007679291943,529.1883378888455,1280.5,-16.662497778090284,-14.095494284463781,136.73443317275903,21.82479762399218,-2.439459624304298,-21.289015545843057,-1219.7707407652058,3.657829548497034,4
653,21.82640023515579,875.0002760524499,525.6292615596963,1207.5,-17.093535427697653,-13.52741411029228,136.57043534451338,21.798621193306918,-2.47213239906226,-21.32168832060102,-1221.6427528638185,3.6630295821042913,4
654,21.85982504409171,872.3673383711167,521.5813042261404,1191.0,-17.513790448458053,-12.881301441043936,136.20794924895884,21.7407631578917,-2.5074397022102137,-21.356995623748972,-1223.665712320185,3.668648913927532,4
655,21.893249853027633,869.7842977451779,517.6840532464004,1227.0,-17.92608117587444,-12.259243690489864,136.05984296736963,21.717123248415188,-2.5417693060765867,-21.391325227615347,-1225.6326537340844,3.6741126400772526,4
656,21.926674661963553,867.4265043948612,513.5240027045301,1232.5,-18.30241917293799,-11.595239320301811,135.74136784691842,21.66629000260546,-2.576878708444296,-21.426434629983056,-1227.6442743109808,3.6797004750130755,4
657,21.960099470899472,865.2041086812458,509.7457919151756,1257.5,-18.657145744472484,-10.992182109728802,135.66747120125692,21.654495026758987,-2.609176376047406,-21.458732297586163,-1229.4947943527552,3.684840808462449,4
658,21.99352427983539,862.8251431615394,505.6331069383406,1251.5,-19.036863126680434,-10.335737970327207,135.71266747242785,21.66170900679881,-2.6441914796642583,-21.493747401203017,-1231.5010120092143,3.6904136352859465,4
659,22.02694908877131,860.4581662657043,501.1422079657845,1247.0,-19.414666950732535,-9.61892539465364,135.74496731488776,21.66686452987092,-2.6815946158835344,-21.531150537422292,-1233.6440538551317,3.6963665293023835,4
660,22.060373897707233,858.3772893772893,497.93457117595045,1319.5,-19.74680506632131,-9.106940065391697,136.23847556714222,21.745635600780435,-2.7094758994239623,-21.559031820962723,-1235.2415337294058,3.7008039733975897,4
661,22.093798706643152,856.0764608106379,493.3947065592635,1303.5,-20.114050658155694,-8.382311863113422,136.52132289772135,21.79078213486945,-2.7467397961879807,-21.59629571772674,-1237.3765977421951,3.706734706766449,4
662,22.12722351557907,854.0675855398379,487.8690605730867,1378.5,-20.434696271844366,-7.5003386644695595,136.3765857132209,21.767679982126417,-2.789819338696057,-21.639375260234814,-1239.8448737112624,3.713591028902747,4
663,22.16064832451499,852.6983666061706,483.6394434361766,1377.5,-20.65324346172792,-6.825230457282263,136.2770144654901,21.751786967613043,-2.822423356685627,-21.671979278224384,-1241.7129463372332,3.7187801195304435,4
664,22.194073133450914,850.9629907476868,478.34408602150535,1333.0,-20.93023460458889,-5.980014652892396,136.3770755827012,21.767758172396576,-2.863295308177562,-21.71285122971632,-1244.0547366581848,3.7252850926441976,4
665,22.227497942386833,849.9336650082918,474.10549815027423,1306.5,-21.09452991360648,-5.303474586468538,136.2720889301764,21.751000780776874,-2.8952829663794923,-21.744838887918252,-1245.8874944696624,3.730376086564969,4
666,22.260922751322752,849.2439149372277,468.80758390981293,1301.0,-21.20462402350115,-4.457850675619068,135.75299028800077,21.66814511268003,-2.9343800682084455,-21.783935989747203,-1248.1275933956545,3.7365985835816136,4
667,22.29434756025867,848.1859607533254,464.07072303437377,1265.5,-21.373488847257367,-3.7017790148045018,135.9004692337257,21.6916848902588,-2.9700989951334797,-21.81965491667224,-1250.1741371571952,3.742283427363671,4
668,22.32777236919459,847.4395061728394,458.9784275503573,1282.5,-21.492633818839067,-2.8889748381139877,135.86440333806144,21.68592825050292,-3.0079765586905527,-21.85753248022931,-1252.344361687254,3.7483118288360564,4
669,22.361197178130514,847.0066360387951,453.7797345584481,1306.0,-21.561726167077715,-2.059188076835421,135.70090330096113,21.659831274500387,-3.0463794163833864,-21.895935337922147,-1254.544683354295,3.7544238334667264,4
670,22.394621987066433,846.7393939393938,448.9379754996776,1292.5,-21.60438188005877,-1.2863731453668612,135.59322816448966,21.64264476187078,-3.082120635610176,-21.931676557148933,-1256.5925043706416,3.7601122251788,4
671,22.428046796002352,846.2614055153132,443.27017410090224,1311.5,-21.68067576141776,-0.3817098822006417,135.85254628103098,21.684035692322063,-3.1239884767615806,-21.97354439830034,-1258.9913549659416,3.7667756990546333,4
672,22.46147160493827,846.054457953394,438.3596757852076,1316.0,-21.713707592192655,0.40207683111087,136.0617644162286,21.717429939506225,3.123077580412577,-22.009663648305768,-1261.0608355504303,3.7725242562337686,4
673,22.494896413874194,846.2167246488854,433.3775286689859,1293.5,-21.687807475389324,1.1972997316008522,136.08307532670938,21.720831469739927,3.0864425140816407,-22.046298714636706,-1263.159870233375,3.778354908130837,4
674,22.528321222810114,846.6667989943098,429.05319571258434,1259.5,-21.615969085623746,1.8875259565706914,135.94143001448552,21.698222824631735,3.0544926788387623,-22.078248549879582,-1264.9904609489301,3.783439882340713,4
675,22.561746031746033,847.4405339805825,423.39064185544765,1236.0,-21.492469765824268,2.791351636023507,135.7832579757489,21.672976274402217,3.012439790531048,-22.120301438187298,-1267.3999139652972,3.790132807386177,4
676,22.595170840681952,848.1212368887072,419.2392044680561,1223.5,-21.38381971428154,3.4539812219012704,135.70805350664443,21.660972550976158,2.9814526464368782,-22.151288582281467,-1269.1753465410568,3.7950645645410646,4
677,22.62859564961787,848.91923178111,415.3384635622204,1267.0,-21.256448161794346,4.076596015249843,135.60063157167917,21.64382645297733,2.952111728146833,-22.180629500571513,-1270.8564573261147,3.7997343167217807,4
678,22.662020458553794,850.4238020424195,410.5107357947106,1273.0,-21.016296937978847,4.8471713492368895,135.12574346107192,21.56802742659055,2.9149177424793695,-22.217823486238977,-1272.9875157281306,3.8056539233940474,4
679,22.695445267489713,851.3843308230942,405.6872770511296,1261.5,-20.862982620847355,5.617065285121531,135.3630986877224,21.605912761443246,2.8785930761275536,-22.25414815259079,-1275.0687658023103,3.811435173600102,4
680,22.728870076425633,852.6504359490274,401.16217303822935,1242.5,-20.66089388940632,6.339337481067115,135.39850966779008,21.61156486717632,2.8438836150761384,-22.288857613642207,-1277.0574714297302,3.8169593558984904,4
681,22.762294885361552,853.9718445268506,396.3347067710479,1213.5,-20.449977925369943,7.109871075811082,135.6435580340839,21.650678138635126,2.8069938753199413,-22.325747353398405,-1279.1710978250962,3.822830540330063,4
682,22.795719694297475,855.3014211886305,391.5622739018088,1290.0,-20.237758216730317,7.871620542484426,136.04481566127495,21.714724672528046,2.770642081576246,-22.3620991471421,-1281.25390218434,3.828616107994629,4
683,22.829144503233394,856.9824221274395,387.38283572444095,1289.5,-19.96944609926321,8.538719460339248,136.06778553792137,21.71839099781001,2.7375309770407084,-22.395210251677636,-1283.1510287292426,3.833885903952692,4
684,22.862569312169313,858.7882143311696,383.30176912307496,1309.5,-19.681215486952134,9.190116848678962,136.08509018954246,21.72115307105535,2.704733969537833,-22.42800725918051,-1285.0301588398163,3.8391057098153967,4
685,22.895994121105232,860.4356104464171,379.4231313521163,1295.5,-19.41826718645784,9.809203661296177,136.29851982343504,21.755219534480723,2.673830829963422,-22.458910398754924,-1286.8007783111339,3.844024097235723,4
686,22.92941893004115,862.8960644479662,374.8025620707871,1262.0,-19.025543061298343,10.546713497938669,136.28626241504784,21.753263074419873,2.6354197187990267,-22.497321509919317,-1289.0015728672615,3.850137415447189,4
687,22.962843738977075,865.5750915750915,370.929748822606,1274.0,-18.5979314968812,11.164870632288844,135.9016532395934,21.691873874758524,2.60093155276006,-22.531809675958286,-1290.9775992244408,3.8556263775504647,4
688,22.996268547912994,867.9937279498236,366.6768587482033,1275.5,-18.211882071146135,11.843693537662288,136.10488021578684,21.724311846118333,2.564987015162515,-22.56775421355583,-1293.0370695253293,3.861347128386266,4
689,23.029693356848913,870.8115276715123,362.8468502932925,1307.0,-17.762120389002046,12.455018406512224,135.9136405690037,21.69378722629962,2.5300534862366866,-22.60268774248166,-1295.0386132962776,3.866906972194456,4
690,23.063118165784832,872.9896564462505,359.7251570003694,1353.5,-17.414459462601794,12.953285907838247,135.9758057301968,21.703709687166434,2.5020561747123002,-22.630685054006044,-1296.6427410843378,3.871362882716845,4
691,23.096542974720755,875.7427929614377,356.1594908274055,1335.5,-16.97501896556718,13.522417916608337,135.96946087726175,21.7026969566636,2.4689240774358594,-22.663817151282487,-1298.541070424695,3.8766360197733927,4
692,23.129967783656674,877.9151333082989,352.9745900613343,1331.5,-16.628281956164603,14.030774246898439,136.30900334677443,21.756892856773867,2.440715013462911,-22.692026215255435,-1300.1573307343594,3.881125631744683,4
693,23.163392592592594,881.546468401487,348.90408921933084,1345.0,-16.04866823579617,14.68048518688363,136.26782051353786,21.75031947960679,2.4006890461290356,-22.73205218258931,-1302.450649733519,3.887495962297904,4
694,23.196817401528513,884.8756345177665,345.14636209813875,1379.0,-15.517285064355734,15.280272907088571,136.44003217803663,21.77780695762506,2.363890148354568,-22.768851080363778,-1304.5590712667292,3.8933526887790437,4
695,23.230242210464432,889.134700731678,341.8656591099916,1389.5,-14.837476357587935,15.803920660762094,135.81168721396602,21.67751399292926,2.324664464970179,-22.808076763748165,-1306.806537373171,3.899595650185826,4
696,23.263667019400355,892.1532638371804,338.9749317448498,1343.0,-14.35566992913986,16.26532265195362,135.91733363233445,21.69437669274151,2.2939109849029755,-22.83883024381537,-1308.5685819863616,3.9044902185558,4
697,23.297091828336274,895.4482496194825,335.81900050735663,1314.0,-13.829742434477152,16.769055025543086,136.17944592085823,21.73621361354525,2.2604285859463884,-22.872312642771956,-1310.4869821345471,3.9098191078563156,4
698,23.330516637272193,898.4247967479674,332.98272357723573,1312.0,-13.354642365020748,17.22176593799684,136.53533959842704,21.793019403486866,2.230388343182439,-22.902352885535905,-1312.20816126047,3.9146001609838788,4
699,23.363941446208113,901.8909550917141,330.3476280834915,1317.5,-12.801393248249965,17.642365376897498,136.56308314700402,21.797447676007653,2.1985011390801574,-22.934240089638187,-1314.035163476003,3.9196751671381374,4
700,23.397366255144036,906.011249259917,327.9947898164594,1407.5,-12.14373457160392,18.0179124708404,136.1293528860666,21.72821803904854,2.16384576882844,-22.968895459889904,-1316.0207699288894,3.9251907406183775,4
701,23.430791064079955,909.7304008513657,325.1115052619132,1409.5,-11.550104065133306,18.478126481570584,136.52245513175396,21.79096285583381,2.129445259488817,-23.003295969229526,-1317.9917739271502,3.9306657517246575,4
702,23.464215873015874,913.8492377865801,322.72380266474613,1388.5,-10.892677983996142,18.859238427993112,136.44699850126256,21.77891888379509,2.094565755281222,-23.03817547343712,-1319.9902223097542,3.936216997231891,4
703,23.497640681951793,917.314403591797,320.4560126198277,1373.5,-10.339587290762456,19.221210592835565,136.74020455161443,21.825718819718873,2.0643223716521337,-23.068418857066213,-1321.7230405498963,3.9410303812322853,4
704,23.531065490887713,922.1330859616573,317.8285714285714,1347.5,-9.570455733361506,19.640588294103082,136.88140804295088,21.848256943808842,2.0242158353390827,-23.108525393379264,-1324.0209758115222,3.947413534736802,4
705,23.564490299823635,925.7880704365078,315.897941468254,1344.0,-8.987067228860523,19.948744822002002,137.07819064011616,21.879666298858638,1.99407254651337,-23.138668682204976,-1325.7480590418795,3.952210988154461,4
706,23.597915108759555,930.0318543799773,314.29465301478956,1318.5,-8.309697793985647,20.204652900295155,136.87176481873448,21.84671774543662,1.960985820252443,-23.171755408465902,-1327.6437888145351,3.9574769041896154,4
707,23.631339917695474,934.2789526686807,312.4062185297079,1324.0,-7.6317993415669845,20.506074418684758,137.0815768801868,21.88020679186053,1.927085892626707,-23.205655336091638,-1329.5861115932887,3.9628722452417087,4
708,23.664764726631393,938.4119180633147,310.6666666666667,1342.5,-6.972118153501623,20.783732112408078,137.34339645208453,21.92199699084756,1.8944599776335442,-23.2382812510848,-1331.4554388251495,3.9680648208857665,4
709,23.698189535567316,943.5109258557533,308.8711633194392,1319.5,-6.1582425950859445,21.070320474075032,137.53023408079787,21.95181898477109,1.8551472536036977,-23.277593975114648,-1333.7078919932223,3.9743216352415245,4
710,23.731614344503235,949.0922330097087,307.29960169280554,1339.0,-5.267385067205505,21.321164490896866,137.59515400721068,21.962181146099788,1.8129962168979046,-23.31974501182044,-1336.1229684985653,3.9810301810896993,4
711,23.765039153439155,954.2446585154995,306.1729035445226,1349.5,-4.444983267400605,21.501001847874335,137.55429136896225,21.955658876694336,1.7746582059641738,-23.358083022754172,-1338.3195747199945,3.987131865038114,4
712,23.798463962375074,959.5215094339623,305.03823899371065,1325.0,-3.6027213680740604,21.68211075817567,137.70296104906876,21.979388712741184,1.7354529711900482,-23.397288257528295,-1340.5658692073714,3.993371571947494,4
713,23.831888771310993,964.465940054496,303.6709484883872,1284.5,-2.8135185670306977,21.90035014294123,138.33540331188357,22.08033566571062,1.698565592755303,-23.434175635963044,-1342.6793603089843,3.9992423805630852,4
714,23.865313580246916,968.9694368578488,303.365327090649,1281.5,-2.094695194944982,21.94913174827959,138.13819179840874,22.04885784940029,1.6659422526324446,-23.4667989760859,-1344.5485400116438,4.0044345464038065,5
715,23.898738389182835,972.6016411786646,303.4799204277011,1340.5,-1.5149427332469232,21.930840990551726,137.72623433744212,21.983103466932995,1.6397649515587882,-23.492976277159556,-1346.0483888822075,4.008600793266483,5
716,23.932163198118754,977.9917617237007,303.115969581749,1315.0,-0.6546013595733035,21.98893282136327,137.8237868891063,21.998674268291307,1.6005571202032518,-23.532184108515093,-1348.2948321427405,4.014840913434631,5
717,23.965588007054674,982.6806230529594,302.93457943925233,1337.5,0.09380887787389852,22.01788531752037,137.94539795047936,22.01808515654908,1.566535776387576,-23.56620545233077,-1350.2441115567424,4.020255578473525,5
718,23.999012815990596,987.8689180737961,303.1025641025641,1332.5,0.9219359722412721,21.991072530165766,137.89718265242863,22.01038929605571,1.5288976689468727,-23.603843559771473,-1352.4006162619544,4.026245869321335,5
719,24.032437624926516,991.9919144496608,303.14723526343244,1278.0,1.5800259604011007,21.983942365342184,138.08676195312466,22.040648900570698,1.499047876815182,-23.633693351903162,-1354.1108833704432,4.03099661128936,5
720,24.065862433862435,997.5254720342002,304.11898824367654,1403.5,2.463261964829422,21.828836503254447,137.62772225963656,21.967379511293313,1.4584272814164947,-23.67431394730185,-1356.4382720480965,4.037461579838397,5
721,24.099287242798354,1002.0478250420572,304.6039413602499,1387.0,3.1850950604917805,21.751430956014087,137.72804991213283,21.983393258972033,1.4253981505563809,-23.707343078161966,-1358.3307018473663,4.042718329280813,5
722,24.132712051734273,1007.3763522973144,305.3828433244241,1309.5,4.035605252266091,21.627106911641498,137.834636204176,22.000405976247098,1.3863185285890474,-23.746422700129298,-1360.569799251061,4.048938044291076,5
723,24.166136860670196,1011.912370505789,305.7666057282145,1367.5,4.759619512036503,21.565852869012453,138.36359928752125,22.084836152148632,1.3535768536752093,-23.779164375043134,-1362.4457590378133,4.054149043698722,5
724,24.199561669606116,1016.4086297518639,307.04901601271234,1363.5,5.477287665065709,21.361161597906438,138.15918468895262,22.05220861904208,1.3197907084240705,-23.812950520294276,-1364.3815625667198,4.059526275723462,5
725,24.232986478542035,1021.1123680241327,307.9952237305178,1326.0,6.2280724782721055,21.21013313000566,138.4938402149876,22.10562449213263,1.2851876420803767,-23.847553586637968,-1366.3641722264244,4.065033524778197,5
726,24.266411287477954,1026.0494063577173,309.77505425762797,1305.5,7.016095363160491,20.92604637762117,138.27634251749691,22.070908706786728,1.2472943442501727,-23.885446884468173,-1368.5352982639276,4.071064430437928,5
727,24.299836096413877,1031.355672690763,311.5003765060241,1328.0,7.86305238905758,20.65065993666638,138.43979840203772,22.096998635400734,1.2069808509706503,-23.925760377747693,-1370.8450912862731,4.077480522166666,5
728,24.333260905349796,1036.251708428246,313.3618071374336,1317.0,8.644530665238344,20.353548624768205,138.54147683898972,22.113227987859435,1.169164052316247,-23.963577176402097,-1373.0118342438664,4.083499252604424,5
729,24.366685714285715,1040.736147757256,315.1300414624953,1326.5,9.360312188163567,20.07131279432812,138.75071833055907,22.146625963059094,1.1344269652077188,-23.998314263510625,-1375.0021227277634,4.08902783172636,5
730,24.400110523221635,1044.9458035378245,317.01066365575207,1328.5,10.032234273520775,19.77113823096002,138.9020662499047,22.170783284912012,1.1012318284774159,-24.031509400240928,-1376.9040639627694,4.094311001823599,5
731,24.433535332157554,1050.0213440663495,320.3376021466032,1366.5,10.842364116436563,19.24011062082939,138.36341893130881,22.0848073646827,1.0576253859704527,-24.07511584274789,-1379.4025290779982,4.101251182699235,5
732,24.466960141093477,1054.3505471535718,322.8678224517398,1355.5,11.533367684882364,18.83625078229149,138.3753611152043,22.086713510345206,1.021384415751211,-24.111356812967134,-1381.4789837170201,4.107019112252074,5
733,24.500384950029396,1058.8222891566265,325.7176204819277,1328.0,12.247122530525868,18.38138170626643,138.38164260423767,22.087716127050815,0.9830623853886928,-24.149678843329653,-1383.6746743191648,4.113118252813587,5
734,24.533809758965315,1062.7730206006452,327.921816827997,1343.0,12.877716538426629,18.029560017608645,138.81118400902946,22.156277161847818,0.9505666960500028,-24.18217453266834,-1385.53654017064,4.1182901024010174,5
735,24.567234567901234,1066.6790680195415,331.5089565326318,1330.5,13.50117832818241,17.457000521905563,138.26266995251348,22.068726367219142,0.9124890038792534,-24.22025222483909,-1387.718231225622,4.124350355331524,5
736,24.600659376837157,1070.360100062539,333.62013758599124,1332.5,14.088724402142772,17.1200254223053,138.9082538792264,22.171770920247056,0.8822242777335416,-24.250516950984803,-1389.4522723018906,4.129167136098936,5
737,24.634084185773077,1073.138263263263,336.2424924924925,1332.0,14.532159520973575,16.701459565814993,138.70111437755182,22.13870845310485,0.8547408152110841,-24.27800041350726,-1391.0269587108335,4.133541265012666,5
738,24.667508994708996,1076.7431030118955,339.4020501138952,1317.0,15.107544200276875,16.197148368785843,138.7666251925265,22.149164928813487,0.82019053428703,-24.312550694431316,-1393.0065439887733,4.139040113006944,5
739,24.700933803644915,1080.6137225170585,342.64240586302753,1319.0,15.725351181441058,15.679940619328907,139.12845375430888,22.206918012307117,0.783952211844046,-24.3487890168743,-1395.0828469213905,4.144807621153102,5
740,24.734358612580834,1084.0550858314116,346.2002305918524,1301.0,16.274642652094194,15.112060218712251,139.14131092838807,22.208970203666553,0.748374485400227,-24.384366743318118,-1397.1213004912922,4.150469992180607,5
741,24.767783421516757,1087.7446512216736,350.45866565388025,1316.5,16.863550771976588,14.432352252934205,139.06142318396687,22.19621896161162,0.707869628206978,-24.424871600511366,-1399.4420578582453,4.156916540422144,5
742,24.801208230452676,1094.6702661010413,357.48682349916436,1296.5,17.96897929979252,13.310556381304721,140.09950862697806,22.361912446306196,0.6375560332872304,-24.495185195431116,-1403.4707300895395,4.1681072966201835,5
743,24.834633039388596,1097.7302135276818,361.12786088735453,1303.5,18.457391265797508,12.729394034010397,140.47130781038754,22.421256985544712,0.6037551593863895,-24.528986069331957,-1405.4073775079116,4.173486872782328,5
744,24.868057848324515,1099.9584770665645,364.49342021208633,1304.5,18.813054427304092,12.192201978948402,140.45287019795708,22.418314075330898,0.5750182232123754,-24.55772300550597,-1407.0538826668194,4.178060498223738,5
745,24.901482657260438,1102.9137626262625,369.2834595959596,1320.0,19.284760842176375,11.427642257317046,140.4406015493422,22.416355821166775,0.5349410978137615,-24.597800130904584,-1409.3501328071766,4.184438970835842,5
746,24.934907466196357,1105.04028886355,373.2683390345876,1315.5,19.624185255573906,10.791597734470475,140.31116990042605,22.395696653770617,0.5027765370169908,-24.629964691701353,-1411.1930263907234,4.1895581196790275,5
747,24.968332275132276,1107.7796433684757,378.0013015749056,1280.5,20.061425943988066,10.03614830445115,140.53728154251672,22.43178734954161,0.4638643331121786,-24.668876895606168,-1413.4225314460218,4.195751189277079,5
748,25.001757084068196,1109.753096179183,382.3949934123847,1265.0,20.376417619565274,9.334851396641454,140.41891684469763,22.41289462796604,0.4295862486185943,-24.70315498009975,-1415.386521017297,4.201206715863954,5
749,25.035181893004115,1111.804658050619,387.0315024232633,1238.0,20.703876633496442,8.594797348102041,140.4445200248795,22.416981266664383,0.39348093471457585,-24.73926029400377,-1417.455203121992,4.2069530550436625,5
750,25.068606701940038,1113.2369692346808,391.77485380116957,1311.0,20.93249426112234,7.837689709008006,140.03555514021423,22.35170454275489,0.35826816420134083,-24.774473064517004,-1419.4727462573633,4.212557341530805,5
751,25.102031510875957,1114.4543665436654,395.1665436654366,1355.0,21.126808518914387,7.296326841050317,140.03271397424186,22.351251051480425,0.33253405017712734,-24.800207178541218,-1420.947202380459,4.216653052983848,5
752,25.135456319811876,1115.9824495892458,400.49775952203134,1339.0,21.370712723938656,6.445387509528823,139.84646398291613,22.321522853002296,0.292923203053118,-24.839818025665227,-1423.2167367436027,4.2229573151036925,5
753,25.168881128747795,1117.6573830134237,404.5297955087191,1328.5,21.638056378116506,5.801816118034988,140.35303113265857,22.402378313251454,0.26196825103753596,-24.870772977680808,-1424.9903248491255,4.2278839487301445,5
754,25.202305937683718,1118.8615882499375,409.06323126711476,1339.0,21.830264989911175,5.078214054732129,140.42043775130432,22.413137386707387,0.22855783733320947,-24.904183391385136,-1426.9046005461696,4.233201381221933,5
755,25.235730746619637,1119.9756250785274,413.33647443146117,1326.5,22.00808141672832,4.396142501167166,140.60661807343416,22.442854464971937,0.1971563975326843,-24.93558483118566,-1428.7037705173736,4.238199075586389,5
756,25.269155555555557,1120.9754206098842,417.9281019978969,1268.0,22.16766327647585,3.663252181758085,140.76606560256707,22.468304601958092,0.16377199544656934,-24.968969233271775,-1430.6165558584757,4.2435123682005615,5
757,25.302580364491476,1121.4219858156027,422.5441292356186,1269.0,22.238941556676203,2.9264673211163936,140.53024994389062,22.43066500447149,0.13084024970126398,-25.00190097901708,-1432.5034059016796,4.248753618320572,5
758,25.336005173427395,1121.5040883074407,426.818070318888,1223.0,22.252046304523628,2.244284369574355,140.11845354949637,22.36493633056395,0.10051752824941827,-25.032223700468926,-1434.2407698642212,4.253579629327632,5
759,25.369429982363318,1121.8773177192247,430.96389237418094,1195.5,22.311619128943175,1.5825510720988616,140.1356019310503,22.367673460841303,0.07081086825389259,-25.06193036046445,-1435.942836105395,4.258307591108671,5
760,25.402854791299237,1121.9998618593727,436.3378919740295,1206.5,22.331178950099243,0.7247828349648942,139.98062981113162,22.34293766404085,0.03244470443681812,-25.10029652428153,-1438.141055368221,4.264413755727632,5
761,25.436279600235157,1122.0671412618647,441.82816862088214,1194.0,22.34191771801292,-0.15154490441217708,139.97745974508987,22.342431675547605,-0.006782881498861257,-25.139524110217206,-1440.388630482822,4.270657019934857,5
762,25.469704409171076,1122.347945960849,446.83154121863794,1209.0,22.38673821848962,-0.9501556994376051,140.38131467697062,22.406892776919285,-0.042417335305980186,-25.175158564024326,-1442.430334291224,4.27632841940264,5
763,25.503129218107,1122.041178112786,451.6531267448352,1194.0,22.33777362306056,-1.71975064267382,140.36241608416447,22.40387628755518,-0.07683688281123825,-25.209578111529584,-1444.4024290960253,4.281806460527088,5
764,25.536554027042918,1121.4418572418572,456.0612612612612,1202.5,22.242113324360755,-2.423352811403174,140.17360971122585,22.373740053514563,-0.10852527493113331,-25.241266503649477,-1446.2180402240508,4.286849824771603,5
765,25.569978835978837,1120.8957452803606,460.8374189912651,1183.0,22.15494593891773,-3.185696819849817,140.23044922392873,22.38281246368223,-0.1428127775330898,-25.275554006251436,-1448.182569413187,4.292306850296981,5
766,25.603403644914756,1120.3039841202324,465.0713171699985,1175.5,22.060492279646546,-3.8614883433696927,140.31245437933725,22.395901675224533,-0.1732853473286026,-25.306026576046946,-1449.9285190533874,4.297156710408649,5
767,25.636828453850676,1118.9444444444443,470.16923076923075,1170.0,21.843490039630147,-4.675189252688321,139.950986097438,22.338206097622834,-0.21085001801703612,-25.343591246735382,-1452.0808161426337,4.303135313434334,5
768,25.6702532627866,1117.756101190476,475.1242559523809,1120.0,21.653813230183584,-5.466083099503066,139.91876254414996,22.33306275140843,-0.2472648897406863,-25.380006118459033,-1454.167234603909,4.30893092027121,5
769,25.703678071722518,1116.8030705639208,480.32919988190133,1129.0,21.501695727142067,-6.2968676010373965,140.367979201548,22.40476424173202,-0.2848884344163589,-25.417629663134704,-1456.322904924147,4.314918893382981,5
770,25.737102880658437,1115.1295229655884,485.13867966326984,1128.5,21.234573270857968,-7.064530291915188,140.20587078166932,22.378889388010816,-0.3211714473751949,-25.45391267609354,-1458.4017684347068,4.320693514245648,5
771,25.770527689594356,1113.3562397739104,490.2168674698795,1120.5,20.951531568118014,-7.875082678787999,140.22951271841845,22.38266298382729,-0.35953446762779295,-25.492275696346137,-1460.5998075845555,4.326799178550783,5
772,25.80395249853028,1111.9028034504004,494.51694393099194,1082.0,20.719542062008117,-8.561437215489793,140.45522108944272,22.418689311690308,-0.3918386895873772,-25.524579918305722,-1462.4507031632934,4.331940555158388,5
773,25.8373773074662,1109.8522531009576,498.79368817710787,1061.5,20.39224450164999,-9.244067592456526,140.2732862483852,22.389649873747004,-0.42560552233976845,-25.558346751058114,-1464.3854001675297,4.337314713503489,5
774,25.870802116402118,1107.3563641946876,503.3721787194841,1085.5,19.993864452035957,-9.974861052392638,139.9870236637913,22.343958215610026,-0.4627641012442324,-25.595505329962577,-1466.5144299114593,4.343228685014405,5
775,25.904226925338037,1105.0115473441108,507.23418013856815,1082.5,19.619597692437033,-10.591292462091655,139.68550343577803,22.29583121640994,-0.4950034120394019,-25.627744640757747,-1468.361606354433,4.348359730689332,5
776,25.937651734273956,1103.1975532396918,510.8956351004379,1103.5,19.330057937882025,-11.17571375011649,139.88818505353888,22.328182140658445,-0.5241999461193423,-25.656941174837687,-1470.0344445336234,4.353006503409305,5
777,25.97107654320988,1101.3852187028656,514.6358974358974,1105.0,19.04078307437175,-11.772713837350597,140.25254853703828,22.3863398344041,-0.5537591359077149,-25.68650036462606,-1471.7280613543235,4.357710994577916,5
778,26.004501352145798,1098.4628124059018,518.7386329418849,1107.0,18.574324666446582,-12.427569896978335,140.01471839659374,22.348378696425566,-0.5896663336603472,-25.72240756237869,-1473.785392239691,4.363425802592826,5
779,26.037926161081717,1095.72673324649,523.5158488927486,1151.5,18.13760677065558,-13.190082812814076,140.50459742583428,22.42657049073318,-0.6287636893498543,-25.761504918068198,-1476.0255057108213,4.369648340012633,5
780,26.071350970017637,1091.6284549738887,526.631129792383,1308.5,17.483462150087906,-13.687326803217765,139.10971330343781,22.203926764688262,-0.6642099240626091,-25.796951152780956,-1478.0564253594926,4.375289783481164,5
781,26.10477577895356,1088.0,531.4815958815958,1295.0,16.90430813850961,-14.461531502961206,139.37429337551382,22.246157579519696,-0.7076748880531984,-25.840416116771543,-1480.5467843528413,4.382207447351577,5
782,26.13820058788948,1085.4625902992775,534.5291537667698,1292.0,16.49930076821939,-14.947965918550498,139.48367394661202,22.26361630423755,-0.736106812644924,-25.868848041363268,-1482.1758136353812,4.386732528691966,5
783,26.171625396825398,1081.8008821676117,538.6032766225583,1322.5,15.914839070625177,-15.598254984440148,139.61292677474003,22.284246929243753,-0.7753523889036339,-25.90809361762198,-1484.4244195195643,4.3929786561480295,5
784,26.205050205761317,1078.2384682332463,541.5440755936839,1340.5,15.346226166279559,-16.067649129780044,139.2030270303439,22.218820988169576,-0.8083592330396563,-25.941100461758,-1486.3155723836044,4.398231858548141,5
785,26.238475014697237,1074.058058816105,545.4947620850687,1320.5,14.678972224477878,-16.69823596258881,139.2914401334439,22.23293300105245,-0.8496640164988613,-25.982405245217205,-1488.6821621495187,4.404805719009015,5
786,26.27189982363316,1070.482266769468,548.2865587252634,1297.0,14.10822397948585,-17.143847175988192,139.1011234862361,22.20255570534568,-0.8822279035134036,-26.014969132231748,-1490.547935439993,4.409988422593665,5
787,26.30532463256908,1066.4639761997153,551.3936101409907,1288.5,13.466846555787129,-17.639777621466486,139.03962743862638,22.192740044706184,-0.9187512987617302,-26.051492527480075,-1492.6405718412102,4.415801301485935,5
788,26.338749441504998,1063.1562461462572,554.5206560611666,1351.5,12.938884890708161,-18.138899479693237,139.5913831610017,22.28080825619689,-0.9511849440069943,-26.083926172725338,-1494.4988828279882,4.420963276449207,5
789,26.372174250440917,1059.2750858450972,557.1253974310059,1310.5,12.319395445704455,-18.55465396040811,139.5362975784943,22.272015798713234,-0.9846756189493368,-26.11741684766768,-1496.417757155229,4.426293482913765,5
790,26.40559905937684,1054.9583333333333,560.0401234567901,1296.0,11.630379169584195,-19.01988648572051,139.67394154480087,22.29398577100989,-1.0219745963615994,-26.154715825079943,-1498.5548311411055,4.4322297995412,5
791,26.43902386831276,1049.9740511231603,562.2760134262845,1291.0,10.834815477149467,-19.376766936104765,139.0868506295292,22.200277550517256,-1.0609436689768306,-26.193684897695174,-1500.787594533497,4.438431920075621,5
792,26.47244867724868,1044.8560750031672,564.2618776130748,1315.5,10.01791229869298,-19.693739647218962,138.429108940811,22.095292442435515,-1.1002247875810311,-26.232966016299375,-1503.0382368440705,4.444683704271658,5
793,26.505873486184598,1040.684476443097,566.5118100290514,1319.5,9.352064697401234,-20.05286147561976,138.6241126637795,22.12641786337711,-1.1344123289560748,-26.26715355767442,-1504.9970386767895,4.450124820473656,5
794,26.539298295120517,1036.356069671586,568.7412578114612,1253.5,8.661188232486282,-20.408713659559965,138.90039099643693,22.170515890174237,-1.1694451985683525,-26.3021864272867,-1507.0042742498051,4.455700474843143,5
795,26.57272310405644,1032.4895833333333,570.5189873417721,1264.0,8.044040964674961,-20.69246506239944,139.09141979490713,22.201006855545767,-1.20003218711675,-26.332773415835096,-1508.7567796016433,4.460568545264916,5
796,26.60614791299236,1028.532510615711,571.8495222929936,1256.0,7.412434797584562,-20.904837727925226,138.960379022795,22.180090848761832,-1.230047279171376,-26.36278850788972,-1510.47651769807,4.465345595532768,5
797,26.63957272192828,1023.9304941743673,573.5474755591267,1244.5,6.67788626314398,-21.175855682572625,139.10924280680717,22.203851666605736,-1.2653136843426804,-26.398054913061024,-1512.497133872984,4.470958418240863,5
798,26.672997530864198,1019.1533725160928,574.5194514413657,1191.0,5.915388397772333,-21.330997123049915,138.68425351727038,22.13601721539047,-1.3002798982868273,-26.433021127005173,-1514.500550357535,4.476523464031282,5
799,26.70642233980012,1014.2576509511994,575.8799283154121,1209.0,5.133960268091101,-21.548148953493893,138.78002702428753,22.151304055434252,-1.3369016951728538,-26.4696429238912,-1516.59882475729,4.482352004030601,5
800,26.73984714873604,1009.7119847119847,576.7908817908817,1221.0,4.408406042757614,-21.69355033327565,138.69004296419632,22.136941295043133,-1.3703135005068345,-26.50305472922518,-1518.5131801888397,4.487669658007128,5
801,26.77327195767196,1004.1879606879606,577.5124215124215,1221.0,3.526691732785151,-21.80871853220606,138.40866504347878,22.092029300068457,-1.4104740216964653,-26.54321525041481,-1520.8142085560512,4.494061403471605,5
802,26.806696766607878,998.9235084838532,578.037903667214,1218.0,2.6864088480003208,-21.89259310145136,138.187949980316,22.05679997652266,-1.448698139647084,-26.58143936836543,-1523.004289190232,4.500144960788774,5
803,26.840121575543797,994.7975609756097,578.4121951219512,1230.0,2.0278478163335096,-21.95233544332152,138.11901994882896,22.04579774429401,-1.4786827018360393,-26.611423930554384,-1524.7222780542065,4.504917152077591,5
804,26.87354638447972,990.2121589807505,578.6434011909707,1203.5,1.295951188393339,-21.9892392834787,138.0037254692886,22.02739507406132,-1.511928721984422,-26.644669950702767,-1526.6271346943158,4.51020842052234,5
805,26.90697119341564,985.3618245614034,578.1601403508772,1187.5,0.5217675050691388,-21.912103848095605,137.3203289922592,21.918315089875687,-1.546988985997456,-26.6797302147158,-1528.6359398508769,4.515788434846121,5
806,26.94039600235156,980.7788694290188,578.3279225402249,1170.5,-0.20973856815059727,-21.9388843176705,137.45547817572466,21.939886858666764,-1.5803561647385136,-26.71309739345686,-1530.5477383669984,4.5210989862797915,5
807,26.973820811287478,975.3622695035459,578.0225531914894,1175.0,-1.0743064347845555,-21.890142943006644,137.30888869336184,21.91648905233416,-1.6198341593954508,-26.752575388113797,-1532.809660844481,4.527382104272799,5
808,27.0072456202234,970.9472340425532,577.6927659574468,1175.0,-1.7790100943022087,-21.837504119888393,137.2672852599284,21.909848541278684,-1.6520826363034882,-26.784823865021835,-1534.6573624670366,4.5325146087798975,5
809,27.04067042915932,966.3752406337924,576.9644602398934,1125.5,-2.5087665175314546,-21.721255969914953,136.99040877368176,21.86565504049794,-1.685785048069402,-26.818526276787747,-1536.5883684206353,4.53787851420656,5
810,27.07409523809524,961.3794117647059,577.0175245098038,1360.0,-3.306173224108073,-21.729725796607383,137.7055601133575,21.97980356107746,-1.7217880928927691,-26.854529321611114,-1538.6511909386345,4.543608576756558,5
811,27.10752004703116,956.8623030303029,576.4774545454545,1375.0,-4.027169257706678,-21.643522801493287,137.92606153706313,22.014998784669,-1.75476065351845,-26.887501882236794,-1540.5403795022253,4.548856322766532,5
812,27.140944855967078,952.2282089927154,575.3161266013565,1327.0,-4.766837841501598,-21.458158027113424,137.71461326414968,21.981248575177524,-1.7893923638941773,-26.92213359261252,-1542.5246303440738,4.554368130660556,5
813,27.174369664903,947.2953205369464,574.2948187178522,1328.5,-5.554198345734367,-21.295142484122096,137.87938788410582,22.007548993080082,-1.825932278250319,-26.958673506968665,-1544.6182132204503,4.560183638650491,5
814,27.20779447383892,944.1215174129353,573.3685323383085,1340.0,-6.0607833314812956,-21.14729375058575,137.82370971018653,21.998661949416938,-1.849913304852714,-26.982654533571058,-1545.9922248331584,4.56400033757468,5
815,27.24121928277484,939.8297263681592,571.810447761194,1340.0,-6.745815395631189,-20.898600866229245,137.58376320973107,21.960363009702103,-1.8830261539722162,-27.015767382690562,-1547.8894513353596,4.569270411191906,5
816,27.27464409171076,935.5574345484152,570.2778404108731,1330.5,-7.427735100806995,-20.65397451658448,137.51247454785894,21.948984305873502,-1.9160220146142881,-27.048763243332633,-1549.779974891552,4.5745218655146624,5
817,27.30806890064668,931.2666150471028,568.7000903342366,1291.5,-8.112612092536674,-20.402142733435003,137.55585314531896,21.955908158840234,-1.9492625063676958,-27.08200373508604,-1551.6845147779618,4.579812254088023,5
818,27.3414937095826,927.1798228725453,567.1641637787191,1298.5,-8.764923365355138,-20.156986590525975,137.7078725315235,21.980172656537352,-1.980966063848132,-27.113707292566477,-1553.5009948171412,4.584858031974632,5
819,27.37491851851852,923.5555555555554,565.0375873015872,1312.5,-9.343408966188502,-19.817554158121002,137.26632458547994,21.90969520371086,-2.01136166491674,-27.144102893635086,-1555.2425344741357,4.58969564213295,5
820,27.40834332745444,919.359507313318,562.9880677444188,1299.0,-10.013159091174467,-19.490421127152132,137.28135430659526,21.912094165070307,-2.045381513262628,-27.17812274198097,-1557.1917282040301,4.595110069160435,5
821,27.44176813639036,914.5972277227722,560.412805280528,1262.5,-10.773287947387372,-19.07937190715012,137.27367641975562,21.910868663032765,-2.0848223138581243,-27.21756354257647,-1559.4515196187692,4.60138726753471,5
822,27.47519294532628,911.0295592504618,557.9433887569279,1263.0,-11.342739552158307,-18.685217233551402,136.94573386849686,21.85852427802716,-2.116378777144445,-27.24912000586279,-1561.259571781435,4.606409634653226,5
823,27.5086177542622,907.3314696485623,555.6275292864749,1252.0,-11.933008259784218,-18.315572491583715,136.95458989045963,21.85993782750849,-2.1482411277720073,-27.28098235649035,-1563.0851499977603,4.61148068525413,5
824,27.54204256319812,903.5477227722772,553.1673927392739,1262.5,-12.53694911008196,-17.92289903673996,137.03317087618115,21.8724804919323,-2.1811821924632326,-27.313923421181578,-1564.972533977235,4.616723418530448,5
825,27.57546737213404,899.2906154051528,550.3442798024295,1248.5,-13.216445156507271,-17.47228928843716,137.25496781286026,21.907882498174043,-2.218395631909574,-27.351136860627918,-1567.1047069986757,4.622646121367784,5
826,27.60889218106996,896.0608870967742,547.8387096774194,1240.0,-13.731956612365526,-17.07236397597417,137.26596717688523,21.909638156118184,-2.2481769955232505,-27.380918224241597,-1568.811053441884,4.627385972598918,5
827,27.64231699000588,893.0306108627927,544.8511445211973,1230.5,-14.215632625911281,-16.595505269574616,136.90272297327553,21.851659115667903,-2.279106891102046,-27.41184811982039,-1570.5832059193294,4.6323086183696,5
828,27.6757417989418,889.1817687074829,541.4960544217687,1225.0,-14.829963626356474,-16.059984254631928,136.9537348969909,21.859801358156975,-2.3163960694027104,-27.449137298121055,-1572.7197184574682,4.638243375419985,5
829,27.70916660787772,885.7213322091062,538.3115514333896,1186.0,-15.38229945366287,-15.551691415427628,137.0424567874792,21.873962657983178,-2.350718628076725,-27.48345985679507,-1574.6862562115793,4.643705980292516,5
830,27.74259141681364,881.7842969307637,534.1775874375445,1167.5,-16.010707354983374,-14.891850836133344,136.9908530301852,21.86572595027579,-2.3923846335436707,-27.525125862262016,-1577.0735424740044,4.650337331021475,5
831,27.77601622574956,878.7053698943158,530.468294772922,1167.0,-16.50214874184028,-14.29979395729829,136.8037742083769,21.83586545843799,-2.427573533586459,-27.560314762304806,-1579.089717932164,4.655937818405251,5
832,27.80944103468548,875.584159839011,526.5214891476211,1159.5,-17.000339111437455,-13.669826566973173,136.67038830027764,21.81457513395564,-2.46436192631354,-27.597103155031885,-1581.1975375704953,4.6617928729561715,5
833,27.8428658436214,872.5882855921334,523.3505771697306,1169.5,-17.478524069153433,-13.163703050056885,137.08707905923927,21.881085019396384,-2.496087620957202,-27.628828849675546,-1583.015285975698,4.666842174081735,5
834,27.87629065255732,869.8411747932705,519.350869689193,1169.0,-17.917002774514465,-12.525291756775625,136.96104403591937,21.860968002682558,-2.5314891499694663,-27.66423037868781,-1585.0436441764107,4.672476502417047,5
835,27.909715461493242,867.4722342420308,514.9186499350931,1155.5,-18.295120026434116,-11.817845234976145,136.45441653940136,21.780102910213234,-2.568065467076797,-27.70080669579514,-1587.1393127767928,4.678297804084776,5
836,27.94314027042916,865.5433610260894,511.4490599038041,1143.5,-18.602996152465014,-11.264048371128183,136.24965138243633,21.747419422904954,-2.5971414348758417,-27.729882663594186,-1588.8052430169364,4.682925388085175,5
837,27.97656507936508,863.605944254835,507.9967292377702,1172.0,-18.91223595377046,-10.713006352165085,136.17630293650623,21.735711947682265,-2.6262008476054755,-27.75894207632382,-1590.4702247214732,4.687550337264444,5
838,28.009989888301,861.5509279555749,503.4698231769691,1140.5,-19.240246344457415,-9.990446523252212,135.82346230247882,21.67939346774649,-2.6626660118568823,-27.795407240575226,-1592.5595247323301,4.693353948405713,5
839,28.04341469723692,859.7624145108533,499.5444543562295,1121.0,-19.525719016359453,-9.36390075768101,135.670246575145,21.65493801666309,-2.6944242284839963,-27.82716545720234,-1594.379136509926,4.6984084255657015,5
840,28.076839506172842,856.9786777693665,494.53292959878877,1321.0,-19.970043753089517,-8.563988759796919,136.13354697708627,21.728887476772428,-2.736472504120724,-27.869213732839068,-1596.7883252397132,4.705100616481777,5
841,28.11026431510876,854.6863846249843,489.2498440034943,1335.5,-20.335926967801043,-7.720731715670731,136.279806507199,21.75223261794296,-2.778743047591942,-27.911484276310286,-1599.2102489783383,4.711828182422402,5
842,28.14368912404468,853.4707094116131,485.44367194541,1294.5,-20.529966354169847,-7.113211481284503,136.12385082176036,21.727339829827848,-2.808057616623076,-27.94079884534142,-1600.8898500620671,4.716493740988316,5
843,28.1771139329806,851.5334565619223,480.36216882316694,1352.5,-20.839179991217545,-6.302129921978092,136.399087134933,21.771271535210186,-2.847919570359119,-27.980660799077462,-1603.173771774288,4.722837967966707,5
844,28.210538741916523,850.1332077840552,475.1604519774011,1327.5,-21.062679994041122,-5.471860509790503,136.34000713912974,21.761841511461864,-2.8874218917605905,-28.020163120478934,-1605.4370880715617,4.729124957681356,5
845,28.243963550852442,848.8770992366412,470.51374045801526,1310.0,-21.263173126641014,-4.730177992998721,136.47228324445345,21.782954695333643,-2.922698363257174,-28.05543959197552,-1607.4582810044296,4.734739382494878,5
846,28.27738835978836,847.8390625,465.3813802083333,1280.0,-21.428858837092907,-3.910978898932881,136.47151124867068,21.782831473615932,-2.9610696515058463,-28.09381088022419,-1609.6567938755584,4.740846362692458,5
847,28.31081316872428,847.2356565267617,460.682582466949,1298.5,-21.525171177338578,-3.1609826660731146,136.3035923221327,21.756029178803335,-2.995784292152981,-28.128525520871325,-1611.6457962719526,4.7463713693491085,5
848,28.3442379776602,846.317257871662,455.9036800850272,1254.5,-21.67176091571392,-2.3982005713941548,136.60444600822285,21.804049788250364,-3.0313809042742657,-28.16412213299261,-1613.6853319114664,4.752036746125536,5
849,28.377662786596122,845.7144754316067,451.6410358565737,1255.0,-21.76797373102491,-1.7178207616388896,136.8024211274316,21.835649487104984,-3.0628408097214797,-28.195582038439824,-1615.4878517174723,4.757043745586663,5
850,28.41108759553204,845.614063124251,445.811692635504,1251.5,-21.78400099084636,-0.7873730819392692,136.56795924729622,21.798225972297782,-3.1054638236088765,-28.23820505232722,-1617.9299705233477,4.763827408936317,5
851,28.44451240446796,845.7466666666666,440.715907590759,1262.5,-21.762835543268213,0.025988079227869824,136.34633205730847,21.762851060088614,3.140398504655328,-28.275528031242604,-1620.068419694055,4.769767545521615,5
852,28.47793721340388,846.0529079690166,435.4709203098332,1269.5,-21.713954992167725,0.8631640801111918,136.1474355182482,21.73110428926887,3.1018619892744943,-28.314064546623438,-1622.2763993825176,4.775900822434012,5
853,28.511362022339803,845.9424469906492,430.6866851047017,1265.5,-21.73158616554723,1.6267973706785286,136.53140280052526,21.792391033474285,3.0668733590274297,-28.349053176870502,-1624.2811002266183,4.781469435889846,5
854,28.544786831275722,846.2908587257617,425.517873631447,1263.5,-21.675974602079176,2.451814608420129,136.6680306095223,21.814198812334222,3.0289593005531503,-28.38696723534478,-1626.4534157614066,4.787503645708703,5
855,28.57821164021164,846.7018473240967,421.2838902472154,1227.0,-21.610374864132442,3.1276197319726458,136.80166343037297,21.835528547670922,2.9978629403320123,-28.41806359556592,-1628.2351059602963,4.792452785150063,5
856,28.61163644914756,847.8911137285695,417.1516817170527,1273.5,-21.42055070648344,3.787180113496955,136.28313338258587,21.75276363548078,2.9665997986295762,-28.449326737268354,-1630.0263520341653,4.797428468688588,5
857,28.64506125808348,848.7480604328297,412.7604464407241,1224.5,-21.28376959026383,4.488084918536958,136.2772330664833,21.751821859500375,2.933768412316735,-28.482158123581197,-1631.9074519054548,4.802653746108836,5
858,28.678486067019403,849.7908602150536,408.188440860215,1240.0,-21.117323628692283,5.217843284553668,136.28090413789312,21.752407815712893,2.8993562997836966,-28.516570236114234,-1633.8791207177271,4.808130603920704,5
859,28.711910875955322,851.1376662553132,403.6020841903195,1215.5,-20.902353861491815,5.949892292468508,136.15734140631463,21.732685412599107,2.8642755840106044,-28.551650951887325,-1635.8890976738232,4.813713873243193,5
860,28.74533568489124,852.7108367626886,398.95733882030174,1215.0,-20.651253043981416,6.69126098332002,136.00412247134327,21.708229449530254,2.828254311344449,-28.587672224553483,-1637.952964570284,4.819446836844473,5
861,28.77876049382716,853.7357756307031,393.60990338164254,1242.0,-20.48765794322785,7.544789195256557,136.78411200476972,21.832727085720812,2.78874389404362,-28.62718264185431,-1640.216744728422,4.825735115061524,5
862,28.812185302763083,856.0267351507968,389.19926247859865,1265.5,-20.12198759428487,8.248791419622473,136.24773460907778,21.747113478091563,2.752547477267568,-28.663379058630362,-1642.2906466431864,4.831495953713647,5
863,28.845610111699003,857.9213898797727,384.6205575373233,1261.5,-19.819573234801656,8.97961910073079,136.32147941306496,21.758884217805733,2.7161901109734523,-28.699736424924478,-1644.3737702860503,4.837282408277158,5
864,28.879034920634922,859.7636411679217,381.22935658607474,1261.5,-19.52552322410983,9.52090393108349,136.09737371884125,21.72311370039234,2.687903454083672,-28.72802308181426,-1645.9944763423696,4.841784369544711,5
865,28.91245972957084,861.8135254101641,376.67920501533945,1249.5,-19.198331984116724,10.24717408034661,136.34040754605684,21.76190542221169,2.6513083789584417,-28.76461815693949,-1648.0912196980096,4.847608656643711,5
866,28.94588453850676,863.9689859762674,372.3017799352751,1236.0,-18.854289232410835,10.945874577871516,136.58717680423186,21.80129337296063,2.61559673191274,-28.800329803985193,-1650.137346353189,4.853292341796988,5
867,28.979309347442683,866.6877486077964,367.8944577035269,1257.0,-18.42033530548869,11.649347094191489,136.54688808042636,21.79486270861968,2.57767699651987,-28.83824953937806,-1652.3099871514532,4.8593274551254995,5
868,29.012734156378603,869.2021574111067,364.32587561592754,1251.5,-18.018999211844324,12.21894452520622,136.39889629317068,21.771241074098494,2.545706449497487,-28.870220086400444,-1654.1417645645604,4.864415725717463,5
869,29.046158965314522,871.8170748026226,359.99906329452693,1245.5,-17.601620490559192,12.90956649277055,136.75627113534367,21.82828327938176,2.5087805916720263,-28.907145944225906,-1656.2574603728594,4.870292658518294,5
870,29.07958377425044,874.2268641600201,357.0757057855424,1316.5,-17.216983177036266,13.376176727922903,136.5943926613435,21.80244512835604,2.4810856839990296,-28.9348408518989,-1657.8442616965265,4.874700439972925,5
871,29.113008583186364,877.1563740079364,353.76959325396825,1344.0,-16.74939093940667,13.903880213061758,136.38062803684326,21.768325195573695,2.448758160036183,-28.967168375861746,-1659.6964923817056,4.879845525209533,5
872,29.146433392122283,880.3706495790927,350.54567156677973,1326.5,-16.236345964410532,14.418464848005831,136.04218885660595,21.714305396424955,2.415426779696975,-29.000499756200956,-1661.6062398004876,4.885150379150595,5
873,29.179858201058202,883.8136054421768,346.78577612863324,1347.5,-15.686800299894497,15.018598663028415,136.0599247911857,21.717136308682342,2.377952754503175,-29.037973781394754,-1663.753343285459,4.8911145554977375,5
874,29.21328300999412,886.8124166363525,343.03758942645806,1374.5,-15.208146562816031,15.616863594061233,136.56961112271344,21.798489635559804,2.3429360004217794,-29.07299053547615,-1665.7596555065707,4.896687645000825,5
875,29.24670781893004,890.4335054080628,339.71878072763025,1356.0,-14.630168303885178,16.146593571536226,136.50926450469268,21.78885744054473,2.306962543276214,-29.108963992621717,-1667.8207827755064,4.902412998525647,5
876,29.280132627865964,893.9913291217639,337.10937693546384,1345.5,-14.062288065296999,16.563092242440547,136.12481307113543,21.72749341877679,2.2747173682523263,-29.141209167645606,-1669.6682952140359,4.907544977521562,5
877,29.313557436801883,897.1739239239238,334.0067567567568,1332.0,-13.554299800274176,17.058315398255598,136.5021993648377,21.787729741808267,2.2422273632334746,-29.173699172664456,-1671.529835377975,4.912715922421393,5
878,29.346982245737802,900.5342245327391,331.0491397450179,1346.5,-13.017947112502304,17.530393946670113,136.80042277272693,21.835330520726156,2.2095400507734504,-29.20638648512448,-1673.4026804255595,4.917918269775795,5
879,29.38040705467372,903.5786282682834,329.0516609826954,1319.5,-12.532016144916176,17.84922051240305,136.6374159377905,21.80931226693839,2.1829332400534676,-29.232993295844462,-1674.927138386118,4.92215287522179,5
880,29.413831863609644,907.665425201738,326.1967721911856,1342.5,-11.87970411250876,18.30490214773029,136.7164935791576,21.821934204802712,2.1464614199617387,-29.269465115936192,-1677.0168197485345,4.927957545672947,5
881,29.447256672545564,912.1838593790094,323.2545547857326,1299.0,-11.158496519014863,18.774522695750317,136.83098947030325,21.840209408751342,2.107045506497615,-29.308881029400318,-1679.2751852356819,4.934230783137245,5
882,29.480681481481483,916.3484848484848,320.6991525423729,1298.0,-10.493761924063316,19.18240193666366,136.98707256291323,21.86512253289788,2.0713730028990325,-29.344553532998898,-1681.3190691365457,4.939908238417423,5
883,29.514106290417402,920.5496031746031,317.97407407407405,1260.0,-9.823202540194492,19.617363962688053,137.4522858390838,21.939377315463066,2.035035911731764,-29.380890624166167,-1683.4010311002123,4.945691466094274,5
884,29.54753109935332,924.2589297227594,315.9695680206318,1292.5,-9.231140253056275,19.937312185950663,137.64834138002786,21.970670621800615,2.004415113227747,-29.411511422670184,-1685.1554736198132,4.95056491753761,5
885,29.580955908289244,928.7783346183501,314.0466461063994,1297.0,-8.509777718847173,20.24423839795929,137.58204597790893,21.960088914610456,1.9687265052016787,-29.44720003069625,-1687.2002802364034,4.956244935917027,5
886,29.614380717225163,933.4391900551069,312.2377290785595,1300.5,-7.765837627814073,20.532967777495454,137.5343214165913,21.95247138281336,1.9323809913341747,-29.483545544563757,-1689.2827247852458,4.962029504108257,5
887,29.647805526161083,936.718185313341,311.517108804306,1300.5,-7.242462452589767,20.647989219310748,137.088630866183,21.881332710279448,1.90814691394607,-29.50777962195186,-1690.6712351399776,4.965886477315845,5
888,29.681230335097002,942.0651268458917,309.3671589044554,1320.5,-6.38901307522777,20.9911523888006,137.46823218901616,21.941922584069076,1.8662546685179637,-29.549671867379967,-1693.071483997334,4.972553835252946,5
889,29.714655144032925,947.093520627689,307.67451278157426,1317.0,-5.586408536524551,21.26132324645312,137.72552020549372,21.98298948112204,1.8277383443707234,-29.58818819152721,-1695.278306813329,4.97868389863071,5
890,29.748079952968844,952.404634581105,306.0861981156099,1309.0,-4.738677760145699,21.51484129120264,138.02325383545477,22.030512084382817,1.7875865835331224,-29.628339952364808,-1697.578833249342,4.985074249841857,5
891,29.781504761904763,957.053501080188,305.4151734654975,1311.5,-3.996651277355878,21.62194655247146,137.75828639665843,21.988219440207587,1.7535756497146011,-29.66235088618333,-1699.5275162144421,4.990487258078246,5
892,29.814929570840683,961.8766077170418,304.4323419078242,1244.0,-3.2268135428090012,21.778820716110925,137.9359057574479,22.016570064943313,1.7178891309763034,-29.698037404921628,-1701.5722031236612,4.996166943937188,5
893,29.8483543797766,966.2168844478605,304.148603638227,1301.0,-2.5340424603227207,21.824109456982196,137.64873449853644,21.970733369213196,1.6863907665223055,-29.729535769375627,-1703.3769264684402,5.001180064339351,6
894,29.881779188712525,971.0303255353384,303.37145686347316,1346.5,-1.7657474875671384,21.948153347680236,137.9515475877127,22.01906672779609,1.651074274570459,-29.764852261327473,-1705.4004124044886,5.006800858606153,6
895,29.915203997648444,976.339225272659,302.9052275291463,1329.5,-0.9183701321741942,22.022570307855847,138.09341367067643,22.041710611114638,1.6124734937043264,-29.803453042193606,-1707.6120742340274,5.012944363688205,6
896,29.948628806584363,980.8129987129987,302.845045045045,1295.0,-0.20429103969247236,22.032176304718103,138.03961408871916,22.033123417960525,1.5800684559922689,-29.835858079905663,-1709.4687461298906,5.018101785621159,6
897,29.982053615520282,985.93028907649,302.5754668713226,1303.0,0.6125026820856723,22.075204889024324,138.35648469528698,22.083700560095576,1.5430572603088055,-29.872869275589125,-1711.5893314372856,5.023992300363923,6
898,30.015478424456205,990.7029955385594,303.2604206500956,1307.5,1.3742958181407179,21.965876336905907,137.8873870798263,22.00882578067267,1.508312735282834,-29.907613800615096,-1713.5800460824605,5.029522063267186,6
899,30.048903233392124,995.3888888888889,303.7402116402116,1260.0,2.122232323127277,21.889294739877847,137.78154894952527,21.991932480856935,1.4741454284904623,-29.94178110740747,-1715.5376885589922,5.034959959035329,6
900,30.082328042328044,1000.7918075911311,304.39997494676186,1330.5,2.9846164682118914,21.78398695228493,137.75376005121223,21.98749696986089,1.4346344456412092,-29.981292090256723,-1717.8015011206683,5.041248327262208,6
901,30.115752851263963,1005.8390055515326,305.05672218199373,1381.0,3.7902224264039504,21.679160573395112,137.88217437244487,22.00799375701167,1.397713161500185,-30.018213374397746,-1719.9169348761523,5.047124532138552,6
902,30.149177660199882,1010.057889472368,305.64841210302575,1333.0,4.463617456718006,21.584718284916367,138.09155723841667,22.04141429761531,1.3668754817532849,-30.049051054144645,-1721.6838037756256,5.0520325013037555,6
903,30.182602469135805,1015.3251243781093,306.6953980099502,1340.0,5.304344501021394,21.417604157160937,138.2372814426927,22.06467399302227,1.3280185579302959,-30.087907977967635,-1723.9101415155442,5.058216772803529,6
904,30.216027278071724,1020.0783680306292,308.60134003350083,1393.0,6.063031090541261,21.113388181844037,137.6234076773109,21.966690841410355,1.29115573834188,-30.124770797556053,-1726.0222254989128,5.064083672757331,6
905,30.249452087007644,1024.8060216589313,309.8888492205165,1400.5,6.817633141245346,20.90788305198297,137.7779310664765,21.991355014277854,1.2555883198082527,-30.160338216089677,-1728.0600884690648,5.069744403229976,6
906,30.282876895943563,1029.8462835802916,311.7054571738345,1383.5,7.6221320070622545,20.61792608925357,137.7175323553425,21.981714504446774,1.2166937612817545,-30.199232774616178,-1730.288582518658,5.0759346644788454,6
907,30.316301704879486,1034.484760170006,313.0065573770492,1372.5,8.362500109705698,20.41025163619302,138.1889945091942,22.056966698473015,1.1819383293705026,-30.233988206527428,-1732.2799220823267,5.081466163266814,6
908,30.349726513815405,1039.0155763239875,315.35382219027076,1391.0,9.085684046170512,20.035594146270547,137.8284884507344,21.999424705680553,1.1450545691319436,-30.270871966765988,-1734.3932058765686,5.087336396028597,6
909,30.383151322751324,1043.4483007953725,316.6262954928898,1383.0,9.793211128165016,19.832488961517956,138.57543560879927,22.118648299784205,1.112123923713179,-30.303802612184754,-1736.2799928757058,5.092577471026201,6
910,30.416576131687243,1047.8442662779396,319.6457725947522,1372.0,10.494870942689312,19.350536646001622,137.9154480460208,22.013304717646466,1.0738411140096418,-30.34208542188829,-1738.4734362996207,5.098670369425965,6
911,30.450000940623163,1052.3853436616255,322.14250584040326,1355.5,11.219692720160776,18.952021827582907,137.9830324861004,22.024092173980925,1.036276202692422,-30.37965033320551,-1740.6257471758809,5.1046490107489095,6
912,30.483425749559085,1057.301783264746,324.6626761441576,1336.5,12.004427749069821,18.5497661149495,138.42884813022235,22.09525081328488,0.9964292597007821,-30.41949727619715,-1742.9088088358,5.110990848693129,6
913,30.516850558495005,1061.9303556047741,327.43213978097697,1354.5,12.743214989892246,18.107719572625953,138.72327440012577,22.14224551393728,0.9575614375176716,-30.45836509838026,-1745.1357710057573,5.117176854720788,6
914,30.550275367430924,1066.265593321407,330.4374478234943,1397.5,13.435181772669402,17.62802884437445,138.8607858071539,22.164194327851526,0.9195651911291909,-30.49636134476874,-1747.3127955611565,5.123224145152452,6
915,30.583700176366843,1069.2809088601168,332.49796902767196,1313.0,13.916469842380943,17.29913979106406,139.09758075926882,22.20199023476666,0.8933416478137702,-30.52258488808416,-1748.8152939170086,5.127397751696487,6
916,30.617124985302766,1072.517968253968,334.9479365079365,1312.5,14.433151445751363,16.90808946671322,139.27679177310813,22.230594910401596,0.8642020861852171,-30.551724449712715,-1750.4848678151861,5.132035456969201,6
917,30.650549794238685,1076.9007470651013,338.72097711371987,1405.5,15.132706476362044,16.305857492384664,139.37264118020747,22.245893865198735,0.8226965256914788,-30.59323001020645,-1752.862961257802,5.138641272087579,6
918,30.683974603174605,1079.9078438708068,342.7510911584985,1336.5,15.612682717148118,15.662592870679807,138.55250104879264,22.1149876115499,0.7869939962150709,-30.62893253968286,-1754.908565514742,5.144323506134635,6
919,30.717399412110524,1083.4951655789218,346.27374909354603,1379.0,16.185271263244953,15.10032560012459,138.68136391163424,22.135555992443486,0.75073329646304,-30.665193239434892,-1756.9861505727242,5.150094575740141,6
920,30.750824221046443,1087.1023464214124,349.82054003065673,1413.5,16.761029615064288,14.534206352610333,138.9912826030969,22.18502350815344,0.7143625449558259,-30.701563990942105,-1759.0700411318066,5.155883160626481,6
921,30.784249029982366,1090.248502994012,353.8040169660678,1336.0,17.263201810444084,13.89838568960774,138.85113963408455,22.16265465879963,0.6778353061977686,-30.738091229700164,-1761.1628977499101,5.161696651232324,6
922,30.817673838918285,1093.3396226415093,356.92736465655446,1351.5,17.756589314767446,13.399854122448584,139.3688054400321,22.245281625464216,0.6464648746259053,-30.769461661272025,-1762.9602910804817,5.166689410483912,6
923,30.851098647854204,1096.572374172599,360.99437991757213,1334.5,18.272583320794734,12.750699531715386,139.5960540668246,22.281553800475244,0.6092512730102939,-30.806675262887637,-1765.0924733935374,5.172612139131289,6
924,30.884523456790124,1098.7158429332342,364.41038027994546,1345.5,18.61471200651581,12.205456355857216,139.4572273799954,22.25939504883857,0.5803639187384818,-30.83556261715945,-1766.7475968746116,5.177209704356494,6
925,30.917948265726046,1101.4528890552851,368.408461250468,1335.5,19.05158424356104,11.567304677152098,139.63790964416066,22.288234557352634,0.545665462606727,-30.870261073291204,-1768.7356719665809,5.18273213516752,6
926,30.951373074661966,1103.949422690763,373.1228664658634,1328.0,19.450067201302573,10.814817265195675,139.4269277128902,22.254558782747427,0.5074608371300393,-30.90846569876789,-1770.924635764273,5.18881259016111,6
927,30.984797883597885,1106.0642335766424,376.5774939172749,1370.0,19.787621674790753,10.263408645992323,139.6550734559728,22.29097415052287,0.478478295458544,-30.937448240439387,-1772.5852130816118,5.193425304931495,6
928,31.018222692533804,1108.320808531746,381.49107142857144,1344.0,20.147803748725856,9.479130448427012,139.50045861196006,22.266295380136047,0.43975363158282343,-30.976172904315106,-1774.8039728847532,5.199588526606888,6
929,31.051647501469724,1110.2102864583333,386.03671875,1280.0,20.449391815505383,8.75357924264643,139.36179540037153,22.244162721517505,0.404460157322237,-31.011466378575694,-1776.8261400042386,5.205205657494347,6
930,31.085072310405646,1113.0939459720212,390.7975156777617,1382.0,20.909665675149952,7.9936870409064,140.2476424593312,22.385556753284003,0.3651519995139066,-31.050774536384026,-1779.07833154709,5.211461745113379,6
931,31.118497119341566,1114.442209807573,395.25636250775915,1342.5,21.124868127611112,7.281990451810061,139.99192619905227,22.344740731304373,0.3319559456277076,-31.083970590270223,-1780.980325331258,5.216745061180513,6
932,31.151921928277485,1115.8476400097823,399.58217168011737,1363.0,21.349195160869154,6.591528601374453,139.98476852382484,22.343598262581082,0.29946334630528737,-31.116463189592643,-1782.8420141378424,5.22191641897658,6
933,31.185346737213404,1116.8981937602625,404.2488316281419,1319.5,21.516878768175218,5.8466620262013755,139.6932923765336,22.297074444262293,0.26531841422862434,-31.150608121669308,-1784.7983746375962,5.2273507536981185,6
934,31.218771546149327,1118.3371761497458,408.749969009545,1344.5,21.746561216891568,5.128215252060799,139.98128217042222,22.343041790040168,0.23158634177257212,-31.184340194125358,-1786.7310800235573,5.2327193797702325,6
935,31.252196355085246,1119.2664940189911,412.7857935627081,1351.5,21.894893820128477,4.48403915043879,140.02073882098216,22.34933964342947,0.20200511660506387,-31.213921419292866,-1788.4259593784818,5.2374273779783564,6
936,31.285621164021165,1120.0202987361165,417.30920464700625,1305.5,22.015211980064723,3.762037170438637,139.9267280158499,22.33433415615848,0.16924874627001138,-31.24667778962792,-1790.3027611508478,5.242640716234929,6
937,31.319045972957085,1120.810800459594,422.06268351844756,1305.5,22.14138751417116,3.0033130365692062,139.9882099335558,22.344147561460495,0.13481966885436686,-31.281106867043565,-1792.2754019792935,5.248120274091722,6
938,31.352470781893004,1121.5430330443523,425.65234325920335,1326.5,22.258262449074003,2.4303513065710054,140.27894317223362,22.390552800795454,0.10875788073197655,-31.307168655165956,-1793.7686324452707,5.252268136497214,6
939,31.385895590828927,1121.8944825832696,430.31604373251963,1311.0,22.314358890065005,1.6859571064616328,140.200043916761,22.377959335905754,0.07541152970610818,-31.340515006191822,-1795.6792376212145,5.257575373097058,6
940,31.419320399764846,1122.1146718146717,434.8783783783784,1295.0,22.3495042832394,0.9577423618040841,140.15027764328994,22.370015917252505,0.0428267551899505,-31.37309978070798,-1797.5462076773758,5.26276140103084,6
941,31.452745208700765,1121.9938682322243,439.79595564253094,1277.5,22.33022228032329,0.17282574570290632,139.90515673205942,22.330891066570196,0.007739389822091258,-31.40818714607584,-1799.5565656271876,5.268345728669206,6
942,31.486170017636685,1122.1997635933806,444.35040714473337,1269.0,22.363086164603835,-0.5541307349537752,140.14986756054824,22.36995046210241,-0.02477374377000895,-31.44070027966794,-1801.41943096076,5.273520354595796,6
943,31.519594826572607,1121.931170886076,449.9444883966244,1264.0,22.32021487502313,-1.4470271940368737,140.1318295081116,22.36707132745559,-0.06473974497535487,-31.480666280873287,-1803.7093141538412,5.279881141243243,6
944,31.553019635508527,1121.5008045052293,454.38817377312955,1243.0,22.251522162088996,-2.156303795376816,140.06094606827946,22.355757302938635,-0.09660425858556466,-31.512530794483496,-1805.5350162999432,5.2849525360935266,6
945,31.586444444444446,1121.103485399004,459.0679585520118,1238.5,22.18810427323465,-2.9032652838111157,140.19554428255685,22.377241129060497,-0.13010865275776182,-31.546035188655694,-1807.454676681153,5.290284926041331,6
946,31.619869253380365,1120.360975609756,463.70013550135496,1230.0,22.069588947517847,-3.6426278725323056,140.13877791433814,22.368180393812796,-0.16357715542132412,-31.579503691319257,-1809.3722806303974,5.295611603678122,6
947,31.653294062316284,1119.3864342656398,468.15768139440615,1233.5,21.914038022136253,-4.354116813233757,139.97733951575034,22.342412485202182,-0.19613635640137184,-31.612062892299303,-1811.2377854308722,5.300793561457218,6
948,31.686718871252207,1118.4014679407283,473.6039329732723,1203.5,21.756823118700186,-5.2234175135769,140.18189788477937,22.3750629661583,-0.23562233538371793,-31.651548871281648,-1813.500165376503,5.307077950195081,6
949,31.720143680188126,1116.9238016070933,478.3197561651427,1203.0,21.520966151738374,-5.97613125513358,139.93284963656103,22.33531125556242,-0.27086424398377673,-31.686790779881708,-1815.5193780012721,5.3126868741527735,6
950,31.753568489124046,1115.6604348428195,483.10220191109266,1203.5,21.319314502513226,-6.739478922075714,140.08250401514906,22.359198263761012,-0.3061801314289261,-31.72210666732686,-1817.5428293016384,5.318307572209347,6
951,31.786993298059965,1114.2675203084125,487.6753407682776,1210.5,21.096985151262384,-7.4694181754777595,140.21431120423793,22.380236601804345,-0.3402795592769759,-31.756206095174907,-1819.4965826011423,5.323734664707969,6
952,31.820418106995888,1112.832415643089,492.94606805026115,1180.5,20.867921643533066,-8.310702653654564,140.72607693203378,22.46192183046893,-0.37899903292443127,-31.79492556882236,-1821.7150450261095,5.329897060332877,6
953,31.853842915931807,1110.9207721117832,496.9651397291846,1157.0,20.562795624929915,-8.952204753699824,140.50731695725048,22.42700456736928,-0.410612263890089,-31.826538799788022,-1823.526349737214,5.334928462308168,6
954,31.887267724867726,1108.6027574321413,501.3382162860836,1160.5,20.192806880333965,-9.650211163891745,140.2144560530616,22.38025972177632,-0.4458145872774557,-31.86174112317539,-1825.543294296365,5.340531086083588,6
955,31.920692533803646,1106.5648474178402,505.493984741784,1136.0,19.86752690069757,-10.313532051054363,140.24406247920848,22.38498533656136,-0.47882244134890845,-31.894748977246838,-1827.4345050254428,5.345784449219915,6
956,31.954117342739565,1104.9980918831645,509.0641420813151,1135.5,19.6174500058209,-10.883380915112106,140.5522567289387,22.434177606373467,-0.5065061355371026,-31.922432671435033,-1829.0206638637571,5.35019044599301,6
957,31.987542151675488,1102.900535236396,512.1950639310139,1121.0,19.282649559010682,-11.383121427875833,140.28722148185474,22.39187413901259,-0.5332786681778718,-31.949205204075803,-1830.5546169909494,5.3544514269018775,6
958,32.0209669606114,1100.3030852994555,516.1261343012704,1102.0,18.868058896682374,-12.010577243399068,140.12787053656047,22.366439418207147,-0.5668661664027573,-31.98279270230069,-1832.4790388836386,5.359797043270459,6
959,32.05439176954733,1097.4456312119862,520.8012164367304,1123.5,18.41196780293372,-12.756788121774093,140.3348026208296,22.399468778524742,-0.6059132339988972,-32.02183976989683,-1834.7162710592595,5.366011577091627,6
960,32.08781657848325,1092.0628683693517,525.8315651604453,1272.5,17.55280082521996,-13.559704697545994,138.96178826579393,22.180315784372716,-0.6577522116779375,-32.07367874757587,-1837.6864256945414,5.374262006634077,6
961,32.12124138741917,1089.4517318582905,530.0059265112603,1265.5,17.1360255872627,-14.225993280289785,139.53342407992506,22.271557146687616,-0.6928746653301272,-32.10880120122806,-1839.698794054956,5.37985191874634,6
962,32.15466619635509,1086.8755171116961,533.4447787388742,1329.5,16.724824369136996,-14.77488394509886,139.81370021209406,22.316293280238522,-0.7235736103498411,-32.13950014624777,-1841.4577140400893,5.3847378075939325,6
963,32.18809100529101,1082.811351830736,537.398327632079,1315.5,16.076124676534018,-15.405927658731219,139.49996363490496,22.26621637462291,-0.7641131532488151,-32.180039689146746,-1843.7804587515902,5.391189876236991,6
964,32.221515814226926,1079.5681998413957,540.9306106264869,1261.0,15.558470606605853,-15.969731228284314,139.6846932430451,22.29570189790529,-0.7984416379562629,-32.2143681738542,-1845.7473360424065,5.396653424267035,6
965,32.254940623162845,1075.7232,544.2225333333333,1250.0,14.944752895159176,-16.495169811702244,139.45097861921607,22.258397656036735,-0.8346718838096072,-32.250598419707536,-1847.8231762205241,5.402419646984029,6
966,32.288365432098765,1072.2792721518988,547.2042457805907,1264.0,14.395052087744618,-16.971094340910696,139.42273035001003,22.253888822787168,-0.8673423627658501,-32.28326889866378,-1849.6950567793879,5.407619315203095,6
967,32.321790241034684,1068.219298245614,550.1915204678362,1254.0,13.747021399297614,-17.447906684250974,139.1655251303804,22.21283514131135,-0.9034836204883729,-32.319410156386304,-1851.7657983131833,5.413371375019194,6
968,32.35521504997061,1064.3749670619236,553.1982872200263,1265.0,13.133410415313506,-17.92783024371156,139.2336966530274,22.223716304533863,-0.938543340577942,-32.354469876475875,-1853.7745723052255,5.418951302774866,6
969,32.38863985890653,1060.7232215862632,556.3928863450532,1223.0,12.550538902035495,-18.43773457267751,139.73635396345082,22.30394769775104,-0.9731421607904902,-32.38906869668842,-1855.7569386795362,5.424457876036841,6
970,32.42206466784245,1055.800619278406,558.3209477652126,1238.0,11.764820216116485,-18.745481124333896,138.65606102023466,22.131517284187755,-1.0103235525209293,-32.42625008841886,-1857.8872755021132,5.430375478321777,6
971,32.45548947677837,1051.5783394482946,560.7751053132218,1226.5,11.090883149455188,-19.13720024423562,138.57621732032905,22.118773072275975,-1.0455525028022925,-32.461479038700226,-1859.9057456699118,5.435982339898995,6
972,32.48891428571429,1047.2212794612794,562.9422222222222,1237.5,10.395433215991426,-19.483103517237133,138.3517360793098,22.082942612150124,-1.0806614077812782,-32.49658794367921,-1861.9173377485333,5.441570095672944,6
973,32.52233909465021,1042.169113648722,564.8539967373573,1226.0,9.58903431658176,-19.788250442758173,137.7643610419959,21.98918904166094,-1.1195588437454385,-32.53548537964337,-1864.14599666316,5.44776081488024,6
974,32.555763903586126,1037.75,566.5591666666667,1200.0,8.88367971918548,-20.060420281460573,137.45284985979174,21.939467341344045,-1.1539074539119345,-32.569833989809865,-1866.1140270578403,5.453227565976574,6
975,32.589188712522045,1033.2871986699918,568.7202826267664,1203.0,8.17135193456336,-20.405365716028356,137.7110010900562,21.980672019830465,-1.1899010976064293,-32.60582763350436,-1868.1763109308326,5.458956132290442,6
976,32.622613521457964,1029.1045127353266,570.1578073089701,1204.0,7.503734627564695,-20.634815493532084,137.56152301657377,21.956813152482425,-1.2220182456083322,-32.63794478150626,-1870.0164879613387,5.464067735152959,6
977,32.65603833039389,1024.0879492600423,571.4070472163495,1182.5,6.70301837727198,-20.834212291615295,137.11756574990991,21.885951137159648,-1.2595236823241311,-32.67545021822206,-1872.1653911939488,5.470036910799098,6
978,32.68946313932981,1019.707644482125,573.2594319626961,1179.5,6.003858238225928,-21.129879749129127,137.62092996499996,21.966295362608843,-1.293952121860746,-32.70987865775868,-1874.1379954746185,5.475516367134292,6
979,32.72288794826573,1014.8376292412988,574.3081403815348,1144.5,5.2265332105023,-21.29726881475544,137.38859480351766,21.929211302927385,-1.3301436151212886,-32.74607015101922,-1876.2116152927235,5.4812764221845836,6
980,32.75631275720165,1010.423506036986,575.3753629833409,1090.5,4.5219751603747556,-21.46761301236322,137.44805811543387,21.93870250948385,-1.363189586201656,-32.77911612209959,-1878.10500996554,5.486535851831295,6
981,32.78973756613757,1005.432104454685,576.2078341013824,1085.0,3.725275112946636,-21.600487470226515,137.32693130500388,21.91936891469625,-1.4000137680232512,-32.81594030392118,-1880.2148801679398,5.492396602393518,6
982,32.82316237507349,1000.9588685015289,577.0431192660551,1090.0,3.0112818112107775,-21.73381109072429,137.46514784887273,21.941430278671877,-1.4331199820606226,-32.849046517958556,-1882.111726507938,5.497665620004624,6
983,32.856587184009406,996.5032859544551,577.2992511080544,1090.5,2.300106248987809,-21.774693445570723,137.17951384949203,21.89583895184684,-1.4655545189305865,-32.88148105482852,-1883.9700885810485,5.502827736874375,6
984,32.890011992945325,991.8966116420504,577.631190269331,1151.0,1.5648142508058438,-21.827675747469666,137.1034258721686,21.883694207701783,-1.4992293042313165,-32.915155840129245,-1885.8995116547892,5.508187245412543,6
985,32.923436801881245,986.3703864524533,577.4486901143435,1151.5,0.6827486029000279,-21.798546077228405,136.636935508641,21.809235583481875,-1.53948573047113,-32.95541226636906,-1888.2060349766102,5.514594254639824,6
986,32.95686161081717,981.9928098935862,578.2702041990221,1159.0,-0.01597607283761193,-21.929671633734838,137.3915152788818,21.92967745313044,-1.5715248406677034,-32.98745137656564,-1890.0417407702287,5.519693437399876,6
987,32.99028641975309,977.0727029438002,577.9735355337496,1121.0,-0.8012964634359802,-21.882319014275964,137.1866952913081,21.896985214062198,-1.6073984161438981,-33.02332495204183,-1892.0971452410588,5.5254028942632925,6
988,33.02371122868901,972.8103625421986,577.2103331865551,1135.5,-1.4816277780214357,-21.760500856353524,136.64725689532943,21.810883026415212,-1.6387793453095152,-33.05470588120745,-1893.8951400394474,5.530397324258816,6
989,33.05713603762493,967.5675873155049,577.0571386818647,1140.5,-2.3184507029835952,-21.736048792711646,136.9508853643053,21.85934653143379,-1.67705840720567,-33.0929849431036,-1896.0883687298171,5.53648962617651,6
990,33.09056084656085,962.7044943820225,577.0191011235955,1335.0,-3.0946708301100188,-21.729977447022986,137.5140437874206,21.949234779255093,-1.7122598783342633,-33.1281864142322,-1898.1052644581373,5.542092114310733,6
991,33.12398565549677,958.817253121453,575.9474082482028,1321.5,-3.7151308843845183,-21.55891972895011,137.0594940157551,21.876682046586083,-1.7414448586242834,-33.157371394522215,-1899.777440653928,5.546737048187929,6
992,33.15741046443269,953.8940074906367,574.9712858926342,1335.0,-4.500952253973341,-21.403116451222527,137.02551736425173,21.87125888048377,-1.7780703229603436,-33.19399685885828,-1901.875925183091,5.5525661718800485,6
993,33.190835273368606,949.2965166728646,574.1015247303831,1344.5,-5.234778433288846,-21.264289961750368,137.20028106867755,21.899153701068528,-1.8121736183158883,-33.22810015421382,-1903.8299000744516,5.5579938799116055,6
994,33.224260082304525,944.5843313373252,572.6629241516965,1336.0,-5.98691152024108,-21.03466845557187,137.0181297583529,21.870079711492266,-1.8480850590909585,-33.26401159498889,-1905.8874740670972,5.56370936322451,6
995,33.25768489124045,940.485893016724,571.0693220988127,1305.5,-6.641081686789557,-20.780306467224538,136.67748399035867,21.815707708951035,-1.8801230996692477,-33.29604963556718,-1907.723118576102,5.568808375749524,6
996,33.29110970017637,936.4462141322209,570.3354822399191,1318.5,-7.285872995565466,-20.663174988070814,137.2686124553729,21.91006038091053,-1.9097871380696687,-33.3257136739676,-1909.4227427797603,5.573529554093018,6
997,33.32453450911229,932.4156711624919,568.4430314707771,1297.5,-7.929206079910057,-20.3611124125255,136.89587065936374,21.850565387037076,-1.942156621393383,-33.35808315729131,-1911.277377559228,5.578681317369318,6
998,33.35795931804821,928.0863177226812,566.9294241112423,1270.5,-8.620233646808451,-20.1195187368323,137.1331095803263,21.888432157816023,-1.9755866076595474,-33.391513143557475,-1913.1927746814595,5.584001864931072,6
999,33.39138412698413,924.3040364583333,564.93203125,1280.0,-9.22394056419564,-19.800705882156983,136.8531169589797,21.843741276702122,-2.0067435985698365,-33.422670134467765,-1914.9779387629467,5.588960654046314,6
1000,33.42480893592005,920.3171806167401,563.056334267788,1248.5,-9.860300549605206,-19.501317453867024,136.90729639272655,21.852389099708148,-2.0389316353414877,-33.45485817123942,-1916.8221774207746,5.594083539206947,6
1001,33.45823374485597,915.995232419547,561.0005297311614,1258.5,-10.550146132436113,-19.173181249070147,137.10634463769279,21.884160084989595,-2.0738355856134656,-33.4897621215114,-1918.822026459693,5.599638675426165,6
1002,33.491658553791886,911.918955304254,558.3053311793215,1238.0,-11.200779049370635,-18.74298849084909,136.79689497853695,21.834767433634862,-2.109448038812832,-33.52537457471076,-1920.8624697261237,5.605306573388472,6
1003,33.525083362727806,907.8852437926154,555.1510356361765,1295.5,-11.844617878934894,-18.239517197788476,136.25321044037463,21.74798750014368,-2.1467448345489664,-33.5626713704469,-1922.999418711166,5.611242542791368,6
1004,33.55850817166373,903.8020957686696,552.4196843082636,1256.5,-12.496347492490452,-17.80355393243889,136.27485381529686,21.751442096521618,-2.182797562361369,-33.5987240982593,-1925.0650878547503,5.616980512634658,6
1005,33.59193298059965,900.4329349269588,550.3090305444887,1255.0,-13.034114401869553,-17.46666299589985,136.54062337212252,21.79386277036176,-2.211879033307842,-33.627805569205776,-1926.731333402016,5.621608972488174,6
1006,33.62535778953557,897.1227297008546,547.6380876068375,1248.0,-13.562471140382709,-17.04034178531044,136.44592892593505,21.778748164068357,-2.2430345316749896,-33.65896106757292,-1928.5164119670799,5.626567524057795,6
1007,33.65878259847149,893.875550220088,545.0230758970254,1249.5,-14.080768056324652,-16.622948009458003,136.4857018640366,21.785096501534174,-2.273585774889463,-33.68951231078739,-1930.266869262147,5.631429905432982,6
1008,33.69220740740741,889.6708212158981,541.5827447721922,1203.5,-14.751903756753757,-16.073821291214774,136.68628478278902,21.817112442998386,-2.3133371660200974,-33.72926370191803,-1932.5444562037062,5.637756535826202,6
1009,33.72563221634333,886.2819771444306,538.4308137133416,1210.5,-15.292812394928287,-15.570727404122891,136.73384060305858,21.824703041278152,-2.3471900953650486,-33.76311663126298,-1934.4840861793266,5.643144396869592,6
1010,33.75905702527925,882.3151464667499,534.757045675413,1200.5,-15.925976073894512,-14.984340770669853,136.99904898586635,21.86703414361031,-2.3866485351561395,-33.80257507105407,-1936.7448882455271,5.649424402609037,6
1011,33.79248183421517,879.3618561089826,531.3872569887895,1174.5,-16.397364025616387,-14.446473648141515,136.9140678792008,21.853469927108275,-2.4193609166630763,-33.835287452561005,-1938.6191696436963,5.654630739826175,6
1012,33.825906643151086,875.6385272294553,528.0674786504269,1190.5,-16.991661287817905,-13.916588902140955,137.60237098382717,21.963333080184402,-2.455358505497694,-33.87128504139562,-1940.6816795565671,5.660359934028593,6
1013,33.85933145208701,872.8723168536213,523.2329317269076,1203.5,-17.43318856252922,-13.144925132004941,136.78944190162335,21.83357781452034,-2.4955254500386754,-33.91145198593661,-1942.9830759547017,5.666752701801189,6
1014,33.89275626102293,871.2752585521082,519.6486343145053,1257.0,-17.688102218259246,-12.57281930734377,135.96046684361423,21.701261378516783,-2.5236507168967424,-33.93957725279467,-1944.5945350433476,5.671228977047428,6
1015,33.92618106995885,868.2800318217979,515.4644656589763,1257.0,-18.166183822944735,-11.90496533660186,136.07498653190504,21.71954038083474,-2.5614750048077055,-33.977401540705635,-1946.7617071037337,5.677248899437389,6
1016,33.95960587889477,865.9747035573123,511.78959156785237,1265.0,-18.534147631780648,-11.318402161025604,136.05802747105756,21.716833468886513,-2.5933584217633014,-34.00928495766123,-1948.588492331745,5.682323302848532,6
1017,33.99303068783069,863.7942100232144,507.89785606991666,1220.5,-18.882186008054042,-10.69722476131942,135.96376092891057,21.701787162280834,-2.626151112814647,-34.04207764871258,-1950.4673751278638,5.687542421726639,6
1018,34.02645549676661,861.6954918032787,503.9168032786885,1220.0,-19.2171718587798,-10.061791026868594,135.90193350080585,21.691918608510676,-2.6592568609519898,-34.07518339684992,-1952.3641947737567,5.6928113651874535,6
1019,34.05988030570253,859.9008796113955,500.0250754890376,1269.5,-19.503617979135715,-9.440614857516401,135.75411944722197,21.66832534285992,-2.6907908988132494,-34.10671743471118,-1954.1709620542124,5.69783016318872,6
1020,34.09330511463845,857.1563444108762,495.15005035246725,1324.0,-19.941685581665475,-8.662490177809026,136.2149772016303,21.741884921014613,-2.7317946493742977,-34.14772118527223,-1956.520303905568,5.704356112775818,6
1021,34.126729923574366,854.9141319314056,490.36662911503316,1331.5,-20.299575196292444,-7.898986808285396,136.46791581758225,21.782257590695185,-2.770499940620496,-34.18642647651843,-1958.7379537387997,5.7105162512014624,6
1022,34.16015473251029,854.0340670859538,486.46357442348005,1272.0,-20.440046302964657,-7.276002701195898,135.9302892527522,21.69644459756365,-2.799611042450944,-34.21553757834887,-1960.4058970106596,5.715149426956628,6
1023,34.19357954144621,851.9508365508365,481.29948519948516,1295.0,-20.772560094685367,-6.451739202889452,136.27470380149282,21.751418152143906,-2.8404492508000923,-34.25637578669802,-1962.745753991942,5.721649029682412,6
1024,34.22700435038213,850.8454161871883,476.4028896560542,1303.5,-20.94900120879434,-5.6701715735645095,135.97010204831832,21.702799296858586,-2.8772606555180755,-34.29318719141601,-1964.8548921202305,5.727507746705436,6
1025,34.26042915931805,849.4785705201576,471.0872440544321,1310.5,-21.16716959092004,-4.8217174804416185,136.01145313661593,21.709399529972412,-2.917622088885157,-34.33354862478309,-1967.1674319072629,5.733931468336081,6
1026,34.29385396825397,848.68701215611,466.39859245041583,1302.5,-21.293513780178436,-4.073340718183257,135.8248685975175,21.679617932820186,-2.9525812157460507,-34.36850775164398,-1969.1704423318542,5.73949538618217,6
1027,34.32727877718989,848.1573426573426,461.29163429163424,1287.0,-21.378056710221472,-3.2581961660514582,135.4821788108631,21.624919675270885,-2.990348104620576,-34.406274640518504,-1971.334325669704,5.745506173231751,6
1028,34.36070358612581,846.7448804333465,456.68106751222086,1261.5,-21.603506156092227,-2.5222828737100724,136.26738724343394,21.750250323417564,-3.025365455350335,-34.441291991248264,-1973.3406720762484,5.751079357694374,6
1029,34.39412839506173,846.8415406488302,452.2108052216621,1289.5,-21.588077784523527,-1.808764211630697,135.72526164370112,21.663719219097956,-3.0580025595157654,-34.473929095413695,-1975.2106404004567,5.75627371415051,6
1030,34.42755320399765,846.1600760456274,446.78897338403044,1315.0,-21.69684941364217,-0.9433612559748793,136.06125117057599,21.717348018060104,-3.0981408391972125,-34.514067375095145,-1977.5103944231194,5.762661919769016,6
1031,34.46097801293357,846.1041666666666,441.44252008032123,1328.0,-21.705773360981468,-0.08998980701329766,135.98990355409427,21.705959904221213,-3.1374467846577057,-34.553373320555636,-1979.7624592077768,5.768917655281954,6
1032,34.49440282186949,846.2062003386739,436.2378533281229,1279.5,-21.6894873078585,0.7407504530024865,135.9659267924002,21.702132865489933,3.1074534117726254,-34.59165843130489,-1981.9560344719002,5.775010919904519,6
1033,34.52782763080541,846.9101997051333,431.4546307465487,1243.5,-21.577118803862263,1.5042221141711902,135.51079819263796,21.629487743466047,3.0719915003964684,-34.627120342681046,-1983.9878523272207,5.78065485839152,6
1034,34.56125243974133,846.8663820980468,426.80688138662526,1288.5,-21.58411272912923,2.2460702853572045,135.95671497031674,21.700662525151696,3.0379045748621976,-34.66120726821532,-1985.9408892969116,5.786079961085106,6
1035,34.59467724867725,847.2796780684105,421.97518443997313,1242.5,-21.518144701159255,3.0172791578722236,136.13210155819448,21.72865676696464,3.002280724055498,-34.69683111902202,-1987.981985598139,5.79174967303296,6
1036,34.62810205761317,848.401089411452,417.72419290554006,1254.5,-21.339151194935358,3.6957990287454607,135.68210271132213,21.656830427862403,2.970100491099286,-34.72901135197823,-1989.8257771302776,5.796871316177789,6
1037,34.66152686654909,849.2322382478632,413.75774572649567,1248.0,-21.206487792387932,4.328901495770167,135.60052868509226,21.64381003078662,2.940228155118115,-34.758883687959404,-1991.5373359061957,5.801625646110895,6
1038,34.69495167548501,850.0284959688629,409.1492910758966,1199.0,-21.079393517638547,5.064477661735567,135.82254677350684,21.67924733605114,2.9058044232853355,-34.793307419792185,-1993.5096704553043,5.807104353191753,6
1039,34.72837648442093,851.6663902708679,404.0599778883361,1206.0,-20.817961844275164,5.876805820680617,135.52378020372907,21.631559860622215,2.866457100216063,-34.83265474286146,-1995.7641060023113,5.81336667415566,6
1040,34.761801293356854,853.2662473794549,399.8321540880503,1272.0,-20.562601458364902,6.551627785346635,135.20772104111893,21.581112236705422,2.8331432733298896,-34.86596856974763,-1997.6728476823184,5.818668734377902,6
1041,34.79522610229277,855.0812223562525,394.83902962069425,1243.5,-20.27290514235962,7.3486028302043165,135.0985574567479,21.563688146214645,2.793839847496339,-34.90527199558118,-1999.9247681029863,5.824924068879757,6
1042,34.82865091122869,856.6936293946602,390.63349193761564,1261.0,-20.01554160572736,8.019867607506582,135.09093578238912,21.562471616503903,2.7604984679939615,-34.938613375083555,-2001.8350884316164,5.830230514237064,6
1043,34.86207572016461,857.8051774753135,386.3791032826261,1249.0,-19.838122419157553,8.698929708064977,135.71163234703909,21.66154378578168,2.728346853121458,-34.97076498995606,-2003.677240268341,5.83534760267241,6
1044,34.89550052910053,859.6594637855142,382.45738295318125,1249.5,-19.54215144448772,9.324893121537343,135.65765707766482,21.652928550369065,2.6963767521753237,-35.00273509090219,-2005.5089921231615,5.840435802269134,6
1045,34.92892533803645,861.6647711887354,378.1785810993772,1231.0,-19.222075314184096,10.007851922517991,135.77276113158817,21.671300825912887,2.6615668243871675,-35.03754501869035,-2007.5034540705783,5.845975974345292,6
1046,34.96235014697237,863.9746421267894,373.75610088616224,1222.5,-18.853386428796494,10.713743872408749,135.85790340817059,21.68489076746996,2.6248336637809553,-35.07427817929656,-2009.6081091414903,5.851822238431159,6
1047,34.99577495590829,866.0841638981174,369.45155038759685,1204.0,-18.516676174661246,11.400812530343265,136.23460841319445,21.745018346952467,2.589705227306957,-35.10940661577056,-2011.6208202923438,5.857413102739084,6
1048,35.02919976484421,868.7388059701492,364.94886677722496,1206.0,-18.09295681852051,12.119506105041248,136.4349456806735,21.776995078912513,2.55139176865474,-35.14772007442278,-2013.816019771665,5.863510879070532,6
1049,35.062624573780134,871.542501637197,361.4369351669941,1272.5,-17.64544634794818,12.680061298667926,136.13371714631813,21.728914638248593,2.5184906083271934,-35.180621234750326,-2015.7011173995168,5.86874726137012,6
1050,35.09604938271605,874.2492393817695,357.7663380795911,1369.5,-17.213411767295934,13.265941802451266,136.15404652006205,21.732159500990832,2.4849904755659096,-35.21412136751161,-2017.6205336198661,5.8740789730933125,6
1051,35.12947419165197,877.4386900228484,354.44376745366844,1313.0,-16.704329211000033,13.796272238023143,135.73321602875043,21.664988854257853,2.4512513961487796,-35.24786044692874,-2019.5536404751244,5.8794487143579195,6
1052,35.16289900058789,879.7588308457711,350.87039800995024,1340.0,-16.3340011031161,14.366633800471513,136.28558623143104,21.753155145712736,2.42018928703815,-35.27892255603937,-2021.3333682299383,5.8843924025657355,6
1053,35.19632380952381,883.5092871485944,347.1792168674699,1328.0,-15.735373910919925,14.955799817829744,136.00855456854333,21.708936876490654,2.381589625190484,-35.31752221788703,-2023.5449659444416,5.890535729550468,6
1054,35.22974861845973,886.4618850920015,343.61872574790334,1331.5,-15.264096478567108,15.524105813060526,136.39940919721,21.771322941018177,2.347749594610696,-35.35136224846682,-2025.483856875257,5.895921537691621,6
1055,35.26317342739565,890.2259005580922,340.64523084728563,1314.0,-14.663305047361074,15.998718702704501,135.96433094715923,21.70187814545625,2.312669305034714,-35.3864425380428,-2027.4938094120575,5.901504739182734,6
1056,35.29659823633157,893.2724493695071,337.319959240861,1308.5,-14.177031694571186,16.529480253917654,136.43126753963207,21.77640799428431,2.279733107395557,-35.41937873568196,-2029.3809145299902,5.906746697843658,6
1057,35.33002304526749,896.5969824830584,334.2901163534075,1303.5,-13.646388017525739,17.0130870990758,136.6407104206176,21.809838114154115,2.2468232720425103,-35.452288571035005,-2031.26650920019,5.911984460816435,6
1058,35.363447854203415,899.8308702791461,331.66931918656053,1319.5,-13.130212647133565,17.431404317736433,136.72503861076018,21.82329811571447,2.2163744616827445,-35.48273738139477,-2033.0110975249988,5.916830539496459,6
1059,35.396872663139334,903.1933231784716,328.8720487433359,1313.0,-12.59351642259687,17.877889229447142,137.0059818834403,21.868140734561756,2.184481594877403,-35.51463024820011,-2034.8384241895178,5.921906446897902,6
1060,35.43029747207525,907.4202141900936,326.30321285140565,1245.0,-11.918843344523216,18.28791267540526,136.76095313549146,21.82903059447519,2.1483891350179714,-35.550722708059546,-2036.9063698117086,5.927650740292875,6
1061,35.46372228101117,911.6108929039015,323.51505629746003,1273.0,-11.249950274110796,18.73294287827294,136.90122116849932,21.851419405855598,2.1116154888540564,-35.58749635422346,-2039.0133445342085,5.933503447855376,6
1062,35.49714708994709,915.7555642327216,321.1737602499024,1280.5,-10.588400649261198,19.106647666672785,136.85730157210097,21.844409201616035,2.076838226182252,-35.622273616895264,-2041.0059349083206,5.9390384211167975,6
1063,35.53057189888301,920.6265750286369,318.68448517245764,1309.5,-9.810916716513866,19.503972053332856,136.7828265198945,21.83252190370046,2.0368581902194545,-35.66225365285806,-2043.2966222337702,5.945401441465268,6
1064,35.56399670781893,924.5610711127952,317.0058102816723,1319.5,-9.182914107393087,19.771912899817206,136.5811502498425,21.800331447519714,2.005595410311785,-35.69351643276573,-2045.087847578326,5.950377067422369,6
1065,35.59742151675485,928.1153703014514,314.88400942811063,1343.5,-8.615596434093243,20.110583073473386,137.07020946553732,21.87839238770149,1.9755526307630369,-35.723559212314484,-2046.8091720513114,5.955158524291772,6
1066,35.63084632569077,932.5676204450965,312.95280019564683,1363.0,-7.904952771763698,20.41883206160394,137.17797125847102,21.895592731958633,1.940167837655013,-35.75894400542251,-2048.836571355345,5.960790189025198,6
1067,35.664271134626695,935.8187134502923,311.511568777015,1311.0,-7.386031200592766,20.648873487974118,137.39418360282258,21.930103356311164,1.9143112558437452,-35.784800587233775,-2050.318044365765,5.9649053918319215,6
1068,35.697695943562614,940.7114782826386,309.67718112404555,1331.5,-6.605075008286569,20.941668348500762,137.5727713002456,21.958608541610523,1.876324164708718,-35.8227876783688,-2052.4945443637807,5.970951225159743,6
1069,35.73112075249853,946.1563174603174,308.30984126984123,1312.5,-5.7359997476469715,21.159915610063063,137.35336583839174,21.923588249417488,1.8355131765168333,-35.863598666560684,-2054.8328417449343,5.977446495662947,6
1070,35.76454556143445,951.4412308505018,306.85565240359216,1262.0,-4.892450960960803,21.392025232902906,137.4834862957078,21.944357360619172,1.7956338903912148,-35.9034779526863,-2057.1177565299267,5.983793481176815,6
1071,35.79797037037037,956.1774172782283,305.73374533281833,1294.5,-4.136486951777915,21.57109786445891,137.60733248881166,21.96412500830144,1.7602569926976703,-35.93885485037985,-2059.144703460033,5.989423889315999,6
1072,35.83139517930629,961.1233574684901,305.1916063287744,1243.0,-3.347043201523363,21.657631108300876,137.297909865734,21.914736672296694,1.724126674936719,-35.9749851681408,-2061.2148181802017,5.995174207983134,6
1073,35.86481998824221,965.7029972752043,304.4131309199429,1284.5,-2.6160663023392794,21.781887068257475,137.44630745106878,21.93842307807371,1.6903266228753135,-36.008785220202206,-2063.151418510643,6.000553653345471,7
1074,35.89824479717813,970.015092375748,303.9925839188134,1281.0,-1.9277934165631727,21.849012465847935,137.41793622882423,21.933894619736886,1.658800947053506,-36.04031089602401,-2064.95770668153,6.005571120486824,7
1075,35.93166960611405,974.4734598992638,303.19876017047653,1290.5,-1.2161733317292924,21.97571824327769,137.89064040148247,22.00934505796884,1.626081619523866,-36.07303022355365,-2066.8323860574847,6.0107785631978095,7
1076,35.965094415049975,979.2322330097087,303.1634951456311,1287.5,-0.45660416057009956,21.981347052441542,137.74493842807183,21.986088910930256,1.5915656865180818,-36.10754615655944,-2068.8100033446726,6.016271944551109,7
1077,35.998519223985895,984.4364889949615,302.951604348979,1257.0,0.3740705350867355,22.015167895136486,137.94703011659482,22.018345673920834,1.5538064703602499,-36.14530537271727,-2070.9734470682383,6.022281510449902,7
1078,36.031944032921814,988.8145703933747,303.24068322981367,1288.0,1.0728757905340438,21.969026715294714,137.80207356676866,21.99520850729192,1.5219992586116524,-36.17711258446587,-2072.7958660595123,6.027343785425663,7
1079,36.06536884185773,994.0516600265604,303.80836653386456,1255.0,1.9087912123544892,21.878416230883843,137.5910432377688,21.96152500770753,1.483771283280744,-36.21534055979677,-2074.986167705303,6.033427956663972,7
1080,36.09879365079365,999.3931126470231,304.32278404268214,1374.5,2.761364479780496,21.796307739528217,137.64745700412803,21.970529462587173,1.4447781199781877,-36.25433372309933,-2077.2203113924043,6.039633911350363,7
1081,36.13221845972957,1004.7577761449913,305.0167768797453,1361.0,3.617642539719093,21.685536422677348,137.7394845071943,21.985218386098673,1.405495711261294,-36.29361613181622,-2079.47102762099,6.045885900874213,7
1082,36.16564326866549,1008.9780192331708,305.4858249032097,1334.5,4.291254512843641,21.610669558855932,138.03639757075902,22.032610015067743,1.3747750821703282,-36.32433676090719,-2081.231190011889,6.050775240848932,7
1083,36.19906807760141,1013.5469961240309,306.97940891472865,1376.0,5.0205294560887666,21.37227189976265,137.54412752882976,21.954036580475112,1.340071029748161,-36.35904081332936,-2083.2195857476804,6.056298562337242,7
1084,36.23249288653733,1019.0307788161992,307.82853582554515,1337.5,5.895820666162463,21.236738935931655,138.08243813092747,22.039958755870302,1.2999925828597678,-36.39911926021775,-2085.5159116038244,6.062677245270975,7
1085,36.265917695473256,1024.1217457886678,309.9696273608984,1306.0,6.708412793151951,20.894989689825607,137.4904203768384,21.94546414048341,1.260137892722008,-36.43897395035551,-2087.79941714252,6.0690203162117955,7
1086,36.299342504409175,1029.010339734121,311.1244460856721,1354.0,7.488703251449236,20.71066388120695,137.97615375322906,22.022994228501187,1.2238366876673772,-36.47527515541014,-2089.8793229833886,6.074797832436431,7
1087,36.332767313345094,1034.0373206904935,312.84524677850715,1371.0,8.291082282734447,20.43599914606376,138.16944063950734,22.053845617419917,1.1853775396425557,-36.51373430343496,-2092.08286984888,6.080918795951685,7
1088,36.366192122281014,1037.8313811615421,314.63616398243045,1366.0,8.89666933226135,20.150142799348462,137.99986384749377,22.026778703245153,1.1550176095148375,-36.54409423356268,-2093.8223657115104,6.085750728903436,7
1089,36.39961693121693,1042.2859270290394,316.51451973194344,1343.0,9.6076794253963,19.85032999325603,138.16532114628663,22.0531880865861,1.120025566905352,-36.57908627617216,-2095.8272620695757,6.0913198854536175,7
1090,36.43304174015285,1047.6843151876708,318.6928908774546,1341.0,10.46934043004629,19.502630380967023,138.67808659328628,22.13503288492745,1.078130850991924,-36.62098099208559,-2098.2276524753147,6.097987636580671,7
1091,36.46646654908877,1051.8253535746724,321.25781756844424,1284.5,11.130310184718866,19.093230900146438,138.46218421098243,22.100571735010913,1.043011406457492,-36.65610043662002,-2100.2398484259816,6.103577069776967,7
1092,36.49989135802469,1056.1222956341494,323.98004922917477,1286.5,11.816164425483654,18.658723265877,138.36781302049704,22.08550872501345,1.0062662172169847,-36.692845625860535,-2102.3451926868725,6.109425248279442,7
1093,36.53331616696061,1061.3394123606888,326.5001266464032,1316.0,12.64889188187795,18.2564823792796,139.1491046688714,22.210214197625028,0.964889298842365,-36.73422254423515,-2104.715915478995,6.116010589368671,7
1094,36.566740975896536,1065.417167167167,328.73360860860856,1332.0,13.2997606597461,17.89998628176493,139.7120626963214,22.300070459393233,0.9317877409486163,-36.7673241021289,-2106.612495041615,6.121278865931505,7
1095,36.600165784832456,1068.5472470238096,331.5050843253968,1344.0,13.799366778212605,17.45761858231143,139.4164524568561,22.252886780036047,0.9019060190230179,-36.7972058240545,-2108.3245915925354,6.126034689684062,7
1096,36.633590593768375,1072.195464501997,334.5523772709702,1293.5,14.381675171952413,16.971226454922927,139.36916502522877,22.245339020474116,0.8678047905386317,-36.83130705253888,-2110.2784480609016,6.131462068762857,7
1097,36.667015402704294,1075.6640614823498,337.5602448873258,1279.5,14.935313530475767,16.491127181583504,139.39250478341242,22.249064384211188,0.8348642956183937,-36.86424754745912,-2112.165799394904,6.136704711357307,7
1098,36.70044021164021,1078.9783281733746,340.83449432404535,1292.0,15.464318537664886,15.968509508267902,139.26820910472202,22.229224992113608,0.8014370554567799,-36.89767478762074,-2114.081039176934,6.142024821862947,7
1099,36.73386502057613,1082.528095601322,344.3613018052377,1311.0,16.030912876263624,15.405579909996533,139.29408194749377,22.233354672870302,0.7655088420639615,-36.93360300101356,-2116.1395741697884,6.147742974620875,7
1100,36.76728982951205,1085.6455170624106,347.68379395354873,1284.5,16.528498531304766,14.875262000589077,139.31417527034867,22.236561858468882,0.7328021764436675,-36.96630966663385,-2118.013528071777,6.152948402126398,7
1101,36.80071463844797,1089.4614684860298,351.3068226120858,1282.5,17.137579694191153,14.296974107600256,139.8253730189577,22.31815642942188,0.6952772353936088,-37.003834607683906,-2120.1635488204224,6.158920681983748,7
1102,36.83413944738389,1092.5922607453576,355.72600960914167,1283.5,17.637299522453134,13.591607802746644,139.5030228866972,22.266704675555584,0.6565661226405244,-37.04254572043699,-2122.381532201429,6.165081746930988,7
1103,36.86756425631982,1095.2758620689656,359.0697492163009,1276.0,18.06564119493603,13.057898490905824,139.65346806220586,22.29071790640603,0.6258665804209766,-37.07324526265654,-2124.140486403593,6.1699677308258885,7
1104,36.900989065255736,1097.6037286790956,362.4736215787386,1260.5,18.437202450450556,12.514591119643747,139.60698942151478,22.283299241601682,0.5963340249069797,-37.10277781817054,-2125.8325771927807,6.174667983018076,7
1105,36.934413874191655,1100.4268482490272,367.1368352788586,1285.0,18.887813257490226,11.770274615592717,139.43023096336378,22.25508602940662,0.557280600950889,-37.14183124212663,-2128.0701735609996,6.180883528485351,7
1106,36.967838683127574,1102.9144976738337,371.7942914623412,1325.5,19.28487816642392,11.02687709465744,139.17800512035794,22.214827128620538,0.5194176192505608,-37.17969422382696,-2130.2395626122097,6.186909609183156,7
1107,37.001263492063494,1105.5688475932377,375.9073428829526,1291.5,19.70855089077024,10.370374465517198,139.52630506366643,22.27042084849614,0.48437672142021876,-37.2147351216573,-2132.2472581682373,6.192486541283233,7
1108,37.03468830099941,1107.9061969993475,380.86679712981083,1277.5,20.08162573798485,9.57877367593135,139.39303014927395,22.249148240218346,0.4450723278539136,-37.2540395152236,-2134.4992340359076,6.1987420298045395,7
1109,37.06811310993533,1109.8832155014402,385.34053417124903,1273.0,20.39718654959509,8.864700393241952,139.33719902732344,22.240236783832295,0.4099771807899689,-37.28913466228755,-2136.510037844063,6.204327595938304,7
1110,37.10153791887125,1112.1199427139277,389.9135935075784,1396.5,20.754200636097636,8.134773832521176,139.6584265665322,22.29150935557453,0.37355440413843527,-37.32555743893908,-2138.596909224343,6.210124460883527,7
1111,37.13496272780717,1113.5337906504064,393.6777184959349,1312.0,20.979871261767773,7.533964919973906,139.6590218672444,22.29160437419762,0.3447625427586485,-37.354349300318866,-2140.2465613657305,6.214706827942937,7
1112,37.1683875367431,1114.9645252837977,397.7113003095975,1292.0,21.208237249053127,6.890146792086721,139.7078916580134,22.299404701216293,0.31412398523111584,-37.384987857846404,-2142.0020214024275,6.21958310582265,7
1113,37.201812345679016,1116.0918705402648,402.5894495412844,1308.0,21.38817789387722,6.111523461512151,139.36209077603738,22.24420986775551,0.278326264136988,-37.42078557894053,-2144.053079737307,6.225280490086205,7
1114,37.235237154614936,1117.5055962948668,406.9305287533771,1295.5,21.61382901754868,5.41862429138185,139.60328779491067,22.282708408337232,0.24563900423035695,-37.45347283884716,-2145.9259217738045,6.230482829076475,7
1115,37.268661963550855,1118.7077420960916,411.54717450833954,1339.0,21.805708913617828,4.681740706422565,139.7281451424786,22.302637450929566,0.21149180839314605,-37.48762003468437,-2147.882411977483,6.235917524086694,7
1116,37.302086772486774,1119.3879843493626,416.39442130506114,1320.5,21.914285437968285,3.9080498524272786,139.4611806846882,22.26002605357428,0.17647820998294486,-37.52263363309457,-2149.8885433919536,6.241490111349112,7
1117,37.33551158142269,1119.5678724231816,421.4067159341371,1285.5,21.94299818219058,3.1080149718702206,138.84713457437186,22.162015393212513,0.14070444098394344,-37.55840740209357,-2151.9382293728722,6.2471836835183305,7
1118,37.36893639035861,1120.32414910859,425.7405456509994,1234.0,22.06371090409823,2.416272926266688,139.05769413538943,22.19562375140272,0.10907876043740165,-37.59003308264012,-2153.7502473924183,6.252217066905958,7
1119,37.40236119929453,1121.62236131566,428.899852724595,1358.0,22.27092439110996,1.912001720299474,140.04272042430838,22.352848225963612,0.08564192705575485,-37.613469916021764,-2155.0930790303382,6.2559471547890695,7
1120,37.43578600823045,1122.0231729055258,433.7407690348866,1309.0,22.33489973098004,1.1393213037045555,140.11220958112648,22.36393970270013,0.050966632807281774,-37.648145210270236,-2157.0798270441496,6.261465899271879,7
1121,37.46921081716638,1121.9077821011674,438.38274967574574,1285.0,22.316481685910073,0.3983939037040167,139.83715789997004,22.320037467263987,0.01785010717563327,-37.681261735901884,-2158.97726419498,6.266736558024185,7
1122,37.5026356261023,1122.383147853736,444.318759936407,1258.0,22.39235695087775,-0.5490793817498986,140.33241627310395,22.399087882835452,-0.02451592630623735,-37.723627769383754,-2161.404659108201,6.2734793216720215,7
1123,37.536060435038216,1122.2824,448.7753333333333,1250.0,22.376276132989965,-1.260413097972609,140.41172281603008,22.41174635670673,-0.056268638560719265,-37.755380481638234,-2163.223955508476,6.278532922783897,7
1124,37.569485243974135,1122.088513791684,453.0975710168794,1214.5,22.345329083586275,-1.9503048870218278,140.52783228580537,22.430279111194935,-0.08705958309022216,-37.78617142616774,-2164.988146677238,6.283433453808235,7
1125,37.602910052910055,1121.378448158717,457.7919554287267,1226.5,22.231992315519413,-2.6995966885122678,140.3086627975834,22.3952964838142,-0.12083687373183875,-37.81994871680936,-2166.92344287439,6.288809276578101,7
1126,37.636334861845974,1120.1268605762664,462.3449405981155,1220.5,22.032220794463164,-3.4263191211960735,139.6931360211994,22.29704948768444,-0.15427821681492376,-37.85339005989244,-2168.8394906942995,6.294131631633406,7
1127,37.66975967078189,1118.8837920489295,467.12315818737835,1199.0,21.8338090380945,-4.188991913039975,139.28574222783962,22.2320235327217,-0.18955464022885973,-37.88866648330638,-2170.8606808722348,6.299746048794337,7
1128,37.70318447971781,1118.0023483906616,472.59828705622317,1206.5,21.69311785290969,-5.062901847466219,139.56184415696467,22.27609340295793,-0.22928327212258534,-37.928395115200104,-2173.136963805574,6.306069056942501,7
1129,37.73660928865373,1116.074309136586,476.3719423509189,1260.5,21.385374839281596,-5.665231935055664,138.60297991278694,22.123044769980304,-0.2589630448879213,-37.95807488796544,-2174.837489521935,6.310792739487949,7
1130,37.77003409758966,1114.9286492374727,481.7828159041394,1224.0,21.202510912003824,-6.528885789669188,138.9909367408169,22.184968303519966,-0.29871590593733743,-37.99782774901485,-2177.115160683636,6.317119603826008,7
1131,37.80345890652558,1113.2383729001804,486.7649590448424,1200.5,20.932718306483473,-7.324108055608753,138.94128654316455,22.177043412250008,-0.33657508598181907,-38.03568692905934,-2179.284331916011,6.323145079471494,7
1132,37.8368837154615,1111.9036373507056,491.5631107491857,1228.0,20.719675164584974,-8.089962621182572,139.354705912419,22.243031136471725,-0.3722451586518354,-38.07135700172935,-2181.3280765349277,6.328822147857373,7
1133,37.870308524397416,1110.0773981062166,495.82859887470835,1214.5,20.42818090817038,-8.770796358134943,139.2821595404667,22.23145168388268,-0.4055475773930009,-38.10465942047052,-2183.236164576374,6.334122392416946,7
1134,37.903733333333335,1108.2714620366542,500.19622433512467,1209.5,20.139927332786993,-9.467932694309646,139.42594743827232,22.254402316708443,-0.4394490068701907,-38.13856084994771,-2185.1785734048776,6.3395179724961235,7
1135,37.937158142269254,1106.132838643969,504.324021533537,1145.5,19.79857203802876,-10.126788963340342,139.32412428723197,22.23814986578348,-0.4727979951754442,-38.17190983825296,-2187.0893296857994,6.344825628832017,7
1136,37.970582951205174,1104.4578770008425,508.4351305812974,1187.0,19.53122387969763,-10.782981561617111,139.7750160464904,22.310118726646113,-0.5044459369993074,-38.20355778007683,-2188.902623182583,6.3498625552119705,7
1137,38.00400776014109,1102.0002775464889,511.8472106577852,1201.0,19.13895538164979,-11.327599003019847,139.33522430018542,22.239921588755607,-0.5344133594961629,-38.23352520257368,-2190.619630014538,6.354632018634068,7
1138,38.03743256907701,1099.904081632653,515.5523809523809,1225.0,18.804372127540685,-11.918997891841135,139.48343628776456,22.263578370440417,-0.5649322436266893,-38.2640440867042,-2192.3682332706653,6.359489249901089,7
1139,38.07085737801294,1097.5594011811563,519.9416288971295,1213.5,18.430127139212157,-12.61958548995279,139.94089916490225,22.336596076970892,-0.6004011702407652,-38.29951301331828,-2194.4004530695115,6.365134304897884,7
1140,38.10428218694886,1093.7366728509585,524.569325912183,1347.5,17.81996428379842,-13.358233016220645,139.52938148249405,22.27091188953651,-0.6432589921982405,-38.34237083527576,-2196.856025386798,6.371955339112569,7
1141,38.13770699588478,1090.4956206206205,529.0232732732733,1332.0,17.302645365844928,-14.069147579057152,139.7161795716871,22.30072757237944,-0.6826906163778463,-38.381802459455365,-2199.1152910316355,6.3782310770148944,7
1142,38.171131804820696,1087.2552920173423,532.5895179801071,1307.0,16.78544194925982,-14.638371930219249,139.53493418059898,22.271798180645455,-0.7171779856261631,-38.41628982870368,-2201.0912717360734,6.383719912305001,7
1143,38.204556613756615,1083.8140049459846,536.0434726018482,1280.5,16.236162648093966,-15.189673156053928,139.29648954033578,22.23373895958813,-0.7521101727440617,-38.45122201582158,-2203.09273862709,6.389279542557825,7
1144,38.237981422692535,1080.0143027413587,539.5008608131373,1258.5,15.629675096106087,-15.741522432553458,138.9781508609743,22.18292749175416,-0.7889634357285861,-38.4880752788061,-2205.2042750573887,6.395144921530876,7
1145,38.271406231628454,1076.2982737856282,543.1338150675766,1245.5,15.03654300756154,-16.321394594528797,139.03508741622701,22.192015391319504,-0.8263489843308451,-38.52546082740836,-2207.3463092070792,6.401095016391127,7
1146,38.30483104056437,1072.8891213389122,546.499860529986,1195.0,14.492392858309028,-16.85866424421114,139.2830848517807,22.23159937698162,-0.8607319343548702,-38.559843777432384,-2209.3163071306653,6.406567232845533,7
1147,38.33825584950029,1068.8781302170285,549.0226766833612,1198.0,13.852180532302308,-17.261342272798025,138.66070144591265,22.13225796339314,-0.8945344958521487,-38.593646338929666,-2211.253051241191,6.411947077596993,7
1148,38.37168065843622,1065.3157824222935,552.2315112540193,1244.0,13.283578184800465,-17.773518785242413,139.01615312432904,22.188993203862854,-0.9289739215127459,-38.62808576459026,-2213.2262849803974,6.417428282428123,7
1149,38.40510546737214,1061.454286875254,554.407964242178,1230.5,12.66722751961282,-18.120912231812525,138.51757131843678,22.109412320246985,-0.9607155031582374,-38.65982734623576,-2215.0449436437543,6.422480112048558,7
1150,38.43853027630806,1057.0086206896551,557.3699712643678,1160.0,11.957634752427898,-18.593691489532194,138.50117453703743,22.10679515624943,-0.9992858166037117,-38.69839765968123,-2217.2548598186763,6.428618768090009,7
1151,38.47195508524398,1052.3730025231287,560.1316232127839,1189.0,11.217722895560687,-19.03449117314907,138.4216249007883,22.094097881159943,-1.038254436682495,-38.73736627976001,-2219.4875972826394,6.434820816601017,7
1152,38.505379894179896,1047.9821067821067,562.8437229437229,1155.0,10.516872285277506,-19.467381604552273,138.6248462662891,22.126534956971874,-1.075484659966781,-38.7745965030443,-2221.620731947159,6.4407461906691275,7
1153,38.538804703115815,1043.672353455818,564.9664625255176,1143.0,9.828973180618638,-19.806201612842155,138.5272370766341,22.110955115369208,-1.1101473156898318,-38.80925915876735,-2223.6067558268046,6.446262923668143,7
1154,38.572229512051734,1039.0424136423262,566.5827138901034,1143.5,9.08996767120864,-20.06417875965943,138.002679900431,22.027228186115178,-1.1454134025938434,-38.84452524567136,-2225.6273537663465,6.451875695722426,7
1155,38.605654320987654,1034.623519458545,568.3052735476592,1182.0,8.384648103598249,-20.33912425106985,137.82957229935374,21.99959770363157,-1.179780963474836,-38.87889280655235,-2227.596469956986,6.457345462918646,7
1156,38.63907912992357,1030.8608957795004,569.8883146712603,1161.0,7.784078821780013,-20.59180056201341,137.919510564718,22.01395315452043,-1.209382046497934,-38.90849388957545,-2229.292487083226,6.462056621602647,7
1157,38.6725039388595,1026.7591933570582,570.8204824041123,1264.5,7.129387657261585,-20.740588044793306,137.40428612718028,21.93171586564391,-1.2397084205259332,-38.93882026360345,-2231.0300603229657,6.466883213935256,7
1158,38.70592874779542,1021.6145581520278,571.986032769272,1241.0,6.308229302385531,-20.926626778782428,136.93460992325257,21.856748735114497,-1.2780142715960563,-38.977126114673574,-2233.2248239199403,6.472979779482408,7
1159,38.73935355673134,1016.2921059745876,573.4794539064612,1233.0,5.458688781094567,-21.164998440771665,136.9399094201365,21.857594611638188,-1.318385860028076,-39.01749770310559,-2235.537945549334,6.479405117341835,7
1160,38.77277836566726,1011.595358649789,575.1448663853727,1185.0,4.709019824444534,-21.430822414070253,137.4692387335982,21.942083243175144,-1.3545024492934472,-39.053614292370966,-2237.607273684647,6.485153251051039,7
1161,38.806203174603176,1006.672963723477,575.9200547570157,1217.5,3.923334239626327,-21.55455371524298,137.26011838317362,21.908704603858244,-1.3907486247809542,-39.08986046785847,-2239.684026563572,6.4909220090480515,7
1162,38.839627983539096,1001.5382161187404,576.4572062699403,1201.5,3.103754089086884,-21.640290883204106,136.96585246289146,21.86173549732981,-1.4283430261645969,-39.127454869242115,-2241.8380270961757,6.49690534386084,7
1163,38.873052792475015,996.6535680174647,577.2840769545641,1221.5,2.3240934447189465,-21.772271430710553,137.18029358311404,21.895963408635858,-1.4644534524683674,-39.16356529554589,-2243.9070021198,6.502652496704241,7
1164,38.906477601410934,993.0410903173312,577.5740439381611,1229.0,1.7474896376370348,-21.818554364627058,137.13304836582304,21.888422387093943,-1.4908750187320086,-39.18998686180952,-2245.4208463548316,6.506857619579328,7
1165,38.93990241034685,987.3282504012841,577.7850454788656,1246.0,0.8356375742400909,-21.852233269182197,137.00638438134024,21.868204979061154,-1.532574576365305,-39.23168641944282,-2247.810055014782,6.513494310301413,7
1166,38.97332721928278,982.8065040650406,578.0855013550135,1230.0,0.11390131216149704,-21.900190382395827,137.20863166099343,21.900486576651552,-1.565595445743525,-39.26470728882104,-2249.7020114660068,6.518749744888148,7
1167,39.0067520282187,977.9114713216958,577.7643391521196,1203.0,-0.6674168716154895,-21.84892823927655,136.9494637317116,21.859119618263986,-1.6013337238123855,-39.300445566889906,-2251.7496639664178,6.5244376685004015,7
1168,39.04017683715462,972.9003563596491,577.6115679824561,1216.0,-1.467263460214336,-21.82454374604159,137.04150149753553,21.873810179860374,-1.6379252821607442,-39.33703712523826,-2253.846205825585,6.530261395886977,7
1169,39.07360164609054,968.1428372933166,577.430735028484,1199.5,-2.2266324677546945,-21.795680185249974,137.26272484143362,21.909120632379516,-1.672602486937203,-39.37171433001472,-2255.833063304587,6.5357804444397605,7
1170,39.10702645502646,963.6849692866991,577.5721449166354,1329.5,-2.9381728224506483,-21.818251253263504,137.92731025275202,22.01519809779421,-1.7046568473291641,-39.40376869040668,-2257.6696428700375,6.540882054343789,7
1171,39.140451263962376,959.7307359307358,576.5574520717378,1347.5,-3.569325786261171,-21.65629156632479,137.50921178700634,21.948463521944745,-1.734144825538762,-39.43325666861628,-2259.3591795678217,6.545575211837634,7
1172,39.173876072898295,955.3784977908689,576.2702503681885,1358.0,-4.264006083023022,-21.610450011189155,138.00190000463863,22.02710370344142,-1.7656061616677226,-39.46471800474524,-2261.1617813458533,6.550582438998833,7
1173,39.207300881834215,950.5478970495919,574.6682988072819,1327.5,-5.035039985269672,-21.354755320327698,137.45812913192614,21.940309989704534,-1.8023480373776326,-39.50145988045515,-2263.2669357554255,6.5564300901365336,7
1174,39.240725690770134,946.3230354296921,573.1411057987004,1359.5,-5.7093891430065895,-21.110993178110355,137.01394306276504,21.869411454186494,-1.8349240523343535,-39.53403589541187,-2265.1334039258004,6.561614723943131,7
1175,39.27415049970606,941.5175471937159,572.2215887495249,1315.5,-6.476414725378701,-20.96422492782836,137.46747664875133,21.941801988890568,-1.870422757773684,-39.5695346008512,-2267.167329925652,6.567264518387163,7
1176,39.30757530864198,937.1072539504789,570.5004354858778,1339.5,-7.180361458199791,-20.689503917272727,137.20603564454768,21.900072214795195,-1.904843652167929,-39.603955495245444,-2269.139501901508,6.572742773875652,7
1177,39.3410001175779,932.9417451349653,568.8168236032642,1327.5,-7.84523704798394,-20.42077505532641,137.05470860263827,21.875918225283737,-1.937590130851996,-39.63670197392951,-2271.01573692402,6.5779545378270745,7
1178,39.37442492651382,928.8640915593704,567.1305761477435,1281.5,-8.496089667935689,-20.15162551773909,137.0139993986031,21.869420446202888,-1.9697905473770678,-39.66890239045458,-2272.86068488947,6.583079393286658,7
1179,39.40784973544974,924.9905474596297,565.4130235000656,1269.5,-9.114363456789128,-19.87747921768635,137.00171621737132,21.867459872422444,-2.0007187457933187,-39.69983058887084,-2274.632740126665,6.588001768945532,7
1180,39.44127454438566,921.2645502645502,563.8469576719576,1260.0,-9.709086620832457,-19.627512409975797,137.19065007644392,21.89761645509807,-2.0301686025632057,-39.729280445640725,-2276.320092626844,6.5926888592238075,7
1181,39.474699353321576,916.8227642276423,561.0676151761518,1230.0,-10.418060060040021,-19.18388905855499,136.76827136229423,21.830198689557243,-2.0682980186249615,-39.767409861702475,-2278.504747242481,6.598757344267243,7
1182,39.508124162257495,913.0321522309711,558.955249343832,1270.0,-11.023096683067534,-18.846724851058198,136.7898117642424,21.833636849955834,-2.1000249468644077,-39.799136789941926,-2280.3225663275157,6.603806841725673,7
1183,39.541548971193414,908.9513094330027,556.0816170861938,1311.0,-11.674458349140748,-18.388051486833337,136.46024603947407,21.78103338292873,-2.1364786106431746,-39.83559045372069,-2282.4112074098275,6.609608622509873,7
1184,39.57497378012934,905.1552546744035,553.5833655705997,1292.5,-12.280363715869731,-17.989294330523013,136.4614869522224,21.78123145059152,-2.169781778535445,-39.86889362161296,-2284.3193383744706,6.614908986300548,7
1185,39.60839858906526,901.5212189900516,551.0661125802795,1323.5,-12.860408489735427,-17.58750426340281,136.50295352933944,21.787850117395042,-2.202172226439115,-39.901284069516635,-2286.175174335889,6.620064086193377,7
1186,39.64182339800118,898.0207293666027,548.2264875239923,1302.5,-13.419137376409717,-17.134258941478787,136.35128223210197,21.76364117974293,-2.235194105888465,-39.934305948965985,-2288.0671886599266,6.625319681537926,7
1187,39.6752482069371,894.3996436298842,545.9560901107293,1309.5,-13.997115150911888,-16.77187060285237,136.8625590016605,21.845248363584947,-2.2662574970452876,-39.965369340122805,-2289.8469898705766,6.6302635737897315,7
1188,39.70867301587302,890.0491824894514,542.6071993670886,1264.0,-14.691511812804835,-16.237339094958717,137.18866072298624,21.897298925448744,-2.306255937739804,-40.00536778081732,-2292.138731709477,6.636629523342232,7
1189,39.74209782480894,887.0797642436149,539.3111984282908,1272.5,-15.16547400925091,-15.711249566603685,136.80806995088815,21.83655112121347,-2.338520376354584,-40.0376322194321,-2293.987347870462,6.6417645682338575,7
1190,39.775522633744856,883.1864659614862,535.2435584486032,1229.0,-15.786900851968277,-15.061995261714891,136.70115110360965,21.81948532330216,-2.3796887573692183,-40.07880060044673,-2296.3461223519876,6.648316719571429,7
1191,39.808947442680775,880.1194993944288,531.911048311129,1238.5,-16.27643317453261,-14.530078336017157,136.69476419134708,21.818465879520968,-2.412821732531304,-40.11193357560882,-2298.244501991487,6.653589996347816,7
1192,39.842372251616695,877.030303030303,528.0661408606613,1204.5,-16.76951369495012,-13.916375371501896,136.5276346296298,21.791789578776317,-2.4489067739368586,-40.14801861701437,-2300.31202256758,6.659333109059185,7
1193,39.87579706055262,873.660181056614,523.3368463721118,1233.5,-17.307434014925423,-13.16151141571656,136.22406755973796,21.743335873941582,-2.491434342165164,-40.19054618524268,-2302.7486727400164,6.6661015817603975,7
1194,39.90922186948854,871.4318091451293,519.4056991385023,1257.5,-17.66311447427026,-12.534043331687984,135.69216252641556,21.65843612017746,-2.5244415571179317,-40.22355340019545,-2304.639846850291,6.671354843177827,7
1195,39.94264667842446,868.5405296950241,515.2813001605136,1246.0,-18.124604586224905,-11.875729467897191,135.75670988502893,21.668738814284655,-2.561551719862086,-40.260663562939605,-2306.766102552575,6.677261109017504,7
1196,39.97607148736038,866.4264475743349,512.0860719874804,1278.0,-18.462042738224604,-11.365724733750813,135.82788659533054,21.680099649019763,-2.5897621680263843,-40.2888740111039,-2308.3824421705617,6.68175094128969,7
1197,40.0094962962963,864.4676939713435,507.87226277372264,1233.0,-18.774688207172,-10.693139700248816,135.36551813904734,21.606298940946846,-2.623863194407095,-40.32297503748461,-2310.3362870592405,6.687178288202687,7
1198,40.04292110523222,862.5012427506214,503.45816072908036,1207.0,-19.08856232749316,-9.98858502751141,134.97537024745483,21.54402568190115,-2.659498167399143,-40.35861001047666,-2312.3780206147476,6.692849770301318,7
1199,40.07634591416814,860.2236338797813,499.12062841530053,1220.0,-19.452101719285483,-9.296251993767346,135.0712318071421,21.559326576427488,-2.695776963628841,-40.39488880670636,-2314.456642524525,6.698623720050699,7
1200,40.109770723104056,858.3107218287986,495.16797117654363,1341.5,-19.75743021201742,-8.665350601110214,135.16416024885646,21.574159302807143,-2.7282702703333825,-40.4273821134109,-2316.318371861119,6.703795190430127,7
1201,40.143195532039975,855.874644930221,490.6993948375941,1349.5,-20.146263398174437,-7.952101041347075,135.69505296518594,21.65889747610474,-2.76564764769666,-40.46475949077418,-2318.459937833303,6.709743984797304,7
1202,40.1766203409759,854.2436625047295,486.37987135830497,1321.5,-20.40659183585236,-7.26264247864211,135.70476115280758,21.66044704357814,-2.799674173589414,-40.498786016666934,-2320.4095141584503,6.71515947458938,7
1203,40.21004514991182,852.5520596411421,481.3880464998736,1319.0,-20.67659617419861,-6.465874870207818,135.7270599757139,21.664006258955652,-2.8385122294096887,-40.537624072487205,-2322.634770841445,6.721340743153255,7
1204,40.24346995884774,851.0058184639255,476.7119213860874,1289.0,-20.92339868025061,-5.7194975173730125,135.89643585280697,21.69104110419666,-2.8747572345592993,-40.573869077636814,-2324.711456664948,6.727109314885207,7
1205,40.27689476778366,850.0492957746479,471.6880542514345,1278.0,-21.076073567123206,-4.917615497171907,135.5902967068425,21.642176858736157,-2.9123667950408616,-40.61147863811838,-2326.8663257498833,6.733095062343361,7
1206,40.31031957671958,848.7018323901912,466.9341147938561,1237.0,-21.291148255986343,-4.158817847078384,135.9119591440467,21.693518846502705,-2.948690676491829,-40.647802519569346,-2328.9475308525575,6.738876187628567,7
1207,40.3437443856555,848.1693657219972,461.8851551956815,1235.0,-21.37613765481737,-3.352930705961194,135.56099561265,21.6374999793571,-2.9860064515561318,-40.68511829463365,-2331.0855672730013,6.744815177685355,7
1208,40.37716919459142,847.3611561318206,457.36480280929226,1234.0,-21.50513962114057,-2.63141693848591,135.73663455964532,21.665534501343384,-3.0198356810793765,-40.718947524156896,-2333.023839348863,6.750199266784971,7
1209,40.410594003527336,847.010993485342,452.7555646036916,1228.0,-21.561030655443687,-1.8957157057839156,135.60302793611768,21.64420894747919,-3.053894930401022,-40.75300677347854,-2334.975290588377,6.75561996467251,7
1210,40.444018812463256,846.2083498480644,447.1874752279033,1261.5,-21.689144215000688,-1.0069679269026335,136.03092187041588,21.71250702210384,-3.095198690445036,-40.794310533522555,-2337.34182171692,6.762193662251796,7
1211,40.47744362139918,846.469298245614,442.00252525252523,1254.0,-21.647493068068073,-0.17937475027992275,135.62825918099642,21.648236219911617,-3.1333066758758443,-40.83241851895336,-2339.525248447851,6.768258736504382,7
1212,40.5108684303351,846.4462409054163,436.62193478846666,1237.0,-21.65117335380069,0.6794454843225166,135.71343632524093,21.661831726852995,3.1102214864720437,-40.87207566378506,-2341.797435474247,6.7745703671332596,7
1213,40.54429323927102,846.404667721519,431.24828586497887,1264.0,-21.657809036591704,1.5371577484259336,136.029563528563,21.71229021105372,3.070736713453299,-40.9115604368038,-2344.0597463232525,6.780854563936053,7
1214,40.57771804820694,847.0784002118924,426.55502582439414,1258.5,-21.550271564764625,2.2862700839640873,135.77217656652059,21.6712075208543,3.0358979232229353,-40.94639922703417,-2346.0558619667945,6.786399329612559,7
1215,40.61114285714286,847.6810732223103,421.36584721120795,1261.0,-21.454076216010048,3.114538212478915,135.8208084129093,21.67896986850066,2.997427455545088,-40.98486969471202,-2348.260057400629,6.792522094706544,7
1216,40.64456766607878,848.758087201125,417.81536887865997,1303.5,-21.282169172696793,3.6812460217571017,135.3147852961825,21.598201243807047,2.9703141843495757,-41.01198296590753,-2349.8135334089257,6.796837305840701,7
1217,40.6779924750147,849.464309102816,413.87871643745905,1272.5,-21.169445919859953,4.309592816720242,135.3489712065239,21.603657810653313,2.9407609318600523,-41.04153621839705,-2351.5068100474596,6.80154085205885,7
1218,40.71141728395062,850.6414043269853,408.7636999611349,1286.5,-20.98156445901969,5.126023593144458,135.31766687746082,21.598661185950203,2.901975621894241,-41.08032152836286,-2353.7290446156076,6.807713725859262,7
1219,40.744842092886536,851.5426509186351,403.9038057742782,1270.0,-20.837712438605646,5.901733153940688,135.68534412072557,21.657347803790362,2.865597161671248,-41.11669998858586,-2355.81337685157,6.813503537625824,7
1220,40.77826690182246,852.839243498818,399.25676385605465,1269.0,-20.630757467523072,6.6434684071764005,135.78989575888176,21.674035760810906,2.83006053210815,-41.152236618148955,-2357.849475743655,6.819159367881616,7
1221,40.81169171075838,854.5051395007341,394.6435722867441,1248.5,-20.364856316943822,7.3798006540340895,135.70676621274055,21.660767080208604,2.793932426028485,-41.18836472422862,-2359.919463743821,6.824909334548743,7
1222,40.8451165196943,856.0544332210999,390.25925925925924,1188.0,-20.11756658075584,8.079600567814346,135.82350988980025,21.67940106337281,2.759691212583592,-41.222605937673514,-2361.88134075962,6.830358992925962,7
1223,40.87854132863022,857.2247681396617,385.55264593562464,1222.0,-19.930764162687296,8.830844280895207,136.57608062137058,21.799522261326732,2.7245115830915667,-41.257785567165534,-2363.8969850543467,6.835958004855759,7
1224,40.91196613756614,859.1618251757527,381.2797453243136,1256.5,-19.621581780328626,9.51286115803011,136.61657275816333,21.805985393329102,2.690165684083827,-41.292131466173274,-2365.8648601110726,6.841424324457776,7
1225,40.94539094650206,860.940098943709,377.3574007220217,1246.5,-19.337743509271732,10.138924214498271,136.79532249232062,21.83451644204012,2.658688667350932,-41.323608482906174,-2367.6683603215306,6.846434047264603,7
1226,40.97881575543798,863.6815650236703,373.0983013088276,1197.0,-18.90016578287272,10.818738220352818,136.4383761833493,21.777542636867818,2.621703246964561,-41.36059390329254,-2369.7874688131865,6.852320459741425,7
1227,41.0122405643739,866.1066395663955,369.79281842818426,1230.0,-18.513088732198856,11.346341204075753,136.0368300373528,21.713450051191206,2.5917548082109523,-41.39054234204615,-2371.5033879567745,6.857086901806948,7
1228,41.04566537330982,868.8853451756156,365.2182747947786,1238.5,-18.069567037109383,12.076504680126133,136.16333792087863,21.73364254324844,2.552436681572606,-41.429860468684495,-2373.7561506715124,6.863344576014553,7
1229,41.07909018224574,871.2297367735209,361.4912692207454,1279.0,-17.69536815400124,12.671388796067832,136.35618611055014,21.764423909829425,2.520152721526925,-41.46214442873018,-2375.605885328099,6.868482727838404,7
1230,41.11251499118166,874.0201760821717,357.63340670090486,1363.0,-17.249973590392017,13.287159577450485,136.41663044940157,21.774071702505623,2.485243639827547,-41.49705351042956,-2377.606028376151,6.87403868074966,7
1231,41.14593980011758,877.0799607554574,354.20051508462103,1359.0,-16.76158760218172,13.835098842286815,136.16471593518503,21.733862494307306,2.4515516527163475,-41.53074549754076,-2379.5364370410316,6.8794009270409955,7
1232,41.1793646090535,879.8028134556574,351.30776758409786,1362.5,-16.326980841010414,14.296823276368904,135.9640341944168,21.701830779416856,2.4223910774860173,-41.559906072771085,-2381.2072149299033,6.884041976732306,7
1233,41.21278941798942,883.3487141626676,347.4209425372216,1354.5,-15.761003687124889,14.917216896904558,135.95871324983048,21.700981479528963,2.3836919818217437,-41.59860516843536,-2383.424509782439,6.89020112910046,7
1234,41.24621422692534,886.0708052854649,344.09997506856143,1337.0,-15.326518484746833,15.447291445338124,136.33183588205324,21.760537260382673,2.35226997318183,-41.63002717707528,-2385.22485826133,6.89520209709738,7
1235,41.27963903586126,889.6126830479027,340.5970464135021,1343.0,-14.761183451131291,16.006409636813423,136.41483036278566,21.773784382587838,2.3157445608460554,-41.66655258941105,-2387.3176102331445,6.901015297019087,7
1236,41.31306384479718,893.1126314455846,337.50753832509815,1315.5,-14.202540951934962,16.499539912944456,136.3931478251168,21.77032353526784,2.281517872338492,-41.70077927791861,-2389.278655031337,6.906462643680733,7
1237,41.3464886537331,896.4040325707639,334.6064366033346,1289.5,-13.67718562051191,16.962597801838523,136.51513330646833,21.78979418638173,2.2493756263801274,-41.732921523876975,-2391.1202700688227,6.911578241007081,7
1238,41.37991346266902,899.7717788210746,331.1670579029734,1278.0,-13.139644500426057,17.51157249932977,137.16201085256134,21.893045219814887,2.214515408955196,-41.76778174130191,-2393.11761340018,6.917126416927518,7
1239,41.41333827160494,902.5972599198655,329.1876696393951,1289.5,-12.688656759147943,17.82751155922495,137.09284796823076,21.882005820896993,2.189361966912247,-41.79293518334486,-2394.558799469468,6.921129711564429,7
1240,41.44676308054086,905.9224115672605,326.60676478182285,1291.0,-12.157914355134825,18.239461387050138,137.33180446214624,21.920146741217003,2.15873339279233,-41.823563757464775,-2396.3136874990428,6.92600440053547,7
1241,41.48018788947678,910.8325520833332,323.9747395833333,1280.0,-11.374184751829597,18.65957076232143,136.9108443306019,21.85295540202363,2.1182178207380855,-41.864079329519015,-2398.6350587823085,6.932452654100098,7
1242,41.5136126984127,915.6277325054973,320.9827965334368,1288.5,-10.60880444596301,19.13712824401296,137.08629561169332,21.880959969811265,2.076978625490264,-41.90531852476684,-2400.997890620525,6.939016075872922,7
1243,41.54703750734862,919.6090599633411,318.38125163655405,1273.0,-9.97332687073878,19.55237252130819,137.51313220093718,21.949089276838066,2.0424775182626282,-41.939819631994474,-2402.9746584531968,6.944507097630343,7
1244,41.58046231628454,923.8502923976608,316.1526965562053,1282.5,-9.296364693710641,19.908082217058926,137.65458140623116,21.971666620437503,2.0076679075994734,-41.97462924265763,-2404.9691022306893,6.950047219234489,7
1245,41.61388712522046,928.1022222222222,313.94392156862745,1275.0,-8.617695058131567,20.260634723273036,137.93997922409943,22.01722024926949,1.972956455305533,-42.00934069495157,-2406.9579219479015,6.955571718448967,7
1246,41.64731193415638,932.3229495268139,312.01629863301787,1268.0,-7.944005797048469,20.56831128643903,138.13968708263315,22.049096518438006,1.9393720079804504,-42.04292514227665,-2408.882169036908,6.960916849251763,7
1247,41.680736743092304,935.7242297451503,310.6140484341321,1314.5,-7.401112169560429,20.792130745069603,138.2712543546412,22.070096562237424,1.9127684901000812,-42.06952866015702,-2410.406438331654,6.9651509306260575,7
1248,41.71416155202822,940.3922408200336,308.9156610873232,1284.5,-6.6560299349548755,21.06321798528524,138.3950701407095,22.089859356516037,1.8768689124049134,-42.10542823785219,-2412.463332619889,6.970864525871155,7
1249,41.74758636096414,945.1666666666666,307.6765873015873,1260.0,-5.893962360199447,21.26099212298699,138.22574437537403,22.062832509837957,1.841224848967974,-42.14107230128913,-2414.5055870195224,6.9765374547590255,7
1250,41.78101116990006,950.9092827004218,306.3608913502109,1264.0,-4.977357596784453,21.470996269032742,138.08499467317208,22.040366817071938,1.7985904302611961,-42.18370671999591,-2416.948359273415,6.98332293324206,7
1251,41.81443597883598,955.9176298658163,305.0556662681015,1254.5,-4.177952788653033,21.679329112558744,138.32226224265503,22.078238160570027,1.7611782953510513,-42.22111885490605,-2419.09191670634,6.989277259444629,7
1252,41.8478607877719,961.0924267100977,304.1748099891422,1228.0,-3.3519801989321856,21.8199265434913,138.30755736683167,22.075891049228108,1.7232248608788476,-42.25907228937825,-2421.2664883196235,6.995317736148195,7
1253,41.88128559670782,965.6776255707762,302.8776255707762,1277.5,-2.6201159941518792,22.026975980527133,138.9739717806357,22.182260449952565,1.6891903523276046,-42.2931067979295,-2423.2165220174115,7.000734496419828,8
1254,41.91471040564374,969.895285935085,302.13897475528074,1294.0,-1.9469162611960142,22.1448753580937,139.27490882744627,22.230294364978956,1.658488091789305,-42.3238090584678,-2424.9756319677676,7.005620912948595,8
1255,41.94813521457966,974.7374057913527,301.53669178897263,1260.5,-1.1740437412168245,22.24100845015431,139.5360370740245,22.27197421842361,1.6235347208771187,-42.358762429379986,-2426.978312600791,7.011183914706994,8
1256,41.981560023515584,979.7668460158851,301.32859338970025,1301.0,-0.3712721750839532,22.274223971253218,139.56951627217452,22.27731798375969,1.587463026282959,-42.39483412397414,-2429.045068460921,7.016924903207355,8
1257,42.0149848324515,984.5053847151938,301.47904502400417,1284.5,0.3850672907417724,22.250209709485418,139.4205542893515,22.253541491962093,1.5534918222802183,-42.42880532797689,-2430.9914750752564,7.022331588247175,8
1258,42.04840964138742,989.2683471182879,301.42812130760143,1269.5,1.145305133735381,22.25833787280875,139.63508869771508,22.287784293407743,1.5193865601570393,-42.462910590100066,-2432.9455626541016,7.027759609299523,8
1259,42.08183445032334,994.078431372549,301.7156862745098,1258.0,1.9130643072492022,22.212438335575175,139.67821726722735,22.29466823828963,1.4848825217120976,-42.49741462854501,-2434.922498433154,7.033251097574668,8
1260,42.11525925925926,999.4076535006766,303.2603666789713,1354.5,2.7636854108064473,21.96588495147971,138.70332832293053,22.13906183088044,1.445636818334081,-42.536660331923024,-2437.171111600737,7.039497245262399,8
1261,42.14868406819518,1004.0732640133858,304.05999760965693,1394.5,3.508384480890688,21.83825226356672,138.57308759017872,22.118273521975706,1.4115042621320009,-42.570792888125105,-2439.126763015109,7.044929610302322,8
1262,42.1821088771311,1008.7114118507681,304.40721775176786,1367.0,4.248700109896354,21.782830895614946,139.04322165027725,22.19331373298702,1.3781666971137503,-42.604130453143355,-2441.0368647898977,7.050235448565624,8
1263,42.21553368606702,1013.419872947381,304.9452235406928,1390.5,5.000238754329705,21.696957372820673,139.49658082384596,22.26567642894098,1.344292934091009,-42.638004216166095,-2442.977688447327,7.055626625391816,8
1264,42.24895849500294,1018.5023702594809,306.05451596806387,1336.0,5.8114790007489505,21.519898221212443,139.65391816195861,22.29078974885117,1.3070365698960553,-42.67526058036105,-2445.1123208757003,7.061556159915075,8
1265,42.282383303938865,1022.5592832634388,307.5214131401703,1311.5,6.459021124814033,21.285760168539348,139.3617622587555,22.24415743163517,1.2761835508060515,-42.70611359945105,-2446.880068654794,7.066466570412557,8
1266,42.315808112874784,1028.0378259746965,308.8190033565711,1291.0,7.333475957976107,21.078645960254747,139.82384011604609,22.317911755896368,1.2359844552512587,-42.74631269500585,-2449.1833071703268,7.0728644551779265,8
1267,42.3492329218107,1032.6064447966191,310.10010565240356,1262.0,8.062693748228286,20.874163463100217,140.19509774972724,22.37716985594799,1.2021972987387632,-42.780099851518344,-2451.119168640241,7.07824184814991,8
1268,42.38265773074662,1036.9420567920183,312.5030698388335,1303.0,8.754720271322041,20.490615545800754,139.60207294525918,22.282514500722506,1.1670171295664515,-42.81528002069065,-2453.1348438563705,7.083840945972492,8
1269,42.41608253968254,1041.3394843606857,314.3638267242507,1273.5,9.456613455982197,20.1936117735295,139.70031195814215,22.298194871242217,1.132830997108143,-42.84946615314896,-2455.0935649641065,7.089281837938425,8
1270,42.44950734861846,1046.147843137255,316.4471895424836,1275.0,10.224097218244058,19.86107686750598,139.9508580095374,22.338185652937145,1.0953942714155311,-42.886902878841575,-2457.2385313450823,7.09524007788558,8
1271,42.48293215755438,1050.9147345749398,319.135309768149,1315.5,10.984962192113256,19.432013912749127,139.84957615637504,22.322019601000115,1.0562806641928484,-42.926016486064256,-2459.4795759604744,7.101465201817225,8
1272,42.5163569664903,1055.757541619727,322.3186881962699,1331.5,11.757944397341573,18.923900569663562,139.58137991641726,22.279211593355114,1.0148420962464593,-42.96745505401064,-2461.8538310128683,7.108060354740542,8
1273,42.54978177542622,1059.724000992802,324.98858277488205,1343.0,12.391048810710355,18.497746692373685,139.48875495830728,22.264427307357987,0.9805806804566692,-43.001716469800435,-2463.8168655377663,7.113513228420814,8
1274,42.583206584362145,1063.905867665418,327.7915106117353,1335.0,13.058535351610027,18.0503587786308,139.57822027477727,22.2787072687475,0.9445047403670908,-43.03779240989001,-2465.8838646468657,7.119254892612757,8
1275,42.616631393298064,1067.5971740526654,331.02389210019265,1297.5,13.647721359848605,17.534423836771733,139.20871028019636,22.21972811722989,0.909403730189311,-43.07289342006779,-2467.8950043866985,7.12484139189007,8
1276,42.65005620223398,1071.2836988585352,333.466204950622,1299.5,14.23614415838597,17.14459530230339,139.61535687938013,22.284634809170882,0.8778168224941351,-43.10448032776297,-2469.7048008855018,7.129868604386745,8
1277,42.6834810111699,1074.4752312175344,336.5779804890409,1315.5,14.745558987038342,16.647910818363087,139.3310454525679,22.239254584099665,0.8459212109984431,-43.13637593925866,-2471.5322848091937,7.134944948619223,8
1278,42.71690582010582,1078.239658902889,339.8737431589665,1309.5,15.346416214414372,16.12185932117398,139.44965181222742,22.258185878408074,0.8100352365451567,-43.17226191371195,-2473.588399689081,7.140656378841133,8
1279,42.75033062904174,1082.3002140788312,342.91537589724214,1323.5,15.994539681924739,15.63637064492004,140.13680221151552,22.367865043002702,0.7740752603748919,-43.20822188988221,-2475.6487545550285,7.146379586802098,8
1280,42.78375543797766,1085.5597701149425,346.45862068965516,1305.0,16.51481207550908,15.070817413504118,140.07337030491283,22.357740391205898,0.7397131494026291,-43.24258400085447,-2477.6175584888992,7.151848486618405,8
1281,42.81718024691358,1089.1213297115507,350.26982279135945,1288.5,17.083288615164264,14.462494311241088,140.2321563392296,22.383084944030433,0.7025094467369889,-43.279787703520114,-2479.7491736338998,7.157769639798962,8
1282,42.8506050558495,1091.819756917507,354.23997931212824,1289.0,17.513996713384564,13.828799779506895,139.80792222824618,22.315371030259282,0.6683583659839185,-43.313938784273184,-2481.7058864268615,7.163204953112745,8
1283,42.884029864785425,1094.5566097406704,358.1729285262492,1317.5,17.9508380971253,13.201044073267347,139.6006250063437,22.28228338868241,0.6340913597945521,-43.34820579046255,-2483.6692412580605,7.168658716532742,8
1284,42.917454673721345,1097.4882128276042,360.87290925852756,1265.5,18.418764446045493,12.770088009726269,140.41726563108512,22.412631070337643,0.6062283017254655,-43.37606884853164,-2485.2656768897473,7.173093259954094,8
1285,42.950879482657264,1099.8826571201273,364.8431450543622,1257.0,18.800952464773832,12.136380824542403,140.19927247357316,22.37783620239021,0.5732190100132706,-43.409078140243835,-2487.1569699895726,7.178346851898054,8
1286,42.98430429159318,1103.015231878145,369.88195294437645,1225.5,19.30095680566565,11.332114043205827,140.22393404094058,22.381772546033833,0.5309003281853542,-43.45139682207175,-2489.581651852869,7.185082079296099,8
1287,43.0177291005291,1104.930572982016,374.0941028858218,1195.5,19.606673010449878,10.659793853617543,139.81873742222285,22.317097291994006,0.49797954908387815,-43.484317601173224,-2491.467873553666,7.190321584020535,8
1288,43.05115390946502,1108.305864579041,378.81293778327154,1213.5,20.145418477248,9.906599400192993,140.64805024125673,22.449467639553266,0.45702944579255284,-43.525267704464554,-2493.814141642884,7.196838995379474,8
1289,43.08457871840094,1110.4565872363735,383.64379622021363,1217.0,20.48870499003376,9.135524365982656,140.54562579174058,22.4331192126752,0.4194232916340273,-43.56287385862308,-2495.9688155598856,7.2028242007044785,8
1290,43.11800352733686,1111.9323905222675,388.76020344870363,1343.5,20.72426458756955,8.318871605352559,139.90937508003535,22.331564376055933,0.38171899903614936,-43.60057815122095,-2498.12911239527,7.208825025247213,8
1291,43.15142833627278,1113.8605098605096,392.5473785473785,1386.0,21.032020383791508,7.7143835610662235,140.35177838948886,22.40217835728192,0.35155555193077753,-43.630741598326324,-2499.857350609974,7.213625686954725,8
1292,43.184853145208706,1115.3592268417215,396.3512035010941,1371.0,21.271237339254817,7.107237958560638,140.50841139279734,22.427179255147394,0.3224622838351344,-43.65983486642197,-2501.524272084097,7.2182560243828435,8
1293,43.218277954144625,1116.3061199359684,401.393547592661,1353.5,21.422375203170805,6.302406748195816,139.90091945800103,22.330214736207346,0.2861248287789039,-43.6961723214782,-2503.6062548970654,7.2240393099744225,8
1294,43.251702763080544,1118.0138993238168,406.0792637114951,1331.0,21.694961549282503,5.554498531925045,140.30509676832725,22.39472729385209,0.2506431532562361,-43.73165399700087,-2505.639205154567,7.229686394023038,8
1295,43.285127572016464,1118.6876270325201,410.9159044715447,1312.0,21.802498257885738,4.782500555126733,139.84237439853956,22.32087009605356,0.21593559152239947,-43.7663615587347,-2507.6278019591055,7.235210274035645,8
1296,43.31855238095238,1119.6405606995884,415.22029320987656,1296.0,21.954600284787592,4.095457716470351,139.9203833972308,22.33332146305587,0.184422443021883,-43.79787470723522,-2509.4333723673544,7.240225747391892,8
1297,43.3519771898883,1120.5311067452521,419.9100196463654,1272.5,22.096744342948142,3.3469093953686957,140.0172249724074,22.348778782260517,0.15032355246131562,-43.83197359779579,-2511.3870948825534,7.245652754378556,8
1298,43.38540199882422,1121.2797431865827,423.69182389937106,1272.0,22.21623757114868,2.743278615906448,140.24395344714756,22.38496793346392,0.12285888058867814,-43.85943826966842,-2512.960704666567,7.250023892667482,8
1299,43.41882680776014,1121.4606273591044,427.93140700247295,1280.5,22.24510930716328,2.0665796960492258,139.9678393832161,22.34089612633668,0.09263452337547659,-43.88966262688163,-2514.6924327733796,7.25483424851974,8
1300,43.45225161669606,1121.9268166537365,433.0500387897595,1289.0,22.319519876423207,1.2495718635881998,140.05289057441124,22.354471529345577,0.055927223010050195,-43.92636992724705,-2516.795606161637,7.260676396820454,8
1301,43.485676425631986,1122.2684149633628,438.1439773749839,1296.5,22.374043918416877,0.43650542412666415,140.20218763866444,22.378301504996738,0.01950698128724949,-43.96279016896985,-2518.8823323011998,7.26647285831924,8
1302,43.519101234567906,1122.2511093709213,443.7042547637692,1277.0,22.371281695002953,-0.4509954483871055,140.1866856987317,22.375827170668796,-0.02015684095924665,-44.00245399121635,-2521.1549019152812,7.272785551691689,8
1303,43.552526043503825,1121.981503659348,448.604125083167,1252.5,22.328248715256535,-1.2330857794271994,140.1017587755094,22.36227160262974,-0.05516932886434814,-44.03746647912145,-2523.160969702496,7.27835796221173,8
1304,43.585950852439744,1121.861289459604,453.3014981273408,1246.0,22.309060786363546,-1.9828546099598836,140.3193769687181,22.397006620838926,-0.08864818726772779,-44.07094533752483,-2525.0791669919263,7.283686288015702,8
1305,43.61937566137566,1121.534510433387,457.87948100588545,1246.0,22.256902116820946,-2.71356703938943,140.47415417480542,22.42171130656644,-0.12132148340842198,-44.103618633665526,-2526.951208963569,7.288886404603599,8
1306,43.65280047031158,1121.2367149758454,462.0731347289318,1242.0,22.20936964498208,-3.382934964401766,140.74872579745667,22.465536917706274,-0.1511582867612269,-44.13345543701833,-2528.660731869846,7.293635079343257,8
1307,43.6862252792475,1120.016996047431,466.4573122529644,1265.0,22.014684823075033,-4.082713249866804,140.27587091347377,22.390062423762203,-0.18337078963239753,-44.1656679398895,-2530.5063723319176,7.298761858404568,8
1308,43.71965008818342,1118.4700323624595,471.5883495145631,1287.5,21.76776699431197,-4.901701175856646,139.7919984626715,22.312829366444138,-0.22148731028721375,-44.20378446054432,-2532.690288095162,7.304828291080247,8
1309,43.75307489711934,1116.7851313440447,476.49349655700075,1307.0,21.49883236760458,-5.684633748384787,139.32124283043225,22.237689943508915,-0.2584999062900774,-44.24079705654718,-2534.810953634949,7.310719028690765,8
1310,43.78649970605527,1115.6486558071779,481.6176665342338,1258.5,21.31743439767701,-6.502525556242359,139.63094511039654,22.28712291680665,-0.296068002609511,-44.27836515286661,-2536.963446998393,7.3166981769225545,8
1311,43.819924514991186,1114.2170846394984,486.35566875653075,1276.0,21.088934887392924,-7.258779392560282,139.7317148920821,22.303207234713042,-0.3314971099574192,-44.31379426021452,-2538.9933853213442,7.322336894486308,8
1312,43.853349323927105,1112.6057391540867,491.6378348973208,1225.5,20.831740790007004,-8.10188967841923,140.03602389772055,22.351779363247967,-0.3709186900276611,-44.35321584028476,-2541.252075481106,7.32861103381898,8
1313,43.886774132863025,1110.5373114403951,495.9931918301962,1248.5,20.501589743166164,-8.797067779754975,139.76970649837676,22.30927124580046,-0.4053314813928214,-44.387628631649925,-2543.223783187594,7.334087999670335,8
1314,43.920198941798944,1108.5205097570688,500.16673304128494,1255.5,20.17967895913775,-9.463225456309774,139.63884839008503,22.288384394810137,-0.4384990970182372,-44.42079624727534,-2545.1241475794427,7.339366789647693,8
1315,43.95362375073486,1106.1824025713138,504.7172894067229,1244.5,19.806483159307053,-10.189560216675305,139.54772133874312,22.273839196446712,-0.47514525942562325,-44.45744240968273,-2547.223818020737,7.345199207540176,8
1316,43.98704855967078,1104.198184176394,508.04578469520095,1285.0,19.48977314043265,-10.720836314274381,139.35965668833717,22.24382135207425,-0.502900765234098,-44.4851979154912,-2548.814091361813,7.34961663348761,8
1317,44.0204733686067,1102.5559519091028,511.40652662174654,1261.5,19.227649064926823,-11.2572594427533,139.59053427670383,22.280672761957607,-0.5296690120763613,-44.511966162333465,-2550.3477989308394,7.353876932290461,8
1318,44.05389817754262,1100.5441077441076,514.9326599326599,1237.5,18.90652957268778,-11.820081433675437,139.69493004848937,22.29733584044597,-0.5587324422931456,-44.54102959255025,-2552.0130108204344,7.35850252087267,8
1319,44.08732298647855,1097.8675762439807,519.3964686998395,1246.0,18.47931634651596,-12.532570019873818,139.8885675314887,22.328243189683597,-0.5959409814336365,-44.57823813169074,-2554.1449030750314,7.364424443802106,8
1320,44.12074779541447,1094.5877616747182,524.2384594739667,1242.0,17.955810397374865,-13.305421936472227,140.01406655016547,22.34827465228651,-0.6377221656710563,-44.62001931592816,-2556.5387885948944,7.371074125801726,8
1321,44.154172604350386,1091.1164186896372,527.9527538501696,1277.0,17.401733736691035,-13.898277160979868,139.52782422321226,22.270663328381254,-0.6739306499625334,-44.65622780021964,-2558.613381927362,7.376836885058579,8
1322,44.187597413286305,1088.3515318146112,531.5840534171249,1273.0,16.960417711894035,-14.477885210846548,139.70809943864816,22.29943786601757,-0.7065964616076789,-44.688893611864785,-2560.4849950689977,7.382035810452012,8
1323,44.221022222222224,1084.5068970135262,535.3993571715548,1244.5,16.346758266172543,-15.086862996341766,139.36562097410828,22.24477333854105,-0.7453384694789108,-44.72763561973601,-2562.704748609882,7.388201792510023,8
1324,44.25444703115814,1081.2012086251887,539.2616398846312,1213.5,15.81912248044259,-15.703339304639576,139.64832403539822,22.289896845160197,-0.7817251426825096,-44.764022292939615,-2564.78955141497,7.393992911413046,8
1325,44.28787184009406,1077.5868070175438,542.5107368421053,1187.5,15.2422115898331,-16.2219422776596,139.45663033054777,22.259299751091955,-0.8165261014092894,-44.79882325166639,-2566.7834994730233,7.39953165601875,8
1326,44.32129664902998,1073.4342214820983,546.2162087149597,1201.0,14.579398742882486,-16.813389302742635,139.42461091867793,22.254188988807115,-0.8564409429572466,-44.83873809321435,-2569.070451433655,7.405884300353837,8
1327,44.3547214579659,1069.7051282051282,548.8531844499587,1209.0,13.984181399288905,-17.234288855403346,139.04814302307892,22.19409925542593,-0.889132940479748,-44.87143009073685,-2570.943564915546,7.411087393359091,8
1328,44.38814626690183,1065.1094527363182,552.0845771144278,1139.0,13.250644975982873,-17.750065966619992,138.77495897218262,22.150495120852298,-0.9295309982934102,-44.91182814855051,-2573.2582031287943,7.417516943951447,8
1329,44.42157107583775,1061.5473713413787,554.4638646136773,1201.5,12.682085149750092,-18.1298347414304,138.61672565444584,22.12523878960606,-0.9603961695312383,-44.94269331978834,-2575.0266471746704,7.422429288523325,8
1330,44.454995884773666,1057.9047416240771,557.391113003975,1174.0,12.100668643647332,-18.597066017642188,139.0056530201712,22.18731723503073,-0.9939458778265396,-44.976243028083644,-2576.9489038638867,7.4277688904378145,8
1331,44.488420693709585,1053.6949494949495,560.0575757575757,1155.0,11.428724795083582,-19.022672125912823,139.0339945955774,22.1918409613024,-1.0297925308460738,-45.01208968110318,-2579.0027657915757,7.433474062459173,8
1332,44.521845502645505,1048.5166595166593,562.2801372801373,1165.5,10.602194650538793,-19.37742516295867,138.38503690542944,22.088257906724493,-1.0701503433670152,-45.05244749362412,-2581.3150981194062,7.4398972078142585,8
1333,44.555270311581424,1044.027992002285,564.16166809483,1167.0,9.885738247938038,-19.67774475547924,137.96608061026518,22.021386408864807,-1.105245198498288,-45.08754234875539,-2583.325885201051,7.445482727485493,8
1334,44.58869512051734,1039.543162934798,566.6635685114771,1183.5,9.169894517102273,-20.07708432929175,138.2836190574686,22.072070148046258,-1.142356226901478,-45.12465337715858,-2585.4521905019437,7.451389131099084,8
1335,44.62211992945326,1034.9860465116278,568.4548273431993,1182.5,8.442512676428704,-20.362995204755954,138.10628725923516,22.043765422462954,-1.1777668221161308,-45.16006397237324,-2587.4810681577897,7.4570249023653234,8
1336,44.65554473838918,1030.8111247779143,570.6457564575646,1219.5,7.776134648451061,-20.71269925091323,138.61077747892043,22.124289374568004,-1.2116501635745194,-45.19394731383162,-2589.4224406191556,7.462417603646895,8
1337,44.68896954732511,1027.158870967742,571.9298387096774,1240.0,7.193181997616164,-20.917657392287264,138.5833175687324,22.119906374845694,-1.2395832243407228,-45.22188037459782,-2591.0228871099416,7.466863288343523,8
1338,44.72239435626103,1022.1667360244138,573.0208073241781,1201.5,6.39636489513739,-21.091791797741102,138.08490878249697,22.040353107675127,-1.27634843918342,-45.258645589440526,-2593.12937875332,7.472714654019574,8
1339,44.75581916519695,1017.7165712608247,573.8178482313224,1135.5,5.686054089694254,-21.21901108035215,137.6294163005594,21.967649904781258,-1.3089777148603678,-45.29127486511747,-2594.998898538178,7.477907764533068,8
1340,44.789243974132866,1012.6204188481676,574.9169575334496,1146.0,4.872634291283007,-21.394444857557822,137.47064047966717,21.942306982167334,-1.346863742970412,-45.32916089322752,-2597.1696080513975,7.4839375131809005,8
1341,44.822668783068785,1007.6464912280702,575.9517543859649,1140.0,4.078723341523523,-21.559613435538154,137.4689387191132,21.942035356514356,-1.3838225399323587,-45.366119690189464,-2599.287191133198,7.489819688408124,8
1342,44.856093592004704,1002.5775097060454,576.8304215196894,1202.0,3.2696404111238944,-21.69986144715758,137.48630061367948,21.944806566563543,-1.4212456766732289,-45.403542826930334,-2601.4313789245907,7.495775765606437,8
1343,44.889518400940624,997.7978190391983,577.5355142941349,1131.0,2.50673249474396,-21.812404474918342,137.55625173415402,21.955971779396215,-1.4563759501561788,-45.43867310041328,-2603.444195328304,7.5013669222834185,8
1344,44.92294320987654,993.790096722968,578.2241951782878,1154.5,1.8670419175038284,-21.922327927083153,137.8426728201006,22.0016887366467,-1.485835121734263,-45.468132271991365,-2605.13208152768,7.506055495059463,8
1345,44.95636801881246,988.6245064861815,578.2876480541455,1182.0,1.0425388357973089,-21.932455925877026,137.56407196014874,21.95722000082624,-1.5232980119267372,-45.50559516218384,-2607.2785470240706,7.5120178992161035,8
1346,44.98979282774839,983.7055030094583,578.5328174261966,1163.0,0.25739457549560846,-21.97158851160879,137.66353744139468,21.97309613347545,-1.5590819802643052,-45.541379130521406,-2609.3288173840433,7.517713094660472,8
1347,45.02321763668431,978.9932157394844,578.6363636363636,1105.5,-0.49475478167000286,-21.98811598774767,137.79250687197435,21.993681524124835,-1.5932935389229448,-45.575590689180046,-2611.2889953057474,7.523158033331873,8
1348,45.05664244562023,973.750733568075,578.1393779342723,1136.0,-1.3315309307606744,-21.908789865435395,137.51392113457885,21.949215202083586,-1.631497767721087,-45.61379491797819,-2613.4779363754333,7.529238425192111,8
1349,45.090067254556146,969.7104999283769,577.6384472138661,1163.5,-1.976410786507389,-21.828834061013467,137.31913699558555,21.9181248299275,-1.6610914153771752,-45.64338856563428,-2615.1735274865246,7.533948400500698,8
1350,45.123492063492066,964.4718249602737,577.910524385772,1363.5,-2.8125792507615226,-21.872261521655005,138.1601110224417,22.05235647529498,-1.6986856455161203,-45.680982795773225,-2617.3275182075295,7.5399317080590444,8
1351,45.156916872427985,960.1890677648821,577.3726444527642,1335.5,-3.4961693815958035,-21.786408087289512,138.24025418370647,22.065148485580647,-1.7299144987503814,-45.712211649007486,-2619.116799696886,7.544901934418369,8
1352,45.190341681363904,955.9286980749746,576.5539513677811,1316.0,-4.176186142027632,-21.655732803227426,138.1750067429708,22.054734048218403,-1.7613021008131409,-45.74359925107024,-2620.915176824118,7.5498974264384575,8
1353,45.22376649029982,950.6975261412904,575.145116041826,1307.0,-5.011157013225211,-21.4308622628592,137.8881186182667,22.00894254481207,-1.8004982787573212,-45.78279542901443,-2623.160952393364,7.556135691908585,8
1354,45.25719129923574,946.0459594025277,573.532873739308,1305.5,-5.753614493410337,-21.173525020462936,137.46455947776354,21.941336366113877,-1.8361257396577904,-45.81842288991489,-2625.202255537728,7.561805978420708,8
1355,45.29061610817167,942.2362064581743,572.1837020086448,1311.0,-6.361706289153328,-20.95817765478122,137.22081849370008,21.902431771810726,-1.8655003220362005,-45.8477974722933,-2626.88529513297,7.566481088407491,8
1356,45.32404091710759,937.9688940092166,570.3969534050178,1302.0,-7.042831214571151,-20.672986677100862,136.8279921245701,21.839730988923087,-1.8991424292266363,-45.88143957948374,-2628.8128458889087,7.571835396062876,8
1357,45.35746572604351,933.884375,569.3266927083333,1280.0,-7.694779657249604,-20.502157555510546,137.1967286024447,21.898586675961543,-1.929843662739659,-45.91214081299676,-2630.571896995051,7.576721649135493,8
1358,45.39089053497943,929.6781834838371,567.368930768224,1273.5,-8.366148795790027,-20.189670370334188,136.91995736589266,21.854409974557747,-1.9636354846955721,-45.945932634952676,-2632.508025775182,7.582099784635857,8
1359,45.424315343915346,926.1780465600207,565.8941344778254,1281.5,-8.924821386490276,-19.954271503876786,136.95007672918436,21.859217461546592,-1.991372418509583,-45.97366956876669,-2634.097235019359,7.586514254758571,8
1360,45.457740152851265,922.5691946833464,564.0258014073495,1279.0,-9.500846459588486,-19.656058462646484,136.77819273780852,21.831782284908662,-2.021039169852347,-46.00333632010945,-2635.797014663163,7.5912358648802485,8
1361,45.491164961787184,918.1342849590271,561.6341527887919,1261.0,-10.208722339628524,-19.274316674008865,136.64764132591935,21.81094438711003,-2.057884883461652,-46.04018203371876,-2637.908118546124,7.597100042332919,8
1362,45.524589770723104,913.9630522088354,559.3372155287817,1245.0,-10.87451155236093,-18.907692191122457,136.6531750610439,21.81182765145242,-2.092733487661684,-46.075030637918786,-2639.9047964887077,7.602646369951207,8
1363,45.55801457965902,910.8085274378208,556.5071719963153,1266.5,-11.378019433512408,-18.455976219293106,135.835929171532,21.681383360765953,-2.1232563896597965,-46.1055535399169,-2641.6536299516906,7.607504240681715,8
1364,45.59143938859495,906.6806509026188,554.1580218662598,1311.0,-12.036888365844787,-18.08101780547456,136.0852914690436,21.721185198181463,-2.158142998457194,-46.1404401487143,-2643.6524853973056,7.613056616919534,8
1365,45.62486419753087,902.6713016608729,551.6294579631775,1294.5,-12.676838623980961,-17.677422352715578,136.28468472436822,21.75301125211735,-2.192920260546008,-46.175217410803114,-2645.6450757380153,7.618591590088172,8
1366,45.65828900646679,899.1970341715021,548.8063185041908,1292.5,-13.231382077942786,-17.226808371094403,136.088538016582,21.721703394230243,-2.225761826301575,-46.208058976558675,-2647.5267588484103,7.623818487617047,8
1367,45.69171381540271,895.5161716171616,546.1765016501649,1262.5,-13.818901099056601,-16.807051479611467,136.32003464817706,21.758653612386446,-2.258933122840115,-46.241230273097216,-2649.427334141046,7.629097863429924,8
1368,45.725138624338626,891.5690046760186,542.4859051436206,1247.5,-14.44892616062771,-16.217978778623447,136.0830440489121,21.72082647735008,-2.29857229944484,-46.280869449701946,-2651.6984916638703,7.6354066343266584,8
1369,45.758563433274546,888.1691618682021,538.9419065898911,1302.5,-14.991590356560208,-15.652305235974966,135.78680487215283,21.673542410483762,-2.334636770099598,-46.3169339203567,-2653.764833622761,7.641146473101355,8
1370,45.791988242210465,884.5695578892777,535.512252042007,1285.5,-15.566139331120867,-15.10488265417948,135.89079041469302,21.690140010437926,-2.3712321993444196,-46.35352934960152,-2655.861597267959,7.646970816560238,8
1371,45.825413051146384,880.9478040315045,531.9146976371646,1248.5,-16.144223747428384,-14.530660821352738,136.08041368547092,21.72040663321537,-2.4087481406060562,-46.39104529086316,-2658.011102366712,7.652941664056773,8
1372,45.8588378600823,877.7868247694335,528.7345191040843,1265.0,-16.648761858916167,-14.023058227901016,136.37594412489923,21.767577575329877,-2.441592668872913,-46.42388981913002,-2659.892955216501,7.658169033083966,8
1373,45.89226266901823,874.7638036809816,524.443762781186,1304.0,-17.131279846065482,-13.338191320362066,136.02444896673302,21.711473852845444,-2.4800454915019063,-46.46234264175901,-2662.096139663507,7.6642889898812046,8
1374,45.92568747795415,872.2227729063412,520.7647731605033,1311.5,-17.536865192243745,-12.750971246609899,135.8426508480173,21.682456237769806,-2.5129124617234577,-46.49520961198056,-2663.979278342584,7.669519930656419,8
1375,45.95911228689007,869.115298162105,516.7633214332936,1260.5,-18.032863207088585,-12.112281546275344,136.0970638053595,21.723064233708175,-2.550128530269373,-46.53242568052648,-2666.1116020003346,7.675443051927948,8
1376,45.99253709582599,866.815031152648,513.0763239875389,1284.0,-18.40001916625445,-11.523783307560997,136.02014791511007,21.710787342658776,-2.582064857442704,-46.564362007699806,-2667.9414187605153,7.680525876261783,8
1377,46.02596190476191,864.9913221031137,509.927258805513,1306.0,-18.6911095668768,-11.021146855953814,135.94292871577306,21.698462039082262,-2.608820823990241,-46.59111797424735,-2669.474422720483,7.684784220595026,8
1378,46.059386713697826,862.9831107619796,505.59544383346423,1273.0,-19.011649207766542,-10.329726392828078,135.55587740645572,21.636683039455452,-2.643879623953359,-46.626176774210464,-2671.4831439931627,7.690364001908026,8
1379,46.092811522633745,860.7211925866237,501.0098039215686,1241.0,-19.372684137108727,-9.597791789880079,135.45050141493002,21.61986350368738,-2.6816084328503007,-46.66390558310741,-2673.644845509013,7.696368728340944,8
1380,46.126236331569665,858.1449854651163,497.1042877906977,1376.0,-19.783884138160023,-8.974414801394664,136.104370834531,21.724230541485962,-2.715730348331855,-46.69802749858896,-2675.599887255008,7.701799399857596,8
1381,46.159661140505584,855.493776450087,492.1334329101319,1339.0,-20.207055528637877,-8.18099430540656,136.58105106463225,21.80031561612238,-2.756905109189785,-46.73920225944689,-2677.959027274628,7.708352566578763,8
1382,46.19308594944151,853.6281661600809,487.4520010131712,1316.0,-20.504833974636014,-7.4337699130504715,136.64647171333797,21.810757699987448,-2.7937925790393434,-46.776089729296444,-2680.0725236139237,7.7142233897434735,8
1383,46.22651075837743,852.6515848670756,483.0557259713701,1304.0,-20.660710505431215,-6.732060688385099,136.13946464235318,21.729832021930953,-2.826602294561769,-46.80889944481887,-2681.9523818403836,7.719445218150306,8
1384,46.25993556731335,851.5684330918796,478.2816113864531,1311.5,-20.833597230019844,-5.970042795511562,135.777806497986,21.672106139527145,-2.862512738676876,-46.84480988893398,-2684.0098987286196,7.725160542839851,8
1385,46.29336037624927,850.1490226944771,473.2373081463991,1270.5,-21.060155705086313,-5.164898876648554,135.85383702894111,21.684241714399082,-2.90109422290055,-46.88339137315765,-2686.2204549419866,7.73130097676587,8
1386,46.32678518518519,848.8895809004799,467.98378097833137,1284.5,-21.261180872159322,-4.326359785983971,135.93310362208592,21.69689381170615,-2.9408471065168547,-46.92314425677396,-2688.498127396676,7.737627844695563,8
1387,46.36020999412111,848.1906474820144,463.59765520916596,1251.0,-21.372740777420223,-3.626270532354162,135.8159173524657,21.678189184353503,-2.973525172909673,-46.95582232316678,-2690.3704426836325,7.742828720492664,8
1388,46.393634803057026,847.04981141891,458.14722330602154,1281.5,-21.554834750545083,-2.756302591658619,136.1427089560648,21.730349861428596,-3.0144088984292123,-46.99670604868631,-2692.7129076066735,7.749335567501111,8
1389,46.427059611992945,845.9806292251689,453.37389495579816,1282.0,-21.72549172743177,-1.994410193239371,136.68460019030712,21.81684355761858,-3.0500487721882226,-47.03234592244532,-2694.7549219554435,7.755007829581028,8
1390,46.460484420928864,845.5139153640869,448.5948659295971,1311.5,-21.799986025101155,-1.2316078842976195,136.79677730683161,21.83474865152493,-3.085156835352447,-47.06745398560955,-2696.766465801633,7.760595451375999,8
1391,46.49390922986479,845.2219195849544,443.2077821011673,1285.0,-21.846592784194335,-0.3717512146143248,136.89079661626639,21.84975549620588,-3.1245778566742772,-47.10687500693138,-2699.0251239474687,7.766869501781098,8
1392,46.52733403880071,845.2446780893041,437.931204569055,1284.0,-21.84296019699497,0.47046704828770664,136.8799624935029,21.84802621316239,3.1200573711670687,-47.14542508626962,-2701.2338807934443,7.773004937464364,8
1393,46.56075884773663,845.1776376297464,433.19379844961236,1268.5,-21.853660826152637,1.2266257379490357,137.13076819302228,21.88805843846177,3.085522413147473,-47.17996004428922,-2703.2125881336287,7.778501346742654,8
1394,46.59418365667255,845.6490461049284,427.92898781134073,1258.0,-21.778417200020204,2.0669658340222976,137.05700048072256,21.87628404224884,3.046967183821086,-47.2185152736156,-2705.4216400521896,7.78463760207199,8
1395,46.62760846560847,846.2712900225853,423.2016739736947,1254.5,-21.679098050772236,2.8215136492121067,136.96710661077688,21.861935677512335,3.0121710960624557,-47.25331136137424,-2707.4153090243262,7.790175571439036,8
1396,46.66103327454439,847.505793048342,418.6224530563324,1251.5,-21.482053472620482,3.5524236875834423,136.4149237498507,21.773799288517147,2.977708739517828,-47.28777371791886,-2709.389856606408,7.795660425833708,8
1397,46.694458083480306,848.3651359197677,414.8946951702296,1263.0,-21.344889893386636,4.147427883436887,136.22879693939655,21.74409075149174,2.949678595485133,-47.31580386195156,-2710.9958655586256,7.80012156181209,8
1398,46.727882892416226,849.0112791932058,410.0849256900212,1256.0,-21.24175606051314,4.915136814448981,136.59786344473406,21.802999115697325,2.914204196320778,-47.35127826111591,-2713.028398911505,7.80576748779231,8
1399,46.761307701352145,850.0116167828345,405.4359710263769,1219.5,-21.08208768040779,5.65717736958082,136.75399303564433,21.827919661646625,2.8794282322342686,-47.38605422520242,-2715.020914882161,7.811302254377465,8
1400,46.79473251028807,851.6845965770171,400.75047541428955,1227.0,-20.815055853896816,6.405050389778355,136.44267089382797,21.778228134915935,2.8430753852059487,-47.42240707223074,-2717.1037795901684,7.8170879896774865,8
1401,46.82815731922399,853.0522558922557,396.12296296296296,1237.5,-20.596757601722565,7.143668456999974,136.58172092489278,21.800422535530192,2.8077405563370466,-47.457741901099645,-2719.1283161541737,7.822711702355279,8
1402,46.86158212815991,854.6407347379793,391.3982982171799,1234.0,-20.34321335150355,7.897793438727464,136.72003323186624,21.822499184685487,2.7712760578932536,-47.49420639954344,-2721.217578017064,7.828515207529975,8
1403,46.89500693709583,856.5041201488568,386.774322169059,1254.0,-20.045790028465973,8.63584704473408,136.7473160629037,21.826853920008446,2.7348145501903747,-47.53066790724632,-2723.306668523123,7.834318236713471,8
1404,46.92843174603175,858.1390536443917,382.78384078028205,1264.5,-19.784830942734796,9.272785720029773,136.8925564709726,21.850036394527685,2.703312194149252,-47.562170263287435,-2725.1116205689973,7.839331992396455,8
1405,46.96185655496767,859.6527023532453,378.7242048099302,1289.0,-19.543230667090913,9.920762469003195,137.3127335561025,21.917102748162343,2.671858378908459,-47.59362407852823,-2726.9137914318794,7.844338022571128,8
1406,46.99528136390359,861.5980906279414,374.35686432701357,1239.5,-19.232718498282022,10.617853318637941,137.63777623624514,21.968984271701554,2.637159730791237,-47.62832272664545,-2728.9018775238055,7.849860483937589,8
1407,47.028706172839506,864.7979274611399,370.68659492493686,1254.5,-18.72197815516655,11.20368151909311,136.69325555689554,21.81822507959348,2.602332764381032,-47.66314969305566,-2730.897315712354,7.855403367794669,8
1408,47.062130981775425,867.4551307847082,366.5478202548625,1242.5,-18.29784998615293,11.864289951729477,136.62687119809783,21.807629173627877,2.56634442009268,-47.69913803734401,-2732.9592959517404,7.861131090681853,8
1409,47.09555579071135,869.9496630994847,362.01030519223144,1261.5,-17.899686468206284,12.588543131121511,137.09972145814757,21.883102929525187,2.528666807428639,-47.736815650008054,-2735.118064139519,7.867127668981238,8
1410,47.12898059964727,872.9854527213442,359.55367444193627,1329.0,-17.415130438033632,12.980657009959383,136.08159056623265,21.720594480444895,2.5010635053447485,-47.764418952091944,-2736.6996168495507,7.871520870953548,8
1411,47.16240540858319,875.3281916227739,355.7360170554301,1329.0,-17.041195349240336,13.590010469251997,136.55762174968498,21.796575957827624,2.468390258380688,-47.797092199056,-2738.57165600358,7.87672097971474,8
1412,47.19583021751911,878.0425504563567,352.9101426918627,1296.5,-16.60794433230745,14.04106098128918,136.2532461790447,21.747993204553488,2.4397504455535346,-47.825732011883154,-2740.2125964046204,7.881279147495409,8
1413,47.22925502645503,881.6219205630969,349.0867269984917,1326.0,-16.036624977055723,14.651333549829301,136.08890101357184,21.721761333811795,2.4013050707986765,-47.86417738663801,-2742.4153541198725,7.8873979189266645,8
1414,47.26267983539095,884.0435562387905,345.3282090699462,1301.0,-15.650096819409598,15.251247494351322,136.90717758760698,21.852370136688876,2.369100957121516,-47.89638150031517,-2744.260513916533,7.892523362806277,8
1415,47.29610464432687,887.8400718778076,341.80438968040045,1298.5,-15.044117889485037,15.813700149880793,136.7454565525421,21.826557115199446,2.331260038805852,-47.93422241863084,-2746.42863882892,7.8985459320073526,8
1416,47.329529453262786,891.4317125266992,338.6856388993592,1326.5,-14.470839977833302,16.31149798365609,136.6121448190989,21.805278630067427,2.2964696923701626,-47.96901276506653,-2748.4219788474834,7.904082987614473,8
1417,47.362954262198706,894.542572463768,335.9860248447205,1288.0,-13.97430163714095,16.742395520130565,136.62920164245403,21.80800114632903,2.266320344968239,-47.999162112468454,-2750.1494092086873,7.908881405284483,8
1418,47.39637907113463,898.065476190476,333.06902228976696,1316.0,-13.411995134673742,17.20799141249875,136.68774738796992,21.817345895987046,2.232852602268759,-48.03262985516793,-2752.066969615197,7.914207961969233,8
1419,47.42980388007055,901.579901775595,330.8783528522856,1323.5,-12.851041866502502,17.55765401046109,136.3173689675404,21.758228131115377,2.202634506763433,-48.06284795067326,-2753.7983389525757,7.919017321239729,8
1420,47.46322868900647,904.687596302003,328.69337442218796,1298.0,-12.355008771237097,17.906408241148682,136.297961260005,21.755130379660404,2.1747636828820887,-48.0907187745546,-2755.395219532529,7.923453100628488,8
1421,47.49665349794239,909.1722090261283,325.7656373713381,1263.0,-11.639199571937967,18.37371751466818,136.26610151824008,21.75004510303887,2.135463284731607,-48.13001917270508,-2757.6469664797355,7.9297079532596175,8
1422,47.53007830687831,913.6102118699828,323.08961705487565,1266.5,-10.930829985182527,18.80084914851708,136.2503314495782,21.747527971478988,2.097427721941295,-48.168054735495396,-2759.826243699025,7.935761501090976,8
1423,47.56350311581423,917.3285268901013,320.07846193816573,1283.0,-10.337333007623071,19.28147315456836,137.06614413224847,21.877743501577896,2.0629267197056724,-48.20255573773102,-2761.8030055160975,7.941252506138401,8
1424,47.59692792475015,922.0474747474747,317.72474747474746,1320.0,-9.584120524157255,19.65716010215576,137.0122459809351,21.869140575325694,2.0244456054892708,-48.24103685194742,-2764.0078109516585,7.9473769656816255,8
1425,47.63035273368607,925.3678696158323,315.92394256887854,1288.5,-9.054137371032331,19.944594669432785,137.22764659691424,21.903521636063253,1.996942214600089,-48.2685402428366,-2765.5836391719067,7.951754266293426,8
1426,47.663777542621986,930.2552004058853,314.0383054287164,1314.0,-8.274048530647526,20.245569691023185,137.02422920395125,21.87105327142676,1.9587667657891499,-48.30671569164754,-2767.7709312697916,7.95783007767644,8
1427,47.69720235155791,934.7944320159085,312.46296296296293,1341.0,-7.549521365408791,20.497017184575235,136.84938163321317,21.843145064562847,1.923700313502106,-48.34178214393459,-2769.7800909883363,7.963411076894619,8
1428,47.73062716049383,938.6167590881083,310.7805298829328,1352.5,-6.939422556588129,20.76555789254142,137.17038831775017,21.89438238469798,1.8933081859141707,-48.37217427152252,-2771.521431629548,7.968248134231318,8
1429,47.76405196942975,943.9531904409952,309.25819167282583,1353.0,-6.087650756255063,21.008545138547525,137.03504096963974,21.87277898595699,1.8528417815544518,-48.41264067588224,-2773.8399858114294,7.974688562514323,8
1430,47.79747677836567,949.1357656986845,307.51824274013404,1343.0,-5.260436618999159,21.28626621034296,137.3724540458784,21.92663500403324,1.813070296798601,-48.45241216063809,-2776.1187240329086,7.9810183909073205,8
1431,47.83090158730159,954.8134318682742,306.27693504472967,1285.5,-4.354198795412175,21.484396912410343,137.33831011469363,21.9211851376689,1.770755907243734,-48.49472655019296,-2778.543159967075,7.987752935168894,8
1432,47.86432639623751,959.1826186830016,305.5220775906074,1306.0,-3.6568132444561754,21.604883104431668,137.28183841922686,21.91217143646396,1.7384658643791668,-48.527016593057525,-2780.3932431435114,7.9928920551034395,8
1433,47.89775120517343,963.7706810311659,304.53725791971266,1299.5,-2.9244919855642877,21.76207459976078,137.5670727764079,21.957698974600756,1.7043808142965382,-48.56110164314015,-2782.3461726577375,7.9983168593096226,8
1434,47.93117601410935,968.8341537296478,304.8614161302537,1320.5,-2.1162883432574944,21.710334250391174,136.6620020635524,21.813236569008183,1.667967713518066,-48.59751474391862,-2784.432489651329,8.004112184291822,9
1435,47.96460082304527,972.6792406311637,304.0558431952663,1352.0,-1.5025567357536331,21.838915368325473,137.14633826776122,21.890543648092457,1.639489874221994,-48.625992583214696,-2786.0641496526455,8.008644573184368,9
1436,47.99802563198119,977.4737777777777,303.703873015873,1312.5,-0.7372791059896936,21.895094911083607,137.25260079485795,21.9075046877888,1.604456862838134,-48.661025594598556,-2788.0713933485745,8.014220250117503,9
1437,48.03145044091711,982.9599389545975,303.415363092967,1310.5,0.13839174471266524,21.941145276992398,137.46609663829537,21.941581719217293,1.5644890029164713,-48.700993454520216,-2790.3613830382556,8.02058133258884,9
1438,48.06487524985303,987.1887761493172,303.84579731930353,1330.5,0.8133754618203906,21.8724417349346,137.12764604927156,21.88756009906085,1.533626227258972,-48.73185623017772,-2792.1296898274895,8.025493295892268,9
1439,48.09830005878895,992.5043793793793,304.3193193193193,1332.0,1.6618227918281048,21.796860759601238,136.9557237024503,21.860118800337837,1.4947021555095326,-48.77078030192716,-2794.359874860197,8.031688254316455,9
1440,48.13172486772487,997.1941112322792,305.2842602689931,1375.5,2.4103719774674714,21.642842196339082,136.43278749484261,21.77665060116904,1.4598829867741534,-48.805599470662536,-2796.354866274888,8.037229897135042,9
1441,48.16514967666079,1002.0530303030301,305.3548768939394,1408.0,3.185925895598043,21.631570759345628,136.9858395955853,21.864925733439364,1.4245663075850208,-48.84091614985167,-2798.378362938843,8.042850721201583,9
1442,48.19857448559671,1007.1853952499114,306.1549096065225,1410.5,4.005125739404981,21.503873941217606,137.0406500949953,21.8736742836731,1.3866548836784454,-48.878827573758244,-2800.5505275240207,8.048884511715965,9
1443,48.23199929453263,1011.0937384216377,306.89959244164504,1349.5,4.628953964591436,21.385011765878964,137.08193390924455,21.88026377887361,1.357627133495372,-48.90785532394132,-2802.2136950982713,8.053504421644439,9
1444,48.26542410346855,1016.4166971358927,307.8015843997562,1367.5,5.478575336500749,21.241040774172927,137.43234116269326,21.936193855994965,1.3183737477948307,-48.94710870964186,-2804.4627484305115,8.059751792011772,9
1445,48.29884891240447,1021.7747814308582,308.8840044329516,1353.5,6.3338032602685965,21.068270846214865,137.83054070765144,21.99975227563384,1.2787595181213536,-48.986722939315335,-2806.7324765994636,8.066056592481084,9
1446,48.33227372134039,1026.4550943396227,310.6166037735849,1325.0,7.080849045887833,20.791722875850965,137.60895493347948,21.964383973989232,1.2425550758978008,-49.02292738153889,-2808.8068383384984,8.071818708422848,9
1447,48.36569853027631,1031.418619065328,312.21036320813187,1344.5,7.873099542902933,20.537335767108814,137.79903423526812,21.99472338592657,1.2047205301738446,-49.060761927262845,-2810.974598128276,8.077840263394451,9
1448,48.39912333921223,1035.416916541729,314.01986506746624,1334.0,8.511285779084725,20.248513039988474,137.6103957509698,21.96461394934664,1.1728782698448317,-49.09260418759186,-2812.799025255285,8.082908116525033,9
1449,48.43254814814815,1040.4098091265325,315.488813045127,1318.5,9.30822381212567,20.01404764902062,138.28771394866558,22.072723752040456,1.1354691596677648,-49.130013297768926,-2814.942409383771,8.088861961326383,9
1450,48.46597295708407,1044.2590727108354,317.5585690300917,1290.5,9.922622078747146,19.683684590830094,138.103199831826,22.04327262429339,1.1038709937782782,-49.16161146365841,-2816.7528509295926,8.09389096562033,9
1451,48.49939776601999,1049.0173957533896,320.5138142747506,1303.0,10.68211941254684,19.21198461082246,137.71927880644827,21.981993263359648,1.063348086653714,-49.20213437078298,-2819.074642481431,8.10034038659766,9
1452,48.53282257495591,1053.8915057915058,323.1378378378378,1295.0,11.460098029275754,18.793152412552335,137.90560603491207,22.011733790004634,1.0232007813339155,-49.24228167610278,-2821.3749136350784,8.106730028691125,9
1453,48.56624738389183,1058.272539927872,326.0338742916023,1294.0,12.159374584502979,18.330903013856577,137.8139221228027,21.997099708590518,0.9851096804866154,-49.280372776950074,-2823.557372950636,8.112792415678785,9
1454,48.599672192827754,1062.5248443258356,328.1800737069513,1311.5,12.838104007426837,17.988338476059855,138.45679294977046,22.099711211570263,0.9509411639006724,-49.31454129353602,-2825.5150847432333,8.118230503991555,9
1455,48.63309700176367,1066.534581772784,331.01997503121095,1335.0,13.478116228740701,17.53504905776268,138.56169165281557,22.1164545651781,0.91547281498386,-49.35000964245283,-2827.547271442464,8.123875467044975,9
1456,48.66652181069959,1069.7774757281554,334.14860841423945,1287.5,13.995729112707016,17.03567381745294,138.13001999291,22.047553510784958,0.8830500709983368,-49.38243238643835,-2829.404957833068,8.129035707018874,9
1457,48.69994661963551,1073.4655615523002,336.6092264199434,1297.0,14.584401072389442,16.64292351485294,138.6401508095375,22.128977783927553,0.851223476234711,-49.41425898120198,-2831.228487389297,8.134101066897287,9
1458,48.73337142857143,1076.9625984251968,340.0511811023622,1270.0,15.142578850024844,16.093537653284105,138.44295965397708,22.09750321703547,0.8158329700992011,-49.44964948733749,-2833.256214025693,8.139733640887277,9
1459,48.76679623750735,1081.1329766908675,343.27143039103294,1308.5,15.808231674641165,15.579539186378218,139.0543797469746,22.195094726966648,0.7781122544175442,-49.48737020301915,-2835.417451834465,8.145737079244977,9
1460,48.80022104644327,1084.4521351179094,347.07890376035687,1307.5,16.338017473808755,14.971811243854452,138.8373841607681,22.160459085860264,0.7417907665774619,-49.52369169085923,-2837.4985197933374,8.151517823575178,9
1461,48.83364585537919,1087.802304964539,351.03495440729483,1316.0,16.87275314508119,14.340368214061092,138.73132725252964,22.143530865914332,0.7044434154256392,-49.56103904201105,-2839.63836539033,8.15746183912238,9
1462,48.86707066431511,1090.9076209410205,354.74353876739565,1257.5,17.368406589299077,13.748424390895211,138.78009056628477,22.151314197658113,0.6695835822658617,-49.595898875170825,-2841.6356867049153,8.163009953885117,9
1463,48.900495473251034,1093.3106834249804,358.1356376014663,1273.0,17.751970196309244,13.206996245428474,138.62111523562277,22.125939430392854,0.639633009310507,-49.62584944812618,-2843.3517281292557,8.167776735619395,9
1464,48.93392028218695,1096.2737627651218,362.1725582613249,1273.0,18.224920611518197,12.5626451892888,138.67923355512306,22.135215956662854,0.6035163154146398,-49.66196614202205,-2845.421062259455,8.17352488598106,9
1465,48.96734509112287,1098.9264086361243,365.88006845708264,1266.0,18.648321345037907,11.970872818323063,138.8339545197848,22.159911665443577,0.57067949944041,-49.69480295799628,-2847.302473227426,8.178751027558757,9
1466,49.00076990005879,1101.6792,370.1225333333333,1250.0,19.087706750919935,11.29371392569738,138.9507880490898,22.17855999032862,0.5342754960948325,-49.731206961341854,-2849.388268976508,8.18454490463954,9
1467,49.03419470899471,1104.0292351866353,374.07648133646563,1277.0,19.46280643259832,10.66260650833513,139.03599994152106,22.192161043584314,0.5011874051137407,-49.76429505232295,-2851.2840769418694,8.189811037876655,9
1468,49.06761951793063,1106.801008533747,378.4575898629428,1289.0,19.90522163816588,9.963318079367843,139.45791521703313,22.259504837600616,0.46407784611098685,-49.8014046113257,-2853.4102980523185,8.195717207627903,9
1469,49.10104432686655,1109.3492556634303,383.5746278317152,1287.5,20.31195881921659,9.14656464344553,139.56338799360202,22.276339821664564,0.42310704536949223,-49.8423754120672,-2855.757752018078,8.202237913088346,9
1470,49.13446913580247,1111.1325346312242,388.2082865343816,1335.5,20.59659599272247,8.406965545414588,139.3750409659669,22.24627690579301,0.38753178275506733,-49.87795067468162,-2857.796064420954,8.207899891985223,9
1471,49.16789394473839,1112.195449459157,392.7913713788387,1340.5,20.766252607175,7.6754387682678,138.7049624120153,22.13932265518597,0.354037860339699,-49.91144459709699,-2859.715124814693,8.213230615301166,9
1472,49.201318753674315,1114.1225581684707,396.33009829538383,1339.5,21.073847092369988,7.110606655331098,139.3427802668936,22.241127630572823,0.32541846052952,-49.94006399690717,-2861.354895636014,8.21778553424928,9
1473,49.234743562610234,1115.4884322088665,401.18262892594026,1289.5,21.29186038880014,6.3360724248618085,139.17667794627414,22.21461529239817,0.289236887054203,-49.97624557038249,-2863.427947092292,8.223544010516719,9
1474,49.26816837154615,1116.7638036809815,405.75907464212673,1304.0,21.49542816341588,5.605605348827194,139.17486037191904,22.21432518118371,0.25509973228128585,-50.0103827251554,-2865.383861985365,8.22897710744192,9
1475,49.30159318048207,1117.954721362229,410.1923374613003,1292.0,21.685515888774884,4.897992338721787,139.2842004575942,22.231777443841175,0.22213731483119473,-50.043345142605496,-2867.2724693878035,8.234223239115362,9
1476,49.33501798941799,1118.7416666666666,414.35,1300.0,21.811123766849015,4.234369128456034,139.2000656939187,22.21834831594886,0.19175277224830625,-50.07372968518838,-2869.0133754402386,8.239059089261016,9
1477,49.36844279835391,1119.9224,418.9302666666666,1250.0,21.999585922649548,3.5032921733366478,139.56613304797827,22.276777972135065,0.1579176075695116,-50.10756484986718,-2870.951987575464,8.244444122969973,9
1478,49.40186760728983,1120.4708024450513,423.4382884640395,1281.5,22.087118902470557,2.7837465466114457,139.47262207002564,22.26185226452739,0.1253737860348334,-50.140108671401855,-2872.816611198628,8.249623633034318,9
1479,49.43529241622575,1121.0894026974952,427.5708413615928,1297.5,22.185856469932304,2.1241311990596796,139.63211349649296,22.287309408164454,0.0954516352947136,-50.170030822141975,-2874.531024149991,8.254385891232548,9
1480,49.46871722516167,1121.5386996904024,431.828302373581,1292.0,22.257570782967694,1.4445787057876993,139.73918844353037,22.30440012186009,0.06481189985127003,-50.20067055758542,-2876.2865516762977,8.2592623565834,9
1481,49.502142034097595,1122.1846255798541,436.62147117296223,1257.5,22.36066991820578,0.6795194840775508,140.15639609503177,22.37099251084301,0.030379699040322766,-50.235102758396366,-2878.2593714621116,8.264742411543995,9
1482,49.535566843033514,1122.253273930066,442.1471580936951,1234.5,22.37162719001968,-0.2024602483148428,140.1661118765499,22.37254329041237,-0.009049619846420533,-50.27453207728311,-2880.5185050233977,8.271017782547567,9
1483,49.568991651969434,1122.1885630105799,447.48948707646974,1244.5,22.361298389226235,-1.055173395869493,140.2515473768819,22.386180034730415,-0.04715250661505235,-50.31263496405174,-2882.701639622505,8.277082045322866,9
1484,49.60241646090535,1122.1012810248199,452.31692020282884,1249.0,22.347366919067397,-1.8257017008578016,140.47483274699272,22.42181961652405,-0.08151547001306081,-50.34699792744975,-2884.6704923967736,8.282551080806945,9
1485,49.63584126984127,1121.0445744532665,457.3670427636161,1196.5,22.178701232327345,-2.6317744676661645,139.92652366155357,22.334301538250482,-0.11810995274398436,-50.383592410180675,-2886.76720181072,8.288375273623464,9
1486,49.66926607877719,1120.6316788717113,461.4422294548413,1229.0,22.11279711221521,-3.282233337112779,140.05659760558208,22.355063225257222,-0.14735550833599573,-50.41283796577269,-2888.4428487156574,8.2930298483594,9
1487,49.70269088771311,1119.678976884147,465.6978525509506,1218.5,21.960732064720588,-3.961492472368226,139.80671375342607,22.315178140160054,-0.1784704973542281,-50.443952954790916,-2890.225606265998,8.297981952665902,9
1488,49.73611569664903,1118.8803078556261,470.69400212314224,1256.0,21.83325291033674,-4.758950367809311,139.99909021913336,22.345884212758286,-0.21461128459070153,-50.48009374202739,-2892.2963208429283,8.30373393760182,9
1489,49.76954050558495,1117.4019756838907,475.49696048632217,1316.0,21.597289665962155,-5.525572145810333,139.66734677736946,22.292933150530704,-0.25047281875963584,-50.51595527619632,-2894.351035397672,8.309441478031664,9
1490,49.802965314520875,1115.9638584561137,480.4580027704319,1323.5,21.367745309595442,-6.317426409161563,139.59925613190669,22.282064896479184,-0.28746346615356216,-50.55294592359025,-2896.4704433748007,8.315328722412575,9
1491,49.836390123456795,1114.411111111111,485.5149019607843,1275.0,21.119904324851987,-7.124580824281913,139.64417944177282,22.28923530793794,-0.3253518822517153,-50.590834339688406,-2898.6412897096607,8.32135885112052,9
1492,49.869814932392714,1112.5236040277232,490.6286125277886,1274.5,20.818630833216243,-7.94080315864834,139.59663115800006,22.28164591259231,-0.3643940000866039,-50.629876457523295,-2900.878238284852,8.32757259716272,9
1493,49.90323974132863,1110.865601869887,494.72458122321774,1283.5,20.5539896545806,-8.594579137219897,139.57716342457059,22.278538580134512,-0.3960513924990887,-50.66153384993578,-2902.692073260477,8.332611027650566,9
1494,49.93666455026455,1109.310544768069,498.7319309600863,1236.0,20.30577999916737,-9.23421024539301,139.75450673311974,22.306845142931056,-0.42680339891969765,-50.692285856356385,-2904.454033439937,8.3375053614824,9
1495,49.97008935920047,1107.0397727272727,503.23376623376623,1232.0,19.943331864556104,-9.952768413257552,139.64194121772516,22.288878054934845,-0.46288927309745825,-50.72837173053415,-2906.521601730363,8.343248606733582,9
1496,50.00351416813639,1104.3867738296672,507.5356739988719,1182.0,19.5198747828731,-10.63941525262308,139.28007756429773,22.23111937030598,-0.49903913114835685,-50.76452158858505,-2908.5928360266767,8.349002035334454,9
1497,50.03693897707231,1102.8420022371363,510.9920302013423,1192.0,19.273306843839908,-11.191099805555242,139.62886821709068,22.28679141452858,-0.526072140254334,-50.791554597691025,-2910.1417133559876,8.353304472360318,9
1498,50.07036378600823,1101.2054393305439,514.3234309623431,1195.0,19.01208768048415,-11.722839658686405,139.93541883431334,22.33572133676654,-0.5525355309161654,-50.81801798835286,-2911.6579539525164,8.35751625179512,9
1499,50.103788594944156,1098.1455378885546,518.2125769946998,1163.5,18.523683054296093,-12.343603742149531,139.45873589054364,22.259635828989296,-0.5877963334066452,-50.85327879084333,-2913.6782491174654,8.363128182808866,9
1500,50.137213403880075,1094.7147922998986,523.6372847011145,1316.0,17.97608632657778,-13.209465728151443,139.75932679508455,22.30761449469181,-0.6337249542308688,-50.89920741166756,-2916.3097652495503,8.370437949842437,9
1501,50.170638212815994,1091.8389626818469,527.7624288425047,1317.5,17.51706223177818,-13.867898530822949,139.974911574598,22.342024950599058,-0.6696468157444598,-50.93512927318115,-2918.367936306532,8.376155091667385,9
1502,50.204063021751914,1087.4265604249667,532.1264276228419,1255.0,16.81277886980758,-14.564455996285,139.3604063758346,22.24394101306624,-0.7138658317876533,-50.97934828922434,-2920.9014993000283,8.38319276664932,9
1503,50.23748783068783,1084.7373977302718,535.4027447875428,1263.0,16.38354952188208,-15.087403708960018,139.53738871535094,22.272189959972575,-0.7442359625197364,-51.00971841995643,-2922.6415796142373,8.388026323077678,9
1504,50.27091263962375,1081.7560944802324,538.6967285587974,1319.5,15.90769030648129,-15.613171268134488,139.64638834978857,22.289587881677377,-0.7760548125733598,-51.041537270010046,-2924.4646654312696,8.393090450347213,9
1505,50.30433744855967,1078.1522269285072,542.1176999101527,1298.5,15.332460803897265,-16.159207885893178,139.55903397490692,22.275644857165375,-0.8116450172388261,-51.077127474675514,-2926.5038339506077,8.398754807345373,9
1506,50.33776225749559,1074.1900858704137,545.4211553473849,1281.0,14.70004565619745,-16.686487260258055,139.32340446184006,22.238034971216408,-0.848603477757418,-51.114085935194105,-2928.6213977556235,8.404636929025973,9
1507,50.37118706643151,1070.6426380368098,548.6556748466257,1304.0,14.133821558480573,-17.202763459630575,139.4880879341936,22.264320840640327,-0.8830216390607354,-51.148504096497426,-2930.5934131369045,8.41011474952953,9
1508,50.404611875367436,1066.7216704863763,551.8905016552075,1309.0,13.507978299450631,-17.719088710028625,139.59098470343284,22.2807446565929,-0.9194439898037843,-51.18492644724047,-2932.6802601144263,8.415911546689314,9
1509,50.438036684303356,1062.7378737129388,554.6275896290782,1343.5,12.872106585662685,-18.155967627230975,139.43606298160367,22.2560169040581,-0.9540729891856559,-51.219555446622344,-2934.6643556277686,8.421422923115264,9
1510,50.471461493239275,1058.644658753709,557.8455736894164,1348.0,12.218770143306454,-18.669604530858443,139.7906117762617,22.312608031191857,-0.9912823892482703,-51.25676484668496,-2936.79629720957,8.427344983064714,9
1511,50.504886302175194,1053.7271391847228,560.2367486840494,1361.5,11.433862736190148,-19.051270722252095,139.2041728344824,22.21900387511955,-1.03025717724691,-51.2957396346836,-2939.0293880693093,8.433548013230656,9
1512,50.53831111111111,1049.3590500799803,562.9876953365325,1354.5,10.73665239566005,-19.490361685455092,139.4106713545589,22.251964032307093,-1.067285538837488,-51.33276799627418,-2941.150956910734,8.43944126001239,9
1513,50.57173592004703,1044.6755835300287,564.8446105428796,1271.0,9.989103243192469,-19.786752270058138,138.8673207535901,22.16523740003272,-1.1032858608417064,-51.3687683182784,-2943.2136234226878,8.445170889212262,9
1514,50.60516072898295,1040.5180722891566,567.1808483935743,1328.0,9.325504182253207,-20.159649696915487,139.16079497672604,22.212080140220248,-1.1375280744272152,-51.403010531863906,-2945.175557742323,8.450620706766804,9
1515,50.63858553791887,1036.4718100890207,569.2575420375865,1348.0,8.679662080871166,-20.491120106057668,139.42089608409722,22.253596047358137,-1.170127663575474,-51.43561012101216,-2947.0433766143783,8.455809092522514,9
1516,50.67201034685479,1032.1560622777981,570.7358097339708,1359.5,7.990806169521368,-20.727073059231564,139.17321014915433,22.214061781708985,-1.2028302818634573,-51.468312739300146,-2948.917098621307,8.461013875875095,9
1517,50.70543515579072,1027.6485913737222,572.3395661929693,1337.0,7.2713484733520515,-20.983055837992126,139.13041919887826,22.207231725751292,-1.237212324835795,-51.502694782272485,-2950.8870445746597,8.46648594796774,9
1518,50.738859964726636,1023.0825866770549,574.0079210492144,1283.5,6.542547935384748,-21.24934945736559,139.29657939040897,22.233753300962267,-1.2721131254747196,-51.53759558291141,-2952.8867131528973,8.472040582907288,9
1519,50.772284773662555,1018.5447770620184,574.8581533409119,1319.5,5.818247741158994,-21.38505885600871,138.84965375625964,22.16241749115963,-1.3051555054617443,-51.57063796289843,-2954.7799020712214,8.477299441013745,9
1520,50.805709582598475,1013.7771962616822,576.2330218068536,1337.5,5.0572727350176905,-21.60450779313834,139.01323712279606,22.188527767748102,-1.3408524671313085,-51.606334924567996,-2956.8251873163276,8.482980788916818,9
1521,50.839134391534394,1008.9248378014444,577.2055331129881,1361.5,4.282765985427014,-21.759734695030804,138.94225891373645,22.177198616688674,-1.3764596569864782,-51.641942114423166,-2958.86532901535,8.48864784919188,9
1522,50.87255920047031,1004.1257396449704,578.1019477317553,1352.0,3.516760352373458,-21.90281546252896,138.98078539537545,22.183348001634553,-1.4115931187040855,-51.67707557614077,-2960.8783280914536,8.494239513292168,9
1523,50.90598400940623,999.1889813414018,578.0818204740292,1322.0,2.72878216433492,-21.899602860433017,138.26411410490218,22.06895687487468,-1.4468310768395547,-51.71231353427625,-2962.8973143712747,8.499847808513893,9
1524,50.93940881834215,994.5057124921531,578.9742623979912,1327.5,1.9812645677653695,-22.042049528252438,138.65228170136405,22.13091405011135,-1.4811515571306986,-51.74663401456739,-2964.863733042819,8.505310082601516,9
1525,50.97283362727807,990.0361635220125,579.3730043541365,1378.0,1.2678597619649723,-22.105694524579516,138.7218826291765,22.14202336711879,-1.5135046512811228,-51.778987108717814,-2966.717428791828,8.510459237459873,9
1526,51.006258436214,985.0638941398865,579.2883427851291,1322.5,0.4742134910233796,-22.09218131091971,138.44150023624684,22.09727027281014,-1.5493344044837283,-51.81481686192042,-2968.7703224313327,8.516161719791832,9
1527,51.03968324514992,980.0370512329116,579.5587070397341,1304.5,-0.3281435055768409,-22.135335365129755,138.69521921726172,22.137767500066854,-1.585619660860241,-51.85110211829693,-2970.8493144802565,8.52193669770551,9
1528,51.073108054085836,974.9540533736152,580.0104481369586,1324.0,-1.139463646584526,-22.207439792643694,139.31474950718138,22.236653514991467,-1.622061365563248,-51.88754382299994,-2972.937270358001,8.527736575143688,9
1529,51.106532863021755,970.7128185621909,578.3205274502345,1314.5,-1.8164262030330156,-21.937703954109498,137.91212870673033,22.012774902978872,-1.6534071700994466,-51.91888962753614,-2974.7332526633672,8.532725414880817,9
1530,51.139957671957674,966.0145571181839,578.3045891931903,1351.0,-2.5663368350572444,-21.935159977245746,138.36322200421966,22.084775932264638,-1.687263340618606,-51.9527457980553,-2976.6730683445903,8.538113791773103,9
1531,51.17338248089359,961.7560975609756,577.6624745934959,1312.0,-3.2460487106211735,-21.832669179101032,138.2873083256845,22.072659008732803,-1.7183936132200586,-51.98387607065675,-2978.456701579745,8.543068328537421,9
1532,51.20680728982951,958.1096725057121,577.2385123127697,1313.0,-3.828071007679527,-21.76499865337936,138.45283227879582,22.09907903106919,-1.7448976346440677,-52.01038009208076,-2979.9752701474654,8.547286574558866,9
1533,51.24023209876543,952.8254513094329,575.9242308670226,1311.0,-4.6715093101844385,-21.55522028293659,138.18057820721378,22.055623334675012,-1.7842186562679474,-52.049701113704636,-2982.2281987326564,8.55354470951773,9
1534,51.27365690770135,948.4590654692176,574.5333853963295,1280.5,-5.368447785005627,-21.333221184247453,137.82163498915958,21.99833079386607,-1.8173248000438493,-52.08280725748054,-2984.125041046969,8.558813715946377,9
1535,51.30708171663728,944.1868315938666,573.6546836747841,1293.5,-6.0503582414163715,-21.19296765191041,138.0808648501546,22.03970763745282,-1.8488876510976442,-52.11437010853433,-2985.9334592017512,8.56383709970966,9
1536,51.3405065255732,939.2507229976109,571.9834024896265,1325.5,-6.838232726749682,-20.92620694802272,137.9271134327187,22.01516668246381,-1.8866358990946774,-52.15211835653137,-2988.0962744959943,8.569844919971446,9
1537,51.373931334509116,935.0378873416133,571.0986074520135,1328.5,-7.510662366320545,-20.784980834113153,138.46079605941452,22.10035016589816,-1.9175469122143036,-52.183029369650995,-2989.8673450882225,8.574764560505415,9
1538,51.407356143445035,931.2064466615502,569.4421847019698,1303.0,-8.122215839066193,-20.520591751856127,138.26783559468979,22.06955087859115,-1.9476837567083678,-52.213166214145055,-2991.5940590855744,8.579560988275837,9
1539,51.440780952380955,927.0645033636723,567.8318163830629,1263.5,-8.783330030632134,-20.26355362440928,138.36622390577145,22.085255079267586,-1.9798062258640665,-52.24528868330076,-2993.434540995735,8.584673438026282,9
1540,51.474205761316874,923.5471072186835,565.8604033970275,1256.0,-9.344757443219558,-19.94888753441883,138.0146002034083,22.029130839265957,-2.0088746135735605,-52.27435707101025,-2995.100036928739,8.58929981561796,9
1541,51.50763057025279,919.754555198285,563.8650857449088,1244.0,-9.950103722156358,-19.630405913201667,137.88297304901002,22.00812123736901,-2.039926435458317,-52.30540889289501,-2996.8791752689276,8.594241866562928,9
1542,51.54105537918871,915.1752336448598,561.0607476635514,1284.0,-10.68102982350214,-19.182792903993146,137.55614400241387,21.95595458384882,-2.0788472910622815,-52.34432974849897,-2999.109176030073,8.600436313121666,9
1543,51.57448018812463,911.2907576358588,558.8315483273833,1260.5,-11.301048503541466,-18.826980375674573,137.57111622199048,21.958344367129147,-2.111405625261309,-52.376888082698,-3000.974631167654,8.60561813294828,9
1544,51.60790499706056,907.6126302083333,556.1165364583333,1280.0,-11.88813095876747,-18.39362512481477,137.2117484598949,21.900984062937052,-2.1445787885595293,-52.41006124599622,-3002.87531341774,8.610897805865186,9
1545,51.64132980599648,903.8450246817354,553.1279553130684,1283.0,-12.489495415671623,-17.9166042518363,136.83062467450944,21.840151182054605,-2.179566966404086,-52.44504942384078,-3004.8799883410866,8.616466347318926,9
1546,51.6747546149324,900.021799445105,550.7089443783855,1261.5,-13.099737584555102,-17.5304950409035,137.10704868638712,21.884272461367036,-2.21253786250499,-52.47802031994168,-3006.769081534432,8.621713828411552,9
1547,51.708179423868316,896.5930912552699,547.922480620155,1225.5,-13.647009113887655,-17.08573503277057,136.99847842079726,21.866943073154427,-2.244766685714212,-52.5102491431509,-3008.615657082994,8.626843204935335,9
1548,51.741604232804235,892.4781228433402,545.3541752933057,1207.5,-14.303817722630825,-16.675796272690388,137.64420870548622,21.970010987036904,-2.2797777960742565,-52.545260253510946,-3010.6216459426914,8.632415396212272,9
1549,51.775029041740154,889.1646946824425,541.7792737658099,1225.5,-14.832688888256403,-16.10519016746216,137.17351161514983,21.894880908237997,-2.3150868104749414,-52.58056926791163,-3012.644703446617,8.638035000389843,9
1550,51.808453850676074,885.8486088379706,538.392253136934,1222.0,-15.361984258705949,-15.564572577157696,137.01040824558868,21.86884724612477,-2.3496439575266614,-52.61512641496335,-3014.6246821246937,8.64353494116228,9
1551,51.84187865961199,882.2170989433235,534.6035405516674,1214.5,-15.941625879921128,-14.959839127724061,136.96538583661734,21.861661017012292,-2.3879553340087463,-52.653437791445434,-3016.819762304454,8.649632386106058,9
1552,51.87530346854791,878.9537190082644,531.312258953168,1210.0,-16.462508623208436,-14.43450287449177,137.171115624684,21.894498473427596,-2.421738073226297,-52.687220530662984,-3018.7553706820104,8.655009076043713,9
1553,51.90872827748384,875.6286831448122,527.5492249685798,1193.5,-16.993232546425894,-13.833868101961007,137.2822103955961,21.91223080928463,-2.458324502652973,-52.72380696008966,-3020.8516186756124,8.660831987137053,9
1554,51.94215308641976,872.8704670145858,524.0591462598688,1245.5,-17.433483823654395,-13.27680094819454,137.28992175285794,21.91346165368673,-2.4907284031404315,-52.75621086057712,-3022.7082254133056,8.66598922807509,9
1555,51.97557789535568,869.8347742555235,520.2120214079869,1214.5,-17.91802439312049,-12.662744054270307,137.46148185359675,21.940845132683904,-2.526381347584613,-52.7918638050213,-3024.7509886571715,8.671663570419161,9
1556,52.009002704291596,867.0338650993563,516.1155891407781,1191.0,-18.365090096163275,-12.00889408292282,137.4742431451629,21.942882019804355,-2.5624821269707465,-52.82796458440744,-3026.8194109531305,8.677409187907937,9
1557,52.042427513227516,865.6700147314851,511.9714744877461,1244.5,-18.58278038512353,-11.347433311598525,136.41285695110946,21.773469397477925,-2.593384597947546,-52.85886705538424,-3028.5899921166265,8.682327468917647,9
1558,52.075852322163435,863.6069235064209,507.8749302065885,1194.0,-18.912079651022204,-10.693565461201063,136.11545997661983,21.72600052931051,-2.626975885642394,-52.892458343079085,-3030.514631129951,8.687673688399105,9
1559,52.109277131099354,861.3890093998554,503.3718004338395,1152.5,-19.266090893106576,-9.974800672520164,135.92208797774333,21.695135555187317,-2.663855006733859,-52.92933746417055,-3032.6276491206436,8.693543182817695,9
1560,52.14270194003527,859.1514357053682,499.4132334581773,1335.0,-19.623240090406796,-9.342956000185948,136.16494648089434,21.733899292744482,-2.6972334315111017,-52.96271588894779,-3034.5400919871745,8.698855524113615,9
1561,52.17612674897119,856.1701260192735,494.6860637509266,1349.0,-20.09910033309529,-8.588431190296541,136.93712078848705,21.85714950560319,-2.737771897428818,-53.003254354865504,-3036.8627749921943,8.705307421349781,9
1562,52.20955155790712,854.614009306882,490.28300269409743,1361.0,-20.347479117716034,-7.885638819263237,136.71741137925204,21.82208069900213,-2.7718660345719246,-53.03734849200861,-3038.8162251566346,8.710733671806558,9
1563,52.24297636684304,852.96164969194,485.99446749654214,1325.5,-20.611219664712007,-7.201126435526246,136.7856366099845,21.832970434813625,-2.8054712087260114,-53.0709536661627,-3040.741659805466,8.716082101386647,9
1564,52.27640117577896,851.2671794871794,480.7014102564102,1300.0,-20.881681672274212,-6.356277772335967,136.7523885477752,21.827663562124208,-2.84610871766994,-53.11159117510663,-3043.0700175578786,8.722549761810015,9
1565,52.30982598471488,849.8358228009702,475.8872717987999,1305.5,-21.11014694820654,-5.587871489198242,136.81203598718406,21.837184158097593,-2.8828265685646888,-53.14830902600138,-3045.173795446938,8.728393589279625,9
1566,52.343250793650796,848.6482959584441,470.754719371595,1315.5,-21.299693446552304,-4.768641720813955,136.74808140424452,21.826976079580756,-2.921341532244706,-53.18682398968139,-3047.3805403139027,8.734523436132303,9
1567,52.376675602586715,847.4188962130023,466.2586273749515,1289.5,-21.49592346718913,-4.051000263218442,137.04461728921268,21.874307505378273,-2.955322926046981,-53.22080538348367,-3049.327530760745,8.739931742929087,9
1568,52.410100411522635,846.9163776493257,461.1619781631342,1297.5,-21.576132714414257,-3.2375011684596813,136.68980556884694,21.817674411490216,-2.9926536953211236,-53.258136152757814,-3051.46642628613,8.745873119388492,9
1569,52.443525220458554,845.9355709876543,456.2438271604938,1296.0,-21.732683675299114,-2.452492975378984,137.02154942787976,21.870625540319967,-3.029219913488492,-53.29470237092518,-3053.5615162598747,8.751692813760004,9
1570,52.47695002939447,845.5269939440792,451.3151655714469,1293.5,-21.7978984941485,-1.665807140347327,136.96410622161488,21.86145677190872,-3.065320363826471,-53.33080282126316,-3055.629919702763,8.757438378879138,9
1571,52.5103748383304,845.6737017139933,446.21194678946017,1303.0,-21.77448180740803,-0.8512594469576428,136.52340943402226,21.79111517630931,-3.1025181914641635,-53.36800064890085,-3057.7611982334574,8.763358597019955,9
1572,52.54379964726632,845.6713034518289,440.8833075734158,1294.0,-21.77486460481446,-0.0007313846187231505,136.4215981347448,21.77486461709751,-3.1415590651091425,-53.40704152254583,-3059.9980755218185,8.769572145043181,9
1573,52.57722445620224,845.6258366800535,435.6563587684069,1245.0,-21.782121760671906,0.8335654140241917,136.566953895203,21.798065503530214,3.1033429885108097,-53.445324776105466,-3062.191544376815,8.775665114084838,9
1574,52.61064926513816,845.4785008342959,430.8219740726479,1298.5,-21.80563869742152,1.60520329025803,136.98406008992345,21.864641698540183,3.068111057863946,-53.48055670675233,-3064.2101853069776,8.781272450001957,9
1575,52.64407407407408,846.750167000668,426.0386105544422,1247.5,-21.60266234331413,2.368697446956118,136.1539011279981,21.732136294309832,3.0323805326796043,-53.51628723193667,-3066.257393599826,8.786959139704313,9
1576,52.677498883009996,847.5618894687541,421.25986886123377,1245.5,-21.473099670754216,3.1314538933870937,135.9540096202103,21.700230712058204,2.996781970627432,-53.551885793988845,-3068.2970409621503,8.79262482682188,9
1577,52.710923691945915,847.943268078306,417.0889599147689,1251.5,-21.412226116240895,3.7971914223508616,136.2427138991612,21.74631210000913,2.9660798146083156,-53.58258795000796,-3070.056144923998,8.797511226715901,9
1578,52.744348500881834,848.8142431627402,412.6437855402112,1231.0,-21.27320586719141,4.506705689364375,136.23660520746918,21.74533706426406,2.932830292882747,-53.61583747173353,-3071.9612021897015,8.802803052453967,9
1579,52.77777330981775,849.8832075998882,407.9944118468846,1193.0,-21.102583647413578,5.248813127707724,136.2379581474886,21.74555301310325,2.8978110917966453,-53.65085667281963,-3073.967654613855,8.808376531409948,9
1580,52.81119811875368,850.9267089499647,402.7661733615222,1182.5,-20.93602570544291,6.083315778030147,136.5911296237685,21.801924300258378,2.858812402337189,-53.68985536227909,-3076.2021149264233,8.814583365611528,9
1581,52.8446229276896,853.0130691979639,398.14128490851556,1211.5,-20.60301236617822,6.821515017082665,135.97092309604645,21.702930347977826,2.8218596718744147,-53.72680809274186,-3078.3193504234246,8.82046457532542,9
1582,52.87804773662552,854.1047888081786,393.89252085014795,1239.0,-20.428758090922074,7.499679350486569,136.34023767370832,21.761878308122412,2.789753758962959,-53.75891400565332,-3080.158883730666,8.825574390067757,9
1583,52.91147254556144,855.8467153284671,389.66599080832657,1233.0,-20.150721367479278,8.17429481254746,136.2381874054173,21.745589605991974,2.7562185042011205,-53.792449260415154,-3082.080312293415,8.830911691630948,9
1584,52.94489735449736,857.4725738396623,385.03212195453926,1224.5,-19.891210780798826,8.913927453743627,136.5615948304631,21.79721011911322,2.720291594384345,-53.828376170231934,-3084.1387725968634,8.836629636918305,9
1585,52.978322163433276,859.0085048010973,381.4526748971193,1215.0,-19.646053934641518,9.485259091439318,136.67927490662393,21.815993565147924,2.6917935281878194,-53.85687423642845,-3085.7715915142085,8.841165245022042,9
1586,53.011746972369195,861.1410949410949,376.87650727650725,1202.5,-19.305661634469665,10.21568177938901,136.84159979427054,21.84190297026279,2.6548942238559703,-53.89377354076031,-3087.8857659193927,8.84703795170311,9
1587,53.045171781305115,863.3899889988999,372.46177117711767,1212.0,-18.946705543085,10.920337656455285,137.00825179827063,21.868503045873148,2.618728402186365,-53.92993936242991,-3089.9579148636835,8.852793920992806,9
1588,53.078596590241034,865.9298690325306,368.4350091536403,1183.5,-18.541303871852904,11.563067246969867,136.90121305103042,21.85141811018989,2.583973136772318,-53.964694627843954,-3091.9492448877654,8.858325393281923,9
1589,53.11202139917696,868.4333741663263,364.6658500068055,1224.5,-18.14170816192165,12.164679684184964,136.8462295002314,21.84264193844593,2.5509156343614396,-53.99775213025484,-3093.8433002571524,8.863586658196887,9
1590,53.14544620811288,872.049703264095,361.6938674579624,1348.0,-17.56448961594767,12.639051180562797,135.571926312609,21.639244677520967,2.517846422352011,-54.03082134226427,-3095.738026537116,8.86884978675234,9
1591,53.1788710170488,875.5341260993433,357.52855196333456,1345.5,-17.008325221572854,13.303895913531223,135.28497339096342,21.593442831583477,2.477800585783295,-54.070867178832984,-3098.032483959574,8.875223279592502,9
1592,53.21229582598472,877.6864710979081,354.16833766555266,1346.5,-16.664779759609093,13.840234824811,135.7180682472595,21.662571048751072,2.448524037731442,-54.10014372688484,-3099.7099066016576,8.879882786931622,9
1593,53.24572063492064,880.3976038936728,351.10620242106575,1335.5,-16.23204366507632,14.328995998258677,135.6504310183568,21.651775166555225,2.4183845740944188,-54.13028319052186,-3101.436770664847,8.884679631551593,9
1594,53.27914544385656,883.8534701114487,347.07434143870313,1316.0,-15.680437320804169,14.972539456525379,135.83169117659315,21.68070691534013,2.3792843213036434,-54.16938344331263,-3103.677050127653,8.890902630059388,9
1595,53.312570252792476,886.8343495934959,343.6075965447154,1312.0,-15.204645744917848,15.52588219521721,136.1464807400217,21.730951892823548,2.345741537644415,-54.20292622697186,-3105.598910064447,8.896241129883816,9
1596,53.345995061728395,890.6250780567003,340.82702635194204,1334.5,-14.599590532143349,15.969701504870619,135.56070671642584,21.63745386733191,2.3114046193492044,-54.23726314526707,-3107.566270564248,8.901706020161042,9
1597,53.379419870664314,893.3987222848554,337.92271076036576,1330.5,-14.156876706841167,16.433272373974756,135.89186279740835,21.690311178264455,2.2819154292679587,-54.266752335348315,-3109.2558766971624,8.906399370530247,9
1598,53.41284467960024,897.2634183479254,334.90077401345,1313.5,-13.540015192900679,16.915617284496395,135.7474397149461,21.66725916075991,2.2458083323586866,-54.30285943225759,-3111.3246609605335,8.912145993484057,9
1599,53.44626948853616,900.5964046081781,331.58501076085577,1316.5,-13.00802227110566,17.444861164606007,136.33339672392924,21.7607863933719,2.2115172529825373,-54.33715051163374,-3113.289395083735,8.917603588270728,9
1600,53.47969429747208,903.7326007326006,329.10332196539093,1319.5,-12.507439907640629,17.84097467069205,136.5066941442295,21.788447173755102,2.182227566648782,-54.36644019796749,-3114.967570493921,8.922265186632355,9
1601,53.513119106408,907.6145351823317,326.4681561376476,1298.0,-11.887826897302995,18.26158533591851,136.51668544525748,21.790041930232135,2.147856323646034,-54.400811440970244,-3116.9368976545975,8.927735539856457,9
1602,53.54654391534392,911.8463659147868,323.9655388471178,1330.0,-11.21236536817864,18.66103933319444,136.39380098876643,21.77042778965452,2.111835863378877,-54.4368319012374,-3119.000718004024,8.933468374160418,9
1603,53.57996872427984,916.4154444026576,321.26701767581795,1329.5,-10.483074208577863,19.09176242964569,136.45691258326875,21.78050131499689,2.0729397425861955,-54.47572802203008,-3121.2293015648756,8.939658884051672,9
1604,53.613393533215756,920.8493457943925,318.66355140186914,1337.5,-9.775359273034976,19.507313386572772,136.7015796066568,21.819553718600027,2.0353335681068323,-54.51333419650945,-3123.383976646176,8.945644092610841,9
1605,53.646818342151676,924.9118426031025,316.6357674359944,1321.5,-9.126925892789151,19.830977102094057,136.7698288956651,21.830447294461095,2.0021296804863304,-54.54653808412995,-3125.2864192702573,8.950928655455511,9
1606,53.680243151087595,929.0158187800556,314.6190837762592,1317.0,-8.471871804090659,20.152869047846476,136.96230798575886,21.861169747399035,1.9687476613172206,-54.57992010329905,-3127.199068080272,8.956241568816663,9
1607,53.71366796002352,933.4664909638554,313.78350903614455,1328.0,-7.761480007026373,20.28623888878245,136.07983619866357,21.72031445794972,1.936211801336207,-54.61245596328007,-3129.0632355400126,8.961419811760386,9
1608,53.74709276895944,937.7035661218425,312.2820703318474,1346.0,-7.085181391564414,20.525890270704018,136.04231983297774,21.714326302152514,1.903173099256206,-54.64549466536007,-3130.9562137297867,8.96667808450976,9
1609,53.78051757789536,942.9047083801673,310.3593106032222,1334.5,-6.2550036918615755,20.832790595538714,136.2755741657942,21.75155707490313,1.8624806278448915,-54.68618713677139,-3133.287720599612,8.973154492481497,9
1610,53.81394238683128,948.087809036658,308.68420411642916,1368.5,-5.427705693340852,21.100161873018642,136.4981236720482,21.787079202158196,1.8225729715381225,-54.726094793078154,-3135.5742608762484,8.979505993249932,9
1611,53.8473671957672,953.6355605325369,307.00199079258425,1339.5,-4.542204134909115,21.3686675047121,136.86782061194316,21.846088192857874,1.7802427163059646,-54.76842504831031,-3137.9996058467627,8.98624306261247,9
1612,53.88079200470312,957.7754532775452,306.09293774565737,1314.5,-3.8814172413057846,21.51376554855001,136.96184445500154,21.86109576117087,1.7492917174298284,-54.79937604718645,-3139.7729674540797,8.991169067077239,9
1613,53.91421681363904,962.7379381709998,305.3432932350278,1288.5,-3.0893327165911963,21.63341967922356,136.91043777721558,21.852890510209814,1.7126410225339321,-54.836026742082346,-3141.872897587836,8.997002206337674,9
1614,53.947641622574956,966.9686086725192,304.42990156956637,1253.0,-2.414056377142783,21.77921022947179,137.28447018092325,21.912591503780476,1.6811879447613594,-54.867479819854914,-3143.675026196901,9.002008119140632,10
1615,53.981066431510875,970.6054666666666,303.76706666666666,1250.0,-1.8335611217217802,21.885008288367658,137.59203506807842,21.961683318202425,1.654382722362517,-54.894285042253756,-3145.2108523092643,9.006274302786085,10
1616,54.0144912404468,976.648338607595,303.44699367088606,1264.0,-0.869031163040269,21.936096578242605,137.53953666325225,21.95330381178018,1.6103921112684407,-54.93827565334784,-3147.7313286631565,9.013275625991342,10
1617,54.04791604938272,980.5940170940171,304.1223776223776,1287.0,-0.23924368041911026,21.82829550928164,136.76456158770915,21.829606555756918,1.581756142741948,-54.96691162187433,-3149.372048801994,9.017833181932557,10
1618,54.08134085831864,985.3954669792888,304.1389865833008,1279.5,0.5271373226410083,21.82564447835635,136.77961509177536,21.83200931322008,1.5466488217393302,-55.002018942876944,-3151.383550125455,9.023420685608837,10
1619,54.11476566725456,990.1271982017718,304.44744149147164,1260.5,1.2823902164847902,21.776410603678634,136.6676448417601,21.81413723820732,1.5119752973731224,-55.03669246724316,-3153.370196732483,9.028939148406137,10
1620,54.14819047619048,995.5754257907543,304.86678832116786,1370.0,2.152006316686556,21.709476770846496,136.67854799957271,21.815877540245374,1.4719916028960651,-55.07667616172021,-3155.661093675358,9.035302751025236,10
1621,54.1816152851264,1000.8482142857143,305.37921626984127,1344.0,2.993619794333564,21.627685842130358,136.79136934108215,21.833885461797948,1.4332541803068388,-55.11541358430944,-3157.8805844989356,9.04146800331295,10
1622,54.21504009406232,1005.1925184655706,306.002263521563,1399.0,3.687033716067773,21.528238469120584,136.84024359357255,21.84168650097203,1.401176960865545,-55.14749080375073,-3159.7184737914367,9.046573251347676,10
1623,54.248464902998236,1009.2645696171664,306.6544745184101,1367.0,4.3369921079370455,21.424136139633866,136.94688410799617,21.858707872925017,1.3710606505817318,-55.177607114034544,-3161.444011265206,9.051366410997035,10
1624,54.281889711934156,1014.5953431372548,307.61078431372545,1360.0,5.187860836140048,21.27149523372373,137.17416968070418,21.89498594503973,1.3315784258785268,-55.21708933873775,-3163.706176106487,9.057650202222815,10
1625,54.31531452087008,1019.6435897435896,308.73782051282046,1300.0,5.993634173424142,21.091603918936297,137.3727517586816,21.926682523312248,1.293923533765165,-55.25474423085111,-3165.8636425026025,9.063643164434248,10
1626,54.348739329806,1030.423256400555,311.0503216042376,1321.5,7.7142252329205965,20.722495222945486,138.53244252030058,22.111785979636004,1.2144270782883442,-55.33424068632793,-3170.4184538876743,9.076295418281669,10
1627,54.38216413874192,1035.9227964290203,312.8732553753301,1325.5,8.592031542284182,20.431528568000807,138.8634506914879,22.16461968202115,1.1727195224026286,-55.375948242213646,-3172.808120813732,9.082933381965162,10
1628,54.41558894767784,1040.3585612588984,315.21893343324587,1334.5,9.300043909566936,20.05712434722659,138.5109036066154,22.108348056785758,1.1366263123655285,-55.41204145225075,-3174.8761094179367,9.08867779475462,10
1629,54.44901375661376,1044.072952164584,316.84967815221506,1320.5,9.892914541579295,19.796833850955405,138.65327704467532,22.131072921332233,1.1073710966110648,-55.44129666800521,-3176.5523098094122,9.093333906953164,10
1630,54.48243856554968,1048.932026636512,319.4578464631235,1326.5,10.66849326399042,19.38053238076928,138.6019425711009,22.122879195210004,1.0675887155208503,-55.48107904909543,-3178.8316723448625,9.099665469551637,10
1631,54.5158633744856,1053.834592145015,321.713116817724,1324.0,11.451013786280901,19.02055853998583,139.09461685864594,22.20151715326282,1.0288829334990444,-55.519784831117235,-3181.0493502974655,9.105825686086645,10
1632,54.54928818342152,1058.1926961926963,324.68699818699815,1287.0,12.146630366961583,18.545883964342078,138.89455071641675,22.169583696822862,0.9909490458172527,-55.55771871879902,-3183.2228019621552,9.111863051821894,10
1633,54.582712992357436,1062.085967617579,327.48072474942177,1297.0,12.76805292287315,18.099964707378984,138.77318607059965,22.15021214005984,0.9564429253858006,-55.592224839230475,-3185.1998570302476,9.117354871455484,10
1634,54.61613780129336,1066.1119184193753,330.2175908221797,1307.5,13.410653030648055,17.663121208810896,138.94272886311995,22.177273627422625,0.9214040315035329,-55.62726373311274,-3187.2074377685085,9.12293148461732,10
1635,54.64956261022928,1069.8078125,332.92369791666664,1280.0,14.000571301252425,17.231187289054148,139.09778418252515,22.202022704067176,0.888471674890821,-55.66019608972545,-3189.0943228118363,9.128172831959898,10
1636,54.6829874191652,1073.2809505054481,335.46540632795063,1269.5,14.554934473207295,16.825493782244607,139.38159172956716,22.247322502622872,0.8576281941560906,-55.691039570460184,-3190.8615240834297,9.13308172438099,10
1637,54.71641222810112,1076.821400159109,339.269291964996,1257.0,15.120041559960319,16.21833849379993,138.9171170703721,22.1731856140339,0.8204302104369362,-55.72823755417934,-3192.9928115569332,9.139001967362944,10
1638,54.74983703703704,1080.366172740622,342.347216659992,1248.5,15.685838648663273,15.727057095168597,139.162114272984,22.212290719027415,0.7867103131332026,-55.76195745148307,-3194.924819358052,9.144368655699385,10
1639,54.78326184597296,1083.7603406326034,345.88456339551226,1233.0,16.22759704576543,15.162445279130443,139.14078837210246,22.208886796108445,0.751478386534001,-55.79718937808227,-3196.943460056301,9.1499759909723,10
1640,54.81668665490888,1087.2314428690574,349.3550180706144,1199.0,16.78163527947852,14.608510405596107,139.39405252269302,22.249311425836257,0.716278920896085,-55.83238884372019,-3198.9602408784694,9.155578159922767,10
1641,54.8501114638448,1090.8898023943457,353.48882157796044,1155.5,17.365562490953785,13.948695442592694,139.54841786459707,22.273950372069777,0.6767127678392385,-55.871954996777035,-3201.2272144601952,9.161875308760894,10
1642,54.88353627278072,1093.3560442719563,357.0715825786977,1159.5,17.75921044503321,13.376834851504944,139.29509726382057,22.23351673207399,0.6455674326875401,-55.903100331928734,-3203.011710715908,9.16683224280454,10
1643,54.91696108171664,1096.5556992956733,361.1276412246658,1159.5,18.269921768719936,12.729429095359727,139.506155781155,22.267204730925194,0.6085363063933534,-55.94013145822292,-3205.1334379631808,9.172725929602521,10
1644,54.95038589065256,1098.493799822852,365.2655742545025,1129.0,18.57927070738255,12.068955000705634,138.80388233451907,22.155111708751566,0.5760887033083499,-55.972579061307925,-3206.9925486752672,9.177890126024984,10
1645,54.98381069958848,1101.3715355805243,369.6253183520599,1112.5,19.038599049696817,11.373076644290721,138.94042089614254,22.176905242436955,0.5384829964770392,-56.01018476813924,-3209.147196962308,9.183875260155652,10
1646,55.0172355085244,1104.0411576497963,373.7873763816172,1146.0,19.46470943054573,10.708751849967465,139.1855821769866,22.21603653669478,0.5029679091190832,-56.04569985549719,-3211.182061576957,9.18952766186301,10
1647,55.05066031746032,1106.3941605839416,378.4133211678832,1096.0,19.840282807746895,9.97038400481424,139.1140889009662,22.20462517348205,0.46567143866485056,-56.08299632595143,-3213.318991924719,9.195463579495682,10
1648,55.08408512639624,1108.7628835269584,383.11930294906165,1119.0,20.21836532623974,9.219241095064165,139.2172231576864,22.22108689587918,0.4278186565483791,-56.120849108067894,-3215.487796582821,9.201488036879299,10
1649,55.11750993533216,1111.7099585655092,386.8862694670667,1166.5,20.688761222917975,8.617978633194436,140.41284405372,22.411925322495396,0.39469480244593613,-56.15397296217034,-3217.3856536240983,9.206759861993959,10
1650,55.15093474426808,1113.2609123324726,391.53842370588956,1355.5,20.93631592660682,7.875427379483358,140.1410447814565,22.36854221866518,0.3597882217323392,-56.18887954288394,-3219.38565337622,9.212315416860964,10
1651,55.184359553204,1114.473011188983,395.2036149022501,1355.5,21.129784474578127,7.290409734273689,140.03824176203676,22.35213336654279,0.33224036788308126,-56.216427396733195,-3220.964029136426,9.216699793972646,10
1652,55.21778436213992,1115.3179391682183,399.87113594040966,1342.5,21.264647228061445,6.545405716632774,139.39344694323387,22.249214766576156,0.2986036344828892,-56.25006413013339,-3222.8912719968635,9.22205324636275,10
1653,55.25120917107584,1116.6664140457244,404.4837691044587,1319.5,21.47988336587776,5.809162599349417,139.40811711857435,22.25155633921799,0.2641280936297573,-56.28453967098652,-3224.8665749841784,9.227540199105292,10
1654,55.28463398001176,1118.0112359550562,409.1792586852641,1290.5,21.69453643702038,5.059694396872842,139.56593361956956,22.27674614047014,0.2291285850160447,-56.319539179600234,-3226.871899112776,9.233110543906953,10
1655,55.31805878894768,1118.8524374176548,413.81067193675887,1265.0,21.82880438442923,4.320453705398742,139.4125180137871,22.252258785888912,0.19539902696872086,-56.353268737647554,-3228.804460433729,9.238478769798489,10
1656,55.3514835978836,1120.2655031072325,417.99510776147025,1260.5,22.054350152154576,3.6525570905824605,140.05473140000507,22.35476535179479,0.16412640257916616,-56.38454136203711,-3230.596249825549,9.243455962553544,10
1657,55.38490840681952,1121.0584582152017,422.34507897934384,1234.5,22.18091728198992,2.958238627431836,140.19601277984916,22.37731590801964,0.13258621569534187,-56.416081548920936,-3232.4033694190457,9.248475739202146,10
1658,55.41833321575544,1121.4493817094713,426.623726049735,1226.5,22.243314338465943,2.2753045321276093,140.08366635541424,22.359383790116514,0.10193705901184812,-56.44673070560443,-3234.159436742645,9.253353703989921,10
1659,55.45175802469136,1121.705543859649,430.56042105263157,1187.5,22.284201530937,1.6469509437008751,139.99341880293215,22.34497897252025,0.07377253680107924,-56.474895227815196,-3235.7731449973244,9.257836226919586,10
1660,55.48518283362728,1121.9044983681,435.5094366397048,1174.5,22.315957554511808,0.8570163155345534,139.9146592665918,22.33240780882942,0.0383848805538374,-56.51028288406244,-3237.8007083471516,9.263468347335772,10
1661,55.518607642563204,1122.4965487489214,441.4568593615185,1159.0,22.410457377598156,-0.09227856415327178,140.4048375128148,22.410647362504854,-0.004117633168889544,-56.552785397785165,-3240.2359230021602,9.270232832488574,10
1662,55.55203245149912,1122.3999430686022,446.41218331910045,1171.0,22.39503771063225,-0.8832200996983325,140.41611398912428,22.4124472515866,-0.039417777545673265,-56.58808554216195,-3242.2584722911524,9.275851024957998,10
1663,55.58545726043504,1122.1725644386195,451.62589194699285,1144.5,22.35874478522755,-1.7154035741450828,140.4913291115792,22.42445267544182,-0.0765718143032453,-56.62523957891952,-3244.3872417892353,9.281764273563784,10
1664,55.61888206937096,1121.4616071428572,455.8376488095238,1120.0,22.245265694853092,-2.387661022640586,140.16920310852248,22.373036695845403,-0.10692409457882075,-56.6555918591951,-3246.1262993476244,9.286594989003753,10
1665,55.65230687830688,1120.7511050144794,460.5096784026825,1093.5,22.131859255791255,-3.133384671014954,140.0409644204335,22.352567942290314,-0.14064328407967833,-56.689311048695956,-3248.058266594625,9.291961564689865,10
1666,55.6857316872428,1120.2496896337677,464.7216014897579,1074.0,22.051826092558965,-3.805668651357335,140.19907576729574,22.377804805216897,-0.1708950526638199,-56.7195628172801,-3249.791565257303,9.296776283197305,10
1667,55.71915649617872,1118.656615661566,469.9246924692469,1111.0,21.797548393543522,-4.636157395206458,139.61846664095088,22.28513117219639,-0.20956879332711845,-56.75823655794339,-3252.007407375293,9.30293140019172,10
1668,55.75258130511464,1117.6554174067496,473.91799881586735,1126.0,21.637742638798077,-5.273546974724296,139.53060347315252,22.271106936959466,-0.23905923761981057,-56.78772700223609,-3253.6970853692305,9.307624950174882,10
1669,55.78600611405056,1116.110908261068,479.1512247071352,1095.5,21.391216590086444,-6.108845687326204,139.37578820741297,22.246396176359745,-0.27817299903266723,-56.826840763648946,-3255.9381388190686,9.313850098646654,10
1670,55.819430922986484,1114.7155756207676,483.8620015048909,1107.5,21.168501274082374,-6.86075395123012,139.4142593671416,22.25253673112679,-0.3134194895381608,-56.86208725415444,-3257.9576139676815,9.319459751837245,10
1671,55.8528557319224,1113.1805233008206,488.91469267688495,1076.5,20.923484671843244,-7.667236705621439,139.61167122091408,22.284046524652737,-0.35124644925064985,-56.89991421386693,-3260.1249391110186,9.325480099457625,10
1672,55.88628054085832,1111.7157328268438,493.59306742640075,1053.0,20.68968287873014,-8.413973132929197,139.93169853954524,22.335127523792504,-0.38624725850930375,-56.93491502312558,-3262.1303377610816,9.331050651263356,10
1673,55.91970534979424,1110.3512691898463,497.7572579419364,1096.5,20.471894703127425,-9.078638302926915,140.30458419626126,22.39464547992016,-0.4174089834727447,-56.96607674808902,-3263.915773083834,9.336010193826558,10
1674,55.95313015873016,1108.478267523722,501.96801346801345,1089.0,20.17293648635612,-9.750735923609097,140.37507564277885,22.40589693662182,-0.4502450165200084,-56.99891278113628,-3265.7971391933943,9.341236210797558,10
1675,55.98655496766608,1106.2161578785074,506.6145544249151,1081.0,19.811870995648942,-10.492391216155944,140.4556228562718,22.418753439500204,-0.48704720672234514,-57.03571497133862,-3267.905749368826,9.347093461284869,10
1676,56.019979776602,1104.9737003058103,509.670489296636,1090.0,19.613556756497132,-10.980162720230133,140.8261250466732,22.477890959853546,-0.5103552187503373,-57.05902298336661,-3269.24120008687,9.350803046612768,10
1677,56.05340458553792,1102.9611738148985,513.5107599699021,1107.5,19.292328355150865,-11.593125587889737,141.01259411430962,22.50765412608657,-0.5410949206650857,-57.089762685281364,-3271.0024552700756,9.355695422121673,10
1678,56.08682939447384,1099.9716245712502,517.2510134081696,1069.0,18.815152959636947,-12.19012425500303,140.45682514359873,22.41894534198583,-0.5748895429244202,-57.12355730754069,-3272.9387444957742,9.36107400330417,10
1679,56.120254203409765,1096.7974416854777,522.7974416854778,1107.5,18.308507358407898,-13.075414608569623,140.95321074109077,22.49817567890499,-0.6201738696385862,-57.16884163425486,-3275.5333452945874,9.368281227745317,10
1680,56.153679012345684,1092.0750382848391,526.0171005615109,1306.0,17.55474332014572,-13.58931883705998,139.08491412919616,22.199968456992774,-0.6587543830868233,-57.2074221477031,-3277.743845886619,9.374421507167627,10
1681,56.1871038212816,1089.5364525312539,530.4876841193217,1346.5,17.14954823477065,-14.302888778049834,139.90669084295476,22.33113593290742,-0.6951372831295302,-57.24380504774581,-3279.828432505513,9.380212025553444,10
1682,56.22052863021752,1086.627636731085,533.8091448781104,1319.5,16.685259067140528,-14.8330420627386,139.86984569972202,22.325254913943706,-0.7266992760406231,-57.275367040656896,-3281.63680149234,9.385235272739074,10
1683,56.25395343915344,1082.5311369025333,537.2102832896543,1335.5,16.031398312023345,-15.375913055806938,139.16755433036897,22.21315903104462,-0.7645307258092939,-57.31319849042557,-3283.804383896946,9.391256334974091,10
1684,56.28737824808936,1079.036261682243,540.411090342679,1337.5,15.473565565479047,-15.886808260070884,138.9413788501496,22.17705814578289,-0.7985746255467158,-57.34724239016299,-3285.754955670067,9.396674589899426,10
1685,56.32080305702528,1075.05834601725,544.1056570268898,1314.0,14.838632561850817,-16.4765146589658,138.91858511335582,22.173419934974717,-0.8376537376483444,-57.38632150226462,-3287.994023860609,9.402894223762043,10
1686,56.3542278659612,1071.4649859943977,547.2234530175707,1309.0,14.265080213191075,-16.97416009435903,138.91209659936771,22.17238427408532,-0.8719021623892431,-57.420569927005516,-3289.9563140532337,9.408345029852667,10
1687,56.38765267489712,1067.8159380333464,549.9813574898253,1269.5,13.682639262347589,-17.414361626457463,138.7509399042511,22.146661329432256,-0.9048296970542413,-57.453497461670516,-3291.8429228193086,9.413585609758432,10
1688,56.421077483833045,1064.190438352536,552.6800423784929,1258.5,13.10395695838423,-17.845110854573836,138.7066690482069,22.13959505906139,-0.9374085358929308,-57.486076300509204,-3293.7095527862025,9.418770692999804,10
1689,56.454502292768964,1060.4453145392847,555.3645262333595,1277.0,12.506180908823033,-18.273593391838705,138.73031112481465,22.14336867720133,-0.9706269966426179,-57.51929476125889,-3295.6128303890805,9.42405757523002,10
1690,56.487927101704884,1055.5996319663511,557.8241324921136,1268.0,11.732739727619157,-18.666182204959316,138.1284462637657,22.0473023208009,-1.0096440157086093,-57.558311780324885,-3297.8483409107434,9.430267326679084,10
1691,56.5213519106408,1051.0553333333332,560.3832,1250.0,11.007403792059375,-19.074646475222455,137.9751298511151,22.022830798881408,-1.0474078749306852,-57.59607563954696,-3300.0120506622948,9.436277631544504,10
1692,56.55477671957672,1046.5919861554844,562.8298722044728,1252.0,10.294988882209333,-19.465170825788935,137.95729097134353,22.019983455079124,-1.08430252818862,-57.6329702928049,-3302.125958580573,9.442149597984166,10
1693,56.58820152851264,1042.0677301987125,565.326896165687,1191.0,9.572852048315186,-19.8637320466257,138.14603609364582,22.0501099126303,-1.1217120561880218,-57.6703798208043,-3304.269366648515,9.448103509284005,10
1694,56.62162633744856,1037.9858543417365,567.5738095238095,1190.0,8.921325491049219,-20.222371989629007,138.47623089433472,22.102813789293354,-1.1553170302184625,-57.70398479483474,-3306.194789831106,9.453451907013424,10
1695,56.65505114638448,1034.6019879602406,569.4215315693685,1190.5,8.381211364350289,-20.517295212507072,138.85408594319497,22.16312493244308,-1.182988240843054,-57.73165600545933,-3307.780233413913,9.457855916965665,10
1696,56.6884759553204,1029.811872909699,571.1468784838349,1196.0,7.616639565221816,-20.792685590524233,138.73316814940952,22.143824699741835,-1.2196629599635098,-57.76833072457978,-3309.8815400343424,9.463692879800192,10
1697,56.721900764256326,1025.6000841042894,572.4862629660779,1189.0,6.9443770181798214,-21.00647076948303,138.61247738571558,22.1245607043342,-1.2515233306028866,-57.80019109521916,-3311.707004805701,9.468763615276188,10
1698,56.755325573192245,1021.2148431956861,573.5246204058465,1174.5,6.244429001122572,-21.17220766880292,138.29482921897758,22.073859452324548,-1.2839926036925104,-57.83266036830879,-3313.5673571175944,9.473931260587003,10
1699,56.788750382128164,1016.1677613574165,574.8875205254516,1218.0,5.438841577706056,-21.38974628436521,138.2731110888703,22.070392923935433,-1.3217997868437954,-57.870467551460074,-3315.7335491474414,9.479948460669911,10
1700,56.82217519106408,1011.4917870291702,575.7496459926366,1177.0,4.692488292429195,-21.527354006218488,138.0378922503006,22.03284858758931,-1.3561755480162885,-57.904843312632565,-3317.7031351801747,9.485419532983059,10
1701,56.8556,1006.3558149589278,576.5051160109525,1156.5,3.872712699445297,-21.647937972364797,137.77955873366471,21.991614813555607,-1.3937736995211105,-57.94244146413739,-3319.8573505788945,9.49140346464617,10
1702,56.88902480893592,1001.9738589211619,577.5547717842323,1205.0,3.173288995390884,-21.815478249492674,138.11442404219812,22.04506417097389,-1.4263489791307151,-57.97501674374699,-3321.7237766169833,9.496587981418639,10
1703,56.92244961787184,996.8806722689076,578.61918767507,1190.0,2.360342575331318,-21.98537445534406,138.53199311894423,22.111714248665052,-1.4638463055871285,-58.0125140702034,-3323.87221516596,9.502555866276907,10
1704,56.95587442680776,991.9950396825395,578.4216269841269,1176.0,1.5805247928716242,-21.953840905248153,137.89888368763604,22.01066080593286,-1.4989272339283775,-58.04759499854465,-3325.8822043013147,9.50813916943067,10
1705,56.98929923574368,987.4377358490566,578.619426974144,1192.5,0.8531130387954449,-21.98541265094513,137.84436198111766,22.001958351230943,-1.5320121904255595,-58.08067995504184,-3327.777832673977,9.513404803799178,10
1706,57.022724044679606,982.633610018931,578.2819280617446,1144.5,0.08630491614639993,-21.931542932173357,137.40426657535215,21.931712744888717,-1.5668611512845279,-58.1155289159008,-3329.7745310516125,9.518951188181498,10
1707,57.056148853615525,978.0045481220656,578.3661971830986,1136.0,-0.6525604650438366,-21.944993505498807,137.54824439609294,21.95469369216804,-1.6005237553603715,-58.14919151997665,-3331.7032561925785,9.524308758017515,10
1708,57.089573662551444,972.9881691807157,578.2338065661047,1127.0,-1.4532472610456295,-21.923862043904514,137.6565090311393,21.971974297315516,-1.636985595968911,-58.185653360585185,-3333.792365772726,9.53011184018459,10
1709,57.122998471487364,968.3626293543214,577.3598600787058,1143.5,-2.1915504687330647,-21.784367515868684,137.1700422917525,21.894327153932792,-1.67106096184095,-58.21972872645723,-3335.744740422558,9.535535103100791,10
1710,57.15642328042328,963.1913375169188,576.1636520241171,1354.5,-3.0169636085477913,-21.593435370235692,136.59897693134002,21.803176844300634,-1.7096144069104664,-58.258282171526744,-3337.9536901107313,9.541671074456827,10
1711,57.1898480893592,958.8070958938097,575.3647190174917,1343.5,-3.716752125154612,-21.46591408111974,136.48703684985585,21.785309584622755,-1.742243197159177,-58.29091096177545,-3339.8231820826,9.546864107712018,10
1712,57.22327289829512,954.7265087853323,574.5398523045582,1309.0,-4.368072979478622,-21.33425339654444,136.4339265054504,21.776832403773035,-1.7727498027514614,-58.32141756736774,-3341.571081830308,9.551719384788985,10
1713,57.25669770723104,950.134107027724,573.3998710509348,1292.5,-5.101086871021451,-21.152295863403985,136.32027947038264,21.75869268955938,-1.8074378057074418,-58.35610557032372,-3343.558557999423,9.557240151925416,10
1714,57.29012251616696,945.4797805842582,571.9192499043245,1306.5,-5.843984840081627,-20.915967265458605,136.05932416307576,21.717040439729345,-1.843251383363444,-58.39191914797972,-3345.610524848376,9.562940059839175,10
1715,57.323547325102886,941.4707379134859,570.5987679121467,1244.5,-6.4838861650463855,-20.70519919792295,135.93178292797685,21.696683009781683,-1.8742755890921927,-58.42294335370847,-3347.3880808993786,9.567877715536403,10
1716,57.356972134038806,937.2253411306043,568.6765432098765,1282.5,-7.1615130324710075,-20.398384271050208,135.44511883654368,21.619004366151568,-1.908435067326533,-58.45710283194281,-3349.345274832576,9.573314365350841,10
1717,57.390396942974725,932.867170912951,567.3764596602972,1256.0,-7.857140174838413,-20.19087209064719,135.73816460754495,21.665778719167594,-1.9419084823159407,-58.490576246932214,-3351.263160237358,9.57864182480857,10
1718,57.423821751910644,929.375988590691,565.7814080124465,1285.5,-8.414383481325189,-19.936278725929952,135.57194782358744,21.639248110984944,-1.970177442034657,-58.51884520665093,-3352.882852320466,9.58314096948387,10
1719,57.45724656084656,925.7062836153744,563.9776990686081,1270.5,-9.000121591087561,-19.648380632096334,135.39870014492507,21.611595270088202,-2.000332042156783,-58.54899980677306,-3354.610583640369,9.587940223150266,10
1720,57.49067136978248,921.5855926653568,561.9182711198429,1272.5,-9.657843599862952,-19.319666078197493,135.32075249818243,21.599153695746242,-2.034361552542432,-58.583029317158704,-3356.560330964363,9.593356187939138,10
1721,57.5240961787184,916.8099973481834,559.4366215857862,1257.0,-10.420097839069163,-18.923558838801316,135.343386719415,21.602766445558526,-2.074131959847549,-58.622799724463825,-3358.8390074524623,9.599685844850525,10
1722,57.55752098765432,913.0099102718629,556.5876523369492,1244.5,-11.026646822158574,-18.46882204829381,134.7628118438761,21.510098279463147,-2.1090373644793936,-58.65770512909567,-3360.8389398200634,9.605241212538306,10
1723,57.59094579659024,909.1318695428864,554.8498972778633,1298.0,-11.64563833822076,-18.191451150528067,135.3245735615065,21.599763592842542,-2.1402307751828658,-58.68889853979914,-3362.626190601991,9.61020579804366,10
1724,57.62437060552617,905.2773910801752,552.5239752513535,1293.0,-12.260868975030595,-17.820200278747834,135.51857607556963,21.63072920632941,-2.173444870886025,-58.7221126355023,-3364.5292181061254,9.615491985555146,10
1725,57.657795414462086,901.6963515103962,549.8420295540734,1274.5,-12.832454800783706,-17.392122868226668,135.4127280150649,21.61383432150922,-2.206463952210068,-58.75513171682634,-3366.4210721093923,9.62074713556422,10
1726,57.691220223398005,898.6681040114986,547.453678296093,1275.5,-13.315806998801722,-17.010907386135404,135.3437010977564,21.60281662489901,-2.234949042562166,-58.78361680717844,-3368.053147565616,9.625280678498175,10
1727,57.724645032333925,894.9550254204146,544.1956720114717,1278.5,-13.908468166380478,-16.49088235535391,135.1569491766951,21.573008311159157,-2.2714483046493417,-58.820116069265616,-3370.144401238553,9.631089716478556,10
1728,57.758069841269844,891.1315032679737,540.9364705882352,1275.0,-14.518757727331378,-15.97066656312481,135.22399323489145,21.583709514711725,-2.3086103564798317,-58.85727812109611,-3372.2736299664866,9.637004240722815,10
1729,57.79149465020576,888.088514507287,537.5670544190399,1246.5,-15.0044628444189,-15.432858899777974,134.8534676906722,21.52456826675052,-2.342120723311028,-58.8907884879273,-3374.1936325558495,9.642337581248823,10
1730,57.82491945914168,884.3405200574937,533.6552985757219,1275.5,-15.602697089184693,-14.80848596273571,134.77025121906564,21.511285711583884,-2.382304314317968,-58.930972078934246,-3376.4959827262273,9.64873299838876,10
1731,57.8583442680776,880.7226835376301,529.7230789508369,1264.5,-16.18015624157646,-14.18084670951429,134.793324216184,21.514968496387997,-2.4219507863792242,-58.9706185509955,-3378.7675582479205,9.655042930393465,10
1732,57.89176907701352,877.6741363211951,525.8068560757636,1249.5,-16.66674856877627,-13.5557607694502,134.59593570047568,21.48346242795539,-2.4587693375667636,-59.00743710218304,-3380.877105838753,9.660902784812443,10
1733,57.92519388594945,875.3895145631068,522.6125566343042,1287.5,-17.031407319031576,-13.045904274325812,134.409939950488,21.453774810080272,-2.487935626994029,-59.036603391610306,-3382.548211126992,9.665544743946441,10
1734,57.95861869488537,872.6035964564326,519.1109348142271,1260.5,-17.47608023326642,-12.486994672657445,134.56666197136104,21.478789916439442,-2.5211885866518102,-59.069856351268086,-3384.453465371702,9.670837116848412,10
1735,57.992043503821286,869.7088215488214,515.2002693602693,1237.5,-17.93812827090885,-11.862795777563257,134.73631035605771,21.505868257844227,-2.5573025593834755,-59.10597032399975,-3386.5226435906766,9.676584834123343,10
1736,58.025468312757205,867.6401920438957,511.6976680384087,1215.0,-18.268311526555813,-11.303729833211468,134.59102995152597,21.48267939930974,-2.587491955080666,-59.13615971969694,-3388.252368550176,9.681389625677507,10
1737,58.058893121693124,865.7905082841897,507.36422353271547,1187.0,-18.56354786744855,-10.612049272894508,133.96480184989844,21.382724316545694,-2.622271628328704,-59.17093939294498,-3390.245097040133,9.686924982594054,10
1738,58.092317930629044,863.4905090595341,503.3730227207362,1159.0,-18.930661084278324,-9.974995767227032,134.05992949086394,21.39790806700522,-2.6566395541862486,-59.205307318802525,-3392.2142341423887,9.692394807878099,10
1739,58.12574273956496,861.4560552616108,498.9415049970605,1134.0,-19.25538940167983,-9.267661299659837,133.88254198967465,21.369594450422696,-2.69301486041139,-59.241682625027664,-3394.298385667585,9.69818411767031,10
1740,58.15916754850088,858.6778816199376,494.4984423676012,1337.5,-19.698826187037472,-8.558484097775693,134.55980523278845,21.47769548156861,-2.731731024612612,-59.28039878922889,-3396.516658475251,9.704345986580494,10
1741,58.1925923574368,856.4237774451096,489.00935628742513,1336.0,-20.058613888624382,-7.682346390098543,134.57074858513712,21.479442199237276,-2.775831263690191,-59.32449902830647,-3399.043416049914,9.711364757621224,10
1742,58.22601716637273,855.2633635905192,485.257312153303,1322.0,-20.243832761068266,-7.08346575701002,134.36960464643167,21.447336710856067,-2.8050003807673822,-59.35366814538366,-3400.71468335056,9.716007166789685,10
1743,58.25944197530865,853.4944707740915,479.80896828290196,1371.5,-20.5261736962758,-6.213831096608246,134.36190010632097,21.446106954570105,-2.8476357222882345,-59.39630348690451,-3403.1575084778033,9.722792792143139,10
1744,58.292866784244566,851.6593008739075,475.30724094881396,1335.0,-20.819093414797283,-5.495290157467261,134.9008779034554,21.532135623964756,-2.883524218411846,-59.43219198302812,-3405.213767838758,9.728504623701346,10
1745,58.326291593180486,850.7335550628234,470.10827790096084,1353.0,-20.966855865771436,-4.665460291345338,134.5720797177159,21.479654667292824,-2.9226437998492942,-59.47131156446557,-3407.4551547514425,9.734730698458803,10
1746,58.359716402116405,849.752623688156,465.5730884557721,1334.0,-21.123426732658285,-3.941578314209027,134.62451746104526,21.488024491260838,-2.9571167089533756,-59.505784473569655,-3409.4303069506445,9.740217232345476,10
1747,58.393141211052324,848.9396496611686,460.43089119038484,1303.5,-21.253189172161317,-3.1208090898401526,134.58111184607108,21.481096325907203,-2.995795018102715,-59.544462782718995,-3411.6464108236037,9.74637307643703,10
1748,58.42656601998824,848.4687781640272,455.5394618256727,1294.5,-21.32834708881449,-2.340066057527178,134.42597789501366,21.45633469851112,-3.0323135025666454,-59.58098126718292,-3413.738765857601,9.752185173753688,10
1749,58.45999082892416,847.8184050665632,451.1283443195037,1289.5,-21.43215606291765,-1.6359877603937036,134.66512200067822,21.494505564385886,-3.0654070702736975,-59.614074834889976,-3415.6348876162456,9.757452178638811,10
1750,58.49341563786008,847.3195779914529,445.4361645299145,1248.0,-21.511776095056113,-0.7274333526667064,134.85035774422224,21.52407187421561,-3.1077899462890155,-59.65645771090529,-3418.0632475355496,9.7641976228591,10
1751,58.52684044679601,847.646977155118,440.0714375867726,1320.5,-21.45951844258736,0.12885483404130527,134.44834803416546,21.459905296995203,3.1355881719042653,-59.696264899891595,-3420.344031458744,9.770533133756864,10
1752,58.56026525573193,847.8183702552143,434.87329965021377,1286.5,-21.432161619313554,0.9585530004399283,134.40876043538464,21.453586542371635,3.096897459299764,-59.7349556124961,-3422.560845997336,9.776690951919619,10
1753,58.59369006466785,848.1378367825068,429.87517896654947,1280.5,-21.38117013060061,1.7563255138450946,134.40624018140073,21.453184273302437,3.059633101678901,-59.772219970116964,-3424.6959364152776,9.782621758636123,10
1754,58.627114873603766,848.7918180594804,424.7910106311398,1238.5,-21.276785238743887,2.567832479807578,134.2683634174337,21.431177143124557,3.021486484132756,-59.810366587663104,-3426.8815766033713,9.788692981380828,10
1755,58.660539682539685,849.0072347266881,420.5533226152197,1244.0,-21.242401615997576,3.2442289162795737,134.62881081171176,21.488709772263224,2.9900395166335074,-59.841813555162354,-3428.683355119563,9.793697921703583,10
1756,58.693964491475604,849.5572,416.27826666666664,1250.0,-21.15461918613158,3.9265898164818713,134.79946121373894,21.515948050159107,2.9580674390302386,-59.873785632765625,-3430.5152202284953,9.79878643589506,10
1757,58.727389300411524,850.7761133603238,411.87638326585693,1235.0,-20.96006294456924,4.629194216543275,134.48135446189832,21.46517360131947,2.9242242592787533,-59.90762881251711,-3432.454291593558,9.804172745242457,10
1758,58.76081410934744,851.4663683211282,407.12191483590993,1229.0,-20.849888246953174,5.388076298294762,134.91780249803955,21.534837034597732,2.888702952649027,-59.943150119146836,-3434.4895125462313,9.80982613677766,10
1759,58.79423891828336,853.06873132301,402.5877478945938,1227.0,-20.594127884147884,6.111795068990884,134.58616366131508,21.48190266885079,2.853098409948448,-59.97875466184741,-3436.5295025744676,9.815492775744984,10
1760,58.82766372721929,854.3158710040839,397.6373750176031,1183.5,-20.39506631262772,6.901946340303179,134.8954554679568,21.531270124656054,2.8152777934213127,-60.016575278374546,-3438.6964642800554,9.82151211381606,10
1761,58.86108853615521,856.0703560703561,392.98355498355494,1165.5,-20.115025063198413,7.644763479079434,134.81702157450195,21.518750938290243,2.7783998593928625,-60.053453212403,-3440.8094142570476,9.827381419307706,10
1762,58.89451334509113,857.8000284656988,388.5493879874751,1171.0,-19.83894427573162,8.352520808925945,134.85947442196957,21.525527028138598,2.7431009876983423,-60.08875208409752,-3442.8318906267173,9.832999409223456,10
1763,58.927938154027046,859.4698275862069,384.5423850574712,1160.0,-19.57242013084586,8.992096561696174,134.94517960739879,21.539206818107495,2.7109270158946086,-60.12092605590125,-3444.6753234212442,9.838120055874919,10
1764,58.961362962962966,861.0999027372516,381.2783104071141,1199.5,-19.31223650732142,9.513090191615577,134.87592526754312,21.528152821562067,2.683887446695462,-60.1479656251004,-3446.2245766162073,9.842423536972039,10
1765,58.994787771898885,863.3000848896435,376.8082908885116,1178.0,-18.961055542163923,10.226570103771532,134.96945527167887,21.543081566024366,2.6469658510792513,-60.18488722071661,-3448.340028217905,9.8482997914212,10
1766,59.028212580834804,865.6669602231028,372.44723323058855,1135.5,-18.583267928939218,10.922658123462051,135.04765426373697,21.555563258722152,2.6102155083886287,-60.221637563407235,-3450.445667749737,9.854148790120732,10
1767,59.06163738977072,867.8766025641025,368.6515151515151,1144.0,-18.230576980545898,11.528509751258245,135.13745906330666,21.569897406535492,2.5777095499368765,-60.254143521858985,-3452.30812197805,9.859322274088269,10
1768,59.09506219870664,870.6411798396334,364.3194444444444,1164.0,-17.789310372316233,12.219971033400594,135.21394070306485,21.582104984911634,2.5396939915704007,-60.29215908022546,-3454.486253028282,9.86537263811669,10
1769,59.12848700764257,873.7312631027253,359.86962788259956,1272.0,-17.296088289967333,12.930226260797847,135.29493174336332,21.59503232898185,2.499641529915062,-60.3322115418808,-3456.781090040243,9.871747185372138,10
1770,59.16191181657849,876.4487882109364,356.3582998416758,1368.5,-16.862331889705736,13.490685116013827,135.29368428611272,21.594833216721632,2.466822074490235,-60.365030997305624,-3458.661506322003,9.876970563932582,10
1771,59.19533662551441,879.3108124922234,353.297747915889,1339.5,-16.405511326774675,13.979193568845325,135.03549694880294,21.553622775027375,2.435878667953176,-60.395974403842686,-3460.434432920334,9.881895360039058,10
1772,59.22876143445033,882.3601462522852,349.6712979890311,1367.5,-15.918793455810372,14.558027545852537,135.1496107369665,21.571836989801135,2.4008140631304795,-60.43103900866538,-3462.4434867869686,9.887476065224153,10
1773,59.262186243386246,884.9427138023567,346.09707152024265,1428.5,-15.506578238160063,15.128525901925471,135.72664027300218,21.663939268318888,2.3685343583820853,-60.46331871341378,-3464.29297763298,9.892613539796407,10
1774,59.295611052322165,888.3460317460317,342.73003663003664,1365.0,-14.963359360169306,15.66595347862681,135.72634487693472,21.66389211882449,2.3332598938247897,-60.498593177971074,-3466.3140555766972,9.898227645195622,10
1775,59.329035861258085,891.4819656257564,339.32546598886466,1377.0,-14.462818854759531,16.20937230529707,136.1007207716099,21.72364793853278,2.299313343437107,-60.532539728358756,-3468.2590496429393,9.90363040649074,10
1776,59.362460670194004,894.4956848030018,336.55084427767355,1332.5,-13.9817855874784,16.652242151061312,136.2262058118109,21.743677169968326,2.269241416447006,-60.56261165534886,-3469.982044141298,9.908416502319513,10
1777,59.39588547912992,898.0642883686362,333.2468722903505,1345.5,-13.412184728257934,17.179603974308556,136.54824651286538,21.795079534128657,2.2336601438813957,-60.59819292791447,-3472.020700889012,9.91407943772983,10
1778,59.42931028806585,901.3330876934414,330.7098992876443,1357.0,-12.890436971808185,17.58454164126504,136.59911335735958,21.803198619870976,2.2033641702164286,-60.62848890157943,-3473.756532316254,9.91890119169439,10
1779,59.46273509700177,905.313760591956,328.22866690535864,1396.5,-12.255063873741324,17.980582297191564,136.32707784668432,21.759777808965755,2.1690472371158642,-60.66280583468,-3475.722747748749,9.924362901229099,10
1780,59.49615990593769,908.481763285024,326.12753623188405,1380.0,-11.749404720855415,18.315953210472834,136.33207649502455,21.760575665700795,2.1411621230349023,-60.69069094876096,-3477.320447096829,9.928800954973765,10
1781,59.52958471487361,913.0948747297468,323.0686760778329,1310.5,-11.013085263043415,18.80419163201156,136.52814880422378,21.791871648494944,2.100613782067325,-60.731239289728535,-3479.6436959005287,9.935254423872932,10
1782,59.56300952380953,917.0459944402323,320.8539297447561,1319.0,-10.382429282186266,19.157697251527374,136.5175874617818,21.790185905144966,2.0674346953978966,-60.76441837639796,-3481.5447175347854,9.940535039523645,10
1783,59.596434332745446,920.9466116529131,318.06889222305574,1333.0,-9.759834232058257,19.60222961163551,137.19010125764217,21.897528855661687,2.032757787309741,-60.79909528448612,-3483.5315580148,9.946054040857017,10
1784,59.629859141681365,924.897582697201,315.71870229007635,1310.0,-9.129201980481307,19.9773539930736,137.6093596879441,21.964448578669067,1.9994376003757448,-60.83241547142012,-3485.440664098705,9.95135711331231,10
1785,59.663283950617284,929.4037990196077,313.90441176470586,1360.0,-8.409944533732691,20.266941060709364,137.47224388609038,21.94256290907531,1.964131298504087,-60.86772177329178,-3487.4635661861657,9.956976285777479,10
1786,59.6967087595532,933.2672683966402,312.4134386360787,1329.5,-7.793278816665715,20.504921985045993,137.43097302601586,21.93597548154887,1.9340033572074027,-60.89784971458846,-3489.1897700678837,9.961771296560029,10
1787,59.73013356848913,937.3288973384031,310.5074778200253,1315.0,-7.144983960565173,20.809140959918746,137.84222233981208,22.00161683346253,1.901541740971544,-60.93031133082432,-3491.0496836743714,9.966937723244717,10
1788,59.76355837742505,941.8133798269404,308.92728916440655,1290.5,-6.429195548753755,21.061361975623214,137.96239120185632,22.020797525801434,1.8670719780442016,-60.96478109375166,-3493.024655610925,9.97242375640181,10
1789,59.79698318636097,946.7045277127245,307.600052042675,1281.0,-5.648497444557991,21.27320825975739,137.89685190871782,22.010336504565032,1.8303294189687853,-61.001523652827075,-3495.1298491744565,9.97827151630051,10
1790,59.83040799529689,953.5718022855568,306.4880903208041,1210.5,-4.552380875360757,21.450693469461633,137.38375410633438,21.928438657486637,1.7799189189985307,-61.05193415279733,-3498.0181580658964,9.986294596554508,10
1791,59.86383280423281,957.8353221957041,304.8614425881729,1257.0,-3.871861294113369,21.71033002732374,138.16342269945082,22.052885066951397,1.7472827289433457,-61.084570342852516,-3499.888074015445,9.991488807525476,10
1792,59.897257613168726,962.7137738853503,303.9643046709129,1256.0,-3.093189686864089,21.853526243746202,138.27909887385567,22.071348661217474,1.7114042094518702,-61.12044886234399,-3501.9437617574845,9.997199051253364,10
1793,59.930682422104645,967.0392466745685,302.7707098643487,1265.5,-2.402781528053802,22.0440412771131,138.9260107875602,22.17460518021962,1.6793668513360591,-61.15248622045981,-3503.77936716427,10.0022979551611,11
1794,59.964107231040565,971.3161745144984,302.46382016493743,1253.0,-1.7201218468530095,22.093025321783664,138.83379930767111,22.15988689134029,1.648497713514192,-61.18335535828167,-3505.5480384786706,10.007210931034438,11
1795,59.997532039976484,976.7361592806678,301.7664739884393,1297.5,-0.8550137105775317,22.204331880218046,139.21534819952748,22.2207876253778,1.609283929011273,-61.222569142784586,-3507.794822829423,10.013451998675416,11
1796,60.03095684891241,981.2911526727682,301.6205066985011,1256.5,-0.12797073643794576,22.227630375620436,139.26052660865818,22.227998754377072,1.5765535451931196,-61.25529952660274,-3509.6701356840467,10.01866120104937,11
1797,60.06438165784833,985.9680622651637,301.5921900161031,1242.0,0.6185318305546178,22.232150128607156,139.34043133397648,22.240752706829337,1.5429819987873596,-61.2888710730085,-3511.593643604824,10.024004278607086,11
1798,60.09780646678425,991.1409170364393,302.0473309130025,1239.5,1.4441944372716289,22.159503043781918,139.12592380431678,22.20651419561446,1.5057156749037843,-61.32613739689208,-3513.728846681321,10.029935398264021,11
1799,60.13123127572017,995.883958585451,301.99004975124376,1239.5,2.201252623182832,22.168645947541005,139.57169295010553,22.2776654131104,1.4718249867598099,-61.36002808503605,-3515.6706400767644,10.035329268806919,11
1800,60.16465608465609,1000.4075712881022,303.9958210422812,1356.0,2.9232867843947754,21.848495774017437,138.10270319152684,22.043193353302396,1.43778819355614,-61.394064878239725,-3517.6208046754946,10.04074639269228,11
1801,60.19808089359201,1005.4476363636363,304.38945454545456,1375.0,3.7277542307643685,21.785666160836335,138.4729745937126,22.102294036511033,1.4013271492057842,-61.43052592259008,-3519.7098686334093,10.046549348130933,11
1802,60.231505702527926,1009.5882352941177,305.5396528037966,1334.5,4.388653841805998,21.602077845638014,138.10379410245497,22.043367478500265,1.3703652400747532,-61.46148783172111,-3521.4838553522845,10.051477089016698,11
1803,60.264930511463845,1014.8043293201994,305.55308281649036,1370.5,5.221218060382269,21.599934220931882,139.22308373405266,22.222022328821605,1.3336220732806818,-61.49823099851518,-3523.5890837355305,10.057324945636825,11
1804,60.298355320399764,1019.799602435085,307.08994906199524,1341.5,6.0185360605322735,21.354628089879217,139.00083439727817,22.18654811296669,1.2960844784356629,-61.5357685933602,-3525.7398294932223,10.063299239408192,11
1805,60.33178012933569,1024.8361644510092,308.70384047267356,1354.0,6.822444367808083,21.097027625915242,138.9143143341688,22.172738256707653,1.258026601315861,-61.57382647048,-3527.920385229414,10.06935633867539,11
1806,60.36520493827161,1030.1402116402116,309.98244348244344,1386.0,7.669047186179302,20.892944051045717,139.43593735182625,22.255996851724507,1.2190013510155078,-61.612851720780355,-3530.156367366066,10.075567400166092,11
1807,60.39862974720753,1034.6400245549416,311.4379373848987,1357.5,8.387282556239505,20.660626125509683,139.70009927314948,22.298160923634324,1.1851669737229058,-61.646686098072955,-3532.0949343873854,10.080952308558645,11
1808,60.43205455614345,1039.0714551544474,313.08671380721995,1343.5,9.094603117526248,20.39745750799762,139.9190973279614,22.33311618775773,1.151382675436154,-61.68047039635971,-3534.030632093027,10.086329246629871,11
1809,60.46547936507937,1043.3056280283265,314.8623431482172,1341.5,9.770438486373326,20.114041325816757,140.09684678264915,22.361487577365452,1.118611841794416,-61.713241230001444,-3535.908262551824,10.091544886793196,11
1810,60.49890417401529,1048.1449386503068,317.31122188139057,1304.0,10.542862611837851,19.723164781284044,140.11352372671863,22.36414945938637,1.079898364355768,-61.75195470744009,-3538.1263814193335,10.097706328091833,11
1811,60.532328982951206,1052.4265484546238,320.3208964413249,1353.5,11.226269602424152,19.242777093556157,139.5743959714685,22.278096854502678,1.0426708421279725,-61.78918222966789,-3540.2593613247154,10.10363127227345,11
1812,60.565753791887126,1057.444852491125,323.0330517811238,1361.5,12.027263671518085,18.809877786172823,139.87680044419554,22.32636499197701,1.0019003075646622,-61.8299527642312,-3542.595340883686,10.110120104381702,11
1813,60.599178600823045,1061.5451851851851,325.57876543209875,1350.0,12.681736207531277,18.40354498504902,140.02409130241642,22.349874748063637,0.9674287225250743,-61.86442434927079,-3544.5704172195806,10.115606427536964,11
1814,60.63260340975897,1065.4704280155643,328.3669260700389,1285.0,13.308261863214605,17.958514130316605,140.03826944816254,22.3521377856498,0.9330440952078883,-61.89880897658797,-3546.5405112449853,10.121078910940867,11
1815,60.66602821869489,1069.3793103448277,331.28069487983277,1276.0,13.93217614575956,17.493434390551972,140.1094053113102,22.36349210058702,0.898240198430377,-61.93361287336548,-3548.5346276409455,10.126618123151868,11
1816,60.69945302763081,1072.5130228887135,333.9442252038937,1267.0,14.432362093769179,17.068296340544112,140.03851498053777,22.3521769761761,0.8688823734447491,-61.962970698351114,-3550.216707108306,10.131290566116757,11
1817,60.73287783656673,1076.2200596859996,336.7458154924095,1284.5,15.024058903476496,16.621121918904866,140.36945831573652,22.405000329797613,0.8358231929218111,-61.996029878874054,-3552.1108586264318,10.136552098111551,11
1818,60.76630264550265,1079.736068111455,340.7541279669762,1292.0,15.585264815910163,15.981337143839369,139.85393448521657,22.32271525346115,0.7979447005750122,-62.03390837122085,-3554.2811363722217,10.142580647405412,11
1819,60.79972745443857,1083.0180321442572,344.0739579249967,1275.5,16.1091138505906,15.451444158593146,139.846505124306,22.3215294197645,0.7645628371691995,-62.06729023462666,-3556.1937762576567,10.147893535976065,11
1820,60.83315226337449,1086.6373669688608,348.0758113257128,1268.5,16.686812154138163,14.812690345344345,139.7924394056376,22.312899747333397,0.7259713484322131,-62.10588172336365,-3558.404905687413,10.154035562169831,11
1821,60.866577072310406,1089.8157605711147,352.52649643053263,1214.0,17.194129846755786,14.102296485897963,139.32096297607856,22.237645274697325,0.6869257939322312,-62.14492727786363,-3560.64205116901,10.160249855174268,11
1822,60.900001881246325,1092.804439030992,356.3938286642306,1231.5,17.671166252557054,13.485014200911566,139.2650074975283,22.228713969195294,0.6518377924180974,-62.18001527937776,-3562.6524455673184,10.165834284058459,11
1823,60.93342669018225,1095.9538684592064,360.02293396599447,1264.5,18.173860843136016,12.905756387577298,139.6494854976272,22.29008223136839,0.6174905825866833,-62.21436248920918,-3564.6203957287084,10.171300812284542,11
1824,60.96685149911817,1098.433638443936,362.33536740401723,1311.0,18.569668079213795,12.536658490048925,140.37174271354885,22.40536495280288,0.593828556303598,-62.23802451549226,-3565.976129969457,10.175066740731065,11
1825,61.00027630805409,1101.0294231513744,366.79184410891725,1291.5,18.983992946774556,11.825340207275254,140.1240955603203,22.365836877277516,0.5570957851327278,-62.27475728666313,-3568.0807627273675,10.180912942836374,11
1826,61.03370111699001,1104.0397174463546,371.68985739037714,1250.5,19.464479553199382,11.043546286409496,140.20743693072708,22.379139368103186,0.5160806254624658,-62.3157724463334,-3570.430758272529,10.187440708239599,11
1827,61.06712592592593,1106.6895012118891,375.6220181145554,1306.5,19.887423453197584,10.415916434594688,140.65116601149163,22.44996496164867,0.4824617875188062,-62.349391284277054,-3572.356975798835,10.192791312479338,11
1828,61.10055073486185,1108.7925454304284,380.4306937259583,1256.5,20.22309979600975,9.648382100900578,140.38078323051215,22.406807950360715,0.4451579839845315,-62.38669508781133,-3574.494326301134,10.198728397207947,11
1829,61.13397554379777,1110.9424915824916,384.70114478114476,1237.5,20.566262367298396,8.966756208431697,140.56364189860432,22.435994844490462,0.41114524968861915,-62.420707822107246,-3576.44311242599,10.204141691999213,11
1830,61.16740035273369,1112.18919582566,390.5409453652547,1357.5,20.76525443661676,8.034639382001892,139.49529702287091,22.265471515695502,0.36918607396101394,-62.46266699783485,-3578.8471961070295,10.210819702224322,11
1831,61.200825161669606,1113.722099311701,394.58075221238937,1356.0,21.00992805381521,7.389827648535053,139.53403897750172,22.27165529325435,0.3382154294227106,-62.49363764237315,-3580.621683327874,10.215748833393336,11
1832,61.23424997060553,1115.4974145541682,398.06356413166856,1321.5,21.293294101317546,6.833920379700595,140.10675263279072,22.36306869464233,0.31055754996749774,-62.521295521828364,-3582.2063630909392,10.220150721624073,11
1833,61.26767477954145,1117.0361079437475,402.756619789687,1315.5,21.538891871050595,6.084840666582728,140.2246907548821,22.381893328548156,0.2753299036451056,-62.556523168150754,-3584.2247585473915,10.225757375669772,11
1834,61.30109958847737,1118.3919764916316,407.42148971508874,1304.5,21.75530814583719,5.340259804968252,140.34537562469453,22.401156383206864,0.2407099303361062,-62.59114314145975,-3586.208336904853,10.231267315551609,11
1835,61.33452439741329,1119.055706346129,411.7226315109215,1289.5,21.86124905198119,4.653735225402106,140.0317382536551,22.351095312330823,0.20974511904295065,-62.62210795275291,-3587.98248990537,10.236195518330824,11
1836,61.36794920634921,1120.0628458498024,415.9728590250329,1265.0,22.022003116168,3.97533730324737,140.19988487900144,22.377933951173937,0.17859328828947216,-62.65325978350639,-3589.76735833165,10.241153486181602,11
1837,61.40137401528513,1120.337603416066,420.41299706431806,1249.0,22.065858406603784,3.2666269083496053,139.75136364508649,22.306343460519038,0.1469724053778911,-62.684880666417975,-3591.579101466961,10.246186106001911,11
1838,61.43479882422105,1121.219921875,424.11783854166663,1280.0,22.206689222655918,2.6752805035274623,140.13299084558895,22.367256693751617,0.11989403277180834,-62.71195903902405,-3593.130577933372,10.250495762853053,11
1839,61.46822363315697,1121.8224828143955,428.6114031540639,1236.5,22.30286668325075,1.958042453094371,140.2670420525919,22.38865320958311,0.08756878535536394,-62.7442842864405,-3594.9826781820507,10.255640485766047,11
1840,61.501648442092886,1121.6526587787298,433.62260301917587,1225.5,22.27576030540509,1.1581823127355602,139.74826353381576,22.305848637821303,0.051946167554576275,-62.77990690424129,-3597.0237038372434,10.261310001474916,11
1841,61.53507325102881,1121.9449917898194,438.9549808429118,1218.0,22.322420891607113,0.3070575144145584,139.8653207510074,22.324532666535617,0.013754697638581205,-62.81809837415728,-3599.2119138768307,10.267388362695993,11
1842,61.56849805996473,1121.6789677764407,443.89169675090255,1246.5,22.27995960281253,-0.48091390667519246,139.6185800398075,22.285149272297726,-0.021581692602939455,-62.8534347643988,-3601.236539900897,10.273012323873955,11
1843,61.60192286890065,1122.1501888758628,448.708610134167,1279.5,22.355173321057507,-1.2497631081723737,140.27598097916297,22.390079991841702,-0.05584674034739357,-62.88769981214325,-3603.1997825214685,10.278465775597764,11
1844,61.63534767783657,1120.918275958578,452.96893366918556,1191.0,22.15854216176385,-1.9297725016148712,139.35084401390864,22.242414721487748,-0.08687014475280155,-62.91872321654866,-3604.977292660026,10.283403303760423,11
1845,61.66877248677249,1121.1122448979593,457.97293083900223,1176.0,22.189502416244785,-2.728482987394953,140.06637603803026,22.3566240048232,-0.12234861972160938,-62.95420169151747,-3607.010059539299,10.289049878425072,11
1846,61.70219729570841,1120.3882940756603,462.0997858672377,1167.5,22.073949370682108,-3.38718887240781,139.91407725183356,22.332314910837173,-0.15225971492080623,-62.98411278671667,-3608.7238390548273,10.293810377079316,11
1847,61.73562210464433,1119.144065446478,466.63158624514693,1202.0,21.87535244524218,-4.1105299052787085,139.4497449952067,22.258200751762338,-0.18574101239740898,-63.01759408419327,-3610.6421760928583,10.299139091073847,11
1848,61.76904691358025,1117.8633475949696,472.7719434720601,1285.5,21.67093131097464,-5.09061992874104,139.46609405347704,22.260810298456715,-0.23072235927468493,-63.06257543107055,-3613.2194174257406,10.306298094776299,11
1849,61.80247172251617,1116.301347488771,477.71648291819787,1224.5,21.421613451417148,-5.8798400999283364,139.1722937679779,22.21391551398945,-0.2678842539700899,-63.09973732576595,-3615.348637150497,10.312212594011733,11
1850,61.83589653145209,1114.8489430211393,482.8304633907322,1190.5,21.189788644463132,-6.696105515129875,139.22684683636297,22.22262297449991,-0.30607597245656876,-63.13792904425243,-3617.5368614321237,10.31829099479403,11
1851,61.86932134038801,1113.6758422350042,487.64228978362087,1217.0,21.002544753836126,-7.46414275922255,139.64562737782347,22.289466419520767,-0.34147055313525476,-63.173323624931115,-3619.564821522648,10.323924217267708,11
1852,61.90274614932393,1111.9101713653952,492.6575456053068,1206.0,20.7207180880459,-8.264650289045333,139.76254783315193,22.308128619059232,-0.3795225941388945,-63.21137566593476,-3621.7450428740153,10.329980387688172,11
1853,61.93617095825985,1110.1498127340824,497.2111249826605,1201.5,20.439739332493463,-8.991467565933924,139.89964888245137,22.330011933931477,-0.41442416669848775,-63.24627723849435,-3623.7447556800494,10.33553514548271,11
1854,61.96959576719577,1108.1229226754565,501.15409971157806,1213.5,20.116218297527087,-9.62082348966393,139.70213665498753,22.298486119309374,-0.4461064970304769,-63.27795956882634,-3625.5600194932117,10.340577544963718,11
1855,62.00302057613169,1106.2219508886174,505.45204178537506,1228.5,19.81279564403743,-10.306837347210301,139.92045630080258,22.33333309952273,-0.47968549070250543,-63.31153856249837,-3627.4839541109154,10.345921807790672,11
1856,62.03644538506761,1103.8005304299274,509.14070351758795,1194.0,19.42630183814487,-10.895601230168712,139.5437013869426,22.2731975538665,-0.511149255208599,-63.34300232700446,-3629.286695024708,10.350929421440096,11
1857,62.06987019400353,1102.00201236165,512.3925542618945,1159.5,19.139232283297233,-11.41464374748583,139.6152663099092,22.284620352970435,-0.5377684531733413,-63.369621524969205,-3630.811862722111,10.355165998377327,11
1858,62.10329500293945,1099.4397966594045,516.2521423384168,1147.5,18.730265515578438,-12.030689952728403,139.46844010528523,22.26118476233345,-0.5709522427940864,-63.40280531458995,-3632.7131538156295,10.36044736252599,11
1859,62.13671981187537,1096.7517482517483,520.9344405594405,1144.0,18.30121402401692,-12.77805262296311,139.8412266438394,22.320686897765672,-0.609522214938477,-63.44137528673434,-3634.9230504354405,10.366585964247687,11
1860,62.17014462081129,1093.728077023159,525.6500130106688,1281.0,17.81859226507729,-13.530726342678594,140.17340553270003,22.37370746366209,-0.6494646490858806,-63.48131772088174,-3637.211583335566,10.372943000081369,11
1861,62.20356942974721,1090.2415019762846,529.6177865612648,1265.0,17.262084346528695,-14.164040517829898,139.89546369475795,22.329343917307515,-0.6871338696093221,-63.51898694140518,-3639.3698706891064,10.378938242730092,11
1862,62.23699423868313,1087.344634920635,532.7732063492062,1312.5,16.799702371731733,-14.667691256656983,139.72302250799262,22.30181980420837,-0.7177485263336876,-63.54960159812955,-3641.1239613106545,10.383810716678836,11
1863,62.27041904761905,1083.5877901757085,536.7112992176477,1299.5,16.20005549156964,-15.296267964688013,139.58902046307935,22.280431135359038,-0.7567110186941179,-63.58856409048998,-3643.3563476822183,10.39001178993318,11
1864,62.30384385655497,1080.2405310425615,540.2308993882598,1280.5,15.66578441236246,-15.858047171714267,139.65604771459317,22.291129656321445,-0.7914970532167892,-63.62335012501265,-3645.3494406463633,10.395548159278027,11
1865,62.33726866549089,1075.9334157056562,543.4060955518945,1214.0,14.978306369049232,-16.3648545067785,138.98886192462993,22.184637132780182,-0.8296070013553979,-63.66146007315126,-3647.532979832168,10.401613545905263,11
1866,62.37069347442681,1072.7731009070294,546.7329931972789,1176.0,14.473874315559145,-16.89587559738054,139.3844488386495,22.2477785386488,-0.8624534739731206,-63.69430654576898,-3649.4149440850556,10.406841224385506,11
1867,62.40411828336273,1068.752308984047,549.290232297789,1191.0,13.832097639625578,-17.304048027321993,138.79087771239355,22.15303598254654,-0.8964480842260653,-63.72830115602193,-3651.3626917787415,10.412251634645745,11
1868,62.437543092298654,1064.9455922865013,552.490082644628,1210.0,13.224490472886268,-17.814790527410384,139.0023864528916,22.186795843541052,-0.9322207773655281,-63.76407384916139,-3653.4123161174493,10.4179450355866,11
1869,62.47096790123457,1061.3049706345796,554.852886405959,1163.5,12.643394483126864,-18.191928258702262,138.79719477283905,22.154044276965163,-0.963433794517351,-63.79528686631321,-3655.2006902661183,10.422912741555125,11
1870,62.50439271017049,1056.7531186539018,557.7725558456629,1149.0,11.916852923787928,-18.657949824535514,138.70225529944298,22.138890560777376,-1.0024051520815334,-63.8342582238774,-3657.4335845764413,10.429115225750467,11
1871,62.53781751910641,1051.5739421868454,560.874039938556,1193.5,11.090181282785606,-19.15299164458608,138.65962112232748,22.132085528088677,-1.0459377102062601,-63.87779078200212,-3659.927816428396,10.436043647561451,11
1872,62.57124232804233,1047.2538759689921,562.9035160575858,1204.0,10.400636091138315,-19.476925452280195,138.33293943452918,22.07994239516872,-1.0803217950211912,-63.912174866817054,-3661.8978793707115,10.44151604462344,11
1873,62.60466713697825,1042.896318239526,565.0506418394696,1181.5,9.705106710764147,-19.81963785160439,138.25961204721008,22.068238281205613,-1.1154458129209142,-63.94729888471678,-3663.910337355908,10.447106205693428,11
1874,62.63809194591417,1038.1167152980408,566.9723495901069,1199.5,8.942212796623636,-20.126370265502842,137.97923676422946,22.02348632174789,-1.1526898633449718,-63.98454293514084,-3666.044264257179,10.453033780419181,11
1875,62.67151675485009,1033.9122448979592,568.9398639455782,1225.0,8.271118373158926,-20.440414077541075,138.148107334534,22.05044051270057,-1.1862917691179362,-64.0181448409138,-3667.969511641566,10.458381689820257,11
1876,62.70494156378601,1030.0262382864792,570.7593038821954,1245.0,7.650855386776467,-20.730823065857194,138.4433799314171,22.0975702994072,-1.2172461098259229,-64.04909918162178,-3669.7430647217434,10.463308226154084,11
1877,62.738366372721934,1025.9104497354497,571.7347883597884,1260.0,6.993915871944309,-20.886524529013254,137.99741574138537,22.026387950022734,-1.2476786761014742,-64.07953174789733,-3671.4867223290844,10.468151719507809,11
1878,62.77179118165785,1020.9842091295116,572.9720010615711,1256.0,6.207616460911159,-21.084001610737975,137.69955442513978,21.978844966180016,-1.2844638034219633,-64.11631687521782,-3673.5943548733994,10.474006254353128,11
1879,62.80521599059377,1016.7156346958045,573.9282341831916,1235.5,5.526290104433723,-21.23663027841497,137.48056388545717,21.943890901580186,-1.3162180563561818,-64.14807112815204,-3675.413739548121,10.4790601006718,11
1880,62.83864079952969,1011.797042463709,575.1507258173924,1228.5,4.741211484735965,-21.431757664358386,137.51838455818336,21.94992762919224,-1.3530791701250104,-64.18493224192088,-3677.525725795227,10.484926729135983,11
1881,62.87206560846561,1006.9219858156029,576.3795021554721,1198.5,3.963081775330691,-21.627888180143362,137.75682899386427,21.987986817595264,-1.3895674093548516,-64.22142048115072,-3679.6163479049605,10.490734012774132,11
1882,62.90549041740153,1002.4738837405223,577.2010671159786,1187.0,3.25310020487406,-21.75902185716942,137.8374596881901,22.000856645224708,-1.4223897288146383,-64.2542428006105,-3681.4969282838365,10.495957847159898,11
1883,62.93891522633745,997.4923208191126,577.615329920364,1172.0,2.4579705503445073,-21.825144205864397,137.601021567844,21.963117693832476,-1.4586478336880544,-64.29050090548391,-3683.5743646662254,10.501728503777645,11
1884,62.97234003527337,993.1953236384373,577.7447961220416,1169.0,1.7721075114374514,-21.845808888382155,137.31564039725768,21.91756672214801,-1.4898546774485002,-64.32170774924437,-3685.362385105624,10.506695227220419,11
1885,63.00576484420929,988.1948830409356,578.2441520467836,1140.0,0.9739647061545679,-21.92551333258799,137.50088953230008,21.947135169455,-1.5264039873107285,-64.35825705910659,-3687.4565063048453,10.51251223055159,11
1886,63.039189653145215,983.2380134535565,577.8505796479176,1164.5,0.18277646568857867,-21.862693472540105,136.97664086687533,21.863457482993336,-1.5624363226702411,-64.3942893944661,-3689.521007046945,10.518246954835199,11
1887,63.072614462081134,978.2827529021558,577.7535931453841,1206.0,-0.6081549493108237,-21.847213020828445,136.92788853414532,21.855675903980348,-1.5986258691098867,-64.43047894090574,-3691.5945153204293,10.524006700039322,11
1888,63.10603927101705,972.8103685368535,578.4625962596259,1212.0,-1.4816268211876182,-21.960380195504605,137.89665313135836,22.010304776817005,-1.6381624119250187,-64.47001548372089,-3693.859792360275,10.530299136261116,11
1889,63.13946407995297,968.1233401779601,578.5141683778234,1217.5,-2.2297444899939527,-21.968611853153543,138.34255965979614,22.081477922575218,-1.6719467697341837,-64.50379984153004,-3695.7954934762997,10.53567608380563,11
