frame,video_time_s,tracking_time_s,x_px,y_px,x_measured_mm,y_measured_mm,dot_diameter_mm,dot_circularity,nearest_commanded_x_mm,nearest_commanded_y_mm,x_path_deviation_mm,y_path_deviation_mm,path_deviation_mm
180,6.002884440400364,0.0028844404003640634,1119.215765600098,283.6487679293858,48.36310958862305,-36.061180114746094,7.508829208331589,0.843375914946181,48.015863420179336,-37.942636195751675,0.3472461684437107,1.881456081005581,1.9132320523793545
181,6.036233798402589,0.03623379840258867,1119.1155539251652,283.669601369528,48.345062255859375,-36.06487274169922,7.5184886452864435,0.8386296734591269,47.999069658722426,-37.9395366977732,0.34599259713694863,1.8746639560739808,1.9063252150345489
182,6.069583156404812,0.06958315640481239,1120.7669465741753,284.50602409638554,48.6418571472168,-36.217323303222656,7.536394753342012,0.8261964927843124,48.31329756103392,-37.997531373385,0.32855958618287673,1.7802080701623453,1.8102740606725283
183,6.102932514407037,0.10293251440703699,1120.9983097911384,284.58070747313775,48.68345260620117,-36.23099899291992,7.566600865404436,0.8102216831730007,48.35596368973294,-38.005405939186794,0.3274889164682335,1.774406946266872,1.8043749614117526
184,6.136281872409261,0.1362818724092607,1120.9938024061246,284.65876777251185,48.6826057434082,-36.245113372802734,7.541895772142603,0.814131898698713,48.35766389698139,-38.005719733624275,0.32494184642681034,1.7606063608215408,1.7903412974415058
185,6.169631230411485,0.1696312304114853,1123.0542015278284,286.13992967139563,49.0527229309082,-36.514469146728516,7.550139785285747,0.8159127168020532,49.0871808608581,-38.04554605206073,-0.034457929949894606,1.5310769053322133,1.5314646058522212
186,6.20298058841371,0.20298058841370992,1128.2967656287713,289.9409847936278,49.994503021240234,-37.20573425292969,7.567971005907365,0.8303399712373691,50.20147877519585,-37.8079983801314,-0.20697575395561785,0.602264127201714,0.6368367464582574
187,6.236329946415934,0.23632994641593363,1117.2048585931834,288.072878897752,47.999046325683594,-36.859928131103516,7.562488954477424,0.8252153617626085,47.806355587246394,-37.90396891407586,0.19269073843720008,1.0440407829723455,1.06167362084069
188,6.269679304418158,0.26967930441815824,1108.190321023413,286.67366642529566,46.37741470336914,-36.600440979003906,7.567971005907365,0.8680072407822182,46.47692578549802,-37.93393184329233,-0.0995110821288776,1.3334908642884216,1.3371986915216234
189,6.303028662420382,0.30302866242038196,1103.095220810647,287.0865093768905,45.460296630859375,-36.67148971557617,7.558374806586859,0.8446805739726674,45.57985659323137,-38.006197845399704,-0.11955996237199429,1.3347081298235324,1.3400523782372926
190,6.336378020422607,0.33637802042260656,1099.9349652027836,288.5124790016799,44.89085388183594,-36.927146911621094,7.589859615625343,0.8628947122647156,44.61266552007418,-37.95158345865738,0.27818836176175665,1.024436547036288,1.0615361527161111
191,6.369727378424831,0.36972737842483117,1095.1133811230584,288.5990442054958,44.023162841796875,-36.93936538696289,7.606234736312371,0.8387576089542741,44.131076389839876,-37.902156152532726,-0.10791354804300113,0.9627907655698351,0.9688195869808673
192,6.403076736427055,0.4030767364270549,1089.2050442585182,288.90481387171087,42.95981216430664,-36.9904670715332,7.550139785285747,0.8468961974312025,43.099730841953615,-38.02918444406084,-0.13991867764697474,1.0387173725276355,1.0480987626866052
193,6.4364260944292795,0.4364260944292795,1086.6166787702734,290.3674655047204,42.49326705932617,-37.2531623840332,7.557002926222245,0.8240185288452198,42.32659701665849,-37.92584142670057,0.1666700426676826,0.6726790426673688,0.6930194784901322
194,6.469775452431503,0.4697754524315032,1083.3235328846379,290.4410201912859,41.900638580322266,-37.26411437988281,7.651085611277145,0.8458367509271685,41.99964915991849,-37.92481485606416,-0.09901057959622506,0.6607004761813471,0.6680780000106569
195,6.503124810433728,0.5031248104337278,1073.2705054840246,289.4251311397234,40.09233093261719,-37.07322311401367,7.614409090886642,0.8502782400679603,40.25017727256353,-37.94832717870283,-0.1578463399463459,0.875104064689161,0.8892258380579979
196,6.536474168435952,0.5364741684359524,1068.4151195243294,290.2624681470695,39.21826171875,-37.22119903564453,7.547392781452676,0.8561844361830504,39.34092224605614,-37.84780880985097,-0.12266052730613808,0.626609774206436,0.6385024777477849
197,6.569823526438176,0.5698235264381761,1065.6923905240487,290.9138549892319,38.72800064086914,-37.337059020996094,7.6007802825909545,0.8415453024360195,39.033623250788864,-37.90796340422809,-0.30562260991972323,0.5709043832319978,0.6475623479539643
198,6.603172884440401,0.6031728844404007,1061.2515838206627,291.6415692007797,37.928592681884766,-37.46550369262695,7.5322663527290965,0.8457627416069515,37.83016861234292,-37.96485866149403,0.09842406954184213,0.499354968867074,0.5089623585270465
199,6.6365222424426245,0.6365222424426245,1053.6796045404615,291.5278896619065,36.56635665893555,-37.439544677734375,7.525380652091829,0.8800033353973512,36.60765351973578,-37.885116819935085,-0.041296860800230206,0.4455721422007102,0.44748180367170626
200,6.669871600444849,0.6698716004448491,1048.7686147962231,291.0971674435281,35.68309783935547,-37.35814666748047,7.604871489641988,0.8592191672216634,35.59586715778132,-37.8593134743894,0.08723068157414815,0.5011668069089339,0.5087016415888463
201,6.703220958447073,0.7032209584470728,1045.7863746958637,291.8175182481752,35.14616012573242,-37.486289978027344,7.53777038441185,0.8610933496461741,35.26271644962618,-37.93763811356928,-0.1165563238937608,0.4513481355419344,0.4661550344003674
202,6.736570316449297,0.7365703164492974,1040.2248289345061,291.94868035190615,34.14557647705078,-37.506038665771484,7.521246205857904,0.8295990798866918,34.19150686366513,-37.938462592588,-0.04593038661435145,0.43242392681651864,0.43485635892552116
203,6.769919674451522,0.769919674451522,1031.6968479980528,290.85140562248995,32.6121826171875,-37.30152893066406,7.536394753342012,0.8261964927843124,32.535135288699664,-37.85261267307274,0.07704732848783635,0.5510837424086787,0.5564436916474725
204,6.803269032453746,0.8032690324537457,1028.0737061564876,292.009320578857,31.959705352783203,-37.50833511352539,7.507448274212631,0.8361685459517998,32.10424654822915,-37.967929048211595,-0.1445411954459459,0.4595939346862039,0.4817870296939197
205,6.83661839045597,0.8366183904559703,1024.4858652900687,292.92035398230087,31.313732147216797,-37.67052459716797,7.499157329359479,0.8726244269272738,31.272252741340363,-38.00316408593707,0.04147940587643362,0.33263948876910376,0.3352157075681756
206,6.869967748458194,0.869967748458194,1017.9979288499025,293.1007553606238,30.146602630615234,-37.698516845703125,7.5322663527290965,0.8598362805125748,30.241099871197395,-37.977140593650226,-0.09449724058216091,0.2786237479471012,0.29421237465091876
207,6.903317106460419,0.9033171064604186,1012.9486528935604,293.3227014618823,29.238252639770508,-37.735042572021484,7.563859839824401,0.8785703505361293,29.218736683957363,-37.93341434571162,0.01951595581314436,0.19837177369013403,0.19932945875677874
208,6.936666464462643,0.9366664644626432,1008.272238514174,293.40237047898336,28.397075653076172,-37.74611282348633,7.521246205857904,0.8573221350047261,28.48570591883869,-37.989474012041526,-0.08863026576251798,0.24336118855519828,0.2589980542477749
209,6.970015822464867,0.970015822464867,1005.8382679496669,294.1227485812978,27.958816528320312,-37.874637603759766,7.485318680679685,0.8736923952717721,27.950052715043356,-37.97520325541973,0.008763813276956967,0.1005656516599629,0.10094679151387807
210,7.0033651804670916,1.0033651804670916,998.6982924482924,294.5151515151515,26.674386978149414,-37.94049072265625,7.58165879246806,0.806975594480627,26.64593788248685,-37.99067889364076,0.028449095662562485,0.050188170984512226,0.057690584593920236
211,7.036714538469315,1.0367145384693153,993.8673245614035,294.07224658869393,25.805845260620117,-37.85694885253906,7.5322663527290965,0.8556780744173356,25.79851758982975,-37.97705719226651,0.0073276707903673355,0.1201083397274445,0.12033165847479717
212,7.07006389647154,1.0700638964715399,987.8353531644019,294.0156689925327,24.721078872680664,-37.8424072265625,7.514350407024886,0.8308813258704858,24.71767494775212,-37.91622388764924,0.0034039249285449102,0.07381666108673812,0.07389510240140092
213,7.1034132544737645,1.1034132544737645,982.9247587638939,293.8491510931965,23.838098526000977,-37.80879211425781,7.522624607080117,0.8505742010437058,23.90078364676129,-37.95354331961555,-0.06268512076031385,0.14475120535773556,0.15774135734566397
214,7.136762612475988,1.1367626124759882,977.3897005113222,294.11139517896277,22.84254264831543,-37.85225296020508,7.535018871130027,0.8646564651089748,22.838360952745347,-38.00419513708602,0.004181695570082411,0.1519421768809437,0.15199970951669883
215,7.170111970478213,1.1701119704782128,972.3195813557259,294.47194839965925,21.930543899536133,-37.91382598876953,7.536394753342012,0.8438154532162553,21.929163645768604,-37.98252603137212,0.0013802537675289273,0.06870004260258611,0.06871390655507752
216,7.2034613284804365,1.2034613284804365,970.4979934330536,294.818436093883,21.602725982666016,-37.97517776489258,7.539145764477017,0.8444315989569701,21.602705683924164,-37.976780808311034,2.0298741851831892e-05,0.0016030434184557407,0.0016031719310089715
217,7.236810686482661,1.2368106864826611,963.6409416332968,294.6085426525907,20.3698673248291,-37.93232345581055,7.547392781452676,0.823065372704931,20.369941580835086,-37.96621822132675,-7.425600598409687e-05,0.03389476551620163,0.03389484685542503
218,7.270160044484886,1.2701600444848857,957.200344149459,294.6104965585054,19.2117862701416,-37.928070068359375,7.499157329359479,0.8114517974684952,19.212212905422096,-37.97243066381315,-0.00042663528049402544,0.044360595453774465,0.0443626469755356
219,7.3035094024871094,1.3035094024871094,948.800072700836,294.78480552526355,17.701274871826172,-37.953582763671875,7.552885790026581,0.7945135254934117,17.702455983882693,-38.00184114476484,-0.0011811120565212718,0.04825838109296399,0.04827283264325602
220,7.336858760489334,1.336858760489334,946.892387501508,294.871878393051,17.358219146728516,-37.96796417236328,7.569340898398612,0.8108085916514709,17.359649052877984,-38.012778905014095,-0.001429906149468252,0.04481473265081348,0.04483753889499484
221,7.370208118491558,1.3702081184915578,942.1189195649575,294.95661527429183,16.499916076660156,-37.97986602783203,7.604871489641988,0.8592191586150343,16.502274431932697,-37.95999667442989,-0.002358355272541246,-0.01986935340214302,0.020008824158625
222,7.403557476493782,1.4035574764937824,934.5614992721979,295.2660116448326,15.14096736907959,-38.0304069519043,7.548766408323902,0.8261311503248551,15.136301711763876,-37.94989970445182,0.004665657315714,-0.08050724745247351,0.0806423291489121
223,7.436906834496007,1.436906834496007,931.926997737287,295.5575800881267,14.667098045349121,-38.081233978271484,7.618492979134604,0.8426344813972104,14.660325482418214,-37.977690493537594,0.006772562930907,-0.10354348473389052,0.10376473793871653
224,7.470256192498231,1.4702561924982307,929.0668129724456,295.8730797366496,14.152649879455566,-38.136226654052734,7.5295128281067525,0.8492275562423458,14.144487217064569,-38.011430396374124,0.00816266239099761,-0.1247962576786108,0.12506292411380615
225,7.503605550500455,1.5036055505004553,928.8804732284424,295.86181241614827,14.119158744812012,-38.13405990600586,7.528135688117529,0.866054484239951,14.111279872368048,-38.01360241938748,0.007878872443964013,-0.12045748661837763,0.12071488190527663
226,7.536954908502679,1.536954908502679,919.7351891506067,296.5015465143945,12.474568367004395,-38.2431755065918,7.622574679389463,0.8327934410651655,12.452562473836915,-37.98144383147405,0.022005893167479584,-0.2617316751177441,0.26265515242240894
227,7.570304266504904,1.5703042665049036,917.6920302921025,296.65801178026203,12.107150077819824,-38.27000045776367,7.583026212227122,0.8308555787233609,12.083742252457554,-38.01434972778186,0.02340782536226982,-0.2556507299818094,0.25672012392569177
228,7.603653624507128,1.6036536245071282,913.9401225836868,296.8412305516266,11.432546615600586,-38.30043411254883,7.657858282879687,0.8050179301813579,11.53853947254746,-38.00538453470871,-0.10599285694687488,-0.29504957784011765,0.3135103492827507
229,7.637002982509352,1.637002982509352,909.7031288494702,297.1044592264104,10.670687675476074,-38.344993591308594,7.490857208023242,0.83247685536982,10.651301754407198,-37.995489656859995,0.019385921068876044,-0.34950393444859884,0.3500411606236318
230,7.6703523405115765,1.6703523405115765,900.4474572186068,296.7468064593878,9.007275581359863,-38.27370834350586,7.573449089147957,0.8220937421629986,9.01769272376206,-37.93270436273413,-0.010417142402197044,-0.3410039807717311,0.3411630574344104
231,7.7037016985138,1.7037016985138003,894.8973434307007,296.75309532395715,8.009679794311523,-38.270870208740234,7.583026212227122,0.8542899787399328,7.974288489668119,-38.004623783833125,0.03539130464340445,-0.26624642490710926,0.26858835272621046
232,7.737051056516025,1.7370510565160249,890.4923857868021,297.223591974861,7.217532157897949,-38.35277557373047,7.562488954477424,0.8252153644780094,7.161301037689683,-37.96304093869032,0.05623112020826593,-0.38973463504014916,0.39377026884943295
233,7.7704004145182495,1.7704004145182495,886.5237753024313,297.4304707150557,6.5040669441223145,-38.387332916259766,7.596686872214579,0.8573707186783099,6.503253511989562,-37.999179710129596,0.000813432132752645,-0.3881532061301698,0.3881540584625706
234,7.803749772520473,1.8037497725204732,880.2801150665229,296.2946182428383,5.382915496826172,-38.17753219604492,7.593956706134595,0.8199318309225264,5.342496767707358,-37.935649491433296,0.040418729118814056,-0.2418827046116263,0.24523645009218212
235,7.837099130522698,1.8370991305226978,874.4331148336973,295.6009953872299,4.332729339599609,-38.04796600341797,7.546018904535596,0.795685208773698,4.31663086630117,-37.95781532347291,0.016098473298439053,-0.09015067994506154,0.09157677618860295
236,7.8704484885249215,1.8704484885249215,868.8827893175074,295.69819485657763,3.335190534591675,-38.06156921386719,7.477003197260253,0.8028576924087084,3.3308024768164355,-37.964197885858255,0.004388057775239318,-0.09737132800893278,0.09747015219677262
237,7.903797846527146,1.9037978465271461,864.5457996571148,295.1171932402645,2.556334972381592,-37.95344924926758,7.512970487739167,0.7924197589253403,2.5583880364009115,-37.999006892372584,-0.002053064019319706,0.04555764310500621,0.045603880505397175
238,7.93714720452937,1.9371472045293698,861.6544655929722,294.8427281600781,2.037020683288574,-37.90177536010742,7.526758296158674,0.7953309250076022,2.0387304714150427,-37.928980076336686,-0.0017097881264684922,0.02720471622926368,0.027258392479237937
239,7.970496562531594,1.9704965625315944,857.6124681006197,294.1368331510511,1.3113479614257812,-37.771297454833984,7.541895772142603,0.8049395425365959,1.3240810097312938,-37.973895051882714,-0.012733048305512584,0.20259759704872948,0.20299733212303525
240,8.003845920533818,2.003845920533818,845.8768426058011,295.330242510699,-0.798527717590332,-37.978614807128906,7.625294599076164,0.7893585334902642,-0.8011826581684669,-37.95166086197714,0.002654940578134868,-0.0269539451517673,0.02708438422260892
241,8.037195278536043,2.0371952785360428,839.0403235542676,296.4244838826512,-2.0279502868652344,-38.171504974365234,7.566600865404436,0.7762088094872824,-2.004227049648895,-38.008324022541665,-0.0237232372163394,-0.16318095182356984,0.16489637661898132
242,8.070544636538267,2.0705446365382674,834.5896103896104,295.5887445887446,-2.8268184661865234,-38.01727294921875,7.475616384079957,0.7711473753938034,-2.8113739760192957,-37.89869253299576,-0.015444490167227709,-0.11858041622298998,0.11958196932708183
243,8.103893994540492,2.103893994540492,829.3213420542635,294.9503391472868,-3.7727205753326416,-37.89812469482422,7.5542584180779,0.7558050263606522,-3.758814061608608,-38.00781094832306,-0.013906513724033509,0.1096862534988432,0.11056430405229901
244,8.137243352542717,2.1372433525427166,826.0316769435376,294.61612864224395,-4.363415718078613,-37.83536911010742,7.561117820579023,0.7837463311439726,-4.377216679505247,-37.97318151391899,0.013800961426634117,0.1378124038115658,0.13850171544288364
245,8.17059271054494,2.1705927105449394,822.1876669094439,294.55705268268997,-5.053954601287842,-37.82195281982422,7.546018904535596,0.7541571956345752,-5.06131394274778,-37.908368000396166,0.007359341459937774,0.0864151805719473,0.08672798475697575
246,8.203942068547164,2.203942068547164,818.275636273783,294.2249814677539,-5.756428241729736,-37.75914001464844,7.479776052240521,0.7694837799619908,-5.727489109754985,-37.939511419056764,-0.028939131974751398,0.18037140440832644,0.18267817846607765
247,8.237291426549389,2.2372914265493886,813.8328427765513,293.87650233014466,-6.5542120933532715,-37.6929931640625,7.507448274212631,0.7317381712903042,-6.5758801440488615,-38.03824175157825,0.02166805069558997,0.34524858751574783,0.34592787052009216
248,8.270640784551613,2.2706407845516132,806.866258111031,293.6778418649363,-7.805477619171143,-37.652122497558594,7.584393385448765,0.7230961796595878,-7.818536702795993,-37.97519589528712,0.01305908362485031,0.3230733977285283,0.3233372233210656
249,8.303990142553838,2.303990142553838,802.5373951112732,293.7162835947951,-8.583122253417969,-37.655975341796875,7.539145764477017,0.738902125813722,-8.590676661467343,-37.951620834708095,0.0075544080493745724,0.2956454929112198,0.29574199323006967
250,8.33733950055606,2.3373395005560607,795.7434044091074,293.97927960486686,-9.803780555725098,-37.69865417480469,7.5748179909375635,0.7540724818427704,-9.802781707007103,-37.93883202007757,-0.0009988487179946048,0.240177845272882,0.2401799222638851
251,8.370688858558285,2.3706888585582853,787.5907662557407,294.27266134880347,-11.268457412719727,-37.74585723876953,7.562488954477424,0.7814776477014026,-11.260318097965714,-37.962356590780914,-0.008139314754012972,0.21649935201138248,0.2166522971630197
252,8.40403821656051,2.40403821656051,781.8839435271595,294.52907394113424,-12.293734550476074,-37.788116455078125,7.6007802825909545,0.7771350013777422,-12.283196750526631,-38.00425195356755,-0.010537799949442928,0.2161354984894217,0.2163922339989245
253,8.437387574562734,2.4373875745627345,778.5034507809662,294.839932195181,-12.901226997375488,-37.84187698364258,7.555630796764503,0.795091142183847,-12.887897648515915,-38.039687079940094,-0.013329348859572931,0.19781009629751622,0.19825868389115478
254,8.470736932564959,2.470736932564959,778.2461501151934,294.9216684855099,-12.947530746459961,-37.85646057128906,7.550139785285747,0.7939359062344337,-12.934970364255312,-38.04285905478669,-0.012560382204648946,0.18639848349762644,0.18682119219013077
255,8.504086290567182,2.504086290567182,756.9045511292702,303.6403359437067,-16.789989471435547,-39.41675567626953,7.804041957950025,0.8203537372130946,-16.794320503900625,-39.411396968919945,0.004331032465078266,-0.005358707349586211,0.00689010788537242
256,8.537435648569407,2.5374356485694065,762.7060376905533,304.29624294802545,-15.748760223388672,-39.53946304321289,7.588493427221578,0.8149169192942497,-16.481548790833166,-39.158607563736545,0.7327885674444943,-0.38085547947634524,0.825851064553719
257,8.570785006571631,2.570785006571631,759.9122328331059,309.6448385629832,-16.25642967224121,-40.5041389465332,7.7973962597695134,0.8253920172967072,-17.110453856355736,-40.122550401928116,0.8540241841145253,-0.38158854460508707,0.9353967737951148
258,8.604134364573856,2.6041343645738557,764.3727294173153,312.79712196272703,-15.45871353149414,-41.0771484375,7.655149933269646,0.8265525955132508,-16.03428423137497,-42.052756224333216,0.5755706998808279,0.9756077868332156,1.1327365908678466
259,8.637483722576079,2.6374837225760785,768.5931636189792,316.12023425361537,-14.704245567321777,-41.68091583251953,7.604871489641988,0.7965157960275864,-15.450439707313803,-42.55188739710929,0.746194139992026,0.8709715645897589,1.1469076514185315
260,8.670833080578303,2.670833080578303,762.5670391061452,322.9459962756052,-15.79419231414795,-42.91050720214844,7.7064458161737805,0.8244342401199493,-15.373962128570854,-42.734919400372114,-0.42023018557709513,-0.17558780177632372,0.4554387829366328
261,8.704182438580528,2.7041824385805278,768.8550150150149,323.83855855855853,-14.665584564208984,-43.076473236083984,7.58576031226629,0.8014449399056214,-14.665777904571733,-43.087141872742606,0.0001933403627489838,0.010668636658621722,0.010670388402000894
262,8.737531796582752,2.7375317965827524,774.549945115258,323.9832906452006,-13.642667770385742,-43.1068000793457,7.528135688117529,0.8020050212675758,-13.693429188663755,-42.89766888397503,0.05076141827801273,-0.2091311953706736,0.21520357446557947
263,8.770881154584977,2.770881154584977,780.898886032562,323.9368343738524,-12.502001762390137,-43.1030387878418,7.514350407024886,0.8174783720853321,-12.490428756079977,-42.89379394653867,-0.011573006310159784,-0.20924484130312493,0.20956463940041253
264,8.8042305125872,2.8042305125872,786.48800783162,324.33761625061186,-11.49826717376709,-43.17959213256836,7.515730072951691,0.8020216056422934,-11.481304780088522,-42.96124927952879,-0.016962393678568333,-0.2183428530395659,0.21900074034752534
265,8.837579870589424,2.8375798705894244,789.7991778503202,324.4361020432837,-10.903465270996094,-43.1998176574707,7.561117820579023,0.7596133846217406,-10.885911316789064,-43.01034771020016,-0.01755395420702932,-0.18946994727054545,0.1902813764586691
266,8.870929228591649,2.870929228591649,794.2757554128003,324.78182250773256,-10.099514961242676,-43.26560592651367,7.622574679389463,0.7815980882485404,-10.151941628590402,-43.081117633200456,0.05242666734772605,-0.18448829331321548,0.19179282003978185
267,8.904278586593874,2.9042785865938736,802.5701946472018,324.7245742092457,-8.609118461608887,-43.26131820678711,7.53777038441185,0.7850882847136846,-8.571572972469857,-42.97304972519941,-0.03754548913902944,-0.2882684815876999,0.2907032528740727
268,8.937627944596098,2.937627944596098,808.4028953502637,324.1207213838793,-7.560441493988037,-43.15639114379883,7.506067086035325,0.7810556151629996,-7.588065046921849,-42.97441777406211,0.0276235529338118,-0.18197336973671696,0.1840580559769743
269,8.970977302598321,2.970977302598321,816.1195061728395,323.6649382716049,-6.173356533050537,-43.07961654663086,7.482547879666494,0.7912337903917358,-6.1662742236983235,-43.039342697916325,-0.007082309352213656,-0.04027384871453421,0.040891832877013985
270,9.004326660600546,3.0043266606005457,820.0009931719428,324.1355679702048,-5.4763288497924805,-43.16755294799805,7.4617340761227196,0.7718565783329637,-5.541669747554332,-42.95293179462132,0.06534089776185148,-0.21462115337672572,0.22434721392760987
271,9.03767601860277,3.0376760186027703,824.6291045680358,324.60886950199927,-4.6451029777526855,-43.25652313232422,7.552885790026581,0.7698592599033635,-4.599165910092712,-43.02558615541805,-0.04593706765997396,-0.23093697690617176,0.23546146497412
272,9.071025376604995,3.071025376604995,832.8872144480325,324.0802535581868,-3.1604955196380615,-43.16697311401367,7.602144262912854,0.7835182718547754,-3.1284846026004955,-43.02778892955575,-0.03201091703756598,-0.1391841844579247,0.14281784206745154
273,9.10437473460722,3.1043747346072195,840.1023706896551,324.5663314176245,-1.864251732826233,-43.26015090942383,7.598051587373746,0.7528850609032268,-1.879807775257666,-43.00623316286231,0.015556042431433159,-0.25391774656151966,0.2543938137514525
274,9.137724092609442,3.1377240926094423,847.9826350941104,323.9454766241651,-0.44734370708465576,-43.15363311767578,7.544644777436061,0.7681801775480671,-0.47890846264198067,-43.02244648689541,0.03156475555732491,-0.13118663078036974,0.13493059656319142
275,9.171073450611667,3.171073450611667,853.6193250789025,322.9946588977907,0.5666754841804504,-42.985801696777344,7.546018904535596,0.7868074548732811,0.5664851716854535,-42.98077116708487,0.00019031249499690261,-0.005030529692476193,0.005034128309115349
276,9.204422808613892,3.2044228086138915,861.5111432357546,322.44416335381277,1.9856865406036377,-42.89200973510742,7.5748179909375635,0.7623686006274747,2.0113298579761807,-43.012244376253804,-0.025643317372542995,0.12023464114638216,0.12293880045562612
277,9.237772166616116,3.237772166616116,867.3322392414296,322.7483588621444,3.031736373901367,-42.95127487182617,7.54052089367486,0.7698318330915308,3.0388316781311846,-42.98645968405517,-0.007095304229817412,0.03518481222899794,0.03589309618441279
278,9.27112152461834,3.2711215246183407,872.8347097546379,322.7584679832435,4.020836353302002,-42.957122802734375,7.599416057455208,0.7829560066722498,4.025500553856473,-42.98165946061995,-0.00466420055447081,0.024536657885576574,0.024976035454133887
279,9.304470882620564,3.3044708826205635,878.9421831071995,323.1667277838895,5.118367671966553,-43.035423278808594,7.51986755197301,0.7716518400337643,5.107073246016235,-42.972175034075406,0.011294425950318043,-0.06324824473318813,0.06424877056704259
280,9.337820240622788,3.337820240622788,884.7006554989075,323.1283078417091,6.1536054611206055,-43.03268051147461,7.546018904535596,0.7624866452970196,6.145525900788579,-42.984329018298304,0.008079560332026503,-0.04835149317630538,0.04902189498109148
281,9.371169598625013,3.3711695986250128,887.8315527065527,323.45239791073124,6.716169834136963,-43.09358596801758,7.630731529962352,0.783271747069376,6.721203847968063,-42.96313808229817,-0.005034013831100026,-0.13044788571940558,0.13054498145817328
282,9.404518956627237,3.4045189566272374,893.5903443379482,322.51082712105074,7.752309322357178,-42.92749786376953,7.642950483393173,0.7919522670595285,7.751893802007055,-42.92469167909512,0.0004155203501223781,-0.002806184674412293,0.0028367815545565457
283,9.437868314629462,3.437868314629462,898.6682458697765,322.9890670553936,8.664834022521973,-43.01770782470703,7.543270400017346,0.804127969370281,8.660822204265719,-42.98836183541138,0.004011818256254074,-0.029345989295649133,0.029618942814718538
284,9.471217672631685,3.471217672631685,904.0218461169127,323.18233105269474,9.627198219299316,-43.056575775146484,7.588493427221578,0.777135283442981,9.63123828250163,-43.000172989254786,-0.004040063202314315,-0.05640278589169867,0.05654729318918366
285,9.50456703063391,3.5045670306339094,909.9577922077922,323.264911014911,10.694396018981934,-43.07585144042969,7.58165879246806,0.7544360283514414,10.678347616971196,-42.93037655275897,0.016048402010737206,-0.1454748876707157,0.14635741918299044
286,9.537916388636134,3.537916388636134,915.0514164482714,323.3685261450143,11.61016845703125,-43.09831619262695,7.442255341222564,0.7523367136716754,11.602919184410071,-43.02513231467869,0.007249272621178804,-0.07318387794826009,0.07354204202415107
287,9.571265746638359,3.5712657466383586,920.273389151802,323.2426889940541,12.549241065979004,-43.079368591308594,7.547392781452676,0.8246834683869172,12.536084671480275,-42.93567981178834,0.013156394498729185,-0.14368877952025372,0.14428983358582917
288,9.604615104640583,3.604615104640583,926.0564564564564,323.45465465465463,13.58896255493164,-43.1219367980957,7.58576031226629,0.7888632808983215,13.601889885237112,-43.01410952657715,-0.01292733030547133,-0.10782727151855198,0.10859943071656633
289,9.637964462642806,3.637964462642806,932.2842498794017,322.9668355041003,14.709258079528809,-43.03824996948242,7.570710543012807,0.8046466618918591,14.704233896203979,-42.96143688487883,0.0050241833248296786,-0.07681308460359304,0.07697721990563337
290,9.67131382064503,3.6713138206450306,938.3844872709968,322.3446347846776,15.806754112243652,-42.93015670776367,7.622574679389463,0.8157091018805553,15.805070016274382,-42.896811588009605,0.0016840959692707713,-0.03334511975406684,0.03338762032021409
291,9.704663178647255,3.7046631786472553,945.1523362235067,322.2492774566474,17.02393913269043,-42.917850494384766,7.576186645387425,0.7685954251738131,17.028630259179884,-43.03708748637014,-0.004691126489454689,0.11923699198537463,0.11932923751311057
292,9.73801253664948,3.73801253664948,948.0198185291307,322.0494269340974,17.53978729248047,-42.88379669189453,7.608960496921749,0.7911115273322393,17.544109874651873,-43.0192708728012,-0.0043225821714045765,0.13547418090666952,0.1355431237981535
293,9.771361894651704,3.7713618946517045,951.03842010772,321.8783961699581,18.082788467407227,-42.85505676269531,7.599416057455208,0.7917060339994142,18.08642823239869,-43.00377183598336,-0.0036397649914619024,0.14871507328804512,0.1487596077981577
294,9.804711252653927,3.8047112526539273,957.2399535423925,321.87677119628336,19.198131561279297,-42.85929489135742,7.714513987096957,0.8094778248219717,19.19931757936245,-42.982614435691346,-0.0011860180831533285,0.12331954433392411,0.12332524742979534
295,9.838060610656152,3.838060610656152,963.9461942257217,322.72560248150796,20.403654098510742,-43.01775360107422,7.611685281430545,0.8265098942695048,20.403871391921296,-42.97625081710323,-0.00021729341055376494,-0.04150278397099072,0.041503352801538745
296,9.871409968658376,3.8714099686583765,970.3831908831909,323.5942545109212,21.560806274414062,-43.17960739135742,7.630731529962352,0.8306513168618721,21.563251383310085,-42.986510905290274,-0.002445108896022674,-0.19309648606714802,0.19311196619835264
297,9.904759326660601,3.904759326660601,975.7430555555554,323.60546139359695,22.52489471435547,-43.18555450439453,7.663272110549808,0.8024455007989693,22.529797045588232,-43.0074279844665,-0.004902331232763402,-0.17812651992802842,0.1781939672188316
298,9.938108684662826,3.9381086846628257,979.4365391490883,324.0444523894649,23.188953399658203,-43.26768112182617,7.615770630296879,0.786329604010695,23.197329139078963,-43.02806805493605,-0.008375739420760198,-0.23961306689012218,0.23975941031653927
299,9.971458042665049,3.9714580426650485,986.4790044821891,324.18719037508845,24.455690383911133,-43.29865646362305,7.655149933269646,0.8188661338802488,24.286449872454867,-42.99266777901327,0.16924051145626606,-0.3059886846097797,0.349673313004012
300,10.004807400667273,4.004807400667273,991.5163924862909,324.4417220861043,25.361703872680664,-43.348392486572266,7.697022261122465,0.770172701003212,25.38679172861749,-42.937175769814885,-0.02508785593682461,-0.41121671675738014,0.41198129648835546
301,10.038156758669498,4.038156758669498,997.4815084273068,325.2837395416515,26.434232711791992,-43.50511169433594,7.550139785285747,0.7778771207381071,26.471860649739526,-43.00956042585521,-0.037627937947533496,-0.4955512684807246,0.4969777876394866
302,10.071506116671722,4.071506116671722,1002.3630315989545,325.42765502494655,27.312353134155273,-43.534725189208984,7.628013548921558,0.7706355053248056,27.0542891447997,-43.02427092831797,0.2580639893555734,-0.5104542608910165,0.5719795232907446
303,10.104855474673947,4.104855474673947,1009.8622304374613,326.4978434996919,28.660844802856445,-43.733863830566406,7.489472960167384,0.8120745461631753,28.734655440108728,-43.01115985364911,-0.07381063725228287,-0.7227039769172947,0.7264633840901149
304,10.13820483267617,4.13820483267617,1014.6238622386223,326.68573185731856,29.517436981201172,-43.77135467529297,7.496391643361173,0.8297181554256671,29.228566094323522,-43.061603550235354,0.2888708868776497,-0.7097511250576147,0.7662852267961517
305,10.171554190678394,4.171554190678394,1021.2676141885324,326.65342565597666,30.712871551513672,-43.77037811279297,7.543270400017346,0.8304948098057243,30.800151664099953,-43.04862890400573,-0.08728011258628143,-0.7217492087872373,0.7270073854082068
306,10.204903548680619,4.204903548680619,1024.3828861493837,325.6560309402949,31.274065017700195,-43.592185974121094,7.562488954477424,0.8252153617626085,31.361951719355446,-42.92761991592803,-0.08788670165525048,-0.664566058193067,0.6703522342993345
307,10.238252906682844,4.238252906682844,1029.9357531760436,325.81899576527525,32.273128509521484,-43.6257438659668,7.558374806586859,0.7883157770723298,32.351845428918786,-43.062718315519625,-0.07871691939730141,-0.563025550447172,0.5685016480677451
308,10.271602264685068,4.271602264685068,1033.9107725788901,326.0824567766896,32.98823547363281,-43.67633056640625,7.561117820579023,0.8106219248516587,33.09356279947459,-42.97965695171976,-0.10532732584177751,-0.6966736146864889,0.7045906407051675
309,10.304951622687291,4.304951622687291,1041.1960160301744,326.09229137199435,34.29921340942383,-43.68345260620117,7.657858282879687,0.8365676395196494,34.41590743083529,-42.997952551890315,-0.11669402141146179,-0.6855000543108574,0.69536164626284
310,10.338300980689516,4.338300980689516,1046.1924236940522,325.5841476655809,35.19865036010742,-43.595157623291016,7.569340898398612,0.8200679679564506,35.013336448016986,-43.09783964940174,0.1853139120904359,-0.4973179738892739,0.5307225387785922
311,10.37165033869174,4.37165033869174,1050.8987898789878,325.5955262192886,36.04561996459961,-43.60066604614258,7.51986755197301,0.7965041924668447,36.17036699364679,-42.92837457998134,-0.12474702904717816,-0.6722914661612407,0.6837672387072432
312,10.404999696693965,4.404999696693965,1056.149461610487,324.8891619850187,36.99097442626953,-43.4766845703125,7.684889282154717,0.8198284635651988,36.969397818135235,-43.08149161792107,0.021576608134296293,-0.39519295239143304,0.39578153018861106
313,10.43834905469619,4.4383490546961895,1062.9198146828226,325.00344499881203,38.20939254760742,-43.50232696533203,7.628013548921558,0.7863053216811724,38.065020612865084,-43.05490867302424,0.14437193474233823,-0.44741829230779473,0.470134431660636
314,10.471698412698412,4.471698412698412,1067.026141384389,324.6073883161512,38.948673248291016,-43.43366241455078,7.504685643659398,0.8181188983184161,38.935854266449546,-43.11391820951078,0.012818981841469679,-0.3197442050400028,0.32000106711090087
315,10.505047770700637,4.505047770700637,1070.25,323.8826530612245,39.529327392578125,-43.30486297607422,7.543270400017346,0.7951056882538723,39.427762859950505,-42.96432867167186,0.10156453262762,-0.340534304402361,0.355357519637149
316,10.538397128702861,4.5383971287028615,1076.5314917127073,323.63474524248,40.66004943847656,-43.26459503173828,7.503303946944445,0.7682562323768499,40.574613509733744,-42.96178831454931,0.08543592874281813,-0.3028067171889717,0.31462867939034067
317,10.571746486705086,4.571746486705086,1082.6403128760528,323.79037304452464,41.759498596191406,-43.29723358154297,7.578923212803881,0.7989117634474053,41.67984751076643,-42.98879584346519,0.07965108542497745,-0.3084377380777781,0.3185563273267588
318,10.60509584470731,4.605095844707311,1087.6060497369679,323.5675514108082,42.653465270996094,-43.26054382324219,7.603507998552653,0.7951522542550323,42.61549283338605,-43.07397306786435,0.037972437610044096,-0.1865707553778364,0.1903957793132641
319,10.638445202709534,4.6384452027095335,1095.1973606692588,323.70790620949685,44.019874572753906,-43.291500091552734,7.659212098550633,0.8301764393936324,43.972417653263626,-43.07479258002351,0.04745691949027986,-0.21670751152922207,0.22184297320558707
320,10.671794560711758,4.671794560711758,1098.1284113060428,322.48440545808967,44.548133850097656,-43.072208404541016,7.5322663527290965,0.7681473007641266,44.52350386494284,-42.95560055081605,0.02462998515481729,-0.11660785372496463,0.11918065161371315
321,10.705143918713983,4.705143918713983,1101.3781076514601,320.7675597393193,45.133995056152344,-42.76386642456055,7.567971005907365,0.8003213948256358,45.05779582871034,-43.02518884019118,0.0761992274420038,0.2613224156306302,0.2722053033535277
322,10.738493276716207,4.738493276716207,1106.8730613218802,320.29098067287043,46.12342071533203,-42.6816291809082,7.611685281430545,0.7968634857921664,46.055178001946764,-42.96339580126155,0.068242713385267,0.2817666203533449,0.2899129115364297
323,10.771842634718432,4.771842634718432,1112.5925794215266,320.0862968231389,47.15314865112305,-42.64876174926758,7.636164589767764,0.8057183405330176,47.22204713975118,-43.066130391112445,-0.06889848862813608,0.4173686418448668,0.42301723951946696
324,10.805191992720655,4.805191992720655,1113.9549676660786,318.32557319223986,47.399288177490234,-42.33109664916992,7.667329972687794,0.8059197881464246,47.50770811846344,-43.019657691465326,-0.10841994097320651,0.6885610422954045,0.69704461303963
325,10.83854135072288,4.838541350722879,1119.7605154388523,318.115487478726,48.44453430175781,-42.297306060791016,7.54052089367486,0.7997889170540577,48.179263963001254,-43.10551127977617,0.26527033875655803,0.808205218985151,0.8506256689160367
326,10.871890708725104,4.871890708725104,1123.4105173876164,316.93469041560644,49.10221481323242,-42.08626937866211,7.552885790026581,0.7579602530994517,49.227463580575524,-43.07131963831899,-0.12524876734310197,0.9850502596568802,0.9929810007100103
327,10.905240066727329,4.905240066727329,1131.4613371401379,317.6678562931239,50.55130386352539,-42.224822998046875,7.622574679389463,0.7902985643357886,50.62300383422502,-42.910484100981556,-0.07169997069962619,0.6856611029346809,0.6893997634724938
328,10.938589424729551,4.938589424729551,1133.9011593163618,315.18823951237005,50.99170684814453,-41.77783203125,7.604871489641988,0.7518416741679937,50.995712576944484,-42.87428228447495,-0.00400572879995309,1.0964502532249512,1.0964575703875998
329,10.971938782731776,4.971938782731776,1135.658956109134,310.9609727164887,51.31010437011719,-41.01409149169922,7.633448543233415,0.7717340579291918,50.995712576944484,-42.87428228447495,0.31439179317270316,1.8601907927757324,1.886571489539147
330,11.005288140734,5.005288140734001,1139.6946353224835,307.6190476190476,52.03816604614258,-40.412261962890625,7.57207993988446,0.811395494847435,51.98384959114088,-38.0575652843761,0.054316455001696795,-2.3546966785145216,2.3553230617245
331,11.038637498736225,5.038637498736225,1140.5097546379413,302.5991621783363,52.187164306640625,-39.504512786865234,7.599416057455208,0.844080972725244,51.98384959114088,-38.0575652843761,0.20331471549974367,-1.446947502489131,1.4611618488375184
332,11.07198685673845,5.07198685673845,1145.7892733975502,300.11713640147457,53.13871383666992,-39.05922317504883,7.623934760527843,0.8225466806717397,53.38027994539031,-38.10681530047982,-0.24156610872039153,-0.9524078745690048,0.9825654911624778
333,11.105336214740673,5.105336214740673,1137.4544679814949,293.9279279279279,51.641048431396484,-37.93349838256836,7.535018871130027,0.8192312039543227,51.63769061358622,-38.047356636906756,0.0033578178102615652,0.11385825433839614,0.11390775663418981
334,11.138685572742897,5.138685572742897,1133.7611976337075,290.6043703971991,50.97776794433594,-37.32963180541992,7.566600865404436,0.8102216858132976,50.85413964470599,-37.87450985877625,0.12362829962994937,0.544878053356328,0.5587271691074043
335,11.172034930745122,5.172034930745122,1132.882218203737,289.77383966244724,50.81992721557617,-37.178768157958984,7.57207993988446,0.8518253788106896,50.67147286477587,-37.83306428528961,0.1484543508003,0.6542961273306247,0.6709263122813053
336,11.205384288747346,5.2053842887473465,1133.99842079689,290.3754859086491,51.020565032958984,-37.288394927978516,7.543270400017346,0.8079101610495197,50.88594318753194,-37.88172581819609,0.13462184542704136,0.5933308902175725,0.6084115273008551
337,11.238733646749571,5.238733646749571,1121.1495618773256,287.07178009842755,48.70948028564453,-36.68165969848633,7.588493427221578,0.8242232123850416,48.46156914828964,-38.02489674273026,0.24791113735489034,1.343237044243935,1.365923017250159
338,11.272083004751794,5.272083004751794,1114.1706629055006,287.3239304184297,47.453346252441406,-36.72230911254883,7.668682116243441,0.799888197164988,47.513379672406764,-37.87116801851358,-0.06003341996535738,1.148858905964751,1.1504263545865339
339,11.305432362754019,5.3054323627540185,1108.1276127612762,287.2860286028603,46.365814208984375,-36.71115493774414,7.51986755197301,0.8225767942843071,46.45717331572442,-37.93540586137114,-0.09135910674004322,1.2242509236269967,1.2276550046270707
340,11.338781720756243,5.338781720756243,1103.3663708086785,287.97707100591714,45.50863265991211,-36.8327522277832,7.488088456419504,0.8598254164544213,45.61347733429248,-38.003186179818016,-0.1048446743803737,1.1704339520348128,1.1751204371560207
341,11.372131078758468,5.372131078758468,1099.392926356589,288.34508236434107,44.79340744018555,-36.896484375,7.5542584180779,0.8648645643130575,44.51415670604227,-37.92483313851905,0.2792507341432753,1.0283487635190482,1.065590048729207
342,11.405480436760692,5.405480436760692,1095.7351730815783,288.6930525296538,44.135009765625,-36.95681381225586,7.557002926222245,0.8554399026378956,44.23960420396115,-37.889991908854874,-0.10459443833615012,0.9331780965990149,0.9390214888398535
343,11.438829794762915,5.438829794762915,1093.0554542137907,290.1222181685516,43.65202713012695,-37.21339416503906,7.539145764477017,0.8584588143156704,43.739865672076704,-37.947767655232425,-0.08783854194975049,0.734373490193363,0.7396080262886818
344,11.47217915276514,5.47217915276514,1087.7232773313854,290.27854881908934,42.69243240356445,-37.23786544799805,7.535018871130027,0.8326401308512357,42.5106718345608,-37.971449741822404,0.18176056900365012,0.7335842938243573,0.755766379637459
345,11.505528510767364,5.505528510767364,1079.2592860588518,289.81210805595754,41.169681549072266,-37.1474723815918,7.570710543012807,0.7831777441068444,40.995491573908836,-37.898088574213176,0.17418997516342927,0.7506161926213792,0.7705626620028067
346,11.538877868769589,5.538877868769589,1071.7438890915723,288.9939194941019,39.81789779663086,-36.99414825439453,7.539145764477017,0.8543143645000296,39.624901199784404,-37.885741238722076,0.19299659684645576,0.891592984327545,0.9122421477307499
347,11.572227226771814,5.572227226771814,1068.965166908563,289.9158200290276,39.31742477416992,-37.158897399902344,7.559746437993956,0.8421300018952151,39.39802447379543,-37.83663089713212,-0.08059969962550895,0.6777334972297737,0.6825093441463068
348,11.605576584774036,5.605576584774036,1064.4871053265847,290.37189684261267,38.511451721191406,-37.23818588256836,7.573449089147957,0.8355040638656788,38.66861193401892,-37.98224297369448,-0.15716021282751313,0.7440570911261233,0.7604737256151967
349,11.638925942776261,5.638925942776261,1058.9386695641674,290.4549076421586,37.51316833496094,-37.24924087524414,7.566600865404436,0.8647226524316948,37.63828764698514,-37.92703846012309,-0.12511931202420357,0.6777975848789524,0.6892491627192235
350,11.672275300778486,5.672275300778486,1054.4450469992769,290.9248011569053,36.70443344116211,-37.33102035522461,7.573449089147957,0.8492452166428208,36.60765351973578,-37.885116819935085,0.0967799214263323,0.5540964647104758,0.5624848845932969
351,11.70562465878071,5.70562465878071,1049.1400073882526,290.9831301563847,35.74999237060547,-37.33778381347656,7.4922412001289125,0.8827123790130729,35.65735465228694,-37.87001569165533,0.09263771831852807,0.53223187817877,0.5402337632960051
352,11.738974016782935,5.738974016782935,1045.3437730287399,291.6784573814787,35.06661605834961,-37.4608268737793,7.501921995749937,0.8630052441779953,35.1980226240372,-37.95450730580767,-0.13140656568759113,0.49368043202836986,0.5108698997528873
353,11.772323374785158,5.772323374785158,1037.467745891587,290.90311503556535,33.65024948120117,-37.31499099731445,7.507448274212631,0.8265580275410661,33.54967439351788,-37.997364426115176,0.10057508768328915,0.682373428800723,0.6897454926244584
354,11.805672732787382,5.805672732787382,1034.2113313754282,291.81008321096425,33.063880920410156,-37.476688385009766,7.515730072951691,0.8150422948294856,33.002193156742386,-37.917912296728176,0.06168776366776996,0.44122391171841,0.4455153425623251
355,11.839022090789607,5.839022090789607,1028.6260162601627,292.12687854151267,32.05896759033203,-37.529991149902344,7.490857208023242,0.8562757244306755,32.14201077938645,-37.95605228765273,-0.08304318905442187,0.4260611377503878,0.4340786384394922
356,11.872371448791831,5.8723714487918315,1021.389449651526,292.4384763278058,30.757080078125,-37.581172943115234,7.584393385448765,0.8658251465242001,30.715416703516457,-37.936775422120704,0.04166337460854308,0.35560247900546926,0.358034858440637
357,11.905720806794056,5.905720806794056,1019.0932265112891,292.5826656955572,30.343950271606445,-37.60560989379883,7.546018904535596,0.8923074849175057,30.446348335866883,-37.90752910615895,-0.10239806426043785,0.30191921236011865,0.31881118919579843
358,11.939070164796279,5.939070164796279,1014.7846209912536,293.0764091350826,29.568639755249023,-37.69181823730469,7.543270400017346,0.8665512550214284,29.539629799197368,-37.965795413874226,0.029009956051655905,0.273977176569538,0.27550874910088574
359,11.972419522798504,5.9724195227985035,1011.2384962773098,293.8370560234346,28.930313110351562,-37.826839447021484,7.525380652091829,0.8654207041511928,28.922693528050527,-37.90428941003157,0.0076195823010358765,0.0774499630100891,0.07782387040430738
360,12.005768880800728,6.005768880800728,1004.7952189291376,294.0809854860349,27.77124786376953,-37.8663444519043,7.528135688117529,0.8518209188526673,27.763180502984678,-37.9589182401476,0.00806736078485315,0.09257378824329976,0.0929246392500304
361,12.039118238802953,6.039118238802953,999.5847237671487,294.0845383759733,26.834108352661133,-37.863258361816406,7.478389753266102,0.8751195356333153,26.83243292199861,-37.8864644417998,0.0016754306625230697,0.023206079983395966,0.023266482675743952
362,12.072467596805177,6.072467596805177,991.7978973407544,293.41187384044525,25.434139251708984,-37.736061096191406,7.475616384079957,0.8129242599685002,25.42084209679559,-37.95401564756759,0.013297154913395559,0.21795455137618092,0.21835979665309987
363,12.1058169548074,6.1058169548074,988.6330988522769,293.49500185116625,24.86492156982422,-37.74883270263672,7.483933408403425,0.801666150630173,24.85556426257218,-37.9235459859957,0.009357307252038538,0.17471328335898306,0.17496368360629974
364,12.139166312809625,6.139166312809625,981.1138899105063,293.43802868701727,23.512744903564453,-37.733158111572266,7.508829208331589,0.8718464461090905,23.50251384754081,-38.02584805668568,0.010231056023641827,0.2926899451134162,0.29286870518690367
365,12.17251567081185,6.172515670811849,975.041377631739,293.7284897164415,22.4205322265625,-37.781341552734375,7.536394753342012,0.8438154518075331,22.414719816517042,-37.99253584472207,0.005812410045457739,0.21119429198769524,0.21127426033173186
366,12.205865028814074,6.205865028814074,974.2543507362784,294.20713155652913,22.27865219116211,-37.86732482910156,7.536394753342012,0.8578324335375624,22.276197601869836,-37.989498296704475,0.0024545892922738233,0.12217346760291292,0.12219812271354155
367,12.239214386816299,6.239214386816299,967.2176921176178,294.11737089201876,21.013391494750977,-37.8460693359375,7.479776052240521,0.8621214806690708,21.012745037378448,-37.96954192818226,0.0006464573725288858,0.12347259224475948,0.12347428454044647
368,12.272563744818521,6.272563744818521,961.8347504621072,294.10536044362294,20.045480728149414,-37.84004592895508,7.489472960167384,0.8293506193834563,20.045758699924246,-37.96692843500068,-0.0002779717748317978,0.1268825060456038,0.1268828105328704
369,12.305913102820746,6.305913102820746,953.6094226778956,294.0671304772366,18.56654930114746,-37.82726287841797,7.525380652091829,0.8277145912074116,18.569188584415624,-37.98210354023018,-0.002639283268162984,0.15484066181220868,0.15486315367643907
370,12.33926246082297,6.339262460822971,951.5151853229204,294.355150613611,18.18978500366211,-37.87784194946289,7.467290096308864,0.8340705550162821,18.192526294795627,-37.989846793946334,-0.0027412911335176204,0.11200484448344383,0.11203838567579925
371,12.372611818825195,6.372611818825195,951.0506548060291,294.334198171485,18.106277465820312,-37.87371826171875,7.479776052240521,0.8204759214889094,18.109169614989053,-37.99188692826666,-0.0028921491687405876,0.11816866654790914,0.11820405357061656
372,12.40596117682742,6.40596117682742,943.3610814656706,294.7130321356575,16.723440170288086,-37.93671798706055,7.634806687278187,0.8287768344923486,16.717643026308455,-37.985559441864034,0.005797143979631159,0.048841454803486783,0.049184292062015245
373,12.439310534829643,6.439310534829643,935.3403381642511,294.9774154589372,15.28121280670166,-37.978782653808594,7.565230476755073,0.8573036032552113,15.279059482258102,-37.941626426487936,0.002153324443558091,-0.03715622732065782,0.037218571101852144
374,12.472659892831867,6.472659892831867,932.6673987310883,295.16007808687164,14.800529479980469,-38.00989532470703,7.526758296158674,0.8445262477829926,14.798188119897873,-37.96949448881411,0.002341360082596111,-0.04040083589292465,0.04046862374585282
375,12.506009250834092,6.506009250834092,931.8700378649077,295.0448271650177,14.657273292541504,-37.98849105834961,7.522624607080117,0.8547005137580931,14.656582861829826,-37.977935290528215,0.0006904307116784025,-0.010555767821394113,0.010578323537631478
376,12.539358608836316,6.5393586088363165,924.6566570188133,295.60166425470334,13.360041618347168,-38.08400344848633,7.570710543012807,0.8486311593004301,13.346622109031042,-37.9088225711566,0.01341950931612601,-0.17518087732972987,0.17569411775099206
377,12.572707966838541,6.572707966838541,919.137212121212,296.2238787878788,12.367304801940918,-38.19254684448242,7.551512912474564,0.8267324102595891,12.350278725012373,-37.99004365130247,0.017026076928544853,-0.20250319317995036,0.20321769249662544
378,12.606057324840764,6.606057324840764,916.3746617466173,296.4589175891759,11.870497703552246,-38.233062744140625,7.496391643361173,0.8202044195062378,11.852411334261191,-38.0355307888898,0.018086369291054893,-0.1975319552508239,0.19835823678220652
379,12.639406682842989,6.6394066828429885,910.4269133115705,296.6121387982106,10.801214218139648,-38.256507873535156,7.561117820579023,0.8260616090351411,10.77309258901671,-37.982968754218994,0.02812162912293914,-0.2735391193161618,0.27498086446294684
380,12.672756040845213,6.672756040845213,905.3933631618196,295.99776286353466,9.896934509277344,-38.14183807373047,7.457564344544729,0.821145421716472,9.904645231336094,-37.96325169473188,-0.007710722058750008,-0.1785863789985882,0.1787527622122094
381,12.706105398847438,6.706105398847438,900.5865163089608,295.9786589062689,9.032926559448242,-38.134944915771484,7.550139785285747,0.8197749233004222,9.039084731296956,-37.93335785536567,-0.0061581718487140336,-0.20158706040581365,0.20168109976786486
382,12.739454756849662,6.739454756849662,892.8411249086924,296.93170197224254,7.639943599700928,-38.30168914794922,7.535018871130027,0.8749031171454742,7.745914094786013,-37.9502922013384,-0.10597049508508505,-0.3513969466108193,0.36702800971585947
383,12.772804114851885,6.772804114851885,889.2172543317581,297.1100205985702,6.9884443283081055,-38.331329345703125,7.552885790026581,0.8717584669513837,6.939916024688367,-37.99498248598725,0.04852830361973837,-0.3363468597158743,0.3398296724727544
384,12.80615347285411,6.80615347285411,881.1464812782045,296.59446273935845,5.538358211517334,-38.23235321044922,7.528135688117529,0.8188706456507377,5.620496920843776,-37.92750413650416,-0.08213870932644163,-0.3048490739450571,0.3157209613804135
385,12.839502830856334,6.839502830856334,878.5110285006195,295.84522924411397,5.065384387969971,-38.09503173828125,7.468678455546725,0.8141512530529876,5.0470024943952305,-37.98502674231339,0.018381893574740182,-0.11000499596786284,0.11153023423844582
386,12.872852188858559,6.872852188858559,875.0590623846438,295.0394979697305,4.445733547210693,-37.94691848754883,7.495008417656372,0.8040405809605591,4.443629651996799,-37.93513677505041,0.0021038952138940914,-0.011781712498418528,0.011968087753122377
387,12.906201546860784,6.906201546860784,868.5214846036763,294.7283690434375,3.271143674850464,-37.886009216308594,7.683539990724396,0.7952152212108942,3.274781034764304,-37.96672250300586,-0.003637359913839955,0.08071328669726796,0.08079520429219907
388,12.939550904863006,6.939550904863006,858.2642066420664,295.8070110701107,1.426903247833252,-38.073646545410156,7.496391643361173,0.8016613544963984,1.4202540873233833,-37.967850673960626,0.006649160509868635,-0.10579587144952995,0.10600461193387514
389,12.972900262865231,6.972900262865231,854.4065852756197,295.2536687631027,0.7342216968536377,-37.97087097167969,7.486703696637636,0.8247786407469098,0.7415804556390846,-37.93238516325717,-0.007358758785446895,-0.03848580842251437,0.03918301648414616
390,13.006249620867456,7.006249620867456,851.2547645395302,294.92475101438583,0.16818778216838837,-37.9091682434082,7.497774613881816,0.7706696785387415,0.17250773175202028,-37.962728154366054,-0.00431994958363191,0.05355991095785129,0.05373384432755653
391,13.03959897886968,7.03959897886968,847.8084947839046,293.9721808246398,-0.45015448331832886,-37.734535217285156,7.460344424546069,0.7777199928436289,-0.49159987213514866,-37.98092945191634,0.041445388816819806,0.24639423463118248,0.2498556365457133
392,13.072948336871905,7.072948336871905,843.447453016815,293.72774480712167,-1.2335057258605957,-37.6872444152832,7.477003197260253,0.7811971314107391,-1.2035570623128773,-37.99129439714799,-0.029948663547718413,0.30404998186478593,0.30552138046341554
393,13.106297694874128,7.106297694874128,838.7106731126813,292.9133506879881,-2.083789587020874,-37.536678314208984,7.467290096308864,0.7766073682485585,-2.1459738675385105,-37.9879277961482,0.06218428051763647,0.45124948193921455,0.45551397310500324
394,13.139647052876352,7.139647052876352,834.9637628111274,292.6116398243045,-2.7567014694213867,-37.47947311401367,7.526758296158674,0.7741105632778216,-2.8113038354192983,-37.89870166844866,0.05460236599791157,0.4192285544349872,0.4227694397969405
395,13.172996410878577,7.172996410878577,823.1289048473968,294.062118491921,-4.884367942810059,-37.73316955566406,7.599416057455208,0.7473998234522701,-4.901925086332623,-37.92267392705585,0.017557143522564544,0.18950437139178433,0.19031594800559215
396,13.206345768880801,7.2063457688808015,813.4177024482109,295.5428750784683,-6.63046407699585,-37.99385070800781,7.419931315403792,0.780631558567653,-6.6330250025952004,-38.03465529898511,0.0025609255993508384,0.04080459097729516,0.04088487476744631
397,13.239695126883026,7.239695126883026,808.6734392316217,295.3777859869474,-7.482570171356201,-37.96062469482422,7.4922412001289125,0.7659924939389071,-7.483928000085821,-37.98899418860186,0.0013578287296196478,0.028369493777638866,0.028401969580620124
398,13.273044484885249,7.273044484885249,801.9632768361581,295.64431343650205,-8.688241958618164,-38.003997802734375,7.501921995749937,0.7228009396573043,-8.68725522409278,-37.949549202451585,-0.0009867345253837811,-0.05444860028278953,0.05445754050431007
399,13.306393842887474,7.3063938428874735,797.8606856309264,295.74142961342085,-9.42529582977295,-38.01861572265625,7.54052089367486,0.7415268799452546,-9.424753015061487,-37.94085855018095,-0.000542814711462114,-0.07775717247530167,0.07775906711866334
400,13.339743200889698,7.339743200889698,791.2474912344335,295.7266352315318,-10.61316967010498,-38.01121520996094,7.561117820579023,0.7209164175261712,-10.614394319951787,-37.94680667838615,0.0012246498468062583,-0.06440853157478443,0.06442017313596174
401,13.373092558891923,7.373092558891923,784.8769436345966,296.08758503401356,-11.757813453674316,-38.07189178466797,7.543270400017346,0.7654193983418969,-11.761223464820608,-37.98118817805786,0.0034100111462915805,-0.09070360661010568,0.0907676838312989
402,13.406441916894146,7.4064419168941455,779.1300842358603,296.53381468110706,-12.790497779846191,-38.14842224121094,7.578923212803881,0.7726719157343915,-12.798231995348495,-38.03364499819523,0.007734215502303243,-0.11477724301570902,0.11503753128315643
403,13.43979127489637,7.43979127489637,774.811344327836,297.02536231884056,-13.56669807434082,-38.234161376953125,7.438074690012844,0.8036602445938127,-13.457510854832163,-38.078070222581054,-0.10918721950865695,-0.15609115437207066,0.1904896253795393
404,13.473140632898595,7.473140632898595,774.5401960784312,297.0969362745098,-13.615469932556152,-38.24689865112305,7.510209888532341,0.8138454605878713,-13.457510854832163,-38.078070222581054,-0.15795907772398898,-0.16882842854199254,0.2312014457553669
405,13.50648999090082,7.506489990900819,775.7383763837638,297.18118081180813,-13.400360107421875,-38.26298141479492,7.496391643361173,0.8070268347283382,-13.413022277561334,-38.07507237880155,0.012662170139458695,-0.18790903599337128,0.1883351702699172
406,13.539839348903044,7.539839348903044,758.0547263681591,306.8407960199005,-16.586952209472656,-39.995994567871094,7.729283760231841,0.8010423860240856,-16.976197687295805,-39.822074884869785,0.3892454778231489,-0.17391968300130856,0.4263333181221556
407,13.573188706905267,7.573188706905267,768.3770414757372,306.973563623546,-14.733124732971191,-40.027435302734375,7.670034021430893,0.8460172662944018,-15.602350622566531,-38.474608909841855,0.8692258895953398,-1.55282639289252,1.7795570947869035
408,13.606538064907491,7.606538064907491,767.2094150224991,312.4027922003,-14.948756217956543,-41.00792694091797,7.740007710946202,0.8656118928191958,-16.03428423137497,-42.052756224333216,1.0855280134184255,1.0448292834152468,1.5066649592388388
409,13.639887422909716,7.639887422909716,766.425632183908,317.90643678160916,-15.095537185668945,-42.00223922729492,7.754728928503931,0.8481962232796982,-15.450439707313803,-42.55188739710929,0.354902521644858,0.5496481698143683,0.6542697535804047
410,13.67323678091194,7.673236780911941,773.1538369304556,320.06510791366907,-13.889252662658691,-42.39738845825195,7.59259125494921,0.8185095654947758,-13.763682941660031,-42.914721242591945,-0.12556972099866037,0.5173327843399917,0.5323541721304059
411,13.706586138914165,7.706586138914165,773.4615292281838,323.02340655383506,-13.837160110473633,-42.932456970214844,7.588493427221578,0.8281247642641465,-13.837137409532904,-42.932550495475404,-2.2700940728981323e-05,9.352526056005672e-05,9.624088046566919e-05
412,13.739935496916388,7.739935496916388,779.395200192957,323.06596719729856,-12.771215438842773,-42.944488525390625,7.570710543012807,0.8009009166243631,-12.768063037944225,-42.878624535533014,-0.00315240089854818,-0.06586398985761122,0.0659393872536641
413,13.773284854918613,7.773284854918613,785.4542192526602,323.64451868349414,-11.683273315429688,-43.05352020263672,7.4742293135820566,0.8153618868865238,-11.67575658404266,-42.946474680899016,-0.0075167313870281305,-0.1070455217377031,0.10730910946812391
414,13.806634212920837,7.806634212920837,790.1318463444857,323.8257744733581,-10.843058586120605,-43.08970642089844,7.468678455546725,0.8102871268323045,-10.836133457382019,-43.01495951422049,-0.00692512873858675,-0.07474690667794448,0.07506701982873265
415,13.839983570923062,7.839983570923062,794.8151960784313,324.28700980392153,-10.002077102661133,-43.17652893066406,7.510209888532341,0.8138454619268655,-10.04875627823776,-43.04460668020214,0.04667917557662804,-0.13192225046191908,0.13993722020767374
416,13.873332928925286,7.8733329289252865,799.1250922509225,324.4733087330873,-9.227874755859375,-43.21336364746094,7.496391643361173,0.7978996111045473,-9.191291156275097,-42.895710089436996,-0.03658359958427759,-0.3176535580239417,0.3197532528119338
417,13.90668228692751,7.906682286927509,804.786548629042,325.0718062215664,-8.211225509643555,-43.32572555541992,7.497774613881816,0.7671243631578786,-8.170086394227017,-43.02719344465794,-0.04113911541653792,-0.2985321107619825,0.3013533606470315
418,13.940031644929734,7.940031644929734,807.6261600200651,325.4485828944068,-7.701365947723389,-43.39593505859375,7.424122183467616,0.809912662929428,-7.7613590078729695,-43.0007237929613,0.059993060149580835,-0.39521126563244735,0.399738804407218
419,13.973381002931959,7.9733810029319585,816.587515151515,324.252,-6.089844703674316,-43.18611526489258,7.551512912474564,0.7756320670676011,-6.067101075852956,-43.05678267286017,-0.022743627821360413,-0.1293325920324051,0.1313171427053494
420,14.006730360934183,8.006730360934183,823.3471414728681,323.9737160852713,-4.874843597412109,-43.1407356262207,7.5542584180779,0.7797775525444421,-4.842317595414171,-42.97721938639783,-0.032526001997938536,-0.16351623982287578,0.16671982932987345
421,14.040079718936408,8.040079718936408,831.2601297588443,324.46064389766184,-3.4532790184020996,-43.23456954956055,7.514350407024886,0.7864268738344456,-3.3940445470015055,-42.967968118086645,-0.059234471400594124,-0.2666014314739016,0.27310262881569125
422,14.07342907693863,8.07342907693863,837.8887657058389,324.160014781966,-2.2616896629333496,-43.18505096435547,7.490857208023242,0.771765422007838,-2.327185424557382,-42.94092423532595,0.06549576162403259,-0.24412672902951726,0.2527598754101676
423,14.106778434940855,8.106778434940855,843.2205128205128,324.22857142857146,-1.3035084009170532,-43.201351165771484,7.524002755778514,0.7699911053498587,-1.3195327451505974,-42.96779290434571,0.016024344233544152,-0.2335582614257774,0.23410732813892626
424,14.14012779294308,8.14012779294308,850.5423749692042,323.69475240206947,0.012970464304089546,-43.110164642333984,7.490857208023242,0.8058356512084439,-0.03389831294467199,-42.915372797204874,0.04686877724876154,-0.19479184512911019,0.2003510549250921
425,14.173477150945304,8.173477150945304,857.6564663023679,322.954584092289,1.2923555374145508,-42.98150634765625,7.544644777436061,0.7803350317157601,1.2912903668845588,-42.95335069776703,0.001065170529991999,-0.02815564988922148,0.02817579118573924
426,14.206826508947529,8.206826508947529,864.9898096992018,322.8271332105586,2.610611915588379,-42.96381378173828,7.503303946944445,0.7929992261012236,2.6054194664360137,-42.979739443172676,0.005192449152365164,0.015925661434394556,0.01675076775323626
427,14.240175866949752,8.240175866949752,870.6656934306569,322.9852798053528,3.630733013153076,-42.99656295776367,7.53777038441185,0.760820615959627,3.63442365488646,-42.98578911459138,-0.003690641733383959,-0.010773843172295017,0.01138843857187645
428,14.273525224951976,8.273525224951976,875.067872212176,322.69246534056657,4.422328948974609,-42.94681930541992,7.57207993988446,0.7702452446900011,4.43089492609234,-42.922974416196475,-0.008565977117730661,-0.023844889223447296,0.025336825098262773
429,14.306874582954201,8.306874582954201,882.0609149375075,323.121101808033,5.679055213928223,-43.029449462890625,7.547392781452676,0.7603095517238111,5.676565815886582,-43.03606847464044,0.0024893980416402783,0.006619011749812387,0.0070716631108867795
430,14.340223940956426,8.340223940956426,888.1076363636364,322.9631515151515,6.766241550445557,-43.00530242919922,7.551512912474564,0.7518405393653371,6.767799292058085,-42.96493621117333,-0.0015577416125287513,-0.04036621802588769,0.040396263647086275
431,14.37357329895865,8.37357329895865,889.39389481427,323.28895427240406,6.997195243835449,-43.06516647338867,7.508829208331589,0.8124189375102963,7.000716291297534,-42.9739245315988,-0.0035210474620850363,-0.09124194178987466,0.09130985552949436
432,14.406922656960873,8.406922656960873,894.9440890784174,322.58659085524755,7.995625972747803,-42.94218444824219,7.638879670596587,0.7936831418962709,8.008389465618581,-42.91173010781245,-0.012763492870778492,-0.030454340429734827,0.03302080558182363
433,14.440272014963098,8.440272014963098,901.9073006724303,322.9454851104707,9.247215270996094,-43.01219177246094,7.587126992812873,0.7793775232173923,9.250032010523288,-42.97286764595369,-0.0028167395271943008,-0.03932412650724615,0.03942487726197709
434,14.473621372965322,8.473621372965322,908.9040114613181,322.79202483285576,10.505326271057129,-42.98954391479492,7.608960496921749,0.7962930765588807,10.50069797670915,-42.950267952151904,0.004628294347979178,-0.03927596264301769,0.03954772243893771
435,14.506970730967547,8.506970730967547,912.3152227116984,322.7626040137053,11.118700981140137,-42.98671340942383,7.515730072951691,0.7733193227974279,11.10726614735361,-42.883059403279454,0.01143483378652732,-0.10365400614437448,0.10428282894850681
436,14.540320088969771,8.540320088969771,915.333214243182,322.2359175896153,11.661783218383789,-42.89365768432617,7.618492979134604,0.7747020174772389,11.674108010656367,-43.01808066309218,-0.012324792272577767,0.12442297876600605,0.1250319085256567
437,14.573669446971994,8.573669446971994,923.030844724851,322.6112863652296,13.045589447021484,-42.9671745300293,7.69163218884999,0.8020730653629906,13.04792482444168,-42.94769507300025,-0.0023353774201950728,-0.01947945702904974,0.01961895088533921
438,14.607018804974219,8.607018804974219,928.6328068916008,322.9935391241924,14.052620887756348,-43.040409088134766,7.6007802825909545,0.8335931813227241,14.050153873580555,-43.006553994152874,0.0024670141757923147,-0.03385509398189157,0.03394486039839126
439,14.640368162976444,8.640368162976444,937.1514503090822,322.41155492154064,15.584962844848633,-42.94136047363281,7.625294599076164,0.8124913785147302,15.583049428497823,-42.90834392886528,0.0019134163508098823,-0.03301654476753413,0.033071942648083615
440,14.673717520978668,8.673717520978668,942.8641251221895,322.3655913978494,16.61233901977539,-42.93722152709961,7.521246205857904,0.7816499406024437,16.616905327491164,-43.053285930336685,-0.004566307715773377,0.11606440323707545,0.1161541943492941
441,14.707066878980893,8.707066878980893,947.4085710846273,322.21150836643795,17.429729461669922,-42.91267013549805,7.5775550526315625,0.8125693038815723,17.433243645773956,-43.022808287688314,-0.003514184104034257,0.11013815219026668,0.11019420156162207
442,14.740416236983116,8.740416236983116,952.2967656287714,321.9879314506396,18.309017181396484,-42.875797271728516,7.567971005907365,0.7585514109041138,18.31201419844017,-42.99825067472103,-0.0029970170436861565,0.1224534029925124,0.1224900731308737
443,14.77376559498534,8.77376559498534,955.2412217412217,321.7676767676768,18.838743209838867,-42.83810043334961,7.58165879246806,0.781837123604142,18.841298632130847,-42.98802116511557,-0.002555422291980136,0.14992073176595966,0.14994250897037562
444,14.807114952987565,8.807114952987565,957.5186791998071,321.95866473849117,19.24820327758789,-42.87431716918945,7.573449089147957,0.7801448367040104,19.24924020224523,-42.982134307956386,-0.0010369246573382895,0.10781713876693289,0.10782212493098556
445,14.84046431098979,8.84046431098979,964.0049146086742,322.1274112298808,20.414674758911133,-42.909576416015625,7.500539789935212,0.810626176477243,20.414325389548175,-42.97630555041461,0.00034936936295792975,0.06672913439898309,0.06673004897787295
446,14.873813668992014,8.873813668992014,969.3568429890847,321.8885690296269,21.37746810913086,-42.87028121948242,7.591225558156986,0.8116923951814395,21.37602635596333,-42.98414014448956,0.0014417531675299244,0.11385892500713624,0.11386805283299067
447,14.907163026994237,8.907163026994237,974.9161634103019,321.9902901124926,22.377336502075195,-42.89274215698242,7.640236849193171,0.8222072993908766,22.374297942984704,-43.00314839652155,0.003038559090491333,0.11040623953913098,0.11044804466588974
448,14.940512384996461,8.940512384996461,980.9990462565569,322.19492131616596,23.47135353088379,-42.934207916259766,7.614409090886642,0.8011338834033844,23.467742214539165,-43.037520416968796,0.0036113163446245267,0.10331250070903053,0.10337559870924272
449,14.973861742998686,8.973861742998686,987.5570051716031,322.34426422190876,24.650920867919922,-42.96601867675781,7.668682116243441,0.82560706697732,24.654676074626074,-42.89590400854698,-0.0037552067061525918,-0.07011466821083445,0.07021515702269228
450,15.00721110100091,9.00721110100091,992.9466858789625,322.5827329490874,25.620311737060547,-43.013099670410156,7.587126992812873,0.8043780564938324,25.624060632784378,-42.95165127103712,-0.0037488957238309695,-0.06144839937303459,0.06156265105285928
451,15.040560459003135,9.040560459003135,997.2306736266468,323.693139448173,26.39020538330078,-43.21713638305664,7.457564344544729,0.769946961147885,26.406344669758347,-43.00458570096578,-0.016139286457566016,-0.21255068209086403,0.2131625413262164
452,15.073909817005358,9.073909817005358,1002.8116580945382,323.93913788880724,27.394079208374023,-43.26572799682617,7.512970487739167,0.764216722470743,27.22768962101047,-42.93660701388811,0.16638958736355391,-0.3291209829380648,0.3687900706270868
453,15.107259175007583,9.107259175007583,1009.7300704486466,324.5355333086145,28.638376235961914,-43.378700256347656,7.478389753266102,0.8325326934838386,28.676519983358137,-43.00522240865536,-0.03814374739622295,-0.37347784769229975,0.37542062833880013
454,15.140608533009807,9.140608533009807,1014.3415310427968,324.63459915611816,29.468008041381836,-43.40000534057617,7.57207993988446,0.8076032647271251,29.294806947891846,-43.03054977954698,0.1732010934899897,-0.3694555610291914,0.40803925100598193
455,15.173957891012032,9.173957891012032,1023.0696750902528,326.05691937424785,31.03750991821289,-43.663761138916016,7.578923212803881,0.8026394872074625,30.82709275602884,-43.051886852207296,0.2104171621840507,-0.6118742867087192,0.6470436808105717
456,15.207307249014256,9.207307249014256,1029.2919952210275,326.6688172043011,32.156742095947266,-43.779052734375,7.606234736312371,0.8214538471886925,32.25871366068594,-43.04969751053575,-0.10197156473867608,-0.7293552238392493,0.7364490766895262
457,15.24065660701648,9.24065660701648,1033.2049606775558,325.85989110707806,32.861366271972656,-43.63554000854492,7.558374806586859,0.7919794699205243,32.96349951972897,-42.95999319934415,-0.1021332477563135,-0.6755468092007746,0.6832237493812698
458,15.274005965018704,9.274005965018704,1038.1034107402031,326.6725931301403,33.74232482910156,-43.78620147705078,7.559746437993956,0.8207254438599982,33.43473106963529,-43.01377173395151,0.3075937594662719,-0.7724297430992735,0.831421450822027
459,15.307355323020928,9.307355323020928,1043.470161673799,325.8834997622444,34.70859146118164,-43.6473388671875,7.625294599076164,0.7908626603845651,34.807781676631514,-43.06466207487572,-0.09919021544987316,-0.5826767923117799,0.591059170591014
460,15.340704681023153,9.340704681023153,1047.0039927404719,324.9773744706594,35.3450813293457,-43.4859504699707,7.558374806586859,0.7868056728516579,35.17764637777865,-43.03661339682673,0.1674349515670528,-0.44933707314397253,0.47951878827409156
461,15.374054039025378,9.374054039025378,1050.995445283471,325.0009588876903,36.06337356567383,-43.493141174316406,7.593956706134595,0.7905689325032239,36.16824198479805,-42.927980274008526,-0.10486841912422307,-0.5651609003078804,0.5748079927823095
462,15.4074033970276,9.4074033970276,1055.8816492450637,324.23042973286874,36.94316482543945,-43.35728454589844,7.714513987096957,0.8132127819049961,36.969397818135235,-43.08149161792107,-0.02623299269578183,-0.27579292797737054,0.2770377393571281
463,15.440752755029825,9.440752755029825,1064.5361657303372,325.18293539325845,38.50019454956055,-43.53599166870117,7.684889282154717,0.7980746763669146,38.60696801954393,-43.04272661478299,-0.10677346998338066,-0.4932650539181793,0.5046890005827314
464,15.47410211303205,9.47410211303205,1070.0969399672972,324.6784629759402,39.50132369995117,-43.44877243041992,7.692980060969134,0.7961031193139648,39.362631731501764,-42.98375406445869,0.13869196844940745,-0.46501836596123525,0.48526028355268136
465,15.507451471034274,9.507451471034274,1073.5174327421885,324.0258173482929,40.11733627319336,-43.33316421508789,7.569340898398612,0.781838663004507,40.18888572649381,-43.02484464520369,-0.07154945330044882,-0.3083195698841976,0.316512687646435
466,15.540800829036499,9.540800829036499,1078.647633172661,324.1887282165369,41.040618896484375,-43.36640167236328,7.478389753266102,0.7929805336688153,41.15925186713001,-42.88759989223892,-0.11863297064563483,-0.47880178012436403,0.4932797648135061
467,15.574150187038722,9.574150187038722,1085.5706214689264,324.0312537564611,42.28683853149414,-43.34297180175781,7.583026212227122,0.7846683360519354,42.37302196033008,-43.01102104600392,-0.08618342883593755,-0.3319507557538941,0.34295610163911733
468,15.607499545040946,9.607499545040946,1090.2292040694194,323.9048473967684,43.125465393066406,-43.32350540161133,7.599416057455208,0.8006035644906161,43.04274256918054,-42.97090464178223,0.0827228238858666,-0.35260075982910166,0.3621744902995129
469,15.640848903043171,9.640848903043171,1098.2940389294404,324.0821167883212,44.57712173461914,-43.36149597167969,7.53777038441185,0.7902592894750506,44.49275986297489,-42.962094318498764,0.0843618716442478,-0.3994016531809237,0.4082139217995577
470,15.674198261045396,9.674198261045396,1101.1327294685989,323.4131642512077,45.08846664428711,-43.24250411987305,7.565230476755073,0.7871665058173072,45.14446474847603,-43.05046070488538,-0.05599810418892304,-0.19204341498766553,0.20004114804929057
471,15.70754761904762,9.70754761904762,1104.209736500059,321.4811532553468,45.64337158203125,-42.89508056640625,7.648374863411274,0.7807911341146238,45.670918899161904,-43.03580569246209,-0.027547317130654392,0.1407251260558411,0.1433960103508086
472,15.740896977049843,9.740896977049843,1109.0842464946388,320.2638152468481,46.521488189697266,-42.67832946777344,7.659212098550633,0.8132522383999831,46.40099304957848,-43.06982997422625,0.12049514011878415,0.39150050645281453,0.4096238827815777
473,15.774246335052068,9.774246335052068,1114.6491351923755,320.3914578185669,47.52324676513672,-42.70549011230469,7.664624969967277,0.8144021191596533,47.57114244720202,-43.009669403201755,-0.04789568206530248,0.30417929089706774,0.307927000068431
474,15.807595693054292,9.807595693054292,1113.7536179882788,317.97404616672645,47.36322021484375,-42.267333984375,7.602144262912854,0.7799337540351414,47.48230984906779,-43.02365687047714,-0.11908963422403929,0.75632288610214,0.7656413318398414
475,15.840945051056517,9.840945051056517,1119.1921188166248,317.9699365193436,48.34228515625,-42.27055358886719,7.596686872214579,0.7752594994474766,48.07903200543259,-43.07261299514017,0.2632531508174125,0.8020594062729813,0.8441572795434881
476,15.87429440905874,9.87429440905874,1124.7946563994865,317.2977482207444,49.351234436035156,-42.152984619140625,7.697022261122465,0.7785995942327437,49.46417349051863,-43.0412220629439,-0.1129390544834763,0.888237443803277,0.8953887349089228
477,15.907643767060964,9.907643767060964,1131.6904926335174,317.4248388581952,50.592689514160156,-42.181007385253906,7.749378994146192,0.7747294518043994,50.6631186062255,-42.90656674351664,-0.07042909206534631,0.7255593582627355,0.7289695736941163
478,15.940993125063189,9.940993125063189,1136.2988024648296,315.55970236019067,51.42322540283203,-41.8468017578125,7.710480956942211,0.8187919651781136,51.04140252828242,-42.89098949896365,0.38182287454961283,1.0441877411511484,1.111807872925744
479,15.974342483065413,9.974342483065413,1142.2489406779662,313.30779190207153,52.49551010131836,-41.44358444213867,7.663272110549808,0.8114489145579742,52.60213850766037,-43.03124343430593,-0.10662840634201132,1.5876589921672561,1.5912355867213956
480,16.007691841067636,10.007691841067636,1136.0102527420124,305.71220791607055,51.375736236572266,-40.06455612182617,7.614409090886642,0.8101732861366567,51.61269360439947,-38.04661944483282,-0.2369573678272019,-2.017936676993351,2.031801473206121
481,16.041041199069863,10.041041199069863,1149.3253097345132,304.95905604719763,53.77321243286133,-39.9378776550293,7.653795399076389,0.7818982479135644,53.46735370785323,-38.12890044963856,0.3058587250081004,-1.8089772053907396,1.8346520349338375
482,16.074390557072086,10.074390557072086,1141.5714988319191,297.4609615148162,52.38058853149414,-38.575626373291016,7.497774613881816,0.8138758165485404,51.98384959114088,-38.0575652843761,0.3967389403532593,-0.5180610889149122,0.6525251555613252
483,16.107739915074312,10.107739915074312,1143.5396422528402,295.08194343727337,52.735939025878906,-38.14662551879883,7.562488954477424,0.8120321516671193,52.78437222690588,-37.95567090892817,-0.048433201026973904,-0.1909546098706585,0.19700111165314435
484,16.141089273076535,10.141089273076535,1137.858257160268,291.13991468616695,51.71499252319336,-37.4294319152832,7.530889716264575,0.8025919283991216,52.057511604503574,-37.848942239584765,-0.3425190813102148,0.4195103243015623,0.5415793877698777
485,16.174438631078758,10.174438631078758,1137.3296943231442,290.6534449296458,51.62006759643555,-37.3410530090332,7.548766408323902,0.8636074922692089,52.057511604503574,-37.848942239584765,-0.4374440080680273,0.5078892305515623,0.6703049535136066
486,16.207787989080984,10.207787989080984,1136.1359105275953,290.5333090201799,51.40523147583008,-37.31846618652344,7.54052089367486,0.8204280341661556,51.25826545917609,-37.966202645761804,0.146966016653991,0.6477364592383665,0.6641999177038471
487,16.241137347083207,10.241137347083207,1122.462853628536,287.3642066420664,48.945716857910156,-36.7354850769043,7.496391643361173,0.8337074212179978,48.98501163029508,-38.04805907555189,-0.03929477238492041,1.3125739986475935,1.3131620543796243
488,16.274486705085433,10.274486705085433,1115.2146975831186,287.00539811066125,47.64140319824219,-36.665435791015625,7.506067086035325,0.8290505200664395,47.60320191958563,-37.866474372793355,0.0382012786565582,1.2010385817777305,1.2016459597608848
489,16.307836063087656,10.307836063087656,1109.777212121212,287.0019393939394,46.66283416748047,-36.660945892333984,7.551512912474564,0.8402966260382392,46.74710305504416,-37.91567961377032,-0.08426888756368811,1.254733721436338,1.2575603194760494
490,16.34118542108988,10.341185421089879,1104.2348758737044,287.1535309713184,45.66535186767578,-36.684417724609375,7.573449089147957,0.8550364558789577,45.77246220626803,-37.989106076907156,-0.10711033859224983,1.3046883522977808,1.3090776605132504
491,16.374534779092105,10.374534779092105,1100.560984437206,288.13523947400165,45.003719329833984,-36.8593635559082,7.569340898398612,0.8611713131320599,44.70063712871445,-37.97547237374928,0.3030822011195369,1.1161088178410736,1.156528302246885
492,16.407884137094328,10.407884137094328,1095.8818226120857,288.7808235867446,44.161346435546875,-36.97279357910156,7.5322663527290965,0.8700008651698582,44.263845259208836,-37.88727487170243,-0.10249882366196061,0.9144812926008683,0.9202076088410922
493,16.441233495096554,10.441233495096554,1091.2682062561094,289.0540078201368,43.33098220825195,-37.0189208984375,7.521246205857904,0.8473638541743569,43.453584165547205,-37.983154658417774,-0.12260195729525236,0.9642337599802744,0.971996905251413
494,16.474582853098777,10.474582853098777,1088.0295887047266,289.7889502762431,42.74781036376953,-37.149532318115234,7.503303946944445,0.8462106879688869,42.54222631161869,-37.979268011315,0.20558405215084008,0.8297356931997655,0.8548252003003038
495,16.507932211101,10.507932211101,1083.770327413314,290.3363537513592,41.981109619140625,-37.245506286621094,7.563859839824401,0.8599245982267844,42.08108004859582,-37.91261186881709,-0.09997042945519752,0.6671055821959939,0.6745546268186977
496,16.541281569103226,10.541281569103226,1074.0057156755443,289.6564514167578,40.224491119384766,-37.11558151245117,7.539145764477017,0.8363737488046047,40.370773502441324,-37.92657471032148,-0.14628238305655827,0.8109931978703102,0.824080398131528
497,16.57463092710545,10.57463092710545,1069.5550729882978,289.9441428399083,39.42353439331055,-37.1644401550293,7.569340898398612,0.8653490331855521,39.39802447379543,-37.83663089713212,0.025509919515116053,0.6721907421028206,0.6726746239917248
498,16.607980285107676,10.607980285107676,1066.6860805860806,290.931746031746,38.906768798828125,-37.34100341796875,7.524002755778514,0.8538015945928582,39.033623250788864,-37.90796340422809,-0.12685445196073886,0.5669599862593415,0.5809782078541778
499,16.6413296431099,10.641329643109898,1061.2854725646603,291.21972443799854,37.93494415283203,-37.38923645019531,7.562488954477424,0.8427411281163493,37.82181226451494,-37.96321160516934,0.11313188831709198,0.5739751549740291,0.5850182071368819
500,16.67467900111212,10.674679001112121,1054.2662549945514,290.76849497517856,36.67235565185547,-37.3026237487793,7.555630796764503,0.8870923467207936,36.60765351973578,-37.885116819935085,0.06470213211969167,0.5824930711557883,0.5860755444866611
501,16.708028359114348,10.708028359114348,1050.7127281636651,291.5702560333211,36.0325813293457,-37.44508743286133,7.511590314954905,0.862251825703184,35.949761826362185,-37.920910676598716,0.08281950298351859,0.4758232437373877,0.48297704847663986
502,16.74137771711657,10.74137771711657,1046.3948623853212,292.0700917431193,35.2554817199707,-37.53240203857422,7.517109485659085,0.8354826031733226,35.3540398615242,-37.914054718982996,-0.09855814155349663,0.3816526804087772,0.39417315450152524
503,16.774727075118797,10.774727075118797,1039.2092277325437,291.74697754749565,33.96299743652344,-37.468841552734375,7.485318680679685,0.845044649475397,34.10257876304742,-37.963553366459,-0.13958132652398092,0.4947118137246278,0.5140259967675809
504,16.80807643312102,10.80807643312102,1034.9509911224613,292.21610117961814,33.19669723510742,-37.55064010620117,7.539145764477017,0.8403881877005743,33.14260409159238,-37.93754322863226,0.0540931435150398,0.38690312243108593,0.3906662185578151
505,16.841425791123243,10.841425791123243,1030.4237516869096,293.18279965648384,32.381675720214844,-37.72222900390625,7.506067086035325,0.8712051512254695,32.49704124265771,-37.847286723034735,-0.11536552244286469,0.12505771912848473,0.17014298951803478
506,16.87477514912547,10.874775149125469,1024.3677450624016,292.49836423118865,31.292770385742188,-37.5941276550293,7.552885790026581,0.8377646457789412,31.242231270712743,-37.99942047518966,0.050539115029444304,0.40529282016036206,0.4084317228393247
507,16.90812450712769,10.908124507127692,1022.6249694301785,293.08901932012714,30.9788875579834,-37.69969940185547,7.5184886452864435,0.8426715021070762,30.947919479893006,-37.96401609349284,0.03096807809039248,0.2643166916373687,0.26612466127500567
508,16.941473865129918,10.941473865129918,1015.8843537414965,293.500850340136,29.76616668701172,-37.76935958862305,7.543270400017346,0.8665512564861311,29.743086104719215,-37.98733829768492,0.023080582292504204,0.21797870906187455,0.2191972419608477
509,16.97482322313214,10.974823223132141,1012.4562438544739,293.98414454277287,29.149240493774414,-37.85430145263672,7.499157329359479,0.8623692786332805,29.142198110026023,-37.925884426514656,0.007042383748391501,0.07158297387793766,0.07192855704147773
510,17.008172581134364,11.008172581134364,1007.8394973070018,294.0421304608019,28.318811416625977,-37.86149215698242,7.599416057455208,0.8481187009232054,28.30619737679489,-38.00623955124894,0.012614039831085222,0.14474739426651695,0.14529598118257334
511,17.04152193913659,11.04152193913659,1000.9399332591769,294.06377456433074,27.077863693237305,-37.8604736328125,7.478389753266102,0.8406004471289391,27.074724257808626,-37.90395737182376,0.003139435428678894,0.04348373901125768,0.04359692206119622
512,17.074871297138813,11.074871297138813,994.3423124231242,293.7559655596556,25.891489028930664,-37.80009841918945,7.496391643361173,0.8475466321533406,25.88038824994747,-37.982052026481135,0.01110077898319517,0.18195360729168186,0.18229191562021976
513,17.108220655141036,11.108220655141036,988.8644541697057,293.5162898127887,24.90650749206543,-37.75284957885742,7.54052089367486,0.8111274651044749,24.897245758957514,-37.92577836673347,0.009261733107916115,0.17292878787604593,0.17317663057249025
514,17.141570013143262,11.141570013143262,980.9534180278281,293.34107683000605,23.483959197998047,-37.71551513671875,7.558374806586859,0.8254623595930415,23.473147309145336,-38.024821541410525,0.010811888852710894,0.3093064046917746,0.3094953132503224
515,17.174919371145485,11.174919371145485,975.7072154845031,293.45559230674996,22.540464401245117,-37.73247528076172,7.511590314954905,0.8767810677619066,22.533217357244613,-37.995797089567304,0.0072470440005041326,0.26332180880558553,0.26342151514139955
516,17.20826872914771,11.208268729147711,972.8577309601645,294.34592565685915,22.027406692504883,-37.891422271728516,7.555630796764503,0.8522189847873113,22.02553742408492,-37.984462278651925,0.0018692684199628218,0.09304000692340963,0.09305878278128284
517,17.241618087149934,11.241618087149934,968.5137425838478,294.7044436372442,21.246002197265625,-37.95314407348633,7.555630796764503,0.8723922382139284,21.245760127508273,-37.972260939652806,0.00024206975735197034,0.019116866166477564,0.01911839872464321
518,17.274967445152157,11.274967445152157,963.649666059502,294.85828779599274,20.37125015258789,-37.977481842041016,7.544644777436061,0.8597115830948939,20.371225470300352,-37.96621540860619,2.4682287538269065e-05,-0.011266433434826695,0.0112664604715367
519,17.308316803154383,11.308316803154383,954.8409530720851,294.74758103531684,18.78745460510254,-37.951171875,7.559746437993956,0.8152688917366906,18.787918291018837,-37.97837525821348,-0.0004636859162978624,0.02720338321348237,0.02720733472592542
520,17.341666161156606,11.341666161156606,951.7056005895357,294.79464505035617,18.223684310913086,-37.95743942260742,7.501921995749937,0.7900908250269557,18.22445834565467,-37.98906526482321,-0.0007740347415854387,0.03162584221578868,0.03163531295307734
521,17.375015519158833,11.375015519158833,951.6707182320442,294.7992633517495,18.217403411865234,-37.95824432373047,7.503303946944445,0.8324166105826557,18.218161518734174,-37.9892193781197,-0.0007581068689397341,0.03097505438923065,0.030984330240309062
522,17.408364877161056,11.408364877161056,944.4130804765377,294.8802577194262,16.912450790405273,-37.96770095825195,7.54052089367486,0.7982420923758583,16.907654223610848,-38.0081124610756,0.0047965667944254164,0.040411502823644696,0.04069516695479732
523,17.44171423516328,11.441714235163278,937.0631656261477,295.18998653445954,15.590780258178711,-38.0184440612793,7.514350407024886,0.848704122184687,15.586088310794665,-37.92554344857335,0.004691947384046102,-0.09290061270594663,0.09301902069681743
524,17.475063593165505,11.475063593165505,932.7546802820325,295.43265256503764,14.816001892089844,-38.05923843383789,7.54052089367486,0.851712492799199,14.81075871868919,-37.968765981653945,0.005243173400653944,-0.0904724521839455,0.09062425432237019
525,17.508412951167728,11.508412951167728,931.4734422262552,295.6090744101633,14.585517883300781,-38.09021759033203,7.558374806586859,0.8670395187781904,14.578507753255249,-37.983042020203364,0.0070101300455327475,-0.10717557012866763,0.10740458442571356
526,17.541762309169954,11.541762309169954,924.4993881546744,296.13705335291235,13.331327438354492,-38.180686950683594,7.515730072951691,0.8189160324585785,13.31071233505651,-37.91157339392753,0.020615103297982884,-0.26911355675606075,0.26990199872154347
527,17.575111667172177,11.575111667172177,919.8714668615984,296.53983918128654,12.499037742614746,-38.25019073486328,7.5322663527290965,0.8320319245233386,12.47627440013644,-37.97945017855945,0.02276334247830647,-0.2707405563038279,0.271695819968749
528,17.6084610251744,11.6084610251744,917.6752935537982,296.47699496764915,12.104293823242188,-38.23725891113281,7.595321911845605,0.8008296284964033,12.08388269342623,-38.01433686876257,0.020411129815958162,-0.22292204237024293,0.22385453132533253
529,17.641810383176626,11.641810383176626,912.3708408953418,296.93708408953415,11.150373458862305,-38.31664276123047,7.558374806586859,0.821564173769612,11.112482486613374,-37.94807722992022,0.03789097224893112,-0.36856553131024583,0.3705081330389025
530,17.67515974117885,11.675159741178849,906.4040552094784,296.15353609380725,10.078472137451172,-38.170719146728516,7.522624607080117,0.8138107590798859,10.087089727340567,-37.97112899650443,-0.008617589889395205,-0.19959015022408266,0.19977610197912485
531,17.708509099181075,11.708509099181075,904.1330110326019,295.5847279038056,9.670735359191895,-38.066261291503906,7.467290096308864,0.8300631818890106,9.6756099142549,-37.95336276769526,-0.0048745550630062695,-0.11289852380864573,0.11300370774993902
532,17.741858457183298,11.741858457183298,894.1171912255603,296.74642346208867,7.869462013244629,-38.26911163330078,7.614409090886642,0.8177781558149146,7.94082650592445,-38.00907178068814,-0.07136449267982137,-0.2600398526126426,0.2696546231056556
533,17.77520781518552,11.77520781518552,884.2956733698963,297.7180987202925,6.103346824645996,-38.43773651123047,7.530889716264575,0.8425831504691631,6.102429524680064,-38.00001969574792,0.0009172999659323722,-0.4377168154825455,0.4377177766499874
534,17.808557173187747,11.808557173187747,879.9392398934882,296.6831275720164,5.321314811706543,-38.247520446777344,7.557002926222245,0.8017354932177658,5.271192021595316,-37.94756455258914,0.05012279011122711,-0.29995589418820146,0.3041148344733904
535,17.84190653118997,11.84190653118997,877.3566493955094,295.8719467061436,4.857889652252197,-38.099037170410156,7.485318680679685,0.8084597185692751,4.86432302598231,-38.015552579045725,-0.00643337373011299,-0.08348459136443154,0.08373210431392146
536,17.875255889192196,11.875255889192196,874.3094376055998,295.2405261887521,4.310832500457764,-37.982723236083984,7.567971005907365,0.8303399712373691,4.306701259196186,-37.95958848275402,0.004131241261577934,-0.02313475332996262,0.023500722669730405
537,17.90860524719442,11.90860524719442,870.5042858867558,294.31051551370274,3.6278460025787354,-37.81189727783203,7.566600865404436,0.8011248356324236,3.586839701029139,-37.98432138593928,0.04100630154959628,0.17242410810725062,0.17723315102812245
538,17.941954605196642,11.941954605196642,867.4825980392156,293.81348039215686,3.085289478302002,-37.71989822387695,7.510209888532341,0.8138454619268655,3.096774171396798,-37.97474441681579,-0.01148469309479605,0.25484619293883526,0.2551048416453512
539,17.97530396319887,11.975303963198868,864.7315776458951,292.8929277942631,2.591770648956299,-37.551544189453125,7.477003197260253,0.7937776204936751,2.6118271145068066,-37.99659864995689,-0.020056465550507774,0.4450544605037621,0.44550615554072137
540,18.00865332120109,12.008653321201091,848.557497378539,295.2718163812187,-0.3168015480041504,-37.969974517822266,7.702408561474537,0.7954815225320752,-0.3142196307320677,-38.001985831036954,-0.002581917272082679,0.03201131321468864,0.03211526849535558
541,18.042002679203318,12.042002679203318,842.4183102020938,296.04553201850496,-1.4206362962722778,-38.105430603027344,7.535018871130027,0.7722474895413601,-1.4296847061877216,-38.01356777695124,0.009048409915443756,-0.09186282607610252,0.09230738072703701
542,18.07535203720554,12.07535203720554,838.1975173420957,295.31763417305586,-2.178317070007324,-37.970848083496094,7.536394753342012,0.7700238787343957,-2.1800241155439495,-37.98323551336802,0.0017070455366252624,0.012387429871928646,0.012504496123237528
543,18.108701395207763,12.108701395207763,832.751045510455,294.9749077490775,-3.1565511226654053,-37.9050178527832,7.496391643361173,0.7852537930723676,-3.153252533406809,-37.93103514976984,-0.003298589258596163,0.02601729698663746,0.02622556831772804
544,18.14205075320999,12.14205075320999,828.9543412264724,294.608014571949,-3.8383209705352783,-37.83599090576172,7.544644777436061,0.7480769651819317,-3.8156236821629745,-38.015013526063626,-0.02269728837230378,0.1790226203019074,0.1804557161167704
545,18.175400111212213,12.175400111212213,824.7031211899535,294.3347963911241,-4.6018218994140625,-37.7835807800293,7.5295128281067525,0.7711192974456094,-4.61839045962736,-37.94902962378048,0.016568560213297445,0.16544884375118585,0.16627638763861205
546,18.20874946921444,12.208749469214439,820.7732098765432,293.7464197530864,-5.3072638511657715,-37.6744384765625,7.482547879666494,0.7787226562540217,-5.325271500986872,-37.885888688437824,0.018007649821100813,0.21145021187532365,0.21221561571712544
547,18.24209882721666,12.242098827216662,816.0367656040063,293.53743740075726,-6.157949447631836,-37.6332893371582,7.522624607080117,0.7722177746432498,-6.099248899271438,-37.99915726839199,-0.05870054836039795,0.3658679312337867,0.37054702465827777
548,18.275448185218885,12.275448185218885,810.5292300086514,293.40390557409467,-7.147194862365723,-37.605228424072266,7.478389753266102,0.7596600961334737,-7.166290411440769,-38.00419704864757,0.01909554907504596,0.39896862457530347,0.3994253414469179
549,18.30879754322111,12.308797543221111,805.0607721349409,293.32505175983437,-8.12944221496582,-37.587074279785156,7.5336427376382975,0.745896777305263,-8.141874688380963,-37.963987088233345,0.012432473415142198,0.3769128084481892,0.3771177953471827
550,18.342146901223334,12.342146901223334,799.219970523213,293.2480962908376,-9.178545951843262,-37.56900405883789,7.501921995749937,0.7654783369668559,-9.18115370056744,-37.942559091589544,0.0026077487241789044,0.37355503275165347,0.37356413485169765
551,18.37549625922556,12.37549625922556,792.5302750030829,293.5565421137008,-10.380486488342285,-37.619972229003906,7.486703696637636,0.7858129909975594,-10.376742469441716,-37.94313235024301,-0.0037440189005693014,0.32316012123910554,0.32318180895093895
552,18.408845617227783,12.408845617227783,786.6508389860765,293.96727359276446,-11.436962127685547,-37.689998626708984,7.621214355531145,0.8089539748844224,-11.426487939786941,-37.96860376257446,-0.010474187898605436,0.278605135865476,0.2788019554141534
553,18.442194975230006,12.442194975230006,782.6052696078431,294.4638480392157,-12.164111137390137,-37.77684020996094,7.510209888532341,0.8046195118435101,-12.153332259232013,-37.99792034196573,-0.010778878158124172,0.22108013200479348,0.2213427409733705
554,18.475544333232232,12.475544333232232,782.381593306657,294.5528070813629,-12.20438289642334,-37.79275894165039,7.550139785285747,0.8029299727793371,-12.19428280081755,-37.999916907167034,-0.010100095605789505,0.20715796551664312,0.20740403710690103
555,18.508893691234455,12.508893691234455,764.530718070116,302.5466125577725,-15.4191312789917,-39.224571228027344,7.8305683497273595,0.8131862362139053,-15.705776879556142,-38.51647719298169,0.28664560056444266,-0.7080940350456544,0.7639128633490776
556,18.54224304923668,12.542243049236681,767.8186419753087,304.2714814814815,-14.830472946166992,-39.53866958618164,7.482547879666494,0.7700541904734527,-15.602350622566531,-38.474608909841855,0.771877676399539,-1.0640606763397855,1.3145418480431246
557,18.575592407238904,12.575592407238904,766.1293882822589,309.19314312551364,-15.139249801635742,-40.4269905090332,7.672737117205182,0.8018138260344081,-16.70882717434521,-41.354012152272865,1.5695773727094675,0.9270216432396623,1.8228939233966188
558,18.608941765241127,12.608941765241127,767.2141400407886,312.86755041921595,-14.948417663574219,-41.09193801879883,7.810682001657813,0.8028265445764693,-16.03428423137497,-42.052756224333216,1.0858665678007497,0.9608182055343875,1.449923386649688
559,18.642291123243353,12.642291123243353,770.9238500650348,317.05959560127707,-14.286595344543457,-41.852420806884766,7.645663154457609,0.8050835528869725,-14.014000621911261,-42.97547966003939,-0.27259472263219564,1.1230588531546246,1.1556682354620225
560,18.675640481245576,12.675640481245576,773.4728682170543,320.32475922010804,-13.832221031188965,-42.44456481933594,7.67138568837617,0.8169498497502118,-13.720638207197243,-42.90427319935832,-0.11158282399172137,0.45970838002238423,0.4730565730150806
561,18.708989839247803,12.708989839247803,780.2791028835885,320.62216684466597,-12.609808921813965,-42.503292083740234,7.632090157504494,0.8376674279923194,-12.630977031183898,-42.886020440322085,0.021168109369932964,0.38272835658185045,0.383313297168441
562,18.742339197250026,12.742339197250026,786.3034861509072,321.2620582617001,-11.528179168701172,-42.623374938964844,7.608960496921749,0.7911115311321228,-11.553988932826297,-42.955602668266884,0.0258097641251247,0.3322277293020406,0.3332287623261001
563,18.77568855525225,12.775688555252248,791.4135847232293,321.8877205704617,-10.610739707946777,-42.74022674560547,7.562488954477424,0.7814776502038092,-10.637894667787272,-43.03332588147152,0.02715495984049454,0.29309913586605063,0.29435437025694805
564,18.809037913254475,12.809037913254475,797.7994707085287,322.25718753759173,-9.463763236999512,-42.81169128417969,7.580291126038159,0.8131562070737112,-9.46974618432576,-42.86364091536004,0.005982947326248933,0.05194963118034934,0.05229301902245646
565,18.842387271256698,12.842387271256698,801.3539735508589,322.4456803856136,-8.825297355651855,-42.848365783691406,7.478389753266102,0.7967165024548359,-8.836412805695506,-42.93895648467581,0.011115450043650554,0.09059070098440714,0.0912700845541361
566,18.875736629258924,12.875736629258924,805.6234522040613,323.33766716196135,-8.059067726135254,-43.01277160644531,7.471454400060176,0.8108895721313882,-8.063087053342871,-43.04193845223146,0.004019327207616996,0.029166845786150475,0.029442484343461472
567,18.909085987261147,12.909085987261147,809.792270531401,323.94673603369256,-7.31060266494751,-43.12594985961914,7.470066556749224,0.7859892881909365,-7.339336735969477,-42.93666082273637,0.02873407102196701,-0.18928903688276932,0.19145753137837607
568,18.94243534526337,12.94243534526337,813.7188341905461,324.32659808963996,-6.605419635772705,-43.197505950927734,7.512970487739167,0.7712770717384948,-6.567276943644245,-42.970746359521755,-0.03814269212846,-0.22675959140597968,0.2299451614133538
569,18.975784703265596,12.975784703265596,818.0093469288662,324.5478271425103,-5.834641933441162,-43.24064636230469,7.546018904535596,0.7831736334950927,-5.889954049790193,-43.058966118947716,0.05531211634903066,-0.18168024335697197,0.1899135093700742
570,19.00913406126782,13.009134061267819,821.1474334720646,325.4192205826712,-5.271581649780273,-43.40052032470703,7.403144118975761,0.7683698613416757,-5.178198410440294,-42.91213232832083,-0.09338323933997916,-0.48838799638620145,0.4972356226214652
571,19.042483419270045,13.042483419270045,828.4952898550724,325.2752415458937,-3.9509596824645996,-43.379859924316406,7.565230476755073,0.8088167648285068,-3.994433410506204,-42.96493389794477,0.04347372804160443,-0.41492602637163856,0.41719728233821596
572,19.075832777272268,13.075832777272268,836.1406439118856,324.7932703945776,-2.5764880180358887,-43.29829406738281,7.557002926222245,0.7647080193546949,-2.649188394728461,-43.02731309516278,0.07270037669257245,-0.2709809722200305,0.28056377541755967
573,19.10918213527449,13.10918213527449,844.296746470227,324.49318600368326,-1.1103310585021973,-43.24999237060547,7.503303946944445,0.792999228679351,-1.1305821011088941,-42.954829071917814,0.020251042606696856,-0.2951632986876547,0.2958571912575997
574,19.142531493276717,13.142531493276717,851.8942881500426,323.37437583729144,0.25626394152641296,-43.05321502685547,7.5336427376382975,0.8085328391616189,0.2894866223604191,-42.93682259361144,-0.033222680834006146,-0.11639243324403026,0.12104108822323219
575,19.17588085127894,13.17588085127894,859.8480586608966,322.6846976800096,1.6865311861038208,-42.934295654296875,7.583026212227122,0.788294733314318,1.6616517904418089,-43.01463229277505,0.024879395662011916,0.08033663847817252,0.08410089066400858
576,19.209230209281166,13.209230209281166,864.8803541517109,322.60684374252213,2.591143846511841,-42.923892974853516,7.6007802825909545,0.7894114334546093,2.576056862724587,-42.97016597412834,0.015086983787254038,0.04627299927482653,0.048670396974803506
577,19.24257956728339,13.24257956728339,872.5706943946456,322.4670730249791,3.973637580871582,-42.904232025146484,7.604871489641988,0.7684300784785063,3.989651249458089,-42.988474094716906,-0.0160136685865071,0.08424206957042202,0.08575059105980733
578,19.275928925285612,13.275928925285612,876.0475852272727,322.98922821969694,4.598180770874023,-43.00120544433594,7.6415937867492385,0.7615389109868114,4.603951117178167,-42.98514268039061,-0.0057703463041436365,-0.01606276394532813,0.017067784918760764
579,19.30927828328784,13.309278283287838,878.9035624325297,323.37987285594335,5.111231327056885,-43.07394790649414,7.591225558156986,0.7988787453211569,5.093490572865665,-42.974600532154504,0.017740754191219565,-0.09934737433963647,0.10091895336086841
580,19.34262764129006,13.342627641290061,887.3870503597122,323.3684652278177,6.636329650878906,-43.07808303833008,7.59259125494921,0.8278725476853417,6.640885014370503,-42.960038560086694,-0.004555363491596687,-0.11804447824338382,0.11813234180483044
581,19.375976999292288,13.375976999292288,892.8185332850065,322.95227739519146,7.613170146942139,-43.00677490234375,7.563859839824401,0.7894603371842316,7.604252951740065,-42.94655331149394,0.008917195202073458,-0.060221590849806717,0.060878209358960336
582,19.40932635729451,13.40932635729451,898.7570786243772,322.3612832664965,8.681342124938965,-42.90422439575195,7.541895772142603,0.7761793169096499,8.692256867093482,-42.98406447971684,-0.010914742154517043,0.07984008396488917,0.08058269419559105
583,19.442675715296733,13.442675715296733,905.4430687059966,322.7793153678077,9.883068084716797,-42.984718322753906,7.546018904535596,0.7831736322370744,9.880681272701441,-43.018040288357994,0.0023868120153558436,0.03332196560408818,0.03340733846502416
584,19.47602507329896,13.47602507329896,909.0694845857417,323.1736512524085,10.534754753112793,-43.058692932128906,7.576186645387425,0.7983349266909695,10.521686458796848,-42.94779466145494,0.013068294315944584,-0.11089827067396385,0.11166560237962225
585,19.509374431301183,13.509374431301183,913.7838361807826,323.2490003635042,11.382349014282227,-43.075767517089844,7.552885790026581,0.7545273239028618,11.421010478801685,-42.99394780691877,-0.03866146451945873,-0.08181971017107514,0.0904940540105708
586,19.54272378930341,13.542723789303409,918.1187347931873,323.24829683698295,12.1618013381958,-43.07880783081055,7.53777038441185,0.8029557724716132,12.151916977745017,-42.970854873817004,0.009884360450783447,-0.10795295699354313,0.10840452714333837
587,19.57607314730563,13.576073147305632,924.096947935368,323.0430879712747,13.236937522888184,-43.046058654785156,7.599416057455208,0.8497996681579074,13.245884893105616,-42.97142835641614,-0.008947370217432749,-0.07463029836901569,0.07516473154649134
588,19.609422505307855,13.609422505307855,930.4732539968745,323.68794326241135,14.383016586303711,-43.1673698425293,7.583026212227122,0.77958240559321,14.370972698230878,-42.98323480332345,0.012043888072833298,-0.18413503920584873,0.18452850160137968
589,19.64277186331008,13.642771863310081,936.1168555240794,322.8428942398489,15.398575782775879,-43.01863098144531,7.6524406251213435,0.8129197914899394,15.392823178826308,-42.919368159869386,0.005752603949570556,-0.09926282157592681,0.09942937292075664
590,19.676121221312304,13.676121221312304,942.1148559818333,322.4997012071232,16.477487564086914,-42.96092987060547,7.604871489641988,0.8054882670305799,16.462414230906756,-42.987987769794906,0.015073333180158244,0.027057899189436796,0.030973138066811762
591,19.70947057931453,13.70947057931453,948.8641344046749,322.65887509130755,17.69115447998047,-42.994659423828125,7.535018871130027,0.784515227571558,17.69178941218643,-43.01455885364186,-0.0006349322059620022,0.019899429813733605,0.019909556645437327
592,19.742819937316753,13.742819937316753,954.8859134262656,322.8014184397163,18.774051666259766,-43.024845123291016,7.5184886452864435,0.7898899791074161,18.773443710529538,-42.989177762853835,0.0006079557302278715,-0.03566736043718066,0.035672541411086445
593,19.776169295318976,13.776169295318976,958.6572786690433,323.81592394533567,19.451574325561523,-43.21113204956055,7.626654195164186,0.7763626826394456,19.449353444461018,-42.980209731238006,0.0022208811005057782,-0.2309223183225413,0.23093299766884695
594,19.809518653321202,13.809518653321202,963.5525751072961,323.75786838340485,20.332082748413086,-43.2042121887207,7.614409090886642,0.8232204092277776,20.33158309734538,-42.97614234365708,0.0004996510677059973,-0.22806984506362227,0.22807039237598142
595,19.842868011323425,13.842868011323425,967.907999509984,323.8140389562661,21.11543846130371,-43.21755599975586,7.511590314954905,0.7910459311772117,21.11843542203848,-42.98087836641735,-0.002996960734769516,-0.236677633338509,0.2366966072768333
596,19.87621736932565,13.876217369325651,972.8713966348981,323.4821743734557,22.00844955444336,-43.16115188598633,7.664624969967277,0.8220161763939975,22.011787210795124,-42.99502509180305,-0.0033376563517641955,-0.16612679418327758,0.16616031925684163
597,19.909566727327874,13.909566727327874,979.7297233942802,323.748007501172,23.241912841796875,-43.21426010131836,7.679490694005362,0.8186770177727428,23.248358883269248,-43.02985181341631,-0.006446041472372599,-0.18440828790205188,0.1845209150682643
598,19.942916085330097,13.942916085330097,984.6934865900382,324.0974616858237,24.134559631347656,-43.2811164855957,7.598051587373746,0.8066961475695467,24.143688972150986,-43.065765150660425,-0.009129340803330166,-0.2153513349352778,0.21554475711997625
599,19.976265443332323,13.976265443332323,991.260519575558,324.3549213318697,25.315725326538086,-43.33250045776367,7.528135688117529,0.7820206964568702,25.3400177247228,-42.934322141974675,-0.024292398184712738,-0.39817831578899643,0.3989186530787028
600,20.009614801334546,14.009614801334546,995.8326920834791,324.32458901713886,26.138275146484375,-43.330360412597656,7.6997158822936775,0.7913087034504463,26.16174353590262,-42.98758787445038,-0.023468389418244584,-0.3427725381472797,0.34357499648521383
601,20.042964159336773,14.042964159336773,1001.393862202814,325.2569141193595,27.138107299804688,-43.50312423706055,7.548766408323902,0.8277580044188577,27.00353297963961,-43.04993108921611,0.1345743201650791,-0.45319314784443776,0.47275181321814475
602,20.076313517338995,14.076313517338995,1006.3289776164548,325.63327283726557,28.025733947753906,-43.57483673095703,7.558374806586859,0.8046824572597576,28.08499145729563,-42.94865403534698,-0.05925750954172315,-0.6261826956100478,0.628980302329535
603,20.10966287534122,14.109662875341218,1013.8487496965282,326.3175528040787,29.378225326538086,-43.704166412353516,7.546018904535596,0.8047140710938694,29.228566094323522,-43.061603550235354,0.1496592322145638,-0.6425628621181616,0.6597612580021173
604,20.143012233343445,14.143012233343445,1017.0375655567751,326.66190998902306,29.95174217224121,-43.76881408691406,7.528135688117529,0.794534558402591,30.043655199355523,-42.95829531730694,-0.09191302711431248,-0.8105187696071212,0.8157136019699304
605,20.176361591345668,14.176361591345668,1024.682528238404,326.0342465753425,31.327722549438477,-43.66084289550781,7.584393385448765,0.7788160132747395,31.423610542173716,-42.935774094882305,-0.09588799273523918,-0.7250688006255075,0.7313817558507357
606,20.209710949347894,14.209710949347894,1028.6474543707973,325.8623919308357,32.04127883911133,-43.632652282714844,7.587126992812873,0.782965315701695,32.12538818642237,-43.03105720086796,-0.08410934731104192,-0.6015950818468809,0.6074463143418066
607,20.243060307350117,14.243060307350117,1034.0032585083272,325.67004586048756,33.00514602661133,-43.601768493652344,7.567971005907365,0.7826110478110663,33.0990746228914,-42.980490262482164,-0.09392859628007244,-0.6212782311701801,0.6283384611219439
608,20.27640966535234,14.27640966535234,1039.7650292817018,326.3265208557428,34.04154968261719,-43.724788665771484,7.604871489641988,0.7928431329563075,34.166375835673534,-42.95709968125859,-0.12482615305634681,-0.767688984512894,0.7777711394936719
609,20.309759023354566,14.309759023354566,1046.3383262006657,326.0392296718973,35.224647521972656,-43.677616119384766,7.625294599076164,0.8124913798302256,35.00999410759346,-43.09908509439256,0.2146534143791996,-0.5785310249922091,0.6170690684057859
610,20.34310838135679,14.343108381356789,1050.3101311953353,325.68306608357625,35.93963623046875,-43.61608123779297,7.543270400017346,0.8079101584123827,36.07067604913332,-42.90987642884166,-0.13103981866456849,-0.7062048089513056,0.718259470011773
611,20.376457739359015,14.376457739359015,1054.2769634131807,325.3807651054701,36.65370559692383,-43.56427764892578,7.615770630296879,0.8436917059813263,36.755009205051614,-43.040061494376765,-0.10130360812778605,-0.5242161545490163,0.5339147850639333
612,20.409807097361238,14.409807097361238,1059.7670955444364,325.62556588039075,37.64162063598633,-43.612606048583984,7.617131926336047,0.8238092677174039,37.756564209652076,-43.051436876506926,-0.11494357366574803,-0.561169172077058,0.5728200981256715
613,20.44315645536346,14.44315645536346,1064.8987416904083,324.8094729344729,38.56565856933594,-43.46867370605469,7.630731529962352,0.8212879266278624,38.65558233679148,-43.053249799634955,-0.08992376745554509,-0.4154239064197327,0.4250450634678984
614,20.476505813365687,14.476505813365687,1070.1085215728456,324.08664993426555,39.503746032714844,-43.3416748046875,7.604871489641988,0.7928431354992515,39.39418887251432,-42.97434213081039,0.10955716020052364,-0.3673326738771081,0.3833224030094107
615,20.50985517136791,14.50985517136791,1073.1133161827759,323.648046061497,40.044803619384766,-43.26449966430664,7.511590314954905,0.803806305792959,40.104939364952024,-43.00536383093968,-0.060135745567258425,-0.2591358333669618,0.266021969073458
616,20.543204529370136,14.543204529370136,1079.0754347293655,323.61156012735734,41.117950439453125,-43.262264251708984,7.512970487739167,0.755822523123994,41.20780079605693,-42.89962888607175,-0.08985035660380447,-0.36263536563723164,0.3736007159959407
617,20.57655388737236,14.57655388737236,1086.1202876984125,323.8048115079365,42.38588333129883,-43.30239486694336,7.465901478891688,0.7546710311269275,42.45594252149042,-43.032549475019145,-0.07005919019159279,-0.2698453919242141,0.27879172454187817
618,20.609903245374582,14.609903245374582,1090.8219178082193,322.8541216053833,43.232704162597656,-43.1337776184082,7.584393385448765,0.7618470723562678,43.18657621246877,-42.937160173538985,0.046127950128884265,-0.19661744486921862,0.20195595413355125
619,20.64325260337681,14.643252603376808,1097.4174399238639,323.239471805853,44.419761657714844,-43.208343505859375,7.622574679389463,0.7815980919734229,44.373087815072765,-42.98737152469989,0.046673842642078966,-0.22097198115948657,0.22584743532864401
620,20.67660196137903,14.676601961379031,1102.4912721186035,323.2764227642276,45.33311462402344,-43.218746185302734,7.603507998552653,0.7899781297286115,45.3258558681075,-43.10335269712953,0.0072587559159345005,-0.11539348817320416,0.11562156654459636
621,20.709951319381258,14.709951319381258,1105.3427835051546,320.86426116838487,45.847652435302734,-42.784263610839844,7.504685643659398,0.7833373102971671,45.88727638691763,-42.99497016535846,-0.039623951614892405,0.21070655451861597,0.214399882599515
622,20.74330067738348,14.74330067738348,1109.5369152046783,319.8696393762183,46.60316848754883,-42.60731887817383,7.5322663527290965,0.7803215809332024,46.45564120553598,-43.08664946002716,0.14752728201284526,0.47933058185333266,0.5015197958585005
623,20.776650035385703,14.776650035385703,1112.9522111269614,319.2362101759391,47.21833038330078,-42.49517059326172,7.625294599076164,0.7908626603845651,47.310181692662695,-43.051581292587265,-0.09185130936191399,0.5564106993255464,0.5639410690448441
624,20.80999939338793,14.80999939338793,1116.3771483902203,317.87860082304525,47.835567474365234,-42.25197219848633,7.557002926222245,0.8201298561394664,47.784774132589156,-42.97603123127953,0.050793341776078194,0.7240590327931997,0.7258384438276919
625,20.843348751390153,14.843348751390153,1119.2371864121953,316.59356619853554,48.35105895996094,-42.02149200439453,7.588493427221578,0.7983038068854068,48.013155295252595,-43.05099084173765,0.33790366470834243,1.0294988373431195,1.0835343754187787
626,20.87669810939238,14.876698109392379,1127.4422986891386,316.9115168539326,49.82807159423828,-42.08501434326172,7.684889282154717,0.7821703179778843,49.929003881017586,-42.985519195722006,-0.10093228677930455,0.900504852460287,0.9061436507635107
627,20.9100474673946,14.910047467394602,1135.083595296309,316.86424496448944,51.20384216308594,-42.08202362060547,7.705100299652627,0.7960376088812763,50.995712576944484,-42.87428228447495,0.20812958614145316,0.7922586638694824,0.8191408396018782
628,20.943396825396825,14.943396825396825,1135.3892657384267,314.04605498036415,51.260154724121094,-41.57220458984375,7.621214355531145,0.7802737542049523,50.995712576944484,-42.87428228447495,0.2644421471766094,1.3020776946312012,1.3286594642945495
629,20.97674618339905,14.976746183399051,1140.616611862136,312.0334916575326,52.202186584472656,-41.21177673339844,7.5336427376382975,0.8085328418051793,52.33929619799548,-43.049103924776084,-0.13710961352282425,1.8373271913776463,1.8424359566335131
630,21.010095541401274,15.010095541401274,1143.9732164597028,307.5827854881909,52.808494567871094,-40.40879440307617,7.535018871130027,0.8061435936419771,53.39163191084741,-38.10969458171533,-0.5831373429763147,-2.2990998213608407,2.3718999028953407
631,21.0434448994035,15.0434448994035,1145.9980549477266,303.1738390469244,53.17496109008789,-39.612449645996094,7.54052089367486,0.8298894873959913,53.46735370785323,-38.12890044963856,-0.2923926177653371,-1.4835491963575365,1.5120885096239436
632,21.076794257405723,15.076794257405723,1146.098909090909,298.6955151515151,53.195064544677734,-38.8022346496582,7.551512912474564,0.8096767258141588,53.37198257707831,-38.10471077884653,-0.1769180324005788,-0.697523870811672,0.7196106867887596
633,21.110143615407946,15.110143615407946,1142.2285122960798,294.1369612856099,52.50033187866211,-37.9747314453125,7.535018871130027,0.8192312053021776,52.52204249780775,-37.88913431935137,-0.02171061914564376,-0.08559712596112945,0.08830752491431663
634,21.143492973410172,15.143492973410172,1136.8560354374308,290.38033714777896,51.53493881225586,-37.29131317138672,7.495008417656372,0.8305770144798388,51.375763235886694,-37.992861914300065,0.15917557636916513,0.7015487429133458,0.71937994328154
635,21.176842331412395,15.176842331412395,1136.339736346516,289.5923414940364,51.44234848022461,-37.14840316772461,7.419931315403792,0.8156395285877623,51.256868494212256,-37.96588568602731,0.1854799860123535,0.8174825183027039,0.838260396858681
636,21.21019168941462,15.210191689414621,1136.4473586996676,290.00086196281245,51.461544036865234,-37.222373962402344,7.4922412001289125,0.8259991761312542,51.29108590250449,-37.97364933145009,0.17045813436074297,0.7512753690477467,0.7703704665338444
637,21.243541047416844,15.243541047416844,1124.5059307673685,287.5119825708061,49.31336212158203,-36.763671875,7.557002926222245,0.7767602566835718,49.34208246505461,-38.03980931761524,-0.028720343472578236,1.2761374426152372,1.276460587160348
638,21.276890405419067,15.276890405419067,1118.5933789132782,288.0779656950941,48.24895095825195,-36.861839294433594,7.591225558156986,0.811692393861989,48.04836916698525,-37.94863553644568,0.20058179126669984,1.0867962420120847,1.1051511781830337
639,21.310239763421293,15.310239763421293,1111.687383699293,287.1007319191167,47.00654602050781,-36.680171966552734,7.464512603151108,0.8473427891900169,47.07907698635367,-37.89500456393744,-0.07253096584585705,1.2148325973847065,1.21699588359
640,21.343589121423516,15.343589121423516,1104.275138121547,286.82995702885205,45.67276382446289,-36.62592315673828,7.503303946944445,0.8324166091962947,45.78459459168895,-37.988110050608555,-0.11183076722605989,1.3621868938702733,1.36676964201372
641,21.376938479425743,15.376938479425743,1101.7976322604513,287.88025650511776,45.22637939453125,-36.81412124633789,7.486703696637636,0.8565478459470572,45.34416886938765,-38.02758649600461,-0.11778947485640145,1.2134652496667186,1.2191686809197728
642,21.410287837427965,15.410287837427965,1097.1556291390727,288.1698552857493,44.39088821411133,-36.86320114135742,7.507448274212631,0.8401985102336057,44.343124558415404,-37.878388921847396,0.047763655695924,1.015187780489974,1.0163107774994804
643,21.44363719543019,15.443637195430188,1093.143227239082,289.093387614113,43.66836166381836,-37.027374267578125,7.485318680679685,0.8450446452110925,43.777905852901156,-37.943217662532874,-0.10954418908279706,0.9158433949547486,0.9223714292214646
644,21.476986553432415,15.476986553432415,1089.6068376068376,289.6666666666667,43.03169631958008,-37.1285400390625,7.524002755778514,0.8207198095587376,43.152066480888294,-38.0221346597911,-0.12037016130821598,0.8935946207285994,0.9016653048268273
645,21.510335911434638,15.510335911434638,1084.6572044556235,290.02143969337646,42.14086151123047,-37.18918228149414,7.596686872214579,0.8573707186783099,42.20079588789691,-37.8946716144002,-0.059934376666440414,0.7054893329060619,0.7080305984564755
646,21.543685269436864,15.543685269436864,1075.0362052037308,289.2168630338733,40.41015625,-37.03681182861328,7.504685643659398,0.8395802584054283,40.558161708165635,-37.893738969900426,-0.1480054581656347,0.8569271412871444,0.8696147084320602
647,21.577034627439087,15.577034627439087,1071.3821554985964,289.5598681801538,39.75250244140625,-37.09624481201172,7.525380652091829,0.8237833609059195,39.583543784539756,-37.876788902244684,0.16895865686649358,0.780544090232965,0.7986213774547589
648,21.61038398544131,15.61038398544131,1067.3622976755505,290.4781550444201,39.02870559692383,-37.25945281982422,7.536394753342012,0.8679558069095997,39.15114975583172,-37.88495727876626,-0.12244415890788929,0.6255044589420393,0.6373761842170084
649,21.643733343443536,15.643733343443536,1062.3193226120857,290.69249512670564,38.121253967285156,-37.29462432861328,7.5322663527290965,0.8598362732634467,37.98320384175051,-37.99502227455617,0.13805012553464735,0.7003979459428891,0.7138733219844751
650,21.67708270144576,15.677082701445759,1054.8191966994295,290.58245358572987,36.771949768066406,-37.26937484741211,7.547392781452676,0.8603379667619941,36.65603014061997,-37.894093342818984,0.1159196274464378,0.6247184954068743,0.6353822145218969
651,21.710432059447985,15.710432059447985,1052.696913580247,291.2911111111111,36.38970947265625,-37.396018981933594,7.482547879666494,0.8627605611003581,36.5138109979087,-37.90786955427137,-0.12410152525244911,0.511850572337778,0.5266803555976767
652,21.743781417450208,15.743781417450208,1047.9926226484693,292.0366408459363,35.542945861816406,-37.527496337890625,7.497774613881816,0.8490630593249846,35.578035993658446,-37.856209867809206,-0.035090131842039796,0.3287135299185806,0.3305811581204006
653,21.77713077545243,15.77713077545243,1040.2067901234566,291.436049382716,34.14264678955078,-37.41332244873047,7.482547879666494,0.8210841346808543,34.19150686366513,-37.938462592588,-0.04886007411435145,0.5251401438575343,0.5274082645666179
654,21.810480133454657,15.810480133454657,1037.1913171449596,292.32425803286725,33.59962844848633,-37.57179641723633,7.507448274212631,0.8401985116386768,33.537175462047145,-37.99552220735993,0.06245298643918318,0.4237257901236049,0.4283035380790661
655,21.84382949145688,15.84382949145688,1034.081617647059,293.15441176470586,33.03971481323242,-37.71970748901367,7.510209888532341,0.8271662434982013,33.01181559761366,-37.91925761560734,0.027899215618759854,0.199550126593671,0.2014909905074968
656,21.877178849459103,15.877178849459103,1025.218864794407,292.5059841213414,31.44585609436035,-37.59611511230469,7.637522250830989,0.8332792933056584,31.393217051940155,-38.018248066959586,0.05263904242019635,0.42213295465489864,0.4254022804271152
657,21.91052820746133,15.91052820746133,1023.7741147741147,293.1467643467643,31.18556022644043,-37.710960388183594,7.524002755778514,0.8302072944869568,31.151008367747416,-37.98804518168098,0.034551858693014026,0.27708479349738724,0.27923075354736937
658,21.943877565463552,15.943877565463552,1018.8927824910855,293.8020410672568,30.307098388671875,-37.82597351074219,7.497774613881816,0.8735587926139393,30.346270289063497,-37.94147129283705,-0.039171900391622216,0.11549778209486306,0.12195972880063174
659,21.97722692346578,15.977226923465778,1014.3381445842585,293.93362941031336,29.48776626586914,-37.84651184082031,7.485318680679685,0.8491511805354447,29.475851034140806,-37.959042226639845,0.011915231728334419,0.11253038581953234,0.11315944715238191
660,22.010576281468,16.010576281468,1007.8635025754231,293.85810645082165,28.323261260986328,-37.82822799682617,7.507448274212631,0.8685122981743604,28.307736719242392,-38.006373697545975,0.015524541743936027,0.17814570071980285,0.17882086590023208
661,22.043925639470224,16.043925639470224,1001.6050245098039,293.76409313725486,27.197689056396484,-37.806758880615234,7.510209888532341,0.8506741090698657,27.18922022354449,-37.913061597520965,0.008468832851995955,0.10630271690573068,0.10663952715299785
662,22.07727499747245,16.07727499747245,996.2434900654079,293.7579908675799,26.233409881591797,-37.80182647705078,7.483933408403425,0.8377926967464844,26.408034642807596,-37.855823769588575,-0.1746247612157994,0.05399729253779384,0.18278269839097747
663,22.110624355474673,16.110624355474673,990.8525735294118,293.28051470588235,25.264225006103516,-37.71163558959961,7.510209888532341,0.8408167620679866,25.251739078484448,-37.944764346767926,0.012485927619067638,0.23312875716831627,0.23346287886375505
664,22.1439737134769,16.1439737134769,983.2914230019492,292.9961013645224,23.90465545654297,-37.654808044433594,7.5322663527290965,0.8400343182762888,24.012982676292935,-37.90495505606361,-0.10832721974996673,0.25014701163001973,0.2725955134740607
665,22.177323071479123,16.177323071479123,977.7238970588236,293.259681372549,22.90325355529785,-37.698490142822266,7.510209888532341,0.8311297606635639,22.894797310028373,-38.0057483573313,0.008456245269478302,0.3072582145090337,0.3073745572869312
666,22.210672429481345,16.210672429481345,974.870880803626,293.9175548205317,22.389738082885742,-37.81540298461914,7.511590314954905,0.8664697180905785,22.3848856963366,-37.99171476126284,0.004852386549142551,0.17631177664370057,0.1763785367851782
667,22.24402178748357,16.24402178748357,970.371203737858,294.18566334685846,21.580398559570312,-37.86067199707031,7.497774613881816,0.8490630621833999,21.57893212883389,-37.97647977263594,0.0014664307364213869,0.11580777556562794,0.11581705962665247
668,22.277371145485795,16.277371145485795,964.467706013363,294.52511754516206,20.518596649169922,-37.91782760620117,7.4742293135820566,0.8466370365092163,20.518339444459468,-37.96695340116787,0.00025720471045431736,0.04912579496669878,0.04912646827702157
669,22.31072050348802,16.31072050348802,958.2316113161131,294.50110701107013,19.39730453491211,-37.909027099609375,7.496391643361173,0.8516653202704861,19.39789713988094,-37.97064485718361,-0.0005926049688298463,0.06161775757423271,0.061620607179140925
670,22.344069861490244,16.344069861490244,954.8374281872631,294.57511306686223,18.786951065063477,-37.91998291015625,7.51986755197301,0.8132143395824457,18.787946363601414,-37.97837477971192,-0.000995298537937117,0.05839186955567044,0.05840035144916554
671,22.377419219492467,16.377419219492467,950.7271955361474,294.7586123241145,18.047786712646484,-37.95022201538086,7.548766408323902,0.8129023624192262,18.048842587895464,-37.99336341747787,-0.0010558752489799872,0.04314140209701378,0.04315432130665055
672,22.410768577494693,16.410768577494693,944.0066958850741,294.89396152909666,16.83937644958496,-37.96989059448242,7.535018871130027,0.8231248506511838,16.83585134037286,-37.999589953833386,0.003525109212102251,0.029699359350964016,0.029907830760771366
673,22.444117935496916,16.444117935496916,937.9021978021977,295.25518925518924,15.7415771484375,-38.03083419799805,7.524002755778514,0.8579506746342577,15.735877361450326,-37.91797834944309,0.005699786987173994,-0.11285584855495756,0.11299969081709328
674,22.477467293499142,16.477467293499142,936.0846406421015,295.5964976286027,15.414535522460938,-38.091243743896484,7.539145764477017,0.8307454025996028,15.406624593942578,-37.93460726733933,0.007910928518359839,-0.15663647655715351,0.1568361201326477
675,22.510816651501365,16.510816651501365,932.3278206541712,295.851157662624,14.738921165466309,-38.13459777832031,7.511590314954905,0.8480807654132223,14.729583306629525,-37.973470361285806,0.009337858836783397,-0.16112741703450695,0.16139776989744192
676,22.544166009503588,16.544166009503588,925.6744129750665,296.25974340353423,13.542469024658203,-38.203704833984375,7.557002926222245,0.8415188812727095,13.518869173735462,-37.89562780284221,0.023599850922741084,-0.3080770311421617,0.3089796272910951
677,22.577515367505814,16.577515367505814,921.1537434777332,296.64276180075234,12.729466438293457,-38.269718170166016,7.547392781452676,0.8325638880562892,12.703455297502328,-37.96034924797901,0.02601114079112854,-0.30936892218700507,0.3104604797078126
678,22.610864725508037,16.610864725508037,919.2431842966195,296.8050405913001,12.385870933532715,-38.297691345214844,7.552885790026581,0.8072871619125872,12.359936240141337,-37.989231666103905,0.02593469339137755,-0.3084596791109391,0.3095480285166234
679,22.644214083510263,16.644214083510263,913.2088164251206,297.1322463768116,11.300840377807617,-38.35252380371094,7.565230476755073,0.8126210048171196,11.43846107413478,-37.969432626408825,-0.13762069632716312,-0.38309117730211284,0.40706056820121017
680,22.677563441512486,16.677563441512486,908.6110705596105,296.21727493917274,10.475137710571289,-38.18382263183594,7.53777038441185,0.823726111944385,10.483581919821926,-37.98824811338127,-0.008444209250637158,-0.19557451845467,0.1957567289741137
681,22.71091279951471,16.71091279951471,904.7700249199003,295.7995728017088,9.785056114196777,-38.10555648803711,7.632090157504494,0.8150523965727989,9.79141141788528,-37.958362663059546,-0.0063553036885029,-0.14719382497756328,0.14733096075332786
682,22.744262157516935,16.744262157516935,895.1449116392442,297.0466788543571,8.05392074584961,-38.324127197265625,7.530889716264575,0.8425831546891579,8.010804927124301,-37.99976976799815,0.04311581872530823,-0.32435742926747224,0.3272105067771463
683,22.77761151551916,16.77761151551916,891.7630765572991,296.90798858773184,7.446197032928467,-38.296630859375,7.625294599076164,0.8469824305224009,7.393238293830761,-37.92957690814682,0.05295873909770599,-0.3670539512281792,0.3708547305334495
684,22.810960873521385,16.810960873521385,884.3313790155123,296.23757176010747,6.111077785491943,-38.17012023925781,7.522624607080117,0.817672153552906,6.110721278369549,-38.00000231915852,0.0003565071223947669,-0.17011792009929394,0.1701182936554387
685,22.844310231523608,16.844310231523608,881.4140817331363,295.4919990152634,5.587432384490967,-38.033260345458984,7.493624936626099,0.8195991039476863,5.616236683729647,-37.92635625577272,-0.02880429923868011,-0.10690408968626741,0.11071662949295799
686,22.87765958952583,16.87765958952583,876.4413455657492,295.3269724770642,4.693888187408447,-37.99987030029297,7.517109485659085,0.8126179227584028,4.70044852131826,-37.97399860922423,-0.006560333909813032,-0.02587169106873688,0.026690492310266635
687,22.911008947528057,16.911008947528057,866.8207220573689,295.50259643916917,2.9648005962371826,-38.024742126464844,7.477003197260253,0.8254317871973058,2.962819484540772,-37.980781110750314,0.0019811116964105757,-0.043961015714529594,0.044005632664543895
688,22.94435830553028,16.94435830553028,863.2730613744947,295.20164155335044,2.327549695968628,-37.967803955078125,7.511590314954905,0.785849254588539,2.3252401374563534,-37.9785759815836,0.0023095585122745454,0.010772026505478038,0.011016833281680412
689,22.977707663532506,16.977707663532506,859.8500674267499,294.4399901924727,1.7131516933441162,-37.827693939208984,7.508829208331589,0.7978966883547226,1.7207733497623903,-37.94896335080816,-0.007621656418274059,0.12126941159917237,0.12150868214316086
690,23.01105702153473,17.01105702153473,856.2403013182674,293.938355304457,1.064961314201355,-37.73444366455078,7.419931315403792,0.8235244760688325,1.0170425649749002,-37.98505546694103,0.04791874922645478,0.25061180239024594,0.25515188030801483
691,23.04440637953695,17.04440637953695,852.67133726647,293.3838495575221,0.4241786599159241,-37.63167190551758,7.499157329359479,0.7895085928336294,0.4490812286465605,-37.940420731866915,-0.024902568730636454,0.308748826349337,0.3097514740908865
692,23.077755737539178,17.077755737539178,838.0421496311907,295.1685985247629,-2.206082582473755,-37.94380569458008,7.683539990724396,0.7592151581713287,-2.21092930185286,-37.97897663473923,0.004846719379105302,0.035170940159154895,0.03550331985066536
693,23.1111050955414,17.1111050955414,829.8186874304783,296.1745148930911,-3.684572696685791,-38.11973571777344,7.478389753266102,0.7430820801923741,-3.699713027364073,-38.0003178549079,0.0151403306782818,-0.11941786286553935,0.12037381602499973
694,23.144454453543627,17.144454453543627,826.2035344302254,295.7650213284582,-4.3336710929870605,-38.04313659667969,7.530889716264575,0.756988215236672,-4.327167499333438,-37.97819359400672,-0.00650359365362263,-0.06494300267296893,0.06526783531413226
695,23.17780381154585,17.17780381154585,822.3326015367728,295.389925600683,-5.028750896453857,-37.97257995605469,7.528135688117529,0.7648220128374746,-5.02355628314305,-37.91158354085931,-0.0051946133108078385,-0.06099641519537613,0.061217208970480955
696,23.211153169548073,17.211153169548073,817.0880729541636,294.96604271658265,-5.97051477432251,-37.8922233581543,7.589859615625343,0.7749034591733355,-5.9570193118145385,-37.976337682240676,-0.01349546250797129,0.08411432408637864,0.08519006412025053
697,23.2445025275503,17.2445025275503,812.591651319828,294.99238796807856,-6.778303623199463,-37.893775939941406,7.503303946944445,0.7480414711614001,-6.7855686537318585,-38.025130759948624,0.007265030532395578,0.13135482000721765,0.13155557535796492
698,23.277851885552522,17.277851885552522,806.8703703703703,294.6468167513919,-7.805731773376465,-37.82723617553711,7.557002926222245,0.7447720741682098,-7.81172364628245,-37.97547128866639,0.0059918729059855735,0.14823511312928161,0.1483561636918817
699,23.31120124355475,17.31120124355475,802.257247706422,294.9919266055046,-8.634757995605469,-37.88630676269531,7.517109485659085,0.7660880124880742,-8.635920953942277,-37.95047949811447,0.0011629583368080176,0.06417273541915591,0.06418327230104538
700,23.34455060155697,17.34455060155697,795.5354649026093,294.95675609457305,-9.842148780822754,-37.875152587890625,7.511590314954905,0.7531133212647111,-9.841883275288538,-37.938994635206804,-0.000265505534216004,0.06384204731617871,0.06384259940439377
701,23.377899959559194,17.377899959559194,789.1499631540162,295.36649471874233,-10.98954963684082,-37.94463348388672,7.501921995749937,0.7740470640536853,-10.989278601457277,-37.95488288643936,-0.0002710353835428947,0.010249402552638287,0.010252985558614645
702,23.41124931756142,17.41124931756142,782.8171695402299,295.95857279693485,-12.127636909484863,-38.0471076965332,7.598051587373746,0.7888447321249835,-12.130090313297538,-37.99678716866285,0.0024534038126748925,-0.05032052787035468,0.05038030086669977
703,23.444598675563643,17.444598675563643,779.1943428432089,296.40185320653495,-12.778813362121582,-38.1246223449707,7.5295128281067525,0.7833691132873043,-12.785003896353428,-38.03275362839381,0.006190534231846456,-0.09186871657689011,0.09207705359947518
704,23.47794803356587,17.47794803356587,779.151179941003,296.28281710914456,-12.786437034606934,-38.10307693481445,7.499157329359479,0.8153084701550535,-12.791147842877663,-38.03316763560643,0.004710808270729672,-0.06990929920802103,0.07006783734581926
705,23.511297391568093,17.511297391568093,772.3846655791191,299.3348558999456,-14.005036354064941,-38.6497802734375,7.972285844763215,0.8158380579741749,-14.07202200299155,-37.93371298487836,0.06698564892660919,-0.7160672885591381,0.7191936032158205
706,23.544646749570315,17.544646749570315,761.70366598778,306.2212038922833,-15.93090534210205,-39.88664245605469,7.815989975088427,0.8386077899313926,-16.504395867839538,-39.177073105105286,0.5734905257374869,-0.7095693509494012,0.912348643292362
707,23.57799610757254,17.57799610757254,770.2703392922291,307.9469779885686,-14.394110679626465,-40.20473861694336,7.539145764477017,0.7916254343356065,-15.602350622566531,-38.474608909841855,1.2082399429400663,-1.7301297071015043,2.110258885329227
708,23.611345465574765,17.611345465574765,762.6516431924882,315.81032863849765,-15.771157264709473,-41.62057876586914,7.6740883080437285,0.8121812721858513,-16.03428423137497,-42.052756224333216,0.26312696666549584,0.43217745846407496,0.5059774265627393
709,23.64469482357699,17.64469482357699,772.0377224199289,316.8300118623962,-14.08625316619873,-41.811729431152344,7.633448543233415,0.8126603770153303,-13.81547770457775,-42.92729313852749,-0.2707754616209801,1.115563707375145,1.147955458991608
710,23.678044181579214,17.678044181579214,773.611581920904,320.4657485875706,-13.807451248168945,-42.470157623291016,7.663272110549808,0.8152226843644191,-13.703112953281389,-42.9000193780053,-0.10433829488755642,0.4298617547142811,0.4423433145714802
711,23.711393539581437,17.711393539581437,775.9523809523808,322.70471404642257,-13.389338493347168,-42.87665557861328,7.6007802825909545,0.8335931868086615,-13.388300644751617,-42.85097986646346,-0.0010378485955513383,-0.025675712149819674,0.02569667924280656
712,23.744742897583663,17.744742897583663,781.2699505010261,323.345768441386,-12.434701919555664,-42.99644470214844,7.566600865404436,0.7848834313705145,-12.42921173046375,-42.89717976489067,-0.0054901890919136775,-0.09926493725776453,0.09941664822881979
713,23.778092255585886,17.778092255585886,786.0566384700257,324.21907564055414,-11.575648307800293,-43.15784454345703,7.508829208331589,0.7941675503772343,-11.559901068925784,-42.95514337235403,-0.015747238874508795,-0.20270117110300134,0.20331192856962196
714,23.811441613588112,17.811441613588112,791.4781372200498,324.19409882687523,-10.601553916931152,-43.15728759765625,7.637522250830989,0.8254812046020947,-10.590476170656794,-43.037719096011266,-0.011077746274358091,-0.11956850164498434,0.12008056898660031
715,23.844790971590335,17.844790971590335,795.3153648698203,324.4957829116245,-9.912424087524414,-43.21464538574219,7.51986755197301,0.783930313783401,-9.981065353061098,-43.02065502253862,0.0686412655366837,-0.193990363203568,0.20577629686222307
716,23.878140329592558,17.878140329592558,800.5168676166118,325.15308732188527,-8.978510856628418,-43.33729934692383,7.5336427376382975,0.7868050124038021,-8.928251661404557,-42.927687886446556,-0.050259195223860686,-0.40961146047727226,0.41268333532973456
717,23.911489687594784,17.911489687594784,807.6176870748299,325.2230055658627,-7.70266056060791,-43.35513687133789,7.475616384079957,0.7961256856194967,-7.756570792911465,-42.999996942050984,0.05391023230355518,-0.3551399292869064,0.35920841098300044
718,23.944839045597007,17.944839045597007,813.2392273402675,324.83184744923227,-6.692103385925293,-43.288516998291016,7.471454400060176,0.7592732816530846,-6.636688037795601,-42.95907088428342,-0.05541534812969218,-0.32944611400759527,0.3340742475005226
719,23.978188403599233,17.978188403599233,819.8080990146599,324.1220860370103,-5.510974884033203,-43.16497802734375,7.584393385448765,0.7860112393743759,-5.5726594673872905,-42.96236654084002,0.06168458335408733,-0.20261148650372718,0.21179330085443537
720,24.011537761601456,18.011537761601456,824.5155555555555,324.17525525525525,-4.665074825286865,-43.17803192138672,7.58576031226629,0.7977288684478024,-4.63339649628972,-43.01877714295396,-0.0316783289971454,-0.1592547784327607,0.16237487792672575
721,24.04488711960368,18.04488711960368,833.087921626984,324.68824404761904,-3.125011682510376,-43.27706527709961,7.465901478891688,0.7429880761874992,-3.0707353697939856,-43.04107065339206,-0.05427631271639033,-0.23599462370754765,0.24215569483486116
722,24.078236477605905,18.078236477605905,839.1664226451927,324.45278184480236,-2.032349109649658,-43.23893356323242,7.526758296158674,0.7916285471120695,-1.9697497390551681,-42.984135974459285,-0.06259937059449006,-0.25479758877313685,0.2623747176147711
723,24.11158583560813,18.11158583560813,845.4602252088631,324.3519796585543,-0.9010878801345825,-43.22530746459961,7.555630796764503,0.7585112965404546,-0.8281631541487827,-42.95465510876438,-0.0729247259857998,-0.2706523558352316,0.2803046795529194
724,24.144935193610355,18.144935193610355,853.6197575757575,324.01284848484846,0.5657944679260254,-43.16994094848633,7.551512912474564,0.7756320658286121,0.5586491060835436,-42.98106761721772,0.007145361842481823,-0.18887333126860995,0.18900844282825588
725,24.178284551612578,18.178284551612578,859.7272392185772,323.3694557070893,1.6641722917556763,-43.05804443359375,7.500539789935212,0.78872017927354,1.6762194219666362,-43.019143732081325,-0.012047130210959933,-0.03890070151242497,0.04072343213039154
726,24.2116339096148,18.2116339096148,865.837588135181,323.48662776562117,2.762394666671753,-43.083702087402344,7.54052089367486,0.7415268799452546,2.777950241705797,-43.03599188088128,-0.015555575034043922,-0.04771020652106728,0.05018206572992648
727,24.244983267617027,18.244983267617027,872.2153133382101,323.3241892221409,3.908982276916504,-43.05898666381836,7.5295128281067525,0.7508615365495434,3.898859201427494,-43.00573285598507,0.010123075489009814,-0.05325380783328626,0.054207422979706134
728,24.27833262561925,18.27833262561925,878.0855045871559,322.9878899082569,4.964524745941162,-43.0024528503418,7.517109485659085,0.7507966883664143,4.963690188796582,-42.99777937027682,0.0008345571445804723,-0.00467348006498014,0.004747409982857715
729,24.311681983621476,18.311681983621476,883.4350101082173,323.51159471994293,5.925728797912598,-43.10108184814453,7.623934760527843,0.7758091288147685,5.912719884287697,-43.02323102798638,0.013008913624900309,-0.07785082015815448,0.0789302352270499
730,24.3450313416237,18.3450313416237,888.9765805120737,323.97245479917484,6.9215617179870605,-43.18848419189453,7.547392781452676,0.7809035805776181,6.929947014509679,-42.97119352897501,-0.008385296522618546,-0.21729066291952392,0.2174523979858084
731,24.37838069962592,18.37838069962592,892.5255888518928,323.28079911209767,7.5602126121521,-43.06597900390625,7.486703696637636,0.8114741240347606,7.543853187440273,-42.955496889383866,0.016359424711827053,-0.11048211452238377,0.1116867423029209
732,24.411730057628148,18.411730057628148,899.1286654697784,322.6797127468582,8.74787425994873,-42.96208953857422,7.599416057455208,0.8043330310792991,8.749802924668687,-42.97619749925727,-0.0019286647199567852,0.01410796068304876,0.014239181937051567
733,24.44507941563037,18.44507941563037,903.4310684391924,323.85487444608566,9.520407676696777,-43.177791595458984,7.493624936626099,0.7935781868077112,9.533631073888534,-42.99318150318607,-0.013223397191756803,-0.18461009227291214,0.18508307432691973
734,24.478428773632597,18.478428773632597,910.3005661968436,323.8597759306108,10.755525588989258,-43.18369674682617,7.5748179909375635,0.7623686018311049,10.726988030440038,-42.925010671940534,0.028537558549219355,-0.2586860748856381,0.2602554083735592
735,24.51177813163482,18.51177813163482,915.7057582526681,323.4750558451229,11.727738380432129,-43.118064880371094,7.463123468942903,0.7541095199430532,11.717409509451619,-43.013791407337045,0.010328870980510274,-0.10427347303404844,0.10478379051320129
736,24.545127489637043,18.545127489637043,919.5730404513263,322.82487096386984,12.423660278320312,-43.00328063964844,7.588493427221578,0.7567977166886064,12.418456768618896,-42.94645002710557,0.00520350970141692,-0.0568306125428677,0.057068336537963775
737,24.57847684763927,18.57847684763927,925.9880737260571,323.56679918082153,13.576578140258789,-43.142173767089844,7.5748179909375635,0.7658451145321388,13.592072771138627,-43.01293256016772,-0.015494630879837601,-0.12924120692212426,0.130166712921506
738,24.611826205641492,18.611826205641492,931.8547350551715,323.5689341578756,14.631537437438965,-43.1468505859375,7.550139785285747,0.8067002573964749,14.619771262358443,-42.96696140923204,0.011766175080522245,-0.17988917670545845,0.18027356648103782
739,24.64517556364372,18.64517556364372,939.080604534005,322.7334772700012,15.931639671325684,-43.001007080078125,7.591225558156986,0.8248168193078971,15.926068637726818,-42.89070055010726,0.005571033598865682,-0.11030652997086321,0.11044712295742536
740,24.67852492164594,18.67852492164594,944.8165944123313,322.83092485549133,16.96310043334961,-43.0228271484375,7.576186645387425,0.7721140274215327,16.96376188339207,-43.03963959499784,-0.0006614500424610981,0.01681244656033698,0.01682545320349079
741,24.711874279648164,18.711874279648164,951.1190128859712,323.66119620714807,18.09591293334961,-43.17762756347656,7.54052089367486,0.7698318343184339,18.09165472626351,-43.00364391882623,0.004258207086099475,-0.17398364465033467,0.17403574613682682
742,24.74522363765039,18.74522363765039,956.054355919583,323.95147679324896,18.98332405090332,-43.23374938964844,7.463123468942903,0.7625314602441507,18.979095539782683,-42.98567239529947,0.004228511120636824,-0.24807699434897046,0.24811302954805994
743,24.778572995652613,18.778572995652613,959.2766212012442,323.83776022972,19.56294822692871,-43.215538024902344,7.6007802825909545,0.7616828143191281,19.560674674963053,-42.97913910619534,0.0022735519656578163,-0.23639891870700325,0.23640985132684483
744,24.81192235365484,18.81192235365484,961.9748974173303,323.894641564084,20.048221588134766,-43.22780227661133,7.567971005907365,0.7913919145512445,20.04767161899146,-42.9767643315102,0.000549969143307294,-0.25103794510112465,0.25103854753135796
745,24.845271711657062,18.845271711657062,968.4037558685446,323.8534970506801,21.204574584960938,-43.22505569458008,7.5775550526315625,0.7997120872741756,21.20765220632852,-42.98200808533345,-0.003077621367584271,-0.2430476092466307,0.24306709385226358
746,24.878621069659285,18.878621069659285,975.0069319947411,323.9721525038843,22.392221450805664,-43.2513542175293,7.604871489641988,0.7928431342277795,22.39903374238323,-43.00382916590956,-0.006812291577567464,-0.24752505161973914,0.2476187765414657
747,24.91197042766151,18.91197042766151,981.4201425400163,323.8405187521907,23.545923233032227,-43.23223114013672,7.69163218884999,0.8020730666421367,23.554039874711293,-43.04076828882756,-0.00811664167906656,-0.1914628513091614,0.19163481756606865
748,24.945319785663735,18.945319785663735,987.8604511639068,324.13450923926086,24.704240798950195,-43.290138244628906,7.589859615625343,0.7959763691325472,24.725153065046587,-42.89967862053346,-0.020912266096392074,-0.390459624095449,0.39101923344260914
749,24.97866914366596,18.97866914366596,994.5933625091175,324.519815220034,25.91518783569336,-43.364776611328125,7.54052089367486,0.7820328124703366,25.94204245733412,-42.97254574040042,-0.026854621640762133,-0.3922308709277047,0.39314911523768464
750,25.012018501668184,19.012018501668184,996.6360445412732,324.54054708303073,26.28264808654785,-43.370025634765625,7.557002926222245,0.7732009014270486,26.30814592736276,-42.99761151389687,-0.025497840814907136,-0.37241412086875414,0.3732859725581305
751,25.045367859670407,19.045367859670407,1002.2985128763148,325.53983798815136,27.300670623779297,-43.55497360229492,7.561117820579023,0.7715383422586598,27.0368317935132,-43.033096623510936,0.26383883026609567,-0.5218769787839861,0.584779026078127
752,25.078717217672633,19.078717217672633,1007.0422002683252,325.643005244542,28.154041290283203,-43.57712173461914,7.528135688117529,0.7856551342226465,28.212374273216188,-42.960708645739096,-0.058332982932984834,-0.6164130888800443,0.6191670477669958
753,25.112066575674856,19.112066575674856,1014.2941528876107,326.2884016295231,29.458377838134766,-43.699214935302734,7.595321911845605,0.8190984186236329,29.228566094323522,-43.061603550235354,0.22981174381124347,-0.6376113850673804,0.6777622857323266
754,25.145415933677082,19.145415933677082,1018.9422189851905,326.668851663025,30.29444122314453,-43.77146911621094,7.546018904535596,0.8216248616704641,30.38788218405717,-42.998773737978624,-0.09344096091263765,-0.7726953782323136,0.7783247141892998
755,25.178765291679305,19.178765291679305,1026.1325648414986,327.0474303554275,31.58799171447754,-43.845245361328125,7.587126992812873,0.7865779394364664,31.70337350287951,-42.972771837331855,-0.11538178840197233,-0.8724735239962698,0.8800698876619442
756,25.212114649681528,19.212114649681528,1030.9254037117378,326.08990118100746,32.45103073120117,-43.67549133300781,7.573449089147957,0.8143875748771763,32.42890298039443,-43.07349177520302,0.02212775080673879,-0.6019995578047954,0.60240609637763
757,25.245464007683754,19.245464007683754,1034.4849574493587,325.3810379959247,33.092002868652344,-43.549827575683594,7.593956706134595,0.8160907309839843,33.17631326265678,-42.992167666659164,-0.08431039400443296,-0.5576599090244301,0.5639971778921579
758,25.278813365685977,19.278813365685977,1038.4952554744525,325.98892944038926,33.813262939453125,-43.66276550292969,7.53777038441185,0.8029557724716132,33.53838614751031,-42.97249463998123,0.2748767919428161,-0.6902708629484593,0.7429879642257907
759,25.312162723688203,19.312162723688203,1045.2083333333333,325.8112464183381,35.02143096923828,-43.635536193847656,7.608960496921749,0.8090142360180237,35.00999410759346,-43.09908509439256,0.011436861644824603,-0.5364510994550997,0.5365729996103682
760,25.345512081690426,19.345512081690426,1050.9617826617825,326.04346764346764,36.05668640136719,-43.6817741394043,7.524002755778514,0.7910490240175512,36.19561416446573,-42.93305931823853,-0.13892776309854327,-0.7487148211657697,0.7614951127833031
761,25.37886143969265,19.37886143969265,1055.8123731040248,325.4604084557506,36.92998123168945,-43.57981872558594,7.6075977386951985,0.8190252509003423,36.969397818135235,-43.08149161792107,-0.03941658644578183,-0.49832710766487054,0.49988355996239087
762,25.412210797694875,19.412210797694875,1060.1422012806572,324.73915669928715,37.709651947021484,-43.45246505737305,7.563859839824401,0.8058507776267952,37.790375497237456,-43.05836239989396,-0.08072355021597133,-0.39410265747908824,0.4022849688859254
763,25.4455601556971,19.4455601556971,1065.5772442588727,324.9132451867316,38.6877326965332,-43.48794937133789,7.719888083176859,0.8311693651196842,38.77617827229584,-43.07935431767735,-0.08844557576263412,-0.40859505366054094,0.418058055475366
764,25.478909513699325,19.478909513699325,1070.587485380117,324.01064327485375,39.59000015258789,-43.32827377319336,7.687587154550325,0.7913645093010719,39.47706752170817,-42.94962353077109,0.11293263087971894,-0.3786502424222675,0.3951326172361082
765,25.512258871701547,19.512258871701547,1075.0871225683254,323.89581095596134,40.39993667602539,-43.310787200927734,7.610323011123183,0.7695321665754522,40.321608678228124,-43.033172803495816,0.07832799779726685,-0.2776143974319183,0.28845281919304533
766,25.54560822970377,19.54560822970377,1080.2571979279605,323.71931092639437,41.33060073852539,-43.28262710571289,7.5748179909375635,0.7743368128508202,41.412905014037385,-42.95044766678859,-0.08230427551199426,-0.3321794389242996,0.34222386446829905
767,25.578957587705997,19.578957587705997,1086.9019461077844,324.0500249500998,42.526466369628906,-43.34734344482422,7.443648369843322,0.7670761658730998,42.5985807236606,-43.06958222500671,-0.0721143540316902,-0.27776121981750634,0.28696999022879904
768,25.61230694570822,19.61230694570822,1091.456757768626,323.25121677274427,43.34677505493164,-43.20610809326172,7.442255341222564,0.7765099885144215,43.4241125213284,-42.92543574789714,-0.07733746639675587,-0.28067234536457875,0.2911323567745824
769,25.645656303710446,19.645656303710446,1098.4574903660885,324.10091522157995,44.606536865234375,-43.36501693725586,7.576186645387425,0.7685954239556264,44.520206772263016,-42.95629696483246,0.08633009297135885,-0.4087199724233983,0.4177378374174728
770,25.67900566171267,19.67900566171267,1102.8089860352154,323.1846994535519,45.390342712402344,-43.20237731933594,7.544644777436061,0.79278067028502,45.3692938742439,-43.094849592075725,0.021048838158442607,-0.1075277272602122,0.10956854346739713
771,25.71235501971489,19.71235501971489,1106.1043010752687,321.4647550776583,45.98442840576172,-42.89350128173828,7.606234736312371,0.78691398804313,45.99953984311618,-42.973858711247814,-0.015111437354462964,0.08035742950953306,0.08176595878663341
772,25.745704377717118,19.745704377717118,1110.3103615040502,320.4009188731713,46.74214172363281,-42.70403289794922,7.561117820579023,0.7801408591760498,46.81655337615985,-43.134864067750314,-0.07441165252703996,0.43083116980109537,0.43721000778114083
773,25.77905373571934,19.77905373571934,1113.4453660295708,319.31758624834714,47.30704879760742,-42.51026153564453,7.583026212227122,0.7919463282485246,47.39412149117401,-43.03772465681411,-0.08707269356658998,0.5274631211695819,0.5346017191881245
774,25.812403093721567,19.812403093721567,1116.2687394552904,318.1136418414075,47.81593704223633,-42.294429779052734,7.573449089147957,0.8237034067108803,47.784774132589156,-42.97603123127953,0.031162909647171944,0.6816014522267935,0.6823134665352514
775,25.84575245172379,19.84575245172379,1120.8181600955793,317.2931899641577,48.63533401489258,-42.14925765991211,7.606234736312371,0.7782507743317517,48.775112697205635,-43.13173165136818,-0.13977868231305735,0.9824739914560681,0.9923674843105212
776,25.879101809726013,19.879101809726013,1128.5537268932617,318.0521168753727,50.02764129638672,-42.29225158691406,7.613047307974762,0.7945487845703276,50.10315771258415,-42.96599931815181,-0.07551641619743066,0.6737477312377465,0.6779666175139556
777,25.91245116772824,19.91245116772824,1136.173990077959,317.3919206236712,51.39990997314453,-42.178314208984375,7.649730357416318,0.7996120106396859,51.1277623420907,-42.92256825731749,0.27214763105383355,0.7442540483331115,0.7924508953546832
778,25.945800525730462,19.945800525730462,1137.2526636225266,314.7615033368458,51.59532165527344,-41.703041076660156,7.683539990724396,0.7915889180876681,51.146833296711854,-42.929541837284845,0.4484883585615833,1.2265007606246883,1.305927227520049
779,25.97914988373269,19.97914988373269,1139.4265644955299,310.96528503425054,51.988407135009766,-41.017601013183594,7.715857862028691,0.7622036432279367,52.14111067213987,-43.06389341952879,-0.1527035371301011,2.046292406345195,2.0519822081387677
780,26.01249924173491,20.01249924173491,1144.72109082397,307.64431179775283,52.9431037902832,-40.420467376708984,7.684889282154717,0.8160333703885307,53.46735370785323,-38.12890044963856,-0.5242499175700246,-2.291566927070427,2.3507694394208842
781,26.045848599737134,20.045848599737134,1144.8888504155125,302.6193444136657,52.975502014160156,-39.511322021484375,7.738668029809218,0.8183130724396667,53.334671316005874,-38.095247253408125,-0.3591693018457178,-1.4160747680762498,1.4609142124610004
782,26.07919795773936,20.07919795773936,1150.7799665711557,300.63311843361987,54.036949157714844,-39.15617370605469,7.608960496921749,0.799987770408981,53.46735370785323,-38.12890044963856,0.569595449861616,-1.0272732564161302,1.1746187976747422
783,26.112547315741583,20.112547315741583,1143.2308896111713,294.7035030697003,52.680511474609375,-38.077938079833984,7.5775550526315625,0.8218487873870544,52.7159262399806,-37.93831045742356,-0.03541476537122179,-0.1396276224104227,0.14404887554676107
784,26.14589667374381,20.14589667374381,1137.8883934101325,291.1127214170692,51.72043228149414,-37.42453384399414,7.470066556749224,0.8387303668615175,52.057511604503574,-37.848942239584765,-0.33707932300943355,0.4244083955906248,0.5419824316786536
785,26.179246031746032,20.179246031746032,1137.2459727385378,290.43234200743495,51.60509490966797,-37.30099868774414,7.468678455546725,0.7920110530890155,52.057511604503574,-37.848942239584765,-0.4524166948356054,0.5479435518406248,0.7105793423465763
786,26.212595389748255,20.212595389748255,1134.4806145720802,290.02352658744445,51.107513427734375,-37.225074768066406,7.588493427221578,0.7930886932838321,50.954971213050186,-37.89738770321617,0.15254221468418905,0.6723129351497619,0.6894010516603852
787,26.24594474775048,20.24594474775048,1123.2394916911044,287.786045943304,49.085289001464844,-36.812339782714844,7.521246205857904,0.8162391263931118,49.11303005683823,-38.04496429827603,-0.027741055373383006,1.2326245155611844,1.2329366417280627
788,26.279294105752705,20.279294105752705,1114.4461990451707,286.39968172358914,47.50338363647461,-36.555335998535156,7.514350407024886,0.8308813272509809,47.571982189053685,-37.868105754318535,-0.06859855257907554,1.3127697557833784,1.3145608365973387
789,26.31264346375493,20.31264346375493,1110.8899173145749,287.4450203628286,46.862857818603516,-36.74187088012695,7.483933408403425,0.824168368943671,46.93222854189413,-37.90377207604779,-0.06937072329061778,1.1619011959208336,1.1639702257068807
790,26.345992821757154,20.345992821757154,1105.3021140609635,287.46116027531957,45.85725784301758,-36.740814208984375,7.499157329359479,0.8522938584364141,45.958484468797685,-37.973834301474994,-0.10122662578010733,1.2330200924906194,1.2371682901903045
791,26.379342179759377,20.379342179759377,1100.5931372549019,287.7919117647059,45.009674072265625,-36.79728698730469,7.510209888532341,0.8548079952877017,44.69048355303087,-37.97271514433022,0.31919051923475195,1.1754281570255358,1.2179958702301903
792,26.412691537761603,20.412691537761603,1096.4293702893265,288.48334548991,44.2600212097168,-36.91938018798828,7.54052089367486,0.8476174787914411,44.343124558415404,-37.878388921847396,-0.08310334869860725,0.9590087338591147,0.9626026792934791
793,26.446040895763826,20.446040895763826,1091.6944546456114,288.960705104664,43.407737731933594,-37.00234603881836,7.514350407024886,0.8628855970097256,43.53119248068897,-37.9732867905483,-0.12345474875537832,0.9709407517299411,0.9787578956821532
794,26.479390253766052,20.479390253766052,1088.08151705455,289.6912941755941,42.75721740722656,-37.13190841674805,7.4922412001289125,0.8578153973284068,42.54697514000753,-37.980444631039994,0.21024226721903005,0.848536214291947,0.874194210625023
795,26.512739611768275,20.512739611768275,1081.5873359817022,289.8418201516793,41.58855438232422,-37.15450668334961,7.5775550526315625,0.8125693012336251,41.71666347693479,-37.96811099747109,-0.12810909461057207,0.8136043141214842,0.8236285085395182
796,26.546088969770498,20.546088969770498,1073.5859856896125,289.30767332839866,40.14915466308594,-37.05220413208008,7.485318680679685,0.825629637247408,40.30888232486731,-37.937738292173314,-0.15972766178137476,0.8855341600932363,0.8998242465227189
797,26.579438327772724,20.579438327772724,1071.9462483278608,290.26802869998784,39.85359573364258,-37.2247200012207,7.539145764477017,0.8267997774599507,39.70667759076941,-37.903442774557284,0.14691814287316873,0.678722773336581,0.6944418937182583
798,26.612787685774947,20.612787685774947,1066.0942395758013,290.37274041937815,38.80061340332031,-37.23948669433594,7.573449089147957,0.8591673110613265,39.033623250788864,-37.90796340422809,-0.23300984746855136,0.668476709892154,0.7079228070104512
799,26.646137043777173,20.646137043777173,1061.7008421823507,291.0674966434761,38.00975036621094,-37.362003326416016,7.525380652091829,0.8654207041511928,37.88865400455548,-37.97638627345185,0.12109636165546078,0.6143829470358355,0.6262034289387343
800,26.679486401779396,20.679486401779396,1054.1663619744058,290.46496039000607,36.654571533203125,-37.24766159057617,7.530889716264575,0.8709278467229524,36.60765351973578,-37.885116819935085,0.04691801346734792,0.6374552293589133,0.6391795283210712
801,26.71283575978162,20.71283575978162,1051.708409842086,290.9423430040397,36.212074279785156,-37.332244873046875,7.514350407024886,0.8774255197952935,36.10491358924452,-37.94791564547751,0.10716069054063837,0.615670772430633,0.6249271266495627
802,26.746185117783845,20.746185117783845,1047.9050211736237,292.21451905626134,35.527069091796875,-37.55959701538086,7.558374806586859,0.8487446388640835,35.578035993658446,-37.856209867809206,-0.050966901861571046,0.29661285242834623,0.30095981344865114
803,26.77953447578607,20.77953447578607,1040.2881065884367,291.40496271849406,34.157291412353516,-37.40776062011719,7.51986755197301,0.8265022639133532,34.19150686366513,-37.938462592588,-0.03421545131161707,0.5307019724708155,0.5318037990583293
804,26.81288383378829,20.81288383378829,1035.6747430249634,291.8137542829173,33.327125549316406,-37.4783935546875,7.515730072951691,0.8150422921475594,33.256992554721045,-37.95422602072323,0.07013299459536171,0.47583246603573315,0.48097315170865845
805,26.846233191790517,20.846233191790517,1031.2817227916057,292.6464128843338,32.5363655090332,-37.62583923339844,7.526758296158674,0.8308155035810532,32.5052444624659,-37.848433619817534,0.03112104656729997,0.22259438641909668,0.22475938335192636
806,26.87958254979274,20.87958254979274,1024.323114355231,292.1970802919708,31.284929275512695,-37.539615631103516,7.53777038441185,0.8510912583040865,31.227816770891888,-37.99762301905844,0.057112504620807414,0.4580073879549218,0.4615545532278411
807,26.912931907794967,20.912931907794967,1021.1963720477233,292.79011443876306,30.72211456298828,-37.644622802734375,7.535018871130027,0.8749031186330304,30.68825796147356,-37.933593428432715,0.03385660151472081,0.2889706256983402,0.2909472322992897
808,26.94628126579719,20.94628126579719,1015.6533039107513,293.3093048915042,29.724740982055664,-37.734554290771484,7.508829208331589,0.8515685982894428,29.698475212616017,-37.98261469247246,0.026265769439646647,0.24806040170097532,0.24944709566620718
809,26.979630623799412,20.979630623799412,1012.1918077017414,293.3530782438067,29.10210418701172,-37.73999786376953,7.507448274212631,0.8832089426368659,29.084376179921925,-37.9201958640143,0.017728007089793607,0.18019800024477206,0.18106794726729147
810,27.01297998180164,21.01297998180164,1006.2123733719247,293.0849011095031,28.026813507080078,-37.687232971191406,7.570710543012807,0.8585460722454362,28.001328874874243,-37.97967172634295,0.025484632205834856,0.2924387551515437,0.29354708650104366
811,27.04632933980386,21.04632933980386,1000.7196606418296,293.8748309356941,27.038375854492188,-37.826148986816406,7.497774613881816,0.8351893705845845,27.032975866217647,-37.90094322486603,0.005399988274540135,0.07479423804962693,0.0749889186399526
812,27.079678697806088,21.079678697806088,996.0369816959283,293.7622961026024,26.196271896362305,-37.80245590209961,7.450609606162975,0.8168451374789903,26.18265197023669,-38.00138462124834,0.013619926125613802,0.1989287191487321,0.19939442742920957
813,27.11302805580831,21.11302805580831,989.2589705518435,293.22531551596137,24.9776668548584,-37.70051574707031,7.4742293135820566,0.8060660541237044,24.96540670497074,-37.92942893583831,0.01226014988765911,0.22891318876799716,0.22924126868258377
814,27.146377413810534,21.146377413810534,981.0514696914257,292.9798755945847,23.501846313476562,-37.6502799987793,7.528135688117529,0.8559532796514876,23.48873506654424,-38.02536641567728,0.013111246932322018,0.37508641689798594,0.37531550052920815
815,27.17972677181276,21.17972677181276,976.9464944649446,293.71500615006147,22.763124465942383,-37.78026580810547,7.496391643361173,0.8516653217065342,22.75702317546005,-38.00195658930465,0.006101290482334321,0.22169078119917884,0.22177472402023637
816,27.213076129814983,21.213076129814983,975.3067164179105,294.3965174129353,22.467754364013672,-37.902320861816406,7.4547832277802755,0.8422372937350996,22.465233240231807,-37.99392605621248,0.0025211237818645316,0.09160519439607384,0.09163988054043917
817,27.24642548781721,21.24642548781721,968.7600732600732,294.47387057387056,21.290470123291016,-37.91162872314453,7.524002755778514,0.86213007514887,21.289695315450185,-37.97281727457673,0.0007748078408305048,0.06118855143219548,0.06119345678714877
818,27.279774845819432,21.279774845819432,963.38732480195,294.7221206581353,20.324182510375977,-37.95267105102539,7.530889716264575,0.8425831546891579,20.32421240873648,-37.96631840392501,-2.9898360502045307e-05,0.013647352899617715,0.013647385649957459
819,27.313124203821655,21.313124203821655,956.5133801948451,294.61487236403997,19.08826446533203,-37.92837142944336,7.486703696637636,0.8523883704664923,19.088699626665935,-37.97361854512511,-0.00043516133390397727,0.04524711568175377,0.04524920820196231
820,27.34647356182388,21.34647356182388,952.7441052370315,294.79188384214444,18.410400390625,-37.957679748535156,7.463123468942903,0.8263240303261715,18.410862697553306,-37.984802229703746,-0.0004623069283056225,0.02712248116858973,0.027126420929353433
821,27.379822919826104,21.379822919826104,952.6057656308499,294.6722825408711,18.3856258392334,-37.93595504760742,7.442255341222564,0.8150143302974909,18.386465535369474,-37.98521808314423,-0.0008396961360759292,0.04926303553681066,0.04927019139299147
822,27.41317227782833,21.41317227782833,944.9896993651934,294.79003473469874,17.016189575195312,-37.951805114746094,7.596686872214579,0.798492530047196,17.00809131820347,-38.020033651805726,0.0080982569918433,0.06822853705963183,0.06870745982499639
823,27.446521635830553,21.446521635830553,938.1442331138745,295.25786393562544,15.785083770751953,-38.031494140625,7.5295128281067525,0.8736249518658683,15.779240045672516,-37.91578831617123,0.005843725079436979,-0.11570582445376942,0.11585329919916199
824,27.479870993832776,21.479870993832776,935.2665443425076,295.2863608562691,15.2677001953125,-38.034584045410156,7.517109485659085,0.8493274875091502,15.262369054541068,-37.94259369115844,0.005331140771431819,-0.09199035425171331,0.0921447032513564
825,27.513220351835002,21.513220351835002,935.0641587533479,295.2571219868517,15.23133659362793,-38.029151916503906,7.535018871130027,0.8326401336133996,15.226440929913316,-37.94467584304928,0.004895663714613363,-0.08447607345462416,0.08461781437450176
826,27.546569709837225,21.546569709837225,925.9467575975114,295.99844460397225,13.591641426086426,-38.15666198730469,7.6007802825909545,0.8415453080006439,13.571337342729755,-37.89160854518492,0.020304083356670333,-0.2650534421197648,0.2658299888659858
827,27.57991906783945,21.57991906783945,921.608870967742,296.569403714565,12.811347007751465,-38.25678253173828,7.521246205857904,0.8240257027336338,12.785841075373948,-37.95342241107421,0.025505932377516416,-0.3033601206640739,0.3044304771138526
828,27.613268425841675,21.613268425841675,919.4081781672143,296.90763052208837,12.415454864501953,-38.31635665893555,7.536394753342012,0.8037657348159128,12.387754179239085,-37.986892787572486,0.027700685262868063,-0.32946387136306043,0.33062633061746266
829,27.646617783843897,21.646617783843897,913.6704187847978,297.09864439603,11.3838472366333,-38.346778869628906,7.557002926222245,0.8415188840710075,11.510152277142673,-37.99518679111698,-0.1263050405093722,-0.35159207851192775,0.3735906221125093
830,27.679967141846124,21.679967141846124,905.6160758247167,296.50590841949776,9.936534881591797,-38.23386001586914,7.493624936626099,0.8064312416447298,9.94813770363308,-37.965129544360785,-0.011602822041282934,-0.2687304715083556,0.26898083908788895
831,27.713316499848347,21.713316499848347,904.0082410824107,296.1212792127921,9.647852897644043,-38.16317367553711,7.496391643361173,0.8108533816886513,9.656946575616379,-37.952556951385326,-0.009093677972336067,-0.21061672415178379,0.21081294901284678
832,27.746665857850573,21.746665857850573,902.5707990949148,296.225556746457,9.389387130737305,-38.18099594116211,7.618492979134604,0.8121508190156155,9.396618436744415,-37.944279955203925,-0.007231306007110305,-0.23671598595818466,0.2368264127894605
833,27.780015215852796,21.780015215852796,886.0123412839681,297.73869704521184,6.411866664886475,-38.44268798828125,7.632090157504494,0.8281871689402867,6.410937633485744,-37.99937317163076,0.0009290314007301959,-0.4433148166504921,0.44331579011039407
834,27.81336457385502,21.81336457385502,880.5076698319941,296.98405161918674,5.423203945159912,-38.30232238769531,7.535018871130027,0.7970776293092162,5.361404748602198,-37.9324899577279,0.06179919655771382,-0.36983242996740984,0.3749602204911583
835,27.846713931857245,21.846713931857245,877.6498853072557,296.4691536882772,4.910059452056885,-38.20720291137695,7.566600865404436,0.8140351618759781,4.877662117217609,-38.01332360977652,0.03239733483927587,-0.19387930160043254,0.19656747160646812
836,27.880063289859468,21.880063289859468,875.5109170305677,295.783114992722,4.5262651443481445,-38.081661224365234,7.548766408323902,0.8129023624192262,4.562439180911824,-37.939003318296635,-0.036174036563679124,-0.14265790606859952,0.14717282047031563
837,27.913412647861694,21.913412647861694,871.9856141645149,295.0402065658429,3.8933894634246826,-37.94485092163086,7.497774613881816,0.8046341878863329,3.908712382052008,-38.0306585325383,-0.015322918627325599,0.08580761090743749,0.08716500401480991
838,27.946762005863917,21.946762005863917,866.9818546011546,294.50335807705903,2.994673728942871,-37.84423828125,7.659212098550633,0.7626246311298869,3.0007500259643285,-37.979071763547026,-0.0060762970214574,0.13483348229702585,0.1349703276051272
839,27.98011136386614,21.98011136386614,853.4845745962881,296.0467582550012,0.5678014755249023,-38.113563537597656,7.573449089147957,0.7837444454183236,0.553159324837752,-37.93202616734532,0.014642150687150357,-0.18153737025233596,0.18212690458819897
840,28.013460721868366,22.013460721868366,848.3975354282193,296.3882932840419,-0.34660598635673523,-38.171661376953125,7.489472960167384,0.7937883580420024,-0.3495012665658829,-38.0048315207572,0.0028952802091476437,-0.16682985619592472,0.16685497764778373
841,28.04681007987059,22.04681007987059,845.237820974322,296.10079193664507,-0.9140865802764893,-38.117435455322266,7.589859615625343,0.7629456261736525,-0.9291734589322296,-37.96426784654516,0.015086878655740321,-0.15316760877710323,0.15390883758273527
842,28.080159437872815,22.080159437872815,840.2451690821256,295.19070048309175,-1.8102813959121704,-37.949371337890625,7.565230476755073,0.7463946712796874,-1.8226888040042402,-38.03471604205827,0.01240740809206975,0.08534470416764606,0.08624188254569923
843,28.11350879587504,22.11350879587504,835.7026508336331,294.559793690776,-2.6258397102355957,-37.832096099853516,7.591225558156986,0.8026001784497205,-2.6374637192971093,-37.92134345070611,0.011624009061513618,0.08924735085259528,0.09000115121968379
844,28.14685815387726,22.14685815387726,832.3985115832432,294.30908654423234,-3.219240427017212,-37.784423828125,7.588493427221578,0.7686128983688076,-3.199902522008863,-37.936949643938675,-0.019337905008348866,0.15252581581367508,0.153746801787026
845,28.180207511879487,22.180207511879487,828.7570517537405,294.0820456217807,-3.8732450008392334,-37.74079132080078,7.507448274212631,0.7630936988850403,-3.838116329745912,-38.01786524450896,-0.035128671093321184,0.27707392370817985,0.27929193101811767
846,28.21355686988171,22.21355686988171,823.8332727493032,293.8827093178238,-4.757651329040527,-37.701255798339844,7.552885790026581,0.7614166642854766,-4.779218472633974,-37.93404241218393,0.02156714359344658,0.23278661384408394,0.2337835521754578
847,28.246906227883937,22.246906227883937,818.0140312347486,293.18374816983896,-5.8023810386657715,-37.57078170776367,7.526758296158674,0.7585992406960881,-5.74282653101255,-37.941972184161855,-0.05955450765322112,0.3711904763981835,0.37593763997573854
848,28.28025558588616,22.28025558588616,812.1947878787878,292.99345454545454,-6.8475847244262695,-37.53224182128906,7.551512912474564,0.7720778778270275,-6.874573376467119,-38.02020804734346,0.026988652040849104,0.48796622605439666,0.4887120063071426
849,28.313604943888382,22.313604943888382,808.2943548387096,292.8267350928641,-7.548072814941406,-37.49932861328125,7.521246205857904,0.745825813877452,-7.567717854039799,-37.985334347860515,0.019645039098392658,0.48600573457926544,0.48640261266270846
850,28.34695430189061,22.34695430189061,801.7622890682319,293.1352408901932,-8.721763610839844,-37.5504264831543,7.5184886452864435,0.768862913254108,-8.728982933169064,-37.94879299988629,0.00721932232922029,0.39836651673198986,0.39843192676801387
851,28.38030365989283,22.38030365989283,794.8971373119844,293.1402231926249,-9.954913139343262,-37.54642868041992,7.548766408323902,0.7547064725432675,-9.953278614158581,-37.939457904794786,-0.0016345251846807685,0.3930292243748639,0.3930326231819522
852,28.413653017895058,22.413653017895058,789.6816223977028,293.12502991146204,-10.89169692993164,-37.53996276855469,7.6007802825909545,0.7534259254294235,-10.880800632082371,-37.952014293086286,-0.010896297849269487,0.41205152453159855,0.41219557030083975
853,28.44700237589728,22.44700237589728,786.066594281578,293.8285679816624,-11.54175090789795,-37.664520263671875,7.569340898398612,0.7563973028215308,-11.530172311783847,-37.97250178689146,-0.011578596114102169,0.3079815232195884,0.3081990956064462
854,28.480351733899504,22.480351733899504,784.3325339728217,294.44090441932167,-11.85385799407959,-37.77393341064453,7.780090877551995,0.7904355307732641,-11.845946483609199,-37.98437334840791,-0.007911510470391292,0.21043993776337544,0.21058860226464404
855,28.51370109190173,22.51370109190173,763.3842984934086,303.4396186440678,-15.626009941101074,-39.385135650634766,7.663272110549808,0.8283074829036884,-15.93937375702359,-38.611040222632575,0.31336381592251605,-0.774095428002191,0.8351171251886862
856,28.547050449903953,22.547050449903953,769.7309034043064,303.83748345964153,-14.48654556274414,-39.46160888671875,7.580291126038159,0.7790201404053042,-15.365784114680265,-38.296141166600236,0.8792385519361243,-1.1654677201185137,1.459923093128189
857,28.58039980790618,22.58039980790618,765.5386884501928,309.7332652598139,-15.245938301086426,-40.52418899536133,7.805370418587437,0.7930520131472337,-16.70882717434521,-41.354012152272865,1.462888873258784,0.8298231569115373,1.681859187700024
858,28.613749165908402,22.613749165908402,771.6503578552152,312.68872462747856,-14.151363372802734,-41.06282424926758,7.675439261017498,0.8243374376699839,-13.705300854386575,-42.90055043681245,-0.4460625184161593,1.8377261875448738,1.8910868067658828
859,28.647098523910625,22.647098523910625,771.3220359139017,317.5067189915566,-14.21554946899414,-41.93354034423828,7.623934760527843,0.8042308894460178,-13.965501837080351,-42.96370778115536,-0.2500476319137892,1.0301674369170755,1.0600796037609583
860,28.68044788191285,22.68044788191285,772.7440935672514,320.99847953216374,-13.963865280151367,-42.565834045410156,7.687587154550325,0.8204041858008484,-13.872755485922214,-42.941195901392256,-0.091109794229153,0.37536185598209926,0.38626094486862744
861,28.713797239915074,22.713797239915074,779.9222467500613,321.8150600932058,-12.67519474029541,-42.71870422363281,7.507448274212631,0.8226256885265183,-12.684285667286451,-42.88307202267814,0.00909092699104086,0.16436779904532983,0.16461900958444128
862,28.7471465979173,22.7471465979173,785.1080948887258,322.30166299828807,-11.744038581848145,-42.81046676635742,7.5184886452864435,0.7898899803863176,-11.753207154566132,-42.941036105562596,0.009168572717987544,0.13056933920517366,0.13089085172830348
863,28.780495955919523,22.780495955919523,789.8597844722017,322.66678912564294,-10.890717506408691,-42.87995147705078,7.512970487739167,0.8144438790476726,-10.901704509723892,-43.00896354702968,0.010987003315200639,0.12901206997889858,0.1294790656518978
864,28.813845313921746,22.813845313921746,795.2454063386359,323.15797262301146,-9.923599243164062,-42.972694396972656,7.486703696637636,0.834384824058886,-9.914911501003115,-42.997247240572555,-0.00868774216094792,0.024552843599899177,0.02604455783261106
865,28.847194671923972,22.847194671923972,799.3059377711664,323.35167968265773,-9.194231033325195,-43.01068878173828,7.467290096308864,0.8072711477385502,-9.181123994690962,-42.89688102349049,-0.013107038634233348,-0.11380775824779477,0.11456002923859518
866,28.880544029926195,22.880544029926195,804.305525460455,323.83953292403993,-8.296394348144531,-43.10255432128906,7.5775550526315625,0.8087715863993694,-8.283848904173164,-43.01151644088503,-0.012545443971367476,-0.0910378804040306,0.09189822540668181
867,28.91389338792842,22.91389338792842,809.7061938184952,324.66469646595243,-7.326807022094727,-43.25571060180664,7.4922412001289125,0.7781809165425985,-7.3744301058309,-42.94198799539573,0.0476230837361733,-0.3137226064109129,0.3173166114116926
868,28.947242745930645,22.947242745930645,812.147547030616,325.12332472642316,-6.888578414916992,-43.34042739868164,7.497774613881816,0.7671243643852728,-6.822493119648934,-42.92888749156831,-0.06608529526805818,-0.41153990711332966,0.416812141614798
869,28.980592103932867,22.980592103932867,815.8615798483736,325.8355343604793,-6.221889972686768,-43.4719352722168,7.5184886452864435,0.7810768834612397,-6.1464305804016695,-43.042832278003345,-0.07545939228509813,-0.42910299421345144,0.4356873873857099
870,29.013941461935094,23.013941461935094,820.1072935503315,326.198071127185,-5.4592814445495605,-43.54059982299805,7.57207993988446,0.7860205353786486,-5.6300076760655955,-42.97982606605978,0.17072623151603494,-0.5607737569382678,0.5861865339619516
871,29.047290819937317,23.047290819937317,830.1936986637244,325.27583670467084,-3.64572811126709,-43.38121032714844,7.508829208331589,0.7904644909571842,-3.6926561555195208,-42.933315292510066,0.04692804425243091,-0.4478950346383712,0.4503467590546932
872,29.080640177939543,23.080640177939543,839.8579795021961,324.52903855539284,-1.9081379175186157,-43.253231048583984,7.526758296158674,0.7827960548848522,-1.879807775257666,-43.00623316286231,-0.028330142260949653,-0.2469978857216759,0.24861728120045018
873,29.113989535941766,23.113989535941766,846.3114355231143,324.3313868613139,-0.748070240020752,-43.22220230102539,7.53777038441185,0.7850882796576201,-0.6862824574972307,-42.99288352504422,-0.06178778252352124,-0.22931877598117012,0.23749701279526875
874,29.14733889394399,23.14733889394399,852.4206465833946,323.95028165564537,0.3503287434577942,-43.15774917602539,7.512970487739167,0.7887309303624528,0.4040549567742593,-42.96952460955722,-0.0537262133164651,-0.18822456646817187,0.19574216055683447
875,29.180688251946215,23.180688251946215,859.5381569474442,322.9572834173266,1.630568265914917,-42.98336410522461,7.589859615625343,0.7835294104988672,1.6244525296793448,-43.003112080523515,0.006115736235572156,0.019747975298905374,0.020673286098471792
876,29.214037609948438,23.214037609948438,866.7072751809593,322.9321555637345,2.9192330837249756,-42.98406219482422,7.506067086035325,0.7688221669863355,2.924371207663849,-43.00954157106278,-0.005138123938873473,0.025479376238564555,0.025992285992531564
877,29.247386967950664,23.247386967950664,873.1111932028075,323.0115749291959,4.070308208465576,-43.00310134887695,7.4922412001289125,0.7540882015825797,4.064811798799862,-42.974186742399034,0.005496409665713742,-0.02891460647791888,0.029432379906936847
878,29.280736325952887,23.280736325952887,877.2060583852448,323.0403078050568,4.806382179260254,-43.01129150390625,7.522624607080117,0.7602167351750498,4.808905110669604,-43.025419799042766,-0.0025229314093504485,0.01412829513651559,0.014351791050624209
879,29.31408568395511,23.31408568395511,883.2916067146282,323.2615107913669,5.900177001953125,-43.05574417114258,7.59259125494921,0.8146777558779887,5.8952323359828345,-43.0261532066474,0.004944665970290529,-0.02959096449517773,0.030001248329238204
880,29.347435041957336,23.347435041957336,888.8105646630237,323.38639951426836,6.892230987548828,-43.082366943359375,7.544644777436061,0.8108961065029753,6.896570899014948,-42.9699055370225,-0.004339911466120228,-0.11246140633687673,0.11254511427335201
881,29.38078439995956,23.38078439995956,892.5861686390532,323.3626725838264,7.571037292480469,-43.080833435058594,7.488088456419504,0.8145042372447566,7.552293272511202,-42.95424714016539,0.018744019969267,-0.12658629489320106,0.12796651257026873
882,29.414133757961785,23.414133757961785,898.0700996278957,323.07021966150523,8.557225227355957,-43.03194808959961,7.588493427221578,0.8149169192942497,8.553276572737772,-43.00306413505436,0.0039486546181848325,-0.02888395454525039,0.029152610577198795
883,29.44748311596401,23.44748311596401,902.7596701830968,323.1702437249909,9.400270462036133,-43.053466796875,7.550139785285747,0.7902546507482835,9.405247320943364,-42.98398553054308,-0.004976858907230763,-0.06948126633191976,0.06965928147540461
884,29.48083247396623,23.48083247396623,908.5660628019323,324.2996376811594,10.443286895751953,-43.261993408203125,7.565230476755073,0.7748854337463987,10.407842474150922,-42.961210079823616,0.03544442160103145,-0.3007833283795094,0.30286452029527566
885,29.514181831968457,23.514181831968457,912.7563963963964,324.015015015015,11.196972846984863,-43.21357345581055,7.58576031226629,0.7852342694050513,11.322700574769518,-42.94749439295893,-0.12572772778465513,-0.26607906285161675,0.29428817377170796
886,29.54753118997068,23.54753118997068,916.8720538720538,323.78487253487253,11.937195777893066,-43.174957275390625,7.58165879246806,0.790588968886078,11.919250926625677,-42.99379788553468,0.017944851267388984,-0.18115938985594227,0.18204598929936908
887,29.580880547972907,23.580880547972907,922.2586371217536,323.6663092685251,12.905876159667969,-43.157447814941406,7.617131926336047,0.823809269061921,12.932679725316174,-42.933878424934306,-0.026803565648204852,-0.22356939000709986,0.22517038721733448
888,29.61422990597513,23.61422990597513,930.5423118473173,323.3986316168527,14.395663261413574,-43.115081787109375,7.588493427221578,0.8203491758684017,14.386970981991247,-42.98218838901904,0.008692279422326976,-0.13289339809033152,0.13317736661141463
889,29.647579263977352,23.647579263977352,938.4954501915707,323.0432231800766,15.826153755187988,-43.05660629272461,7.598051587373746,0.8066961501817712,15.81805021096638,-42.89615602300572,0.008103544221608416,-0.16045026971888632,0.16065477422664703
890,29.68092862197958,23.68092862197958,943.6403922993098,323.09359486620656,16.751365661621094,-43.069480895996094,7.555630796764503,0.7669024081850174,16.750521685359836,-43.04802907820225,0.0008439762612582058,-0.021451817793845862,0.02146841360207897
891,29.7142779799818,23.7142779799818,949.7907864900345,323.93113736722756,17.856821060180664,-43.22549057006836,7.610323011123183,0.7816128376340993,17.851535252570866,-43.00952078412839,0.005285807609798354,-0.21596978593996852,0.21603446067941018
892,29.747627337984028,23.747627337984028,956.5888122048674,324.18840053275215,19.079261779785156,-43.27700424194336,7.555630796764503,0.7914045289201673,19.074268331699564,-42.98405016019436,0.0049934480855924335,-0.29295408174900217,0.2929966357096691
893,29.78097669598625,23.78097669598625,959.1025267249756,324.2332361516035,19.531339645385742,-43.286956787109375,7.543270400017346,0.8079101610495197,19.52838221479079,-42.97944967693188,0.0029574305949537916,-0.30750711017749666,0.3075213313014872
894,29.814326053988474,23.814326053988474,962.6999881418237,323.72643187477763,20.17876625061035,-43.19790267944336,7.634806687278187,0.8118420647626247,20.17828115807115,-42.976478194622466,0.00048509253920059336,-0.2214244848208935,0.22142501618599847
895,29.8476754119907,23.8476754119907,968.8556029376924,323.98365316275766,21.285751342773438,-43.24893569946289,7.638879670596587,0.8285201154897233,21.28911828530492,-42.983039659954436,-0.0033669425314819534,-0.26589603950845486,0.26591735582374476
896,29.881024769992923,23.881024769992923,974.2885697187312,324.0587672052663,22.262939453125,-43.266502380371094,7.599416057455208,0.7917060339994142,22.2702661804352,-43.00028527339451,-0.007326727310200454,-0.2662171069765833,0.26631790961191404
897,29.91437412799515,23.91437412799515,978.6477407144546,323.95185710906077,23.047138214111328,-43.25034713745117,7.644306939253244,0.8336094795496366,23.05508184725554,-43.023095762460166,-0.00794363314421176,-0.22725137499100612,0.2273901685272094
898,29.947723485997372,23.947723485997372,984.6113108075724,324.2566498921639,24.119667053222656,-43.30985641479492,7.595321911845605,0.7934410227178982,24.13003928988469,-43.06518650274397,-0.010372236662032464,-0.24466991205095212,0.24488966731243247
899,29.981072843999595,23.981072843999595,991.6265176102896,324.4476499579276,25.381507873535156,-43.34954833984375,7.583026212227122,0.7882947282576067,25.406592546536228,-42.93838379479814,-0.025084673001071423,-0.41116454504560807,0.41192902777315
900,30.01442220200182,24.01442220200182,996.3168724279835,324.5997337206487,26.225191116333008,-43.380496978759766,7.557002926222245,0.7854552768062885,26.251670628041662,-42.99374485548793,-0.026479511708654258,-0.38675212327183317,0.38765754138878816
901,30.047771560004044,24.047771560004044,1000.288880724957,325.1958119030125,26.939353942871094,-43.49125671386719,7.512970487739167,0.8067840345822711,26.97304025628767,-43.04761573180485,-0.03368631341657746,-0.44364098206234104,0.4449180696227546
902,30.08112091800627,24.08112091800627,1007.1900201016908,325.68251152891094,28.18061065673828,-43.584381103515625,7.645663154457609,0.8103775423979658,28.239388690361555,-42.96326509945936,-0.058778033623273274,-0.6211160040562618,0.6238909742346309
903,30.114470276008493,24.114470276008493,1014.1703382689298,326.32466594438426,29.43608283996582,-43.7056884765625,7.5775550526315625,0.7960040479890859,29.228566094323522,-43.061603550235354,0.20751674564229816,-0.644084926327146,0.6766894354456964
904,30.147819634010716,24.147819634010716,1017.3466033601169,326.699780861943,30.0073299407959,-43.7758903503418,7.535018871130027,0.8023696733676194,30.099329468221622,-42.96460879304094,-0.09199952742572393,-0.8112815573008589,0.816481278574753
905,30.181168992012942,24.181168992012942,1024.47872212176,326.6581072935503,31.290660858154297,-43.77358627319336,7.57207993988446,0.8206615721926799,30.948108813214525,-42.99840962485727,0.3425520449397723,-0.7751766483360925,0.8474908492827505
906,30.214518350015165,24.214518350015165,1028.196887441187,325.86898298950416,31.960201263427734,-43.633514404296875,7.569340898398612,0.7979792333472543,32.045983271803,-43.01995555502102,-0.0857820083752685,-0.6135588492758544,0.6195264437339258
907,30.24786770801739,24.24786770801739,1033.297507788162,325.86544452432304,32.878013610839844,-43.63661193847656,7.595321911845605,0.8061166205595064,32.979933289170795,-42.96247775588873,-0.10191967833095106,-0.6741341825878351,0.6817950696246293
908,30.281217066019614,24.281217066019614,1038.130965325601,326.40123233055454,33.74745559692383,-43.73711395263672,7.563859839824401,0.8020932453430509,33.45603152872809,-43.00528955372833,0.2914240681957381,-0.7318243989083868,0.7877150108772689
909,30.314566424021837,24.314566424021837,1046.2682983682982,326.27937062937065,35.211891174316406,-43.72102355957031,7.701062339571138,0.8103792865939129,35.00999410759346,-43.09908509439256,0.2018970667229496,-0.621938465177756,0.6538882779336191
910,30.347915782024064,24.347915782024064,1050.975119047619,325.95785714285716,36.05913162231445,-43.66629409790039,7.619853788822895,0.8514946595999079,36.19520120509286,-42.93298269157067,-0.1360695827784042,-0.7333114063297188,0.7458287672185613
911,30.381265140026287,24.381265140026287,1055.5204019857124,326.2069257779392,36.87698745727539,-43.71470260620117,7.555630796764503,0.8003489310794881,36.969397818135235,-43.08149161792107,-0.09241036085984433,-0.6332109882801049,0.6399186123820074
912,30.414614498028513,24.414614498028513,1059.4718368314952,325.4836950077078,37.588558197021484,-43.58671569824219,7.634806687278187,0.8118420608257795,37.700548798919904,-43.039963310583694,-0.11199060189841958,-0.5467523876584934,0.5581039941837308
913,30.447963856030736,24.447963856030736,1065.0071225071224,325.2213912630579,38.58493423461914,-43.54330062866211,7.630731529962352,0.8212879306357547,38.68942615596969,-43.06057572305573,-0.10449192135055085,-0.48272490560638204,0.4939047439742001
914,30.48131321403296,24.48131321403296,1070.1061804838894,324.3873409012728,39.50315856933594,-43.39609146118164,7.7640824431469895,0.8082715072817712,39.37874536519907,-42.978948164864306,0.12441320413686441,-0.4171432963173345,0.43530124629512906
915,30.514662572035185,24.514662572035185,1073.7587391871073,323.9462021566536,40.16082000732422,-43.318931579589844,7.637522250830989,0.7959870307887983,40.22701331026677,-43.03369263294462,-0.06619330294255121,-0.2852389466452223,0.2928187323886919
916,30.548011930037408,24.548011930037408,1078.0850650139748,323.16867177056747,40.939937591552734,-43.1813850402832,7.541895772142603,0.7475319182127645,40.858283537082094,-42.88353603967836,0.08165405447063989,-0.29784900060484176,0.30883881195989155
917,30.581361288039634,24.581361288039634,1086.241458408789,324.1638295303634,42.407508850097656,-43.367454528808594,7.566600865404436,0.7607154703044661,42.49202697683314,-43.04191797933856,-0.08451812673548176,-0.3255365494700371,0.33632924164831823
918,30.614710646041857,24.614710646041857,1091.4034077273818,324.02795776337894,43.336761474609375,-43.34664535522461,7.589859615625343,0.7713721415277205,43.45079707757542,-42.93278850639348,-0.11403560296604809,-0.4138568488311307,0.4292803397178393
919,30.64806000404408,24.64806000404408,1097.8498783454988,323.55742092457416,44.49742889404297,-43.26620864868164,7.53777038441185,0.7939466407756126,44.435737668631624,-42.974138582716876,0.06169122541134442,-0.29207006596476504,0.29851420523220584
920,30.681409362046306,24.681409362046306,1101.5278473464518,322.32915921288014,45.16015625,-43.046600341796875,7.613047307974762,0.7945487845703276,45.15788918742383,-43.05437514855909,0.002267062576173373,0.007774806762213871,0.008098592032819802
921,30.71475872004853,24.71475872004853,1103.238880918221,320.3619081779053,45.46917724609375,-42.691810607910156,7.603507998552653,0.820864987365121,45.541475357687325,-43.06114460945194,-0.07229811159357524,0.3693340015417803,0.3763437546112076
922,30.748108078050755,24.748108078050755,1108.5987944544906,319.8313441832429,46.43431091308594,-42.599700927734375,7.57207993988446,0.8038375596122713,46.2992531847886,-43.03851670882438,0.13505772829734042,0.43881578109000685,0.45912948032823053
923,30.78145743605298,24.78145743605298,1113.8877757901012,319.28837209302327,47.38672637939453,-42.50529479980469,7.613047307974762,0.7771306717759031,47.46868481681388,-43.0258022506279,-0.08195843741934539,0.5205074508232101,0.5269204796045579
924,30.8148067940552,24.8148067940552,1115.1542502387774,317.7085721107927,47.61549758911133,-42.220306396484375,7.608960496921749,0.7962930752797884,47.73570952594065,-42.98375688148328,-0.12021193682932108,0.7634504849989057,0.7728567479173103
925,30.848156152057427,24.848156152057427,1119.3142655367233,316.603813559322,48.36492156982422,-42.023406982421875,7.663272110549808,0.7863664164170283,48.02623714300323,-43.05528458558247,0.33868442682098987,1.031877603160595,1.086037996055164
926,30.88150551005965,24.88150551005965,1126.5986727209222,316.8985912213296,49.67619705200195,-42.08205795288086,7.705100299652627,0.771790146958058,49.78626524171921,-43.002282251323656,-0.11006818971725352,0.9202242984427969,0.9267835593234113
927,30.914854868061877,24.914854868061877,1133.0055710306406,316.15854224698234,50.83003616333008,-41.95278549194336,7.717201502937793,0.7648799921502498,50.92019618460946,-42.88161256129881,-0.09016002127938094,0.9288270693554495,0.933192667247515
928,30.9482042260641,24.9482042260641,1136.651872725138,314.22413995538335,51.487388610839844,-41.60535430908203,7.672737117205182,0.8070568870823471,51.02012226560767,-42.883208052442654,0.4672663452321757,1.2778537433606232,1.360605757303486
929,30.981553584066322,24.981553584066322,1142.573086946221,311.9921819474058,52.554466247558594,-41.205726623535156,7.638879670596587,0.8062913976742218,52.67673290581771,-43.02623361680935,-0.12226665825911454,1.8205069932741935,1.8246081355409156
930,31.01490294206855,25.01490294206855,1139.5730375426622,305.8448236632537,52.01707077026367,-40.091121673583984,7.7947363940056915,0.7959479362474337,51.98384959114088,-38.0575652843761,0.033221179122790545,-2.033556389207881,2.0338277298804104
931,31.04825230007077,25.04825230007077,1148.5260563380282,304.14284037558684,53.62965774536133,-39.78961181640625,7.6740883080437285,0.7921979208251523,53.46735370785323,-38.12890044963856,0.1623040375081004,-1.6607113667676927,1.6686236377034964
932,31.081601658072998,25.081601658072998,1146.5409892770667,298.4662746454514,53.27476119995117,-38.76107406616211,7.742686377823745,0.77094872577215,53.43705325798865,-38.121215127034965,-0.1622920580374796,-0.6398589391271443,0.6601198179747031
933,31.11495101607522,25.11495101607522,1146.1146834195613,295.4125400344912,53.19933319091797,-38.20827865600586,7.490857208023242,0.8189937897423435,53.23444961217387,-38.069827296632795,-0.035116421255899866,-0.13845135937306452,0.1428353666081033
934,31.148300374077444,25.148300374077444,1141.8983174835405,292.1424042916362,52.441776275634766,-37.61366271972656,7.5295128281067525,0.8180343710467795,52.42846408323198,-37.86539934815584,0.013312192402786138,0.2517366284292777,0.2520883665691636
935,31.18164973207967,25.18164973207967,1140.500795691027,291.092912229159,52.19068908691406,-37.42281723022461,7.514350407024886,0.8308813272509809,52.171559808153184,-37.85400192721978,0.019129278760878776,0.43118469699516737,0.4316088185252077
936,31.214999090081893,25.214999090081893,1130.8909815284317,288.2371121574309,50.46223068237305,-36.89937973022461,7.566600865404436,0.8328326119438074,50.455672077248956,-37.80982951187195,0.0065586051240913434,0.910449781647344,0.9104734044456599
937,31.24834844808412,25.24834844808412,1121.4957041464327,287.0704769020047,48.77178955078125,-36.681671142578125,7.450609606162975,0.7998696182932472,48.812849658552324,-38.05321312058093,-0.04106010777107372,1.3715419780028029,1.37215645240403
938,31.281697806086342,25.281697806086342,1112.1893034825869,285.63768656716417,47.09760665893555,-36.41591262817383,7.4547832277802755,0.8381641942913298,47.18553560969029,-37.88864850567077,-0.08792895075474405,1.4727358774969446,1.4753584192485314
939,31.315047164088565,25.315047164088565,1108.1721221037146,286.498222385681,46.374229431152344,-36.56869888305664,7.508829208331589,0.8433759121206027,46.47611377310362,-37.93399243930707,-0.10188434195127627,1.3652935562504283,1.3690898122014443
940,31.34839652209079,25.34839652209079,1105.1885595804365,287.3068666910599,45.83690643310547,-36.71282958984375,7.528135688117529,0.866054475441638,45.94055136413614,-37.97530654648195,-0.10364493103067218,1.2624769566382028,1.2667242548284972
941,31.381745880093014,25.381745880093014,1101.0831512503034,288.1144695314396,45.09768295288086,-36.85597610473633,7.546018904535596,0.8629789497008131,44.78729095884067,-37.99900344271878,0.310391994040188,1.1430273379824527,1.1844216670339565
942,31.41509523809524,25.41509523809524,1096.925831202046,288.89891608817436,44.349143981933594,-36.99489974975586,7.5336427376382975,0.867322026814403,44.343124558415404,-37.878388921847396,0.006019423518189626,0.8834891720915365,0.8835096777412684
943,31.448444596097463,25.448444596097463,1092.290226681531,289.3761922457574,43.514732360839844,-37.077919006347656,7.470066556749224,0.8486041895290429,43.620483068722166,-37.962047029355894,-0.1057507078823221,0.8841280230082376,0.8904299934784693
944,31.481793954099686,25.481793954099686,1087.7663679362706,289.5414488424197,42.700584411621094,-37.104583740234375,7.452001073091936,0.8515578687061156,42.48723910413176,-37.9656438017935,0.2133453074893339,0.8610600615591224,0.8870967533701823
945,31.515143312101912,25.515143312101912,1080.661696969697,289.6367272727273,41.4221305847168,-37.11675262451172,7.551512912474564,0.8362893978213382,41.228275569118864,-37.952109042653206,0.19385501559793283,0.8353564181414868,0.857554728517457
946,31.548492670104135,25.548492670104135,1074.9319154137636,290.0960762742941,40.39088439941406,-37.19574737548828,7.51986755197301,0.8132143395824457,40.512792475046794,-37.90157498513538,-0.12190807563273154,0.7058276096471019,0.7162780140731791
947,31.581842028106358,25.581842028106358,1071.5031215571062,290.4246541804382,39.77377700805664,-37.25273132324219,7.514350407024886,0.848704122184687,39.6362234748855,-37.888192088607035,0.13755353317114327,0.6354607653648472,0.6501779439553007
948,31.615191386108584,25.615191386108584,1065.997427416391,290.4124709053044,38.783172607421875,-37.24660110473633,7.511590314954905,0.8480807625650143,39.033623250788864,-37.90796340422809,-0.25045064336698886,0.6613622994917634,0.7071955994998637
949,31.648540744110807,25.648540744110807,1058.9171842650103,290.3520886615516,37.509361267089844,-37.23063278198242,7.5336427376382975,0.8530676423873537,37.63828764698514,-37.92703846012309,-0.12892637989529732,0.6964056781406711,0.7082392815846029
950,31.681890102113034,25.681890102113034,1055.1143766838109,290.596252755327,36.82504653930664,-37.27207946777344,7.512970487739167,0.8697904604897198,36.70784475670718,-37.903707802831406,0.11720178259945868,0.6316283350579681,0.642410002640519
951,31.715239460115257,25.715239460115257,1053.3254525304765,291.73636251693137,36.50252151489258,-37.476993560791016,7.4922412001289125,0.8679986500983111,36.60181678676785,-37.88653197408936,-0.09929527187527043,0.4095384132983426,0.4214039190417051
952,31.74858881811748,25.74858881811748,1048.7946065755448,292.3550055411895,35.687015533447266,-37.58564376831055,7.4922412001289125,0.8620115908910427,35.638102377230815,-37.866664733347946,0.048913156216450204,0.28102096503739915,0.28524599846729837
953,31.781938176119706,25.781938176119706,1039.7968788100463,291.79602535966836,34.06868362426758,-37.47813034057617,7.5295128281067525,0.83142371543126,34.19150686366513,-37.938462592588,-0.12282323939755457,0.46033225201183114,0.4764360716595596
954,31.81528753412193,25.81528753412193,1034.3447094801222,292.44379204892965,33.087486267089844,-37.59138107299805,7.517109485659085,0.8258961030045097,33.0410737539576,-37.92334821492883,0.04641251313224615,0.33196714193078236,0.3351959198691761
955,31.848636892124155,25.848636892124155,1030.9474969474968,293.06727716727715,32.475975036621094,-37.70171356201172,7.524002755778514,0.8398602421136765,32.49704124265771,-37.847286723034735,-0.021066206036614687,0.14557316102301598,0.1470895313984311
956,31.881986250126378,25.881986250126378,1023.3327294685989,292.1811594202899,31.106786727905273,-37.53602600097656,7.565230476755073,0.8433522557417131,31.055169979217357,-37.97658186002742,0.051616748687916214,0.4405558590508605,0.4435693335761086
957,31.9153356081286,25.9153356081286,1022.0647153266641,293.2533036927257,30.878007888793945,-37.72900390625,7.4811620943263994,0.8371723379233199,30.85179275070572,-37.952753618778864,0.026215138088225842,0.2237497125288641,0.22528019735816568
958,31.948684966130827,25.948684966130827,1016.5822368421053,293.983918128655,29.891374588012695,-37.85721206665039,7.5322663527290965,0.8890580100065022,29.8761048820622,-38.00142293397865,0.015269705950494483,0.14421086732826183,0.14501702719123744
959,31.98203432413305,25.98203432413305,1012.0999516557891,293.51196519216825,29.08547592163086,-37.76866149902344,7.562488954477424,0.8709724363661623,29.070700229605496,-37.918850414320964,0.01477569202536344,0.15018891529752665,0.15091398660520508
960,32.01538368213527,26.015383682135273,1007.1246483180428,294.18948012232414,28.190139770507812,-37.88762664794922,7.517109485659085,0.8534477435507164,28.180755864561885,-37.99530792626324,0.00938390594592775,0.10768127831401841,0.10808938611234274
961,32.0487330401375,26.0487330401375,999.790348591986,294.1159905718893,26.871068954467773,-37.86909484863281,7.464512603151108,0.8105111267292616,26.8696210613616,-37.88914934804056,0.001447893106174547,0.02005449940774895,0.020106698907138155
962,32.082082398139725,26.082082398139725,993.9754646840149,293.7978934324659,25.825489044189453,-37.80741882324219,7.468678455546725,0.8141512517057888,25.815077964617867,-37.97806752156494,0.010411079571586157,0.17064869832275065,0.17096598731061993
963,32.115431756141945,26.115431756141945,989.0221151470224,293.6781566592538,24.93474578857422,-37.782230377197266,7.479776052240521,0.8340160340729463,24.926972364685724,-37.9273704665327,0.007773423888494335,0.14514008933543465,0.14534810508310098
964,32.14878111414417,26.14878111414417,981.0314787701318,293.1538555392874,23.498132705688477,-37.68172073364258,7.526758296158674,0.8729858759070293,23.486123668919383,-38.02527513356853,0.012009036769093484,0.3435543999259494,0.3437642254112557
965,32.1821304721464,26.182130472146397,976.9380530973451,293.70685840707966,22.761615753173828,-37.778785705566406,7.499157329359479,0.866595048062735,22.755474900589928,-38.001913978264724,0.0061408525839006245,0.22312827269831814,0.22321275982298194
966,32.215479830148624,26.215479830148624,974.5997083485236,294.7710535909588,22.340349197387695,-37.969539642333984,7.541895772142603,0.8450477489259087,22.339922485225962,-37.99077859445984,0.00042671216173317816,0.021238952125855803,0.021243238234162083
967,32.24882918815084,26.248829188150843,969.0034414945918,294.7819567354965,21.333999633789062,-37.96751022338867,7.499157329359479,0.8769258948452339,21.333925340639354,-37.973377342914915,7.429314970863743e-05,0.005867119526243414,0.005867589880634158
968,32.28217854615307,26.28217854615307,963.1171038049501,294.79731560152686,20.27553939819336,-37.9660758972168,7.4922412001289125,0.839653767602233,20.275540163075902,-37.966425034152714,-7.648825430806028e-07,0.00034913693591676065,0.000349137773760802
969,32.315527904155296,26.315527904155296,956.8988901085497,294.80156116599585,19.15743637084961,-37.96240234375,7.528135688117529,0.8339326739441145,19.157537874770256,-37.97295649753561,-0.00010150392064645075,0.010554153785612641,0.010554641878162813
970,32.348877262157515,26.348877262157515,955.1288659793814,294.85395189003435,18.839139938354492,-37.97060775756836,7.504685643659398,0.835553265119146,18.83925742068165,-37.97750017472872,-0.00011748232715902418,0.006892417160358377,0.00689341833995278
971,32.38222662015974,26.38222662015974,951.3445747800587,295.1269550342131,18.15851593017578,-38.01726150512695,7.521246205857904,0.8531760946138258,18.157865723989286,-37.99069510292683,0.0006502061864956943,-0.026566402200124628,0.026574357827494986
972,32.41557597816197,26.415575978161968,943.9073345259392,295.33249850924267,16.821168899536133,-38.04910659790039,7.613047307974762,0.8374472967911568,16.82716850803278,-37.99855936149274,-0.005999608496647824,-0.05054723640765246,0.05090204721388085
973,32.44892533616419,26.448925336164187,937.1492410443229,295.55895567698843,15.605958938598633,-38.0852165222168,7.544644777436061,0.8319577257788546,15.59786460820641,-37.92494868642674,0.008094330392223625,-0.16026783579005865,0.16047210777368034
974,32.482274694166414,26.482274694166414,935.1960140964879,295.74808603718554,15.254645347595215,-38.118011474609375,7.541895772142603,0.8549377198170347,15.244539198461583,-37.94362698941528,0.010106149133632059,-0.17438448519409633,0.17467708185884379
975,32.51562405216864,26.51562405216864,934.0854732208364,295.7948153582783,15.054953575134277,-38.12567138671875,7.5184886452864435,0.8426715035162828,15.045073430904399,-37.955186680587026,0.009880144229878596,-0.17048470613172384,0.1707707594256799
976,32.548973410170866,26.548973410170866,924.8148148148148,296.4805194805195,13.387752532958984,-38.24300765991211,7.58165879246806,0.8373164398744989,13.362062103411569,-37.90763980993523,0.025690429547415405,-0.3353678499768762,0.3363504020637455
977,32.582322768173086,26.582322768173086,921.2736225380204,296.9048865619546,12.750800132751465,-38.31719207763672,7.446433645289663,0.8461497677868896,12.72067574418862,-37.95890138611856,0.030124388562844828,-0.35829069151815673,0.3595548614813102
978,32.61567212617531,26.615672126175312,919.6429002292193,296.9804560260586,12.457582473754883,-38.32969284057617,7.569340898398612,0.7979792320573809,12.428472664218482,-37.983469256087446,0.029109809536400633,-0.34622358448872603,0.347445177643132
979,32.64902148417754,26.64902148417754,912.5226263353738,297.25363101668466,11.17739486694336,-38.37398147583008,7.588493427221578,0.7930886932838321,11.133388139911823,-37.94592799060812,0.04400672703153674,-0.42805348522195885,0.4303096306552921
980,32.68237084217976,26.682370842179758,906.4468475073314,296.4308406647116,10.08592700958252,-38.220882415771484,7.521246205857904,0.8069860437800044,10.096692568625777,-37.971543612896454,-0.010765559043257156,-0.2493388028750303,0.24957110385753212
981,32.715720200181984,26.715720200181984,902.949033816425,296.069806763285,9.457507133483887,-38.153106689453125,7.565230476755073,0.8203104572123128,9.463823749619008,-37.94633297321508,-0.006316616135121578,-0.20677371623804675,0.2068701751492727
982,32.74906955818421,26.74906955818421,896.3546946657011,296.86000482741974,8.271529197692871,-38.29124450683594,7.567971005907365,0.8303399712373691,8.228930196064969,-37.97077505813042,0.04259900162790231,-0.3204694487055164,0.32328832718381845
983,32.78241891618643,26.78241891618643,891.1825339147285,297.0677083333333,7.341719627380371,-38.32509231567383,7.5542584180779,0.814085625079327,7.286868735692146,-37.94492396450884,0.05485089168822466,-0.3801683511649898,0.38410492778211053
984,32.815768274188656,26.815768274188656,882.9466860535562,296.4877014418999,5.861999034881592,-38.2143440246582,7.552885790026581,0.8203713414709599,5.891273024783512,-38.00046220525021,-0.029273989901920316,-0.21388181940799456,0.21587588832023766
985,32.84911763219088,26.849117632190882,880.2233948988566,295.73011684885034,5.373229503631592,-38.07544708251953,7.417136087835998,0.8325680604984095,5.349668984639842,-37.93445101015353,0.023560518991749824,-0.14099607236600065,0.14295100726402418
986,32.88246699019311,26.88246699019311,877.8764842698004,295.23491247398704,4.951886177062988,-37.98426055908203,7.514350407024886,0.8213702263058352,4.954594477712298,-38.000468171251896,-0.002708300649310047,0.01620761216986466,0.016432333512188653
987,32.91581634819533,26.915816348195328,869.9688206592883,295.38569558491014,3.5306389331817627,-38.005859375,7.621214355531145,0.7947340950784564,3.538495471084441,-37.9728240489772,-0.007856537902678262,-0.03303532602279802,0.033956707043657455
988,32.949165706197554,26.949165706197554,861.5125774699235,295.7067687446834,2.0107197761535645,-38.0578498840332,7.541895772142603,0.7833785701023948,2.002762515872976,-37.9312406249416,0.007957260280588407,-0.1266092590916017,0.1268590654186659
989,32.98251506419978,26.98251506419978,858.0704346755325,294.97808151705453,1.3928533792495728,-37.92367935180664,7.4922412001289125,0.8126749709662534,1.3957263851382002,-37.96939221453809,-0.002873005888627489,0.04571286273144892,0.04580305646941457
990,33.015864422202,27.015864422202,855.3465881197839,294.5521600392734,0.9037898778915405,-37.84474563598633,7.504685643659398,0.7943796366120761,0.8819023901455525,-37.95921570964986,0.021887487745988032,0.1144700736635329,0.11654381100841617
991,33.04921378020423,27.049213780204227,852.5296803652967,294.0102431198321,0.398133784532547,-37.744789123535156,7.483933408403425,0.7889100956535561,0.4141400340811266,-37.94323896282016,-0.0160062495485796,0.19844983928500426,0.19909429609322166
992,33.08256313820645,27.082563138206453,840.4322503008423,295.41720818291213,-1.776887059211731,-37.99044418334961,7.578923212803881,0.7936841405677307,-1.7841380815759045,-38.040320543826454,0.0072510223641735205,0.049876360476844184,0.05040068114362989
993,33.11591249620867,27.115912496208672,830.515140503876,296.1113129844961,-3.5593786239624023,-38.10881042480469,7.5542584180779,0.7442312084643838,-3.5751362814169605,-37.98452345796255,0.01575765745455815,-0.12428696684213492,0.12528189771580384
994,33.1492618542109,27.1492618542109,826.1138565891472,295.6945251937984,-4.3497209548950195,-38.030330657958984,7.5542584180779,0.7329212181049748,-4.344327694224363,-37.97647511888247,-0.005393260670656375,-0.05385553907651541,0.05412491431756476
995,33.182611212213125,27.182611212213125,822.9310302129766,295.38967310549776,-4.92123556137085,-37.97296142578125,7.471454400060176,0.7677725484276053,-4.9164518485874655,-37.92132805599254,-0.004783712783384075,-0.05163336978871058,0.0518544962730489
996,33.21596057021535,27.21596057021535,818.472856608012,295.3108698365156,-5.722087383270264,-37.955535888671875,7.442255341222564,0.764280014722393,-5.724729418603998,-37.939068648947554,0.002642035333733972,-0.016467239724320848,0.016677839633566133
997,33.24930992821757,27.24930992821757,813.0802919708029,294.88576642335767,-6.690412998199463,-37.874855041503906,7.53777038441185,0.7409860142414286,-6.700177669574687,-38.03044074910693,0.00976467137522441,0.1555857076030236,0.15589182537067067
998,33.2826592862198,27.282659286219797,807.2519636720666,294.74840451644576,-7.737287521362305,-37.84586715698242,7.504685643659398,0.7660424342384019,-7.742639180118977,-37.978263780487595,0.005351658756672428,0.13239662350517278,0.13250474016810998
999,33.31600864422202,27.316008644222023,803.1340118744698,294.8979764933963,-8.477164268493652,-37.869956970214844,7.552885790026581,0.7698592599033635,-8.479323668439417,-37.954466154413694,0.0021593999457643065,0.08450918419885056,0.08453676846249222
1000,33.34935800222424,27.349358002224243,795.673032194883,295.0339086791529,-9.817517280578613,-37.889190673828125,7.514350407024886,0.7620235422453139,-9.817310581463845,-37.93889244258493,-0.00020669911476822733,0.049701768756804654,0.049702198563835474
1001,33.38270736022647,27.38270736022647,789.5562050907319,295.20460358056266,-10.916410446166992,-37.91566848754883,7.5336427376382975,0.7780608312590294,-10.915425104626813,-37.95292990325457,-0.0009853415401792631,0.037261415705742706,0.037274441623543764
1002,33.416056718228695,27.416056718228695,783.1356589147285,295.7067587209302,-12.07016658782959,-38.001827239990234,7.5542584180779,0.7627106499531426,-12.070553843380868,-37.993884436746704,0.00038725555127783196,-0.00794280324353025,0.007952238064056568
1003,33.449406076230915,27.449406076230915,780.6872610679492,296.23171784437045,-12.510489463806152,-38.09494400024414,7.486703696637636,0.7806506940780414,-12.514880963433658,-38.016806741991196,0.004391499627505624,-0.07813725825294426,0.07826056731372248
1004,33.48275543423314,27.48275543423314,780.6968585747462,296.19679745752353,-12.5087308883667,-38.08864212036133,7.51986755197301,0.7965041950563672,-12.51277485993092,-38.016688373968634,0.004043971564220428,-0.07195374639269403,0.07206729720168749
1005,33.51610479223537,27.516104792235367,769.7537437603993,300.46833056017744,-14.478791236877441,-38.85272979736328,7.893868012304846,0.7927690792620627,-14.569865463103156,-37.983666092049155,0.09107422622571448,-0.8690637053141259,0.8738227729791268
1006,33.549454150237594,27.549454150237594,764.1540317022743,305.925109120147,-15.490474700927734,-39.834896087646484,7.7574025120788,0.8260827557943072,-16.481548790833166,-39.158607563736545,0.9910740899054318,-0.676288523909939,1.1998308294314513
1007,33.58280350823981,27.582803508239813,769.6899252402991,308.28135754123645,-14.4987211227417,-40.2647590637207,7.632090157504494,0.8112644454756363,-15.602350622566531,-38.474608909841855,1.103629499824832,-1.790150153878848,2.1030063353009836
1008,33.61615286624204,27.61615286624204,762.199975993278,316.53222902412676,-15.853089332580566,-41.75074768066406,7.588493427221578,0.8149169219498471,-16.03428423137497,-42.052756224333216,0.1811948987944021,0.3020085436691531,0.35219419614507613
1009,33.649502224244266,27.649502224244266,772.2486368593239,317.2074397188901,-14.048768997192383,-41.88010787963867,7.552885790026581,0.7856633040056975,-13.795752813079002,-42.92250540962802,-0.2530161841133811,1.0423975299893513,1.072664812488597
1010,33.682851582246485,27.682851582246485,772.8072033898305,321.70221280602635,-13.953288078308105,-42.693111419677734,7.663272110549808,0.7935911145600527,-13.891941367916786,-42.94585279908384,-0.06134671039131945,0.2527413794061033,0.260080033335772
1011,33.71620094024871,27.71620094024871,774.2490670518839,324.3693270735524,-13.69713020324707,-43.17637634277344,7.5775550526315625,0.7997120872741756,-13.760809772884384,-42.91402385202931,0.0636795696373138,-0.2623524907441279,0.2699702150031392
1012,33.74955029825094,27.749550298250938,779.3573584450078,324.6864662561873,-12.779745101928711,-43.23745346069336,7.566600865404436,0.8328326078164241,-12.762583283503336,-42.878886809088876,-0.01716181842537523,-0.35856665160448387,0.3589771185667923
1013,33.78289965625316,27.782899656253157,785.1358069164265,324.8849663784822,-11.74179458618164,-43.27757263183594,7.587126992812873,0.844196128345196,-11.71833495678078,-42.94348482961357,-0.023459629400861104,-0.33408780222237056,0.3349104563990195
1014,33.81624901425538,27.816249014255384,790.4363524337646,325.13345656192234,-10.789721488952637,-43.326377868652344,7.489472960167384,0.7654265593294215,-10.761509834713651,-43.02187322097955,-0.028211654238985417,-0.3045046476727933,0.3058087276210933
1015,33.84959837225761,27.84959837225761,794.013966135212,325.7675194660734,-10.147578239440918,-43.44364547729492,7.478389753266102,0.8096728469508627,-10.151941628590402,-43.081117633200456,0.004363389149483865,-0.3625278440944655,0.3625541020436135
1016,33.882947730259836,27.882947730259836,798.2606617647059,326.3942401960784,-9.385186195373535,-43.56007766723633,7.510209888532341,0.800843891419349,-9.30713562525027,-42.88236848642331,-0.07805057012326522,-0.677709180813018,0.6821888486737515
1017,33.916297088262056,27.916297088262056,806.5518804361141,325.6079872595859,-7.894566535949707,-43.42397689819336,7.511590314954905,0.8038063044789057,-7.954368777673744,-43.03002267114633,0.0598022417240367,-0.39395422704703265,0.3984673651924899
1018,33.94964644626428,27.949646446264282,814.8892153262332,324.33284367731665,-6.395107746124268,-43.199493408203125,7.514350407024886,0.7620235422453139,-6.362426740204745,-43.00520372555332,-0.03268100591952283,-0.19428968264980284,0.19701910803795905
1019,33.98299580426651,27.98299580426651,820.428694475206,324.37836840162424,-5.3997063636779785,-43.211769104003906,7.495008417656372,0.7581056834162893,-5.483866456206487,-42.93533372056928,0.0841600925285082,-0.2764353834346238,0.2889627006882628
1020,34.01634516226873,28.016345162268728,823.6053236539624,324.8260133091349,-4.8292927742004395,-43.295047760009766,7.558374806586859,0.7831777835426454,-4.768973657261415,-42.991808671728,-0.060319116939024475,-0.3032390882817637,0.309180110178936
1021,34.049694520270954,28.049694520270954,831.8283369022128,324.8118010944563,-3.3515121936798096,-43.29848861694336,7.622574679389463,0.7902985630733714,-3.283531491470423,-42.992522308928976,-0.06798070220938657,-0.3059663080143835,0.3134274358010701
1022,34.08304387827318,28.08304387827318,839.820549753931,324.68395150642175,-1.9150117635726929,-43.28121566772461,7.588493427221578,0.777135283442981,-1.879807775257666,-43.00623316286231,-0.0352039883150268,-0.2749825048623009,0.2772268002441861
1023,34.1163932362754,28.1163932362754,843.6257525494532,325.3802678461727,-1.2317832708358765,-43.40992736816406,7.500539789935212,0.78872017927354,-1.2623869509285057,-42.96387215295578,0.03060368009262926,-0.4460552152082826,0.4471038360937192
1024,34.149742594277626,28.149742594277626,851.084241103849,324.2354151537158,0.10985320806503296,-43.208335876464844,7.557002926222245,0.798003303735847,0.19504743666406404,-42.909866176968485,-0.08519422859903109,-0.2984696994963585,0.31039042849938286
1025,34.18309195227985,28.183091952279852,859.1260207190737,323.19707495429617,1.5562705993652344,-43.026432037353516,7.530889716264575,0.8041534160628176,1.568827403932618,-42.985885575426735,-0.012556804567383617,-0.04054646192678035,0.042446306267133714
1026,34.21644131028207,28.21644131028207,867.0681283289978,323.2908460299765,2.9837660789489746,-43.049190521240234,7.470066556749224,0.80405272425369,2.9737620177097694,-42.99958151155892,0.010004061239205164,-0.04960900968131199,0.050607658341779396
1027,34.2497906682843,28.249790668284298,874.2186735193343,323.2192853646598,4.26920223236084,-43.041481018066406,7.515730072951691,0.785644635420724,4.249728299336602,-42.93903575939408,0.019473933024237944,-0.10244525867232568,0.10427974439876722
1028,34.283140026286524,28.283140026286524,877.9042735042734,323.23455433455433,4.931726932525635,-43.046932220458984,7.524002755778514,0.7580438971816692,4.924208564711102,-43.00482972055156,0.007518367814532745,-0.042102499907421986,0.04276852058522799
1029,34.31648938428875,28.31648938428875,884.8629589240277,323.45789409911544,6.182488918304443,-43.092411041259766,7.552885790026581,0.7908295904723637,6.163914886466381,-42.98125620897085,0.018574031838062055,-0.11115483228891776,0.1126960132387068
1030,34.34983874229097,28.34983874229097,889.5430029154519,323.6045918367347,7.02372407913208,-43.12236404418945,7.543270400017346,0.7951056869665261,7.029409663634338,-42.975031815418745,-0.005685584502257868,-0.14733222877070773,0.14744189196316113
1031,34.3831881002932,28.383188100293196,892.4092505145901,323.8849739677927,7.538769721984863,-43.175174713134766,7.555630796764503,0.7790089899570785,7.507048324372986,-42.96094669806087,0.03172139761187687,-0.21422801507389266,0.21656382317679645
1032,34.41653745829542,28.416537458295423,899.2173439767779,322.9430333817126,8.763590812683105,-43.0097770690918,7.559746437993956,0.7896727418506989,8.758831497430323,-42.97496322520816,0.004759315252782059,-0.03481384388364006,0.03513765512423711
1033,34.44988681629764,28.449886816297642,904.3866423800849,323.8286581663631,9.69223690032959,-43.173744201660156,7.544644777436061,0.7891047700275551,9.704294766253126,-43.00540593665319,-0.01205786592353597,-0.16833826500696603,0.16876955767017193
1034,34.48323617429987,28.48323617429987,911.1674008810572,323.8546255506608,10.911398887634277,-43.18339920043945,7.515730072951691,0.7447322276400951,10.881019602540244,-42.908018319301604,0.030379285094033648,-0.2753808811378491,0.27705149459817524
1035,34.516585532302095,28.516585532302095,915.3064417552865,323.7562645153404,11.655707359313965,-43.16863250732422,7.51986755197301,0.7513477318074173,11.641118054522696,-43.02134850284703,0.014589304791268631,-0.1472840044771857,0.1480048167767799
1036,34.549934890304314,28.549934890304314,920.7161251504211,322.63116726835136,12.62935733795166,-42.969078063964844,7.578923212803881,0.7812730263073658,12.625549304505359,-42.92748827442758,0.0038080334463010956,-0.041589789537262334,0.04176376075597028
1037,34.58328424830654,28.58328424830654,926.1677956030896,323.39548425430775,13.609029769897461,-43.1113166809082,7.626654195164186,0.7763626850964771,13.62041755615225,-43.01633079507757,-0.011387786254788423,-0.09498588583063139,0.0956660869002934
1038,34.61663360630877,28.616633606308767,930.3985765124555,323.8262158956109,14.369470596313477,-43.19232177734375,7.633448543233415,0.8180380318075703,14.354318616276377,-42.98438956795431,0.015151980037099833,-0.20793220938944046,0.20848353939968206
1039,34.64998296431099,28.649982964310993,937.3557553956834,323.2089928057554,15.621075630187988,-43.085758209228516,7.59259125494921,0.7913542607834418,15.610701024450403,-42.90674142877951,0.010374605737585085,-0.17901678044900393,0.17931714956059616
1040,34.68333232231321,28.683332322313213,944.3260688341073,323.22924854114564,16.874568939208984,-43.094520568847656,7.618492979134604,0.7782428457068433,16.872550945674984,-43.043228095839126,0.0020179935340003397,-0.05129247300853024,0.051332154496320045
1041,34.71668168031544,28.71668168031544,951.7643182362807,323.9466810448119,18.211753845214844,-43.2297477722168,7.595321911845605,0.797122482131564,18.206151423703577,-43.00084164020197,0.005602421511266442,-0.2289061320148278,0.22897468069806248
1042,34.750031038317665,28.750031038317665,955.8053536821704,324.1951308139535,18.9383487701416,-43.27764892578125,7.5542584180779,0.7606782684776777,18.93338526511214,-42.986451534071605,0.0049635050294618566,-0.29119739170964465,0.29123969049681003
1043,34.783380396319885,28.783380396319885,961.0189828080229,324.2932187201528,19.875986099243164,-43.2992057800293,7.608960496921749,0.7962930752797884,19.875280528060774,-42.977142002625044,0.00070557118239023,-0.32206377740425296,0.32206455027927183
1044,34.81672975432211,28.81672975432211,963.1827956989247,323.918025205226,20.265457153320312,-43.232913970947266,7.731966142322044,0.8326363118856801,20.2648949430066,-42.976288442793994,0.000562210313713507,-0.2566255281532719,0.25662614399235045
1045,34.85007911232434,28.850079112324337,968.9102382637413,324.0268931351734,21.295543670654297,-43.256797790527344,7.655149933269646,0.8359760088932334,21.29900858208584,-42.983164897099535,-0.0034649114315428164,-0.27363289342780917,0.2736548299900866
1046,34.88342847032656,28.883428470326557,974.1629656160459,324.24092645654247,22.240211486816406,-43.29936599731445,7.608960496921749,0.8090142412574857,22.24623137216755,-42.99973531358386,-0.006019885351143728,-0.2996306837305909,0.2996911504407534
1047,34.91677782832878,28.916777828328783,980.7773376545432,324.29408234305606,23.429964065551758,-43.313819885253906,7.588493427221578,0.8111082336879661,23.439656505145145,-43.036538673417056,-0.009692439593386837,-0.2772812118368506,0.27745056104283494
1048,34.95012718633101,28.95012718633101,986.3940362087327,324.44598272393796,24.440223693847656,-43.34541702270508,7.642950483393173,0.8008028319736268,24.254801764337515,-43.01017215833774,0.18542192951014158,-0.3352448643673398,0.3831062659732153
1049,34.983476544333236,28.983476544333236,992.3914812156017,324.69921033740127,25.518943786621094,-43.395626068115234,7.6007802825909545,0.8164360518634726,25.54631953362595,-42.94690837655696,-0.02737574700485723,-0.44871769155827224,0.4495519972611163
1050,35.016825902335455,29.016825902335455,998.2462293931953,325.39354612416696,26.571731567382812,-43.52553939819336,7.688935735764902,0.7855124276299349,26.610113501906778,-43.02005816861827,-0.0383819345239651,-0.5054812295750892,0.5069363336263697
1051,35.05017526033768,29.05017526033768,1001.1256269113148,325.66825688073396,27.08956527709961,-43.57735061645508,7.517109485659085,0.8012131815807361,27.00353297963961,-43.04993108921611,0.08603229746000096,-0.527419527238969,0.5343902262572021
1052,35.08352461833991,29.083524618339908,1007.9048473967684,326.0144823459006,28.308998107910156,-43.64496994018555,7.599416057455208,0.8134448783395608,28.37231939454119,-42.975844722828924,-0.06332128663103376,-0.6691252173566227,0.6721146790862085
1053,35.11687397634213,29.116873976342127,1014.9757070340827,326.77628716461203,29.580686569213867,-43.78799819946289,7.562488954477424,0.8213210383151699,29.238064590670625,-43.05715064675422,0.3426219785432423,-0.7308475527086671,0.8071728225610262
1054,35.15022333434435,29.150223334344354,1018.4705314009661,327.48212560386474,30.20903778076172,-43.91828536987305,7.565230476755073,0.7960276067424631,30.321208048020562,-42.99071092886291,-0.11217026725884338,-0.9275744410101368,0.9343321210748285
1055,35.18357269234658,29.18357269234658,1028.9243607954545,328.21555397727275,32.089595794677734,-44.05868148803711,7.6415937867492385,0.8031380001382379,32.23120021808636,-43.04585084062577,-0.1416044234086229,-1.0128306474113415,1.0226816381770847
1056,35.2169220503488,29.2169220503488,1031.3106738223016,326.5810375670841,32.52004623413086,-43.764644622802734,7.613047307974762,0.8163656858021804,32.42890298039443,-43.07349177520302,0.09114325373642629,-0.6911528475997173,0.6971365371624562
1057,35.250271408351026,29.250271408351026,1034.3448444771002,325.9799167278961,33.066410064697266,-43.65809631347656,7.512970487739167,0.7976808831333139,33.167295305970335,-42.990804277487655,-0.10088524127306897,-0.6672920359889076,0.6748751686059777
1058,35.28362076635325,29.283620766353252,1038.8407888407887,326.296657046657,33.87525939941406,-43.71870803833008,7.58165879246806,0.803219010302919,34.00340556956709,-42.93060073208643,-0.12814617015303043,-0.7881073062436457,0.7984576175849942
1059,35.31697012435548,29.31697012435548,1047.0501841620626,326.3366712707182,35.352561950683594,-43.73196792602539,7.749378994146192,0.8566831273157373,35.10371918263186,-43.06416063714742,0.24884276805173045,-0.6678072888779738,0.7126635238948299
1060,35.3503194823577,29.350319482357698,1050.7439038618597,325.94971415237427,36.01752853393555,-43.664649963378906,7.697022261122465,0.8617902080630817,36.15468793751624,-42.925465253046525,-0.13715940358069645,-0.7391847103323812,0.751802326399552
1061,35.383668840359924,29.383668840359924,1055.1817109144542,325.5165781710914,36.81645584106445,-43.58951950073242,7.653795399076389,0.8384697812814838,36.91660271899229,-43.07128908221469,-0.10014687792783405,-0.5182304185177316,0.52781830570354
1062,35.41701819836215,29.41701819836215,1060.5665712240516,325.1454306848007,37.7857780456543,-43.52629470825195,7.611685281430545,0.7916782299366586,37.877949864023385,-43.076300146977665,-0.0921718183690885,-0.4499945612742877,0.4593372935849025
1063,35.45036755636437,29.45036755636437,1066.5408555635663,325.34871425138186,38.86091613769531,-43.567466735839844,7.584393385448765,0.786011238115914,38.935854266449546,-43.11391820951078,-0.07493812875423345,-0.4535485263290653,0.4596977146739506
1064,35.483716914366596,29.483716914366596,1070.901349576018,324.1600382180819,39.64640426635742,-43.35553741455078,7.6075977386951985,0.7934116843419623,39.52139698510402,-42.93640224535806,0.12500728125340288,-0.419135169192721,0.4373798239752015
1065,35.51706627236882,29.517066272368822,1074.401287553648,323.19575584167853,40.27687454223633,-43.18359375,7.614409090886642,0.7922449236674247,40.27790686911432,-43.045503126561435,-0.0010323268779899308,-0.13809062343856482,0.13809448207815736
1066,35.55041563037104,29.55041563037104,1080.4535579152935,323.6194312217747,41.366004943847656,-43.26469802856445,7.525380652091829,0.7814484164009192,41.44207610243671,-42.957675402810956,-0.07607115858905189,-0.3070226257534969,0.3163063608175664
1067,35.58376498837327,29.583764988373268,1087.760431829209,324.2189471130519,42.68088912963867,-43.378543853759766,7.548766408323902,0.7715163666431535,42.61549283338605,-43.07397306786435,0.06539629625262222,-0.30457078589541453,0.31151250245296924
1068,35.617114346375494,29.617114346375494,1093.2416666666666,323.9294117647059,43.66771697998047,-43.33015823364258,7.510209888532341,0.7844909722262737,43.754175849967574,-43.01638258326945,-0.08645886998710495,-0.31377565037313104,0.3254693456633489
1069,35.65046370437772,29.65046370437772,1100.3936875075292,323.8366461872064,44.9552116394043,-43.318603515625,7.5748179909375635,0.8119823980414862,45.04210296568961,-43.02061294479527,-0.08689132628531127,-0.29799057082973235,0.3104005201140136
1070,35.68381306237994,29.68381306237994,1102.4473588342441,322.40777170613234,45.32564926147461,-43.061500549316406,7.544644777436061,0.7854543780563231,45.31441806002299,-43.10001753685418,0.011231201451622042,0.03851698753777555,0.04012104454064069
1071,35.71716242038217,29.717162420382166,1106.1270841052242,321.52723230826234,45.98850631713867,-42.904823303222656,7.4811620943263994,0.8102732730892936,46.00142205473079,-42.97350475613656,-0.012915737592116727,0.06868145291390704,0.06988532214931578
1072,35.75051177838439,29.750511778384393,1110.253612716763,320.19833815028903,46.7320442199707,-42.66733169555664,7.576186645387425,0.7983349318492483,46.812903650711284,-43.13549443556242,-0.08085943074058122,0.4681627400057806,0.4750943050273398
1073,35.78386113638661,29.783861136386612,1114.0752062105773,319.17139737991266,47.42051696777344,-42.48426055908203,7.548766408323902,0.7750679710188249,47.50488979090205,-43.020101461718184,-0.08437282312861072,0.5358409026361528,0.5424428506493738
1074,35.81721049438884,29.81721049438884,1116.973990171401,317.90758719884934,47.942989349365234,-42.257652282714844,7.593956706134595,0.7994536876228246,47.784774132589156,-42.97603123127953,0.1582152167760782,0.7183789485646841,0.7355952477826393
1075,35.850559852391065,29.850559852391065,1121.3566678757102,316.74972796517955,48.73255157470703,-42.05129623413086,7.561117820579023,0.7925544083664734,48.876246908394805,-43.118050451385486,-0.14369533368777354,1.0667542172546263,1.0763888279586382
1076,35.883909210393284,29.883909210393284,1128.8624651810585,317.3337975858867,50.08355712890625,-42.162471771240234,7.717201502937793,0.8011240958535747,50.17274557870793,-42.95819962396829,-0.08918844980168217,0.7957278527280565,0.8007105564342403
1077,35.91725856839551,29.91725856839551,1135.813309352518,317.15287769784175,51.3350944519043,-42.134788513183594,7.59259125494921,0.7840935065467426,51.0565525251592,-42.89652932205191,0.27854192674509903,0.7617408088683177,0.8110700739456679
1078,35.95060792639774,29.950607926397737,1137.5020960594081,314.3121331896035,51.64042282104492,-41.62189483642578,7.596686872214579,0.7788143670374859,51.16044243557339,-42.93451822257982,0.479980385471535,1.312623386154037,1.3976270333375402
1079,35.98395728439996,29.983957284399963,1139.865779057215,310.4498020870817,52.067710876464844,-40.92463684082031,7.591225558156986,0.7776949787988405,52.2268742166633,-43.057493358342555,-0.1591633401984538,2.1328565175222423,2.138787014454744
1080,36.01730664240218,30.017306642402183,1144.7125612525397,307.0954942034182,52.941802978515625,-40.32114791870117,7.604871489641988,0.801753443936922,53.46735370785323,-38.12890044963856,-0.5255507293376027,-2.1922474690626146,2.2543629997670576
1081,36.05065600040441,30.05065600040441,1147.3764113892978,303.2684094256259,53.42308044433594,-39.63055419921875,7.504685643659398,0.8088136100081796,53.46735370785323,-38.12890044963856,-0.04427326351729022,-1.5016537495801927,1.5023062622151064
1082,36.084005358406635,30.084005358406635,1149.1030016945049,299.0015734688937,53.73575973510742,-38.85976791381836,7.557002926222245,0.7767602591651541,53.46735370785323,-38.12890044963856,0.26840602725419416,-0.7308674641798021,0.7785942753854497
1083,36.117354716408855,30.117354716408855,1143.958787878788,294.2161212121212,52.81175994873047,-37.99028778076172,7.551512912474564,0.8134939877611252,52.8183539683566,-37.964289944185,-0.006594019626128045,-0.025997836576721056,0.026821047733070702
1084,36.15070407441108,30.15070407441108,1138.858474368408,290.6795437821928,51.89524459838867,-37.34686279296875,7.507448274212631,0.8265580302830535,52.057511604503574,-37.848942239584765,-0.1622670061149023,0.5020794466160154,0.5276498384229242
1085,36.18405343241331,30.184053432413307,1138.128233555063,290.17442719881745,51.764007568359375,-37.254974365234375,7.490857208023242,0.8096565514610653,52.057511604503574,-37.848942239584765,-0.2935040361441992,0.5939678743503904,0.6625273239597417
1086,36.21740279041553,30.217402790415527,1135.0691711389384,289.89970184853905,51.213523864746094,-37.20309066772461,7.613047307974762,0.8334925088618503,51.0510476416375,-37.91918664598438,0.162476223108591,0.7160959782597729,0.7342969243810393
1087,36.25075214841775,30.250752148417753,1124.22433552792,287.90099975615703,49.26249313354492,-36.83383560180664,7.5295128281067525,0.7959131571895897,49.28966094629324,-38.04098909964647,-0.027167812748317033,1.2071534978398262,1.2074591742152008
1088,36.28410150641998,30.28410150641998,1115.7027593003202,286.91155457009114,47.72928237915039,-36.648807525634766,7.490857208023242,0.8324768525921892,47.60320191958563,-37.866474372793355,0.12608045956476133,1.2176668471585899,1.224176798078285
1089,36.317450864422206,30.317450864422206,1111.8629410313347,287.6183074265976,47.03788375854492,-36.77391052246094,7.485318680679685,0.8123021718259673,47.104726679736736,-37.89347316196591,-0.06684292119181379,1.11956263950497,1.1215562758456619
1090,36.350800222424425,30.350800222424425,1105.3433407462317,287.3968371633309,45.864715576171875,-36.72921371459961,7.479776052240521,0.857917522730508,45.966838258702666,-37.97314848461791,-0.1021226825307906,1.2439347700182992,1.24811968750908
1091,36.38414958042665,30.38414958042665,1101.4676561533704,288.17192331478043,45.16685104370117,-36.86664581298828,7.475616384079957,0.8399770889197624,45.28014527935099,-38.033801181633976,-0.11329423564981767,1.1671553686456946,1.1726411379403094
1092,36.41749893842888,30.417498938428878,1098.3622754491018,289.24164171656685,44.60747528076172,-37.05790710449219,7.443648369843322,0.8455169001506234,44.381818057732936,-37.888896240448155,0.225657223028783,0.8309891359559671,0.8610831123543805
1093,36.4508482964311,30.450848296431097,1092.6239443616491,289.03055141579733,43.574951171875,-37.01564025878906,7.460344424546069,0.8534657595597082,43.68719660814833,-37.95406741120552,-0.1122454362733265,0.9384271524164589,0.9451161613032829
1094,36.48419765443332,30.484197654433324,1088.045092177379,289.5800946686597,42.750709533691406,-37.11177444458008,7.4492178793167705,0.8652852811817845,42.53614361160287,-37.97776089751054,0.2145659220885392,0.8659864529304642,0.8921721087216256
1095,36.51754701243555,30.51754701243555,1079.3801769911504,288.7788790560472,41.191993713378906,-36.960693359375,7.653795399076389,0.8067971068525359,40.97553407767192,-37.89345718495191,0.21645963570698967,0.9327638255769131,0.9575505877995588
1096,36.55089637043777,30.55089637043777,1074.4491061656329,289.2958774170011,40.304466247558594,-37.050682067871094,7.539145764477017,0.8363737488046047,40.45320698967817,-37.911866381728046,-0.14874074211957833,0.8611843138569526,0.8739349122214727
1097,36.584245728439996,30.584245728439996,1071.29406820365,290.6374879923151,39.73603439331055,-37.291072845458984,7.587126992812873,0.825065880152674,39.608098208300476,-37.882104018342105,0.1279361850100713,0.5910311728831203,0.60471936859549
1098,36.61759508644222,30.617595086442222,1068.5785244704164,290.67944971999026,39.24740982055664,-37.29672622680664,7.535018871130027,0.8604648129035762,39.35475561726072,-37.8451008907022,-0.10734579670408095,0.548374663895558,0.5587825087389547
