Test ID,Frame Number,Video Time (s),Elapsed Experiment Time (s),LED Detected,Marker 1 X (mm),Marker 1 Y (mm),Marker 2 X (mm),Marker 2 Y (mm),Marker 3 X (mm),Marker 3 Y (mm),Object Centroid X (mm),Object Centroid Y (mm),Pitch Angle (deg),Forward Velocity (mm/s),Number of Markers Detected,Interpolated Frame,Finish Line Crossed,Finish Crossing Frame (interpolated)
low_6p0s_rep1,28,0.9329329724853406,0.0,True,-236.18655395507812,-326.8434753417969,17.059194564819336,-330.8987731933594,268.3729553222656,-334.427001953125,16.415198644002277,-330.72308349609375,0.8610904102233768,-7.552058104385582,3,False,False,653.839106667836
low_6p0s_rep1,29,0.9662520072169599,0.033319034731619346,True,-236.15365600585938,-326.8245849609375,17.001110076904297,-330.8846740722656,268.2704162597656,-334.3313903808594,16.372623443603516,-330.6802164713542,0.8526090322578205,-9.10014648576724,3,False,False,653.839106667836
low_6p0s_rep1,30,0.9995710419485792,0.06663806946323858,True,-235.97552490234375,-326.63226318359375,17.4148006439209,-330.50921630859375,268.6423645019531,-334.0284118652344,16.693880081176758,-330.3899637858073,0.8397200565195105,-3.795762362841459,3,False,False,653.839106667836
low_6p0s_rep1,31,1.0328900766801985,0.09995710419485793,True,-234.9380340576172,-326.1244201660156,18.337360382080078,-329.9273376464844,269.6095886230469,-333.4280090332031,17.66963831583659,-329.8265889485677,0.8293282413559588,3.2242643913091946,3,False,False,653.839106667836
low_6p0s_rep1,32,1.0662091114118177,0.13327613892647716,False,-235.0497283935547,-325.75811767578125,18.280792236328125,-329.7308654785156,269.6268310546875,-333.243896484375,17.619298299153645,-329.57762654622394,0.8497959207432061,10.055120223984662,3,False,False,653.839106667836
low_6p0s_rep1,33,1.0995281461434372,0.16659517365809662,False,-236.45346069335938,-326.0401916503906,16.853702545166016,-329.9386901855469,268.40045166015625,-333.41375732421875,16.266897837320965,-329.79754638671875,0.8367651441268187,18.88700798414209,3,False,False,653.839106667836
low_6p0s_rep1,34,1.1328471808750564,0.19991420838971585,False,-237.24537658691406,-326.03192138671875,16.087007522583008,-329.8798522949219,267.4982604980469,-333.5071716308594,15.446630477905273,-329.8063151041667,0.8484881206374952,24.645346027677444,3,False,False,653.839106667836
low_6p0s_rep1,35,1.1661662156066757,0.2332332431213351,False,-238.4373016357422,-326.1557312011719,14.95171070098877,-330.0068359375,266.2944030761719,-333.5771484375,14.269604047139486,-329.9132385253906,0.8423985297221358,25.087032341638114,3,False,False,653.839106667836
low_6p0s_rep1,36,1.1994852503382951,0.26655227785295454,False,-238.90138244628906,-326.04852294921875,14.475728034973145,-329.81683349609375,265.8284912109375,-333.44769287109375,13.800945599873861,-329.77101643880206,0.8398766653865625,24.28972663922621,3,False,False,653.839106667836
low_6p0s_rep1,37,1.2328042850699144,0.2998713125845738,False,-239.46827697753906,-325.9134216308594,13.948659896850586,-329.8004150390625,265.34881591796875,-333.29644775390625,13.276399612426758,-329.6700948079427,0.8378996796077967,23.056902773186927,3,False,False,653.839106667836
low_6p0s_rep1,38,1.2661233198015336,0.333190347316193,False,-240.25885009765625,-325.7218933105469,12.771062850952148,-329.8262023925781,264.24090576171875,-333.24761962890625,12.251039505004883,-329.59857177734375,0.8546295051046118,21.682312582340785,3,False,False,653.839106667836
low_6p0s_rep1,39,1.299442354533153,0.36650938204781247,False,-241.28123474121094,-325.9093017578125,11.95329761505127,-329.7782287597656,263.43609619140625,-333.2696838378906,11.369386355082193,-329.65240478515625,0.8354952589273108,23.030438402893775,3,False,False,653.839106667836
low_6p0s_rep1,40,1.3327613892647723,0.3998284167794317,False,-242.02610778808594,-325.82012939453125,11.30864143371582,-329.749755859375,262.71099853515625,-333.18505859375,10.664510726928711,-329.58498128255206,0.8359785905559083,23.171625598968692,3,False,False,653.839106667836
low_6p0s_rep1,41,1.3660804239963915,0.43314745151105094,False,-242.45553588867188,-325.5709228515625,10.7567138671875,-329.51763916015625,262.2439270019531,-333.04412841796875,10.18170166015625,-329.3775634765625,0.8483303041063534,22.505743955375575,3,False,False,653.839106667836
low_6p0s_rep1,42,1.399399458728011,0.4664664862426704,False,-243.43267822265625,-325.6521911621094,9.77483081817627,-329.65264892578125,261.32421875,-333.13763427734375,9.222123781840006,-329.48082478841144,0.8496225896302367,23.079620934310164,3,False,False,653.839106667836
low_6p0s_rep1,43,1.4327184934596302,0.49978552097428963,False,-244.1575469970703,-325.5069274902344,9.13379192352295,-329.4695739746094,260.77801513671875,-333.0479736328125,8.584753354390463,-329.34149169921875,0.8556299658363516,22.763512055000927,3,False,False,653.839106667836
low_6p0s_rep1,44,1.4660375281912494,0.5331045557059089,False,-245.14585876464844,-325.5861511230469,8.122051239013672,-329.59027099609375,259.6347351074219,-333.1763610839844,7.536975860595703,-329.450927734375,0.861471756227958,22.508672514919024,3,False,False,653.839106667836
low_6p0s_rep1,45,1.4993565629228687,0.5664235904375281,False,-245.8118438720703,-325.7812805175781,7.339301586151123,-329.7652282714844,258.8935852050781,-333.19281005859375,6.8070143063863116,-329.57977294921875,0.8413201392226846,24.70361525109305,3,False,False,653.839106667836
low_6p0s_rep1,46,1.5326755976544881,0.5997426251691476,False,-246.30560302734375,-325.6210021972656,7.017411231994629,-329.53216552734375,258.65203857421875,-332.97314453125,6.454615592956543,-329.3754374186198,0.8341629640349877,24.412349754077553,3,False,False,653.839106667836
low_6p0s_rep1,47,1.5659946323861074,0.6330616599007668,False,-247.329345703125,-325.71881103515625,6.052774906158447,-329.4815673828125,257.62518310546875,-332.88909912109375,5.449537436167399,-329.3631591796875,0.8135378782878112,22.27243617348739,3,False,False,653.839106667836
low_6p0s_rep1,48,1.5993136671177266,0.666380694632386,False,-248.5994415283203,-325.72528076171875,4.741259574890137,-329.715576171875,256.2371826171875,-333.1219177246094,4.126333554585774,-329.5209248860677,0.8394116810820285,23.740634127924423,3,False,False,653.839106667836
low_6p0s_rep1,49,1.632632701849346,0.6996997293640055,False,-248.83636474609375,-325.52789306640625,4.430027484893799,-329.3525085449219,255.9906463623047,-332.8749084472656,3.861436367034912,-329.25177001953125,0.8337970192519846,25.238264129624756,3,False,False,653.839106667836
low_6p0s_rep1,50,1.6659517365809653,0.7330187640956247,False,-249.74156188964844,-325.5579528808594,3.695399284362793,-329.3436584472656,255.23094177246094,-332.7479248046875,3.0615930557250977,-329.2165120442708,0.8157418628625668,22.67087554849272,3,False,False,653.839106667836
low_6p0s_rep1,51,1.6992707713125845,0.766337798827244,False,-250.48873901367188,-325.5599365234375,2.8359382152557373,-329.4499816894531,254.5224609375,-332.8785400390625,2.289886713027954,-329.29615275065106,0.8302701840737104,20.211435561216046,3,False,False,653.839106667836
low_6p0s_rep1,52,1.732589806044204,0.7996568335588634,False,-251.64865112304688,-325.60699462890625,1.790074110031128,-329.3448486328125,253.47393798828125,-332.84735107421875,1.205120325088501,-329.2663981119792,0.8212134397815958,21.202909056222527,3,False,False,653.839106667836
low_6p0s_rep1,53,1.7659088407758232,0.8329758682904826,False,-252.00840759277344,-325.5754089355469,1.4128475189208984,-329.40374755859375,253.04666137695312,-332.7973937988281,0.8170337677001953,-329.25885009765625,0.8192394817179726,22.145242081481577,3,False,False,653.839106667836
low_6p0s_rep1,54,1.7992278755074425,0.8662949030221019,False,-252.34027099609375,-325.5286865234375,1.0176336765289307,-329.2570495605469,252.632080078125,-332.65325927734375,0.43648091952006024,-329.1463317871094,0.8083232005422499,20.68169816910053,3,False,False,653.839106667836
low_6p0s_rep1,55,1.832546910239062,0.8996139377537213,False,-253.4167938232422,-325.4117431640625,0.004234932363033295,-329.234375,251.6783905029297,-332.8132019042969,-0.5780561293164889,-329.1531066894531,0.8395288883286851,21.604799612412574,3,False,False,653.839106667836
low_6p0s_rep1,56,1.8658659449706811,0.9329329724853406,False,-254.3294219970703,-325.39312744140625,-0.8038915991783142,-329.2458801269531,250.7861785888672,-332.8160095214844,-1.4490450024604797,-329.15167236328125,0.8419245084823352,25.65228225833735,3,False,False,653.839106667836
low_6p0s_rep1,57,1.8991849797023004,0.9662520072169598,False,-254.7720947265625,-325.47857666015625,-1.3125790357589722,-329.20562744140625,250.24400329589844,-332.5619812011719,-1.946890155474345,-329.0820617675781,0.8035834403898814,27.574997422837853,3,False,False,653.839106667836
low_6p0s_rep1,58,1.9325040144339198,0.9995710419485793,False,-256.06982421875,-325.5097351074219,-2.6184072494506836,-329.2593688964844,248.9998321533203,-332.6878967285156,-3.229466438293457,-329.15233357747394,0.8142454663948117,27.643345406283267,3,False,False,653.839106667836
low_6p0s_rep1,59,1.965823049165539,1.0328900766801985,False,-256.9671630859375,-325.4170837402344,-3.459806442260742,-329.2646789550781,248.23463439941406,-332.67254638671875,-4.064111709594727,-329.11810302734375,0.8227975699092125,29.317793071447422,3,False,False,653.839106667836
low_6p0s_rep1,60,1.9991420838971583,1.0662091114118177,False,-258.14007568359375,-325.5252685546875,-4.727505207061768,-329.2867126464844,247.072021484375,-332.6401672363281,-5.265186468760173,-329.1507161458333,0.8068427528417641,32.0864944205621,3,False,False,653.839106667836
low_6p0s_rep1,61,2.0324611186287775,1.099528146143437,False,-258.9208984375,-325.7705993652344,-5.348139762878418,-329.3091125488281,246.351806640625,-332.69500732421875,-5.972410519917806,-329.25823974609375,0.7851493135754188,31.238347870214323,3,False,False,653.839106667836
low_6p0s_rep1,62,2.065780153360397,1.1328471808750564,False,-260.088623046875,-325.8907775878906,-6.581909656524658,-329.44683837890625,245.09474182128906,-332.7036437988281,-7.191930294036865,-329.3470865885417,0.7726398882921314,26.741368901417907,3,False,False,653.839106667836
low_6p0s_rep1,63,2.0990991880920165,1.1661662156066759,False,-261.52716064453125,-326.0594787597656,-8.169548988342285,-329.6478271484375,243.6707000732422,-332.7376708984375,-8.675336519877115,-329.4816589355469,0.7573467134977429,23.546228865417987,3,False,False,653.839106667836
low_6p0s_rep1,64,2.1324182228236355,1.199485250338295,False,-261.85797119140625,-325.7610778808594,-8.504218101501465,-329.5191345214844,243.2825164794922,-332.7723083496094,-9.026557604471842,-329.35084025065106,0.7952008033408247,22.308459030109173,3,False,False,653.839106667836
low_6p0s_rep1,65,2.165737257555255,1.2328042850699144,False,-262.1070556640625,-325.6632995605469,-8.571805000305176,-329.3414306640625,243.04074096679688,-332.7481994628906,-9.212706565856934,-329.2509765625,0.803543539389357,18.909888339473586,3,False,False,653.839106667836
low_6p0s_rep1,66,2.1990562922868744,1.2661233198015338,False,-262.7243347167969,-325.5547790527344,-9.316854476928711,-329.3129577636719,242.43038940429688,-332.7786865234375,-9.870266596476236,-329.21547444661456,0.819295908911549,17.114085991213987,3,False,False,653.839106667836
low_6p0s_rep1,67,2.2323753270184934,1.2994423545331528,False,-263.5779724121094,-325.5625305175781,-10.181890487670898,-329.2021789550781,241.57875061035156,-332.6026916503906,-10.72703742980957,-329.1224670410156,0.7984559825686136,20.084650018233756,3,False,False,653.839106667836
low_6p0s_rep1,68,2.265694361750113,1.3327613892647723,False,-264.3352355957031,-325.7027587890625,-10.892868995666504,-329.1991882324219,240.9056396484375,-332.56982421875,-11.440821647644043,-329.1572570800781,0.7786971733696556,24.81429800996277,3,False,False,653.839106667836
low_6p0s_rep1,69,2.2990133964817323,1.3660804239963917,False,-264.9000549316406,-325.6534118652344,-11.308159828186035,-329.11383056640625,240.31825256347656,-332.5125732421875,-11.9633207321167,-329.09327189127606,0.777835735804604,28.34165567240693,3,False,False,653.839106667836
low_6p0s_rep1,70,2.3323324312133513,1.3993994587280107,False,-265.78363037109375,-325.50048828125,-12.473780632019043,-329.1273498535156,239.35354614257812,-332.39178466796875,-12.967954953511557,-329.0065409342448,0.7816049262862574,27.92385197857672,3,False,False,653.839106667836
low_6p0s_rep1,71,2.3656514659449708,1.4327184934596302,False,-267.2326965332031,-325.3761901855469,-13.821895599365234,-328.9415588378906,237.9058837890625,-332.2353515625,-14.38290278116862,-328.8510335286458,0.7779584883034779,24.77200730127373,3,False,False,653.839106667836
low_6p0s_rep1,72,2.3989705006765902,1.4660375281912497,False,-268.5664367675781,-325.6411437988281,-15.13763427734375,-329.0450439453125,236.7313690185547,-332.17340087890625,-15.657567342122396,-328.9531962076823,0.7406521652252607,22.14146816661897,3,False,False,653.839106667836
low_6p0s_rep1,73,2.4322895354082092,1.4993565629228687,False,-268.6861267089844,-325.55816650390625,-15.297714233398438,-329.0343933105469,236.5410919189453,-332.1940612792969,-15.814249674479166,-328.9288736979167,0.7525067698878442,20.802416634978552,3,False,False,653.839106667836
low_6p0s_rep1,74,2.4656085701398287,1.5326755976544881,False,-268.7151184082031,-325.5516662597656,-15.329856872558594,-329.0320739746094,236.513916015625,-332.2259826660156,-15.84368642171224,-328.9365743001302,0.7568605361835796,21.07289742124215,3,False,False,653.839106667836
low_6p0s_rep1,75,2.498927604871448,1.5659946323861076,False,-269.3944396972656,-325.3690185546875,-15.915596961975098,-328.92034912109375,235.91529846191406,-332.1617431640625,-16.46491273244222,-328.81703694661456,0.7701632907526171,24.630079736342083,3,False,False,653.839106667836
low_6p0s_rep1,76,2.532246639603067,1.5993136671177266,False,-270.7247314453125,-325.4667053222656,-17.25955581665039,-328.8460693359375,234.532958984375,-332.06256103515625,-17.81710942586263,-328.7917785644531,0.7479217755786295,27.662603859099818,3,False,False,653.839106667836
low_6p0s_rep1,77,2.5655656743346866,1.632632701849346,False,-272.18096923828125,-325.15692138671875,-18.684715270996094,-328.66046142578125,233.13174438476562,-331.81732177734375,-19.244646708170574,-328.54490152994794,0.7551575980412438,26.229857503742107,3,False,False,653.839106667836
low_6p0s_rep1,78,2.598884709066306,1.6659517365809655,False,-273.4351806640625,-325.014892578125,-19.860488891601562,-328.60247802734375,231.99464416503906,-331.704345703125,-20.433675130208332,-328.44057210286456,0.7582755019200479,22.437867587368974,3,False,False,653.839106667836
low_6p0s_rep1,79,2.632203743797925,1.6992707713125845,False,-273.39141845703125,-325.0057067871094,-19.910999298095703,-328.61126708984375,231.97889709472656,-331.72882080078125,-20.441173553466797,-328.44859822591144,0.7621803740342811,19.824061170509303,3,False,False,653.839106667836
low_6p0s_rep1,80,2.6655227785295446,1.732589806044204,False,-273.6192932128906,-325.0912170410156,-20.040945053100586,-328.586181640625,231.83935546875,-331.70849609375,-20.606960932413738,-328.4619649251302,0.7500524608665762,19.351635237741434,3,False,False,653.839106667836
low_6p0s_rep1,81,2.698841813261164,1.7659088407758234,False,-274.1061706542969,-325.01446533203125,-20.629253387451172,-328.5375061035156,231.28199768066406,-331.6625671386719,-21.151142120361328,-328.40484619140625,0.7536508187615661,20.70155664358867,3,False,False,653.839106667836
low_6p0s_rep1,82,2.732160847992783,1.7992278755074425,False,-275.5924377441406,-324.9097595214844,-21.981740951538086,-328.3326416015625,230.0267791748047,-331.42156982421875,-22.51579984029134,-328.22132364908856,0.7378647978447554,24.520274257322555,3,False,False,653.839106667836
low_6p0s_rep1,83,2.7654798827244025,1.832546910239062,False,-276.610107421875,-324.9925537109375,-23.100080490112305,-328.5082092285156,228.87928771972656,-331.5549621582031,-23.610300064086914,-328.35190836588544,0.7437884744204093,30.225445993460657,3,False,False,653.839106667836
low_6p0s_rep1,84,2.798798917456022,1.8658659449706814,False,-277.2817687988281,-325.14471435546875,-23.6476993560791,-328.65032958984375,228.44314575195312,-331.6072692871094,-24.162107467651367,-328.4674377441406,0.7321311619309112,35.50857122609609,3,False,False,653.839106667836
low_6p0s_rep1,85,2.832117952187641,1.8991849797023004,False,-278.2090148925781,-325.1809997558594,-24.440587997436523,-328.5862731933594,227.4817657470703,-331.6762390136719,-25.055945714314777,-328.4811706542969,0.7358831670190967,35.73535307630913,3,False,False,653.839106667836
low_6p0s_rep1,86,2.8654369869192604,1.9325040144339198,False,-279.8994445800781,-324.9627990722656,-26.22730827331543,-328.41864013671875,225.80780029296875,-331.53839111328125,-26.77298418680827,-328.3066101074219,0.7449615264688769,34.06345899348083,3,False,False,653.839106667836
low_6p0s_rep1,87,2.89875602165088,1.9658230491655393,False,-281.9586181640625,-324.7862854003906,-28.162044525146484,-328.2394714355469,223.94544982910156,-331.3569641113281,-28.72507095336914,-328.12757364908856,0.7441153686184744,32.66431069133082,3,False,False,653.839106667836
low_6p0s_rep1,88,2.932075056382499,1.9991420838971583,False,-282.4502868652344,-324.8343811035156,-28.811965942382812,-328.4905090332031,223.33914184570312,-331.62359619140625,-29.307703653971355,-328.316162109375,0.7690354693473802,28.363889636114177,3,False,False,653.839106667836
low_6p0s_rep1,89,2.9653940911141183,2.0324611186287775,False,-283.0071716308594,-325.04522705078125,-29.272106170654297,-328.4626159667969,222.83631896972656,-331.5732116699219,-29.814319610595703,-328.3603515625,0.739369414942641,20.854717588570452,3,False,False,653.839106667836
low_6p0s_rep1,90,2.9987131258457373,2.0657801533603966,False,-283.5506896972656,-325.1446533203125,-29.81039810180664,-328.49237060546875,222.4995880126953,-331.3778381347656,-30.287166595458984,-328.3382873535156,0.7056949458838847,16.971988599405353,3,False,False,653.839106667836
low_6p0s_rep1,91,3.032032160577357,2.0990991880920165,False,-284.24267578125,-325.2152099609375,-30.52313995361328,-328.55560302734375,221.78880310058594,-331.4730224609375,-30.992337544759113,-328.41461181640625,0.7085092222385351,21.519057433101228,3,False,False,653.839106667836
low_6p0s_rep1,92,3.0653511953089763,2.1324182228236355,False,-284.7196350097656,-325.2401123046875,-30.927148818969727,-328.57177734375,221.2838592529297,-331.39935302734375,-31.454308191935223,-328.40374755859375,0.6973886046773689,28.917994664015165,3,False,False,653.839106667836
low_6p0s_rep1,93,3.0986702300405953,2.1657372575552545,False,-285.41400146484375,-325.3899230957031,-31.764789581298828,-328.5788879394531,220.4786834716797,-331.4253845214844,-32.23336919148763,-328.46473185221356,0.6835245345619867,33.57641077579286,3,False,False,653.839106667836
low_6p0s_rep1,94,3.1319892647722147,2.1990562922868744,False,-287.22039794921875,-325.3345031738281,-33.57489776611328,-328.33502197265625,218.6195068359375,-331.1648254394531,-34.05859629313151,-328.2781168619792,0.6603632179972233,36.19665439455481,3,False,False,653.839106667836
low_6p0s_rep1,95,3.165308299503834,2.2323753270184934,False,-288.8110656738281,-325.3973083496094,-35.3145637512207,-328.2088623046875,217.09136962890625,-330.805419921875,-35.678086598714195,-328.13719685872394,0.6124701999400753,38.07175301421074,3,False,False,653.839106667836
low_6p0s_rep1,96,3.198627334235453,2.2656943617501124,False,-289.9249267578125,-325.19085693359375,-36.36259841918945,-328.13812255859375,215.9212646484375,-330.9559631347656,-36.788753509521484,-328.09498087565106,0.6529691412947755,35.505999016769145,3,False,False,653.839106667836
low_6p0s_rep1,97,3.2319463689670727,2.2990133964817323,False,-290.96282958984375,-325.2819519042969,-37.23190689086914,-328.17218017578125,215.03993225097656,-330.9381408691406,-37.718268076578774,-328.13075764973956,0.6404357512040396,29.8800696463053,3,False,False,653.839106667836
low_6p0s_rep1,98,3.265265403698692,2.3323324312133513,False,-291.8879699707031,-325.306640625,-38.22617721557617,-328.08770751953125,214.15049743652344,-330.9864196777344,-38.65454991658529,-328.1269226074219,0.6430611992616033,25.670958205860575,3,False,False,653.839106667836
low_6p0s_rep1,99,3.298584438430311,2.3656514659449703,False,-292.7144775390625,-325.34478759765625,-39.100830078125,-328.20111083984375,213.41229248046875,-330.9907531738281,-39.467671712239586,-328.1788838704427,0.6391216601364762,23.40167041501926,3,False,False,653.839106667836
low_6p0s_rep1,100,3.3319034731619306,2.3989705006765902,False,-293.47259521484375,-325.4072265625,-39.73945617675781,-328.26495361328125,212.5377655029297,-331.0693664550781,-40.224761962890625,-328.24718221028644,0.6410998763686611,22.299925229543657,3,False,False,653.839106667836
low_6p0s_rep1,101,3.36522250789355,2.4322895354082092,False,-293.9900207519531,-325.4380798339844,-40.411983489990234,-328.3282470703125,212.0158233642578,-331.0435791015625,-40.79539362589518,-328.2699686686198,0.6346928927362349,21.712297521037744,3,False,False,653.839106667836
low_6p0s_rep1,102,3.398541542625169,2.4656085701398283,False,-294.7956848144531,-325.54083251953125,-41.080867767333984,-328.2138366699219,211.35003662109375,-331.03253173828125,-41.50883865356445,-328.2624003092448,0.6216368683567143,22.144688198695526,3,False,False,653.839106667836
low_6p0s_rep1,103,3.4318605773567885,2.498927604871448,False,-295.5631408691406,-325.5917053222656,-41.878726959228516,-328.3511657714844,210.5595703125,-331.0099182128906,-42.29409917195638,-328.3175964355469,0.6133470516622324,24.5466241375864,3,False,False,653.839106667836
low_6p0s_rep1,104,3.465179612088408,2.532246639603067,False,-296.2510681152344,-325.57611083984375,-42.612552642822266,-328.2306823730469,209.67626953125,-330.9072570800781,-43.06245040893555,-328.23801676432294,0.6037247883896455,26.860391304845,3,False,False,653.839106667836
low_6p0s_rep1,105,3.498498646820027,2.565565674334686,False,-297.227783203125,-325.58270263671875,-43.666282653808594,-328.323974609375,208.86892700195312,-330.9814147949219,-44.00837961832682,-328.29603068033856,0.6111711124543967,27.762935288187432,3,False,False,653.839106667836
low_6p0s_rep1,106,3.5318176815516464,2.598884709066306,False,-298.3681945800781,-325.6275939941406,-44.81415939331055,-328.3255920410156,207.61093139648438,-330.94305419921875,-45.19047419230143,-328.2987467447917,0.6018869502648354,29.380858771161826,3,False,False,653.839106667836
low_6p0s_rep1,107,3.565136716283266,2.632203743797925,False,-299.2889709472656,-325.7876892089844,-45.71036148071289,-328.3265075683594,206.80918884277344,-330.9284362792969,-46.06338119506836,-328.34754435221356,0.5819680936918247,30.779797174924607,3,False,False,653.839106667836
low_6p0s_rep1,108,3.598455751014885,2.665522778529544,False,-300.1546936035156,-325.6005859375,-46.60809326171875,-328.2293701171875,205.7930908203125,-330.88739013671875,-46.989898681640625,-328.23911539713544,0.5986794546819407,29.855580229019022,3,False,False,653.839106667836
low_6p0s_rep1,109,3.6317747857465044,2.698841813261164,False,-301.3962707519531,-325.6703796386719,-47.785865783691406,-328.027587890625,204.71392822265625,-330.6767578125,-48.15606943766276,-328.1249084472656,0.5667441306472287,28.84533547503086,3,False,False,653.839106667836
low_6p0s_rep1,110,3.665093820478124,2.732160847992783,False,-302.47314453125,-325.5906066894531,-48.76371383666992,-327.9557189941406,203.72598266601562,-330.51141357421875,-49.170291900634766,-328.0192464192708,0.5569598415631309,31.543220507222728,3,False,False,653.839106667836
low_6p0s_rep1,111,3.698412855209743,2.765479882724402,False,-303.25860595703125,-325.54107666015625,-49.65117645263672,-327.7972412109375,202.9813232421875,-330.3470153808594,-49.97615305582682,-327.8951110839844,0.5439154788419749,34.18028461946891,3,False,False,653.839106667836
low_6p0s_rep1,112,3.7317318899413623,2.798798917456022,False,-304.18292236328125,-325.1817932128906,-50.52875518798828,-327.4873046875,202.0456085205078,-329.8359375,-50.88868967692057,-327.5016784667969,0.5267488807173712,28.91681160037808,3,False,False,653.839106667836
low_6p0s_rep1,113,3.7650509246729817,2.832117952187641,False,-306.0257873535156,-324.4112854003906,-52.24394989013672,-326.5559997558594,200.24627685546875,-328.941650390625,-52.674486796061196,-326.6363118489583,0.5126964015513663,19.890223050325957,3,False,False,653.839106667836
low_6p0s_rep1,114,3.7983699594046008,2.86543698691926,False,-307.21337890625,-324.2133483886719,-53.477115631103516,-326.2824401855469,199.1104278564453,-328.5410461425781,-53.8600222269694,-326.3456115722656,0.4897118700510955,15.270981610270628,3,False,False,653.839106667836
low_6p0s_rep1,115,3.83168899413622,2.89875602165088,False,-306.4630126953125,-324.54486083984375,-52.66231155395508,-326.5082702636719,199.8218994140625,-328.714111328125,-53.101141611735024,-326.5890808105469,0.4718194268127072,11.752004617977764,3,False,False,653.839106667836
low_6p0s_rep1,116,3.8650080288678397,2.932075056382499,False,-306.02392578125,-324.9046936035156,-52.233924865722656,-327.068603515625,200.24024963378906,-329.23095703125,-52.672533671061196,-327.0680847167969,0.4896072328290412,6.162754036595794,3,False,False,653.839106667836
low_6p0s_rep1,117,3.8983270635994587,2.965394091114118,False,-306.6215515136719,-325.5928039550781,-52.897769927978516,-327.7074279785156,199.67796325683594,-329.9511413574219,-53.280452728271484,-327.7504577636719,0.4932024696316492,5.879944582334301,3,False,False,653.839106667836
low_6p0s_rep1,118,3.931646098331078,2.998713125845738,False,-307.5371398925781,-326.12738037109375,-53.80576705932617,-328.51324462890625,198.74777221679688,-330.93756103515625,-54.198378245035805,-328.52606201171875,0.5443471687797166,10.45321064292127,3,False,False,653.839106667836
low_6p0s_rep1,119,3.9649651330626976,3.032032160577357,False,-307.8265075683594,-326.3402404785156,-53.95491027832031,-328.6648864746094,198.6129150390625,-330.9664611816406,-54.3895009358724,-328.6571960449219,0.5233706880659247,12.817467913140057,3,False,False,653.839106667836
low_6p0s_rep1,120,3.9982841677943166,3.065351195308976,False,-307.9566650390625,-326.5368347167969,-54.15117263793945,-328.7165222167969,198.5154266357422,-331.073974609375,-54.53080368041992,-328.77577718098956,0.5132602910966905,13.430764286235037,3,False,False,653.839106667836
low_6p0s_rep1,121,4.031603202525936,3.0986702300405957,False,-308.1553649902344,-326.6831359863281,-54.294559478759766,-328.8112487792969,198.2725830078125,-331.05718994140625,-54.72578048706055,-328.85052490234375,0.4948553893738863,14.890370956571125,3,False,False,653.839106667836
low_6p0s_rep1,122,4.064922237257555,3.1319892647722147,False,-308.9267883300781,-326.78466796875,-55.14626693725586,-328.884521484375,197.5794677734375,-331.17999267578125,-55.49786249796549,-328.94972737630206,0.4971848447656534,18.861472891254227,3,False,False,653.839106667836
low_6p0s_rep1,123,4.098241271989175,3.1653082995038346,False,-309.9247741699219,-326.7786560058594,-56.04617691040039,-328.9869689941406,196.60304260253906,-331.3603820800781,-56.4559694925944,-329.04200236002606,0.5182467756085468,22.29741789790011,3,False,False,653.839106667836
low_6p0s_rep1,124,4.131560306720794,3.1986273342354536,False,-310.6125183105469,-326.6695861816406,-56.68399429321289,-328.8878173828125,196.0167999267578,-331.37811279296875,-57.09323755900065,-328.97850545247394,0.5324818873341923,22.58606252732602,3,False,False,653.839106667836
low_6p0s_rep1,125,4.164879341452413,3.2319463689670727,False,-311.62237548828125,-326.5384216308594,-57.70773696899414,-328.986328125,194.9955291748047,-331.5429992675781,-58.11152776082357,-329.0225830078125,0.5659725953682184,22.507415509804606,3,False,False,653.839106667836
low_6p0s_rep1,126,4.198198376184033,3.2652654036986926,False,-312.03131103515625,-326.4266662597656,-58.13600158691406,-329.0060729980469,194.4442901611328,-331.55560302734375,-58.5743408203125,-328.99611409505206,0.580198502585334,23.64555325928882,3,False,False,653.839106667836
low_6p0s_rep1,127,4.231517410915652,3.2985844384303116,False,-312.66717529296875,-326.48931884765625,-58.69900894165039,-328.9230041503906,193.84190368652344,-331.4349365234375,-59.17476018269857,-328.94908650716144,0.5594253431622149,23.10635483321431,3,False,False,653.839106667836
low_6p0s_rep1,128,4.264836445647271,3.3319034731619306,False,-313.8456726074219,-326.5708312988281,-59.77705383300781,-328.9118957519531,192.78775024414062,-331.5345764160156,-60.27832539876302,-329.0057678222656,0.561337909176237,21.75562436449265,3,False,False,653.839106667836
low_6p0s_rep1,129,4.298155480378891,3.3652225078935505,False,-314.6531677246094,-326.4153137207031,-60.7352409362793,-328.92706298828125,191.9403533935547,-331.5013122558594,-61.14935175577799,-328.94789632161456,0.5752076339019121,21.904392708680216,3,False,False,653.839106667836
low_6p0s_rep1,130,4.33147451511051,3.3985415426251695,False,-315.2870788574219,-326.40576171875,-61.31917190551758,-328.7690734863281,191.34356689453125,-331.2922668457031,-61.75422795613607,-328.82236735026044,0.5526066006868403,20.48093435695677,3,False,False,653.839106667836
low_6p0s_rep1,131,4.364793549842129,3.4318605773567885,False,-315.811279296875,-326.1606750488281,-61.68821716308594,-328.5440979003906,190.95828247070312,-331.10662841796875,-62.18040466308594,-328.6038004557292,0.5591757633772142,18.50803835419691,3,False,False,653.839106667836
low_6p0s_rep1,132,4.398112584573749,3.4651796120884084,False,-316.4498596191406,-326.1597900390625,-62.4029655456543,-328.66510009765625,190.25173950195312,-331.1757507324219,-62.8670285542806,-328.66688028971356,0.5671661413412589,19.335625715298566,3,False,False,653.839106667836
low_6p0s_rep1,133,4.431431619305368,3.4984986468200274,False,-317.0317077636719,-326.08807373046875,-62.8937873840332,-328.5096740722656,189.69517517089844,-330.8589172363281,-63.41010665893555,-328.4855550130208,0.5394249455560968,19.79529936695986,3,False,False,653.839106667836
low_6p0s_rep1,134,4.464750654036987,3.5318176815516464,False,-317.72174072265625,-325.9669189453125,-63.773162841796875,-328.486328125,188.9420928955078,-330.9088439941406,-64.18427022298177,-328.4540303548177,0.5588369452035128,19.835645653316252,3,False,False,653.839106667836
low_6p0s_rep1,135,4.498069688768607,3.5651367162832663,False,-318.7073669433594,-326.133056640625,-64.66094970703125,-328.5800476074219,187.883056640625,-331.0491638183594,-65.16175333658855,-328.58742268880206,0.555998175815951,23.178819389148526,3,False,False,653.839106667836
low_6p0s_rep1,136,4.531388723500226,3.5984557510148854,False,-318.9263000488281,-325.8655090332031,-64.94637298583984,-328.3480224609375,187.76722717285156,-330.7572937011719,-65.3684819539388,-328.3236083984375,0.553134968786073,23.879006061880904,3,False,False,653.839106667836
low_6p0s_rep1,137,4.564707758231845,3.6317747857465044,False,-319.899658203125,-325.9051513671875,-65.75843048095703,-328.4118347167969,186.79409790039062,-330.908935546875,-66.28799692789714,-328.4086405436198,0.5657981618985364,20.89889547457728,3,False,False,653.839106667836
low_6p0s_rep1,138,4.598026792963465,3.6650938204781243,False,-321.2935485839844,-326.2000732421875,-67.26179504394531,-328.6902160644531,185.41905212402344,-331.1270751953125,-67.71209716796875,-328.6724548339844,0.5570959179499773,22.115222281465034,3,False,False,653.839106667836
low_6p0s_rep1,139,4.631345827695084,3.6984128552097433,False,-321.3524169921875,-326.07965087890625,-67.3966293334961,-328.576171875,185.2334442138672,-330.9833984375,-67.83853403727214,-328.54640706380206,0.5546054188603248,25.047334832114718,3,False,False,653.839106667836
low_6p0s_rep1,140,4.664664862426703,3.7317318899413623,False,-322.06768798828125,-326.0325622558594,-68.00276184082031,-328.4381103515625,184.65805053710938,-330.9725036621094,-68.47079976399739,-328.48105875651044,0.5585444080628633,24.637597914938482,3,False,False,653.839106667836
low_6p0s_rep1,141,4.6979838971583225,3.765050924672982,False,-323.0338439941406,-326.1195373535156,-68.90806579589844,-328.5500183105469,183.65786743164062,-331.2257385253906,-69.42801411946614,-328.6317647298177,0.5773804200268283,25.129668428582573,3,False,False,653.839106667836
low_6p0s_rep1,142,4.7313029318899416,3.798369959404601,False,-324.1543273925781,-326.05010986328125,-70.16116333007812,-328.5601806640625,182.593505859375,-331.2701721191406,-70.57399495442708,-328.62682088216144,0.5901889225856672,26.743176412757013,3,False,False,653.839106667836
low_6p0s_rep1,143,4.764621966621561,3.83168899413622,False,-325.2160949707031,-325.990234375,-71.20272064208984,-328.6859130859375,181.51348876953125,-331.2455749511719,-71.6351089477539,-328.6405741373698,0.5941986605095981,26.783911965213157,3,False,False,653.839106667836
low_6p0s_rep1,144,4.7979410013531805,3.86500802886784,False,-325.82403564453125,-326.1206359863281,-71.93402862548828,-328.5768127441406,180.89260864257812,-331.2275390625,-72.28848520914714,-328.64166259765625,0.5774313701953584,26.901539021407327,3,False,False,653.839106667836
low_6p0s_rep1,145,4.8312600360847995,3.898327063599459,False,-326.55133056640625,-325.9548034667969,-72.46257019042969,-328.54840087890625,180.2196502685547,-331.3408203125,-72.93141682942708,-328.6146748860677,0.6089228207104872,27.258740280431358,3,False,False,653.839106667836
low_6p0s_rep1,146,4.8645790708164185,3.931646098331078,False,-327.4488830566406,-326.11492919921875,-73.4790267944336,-328.63348388671875,179.2532958984375,-331.4455261230469,-73.89153798421223,-328.73131306966144,0.6027395422054302,28.05488104679412,3,False,False,653.839106667836
low_6p0s_rep1,147,4.897898105548038,3.964965133062698,False,-328.6695556640625,-326.18927001953125,-74.6609115600586,-328.7655944824219,178.1090545654297,-331.61590576171875,-75.0738042195638,-328.85692342122394,0.6135054552080558,29.415320270008024,3,False,False,653.839106667836
low_6p0s_rep1,148,4.931217140279657,3.998284167794317,False,-329.80218505859375,-326.2179870605469,-75.79759979248047,-328.9952087402344,176.94683837890625,-331.6995849609375,-76.21764882405598,-328.97092692057294,0.6197548707292417,29.567927846514305,3,False,False,653.839106667836
low_6p0s_rep1,149,4.964536175011276,4.031603202525936,False,-330.5643310546875,-326.2321472167969,-76.7387924194336,-328.9894714355469,176.14244079589844,-331.8204650878906,-77.05356089274089,-329.01402791341144,0.6318724470136011,27.584441516035888,3,False,False,653.839106667836
low_6p0s_rep1,150,4.997855209742896,4.064922237257556,False,-331.49407958984375,-326.2698059082031,-77.6072769165039,-328.84210205078125,175.1996307373047,-331.7245178222656,-77.96724192301433,-328.9454752604167,0.6167826683270418,25.593627823677238,3,False,False,653.839106667836
low_6p0s_rep1,151,5.031174244474515,4.098241271989175,False,-332.2119445800781,-326.20166015625,-78.35321807861328,-328.7712707519531,174.44277954101562,-331.5629577636719,-78.70746103922527,-328.8452962239583,0.6062674370244939,25.05657036115221,3,False,False,653.839106667836
low_6p0s_rep1,152,5.064493279206134,4.131560306720794,False,-332.9681701660156,-326.1857604980469,-79.116455078125,-328.87921142578125,173.73837280273438,-331.5856628417969,-79.44875081380208,-328.883544921875,0.6105701747215906,24.551135044744463,3,False,False,653.839106667836
low_6p0s_rep1,153,5.097812313937754,4.164879341452414,False,-333.8608703613281,-326.2156677246094,-80.08074188232422,-328.76971435546875,172.8308563232422,-331.309814453125,-80.37025197347005,-328.7650655110677,0.576017446185735,24.36202041420018,3,False,False,653.839106667836
low_6p0s_rep1,154,5.131131348669373,4.198198376184033,False,-334.6817932128906,-326.1393737792969,-80.9925308227539,-328.734375,171.92562866210938,-331.258056640625,-81.24956512451172,-328.7106018066406,0.5788879761977078,24.590420390161754,3,False,False,653.839106667836
low_6p0s_rep1,155,5.164450383400992,4.231517410915652,False,-335.4100341796875,-326.14434814453125,-81.71817779541016,-328.7802734375,171.27389526367188,-331.39764404296875,-81.9514389038086,-328.7740885416667,0.5940210092641093,25.058333507604626,3,False,False,653.839106667836
low_6p0s_rep1,156,5.197769418132612,4.264836445647272,False,-336.22088623046875,-326.0313720703125,-82.64604187011719,-328.7545166015625,170.34556579589844,-331.40087890625,-82.8404541015625,-328.7289225260417,0.6073014847501733,25.993839170407995,3,False,False,653.839106667836
low_6p0s_rep1,157,5.231088452864231,4.298155480378891,False,-337.02093505859375,-325.89080810546875,-83.22032165527344,-328.6007995605469,169.714111328125,-331.3537292480469,-83.50904846191406,-328.6151123046875,0.617660456783562,27.34409641367469,3,False,False,653.839106667836
low_6p0s_rep1,158,5.26440748759585,4.33147451511051,False,-338.1593017578125,-325.8302917480469,-84.4010009765625,-328.6348571777344,168.58285522460938,-331.3397521972656,-84.65914916992188,-328.6016337076823,0.6229132302367828,28.840610853151325,3,False,False,653.839106667836
low_6p0s_rep1,159,5.29772652232747,4.36479354984213,False,-339.1457824707031,-325.7405090332031,-85.32500457763672,-328.5766296386719,167.60609436035156,-331.4063415527344,-85.62156422932942,-328.5744934082031,0.6405793044725157,29.999311011913807,3,False,False,653.839106667836
low_6p0s_rep1,160,5.331045557059089,4.398112584573749,False,-340.158447265625,-325.705810546875,-86.4538345336914,-328.5844421386719,166.54159545898438,-331.3237609863281,-86.69022878011067,-328.5380045572917,0.6352311700790118,29.42311322467484,3,False,False,653.839106667836
low_6p0s_rep1,161,5.364364591790708,4.431431619305368,False,-341.193115234375,-325.6255798339844,-87.4715347290039,-328.5205078125,165.5314178466797,-331.3821105957031,-87.71107737223308,-328.5093994140625,0.6508678941631698,27.70085497791858,3,False,False,653.839106667836
low_6p0s_rep1,162,5.397683626522328,4.464750654036988,False,-342.2501525878906,-325.6270751953125,-88.27484130859375,-328.42376708984375,164.62327575683594,-331.2420654296875,-88.63390604654948,-328.43096923828125,0.6346793215312841,26.426687808183544,3,False,False,653.839106667836
low_6p0s_rep1,163,5.431002661253947,4.498069688768607,False,-342.84442138671875,-325.5278015136719,-89.11953735351562,-328.4390563964844,163.95059204101562,-331.25811767578125,-89.33778889973958,-328.4083251953125,0.6478140707292104,25.606771279050715,3,False,False,653.839106667836
low_6p0s_rep1,164,5.464321695985566,4.531388723500226,False,-343.7662353515625,-325.4539794921875,-89.84072875976562,-328.32470703125,163.08921813964844,-331.25836181640625,-90.17258199055989,-328.34568277994794,0.6561083062803799,27.03092801995371,3,False,False,653.839106667836
low_6p0s_rep1,165,5.497640730717186,4.564707758231846,False,-344.52490234375,-325.4867858886719,-90.72916412353516,-328.2826843261719,162.42108154296875,-331.09173583984375,-90.94432830810547,-328.2870686848958,0.6334538632587196,30.8639168158512,3,False,False,653.839106667836
low_6p0s_rep1,166,5.530959765448805,4.598026792963465,False,-345.6015319824219,-325.420654296875,-91.6728515625,-328.24365234375,161.3076629638672,-331.15570068359375,-91.98890686035156,-328.27333577473956,0.6482027501168955,33.09044258071553,3,False,False,653.839106667836
low_6p0s_rep1,167,5.564278800180424,4.631345827695084,False,-346.90948486328125,-325.2274475097656,-93.03667449951172,-328.1492614746094,159.8585968017578,-330.9683532714844,-93.36252085367839,-328.1150207519531,0.6490456142357595,30.71377459131044,3,False,False,653.839106667836
low_6p0s_rep1,168,5.597597834912044,4.6646648624267035,False,-348.5119323730469,-325.109619140625,-94.54772186279297,-327.87921142578125,158.38145446777344,-330.81610107421875,-94.89273325602214,-327.9349772135417,0.6449946431794369,26.22658976748655,3,False,False,653.839106667836
low_6p0s_rep1,169,5.630916869643663,4.6979838971583225,False,-349.24884033203125,-325.0843200683594,-95.35321807861328,-327.99542236328125,157.6728973388672,-330.9023742675781,-95.64305369059245,-327.99403889973956,0.6575676084757518,22.727858428723987,3,False,False,653.839106667836
low_6p0s_rep1,170,5.664235904375282,4.7313029318899416,False,-349.3685302734375,-325.10467529296875,-95.34098052978516,-327.9618225097656,157.58734130859375,-330.9208984375,-95.70738983154297,-327.9957987467448,0.6573164203846716,20.294739222161898,3,False,False,653.839106667836
low_6p0s_rep1,171,5.697554939106902,4.7646219666215615,False,-349.48223876953125,-324.9443054199219,-95.70609283447266,-327.9466552734375,157.2954559326172,-330.8114318847656,-95.96429189046223,-327.9007975260417,0.6633018184643564,17.850369462045332,3,False,False,653.839106667836
low_6p0s_rep1,172,5.730873973838521,4.7979410013531805,False,-350.6029357910156,-324.9668273925781,-96.67948913574219,-327.90777587890625,156.4029083251953,-330.7823486328125,-96.9598388671875,-327.8856506347656,0.6571723278674131,15.93446277958083,3,False,False,653.839106667836
low_6p0s_rep1,173,5.76419300857014,4.8312600360847995,False,-351.768310546875,-325.04107666015625,-97.6745834350586,-327.8099670410156,155.27061462402344,-330.80792236328125,-98.05742645263672,-327.8863220214844,0.6516298005072447,15.39870287072228,3,False,False,653.839106667836
low_6p0s_rep1,174,5.79751204330176,4.864579070816419,False,-352.0804748535156,-324.94659423828125,-98.04383087158203,-327.8088684082031,154.8465118408203,-330.7939453125,-98.42593129475911,-327.8498026529948,0.6608716618279836,16.94593639321809,3,False,False,653.839106667836
low_6p0s_rep1,175,5.830831078033379,4.897898105548038,False,-351.8529968261719,-325.0553894042969,-97.8529281616211,-327.85589599609375,155.0047607421875,-330.8426208496094,-98.23372141520183,-327.91796875,0.6541668225373125,21.43188472472471,3,False,False,653.839106667836
low_6p0s_rep1,176,5.864150112764998,4.931217140279657,False,-352.1883850097656,-324.798095703125,-98.22622680664062,-327.8677062988281,154.70863342285156,-330.8370056152344,-98.56865946451823,-327.8342692057292,0.68256010600837,29.843703796637204,3,False,False,653.839106667836
low_6p0s_rep1,177,5.897469147496618,4.964536175011277,False,-353.6523132324219,-324.625,-99.63275146484375,-327.7879333496094,153.2799835205078,-330.9530334472656,-100.00169372558594,-327.7886555989583,0.7151857964828902,39.97903287296064,3,False,False,653.839106667836
low_6p0s_rep1,178,5.930788182228237,4.997855209742896,False,-355.80499267578125,-324.9242248535156,-101.7835693359375,-327.8827819824219,151.11915588378906,-330.89739990234375,-102.15646870930989,-327.90146891276044,0.6750948514862355,46.78195409254906,3,False,False,653.839106667836
low_6p0s_rep1,179,5.964107216959856,5.031174244474515,False,-357.95330810546875,-325.1583251953125,-103.86305236816406,-327.9129638671875,149.00479125976562,-330.7880859375,-104.27052307128906,-327.953125,0.6362424667508363,47.479099146833825,3,False,False,653.839106667836
low_6p0s_rep1,180,5.997426251691475,5.064493279206134,False,-359.4661560058594,-325.2092590332031,-105.31767272949219,-327.8867492675781,147.65455627441406,-330.5086975097656,-105.70975748697917,-327.8682352701823,0.5987221566216027,42.7153064120065,3,False,False,653.839106667836
low_6p0s_rep1,181,6.030745286423095,5.097812313937754,False,-360.4139709472656,-325.30377197265625,-106.35987091064453,-327.8839416503906,146.7340850830078,-330.4917907714844,-106.67991892496745,-327.89316813151044,0.5861034254862465,34.6024742355082,3,False,False,653.839106667836
low_6p0s_rep1,182,6.064064321154714,5.131131348669373,False,-361.4212646484375,-325.0993957519531,-107.385986328125,-327.7794189453125,145.67721557617188,-330.4286193847656,-107.7100118001302,-327.76914469401044,0.602113383886965,27.846730540697145,3,False,False,653.839106667836
low_6p0s_rep1,183,6.097383355886333,5.164450383400992,False,-362.35205078125,-324.9605712890625,-108.40743255615234,-327.77459716796875,144.71804809570312,-330.4576110839844,-108.68047841389973,-327.7309265136719,0.6211071081216266,25.140453389351116,3,False,False,653.839106667836
low_6p0s_rep1,184,6.1307023906179525,5.197769418132612,False,-362.9718017578125,-325.029052734375,-109.00312042236328,-327.7271728515625,144.1477508544922,-330.35687255859375,-109.27572377522786,-327.70436604817706,0.6019297773575858,23.42511797303793,3,False,False,653.839106667836
low_6p0s_rep1,185,6.1640214253495715,5.231088452864231,False,-363.7312927246094,-325.0273742675781,-109.65228271484375,-327.7085876464844,143.43511962890625,-330.432373046875,-109.98281860351562,-327.7227783203125,0.6105922775547771,22.059564861844734,3,False,False,653.839106667836
low_6p0s_rep1,186,6.1973404600811905,5.26440748759585,False,-364.4232177734375,-325.0394592285156,-110.51457977294922,-327.7559814453125,142.58755493164062,-330.5595397949219,-110.78341420491536,-327.7849934895833,0.6237832409379657,22.79880408360176,3,False,False,653.839106667836
low_6p0s_rep1,187,6.2306594948128105,5.29772652232747,False,-365.04791259765625,-325.0385437011719,-111.130615234375,-327.8888854980469,141.94390869140625,-330.7251281738281,-111.41153971354167,-327.8841857910156,0.6426210724318542,24.9749160721923,3,False,False,653.839106667836
low_6p0s_rep1,188,6.2639785295444295,5.331045557059089,False,-366.0310974121094,-325.0372619628906,-112.03253173828125,-327.85906982421875,141.07667541503906,-330.71533203125,-112.32898457845052,-327.8705546061198,0.6415122650520164,26.32097534771482,3,False,False,653.839106667836
low_6p0s_rep1,189,6.2972975642760485,5.364364591790708,False,-366.9171447753906,-325.0145263671875,-112.93468475341797,-327.83660888671875,140.18115234375,-330.5860595703125,-113.2235590616862,-327.81239827473956,0.6294883960148014,26.871954797813252,3,False,False,653.839106667836
low_6p0s_rep1,190,6.330616599007668,5.397683626522328,False,-368.0463562011719,-325.004638671875,-113.98495483398438,-327.7412109375,138.962158203125,-330.6380615234375,-114.35638427734375,-327.7946370442708,0.6365930012484219,28.31787227696848,3,False,False,653.839106667836
low_6p0s_rep1,191,6.363935633739287,5.431002661253947,False,-368.827392578125,-324.82916259765625,-114.87080383300781,-327.5918884277344,138.15896606445312,-330.62298583984375,-115.17974344889323,-327.6813456217448,0.6547457604614809,30.29846582603736,3,False,False,653.839106667836
low_6p0s_rep1,192,6.397254668470906,5.464321695985566,False,-369.6087341308594,-324.6231689453125,-115.61702728271484,-327.4330749511719,137.3197021484375,-330.6183776855469,-115.96868642171223,-327.55820719401044,0.6775791612708524,31.48300256809848,3,False,False,653.839106667836
low_6p0s_rep1,193,6.430573703202526,5.497640730717186,False,-370.8291931152344,-324.5188903808594,-116.87691497802734,-327.3258361816406,136.08486938476562,-330.2493896484375,-117.2070795694987,-327.3647054036458,0.6476826376741266,33.30578306065841,3,False,False,653.839106667836
low_6p0s_rep1,194,6.463892737934145,5.530959765448805,False,-372.0632629394531,-324.299072265625,-118.14656829833984,-327.1450500488281,134.88796997070312,-330.01470947265625,-118.44062042236328,-327.15294392903644,0.6459556522059852,36.35941532850105,3,False,False,653.839106667836
low_6p0s_rep1,195,6.497211772665764,5.564278800180424,False,-373.27996826171875,-324.35791015625,-119.236083984375,-327.0965881347656,133.6285858154297,-329.9955139160156,-119.62915547688802,-327.15000406901044,0.6371910333681355,37.16418864307976,3,False,False,653.839106667836
low_6p0s_rep1,196,6.530530807397384,5.597597834912044,False,-374.59649658203125,-324.368896484375,-120.7365493774414,-327.0201721191406,132.3206329345703,-329.8130187988281,-121.00413767496745,-327.06736246744794,0.6153140659529454,35.651729558843506,3,False,False,653.839106667836
low_6p0s_rep1,197,6.563849842129003,5.630916869643663,False,-375.8427734375,-324.28594970703125,-121.9637680053711,-326.8973083496094,131.02984619140625,-329.8836669921875,-122.25889841715495,-327.0223083496094,0.6327280762701813,34.85705426485679,3,False,False,653.839106667836
low_6p0s_rep1,198,6.597168876860622,5.664235904375282,False,-376.9821472167969,-324.28375244140625,-123.01889038085938,-326.8822937011719,130.10218811035156,-329.8076171875,-123.29961649576823,-326.99122111002606,0.6241202821344943,33.26227684949051,3,False,False,653.839106667836
low_6p0s_rep1,199,6.630487911592242,5.697554939106902,False,-377.829345703125,-324.1131896972656,-123.98429107666016,-326.7567138671875,129.13294982910156,-329.5606994628906,-124.22689565022786,-326.81020100911456,0.615642049148678,29.656077536475404,3,False,False,653.839106667836
low_6p0s_rep1,200,6.663806946323861,5.730873973838521,False,-378.9003601074219,-323.8791198730469,-125.25126647949219,-326.598876953125,127.7808837890625,-329.4325256347656,-125.45691426595052,-326.6368408203125,0.627956877489809,25.910116428250703,3,False,False,653.839106667836
low_6p0s_rep1,201,6.69712598105548,5.76419300857014,False,-379.942626953125,-323.9295654296875,-125.92530822753906,-326.4775085449219,127.09078979492188,-329.3948059082031,-126.25904846191406,-326.6006266276042,0.6175590737632862,22.883625930041134,3,False,False,653.839106667836
low_6p0s_rep1,202,6.7304450157871,5.79751204330176,False,-380.54296875,-323.8402099609375,-126.62104797363281,-326.2742614746094,126.50869750976562,-329.26300048828125,-126.88510640462239,-326.4591573079427,0.6127406456952004,12.659933449035448,3,False,False,653.839106667836
low_6p0s_rep1,203,6.763764050518719,5.830831078033379,False,-380.8245849609375,-323.4606018066406,-127.09132385253906,-326.0871276855469,125.9966812133789,-329.11480712890625,-127.30640920003255,-326.22084554036456,0.639177327133593,-3.5570907230763917,3,False,False,653.839106667836
low_6p0s_rep1,204,6.797083085250338,5.864150112764998,False,-381.364501953125,-323.5545654296875,-127.59822845458984,-326.32281494140625,125.4286117553711,-329.866455078125,-127.84470621744792,-326.58127848307294,0.7135573285738277,-15.552409551510646,3,False,False,653.839106667836
low_6p0s_rep1,205,6.830402119981958,5.897469147496618,False,-379.6706237792969,-323.5804443359375,-125.80013275146484,-326.2437744140625,127.29894256591797,-329.7696533203125,-126.05727132161458,-326.5312906901042,0.6994462014968504,-21.893310073835202,3,False,False,653.839106667836
low_6p0s_rep1,206,6.863721154713577,5.930788182228237,False,-378.09100341796875,-323.17626953125,-124.21031951904297,-326.4349365234375,128.8808135986328,-330.2042236328125,-124.47350311279297,-326.6051432291667,0.7942183450505073,-22.418033143861066,3,False,False,653.839106667836
low_6p0s_rep1,207,6.897040189445196,5.964107216959856,False,-377.1243896484375,-321.5870361328125,-123.24859619140625,-326.543212890625,129.90676879882812,-331.4959411621094,-123.48873901367188,-326.5420633951823,1.1195883455772173,-15.405381455770023,3,False,False,653.839106667836
low_6p0s_rep1,208,6.930359224176816,5.997426251691476,True,-377.1330871582031,-321.7435302734375,-123.14955139160156,-326.8398132324219,130.0582275390625,-332.24658203125,-123.40813700358073,-326.9433085123698,1.1863265822224458,-3.641981263533787,3,False,False,653.839106667836
low_6p0s_rep1,209,6.963678258908435,6.030745286423095,True,-377.9640808105469,-322.2546081542969,-123.99938201904297,-327.3861999511719,129.1429443359375,-332.8086853027344,-124.27350616455078,-327.48316446940106,1.1922863620075315,8.474803853413455,3,False,False,653.839106667836
low_6p0s_rep1,210,6.996997293640054,6.064064321154714,True,-378.2591247558594,-322.47552490234375,-124.27252960205078,-327.5057373046875,129.04501342773438,-332.6785583496094,-124.49554697672527,-327.5532735188802,1.1521923575483626,18.470653543267318,3,False,False,653.839106667836
low_6p0s_rep1,211,7.030316328371674,6.0973833558863335,True,-378.55841064453125,-322.531005859375,-124.61968231201172,-327.5487060546875,128.71282958984375,-332.85162353515625,-124.8217544555664,-327.64377848307294,1.1655426485066493,21.98977173992945,3,False,False,653.839106667836
low_6p0s_rep1,212,7.063635363103293,6.1307023906179525,True,-379.67645263671875,-322.8638610839844,-125.72035217285156,-327.6976623535156,127.5041732788086,-332.6558837890625,-125.9642105102539,-327.7391357421875,1.1060593624941266,23.64136674054711,3,False,False,653.839106667836
low_6p0s_rep1,213,7.096954397834912,6.1640214253495715,False,-380.85052490234375,-323.2732849121094,-126.90335845947266,-327.8374938964844,126.49315643310547,-332.6574401855469,-127.08690897623698,-327.92273966471356,1.0596587808427915,26.370839571847668,3,False,False,653.839106667836
low_6p0s_rep1,214,7.130273432566532,6.197340460081191,False,-381.6003723144531,-323.20074462890625,-127.79264831542969,-327.7539978027344,125.62847900390625,-332.312255859375,-127.92151387532552,-327.7556660970052,1.029111408133278,26.45386010849186,3,False,False,653.839106667836
low_6p0s_rep1,215,7.163592467298151,6.2306594948128105,False,-382.4806823730469,-323.29168701171875,-128.6300506591797,-327.65447998046875,124.9368896484375,-332.2513427734375,-128.72461446126303,-327.7325032552083,1.0115871978007798,24.781229473141497,3,False,False,653.839106667836
low_6p0s_rep1,216,7.19691150202977,6.2639785295444295,False,-383.1292419433594,-323.4631042480469,-129.2443084716797,-327.67694091796875,124.2359619140625,-332.1743469238281,-129.3791961669922,-327.77146402994794,0.9836472798704905,24.705864503128517,3,False,False,653.839106667836
low_6p0s_rep1,217,7.23023053676139,6.297297564276049,False,-383.8754577636719,-323.3460388183594,-130.0669403076172,-327.53570556640625,123.27957916259766,-332.06329345703125,-130.22093963623047,-327.6483459472656,0.9847338271345075,25.509332631371937,3,False,False,653.839106667836
low_6p0s_rep1,218,7.263549571493009,6.330616599007668,False,-384.81207275390625,-323.3320617675781,-130.95045471191406,-327.5451354980469,122.50138854980469,-331.90325927734375,-131.08704630533853,-327.59348551432294,0.9679355281861372,25.319607387338582,3,False,False,653.839106667836
low_6p0s_rep1,219,7.296868606224628,6.363935633739287,False,-385.805908203125,-323.45733642578125,-132.02658081054688,-327.546875,121.37309265136719,-331.94451904296875,-132.15313212076822,-327.6495768229167,0.9587036524670207,23.214494482306417,3,False,False,653.839106667836
low_6p0s_rep1,220,7.330187640956248,6.397254668470907,False,-386.7303466796875,-323.7086486816406,-132.87779235839844,-327.5412902832031,120.6307601928711,-331.9647521972656,-132.99245961507162,-327.7382303873698,0.9322711840511225,22.53054631207531,3,False,False,653.839106667836
low_6p0s_rep1,221,7.363506675687867,6.430573703202526,False,-387.2716979980469,-323.4570007324219,-133.3963623046875,-327.44439697265625,120.02526092529297,-331.7820129394531,-133.54759979248047,-327.56113688151044,0.9401697445274383,23.183017356892705,3,False,False,653.839106667836
low_6p0s_rep1,222,7.396825710419486,6.463892737934145,False,-387.4875793457031,-323.34918212890625,-133.61634826660156,-327.26531982421875,119.74178314208984,-331.6014404296875,-133.78738149007162,-327.4053141276042,0.9320790491822731,22.6154902812131,3,False,False,653.839106667836
low_6p0s_rep1,223,7.430144745151106,6.497211772665765,False,-388.68109130859375,-323.22900390625,-134.8820037841797,-327.3524475097656,118.48040008544922,-331.7751159667969,-135.0275650024414,-327.4521891276042,0.9653923301930248,23.215021136441347,3,False,False,653.839106667836
low_6p0s_rep1,224,7.463463779882725,6.530530807397384,False,-389.6972351074219,-323.24725341796875,-135.7698516845703,-327.21331787109375,117.65617370605469,-331.6153564453125,-135.93697102864584,-327.358642578125,0.9449301169449217,24.93627950360814,3,False,False,653.839106667836
low_6p0s_rep1,225,7.496782814614344,6.563849842129003,False,-390.4580383300781,-323.28399658203125,-136.59414672851562,-327.2635803222656,116.8205337524414,-331.6091003417969,-136.74388376871744,-327.38555908203125,0.9402141536992433,25.28681744292141,3,False,False,653.839106667836
low_6p0s_rep1,226,7.5301018493459635,6.597168876860623,False,-391.3128662109375,-323.30963134765625,-137.42466735839844,-327.1435852050781,116.1439437866211,-331.552490234375,-137.53119659423828,-327.3352355957031,0.9306003692163808,23.55469778830032,3,False,False,653.839106667836
low_6p0s_rep1,227,7.5634208840775825,6.630487911592242,False,-391.8576965332031,-323.1300354003906,-138.0254364013672,-327.1565856933594,115.54619598388672,-331.4880676269531,-138.11231231689453,-327.2582295735677,0.9436992383378944,22.423284419875326,3,False,False,653.839106667836
low_6p0s_rep1,228,7.5967399188092015,6.663806946323861,False,-392.9132995605469,-323.17510986328125,-138.92881774902344,-327.0307922363281,114.45824432373047,-331.672119140625,-139.12795766194662,-327.2926737467448,0.9594492819810824,22.574250972627386,3,False,False,653.839106667836
low_6p0s_rep1,229,7.630058953540821,6.697125981055481,False,-393.48974609375,-323.1990966796875,-139.53594970703125,-327.0617980957031,113.97136688232422,-331.5948486328125,-139.68477630615234,-327.2852478027344,0.9478504987769157,23.254321747196048,3,False,False,653.839106667836
low_6p0s_rep1,230,7.66337798827244,6.7304450157871,False,-394.3467712402344,-323.4532165527344,-140.24807739257812,-327.1355285644531,113.19294738769531,-331.4111022949219,-140.46730041503906,-327.3332824707031,0.898286166702112,23.71855591836129,3,False,False,653.839106667836
low_6p0s_rep1,231,7.6966970230040594,6.763764050518719,False,-395.1366271972656,-323.54376220703125,-141.1658477783203,-327.24639892578125,112.31456756591797,-331.3476257324219,-141.3293024698893,-327.37926228841144,0.8810565526702293,23.758848776037926,3,False,False,653.839106667836
low_6p0s_rep1,232,7.730016057735679,6.797083085250339,False,-395.9969177246094,-323.2631530761719,-141.84344482421875,-327.1278991699219,111.65339660644531,-331.25164794921875,-142.06232198079428,-327.2142333984375,0.9015443370088206,24.017779426503072,3,False,False,653.839106667836
low_6p0s_rep1,233,7.763335092467298,6.830402119981958,False,-396.9414978027344,-323.28118896484375,-142.80783081054688,-326.83477783203125,110.5071029663086,-331.22607421875,-143.08074188232422,-327.114013671875,0.896979918601544,24.556340524746922,3,False,False,653.839106667836
low_6p0s_rep1,234,7.796654127198917,6.863721154713577,False,-397.5965576171875,-323.3131103515625,-143.41561889648438,-326.84466552734375,110.06754302978516,-331.1216735839844,-143.64821116129556,-327.09314982096356,0.8812174014509782,25.4049253572385,3,False,False,653.839106667836
low_6p0s_rep1,235,7.829973161930537,6.897040189445197,False,-398.255615234375,-323.067138671875,-144.4161834716797,-327.0186767578125,109.15272521972656,-331.001953125,-144.50635782877603,-327.0292561848958,0.8959141766843473,25.399658815887047,3,False,False,653.839106667836
low_6p0s_rep1,236,7.863292196662156,6.930359224176816,False,-399.29010009765625,-323.31427001953125,-145.30874633789062,-327.1120910644531,108.18230438232422,-331.18255615234375,-145.47218068440756,-327.2029724121094,0.888291585681024,25.687868383200875,3,False,False,653.839106667836
low_6p0s_rep1,237,7.896611231393775,6.963678258908435,False,-400.2785949707031,-323.4365539550781,-146.16343688964844,-326.9652404785156,107.2896728515625,-330.9808654785156,-146.38411966959634,-327.12755330403644,0.8515610779973859,26.240153019634594,3,False,False,653.839106667836
low_6p0s_rep1,238,7.929930266125395,6.996997293640055,False,-401.115234375,-323.2840881347656,-147.08741760253906,-326.98150634765625,106.53705596923828,-331.0643615722656,-147.22186533610025,-327.1099853515625,0.8780457462440256,26.785072130844878,3,False,False,653.839106667836
low_6p0s_rep1,239,7.963249300857014,7.030316328371674,False,-402.0220642089844,-323.40960693359375,-147.9376983642578,-327.11102294921875,105.76165008544922,-331.0774230957031,-148.066037495931,-327.19935099283856,0.8651323449431061,28.945361597373353,3,False,False,653.839106667836
low_6p0s_rep1,240,7.996568335588633,7.063635363103293,False,-402.6925048828125,-323.4818420410156,-148.7156219482422,-327.0292663574219,104.91363525390625,-331.07293701171875,-148.8314971923828,-327.19468180338544,0.8567770365439172,31.26628057513455,3,False,False,653.839106667836
low_6p0s_rep1,241,8.029887370320253,7.096954397834913,False,-404.0094299316406,-323.6069641113281,-149.949951171875,-327.2759094238281,103.74467468261719,-331.0712890625,-150.07156880696616,-327.31805419921875,0.8422256138155301,30.64980519555678,3,False,False,653.839106667836
low_6p0s_rep1,242,8.063206405051872,7.130273432566532,False,-405.363525390625,-323.7841491699219,-151.27862548828125,-327.2008361816406,102.35501098632812,-330.97406005859375,-151.42904663085938,-327.31968180338544,0.8113235684927766,28.670913731591106,3,False,False,653.839106667836
low_6p0s_rep1,243,8.096525439783491,7.163592467298151,False,-406.5482482910156,-323.8793640136719,-152.4088897705078,-327.14447021484375,101.17345428466797,-330.8208312988281,-152.5945612589518,-327.28155517578125,0.7832873790666226,27.969944710325354,3,False,False,653.839106667836
low_6p0s_rep1,244,8.12984447451511,7.19691150202977,False,-406.837158203125,-323.8841552734375,-152.79551696777344,-327.1731262207031,100.9159927368164,-330.9383850097656,-152.9055608113607,-327.33188883463544,0.7959607726412262,26.07527211197815,3,False,False,653.839106667836
low_6p0s_rep1,245,8.16316350924673,7.230230536761389,False,-407.45343017578125,-323.5977478027344,-153.32827758789062,-326.9817810058594,100.14717102050781,-330.95562744140625,-153.5448455810547,-327.1783854166667,0.8304677446650943,22.948648634065513,3,False,False,653.839106667836
low_6p0s_rep1,246,8.19648254397835,7.26354957149301,False,-408.5940246582031,-323.6162414550781,-154.50794982910156,-327.0303955078125,99.06936645507812,-330.8594970703125,-154.6775360107422,-327.16871134440106,0.817431050166739,22.007937491259046,3,False,False,653.839106667836
low_6p0s_rep1,247,8.229801578709969,7.296868606224629,False,-409.3777160644531,-323.5928955078125,-155.4043426513672,-326.8533935546875,98.24873352050781,-330.70745849609375,-155.5111083984375,-327.05124918619794,0.8029679013645126,24.435568809079502,3,False,False,653.839106667836
low_6p0s_rep1,248,8.263120613441588,7.330187640956248,False,-410.0697937011719,-323.65557861328125,-155.99298095703125,-326.8894958496094,97.58647155761719,-330.749267578125,-156.1587677001953,-327.0981140136719,0.8005652969735353,26.310778102430632,3,False,False,653.839106667836
low_6p0s_rep1,249,8.296439648173207,7.363506675687867,False,-410.586181640625,-323.5425720214844,-156.5095977783203,-326.847412109375,97.0732192993164,-330.5711669921875,-156.67418670654297,-326.98705037434894,0.7932150938635268,26.697639911734928,3,False,False,653.839106667836
low_6p0s_rep1,250,8.329758682904826,7.396825710419486,False,-411.8467712402344,-323.66229248046875,-157.77577209472656,-326.8827819824219,95.8687973022461,-330.59393310546875,-157.91791534423828,-327.0463358561198,0.78218810813156,25.629508998887474,3,False,False,653.839106667836
low_6p0s_rep1,251,8.363077717636445,7.430144745151105,False,-412.90911865234375,-323.6293640136719,-158.89515686035156,-326.82989501953125,94.59138488769531,-330.4808654785156,-159.07096354166666,-326.98004150390625,0.7734736562446733,22.963814746625424,3,False,False,653.839106667836
low_6p0s_rep1,252,8.396396752368066,7.4634637798827255,False,-413.90728759765625,-323.6053771972656,-159.85096740722656,-326.87127685546875,93.71902465820312,-330.5477600097656,-160.01307678222656,-327.0081380208333,0.7835378679861146,19.444666019288693,3,False,False,653.839106667836
low_6p0s_rep1,253,8.429715787099685,7.4967828146143445,False,-414.0822448730469,-323.6121826171875,-160.0262451171875,-326.84100341796875,93.51957702636719,-330.4701232910156,-160.19630432128906,-326.9744364420573,0.774045984108011,19.519573029182414,3,False,False,653.839106667836
low_6p0s_rep1,254,8.463034821831304,7.5301018493459635,False,-414.1319885253906,-323.6343994140625,-160.1358642578125,-326.88494873046875,93.40393829345703,-330.4947814941406,-160.28797149658203,-327.0047098795573,0.7744220291037959,24.813393538730264,3,False,False,653.839106667836
low_6p0s_rep1,255,8.496353856562923,7.5634208840775825,False,-414.7077941894531,-323.6270751953125,-160.6488037109375,-326.9289245605469,93.00788116455078,-330.51416015625,-160.78290557861328,-327.0233866373698,0.7771607621800874,27.648250625749,3,False,False,653.839106667836
low_6p0s_rep1,256,8.529672891294542,7.5967399188092015,False,-416.6557922363281,-323.5931701660156,-162.50390625,-326.8017272949219,91.03057861328125,-330.3586730957031,-162.70970662434897,-326.91785685221356,0.7634867561211643,26.937427829285948,3,False,False,653.839106667836
low_6p0s_rep1,257,8.56299192602616,7.6300589535408205,False,-418.5467529296875,-323.3918762207031,-164.466064453125,-326.65704345703125,89.08706665039062,-330.2634582519531,-164.64191691080728,-326.7707926432292,0.775536595270601,26.3683665872127,3,False,False,653.839106667836
low_6p0s_rep1,258,8.596310960757782,7.663377988272441,False,-418.6986389160156,-323.22869873046875,-164.6314697265625,-326.5829162597656,88.99132537841797,-330.2057189941406,-164.77959442138672,-326.6724446614583,0.7873479478634452,22.179382493934483,3,False,False,653.839106667836
low_6p0s_rep1,259,8.6296299954894,7.69669702300406,False,-418.6279602050781,-323.2926025390625,-164.51266479492188,-326.59521484375,89.1007080078125,-330.14739990234375,-164.67997233072916,-326.67840576171875,0.7734979777672797,16.300441607525016,3,False,False,653.839106667836
low_6p0s_rep1,260,8.66294903022102,7.730016057735679,False,-419.0519104003906,-323.2819519042969,-165.0420379638672,-326.59124755859375,88.56417846679688,-330.0878601074219,-165.1765899658203,-326.6536865234375,0.7681522722023896,17.4802537277066,3,False,False,653.839106667836
low_6p0s_rep1,261,8.696268064952639,7.763335092467298,False,-419.614501953125,-323.19781494140625,-165.49224853515625,-326.37506103515625,87.98881530761719,-330.0531005859375,-165.7059783935547,-326.5419921875,0.7737440720552345,23.33444950243092,3,False,False,653.839106667836
low_6p0s_rep1,262,8.729587099684258,7.796654127198917,False,-421.1068115234375,-323.0558776855469,-166.90403747558594,-326.2060852050781,86.78046417236328,-329.9509582519531,-167.07679494222006,-326.40430704752606,0.777800048570799,27.687688624538882,3,False,False,653.839106667836
low_6p0s_rep1,263,8.762906134415877,7.829973161930536,False,-422.21173095703125,-323.1777038574219,-167.85800170898438,-326.188232421875,85.56282806396484,-329.9636535644531,-168.1689682006836,-326.4431966145833,0.7656609157545257,31.920178928984797,3,False,False,653.839106667836
low_6p0s_rep1,264,8.796225169147498,7.863292196662157,False,-423.0146789550781,-323.0621032714844,-168.88815307617188,-326.2392578125,84.70659637451172,-330.107177734375,-169.06541188557944,-326.4695129394531,0.7949777747417793,32.99028670300624,3,False,False,653.839106667836
low_6p0s_rep1,265,8.829544203879117,7.896611231393776,False,-423.9257507324219,-322.9935302734375,-169.81735229492188,-326.26385498046875,83.69384002685547,-330.1698913574219,-170.01642100016275,-326.4757588704427,0.8099526107286438,28.511955774788056,3,False,False,653.839106667836
low_6p0s_rep1,266,8.862863238610736,7.929930266125395,False,-425.5132141113281,-322.7701721191406,-171.32757568359375,-326.1605529785156,82.33586120605469,-330.141845703125,-171.50164286295572,-326.35752360026044,0.8316173929300902,27.062389880030015,3,False,False,653.839106667836
low_6p0s_rep1,267,8.896182273342355,7.963249300857014,False,-426.3028564453125,-322.972412109375,-172.0672607421875,-326.23126220703125,81.55059051513672,-330.1207580566406,-172.27317555745444,-326.4414774576823,0.8064196680440843,30.601070606380198,3,False,False,653.839106667836
low_6p0s_rep1,268,8.929501308073974,7.996568335588633,False,-426.4738464355469,-323.1045837402344,-172.23077392578125,-326.1053771972656,81.2871322631836,-330.09466552734375,-172.47249603271484,-326.43487548828125,0.7887114292085726,29.180928649174614,3,False,False,653.839106667836
low_6p0s_rep1,269,8.962820342805593,8.029887370320251,False,-427.7078552246094,-323.0758056640625,-173.63331604003906,-326.1608581542969,80.0047378540039,-329.75982666015625,-173.7788111368815,-326.33216349283856,0.7542536387631301,25.85252794346842,3,False,False,653.839106667836
low_6p0s_rep1,270,8.996139377537213,8.063206405051872,False,-429.4119873046875,-323.1277770996094,-175.38250732421875,-326.0846862792969,78.2974853515625,-329.7124938964844,-175.4990030924479,-326.3083190917969,0.7430535585932039,27.173323085838604,3,False,False,653.839106667836
low_6p0s_rep1,271,9.029458412268832,8.096525439783491,False,-429.66888427734375,-323.27288818359375,-175.58953857421875,-326.2707824707031,78.03282928466797,-329.8354797363281,-175.7418645222982,-326.459716796875,0.7405684264537266,25.05026577686724,3,False,False,653.839106667836
low_6p0s_rep1,272,9.062777447000451,8.12984447451511,False,-430.52325439453125,-323.2635803222656,-176.61268615722656,-326.3280944824219,77.19564056396484,-329.8773193359375,-176.64676666259766,-326.4896647135417,0.746314357395853,18.235666574281172,3,False,False,653.839106667836
low_6p0s_rep1,273,9.09609648173207,8.16316350924673,False,-431.0936584472656,-323.21710205078125,-177.06126403808594,-326.2230224609375,76.69654083251953,-329.8777770996094,-177.15279388427734,-326.4393005371094,0.7515046267993575,15.909511585842912,3,False,False,653.839106667836
low_6p0s_rep1,274,9.12941551646369,8.196482543978348,False,-431.41168212890625,-323.226806640625,-177.25686645507812,-326.12078857421875,76.33348846435547,-329.92474365234375,-177.4450200398763,-326.4241129557292,0.7557753108554373,17.696571189233797,3,False,False,653.839106667836
low_6p0s_rep1,275,9.162734551195308,8.229801578709967,False,-431.7808837890625,-323.2956237792969,-177.81224060058594,-326.2434997558594,75.86689758300781,-329.9679870605469,-177.90874226888022,-326.5023701985677,0.7530344007544966,23.929416021820817,3,False,False,653.839106667836
low_6p0s_rep1,276,9.19605358592693,8.263120613441588,False,-432.56781005859375,-323.3446960449219,-178.5048370361328,-326.4589538574219,75.173583984375,-330.0919189453125,-178.63302103678384,-326.63185628255206,0.7613415939869036,32.13713753467589,3,False,False,653.839106667836
low_6p0s_rep1,277,9.229372620658548,8.296439648173207,False,-433.5323181152344,-323.2472839355469,-179.55279541015625,-326.3081359863281,74.12930297851562,-330.01806640625,-179.65193684895834,-326.5244954427083,0.7641197280100309,33.14076476496594,3,False,False,653.839106667836
low_6p0s_rep1,278,9.262691655390167,8.329758682904826,False,-436.00445556640625,-323.1466064453125,-182.0577392578125,-325.87677001953125,71.7001724243164,-329.51953125,-182.12067413330078,-326.18096923828125,0.7191632663759874,32.145785348229666,3,False,False,653.839106667836
low_6p0s_rep1,279,9.296010690121786,8.363077717636445,False,-437.0870056152344,-323.2603759765625,-183.12197875976562,-325.92523193359375,70.65421295166016,-329.6089782714844,-183.18492380777994,-326.2648620605469,0.7163672154238916,31.600095337488053,3,False,False,653.839106667836
low_6p0s_rep1,280,9.329329724853405,8.396396752368064,False,-437.0572509765625,-323.4952392578125,-183.19760131835938,-326.17840576171875,70.62178802490234,-329.6682434082031,-183.21102142333984,-326.4472961425781,0.6966402559469224,25.036679626712974,3,False,False,653.839106667836
low_6p0s_rep1,281,9.362648759585024,8.429715787099683,False,-437.96417236328125,-323.5050048828125,-184.01353454589844,-326.03350830078125,69.85348510742188,-329.4956970214844,-184.0414072672526,-326.34473673502606,0.675883261413725,19.997416248508564,3,False,False,653.839106667836
low_6p0s_rep1,282,9.395967794316645,8.463034821831304,False,-438.6776123046875,-323.67645263671875,-184.7213592529297,-325.9810485839844,69.08177947998047,-329.592529296875,-184.77239735921225,-326.4166768391927,0.6675423281127492,22.87168843631054,3,False,False,653.839106667836
low_6p0s_rep1,283,9.429286829048264,8.496353856562923,False,-439.2692565917969,-323.79547119140625,-185.2611846923828,-326.2923278808594,68.50386047363281,-329.597412109375,-185.34219360351562,-326.5617370605469,0.654647224187677,25.189378795243062,3,False,False,653.839106667836
low_6p0s_rep1,284,9.462605863779883,8.529672891294542,False,-440.531982421875,-323.86529541015625,-186.56689453125,-326.289306640625,67.2198257446289,-329.5886535644531,-186.62635040283203,-326.5810852050781,0.6458083935899818,25.749303732971004,3,False,False,653.839106667836
low_6p0s_rep1,285,9.495924898511502,8.56299192602616,False,-441.3288269042969,-323.9307556152344,-187.31369018554688,-326.47430419921875,66.47185516357422,-329.72418212890625,-187.39022064208984,-326.7097473144531,0.6536511254271705,27.419648384068314,3,False,False,653.839106667836
low_6p0s_rep1,286,9.529243933243121,8.59631096075778,False,-442.2063903808594,-323.9727783203125,-188.22384643554688,-326.4891052246094,65.6650390625,-329.4933166503906,-188.25506591796875,-326.6517333984375,0.6227778760398436,28.16508914908382,3,False,False,653.839106667836
low_6p0s_rep1,287,9.56256296797474,8.629629995489399,False,-443.12457275390625,-323.95928955078125,-189.02001953125,-326.2526550292969,64.73011779785156,-329.4138488769531,-189.1381581624349,-326.54193115234375,0.615355569201086,28.88003358660401,3,False,False,653.839106667836
low_6p0s_rep1,288,9.595882002706361,8.66294903022102,False,-444.06927490234375,-323.9822998046875,-190.06280517578125,-326.3619689941406,63.79489517211914,-329.24993896484375,-190.1123949686686,-326.5314025878906,0.5942586368399411,30.384398225762578,3,False,False,653.839106667836
low_6p0s_rep1,289,9.62920103743798,8.696268064952639,False,-445.25103759765625,-323.9329528808594,-191.0179443359375,-326.13372802734375,62.54752731323242,-329.1160888671875,-191.24048487345377,-326.3942565917969,0.5848017788097158,29.068522338321166,3,False,False,653.839106667836
low_6p0s_rep1,290,9.662520072169599,8.729587099684258,False,-446.3428649902344,-323.87469482421875,-192.35142517089844,-325.8630676269531,61.49838638305664,-328.979248046875,-192.39863459269205,-326.23900349934894,0.5758876541897969,26.079088446290537,3,False,False,653.839106667836
low_6p0s_rep1,291,9.695839106901218,8.762906134415877,False,-447.32025146484375,-323.81463623046875,-193.2864990234375,-325.84808349609375,60.49542999267578,-328.8326110839844,-193.3704401652018,-326.1651102701823,0.5661491640314198,25.631920922173233,3,False,False,653.839106667836
low_6p0s_rep1,292,9.729158141632837,8.796225169147496,False,-447.6358642578125,-323.6806335449219,-193.63204956054688,-325.7160949707031,60.14350891113281,-328.7486877441406,-193.70813496907553,-326.04847208658856,0.5718398377384005,21.38959210786892,3,False,False,653.839106667836
low_6p0s_rep1,293,9.762477176364456,8.829544203879115,False,-448.1879577636719,-322.66839599609375,-194.23324584960938,-325.2284851074219,59.72604751586914,-328.54840087890625,-194.23171869913736,-325.4817606608073,0.6632705741548275,7.512297625346069,3,False,False,653.839106667836
low_6p0s_rep1,294,9.795796211096077,8.862863238610736,False,-449.67926025390625,-322.7375793457031,-195.52230834960938,-324.7770080566406,58.217159271240234,-327.64520263671875,-195.66146977742514,-325.0532633463542,0.5536116037722214,-3.8817920790912397,3,False,False,653.839106667836
low_6p0s_rep1,295,9.829115245827696,8.896182273342355,False,-449.12017822265625,-322.94970703125,-194.9839324951172,-324.9231872558594,58.79074478149414,-327.86187744140625,-195.1044553120931,-325.2449239095052,0.5541086940806395,-4.193807939850164,3,False,False,653.839106667836
low_6p0s_rep1,296,9.862434280559315,8.929501308073974,False,-447.069580078125,-322.534912109375,-193.14694213867188,-324.8795471191406,60.71358871459961,-327.7998046875,-193.16764450073242,-325.07142130533856,0.5940435482308691,-2.556482213228373,3,False,False,653.839106667836
low_6p0s_rep1,297,9.895753315290934,8.962820342805593,False,-446.6164855957031,-322.7766418457031,-192.4748992919922,-325.3279724121094,61.23871994018555,-328.53228759765625,-192.61755498250326,-325.54563395182294,0.6493191139118578,-1.296988848926367,3,False,False,653.839106667836
low_6p0s_rep1,298,9.929072350022553,8.996139377537212,False,-447.9295654296875,-323.5783996582031,-193.80972290039062,-326.1126708984375,59.96440124511719,-329.4171142578125,-193.92496236165366,-326.36939493815106,0.6586393824834859,6.690877460493992,3,False,False,653.839106667836
low_6p0s_rep1,299,9.962391384754172,9.02945841226883,False,-449.12841796875,-323.9979553222656,-195.0446014404297,-326.6201171875,58.823726654052734,-330.0325927734375,-195.11643091837564,-326.88355509440106,0.6806605598801938,16.82703849769775,3,False,False,653.839106667836
low_6p0s_rep1,300,9.995710419485793,9.062777447000451,False,-449.1678771972656,-323.9433288574219,-195.1461944580078,-326.72003173828125,58.66202163696289,-330.2196044921875,-195.21735000610352,-326.9609883626302,0.7080831557434558,21.681656172838977,3,False,False,653.839106667836
low_6p0s_rep1,301,10.029029454217412,9.09609648173207,False,-449.2264099121094,-324.00128173828125,-195.19384765625,-326.8078918457031,58.56800079345703,-330.30596923828125,-195.28408559163412,-327.0383809407552,0.7113379300061321,21.13754230816935,3,False,False,653.839106667836
low_6p0s_rep1,302,10.06234848894903,9.12941551646369,False,-450.1078796386719,-324.49395751953125,-196.0394744873047,-327.0968933105469,57.82419204711914,-330.3811340332031,-196.10772069295248,-327.32399495442706,0.6640558508317399,21.27460213868435,3,False,False,653.839106667836
low_6p0s_rep1,303,10.09566752368065,9.162734551195308,False,-451.6392822265625,-324.73895263671875,-197.5834503173828,-327.34521484375,56.24598693847656,-330.5853576660156,-197.6589152018229,-327.55650838216144,0.6595181220446152,25.14849822208271,3,False,False,653.839106667836
low_6p0s_rep1,304,10.128986558412269,9.196053585926927,False,-452.406494140625,-323.9818420410156,-198.4637908935547,-327.1656799316406,55.59437561035156,-330.796875,-198.42530314127603,-327.31479899088544,0.7685994783598251,28.750816323102136,3,False,False,653.839106667836
low_6p0s_rep1,305,10.162305593143888,9.229372620658546,False,-452.9637756347656,-323.9122619628906,-199.01905822753906,-327.02606201171875,54.99192428588867,-330.64385986328125,-198.99696985880533,-327.1940612792969,0.7592582828322605,27.681242835884216,3,False,False,653.839106667836
low_6p0s_rep1,306,10.195624627875508,9.262691655390167,False,-453.8265075683594,-323.98565673828125,-199.8580322265625,-327.10595703125,54.03343200683594,-330.6451721191406,-199.88370259602866,-327.24559529622394,0.7512706315750636,25.75673795221267,3,False,False,653.839106667836
low_6p0s_rep1,307,10.228943662607128,9.296010690121786,False,-455.0832824707031,-324.2162170410156,-201.0791778564453,-327.1678771972656,52.89966583251953,-330.8634033203125,-201.0875981648763,-327.41583251953125,0.7496983611213145,26.609074241333772,3,False,False,653.839106667836
low_6p0s_rep1,308,10.262262697338747,9.329329724853405,False,-455.85333251953125,-324.1365051269531,-201.94625854492188,-327.0910949707031,52.093109130859375,-330.73870849609375,-201.90216064453125,-327.3221028645833,0.7446790785418853,24.92423515251611,3,False,False,653.839106667836
low_6p0s_rep1,309,10.295581732070366,9.362648759585024,False,-456.74462890625,-324.20123291015625,-202.8470001220703,-327.2896423339844,51.299766540527344,-330.7330322265625,-202.76395416259766,-327.40796915690106,0.7365968771249328,20.561962767089977,3,False,False,653.839106667836
low_6p0s_rep1,310,10.328900766801985,9.395967794316643,False,-457.5375061035156,-324.07373046875,-203.56881713867188,-327.14263916015625,50.53370666503906,-330.7347717285156,-203.52420552571616,-327.3170471191406,0.7511303091897752,19.06995160210228,3,False,False,653.839106667836
low_6p0s_rep1,311,10.362219801533604,9.429286829048262,False,-457.56756591796875,-323.9714050292969,-203.69891357421875,-326.9464416503906,50.28353500366211,-330.4725646972656,-203.66098149617514,-327.13013712565106,0.7334210070771238,19.200390092584442,3,False,False,653.839106667836
low_6p0s_rep1,312,10.395538836265224,9.462605863779883,False,-458.1575012207031,-323.82672119140625,-204.2133026123047,-326.806396484375,49.88670349121094,-330.4149169921875,-204.16136678059897,-327.01601155598956,0.74295632838935,17.94219428194955,3,False,False,653.839106667836
low_6p0s_rep1,313,10.428857870996843,9.495924898511502,False,-459.0780029296875,-323.9102478027344,-205.35617065429688,-327.0295715332031,48.88722610473633,-330.4161071777344,-205.18231582641602,-327.11864217122394,0.7337862573351982,18.822172280498993,3,False,False,653.839106667836
low_6p0s_rep1,314,10.462176905728462,9.529243933243121,False,-459.86102294921875,-324.0438537597656,-205.98081970214844,-326.9211120605469,48.19829177856445,-330.4144287109375,-205.88118362426758,-327.12646484375,0.7183962960347514,21.605371466256372,3,False,False,653.839106667836
low_6p0s_rep1,315,10.495495940460081,9.56256296797474,False,-460.3332824707031,-323.91632080078125,-206.4010009765625,-326.7148132324219,47.578857421875,-330.5215148925781,-206.38514200846353,-327.05088297526044,0.7450666805174628,24.775386665307312,3,False,False,653.839106667836
low_6p0s_rep1,316,10.5288149751917,9.59588200270636,False,-461.0457458496094,-323.8635559082031,-207.09588623046875,-326.7077331542969,46.927398681640625,-330.5364074707031,-207.0714111328125,-327.03589884440106,0.7526071934525798,26.33019561141512,3,False,False,653.839106667836
low_6p0s_rep1,317,10.56213400992332,9.629201037437978,False,-461.91400146484375,-323.8772888183594,-208.0676727294922,-326.7415771484375,46.13275909423828,-330.42205810546875,-207.94963836669922,-327.0136413574219,0.7380559152269187,24.227918242777367,3,False,False,653.839106667836
low_6p0s_rep1,318,10.59545304465494,9.662520072169599,False,-463.5716552734375,-324.21160888671875,-209.78895568847656,-327.2339782714844,44.413719177246094,-330.83172607421875,-209.64896392822266,-327.42577107747394,0.7466421728424664,23.202972969015235,3,False,False,653.839106667836
low_6p0s_rep1,319,10.62877207938656,9.695839106901218,False,-464.1101989746094,-324.1030578613281,-210.2139892578125,-327.1287841796875,43.761680603027344,-330.61712646484375,-210.1875025431315,-327.2829895019531,0.7348470916850108,25.18937879524349,3,False,False,653.839106667836
low_6p0s_rep1,320,10.662091114118178,9.729158141632837,False,-464.0780029296875,-323.6236877441406,-210.1775665283203,-326.7085266113281,43.80157470703125,-330.4839782714844,-210.15133158365884,-326.93873087565106,0.7738877626645985,24.76986824589172,3,False,False,653.839106667836
low_6p0s_rep1,321,10.695410148849797,9.762477176364456,False,-465.0848388671875,-323.8993225097656,-211.01243591308594,-326.88134765625,42.988590240478516,-330.5649108886719,-211.03622817993164,-327.1151936848958,0.7516397264287409,22.99300588778545,3,False,False,653.839106667836
low_6p0s_rep1,322,10.728729183581416,9.795796211096075,False,-466.3245849609375,-324.143798828125,-212.45684814453125,-327.04156494140625,41.64839553833008,-330.6418151855469,-212.37767918904623,-327.2757263183594,0.7328905689631622,25.998685914985305,3,False,False,653.839106667836
low_6p0s_rep1,323,10.762048218313035,9.829115245827694,False,-467.4108581542969,-324.099365234375,-213.56002807617188,-326.9715881347656,40.54887390136719,-330.7936096191406,-213.47400410970053,-327.28818766276044,0.7550396686082029,30.607233986295476,3,False,False,653.839106667836
low_6p0s_rep1,324,10.795367253044656,9.862434280559315,False,-468.0223083496094,-324.0060729980469,-214.00404357910156,-326.9874267578125,39.9558219909668,-330.7402038574219,-214.02350997924805,-327.24456787109375,0.7595104076235073,31.238925090779258,3,False,False,653.839106667836
low_6p0s_rep1,325,10.828686287776275,9.895753315290934,False,-468.9803466796875,-324.01025390625,-215.0061492919922,-327.0887145996094,39.0529899597168,-330.67919921875,-214.97783533732095,-327.25938924153644,0.7520775650984622,28.87885815563531,3,False,False,653.839106667836
low_6p0s_rep1,326,10.862005322507894,9.929072350022553,False,-470.4103698730469,-324.34625244140625,-216.47637939453125,-327.15069580078125,37.66347122192383,-330.7145690917969,-216.40775934855142,-327.4038391113281,0.718121128618543,27.572824594387665,3,False,False,653.839106667836
low_6p0s_rep1,327,10.895324357239513,9.962391384754172,False,-471.417724609375,-324.4682922363281,-217.4172821044922,-327.1958312988281,36.59103775024414,-330.92169189453125,-217.41465632120767,-327.5286051432292,0.7278076752027187,27.650685447040978,3,False,False,653.839106667836
low_6p0s_rep1,328,10.928643391971132,9.99571041948579,False,-472.03265380859375,-324.2508239746094,-218.06085205078125,-327.15216064453125,35.91595458984375,-331.0264587402344,-218.0591837565104,-327.4764811197917,0.7642352907118569,26.575700397766976,3,False,False,653.839106667836
low_6p0s_rep1,329,10.961962426702751,10.02902945421741,False,-472.54815673828125,-324.09283447265625,-218.7582550048828,-327.1583251953125,35.430423736572266,-330.9216003417969,-218.6253293355306,-327.3909200032552,0.7701818785084517,26.713388015276568,3,False,False,653.839106667836
low_6p0s_rep1,330,10.995281461434372,10.06234848894903,False,-473.55755615234375,-324.2211608886719,-219.69503784179688,-327.08306884765625,34.485721588134766,-330.7372131347656,-219.5889574686686,-327.34714762369794,0.7348228772587948,29.17137827255673,3,False,False,653.839106667836
low_6p0s_rep1,331,11.028600496165991,10.09566752368065,False,-474.6178283691406,-324.369384765625,-220.72462463378906,-327.18426513671875,33.388240814208984,-330.7364196777344,-220.6514040629069,-327.4300231933594,0.7180723825208915,29.910260667055645,3,False,False,653.839106667836
low_6p0s_rep1,332,11.06191953089761,10.128986558412269,False,-476.02752685546875,-324.5860900878906,-222.1096649169922,-327.2807922363281,31.92222785949707,-330.9347839355469,-222.07165463765463,-327.6005554199219,0.7160834705578238,28.754480004042147,3,False,False,653.839106667836
low_6p0s_rep1,333,11.095238565629229,10.162305593143888,False,-476.9791259765625,-324.7146911621094,-223.26698303222656,-327.4708557128906,30.880687713623047,-331.083984375,-223.12180709838867,-327.7565104166667,0.7185338913565491,27.72615536624643,3,False,False,653.839106667836
low_6p0s_rep1,334,11.128557600360848,10.195624627875507,False,-477.3923645019531,-324.7048034667969,-223.7583465576172,-327.5255126953125,30.565162658691406,-331.13568115234375,-223.5285161336263,-327.7886657714844,0.7253410888627082,25.945816327581003,3,False,False,653.839106667836
low_6p0s_rep1,335,11.161876635092467,10.228943662607126,False,-478.12908935546875,-324.8844299316406,-224.46237182617188,-327.3399658203125,29.792003631591797,-330.7822265625,-224.26648585001627,-327.6688741048177,0.6652680387752369,24.737977048204566,3,False,False,653.839106667836
low_6p0s_rep1,336,11.195195669824088,10.262262697338747,False,-479.0688171386719,-324.8823547363281,-225.45294189453125,-327.4010314941406,28.8858699798584,-330.7323913574219,-225.21196301778158,-327.6719258626302,0.659837577606238,27.042640349960042,3,False,False,653.839106667836
low_6p0s_rep1,337,11.228514704555707,10.295581732070366,False,-480.02734375,-324.8634338378906,-226.41043090820312,-327.45001220703125,27.96980094909668,-330.7506408691406,-226.1559912363688,-327.6880289713542,0.6639742362928265,28.284332422859155,3,False,False,653.839106667836
low_6p0s_rep1,338,11.261833739287326,10.328900766801985,False,-481.1753234863281,-324.8974304199219,-227.49093627929688,-327.26275634765625,26.82648277282715,-330.5833435058594,-227.27992566426596,-327.5811767578125,0.6412678367633091,26.355799398320254,3,False,False,653.839106667836
low_6p0s_rep1,339,11.295152774018945,10.362219801533604,False,-482.1829833984375,-324.7185974121094,-228.6358642578125,-327.1985168457031,25.67661476135254,-330.5796203613281,-228.38074429829916,-327.49891153971356,0.6612004036451153,25.290586073055596,3,False,False,653.839106667836
low_6p0s_rep1,340,11.328471808750564,10.395538836265223,False,-482.7088928222656,-324.37445068359375,-229.04115295410156,-326.9223937988281,25.23507308959961,-330.4969787597656,-228.83832422892252,-327.2646077473958,0.6905841095854189,24.034239276394736,3,False,False,653.839106667836
low_6p0s_rep1,341,11.361790843482183,10.428857870996842,False,-483.2962951660156,-324.2117004394531,-229.63540649414062,-326.8538513183594,24.666833877563477,-330.4177551269531,-229.4216225941976,-327.1611022949219,0.6999780692654234,22.555657791854838,3,False,False,653.839106667836
low_6p0s_rep1,342,11.395109878213804,10.462176905728462,False,-484.1806335449219,-324.1846618652344,-230.66458129882812,-326.7569885253906,23.726482391357422,-330.375732421875,-230.3729108174642,-327.1057942708333,0.6983651846717424,24.026316566361125,3,False,False,653.839106667836
low_6p0s_rep1,343,11.428428912945423,10.495495940460081,False,-484.9267578125,-324.0856628417969,-231.36932373046875,-326.7858581542969,23.083133697509766,-330.40155029296875,-231.07098261515299,-327.0910237630208,0.7122992242919515,26.824338394590253,3,False,False,653.839106667836
low_6p0s_rep1,344,11.461747947677042,10.5288149751917,False,-486.0079650878906,-324.1072082519531,-232.33712768554688,-326.7668151855469,22.030048370361328,-330.40521240234375,-232.1050148010254,-327.09307861328125,0.7102432581615541,28.841288252492017,3,False,False,653.839106667836
low_6p0s_rep1,345,11.49506698240866,10.56213400992332,False,-486.8553161621094,-324.0632019042969,-233.372802734375,-326.5930480957031,20.86994743347168,-330.38751220703125,-233.1193904876709,-327.01458740234375,0.7136488487153293,28.83148218147462,3,False,False,653.839106667836
low_6p0s_rep1,346,11.52838601714028,10.595453044654938,False,-488.0080871582031,-324.0980529785156,-234.3257598876953,-326.6353759765625,20.099346160888672,-330.2470703125,-234.07816696166992,-326.9934997558594,0.6933485334631048,26.3172715952635,3,False,False,653.839106667836
low_6p0s_rep1,347,11.561705051871899,10.628772079386557,False,-489.1642150878906,-323.9743347167969,-235.5522003173828,-326.6744079589844,18.738399505615234,-330.1715087890625,-235.32600529988608,-326.94008382161456,0.6990598000194315,25.09325678290268,3,False,False,653.839106667836
low_6p0s_rep1,348,11.59502408660352,10.662091114118178,False,-489.5313415527344,-323.8869934082031,-235.91127014160156,-326.6313171386719,18.269832611083984,-330.2373046875,-235.72425969441733,-326.9185384114583,0.7164754399402941,26.272924836464004,3,False,False,653.839106667836
low_6p0s_rep1,349,11.628343121335138,10.695410148849797,False,-490.0101013183594,-323.79986572265625,-236.55020141601562,-326.431884765625,17.899106979370117,-330.123779296875,-236.22039858500162,-326.78517659505206,0.7133456730705073,26.206398496720166,3,False,False,653.839106667836
low_6p0s_rep1,350,11.661662156066757,10.728729183581416,False,-491.1479797363281,-323.7333984375,-237.58865356445312,-326.4503479003906,16.642120361328125,-329.8751525878906,-237.36483764648438,-326.68629964192706,0.6929623743008775,26.557170186510675,3,False,False,653.839106667836
low_6p0s_rep1,351,11.694981190798377,10.762048218313035,False,-492.3110656738281,-323.5094909667969,-238.86849975585938,-326.4581298828125,15.419751167297363,-330.206298828125,-238.58660475413004,-326.7246398925781,0.7556692756453425,28.78635879864224,3,False,False,653.839106667836
low_6p0s_rep1,352,11.728300225529996,10.795367253044654,False,-493.3282470703125,-323.4235534667969,-239.81016540527344,-326.3087158203125,14.49055290222168,-330.216064453125,-239.54928652445474,-326.6494445800781,0.7663343782058238,29.655807530822436,3,False,False,653.839106667836
low_6p0s_rep1,353,11.761619260261615,10.828686287776273,False,-494.3027648925781,-323.4842834472656,-240.50387573242188,-326.30584716796875,13.757926940917969,-329.996826171875,-240.34957122802734,-326.5956522623698,0.7344019775689162,32.33343832273177,3,False,False,653.839106667836
low_6p0s_rep1,354,11.794938294993235,10.862005322507894,False,-494.8999938964844,-323.51312255859375,-241.4651641845703,-326.4966735839844,12.805886268615723,-330.1292724609375,-241.18642393747965,-326.71302286783856,0.7466055148057613,37.582681185253456,3,False,False,653.839106667836
low_6p0s_rep1,355,11.828257329724854,10.895324357239513,False,-495.986572265625,-323.9945373535156,-242.52838134765625,-326.4923400878906,11.675430297851562,-330.1409912109375,-242.27984110514322,-326.87595621744794,0.6936675522572416,40.50528533896211,3,False,False,653.839106667836
low_6p0s_rep1,356,11.861576364456473,10.928643391971132,False,-498.2047424316406,-324.3545227050781,-244.71224975585938,-326.84381103515625,9.582619667053223,-329.9472351074219,-244.44479084014893,-327.04852294921875,0.6310237011126097,42.31467622258448,3,False,False,653.839106667836
low_6p0s_rep1,357,11.894895399188092,10.961962426702751,False,-500.10528564453125,-324.4462890625,-246.5388641357422,-326.8250427246094,8.004288673400879,-329.8832092285156,-246.21328703562418,-327.051513671875,0.6130581012819127,43.38643837753137,3,False,False,653.839106667836
low_6p0s_rep1,358,11.928214433919711,10.99528146143437,False,-501.017822265625,-324.3904113769531,-247.4379119873047,-326.8470458984375,6.911111831665039,-330.1573486328125,-247.18154080708823,-327.13160196940106,0.650498418706348,38.97222759027238,3,False,False,653.839106667836
low_6p0s_rep1,359,11.96153346865133,11.02860049616599,False,-502.2289123535156,-324.2546081542969,-248.80709838867188,-326.8281555175781,5.676122665405273,-330.0657043457031,-248.45329602559408,-327.0494893391927,0.6555098613727023,32.54294410455125,3,False,False,653.839106667836
low_6p0s_rep1,360,11.99485250338295,11.061919530897608,False,-503.1974792480469,-324.2703857421875,-249.75599670410156,-326.7032165527344,4.546741485595703,-329.9557189941406,-249.46891148885092,-326.9764404296875,0.6415277109831802,29.30248724527384,3,False,False,653.839106667836
low_6p0s_rep1,361,12.02817153811457,11.095238565629229,False,-503.9556579589844,-324.0421142578125,-250.5767364501953,-326.6174621582031,3.809722900390625,-330.0755920410156,-250.2408905029297,-326.91172281901044,0.6807800561375877,25.904914406800476,3,False,False,653.839106667836
low_6p0s_rep1,362,12.06149057284619,11.128557600360848,False,-505.0030212402344,-323.9432373046875,-251.64463806152344,-326.61541748046875,2.867112636566162,-330.1663513183594,-251.26018222173056,-326.90833536783856,0.7020305017444365,22.222344638941486,3,False,False,653.839106667836
low_6p0s_rep1,363,12.094809607577808,11.161876635092467,False,-505.6996154785156,-323.7667236328125,-252.2425079345703,-326.5311279296875,2.2482688426971436,-330.0682678222656,-251.89795152346292,-326.78870646158856,0.7107685190480171,23.381130695041094,3,False,False,653.839106667836
low_6p0s_rep1,364,12.128128642309427,11.195195669824086,False,-506.146240234375,-323.87481689453125,-252.675537109375,-326.63067626953125,1.717319130897522,-330.163818359375,-252.3681527376175,-326.8897705078125,0.7094717034086097,30.18742972827791,3,False,False,653.839106667836
low_6p0s_rep1,365,12.161447677041046,11.228514704555705,False,-506.6736755371094,-323.9352722167969,-253.3850555419922,-326.7738952636719,1.183754563331604,-330.3362121582031,-252.95832550525665,-327.01512654622394,0.7221070396607923,38.50193403430166,3,False,False,653.839106667836
low_6p0s_rep1,366,12.194766711772665,11.261833739287324,False,-508.2883605957031,-323.8330383300781,-254.9405517578125,-326.610107421875,-0.3966182768344879,-330.096435546875,-254.54184354345003,-326.8465270996094,0.7065443387644216,44.22158053018642,3,False,False,653.839106667836
low_6p0s_rep1,367,12.228085746504286,11.295152774018945,False,-510.77032470703125,-323.47808837890625,-257.4256591796875,-326.3218994140625,-2.856184244155884,-329.8647766113281,-257.0173893769582,-326.55492146809894,0.7204189984235753,46.746538271603455,3,False,False,653.839106667836
low_6p0s_rep1,368,12.261404781235905,11.328471808750564,False,-512.7095947265625,-323.1493225097656,-259.396484375,-326.07598876953125,-4.801572322845459,-329.6903991699219,-258.9692171414693,-326.30523681640625,0.7378410108622827,45.42185234658516,3,False,False,653.839106667836
low_6p0s_rep1,369,12.294723815967524,11.361790843482183,False,-513.8336791992188,-323.07147216796875,-260.3534851074219,-325.9471435546875,-5.906108379364014,-329.79327392578125,-260.0310908953349,-326.2706298828125,0.7581954847492045,38.467351217765795,3,False,False,653.839106667836
low_6p0s_rep1,370,12.328042850699143,11.395109878213802,False,-514.613525390625,-323.106689453125,-261.2785949707031,-326.0368957519531,-6.720527648925781,-329.6880187988281,-260.87088267008465,-326.27720133463544,0.7424030126272526,30.615226582952786,3,False,False,653.839106667836
low_6p0s_rep1,371,12.361361885430762,11.42842891294542,False,-515.61572265625,-322.9820251464844,-262.0651550292969,-325.95697021484375,-7.609349727630615,-329.4991455078125,-261.76340913772583,-326.1460469563802,0.7349967017561745,27.772297710341054,3,False,False,653.839106667836
low_6p0s_rep1,372,12.394680920162381,11.46174794767704,False,-516.4560546875,-322.703857421875,-262.9013671875,-325.830322265625,-8.480899810791016,-329.5270080566406,-262.6127738952637,-326.02039591471356,0.7695538298173389,27.973230097125683,3,False,False,653.839106667836
low_6p0s_rep1,373,12.427999954894002,11.49506698240866,False,-517.4122924804688,-322.7663879394531,-263.9801940917969,-325.8925476074219,-9.33110523223877,-329.4425964355469,-263.57453060150146,-326.0338439941406,0.7528256635848624,28.549589124490637,3,False,False,653.839106667836
low_6p0s_rep1,374,12.461318989625621,11.52838601714028,False,-518.4976196289062,-322.5312805175781,-265.0438537597656,-325.790283203125,-10.496243476867676,-329.4501037597656,-264.67923895517987,-325.92388916015625,0.78030273322077,32.22772920155495,3,False,False,653.839106667836
low_6p0s_rep1,375,12.49463802435724,11.561705051871899,False,-519.4142456054688,-322.4186706542969,-265.9046936035156,-325.77911376953125,-11.310495376586914,-329.6479187011719,-265.5431448618571,-325.9485677083333,0.8151434735990792,35.49756110160243,3,False,False,653.839106667836
low_6p0s_rep1,376,12.527957059088859,11.595024086603518,False,-520.53076171875,-322.3127746582031,-266.8842468261719,-325.70172119140625,-12.395774841308594,-329.7259521484375,-266.60359446207684,-325.9134826660156,0.8358283995709455,35.13737737731444,3,False,False,653.839106667836
low_6p0s_rep1,377,12.561276093820478,11.628343121335137,False,-522.3886108398438,-322.0135192871094,-268.8844299316406,-325.4111633300781,-14.25862979888916,-329.6029968261719,-268.5105568567912,-325.67589314778644,0.8557115623327816,36.27635185809584,3,False,False,653.839106667836
low_6p0s_rep1,378,12.594595128552097,11.661662156066756,False,-523.3421020507812,-321.5809326171875,-269.9279479980469,-325.34375,-15.24252700805664,-329.58099365234375,-269.5041923522949,-325.50189208984375,0.9020512584658589,37.57890587653419,3,False,False,653.839106667836
low_6p0s_rep1,379,12.627914163283718,11.694981190798377,False,-524.2947998046875,-321.4710998535156,-270.8345642089844,-325.2213439941406,-16.24167251586914,-329.51611328125,-270.4570121765137,-325.40285237630206,0.90720196319946,33.65089321849446,3,False,False,653.839106667836
low_6p0s_rep1,380,12.661233198015337,11.728300225529996,False,-525.7279663085938,-321.4346923828125,-272.1551818847656,-325.13092041015625,-17.673757553100586,-329.32513427734375,-271.85230191548663,-325.2969156901042,0.889772524512377,26.711513241045758,3,False,False,653.839106667836
low_6p0s_rep1,381,12.694552232746956,11.761619260261615,False,-526.692138671875,-321.3324890136719,-273.2206726074219,-324.9089660644531,-18.533287048339844,-329.1208190917969,-272.8153661092122,-325.1207580566406,0.8780787846579025,20.14609872517526,3,False,False,653.839106667836
low_6p0s_rep1,382,12.727871267478575,11.794938294993234,False,-527.4329223632812,-321.4047546386719,-273.8074951171875,-324.8494567871094,-19.292396545410156,-329.0802307128906,-273.5109380086263,-325.1114807128906,0.8653884518529291,12.31649198337723,3,False,False,653.839106667836
low_6p0s_rep1,383,12.761190302210194,11.828257329724853,False,-527.2999267578125,-321.37579345703125,-273.6651916503906,-324.8193359375,-19.246370315551758,-329.1168518066406,-273.40382957458496,-325.10399373372394,0.8729309119055975,0.970165611032464,3,False,False,653.839106667836
low_6p0s_rep1,384,12.794509336941813,11.861576364456472,False,-527.194580078125,-321.9461669921875,-273.6042785644531,-324.8442687988281,-19.010723114013672,-328.3888244628906,-273.2698605855306,-325.05975341796875,0.7263459907770121,-8.140218191528621,3,False,False,653.839106667836
low_6p0s_rep1,385,12.827828371673434,11.894895399188092,False,-527.02734375,-322.7071533203125,-273.5819091796875,-324.9172058105469,-18.820316314697266,-327.687744140625,-273.14318974812824,-325.1040344238281,0.5614989216389564,-6.398246669878122,3,False,False,653.839106667836
low_6p0s_rep1,386,12.861147406405053,11.928214433919711,False,-525.77294921875,-322.81243896484375,-272.1744384765625,-324.5433654785156,-17.595796585083008,-327.1629638671875,-271.84772809346515,-324.83958943684894,0.49049947413856365,0.8979262188248618,3,False,False,653.839106667836
low_6p0s_rep1,387,12.894466441136672,11.96153346865133,False,-525.70849609375,-322.94140625,-272.033935546875,-325.2490539550781,-17.556570053100586,-328.174560546875,-271.7663338979085,-325.4550069173177,0.5900342792896754,5.2526861501554585,3,False,False,653.839106667836
low_6p0s_rep1,388,12.92778547586829,11.99485250338295,True,-526.981689453125,-323.61077880859375,-273.3895568847656,-325.9839782714844,-18.678552627563477,-328.98211669921875,-273.01659965515137,-326.1922912597656,0.6054330865368671,10.564036991368644,3,False,False,653.839106667836
low_6p0s_rep1,389,12.96110451059991,12.028171538114568,True,-527.9705810546875,-324.1053771972656,-274.3095397949219,-326.3607177734375,-19.58869171142578,-329.4236755371094,-273.9562708536784,-326.6299235026042,0.5993622912565802,17.90674435251699,3,False,False,653.839106667836
low_6p0s_rep1,390,12.994423545331529,12.061490572846187,True,-528.193603515625,-324.17169189453125,-274.6125793457031,-326.62872314453125,-19.81458854675293,-329.6153564453125,-274.20692380269367,-326.8052571614583,0.6134932300977918,20.460579937898846,3,False,False,653.839106667836
low_6p0s_rep1,391,13.02774258006315,12.094809607577808,True,-528.252685546875,-324.1088562011719,-274.6919860839844,-326.6311950683594,-19.966815948486328,-329.6589660644531,-274.30382919311523,-326.79967244466144,0.6256031351313198,20.43449338470247,3,False,False,653.839106667836
low_6p0s_rep1,392,13.061061614794768,12.128128642309427,True,-529.2446899414062,-324.2722473144531,-275.80438232421875,-326.61663818359375,-20.780689239501953,-329.74615478515625,-275.27658716837567,-326.8783467610677,0.6167981991528297,22.912259886391624,3,False,False,653.839106667836
low_6p0s_rep1,393,13.094380649526387,12.161447677041046,False,-530.3038330078125,-324.5042724609375,-276.6959228515625,-326.7193603515625,-21.971086502075195,-329.7962646484375,-276.3236141204834,-327.0066324869792,0.5964555040125719,26.83450320103301,3,False,False,653.839106667836
low_6p0s_rep1,394,13.127699684258006,12.194766711772665,False,-531.4031372070312,-324.66497802734375,-277.948974609375,-326.9679870605469,-23.021385192871094,-329.77276611328125,-277.4578323364258,-327.13524373372394,0.5756399635555415,27.49558007972626,3,False,False,653.839106667836
low_6p0s_rep1,395,13.161018718989625,12.228085746504284,False,-532.297607421875,-324.64166259765625,-278.7306823730469,-326.908447265625,-23.9902286529541,-329.8153381347656,-278.339506149292,-327.12181599934894,0.5831501754455414,25.763136036688284,3,False,False,653.839106667836
low_6p0s_rep1,396,13.194337753721245,12.261404781235903,False,-533.0074462890625,-324.7999572753906,-279.5623779296875,-326.8984375,-24.766908645629883,-329.8113098144531,-279.11224428812665,-327.16990152994794,0.564929446150024,24.585308410349295,3,False,False,653.839106667836
low_6p0s_rep1,397,13.227656788452865,12.294723815967524,False,-533.5327758789062,-324.7438049316406,-280.038818359375,-326.750732421875,-25.316707611083984,-329.7089538574219,-279.6294339497884,-327.0678304036458,0.5597481962497696,22.881420088808575,3,False,False,653.839106667836
low_6p0s_rep1,398,13.260975823184484,12.328042850699143,False,-534.3992309570312,-324.9378356933594,-281.0958251953125,-326.9353942871094,-26.169330596923828,-329.6708984375,-280.5547955830892,-327.18137613932294,0.5335708894260736,21.2960060496789,3,False,False,653.839106667836
low_6p0s_rep1,399,13.294294857916103,12.361361885430762,False,-535.2959594726562,-324.9317321777344,-281.9761962890625,-326.9432678222656,-26.982559204101562,-329.6473388671875,-281.4182383219401,-327.1741129557292,0.5315158139196932,21.192648267481243,3,False,False,653.839106667836
low_6p0s_rep1,400,13.327613892647722,12.394680920162381,False,-535.8388671875,-324.8777160644531,-282.5442810058594,-326.82794189453125,-27.625757217407227,-329.4072265625,-282.00296847025555,-327.0376281738281,0.5106420089253426,21.97161743760339,3,False,False,653.839106667836
low_6p0s_rep1,401,13.360932927379341,12.427999954894,False,-536.4993896484375,-324.82037353515625,-283.05426025390625,-326.64996337890625,-28.079566955566406,-329.1950988769531,-282.5444056193034,-326.8884785970052,0.4929924084724816,21.85745561296484,3,False,False,653.839106667836
low_6p0s_rep1,402,13.39425196211096,12.46131898962562,False,-537.1328735351562,-324.9725036621094,-283.8185119628906,-326.7891845703125,-28.823989868164062,-329.0873718261719,-283.2584584554036,-326.94968668619794,0.4638113492682731,21.951780131843908,3,False,False,653.839106667836
low_6p0s_rep1,403,13.427570996842581,12.49463802435724,False,-538.0545654296875,-325.0262451171875,-284.8674621582031,-326.8527526855469,-29.81747817993164,-329.1795654296875,-284.2465019226074,-327.01952107747394,0.4682114582930398,22.971455047919648,3,False,False,653.839106667836
low_6p0s_rep1,404,13.4608900315742,12.527957059088859,False,-538.8133544921875,-324.97125244140625,-285.676025390625,-326.79315185546875,-30.53829574584961,-329.2071533203125,-285.009225209554,-326.9905192057292,0.47748481867520914,24.56288172176012,3,False,False,653.839106667836
low_6p0s_rep1,405,13.49420906630582,12.561276093820478,False,-539.4938354492188,-325.0961608886719,-286.3746337890625,-326.91485595703125,-31.309839248657227,-329.1202392578125,-285.7261028289795,-327.0437520345052,0.4536897853278087,27.03867899494345,3,False,False,653.839106667836
low_6p0s_rep1,406,13.527528101037438,12.594595128552097,False,-540.3412475585938,-325.0225524902344,-286.9950256347656,-326.78228759765625,-32.089141845703125,-329.1504821777344,-286.4751383463542,-326.985107421875,0.4653355024611804,28.232039101935882,3,False,False,653.839106667836
low_6p0s_rep1,407,13.560847135769057,12.627914163283716,False,-541.3099975585938,-325.2738952636719,-288.1393737792969,-326.9132385253906,-33.086151123046875,-329.00970458984375,-287.5118408203125,-327.06561279296875,0.4211574366193483,26.85763018697037,3,False,False,653.839106667836
low_6p0s_rep1,408,13.594166170500676,12.661233198015335,False,-542.7631225585938,-325.56329345703125,-289.6349182128906,-327.12481689453125,-34.6083984375,-329.31927490234375,-289.0021464029948,-327.33579508463544,0.4234890587821815,26.124249038383237,3,False,False,653.839106667836
low_6p0s_rep1,409,13.627485205232297,12.694552232746956,False,-543.4607543945312,-325.03643798828125,-290.21014404296875,-326.8492431640625,-35.30977249145508,-329.0866394042969,-289.66022364298504,-326.9907735188802,0.4566645379970688,26.570731530491678,3,False,False,653.839106667836
low_6p0s_rep1,410,13.660804239963916,12.727871267478575,False,-543.7100219726562,-325.1052551269531,-290.6058349609375,-326.9090270996094,-35.75556564331055,-329.10101318359375,-290.02380752563477,-327.03843180338544,0.45070054543116617,25.357133402637757,3,False,False,653.839106667836
low_6p0s_rep1,411,13.694123274695535,12.761190302210194,False,-544.7062377929688,-325.53814697265625,-291.3793640136719,-327.01025390625,-36.55974197387695,-329.1021728515625,-290.88178126017254,-327.21685791015625,0.40185319440050016,24.2444277050147,3,False,False,653.839106667836
low_6p0s_rep1,412,13.727442309427154,12.794509336941813,False,-545.7268676757812,-325.43743896484375,-292.5782165527344,-327.0104675292969,-37.56984329223633,-329.1056823730469,-291.958309173584,-327.1845296223958,0.4135950204641194,24.677215281441043,3,False,False,653.839106667836
low_6p0s_rep1,413,13.760761344158773,12.827828371673432,False,-546.7613525390625,-325.635986328125,-293.5889587402344,-326.9588623046875,-38.66297912597656,-329.0657043457031,-293.0044301350911,-327.2201843261719,0.38674672686705813,26.058957282789414,3,False,False,653.839106667836
low_6p0s_rep1,414,13.794080378890392,12.86114740640505,False,-547.4798583984375,-325.4299621582031,-294.22943115234375,-326.89404296875,-39.498558044433594,-329.029541015625,-293.73594919840497,-327.1178487141927,0.4059937336134808,26.94691523638844,3,False,False,653.839106667836
low_6p0s_rep1,415,13.827399413622013,12.894466441136672,False,-547.90478515625,-325.484375,-294.7467041015625,-326.7842712402344,-39.8593864440918,-328.80511474609375,-294.17029190063477,-327.0245869954427,0.37449736439160547,25.24035738899626,3,False,False,653.839106667836
low_6p0s_rep1,416,13.860718448353632,12.92778547586829,False,-549.0881958007812,-325.708984375,-296.0370788574219,-326.9377746582031,-41.128395080566406,-328.8321838378906,-295.41788991292316,-327.15964762369794,0.3522796343784599,24.331386698669476,3,False,False,653.839106667836
low_6p0s_rep1,417,13.89403748308525,12.96110451059991,False,-550.1773681640625,-325.625244140625,-296.9269714355469,-326.87091064453125,-42.097618103027344,-328.92041015625,-296.4006525675456,-327.13885498046875,0.3715882367669884,26.493340086959027,3,False,False,653.839106667836
low_6p0s_rep1,418,13.92735651781687,12.994423545331529,False,-550.6881713867188,-325.5011291503906,-297.48822021484375,-326.8679504394531,-42.73939895629883,-328.8694152832031,-296.9719301859538,-327.0794982910156,0.379931523494945,28.60843270622014,3,False,False,653.839106667836
low_6p0s_rep1,419,13.960675552548489,13.027742580063148,False,-551.6864013671875,-325.7611083984375,-298.3372497558594,-327.0415954589844,-43.60264587402344,-329.0390930175781,-297.87543233235675,-327.2805989583333,0.36964787037101715,28.770355954784183,3,False,False,653.839106667836
low_6p0s_rep1,420,13.993994587280108,13.061061614794767,False,-552.5797119140625,-325.84307861328125,-299.3839111328125,-327.071533203125,-44.61077880859375,-329.0633544921875,-298.85813395182294,-327.32598876953125,0.36322249847185356,30.67683629149519,3,False,False,653.839106667836
low_6p0s_rep1,421,14.027313622011729,13.094380649526387,False,-554.0427856445312,-325.717529296875,-300.74896240234375,-327.0212097167969,-45.99455642700195,-328.9378967285156,-300.2621014912923,-327.2255452473958,0.3631761328227545,33.043806975410504,3,False,False,653.839106667836
low_6p0s_rep1,422,14.060632656743348,13.127699684258006,False,-554.8807373046875,-325.81695556640625,-301.6373596191406,-327.1309814453125,-46.90924072265625,-328.92626953125,-301.14244588216144,-327.29140218098956,0.35070539131622497,32.66400538458575,3,False,False,653.839106667836
low_6p0s_rep1,423,14.093951691474967,13.161018718989625,False,-556.189697265625,-325.94354248046875,-302.9942626953125,-327.310546875,-48.170127868652344,-329.1051940917969,-302.4513626098633,-327.4530944824219,0.3565747578307806,29.90308595854715,3,False,False,653.839106667836
low_6p0s_rep1,424,14.127270726206586,13.194337753721245,False,-557.0996704101562,-325.859375,-304.0288391113281,-327.33782958984375,-49.0891227722168,-329.0926818847656,-303.4058774312337,-327.4299621582031,0.3646623831173281,28.626949560306713,3,False,False,653.839106667836
low_6p0s_rep1,425,14.160589760938205,13.227656788452864,False,-558.0136108398438,-325.8758239746094,-304.7383117675781,-327.25421142578125,-49.88113784790039,-329.0690612792969,-304.2110201517741,-327.3996988932292,0.3600569179393803,30.27902923538202,3,False,False,653.839106667836
low_6p0s_rep1,426,14.193908795669824,13.260975823184483,False,-558.6259765625,-325.94866943359375,-305.44488525390625,-327.3182373046875,-50.54704284667969,-329.0309753417969,-304.8726348876953,-327.43262736002606,0.3475856633673389,31.112512832996554,3,False,False,653.839106667836
low_6p0s_rep1,427,14.227227830401445,13.294294857916103,False,-559.79638671875,-326.0706787109375,-306.6645812988281,-327.19024658203125,-51.74943923950195,-328.82012939453125,-306.07013575236004,-327.3603515625,0.31007052211593633,29.734239879539174,3,False,False,653.839106667836
low_6p0s_rep1,428,14.260546865133064,13.327613892647722,False,-561.3383178710938,-326.09857177734375,-308.20660400390625,-327.2618408203125,-53.292137145996094,-328.8301086425781,-307.6123530069987,-327.39684041341144,0.3080507872602028,28.400885180943856,3,False,False,653.839106667836
low_6p0s_rep1,429,14.293865899864683,13.360932927379341,False,-562.3839111328125,-325.8389892578125,-309.21905517578125,-327.1113586425781,-54.23086166381836,-328.68072509765625,-308.611275990804,-327.2103576660156,0.32041089391731264,27.451091162472697,3,False,False,653.839106667836
low_6p0s_rep1,430,14.327184934596302,13.39425196211096,False,-562.6865844726562,-325.8776550292969,-309.5594177246094,-327.0930480957031,-54.492347717285156,-328.85009765625,-308.9127833048503,-327.2736002604167,0.33512083164949025,24.94054234903497,3,False,False,653.839106667836
low_6p0s_rep1,431,14.36050396932792,13.42757099684258,False,-563.341064453125,-325.88623046875,-310.30419921875,-327.1316833496094,-55.25605392456055,-328.8312072753906,-309.6337725321452,-327.2830403645833,0.3320957097867735,24.35353288668801,3,False,False,653.839106667836
low_6p0s_rep1,432,14.39382300405954,13.460890031574198,False,-564.205322265625,-325.93707275390625,-311.1156005859375,-327.18939208984375,-56.045387268066406,-328.8080139160156,-310.45543670654297,-327.3114929199219,0.3236993914348142,26.883632780810895,3,False,False,653.839106667836
low_6p0s_rep1,433,14.42714203879116,13.49420906630582,False,-565.1658935546875,-325.68017578125,-312.235107421875,-327.1279296875,-57.209999084472656,-328.79486083984375,-311.53700002034503,-327.20098876953125,0.351321982371334,26.115698541354604,3,False,False,653.839106667836
low_6p0s_rep1,434,14.46046107352278,13.527528101037438,False,-566.41650390625,-325.6585998535156,-313.52484130859375,-327.083251953125,-58.46162796020508,-328.5674133300781,-312.8009910583496,-327.10308837890625,0.328101809302452,21.898908636272562,3,False,False,653.839106667836
low_6p0s_rep1,435,14.493780108254398,13.560847135769057,False,-567.3823852539062,-325.7851867675781,-314.4423522949219,-326.97607421875,-59.21656799316406,-328.5803527832031,-313.68043518066406,-327.11387125651044,0.31515224985944507,19.545394347144498,3,False,False,653.839106667836
low_6p0s_rep1,436,14.527099142986017,13.594166170500676,False,-567.2113037109375,-325.6777038574219,-314.35791015625,-327.08984375,-59.133644104003906,-328.6739501953125,-313.56761932373047,-327.1471659342448,0.3378819679305836,19.216418696699282,3,False,False,653.839106667836
low_6p0s_rep1,437,14.560418177717636,13.627485205232295,False,-567.4871826171875,-325.6904602050781,-314.5303649902344,-327.06134033203125,-59.436737060546875,-328.6925964355469,-313.81809488932294,-327.14813232421875,0.33856428039217146,23.189314308509083,3,False,False,653.839106667836
low_6p0s_rep1,438,14.593737212449255,13.660804239963914,False,-568.36572265625,-325.7177734375,-315.4435119628906,-327.0020446777344,-60.25080108642578,-328.53228759765625,-314.68667856852215,-327.0840352376302,0.3173654751841802,29.161465344178115,3,False,False,653.839106667836
low_6p0s_rep1,439,14.627056247180876,13.694123274695535,False,-569.6962890625,-325.3984375,-316.9078674316406,-326.9207458496094,-61.55795669555664,-328.26080322265625,-316.0540377298991,-326.85999552408856,0.3227462489325499,29.982404650907274,3,False,False,653.839106667836
low_6p0s_rep1,440,14.660375281912495,13.727442309427154,False,-571.7840576171875,-325.2445068359375,-318.9807434082031,-326.7028503417969,-63.69673156738281,-327.9761047363281,-318.1538441975911,-326.6411539713542,0.30803272412580074,26.79195679794667,3,False,False,653.839106667836
low_6p0s_rep1,441,14.693694316644114,13.760761344158773,False,-572.3182983398438,-325.0875244140625,-319.6624450683594,-326.5930480957031,-64.45084381103516,-327.9549560546875,-318.8105290730794,-326.54517618815106,0.32348988673594553,25.032523638646506,3,False,False,653.839106667836
low_6p0s_rep1,442,14.727013351375733,13.794080378890392,False,-572.1471557617188,-325.1499328613281,-319.40386962890625,-326.6466369628906,-64.14407348632812,-327.95025634765625,-318.5650329589844,-326.582275390625,0.3158348787955081,25.24965779571534,3,False,False,653.839106667836
low_6p0s_rep1,443,14.760332386107352,13.827399413622011,False,-572.4512329101562,-325.1856384277344,-319.6747741699219,-326.5437927246094,-64.47367858886719,-327.967529296875,-318.86656188964844,-326.56565348307294,0.31377176237797183,27.0530551262999,3,False,False,653.839106667836
low_6p0s_rep1,444,14.793651420838971,13.86071844835363,False,-573.8278198242188,-325.0397033691406,-321.014892578125,-326.4924011230469,-65.8015365600586,-327.8892517089844,-320.2147496541341,-326.4737854003906,0.3213719183278976,31.86614726778237,3,False,False,653.839106667836
low_6p0s_rep1,445,14.826970455570592,13.89403748308525,False,-575.9915161132812,-324.96246337890625,-323.2445373535156,-326.46142578125,-67.98217010498047,-327.84814453125,-322.4060745239258,-326.42401123046875,0.3254577383105234,34.33869684046532,3,False,False,653.839106667836
low_6p0s_rep1,446,14.860289490302211,13.92735651781687,False,-577.1535034179688,-324.95574951171875,-324.41815185546875,-326.4167785644531,-69.14469146728516,-327.85955810546875,-323.5721155802409,-326.4106953938802,0.32750251774758354,30.674473980555526,3,False,False,653.839106667836
low_6p0s_rep1,447,14.89360852503383,13.960675552548489,False,-577.951904296875,-325.01904296875,-325.2460632324219,-326.4993591308594,-70.06484985351562,-328.0116271972656,-324.4209391276042,-326.510009765625,0.33759565316269946,24.187010955276286,3,False,False,653.839106667836
low_6p0s_rep1,448,14.92692755976545,13.993994587280108,False,-578.0638427734375,-325.0772705078125,-325.27105712890625,-326.5936279296875,-70.02103424072266,-327.9784240722656,-324.4519780476888,-326.5497741699219,0.3271811851173233,19.846869492531066,3,False,False,653.839106667836
low_6p0s_rep1,449,14.960246594497068,14.027313622011727,False,-578.4768676757812,-324.95355224609375,-325.629150390625,-326.5051574707031,-70.44329833984375,-327.977783203125,-324.8497721354167,-326.4788309733073,0.34106727168959355,19.829054843958875,3,False,False,653.839106667836
low_6p0s_rep1,450,14.993565629228687,14.060632656743346,False,-579.6370239257812,-325.16497802734375,-326.56170654296875,-326.4956970214844,-71.29106140136719,-327.8208312988281,-325.8299306233724,-326.49383544921875,0.29933905292184854,27.331624633139715,3,False,False,653.839106667836
low_6p0s_rep1,451,15.026884663960308,14.093951691474967,False,-580.4454345703125,-325.2749328613281,-327.5180358886719,-326.54241943359375,-72.31966400146484,-327.9341125488281,-326.7610448201497,-326.5838216145833,0.29984383983020607,38.051959596296015,3,False,False,653.839106667836
low_6p0s_rep1,452,15.060203698691927,14.127270726206586,False,-581.4959106445312,-325.0320129394531,-328.570556640625,-326.5945739746094,-73.45011138916016,-328.0837707519531,-327.83885955810547,-326.5701192220052,0.34416334122299885,40.64950938306687,3,False,False,653.839106667836
low_6p0s_rep1,453,15.093522733423546,14.160589760938205,False,-583.8528442382812,-324.85260009765625,-330.8492736816406,-326.2240905761719,-75.71995544433594,-327.77618408203125,-330.14069112141925,-326.28429158528644,0.3296522990305451,37.653473232674685,3,False,False,653.839106667836
low_6p0s_rep1,454,15.126841768155165,14.193908795669824,False,-585.5234985351562,-324.8489990234375,-332.4747314453125,-326.2867736816406,-77.52058410644531,-327.7803649902344,-331.839604695638,-326.3053792317708,0.3306143119068996,34.782452561706755,3,False,False,653.839106667836
low_6p0s_rep1,455,15.160160802886784,14.227227830401443,False,-586.0468139648438,-324.5761413574219,-333.0354919433594,-326.2585144042969,-78.07006072998047,-327.9541015625,-332.38412221272785,-326.26291910807294,0.38100170749577544,29.83966611493485,3,False,False,653.839106667836
low_6p0s_rep1,456,15.193479837618403,14.260546865133062,False,-586.3477172851562,-324.4739074707031,-333.5083312988281,-326.2533874511719,-78.4018325805664,-327.9840087890625,-332.7526270548503,-326.2371012369792,0.39592955875771746,21.70157743795303,3,False,False,653.839106667836
low_6p0s_rep1,457,15.226798872350024,14.293865899864683,False,-587.1416625976562,-324.6680908203125,-334.0643005371094,-326.2544860839844,-79.10340118408203,-328.0787658691406,-333.4364547729492,-326.3337809244792,0.3846449464320366,18.22330165110677,3,False,False,653.839106667836
low_6p0s_rep1,458,15.260117907081643,14.327184934596302,False,-588.1066284179688,-324.611572265625,-335.237060546875,-326.2899169921875,-80.11246490478516,-328.0002746582031,-334.48538462320965,-326.3005879720052,0.38220018889505675,20.850458559477705,3,False,False,653.839106667836
low_6p0s_rep1,459,15.293436941813262,14.36050396932792,False,-588.3572998046875,-324.67236328125,-335.42730712890625,-326.3169250488281,-80.39239501953125,-328.0745544433594,-334.7256673177083,-326.3546142578125,0.38374359747844744,25.232007249519057,3,False,False,653.839106667836
low_6p0s_rep1,460,15.32675597654488,14.39382300405954,False,-589.2260131835938,-324.6862487792969,-336.2072448730469,-326.3248291015625,-81.27640533447266,-328.03692626953125,-335.5698877970378,-326.3493347167969,0.3779447630964893,27.782738246937267,3,False,False,653.839106667836
low_6p0s_rep1,461,15.3600750112765,14.427142038791159,False,-590.2188110351562,-324.4910888671875,-337.1857604980469,-326.19793701171875,-82.13752746582031,-327.86187744140625,-336.5140329996745,-326.1836344401042,0.38011462282290814,29.073071408821896,3,False,False,653.839106667836
low_6p0s_rep1,462,15.393394046008119,14.460461073522778,False,-591.6806640625,-324.1944274902344,-338.7749328613281,-325.8368835449219,-83.79073333740234,-327.56781005859375,-338.08211008707684,-325.8663736979167,0.38055045001773025,31.125373879631496,3,False,False,653.839106667836
low_6p0s_rep1,463,15.42671308073974,14.493780108254398,False,-592.6543579101562,-324.1518859863281,-339.76190185546875,-325.74969482421875,-84.87374877929688,-327.6167297363281,-339.09666951497394,-325.8394368489583,0.3909519958105928,31.875756797581992,3,False,False,653.839106667836
low_6p0s_rep1,464,15.460032115471359,14.527099142986017,False,-593.404296875,-324.0547180175781,-340.5340270996094,-325.9031677246094,-85.46542358398438,-327.717041015625,-339.80124918619794,-325.8916422526042,0.4131048556104072,30.68680837305426,3,False,False,653.839106667836
low_6p0s_rep1,465,15.493351150202978,14.560418177717636,False,-594.52001953125,-323.9930419921875,-341.58331298828125,-325.8036193847656,-86.49160766601562,-327.6771545410156,-340.86498006184894,-325.82460530598956,0.41548936101948314,29.342000855186843,3,False,False,653.839106667836
low_6p0s_rep1,466,15.526670184934597,14.593737212449255,False,-595.4434204101562,-323.98046875,-342.5824279785156,-325.8251953125,-87.49305725097656,-327.6194763183594,-341.8396352132161,-325.8083801269531,0.41046571373337887,30.167038904968624,3,False,False,653.839106667836
low_6p0s_rep1,467,15.559989219666216,14.627056247180874,False,-596.566650390625,-323.75634765625,-343.72998046875,-325.69189453125,-88.64653778076172,-327.5669250488281,-342.9810562133789,-325.6717224121094,0.4298430020866,31.60660600382729,3,False,False,653.839106667836
low_6p0s_rep1,468,15.593308254397835,14.660375281912494,False,-597.5715942382812,-323.62481689453125,-344.7239074707031,-325.5657958984375,-89.62708282470703,-327.3804626464844,-343.9741948445638,-325.52369181315106,0.4236264493330259,32.108377639293536,3,False,False,653.839106667836
low_6p0s_rep1,469,15.626627289129456,14.693694316644114,False,-598.6727294921875,-323.48486328125,-345.75628662109375,-325.566650390625,-90.49625396728516,-327.4473876953125,-344.97509002685547,-325.4996337890625,0.446756854882955,29.634354961565734,3,False,False,653.839106667836
low_6p0s_rep1,470,15.659946323861075,14.727013351375733,False,-599.8303833007812,-323.2752990722656,-346.9989013671875,-325.40106201171875,-91.8371810913086,-327.298828125,-346.22215525309247,-325.32506306966144,0.4537982240376383,24.14578691202905,3,False,False,653.839106667836
low_6p0s_rep1,471,15.693265358592694,14.760332386107352,False,-600.8612670898438,-323.2582092285156,-347.97491455078125,-325.26165771484375,-92.70580291748047,-327.162841796875,-347.18066151936847,-325.2275695800781,0.44024826976240417,19.031173829148425,3,False,False,653.839106667836
low_6p0s_rep1,472,15.726584393324313,14.793651420838971,False,-601.1666259765625,-323.2569885253906,-348.37506103515625,-325.22015380859375,-93.00004577636719,-327.0701904296875,-347.513910929362,-325.1824442545573,0.4299304273303837,8.743870687813583,3,False,False,653.839106667836
low_6p0s_rep1,473,15.759903428055932,14.82697045557059,False,-601.1917114257812,-323.27459716796875,-348.32025146484375,-325.07958984375,-92.9474868774414,-326.6598815917969,-347.48648325602215,-325.0046895345052,0.38162684833378424,-11.676937322042003,3,False,False,653.839106667836
low_6p0s_rep1,474,15.79322246278755,14.86028949030221,False,-601.443359375,-323.1473693847656,-348.6484375,-325.16094970703125,-93.31961822509766,-326.83740234375,-347.8038050333659,-325.04857381184894,0.41607896098400965,-29.81340210219241,3,False,False,653.839106667836
low_6p0s_rep1,475,15.82654149751917,14.893608525033828,False,-599.9918823242188,-322.5542907714844,-347.1184997558594,-324.8110046386719,-91.81005859375,-326.72637939453125,-346.3068135579427,-324.6972249348958,0.47037829434073575,-34.31052466056754,3,False,False,653.839106667836
low_6p0s_rep1,476,15.85986053225079,14.92692755976545,False,-596.9187622070312,-321.537353515625,-344.0185852050781,-324.0621337890625,-88.6787338256836,-326.2263488769531,-343.20536041259766,-323.9419453938802,0.5285928048736046,-31.17945896951453,3,False,False,653.839106667836
low_6p0s_rep1,477,15.89317956698241,14.960246594497068,False,-595.2158203125,-321.264892578125,-342.3788146972656,-324.1763000488281,-87.0723876953125,-326.820556640625,-341.55567423502606,-324.0872497558594,0.6264046728207091,-24.382224088052983,3,False,False,653.839106667836
low_6p0s_rep1,478,15.926498601714028,14.993565629228687,False,-595.724853515625,-321.70703125,-342.7368469238281,-324.7952880859375,-87.57665252685547,-327.798828125,-342.01278432210285,-324.7670491536458,0.6868420090033628,-9.77809728662565,3,False,False,653.839106667836
low_6p0s_rep1,479,15.959817636445647,15.026884663960306,False,-596.624267578125,-322.27783203125,-343.7140197753906,-325.26605224609375,-88.32814025878906,-328.2481689453125,-342.88880920410156,-325.26401774088544,0.6729529482439909,6.756209287597846,3,False,False,653.839106667836
low_6p0s_rep1,480,15.993136671177266,15.060203698691925,False,-596.7786254882812,-322.4156494140625,-343.9293518066406,-325.53125,-88.58568572998047,-328.2629089355469,-343.09788767496747,-325.4032694498698,0.6592151975122943,15.994852453748626,3,False,False,653.839106667836
low_6p0s_rep1,481,16.026455705908887,15.093522733423546,False,-596.87158203125,-322.3062744140625,-343.92681884765625,-325.4688415527344,-88.6705551147461,-328.44580078125,-343.1563186645508,-325.40697224934894,0.692150976822573,20.02079511250879,3,False,False,653.839106667836
low_6p0s_rep1,482,16.059774740640506,15.126841768155165,False,-597.6533813476562,-322.0531921386719,-344.62188720703125,-325.8132629394531,-89.29219055175781,-329.38330078125,-343.85581970214844,-325.7499186197917,0.826096077887175,23.390877821582762,3,False,False,653.839106667836
low_6p0s_rep1,483,16.093093775372125,15.160160802886784,False,-598.7948608398438,-321.8556213378906,-345.80535888671875,-325.8691101074219,-90.52568817138672,-329.6383056640625,-345.0419692993164,-325.7876790364583,0.8772519446519915,27.333021411498596,3,False,False,653.839106667836
low_6p0s_rep1,484,16.126412810103744,15.193479837618403,False,-600.3005981445312,-322.0085754394531,-347.259765625,-326.085693359375,-92.03071594238281,-329.97735595703125,-346.5303599039714,-326.0238749186198,0.8982237645431712,29.00159909980898,3,False,False,653.839106667836
low_6p0s_rep1,485,16.159731844835363,15.226798872350022,False,-600.9234008789062,-321.9988708496094,-348.0972595214844,-326.1022644042969,-92.72919464111328,-329.8043212890625,-347.2499516805013,-325.96848551432294,0.879947468551641,27.48004950724071,3,False,False,653.839106667836
low_6p0s_rep1,486,16.193050879566982,15.260117907081641,False,-601.8372192382812,-321.9427185058594,-348.89764404296875,-325.9837951660156,-93.59919738769531,-329.7557373046875,-348.1113535563151,-325.8940836588542,0.8807246306354175,24.151511413498483,3,False,False,653.839106667836
low_6p0s_rep1,487,16.2263699142986,15.29343694181326,False,-602.280029296875,-321.7314147949219,-349.36737060546875,-325.85821533203125,-94.04411315917969,-329.78863525390625,-348.5638376871745,-325.7927551269531,0.9082515489918657,20.589451823145087,3,False,False,653.839106667836
low_6p0s_rep1,488,16.25968894903022,15.326755976544879,False,-603.195556640625,-321.43536376953125,-350.367919921875,-325.7857360839844,-94.9066390991211,-329.85565185546875,-349.4900385538737,-325.69225056966144,0.9490721270523097,19.821903033455314,3,False,False,653.839106667836
low_6p0s_rep1,489,16.29300798376184,15.360075011276498,False,-603.85595703125,-321.55865478515625,-350.96160888671875,-325.7784729003906,-95.5704574584961,-329.7534484863281,-350.1293411254883,-325.6968587239583,0.923666754234791,20.32327013748547,3,False,False,653.839106667836
low_6p0s_rep1,490,16.32632701849346,15.393394046008117,False,-604.2113037109375,-321.3757019042969,-351.3631896972656,-325.57696533203125,-95.95903778076172,-329.5362243652344,-350.5111770629883,-325.4962972005208,0.9198647097473615,20.64049147824621,3,False,False,653.839106667836
low_6p0s_rep1,491,16.35964605322508,15.42671308073974,False,-605.1403198242188,-321.39337158203125,-352.29400634765625,-325.58294677734375,-96.92945861816406,-329.5495300292969,-351.454594930013,-325.5086161295573,0.9194477667753141,21.648950187776805,3,False,False,653.839106667836
low_6p0s_rep1,492,16.3929650879567,15.460032115471359,False,-605.7572021484375,-321.6438903808594,-352.8505554199219,-325.4739990234375,-97.36858367919922,-329.45452880859375,-351.9921137491862,-325.5241394042969,0.8801955741577663,22.67060578136063,3,False,False,653.839106667836
low_6p0s_rep1,493,16.42628412268832,15.493351150202978,False,-606.6796875,-321.69512939453125,-353.7814025878906,-325.79620361328125,-98.3558349609375,-329.54296875,-352.93897501627606,-325.6781005859375,0.8844998151332123,21.730917416150916,3,False,False,653.839106667836
low_6p0s_rep1,494,16.459603157419938,15.526670184934597,False,-607.6234130859375,-321.7314453125,-354.821044921875,-325.77252197265625,-99.23641967773438,-329.5455627441406,-353.8936258951823,-325.6831766764323,0.8805903823054123,22.125282138715107,3,False,False,653.839106667836
low_6p0s_rep1,495,16.492922192151557,15.559989219666216,False,-608.0310668945312,-321.7676086425781,-355.1644592285156,-325.70947265625,-99.7060317993164,-329.4425048828125,-354.3005193074544,-325.6398620605469,0.8650090442237585,24.8309944725813,3,False,False,653.839106667836
low_6p0s_rep1,496,16.526241226883176,15.593308254397835,False,-608.5980834960938,-321.6752624511719,-355.79058837890625,-325.5958251953125,-100.32868194580078,-329.2807312011719,-354.9057846069336,-325.51727294921875,0.857279113345737,26.248755037176366,3,False,False,653.839106667836
low_6p0s_rep1,497,16.559560261614795,15.626627289129454,False,-609.6195068359375,-321.69171142578125,-356.8766174316406,-325.6064453125,-101.24243927001953,-329.318115234375,-355.91285451253253,-325.53875732421875,0.8594565036697177,25.77130871661942,3,False,False,653.839106667836
low_6p0s_rep1,498,16.592879296346414,15.659946323861073,False,-611.0004272460938,-322.01507568359375,-358.2503967285156,-325.843994140625,-102.62422180175781,-329.3949279785156,-357.29168192545575,-325.75133260091144,0.831676793599983,23.344631482377913,3,False,False,653.839106667836
low_6p0s_rep1,499,16.626198331078033,15.693265358592692,False,-611.9192504882812,-322.1846008300781,-359.26336669921875,-325.8382263183594,-103.6776351928711,-329.2752990722656,-358.28675079345703,-325.7660420735677,0.7993063043054168,21.494548934143936,3,False,False,653.839106667836
low_6p0s_rep1,500,16.659517365809652,15.72658439332431,False,-612.2021484375,-321.98321533203125,-359.4878845214844,-325.6315612792969,-103.79240417480469,-329.05145263671875,-358.494145711263,-325.55540974934894,0.796511242698105,21.322722298036066,3,False,False,653.839106667836
low_6p0s_rep1,501,16.69283640054127,15.75990342805593,False,-612.1991577148438,-321.83062744140625,-359.4324951171875,-325.4873046875,-103.83943939208984,-328.9477844238281,-358.49036407470703,-325.4219055175781,0.802102139349781,22.31857183899671,3,False,False,653.839106667836
low_6p0s_rep1,502,16.72615543527289,15.793222462787549,False,-613.0993041992188,-321.7914123535156,-360.56549072265625,-325.5487060546875,-104.80535888671875,-328.9849853515625,-359.49005126953125,-325.4417012532552,0.810817957279559,25.03814509908966,3,False,False,653.839106667836
low_6p0s_rep1,503,16.759474470004513,15.826541497519171,False,-614.5435180664062,-321.87518310546875,-361.7647705078125,-325.5574645996094,-106.14874267578125,-329.02490234375,-360.8190104166667,-325.48585001627606,0.8057158604323023,29.401879140557114,3,False,False,653.839106667836
low_6p0s_rep1,504,16.79279350473613,15.85986053225079,False,-615.8397827148438,-322.0047912597656,-363.09747314453125,-325.68145751953125,-107.65000915527344,-329.0353698730469,-362.1957550048828,-325.57387288411456,0.7926109626720966,31.515945165887814,3,False,False,653.839106667836
low_6p0s_rep1,505,16.82611253946775,15.89317956698241,False,-616.474365234375,-322.0986022949219,-363.8963317871094,-325.65826416015625,-108.4121322631836,-328.8773193359375,-362.92760976155597,-325.5447285970052,0.764411931159666,29.373477980601407,3,False,False,653.839106667836
low_6p0s_rep1,506,16.85943157419937,15.926498601714028,False,-617.4657592773438,-322.23052978515625,-364.783203125,-325.65203857421875,-109.31100463867188,-328.73382568359375,-363.8533223470052,-325.53879801432294,0.7332236169003776,27.595043292757662,3,False,False,653.839106667836
low_6p0s_rep1,507,16.89275060893099,15.959817636445647,False,-618.260009765625,-322.30792236328125,-365.47998046875,-325.667724609375,-110.14371490478516,-328.7515563964844,-364.6279017130534,-325.5757344563802,0.7265526602334792,28.3034694312713,3,False,False,653.839106667836
low_6p0s_rep1,508,16.926069643662608,15.993136671177266,False,-619.1493530273438,-322.3105163574219,-366.4272155761719,-325.80712890625,-110.82778930664062,-328.9297180175781,-365.46811930338544,-325.6824544270833,0.7460452442860369,29.974359818175675,3,False,False,653.839106667836
low_6p0s_rep1,509,16.959388678394227,16.026455705908887,False,-620.506591796875,-322.1329650878906,-367.6734313964844,-325.7662353515625,-112.04312133789062,-328.9945373535156,-366.7410481770833,-325.63124593098956,0.7731435836915483,33.19000311027166,3,False,False,653.839106667836
low_6p0s_rep1,510,16.992707713125846,16.059774740640506,False,-621.4681396484375,-321.8940734863281,-368.7575988769531,-325.9506530761719,-113.21253967285156,-329.3158874511719,-367.81275939941406,-325.72020467122394,0.8366034635720873,37.88819305825864,3,False,False,653.839106667836
low_6p0s_rep1,511,17.026026747857465,16.093093775372125,False,-622.6947021484375,-321.7019958496094,-369.9104919433594,-326.0565490722656,-114.26082611083984,-329.8670654296875,-368.9553400675456,-325.8752034505208,0.9200484810588272,39.653690372780616,3,False,False,653.839106667836
low_6p0s_rep1,512,17.059345782589084,16.126412810103744,False,-624.3965454101562,-321.9664611816406,-371.4826354980469,-326.209228515625,-115.87423706054688,-330.045654296875,-370.58447265625,-326.0737813313802,0.9102151816292011,39.00473035553213,3,False,False,653.839106667836
low_6p0s_rep1,513,17.092664817320703,16.159731844835363,False,-625.9090576171875,-321.93365478515625,-372.9206848144531,-326.2567138671875,-117.57684326171875,-330.46356201171875,-372.1355285644531,-326.2179768880208,0.9613434021697227,36.73053857509913,3,False,False,653.839106667836
low_6p0s_rep1,514,17.12598385205232,16.193050879566982,False,-627.02197265625,-321.5377502441406,-374.11822509765625,-326.22003173828125,-118.71739959716797,-330.5522766113281,-373.2858657836914,-326.1033528645833,1.0160053731150986,30.13672957785502,3,False,False,653.839106667836
low_6p0s_rep1,515,17.159302886783944,16.226369914298605,False,-628.0457763671875,-321.6048583984375,-375.094482421875,-326.1097717285156,-119.65156555175781,-330.056396484375,-374.2639414469401,-325.9236755371094,0.9523964914589407,22.194388320453424,3,False,False,653.839106667836
low_6p0s_rep1,516,17.192621921515563,16.259688949030224,False,-628.5327758789062,-322.30035400390625,-375.5177001953125,-325.9851379394531,-120.1767807006836,-329.1649475097656,-374.74241892496747,-325.8168131510417,0.773647475660585,18.629596234732748,3,False,False,653.839106667836
low_6p0s_rep1,517,17.225940956247182,16.293007983761843,False,-628.6567993164062,-322.8307189941406,-375.64532470703125,-325.95343017578125,-120.21385955810547,-328.51190185546875,-374.83866119384766,-325.7653503417969,0.6401785322736673,19.000314949894094,3,False,False,653.839106667836
low_6p0s_rep1,518,17.2592599909788,16.326327018493462,False,-628.9867553710938,-323.3948974609375,-376.1263732910156,-325.9698791503906,-120.71575927734375,-328.005615234375,-375.2762959798177,-325.7901306152344,0.5197373547406847,22.298421593824305,3,False,False,653.839106667836
low_6p0s_rep1,519,17.29257902571042,16.35964605322508,False,-630.1637573242188,-323.5675354003906,-377.10321044921875,-325.9858093261719,-121.78993225097656,-327.81463623046875,-376.352300008138,-325.78932698567706,0.4786542495118276,28.55672137627817,3,False,False,653.839106667836
low_6p0s_rep1,520,17.32589806044204,16.3929650879567,False,-631.3387451171875,-323.53228759765625,-378.31024169921875,-325.97491455078125,-122.93569946289062,-327.8593444824219,-377.5282287597656,-325.7888488769531,0.4876369510929838,34.1086558407491,3,False,False,653.839106667836
low_6p0s_rep1,521,17.35921709517366,16.42628412268832,False,-632.6885375976562,-323.3539123535156,-379.6382751464844,-326.0296936035156,-124.39643859863281,-328.147216796875,-378.9077504475911,-325.84360758463544,0.5402955789879333,36.21024245287729,3,False,False,653.839106667836
low_6p0s_rep1,522,17.392536129905277,16.459603157419938,False,-633.8734130859375,-322.9656982421875,-380.8914794921875,-326.0549011230469,-125.79956817626953,-328.69659423828125,-380.18815358479816,-325.9057312011719,0.6462490287846916,36.671484617939946,3,False,False,653.839106667836
low_6p0s_rep1,523,17.425855164636896,16.492922192151557,False,-635.090576171875,-322.45172119140625,-382.0064697265625,-326.0619201660156,-126.77738952636719,-329.1799621582031,-381.2914784749349,-325.8978678385417,0.7583460550046556,35.36801563334916,3,False,False,653.839106667836
low_6p0s_rep1,524,17.459174199368515,16.526241226883176,False,-636.2199096679688,-321.7968444824219,-383.1237487792969,-326.0036926269531,-127.8624038696289,-329.7602844238281,-382.40202077229816,-325.8536071777344,0.897467190567446,31.73003388817559,3,False,False,653.839106667836
low_6p0s_rep1,525,17.492493234100134,16.559560261614795,False,-637.5115356445312,-322.2330017089844,-384.3437805175781,-326.04180908203125,-129.2359619140625,-329.4266662597656,-383.6970926920573,-325.90049235026044,0.8108575786102752,29.363586042061545,3,False,False,653.839106667836
low_6p0s_rep1,526,17.525812268831753,16.592879296346414,False,-638.3262939453125,-322.7863464355469,-385.2103271484375,-326.02423095703125,-130.0328826904297,-328.8470458984375,-384.5231679280599,-325.88587443033856,0.6831409520858855,28.476028803567086,3,False,False,653.839106667836
low_6p0s_rep1,527,17.559131303563376,16.626198331078037,False,-639.0572509765625,-322.98223876953125,-385.7184143066406,-325.7388000488281,-130.65896606445312,-328.2091369628906,-385.14487711588544,-325.6433919270833,0.5890434020134446,27.47477533321981,3,False,False,653.839106667836
low_6p0s_rep1,528,17.592450338294995,16.659517365809656,False,-639.9557495117188,-323.0961608886719,-386.768310546875,-325.65081787109375,-131.63119506835938,-327.8914489746094,-386.11841837565106,-325.546142578125,0.5404846506039584,28.576589212711188,3,False,False,653.839106667836
low_6p0s_rep1,529,17.625769373026614,16.692836400541275,False,-641.0296630859375,-323.22149658203125,-387.5962219238281,-325.56170654296875,-132.56317138671875,-327.6900634765625,-387.0630187988281,-325.4910888671875,0.5035207561471878,32.15240287192756,3,False,False,653.839106667836
low_6p0s_rep1,530,17.659088407758233,16.726155435272894,False,-642.1251220703125,-322.99560546875,-388.84918212890625,-325.4598083496094,-133.5969696044922,-327.4796447753906,-388.190424601237,-325.3116861979167,0.5052028446350715,34.445973998003346,3,False,False,653.839106667836
low_6p0s_rep1,531,17.692407442489852,16.759474470004513,False,-643.4696655273438,-322.71368408203125,-390.2323303222656,-325.3329162597656,-134.95184326171875,-327.6339416503906,-389.55127970377606,-325.2268473307292,0.5543585368532292,34.04989955766735,3,False,False,653.839106667836
low_6p0s_rep1,532,17.72572647722147,16.79279350473613,False,-644.7347412109375,-322.23358154296875,-391.4272155761719,-325.2244873046875,-136.3269500732422,-327.923828125,-390.8296356201172,-325.12729899088544,0.641244109022566,32.73036380561874,3,False,False,653.839106667836
low_6p0s_rep1,533,17.75904551195309,16.82611253946775,False,-645.8424682617188,-321.9010314941406,-392.5689392089844,-325.05328369140625,-137.32077026367188,-327.9455871582031,-391.9107259114583,-324.9666341145833,0.6810156194278962,32.302858035882316,3,False,False,653.839106667836
low_6p0s_rep1,534,17.79236454668471,16.85943157419937,False,-646.4910888671875,-322.02911376953125,-393.3402099609375,-325.0611572265625,-138.01612854003906,-327.9601135253906,-392.6158091227214,-325.0167948404948,0.6682843218202638,33.71194025625007,3,False,False,653.839106667836
low_6p0s_rep1,535,17.825683581416328,16.89275060893099,False,-647.391357421875,-322.34979248046875,-394.2264099121094,-325.1458740234375,-139.01145935058594,-327.6875305175781,-393.54307556152344,-325.0610656738281,0.6015553041837293,36.419553124603425,3,False,False,653.839106667836
low_6p0s_rep1,536,17.859002616147947,16.926069643662608,False,-648.8373413085938,-322.3937072753906,-395.6732177734375,-325.02972412109375,-140.37432861328125,-327.36248779296875,-394.9616292317708,-324.9286397298177,0.5598855457089986,41.40701358084398,3,False,False,653.839106667836
low_6p0s_rep1,537,17.892321650879566,16.959388678394227,False,-650.5884399414062,-322.6103515625,-397.3454284667969,-325.1518249511719,-142.02146911621094,-327.3025207519531,-396.6517791748047,-325.0215657552083,0.5286105446450862,49.346668138890735,3,False,False,653.839106667836
low_6p0s_rep1,538,17.925640685611185,16.992707713125846,False,-652.104248046875,-322.8497314453125,-398.966064453125,-325.5843200683594,-143.599365234375,-327.73712158203125,-398.2232259114583,-325.39039103190106,0.5506696492655316,53.32131926448478,3,False,False,653.839106667836
low_6p0s_rep1,539,17.958959720342808,17.02602674785747,False,-654.0046997070312,-322.8203125,-400.79571533203125,-325.5536193847656,-145.49876403808594,-327.71575927734375,-400.0997263590495,-325.3632303873698,0.5515762051652024,48.37657122187351,3,False,False,653.839106667836
low_6p0s_rep1,540,17.992278755074427,17.059345782589087,False,-656.4086303710938,-322.79022216796875,-403.124267578125,-325.1488952636719,-147.97007751464844,-327.35546875,-402.50099182128906,-325.0981953938802,0.5144423668806647,42.22488455478671,3,False,False,653.839106667836
low_6p0s_rep1,541,18.025597789806046,17.092664817320706,False,-657.6752319335938,-322.6542053222656,-404.4481201171875,-325.1792297363281,-149.1862335205078,-327.2802734375,-403.7698618570964,-325.03790283203125,0.52124405304944,36.67126327055019,3,False,False,653.839106667836
low_6p0s_rep1,542,18.058916824537665,17.125983852052325,False,-657.762939453125,-322.5704650878906,-404.7081604003906,-325.1878662109375,-149.4153594970703,-327.3117980957031,-403.962153116862,-325.02337646484375,0.5343794371530898,27.38519070155641,3,False,False,653.839106667836
low_6p0s_rep1,543,18.092235859269284,17.159302886783944,False,-658.8235473632812,-322.6917724609375,-405.7807922363281,-325.0942687988281,-150.3409881591797,-327.26031494140625,-404.9817759195964,-325.0154520670573,0.5147691987891623,20.23852461773164,3,False,False,653.839106667836
low_6p0s_rep1,544,18.125554894000903,17.192621921515563,False,-659.4544677734375,-322.8615417480469,-406.2457275390625,-325.2388610839844,-150.97886657714844,-327.3548278808594,-405.5596872965495,-325.15174357096356,0.5062969197557351,20.68550895780303,3,False,False,653.839106667836
low_6p0s_rep1,545,18.158873928732522,17.225940956247182,False,-660.0648193359375,-322.9402160644531,-406.9144592285156,-325.3150634765625,-151.5172576904297,-327.36859130859375,-406.16551208496094,-325.2079569498698,0.4989126246308911,22.84544732157517,3,False,False,653.839106667836
low_6p0s_rep1,546,18.19219296346414,17.2592599909788,False,-660.714599609375,-322.886962890625,-407.597900390625,-325.3147888183594,-152.23336791992188,-327.4095458984375,-406.84862263997394,-325.2037658691406,0.5095922327608353,27.207425849258378,3,False,False,653.839106667836
low_6p0s_rep1,547,18.22551199819576,17.29257902571042,False,-661.6438598632812,-322.7250061035156,-408.53619384765625,-325.2143859863281,-153.14675903320312,-327.48919677734375,-407.7756042480469,-325.1428629557292,0.536797616409996,34.991984580826056,3,False,False,653.839106667836
low_6p0s_rep1,548,18.25883103292738,17.32589806044204,False,-662.711669921875,-322.8076477050781,-409.50494384765625,-325.1847839355469,-154.12400817871094,-327.4141540527344,-408.78020731608075,-325.1355285644531,0.5189393584684276,37.94254529154472,3,False,False,653.839106667836
low_6p0s_rep1,549,18.292150067658998,17.35921709517366,False,-664.6386108398438,-322.744873046875,-411.54315185546875,-324.996337890625,-156.29776000976562,-326.9555969238281,-410.8265075683594,-324.89893595377606,0.47458548517662685,35.53949116669984,3,False,False,653.839106667836
low_6p0s_rep1,550,18.325469102390617,17.392536129905277,False,-666.413818359375,-322.3527526855469,-413.3101806640625,-324.78143310546875,-157.9490509033203,-326.8573303222656,-412.55768330891925,-324.66383870442706,0.5075799775378532,33.08030639677927,3,False,False,653.839106667836
low_6p0s_rep1,551,18.35878813712224,17.4258551646369,False,-666.8790893554688,-322.42535400390625,-413.87152099609375,-324.7028503417969,-158.54501342773438,-326.7196044921875,-413.0985412597656,-324.6159362792969,0.4840056731070702,29.385209392277954,3,False,False,653.839106667836
low_6p0s_rep1,552,18.39210717185386,17.45917419936852,False,-667.083740234375,-322.4360656738281,-414.28167724609375,-324.7557678222656,-158.7358856201172,-326.6995544433594,-413.3671010335286,-324.6304626464844,0.48052565362993205,24.585619441596883,3,False,False,653.839106667836
low_6p0s_rep1,553,18.425426206585477,17.492493234100138,False,-667.9382934570312,-322.4438171386719,-415.0636291503906,-324.7907409667969,-159.6303253173828,-326.69183349609375,-414.21074930826825,-324.6421305338542,0.47881945137702075,24.270252839310867,3,False,False,653.839106667836
low_6p0s_rep1,554,18.458745241317096,17.525812268831757,False,-668.9163818359375,-322.62921142578125,-416.01849365234375,-324.82281494140625,-160.62562561035156,-326.72772216796875,-415.18683369954425,-324.72658284505206,0.4619841613728878,28.539631831226576,3,False,False,653.839106667836
low_6p0s_rep1,555,18.492064276048715,17.559131303563376,False,-670.1614990234375,-322.6423645019531,-417.16461181640625,-324.7433776855469,-161.84103393554688,-326.73944091796875,-416.38904825846356,-324.70839436848956,0.4617955010072818,33.71204711360958,3,False,False,653.839106667836
low_6p0s_rep1,556,18.525383310780335,17.592450338294995,False,-671.1572875976562,-322.6383056640625,-418.2616271972656,-324.83087158203125,-162.6424560546875,-326.59625244140625,-417.3537902832031,-324.6884765625,0.44594385970234507,36.69652740370082,3,False,False,653.839106667836
low_6p0s_rep1,557,18.558702345511954,17.625769373026614,False,-672.4547119140625,-322.680908203125,-419.4708557128906,-324.7615661621094,-163.9373779296875,-326.54217529296875,-418.62098185221356,-324.6615498860677,0.43504919364358907,38.15317641494547,3,False,False,653.839106667836
low_6p0s_rep1,558,18.592021380243573,17.659088407758233,False,-674.0350341796875,-322.5775451660156,-421.078369140625,-324.56011962890625,-165.4547882080078,-326.2618103027344,-420.18939717610675,-324.46649169921875,0.41505574018238517,39.94138855129798,3,False,False,653.839106667836
low_6p0s_rep1,559,18.62534041497519,17.692407442489852,False,-675.2735595703125,-322.33880615234375,-422.2332458496094,-324.42718505859375,-166.7985382080078,-326.19476318359375,-421.43511454264325,-324.32025146484375,0.43448708331278874,38.7055679087387,3,False,False,653.839106667836
low_6p0s_rep1,560,18.65865944970681,17.72572647722147,False,-676.7432861328125,-322.2651062011719,-423.6617431640625,-324.21917724609375,-168.15408325195312,-325.91156005859375,-422.85303751627606,-324.13194783528644,0.41078897305999845,32.50701665628767,3,False,False,653.839106667836
low_6p0s_rep1,561,18.69197848443843,17.75904551195309,False,-678.1311645507812,-322.20263671875,-425.0114440917969,-324.04522705078125,-169.4510498046875,-325.55401611328125,-424.19788614908856,-323.9339599609375,0.3774810751144487,28.12102575310723,3,False,False,653.839106667836
low_6p0s_rep1,562,18.72529751917005,17.79236454668471,False,-678.5252685546875,-322.31549072265625,-425.46185302734375,-323.9518127441406,-170.03250122070312,-325.362548828125,-424.67320760091144,-323.8766174316406,0.34333129393865647,22.925880383555644,3,False,False,653.839106667836
low_6p0s_rep1,563,18.75861655390167,17.82568358141633,False,-678.8575439453125,-322.2294921875,-425.715087890625,-323.6918029785156,-170.3319549560547,-324.98883056640625,-424.96819559733075,-323.63670857747394,0.3108926967915463,9.718447981313302,3,False,False,653.839106667836
low_6p0s_rep1,564,18.79193558863329,17.85900261614795,False,-679.8748779296875,-321.94879150390625,-426.80389404296875,-323.3544006347656,-171.39913940429688,-324.29437255859375,-426.0259704589844,-323.1991882324219,0.26430158119134034,-4.495519697965389,3,False,False,653.839106667836
low_6p0s_rep1,565,18.82525462336491,17.89232165087957,False,-679.8152465820312,-321.0940246582031,-426.6007080078125,-323.3917236328125,-171.28663635253906,-325.21319580078125,-425.90086364746094,-323.2329813639323,0.46409573666114373,-8.924925220288646,3,False,False,653.839106667836
low_6p0s_rep1,566,18.858573658096528,17.92564068561119,False,-678.3054809570312,-320.8950500488281,-425.0987243652344,-323.33306884765625,-169.76025390625,-325.336669921875,-424.3881530761719,-323.1882629394531,0.5004070213653317,-7.399826436807623,3,False,False,653.839106667836
low_6p0s_rep1,567,18.891892692828147,17.958959720342808,False,-676.99169921875,-320.1592712402344,-423.70068359375,-323.32550048828125,-168.26284790039062,-326.1531066894531,-422.9850769042969,-323.21262613932294,0.675026753578833,-6.0015215445421655,3,False,False,653.839106667836
low_6p0s_rep1,568,18.925211727559766,17.992278755074427,True,-677.74609375,-320.9319763183594,-424.38690185546875,-324.04083251953125,-168.91488647460938,-326.789306640625,-423.68262736002606,-323.9207051595052,0.6595222138143185,0.28521756121338016,3,False,False,653.839106667836
low_6p0s_rep1,569,18.958530762291385,18.025597789806046,True,-678.7659301757812,-321.77935791015625,-425.6466369628906,-324.92913818359375,-170.12539672851562,-327.3826599121094,-424.8459879557292,-324.6970520019531,0.6311580552542524,12.166107421607325,3,False,False,653.839106667836
low_6p0s_rep1,570,18.991849797023004,18.058916824537665,True,-678.9974365234375,-322.06756591796875,-425.79071044921875,-325.0206298828125,-170.4554443359375,-327.4354553222656,-425.08119710286456,-324.8412170410156,0.6047602574021043,20.775925550343977,3,False,False,653.839106667836
low_6p0s_rep1,571,19.025168831754623,18.092235859269284,True,-679.2197265625,-322.19268798828125,-426.0335693359375,-325.0611877441406,-170.65525817871094,-327.3614196777344,-425.3028513590495,-324.87176513671875,0.5822984764841174,23.167240630841583,3,False,False,653.839106667836
low_6p0s_rep1,572,19.058487866486242,18.125554894000903,True,-679.9837646484375,-322.266845703125,-426.9142150878906,-325.1413269042969,-171.4740447998047,-327.58819580078125,-426.12400817871094,-324.99878946940106,0.5995554488439958,24.588199283591358,3,False,False,653.839106667836
low_6p0s_rep1,573,19.09180690121786,18.158873928732522,False,-681.33740234375,-322.54681396484375,-428.2049255371094,-325.4255065917969,-172.85577392578125,-327.9880676269531,-427.4660339355469,-325.32012939453125,0.6130978062363973,25.774804478851564,3,False,False,653.839106667836
low_6p0s_rep1,574,19.12512593594948,18.19219296346414,False,-682.61865234375,-322.8177490234375,-429.58184814453125,-325.7661437988281,-174.14454650878906,-328.24371337890625,-428.78168233235675,-325.6092020670573,0.611384246033355,24.741142697517418,3,False,False,653.839106667836
low_6p0s_rep1,575,19.158444970681103,18.225511998195763,False,-683.170166015625,-322.76275634765625,-430.0693664550781,-325.6470031738281,-174.77462768554688,-328.15032958984375,-429.3380533854167,-325.52002970377606,0.6071525631146856,21.600269027280405,3,False,False,653.839106667836
low_6p0s_rep1,576,19.191764005412722,18.258831032927382,False,-683.42431640625,-322.6443176269531,-430.4195861816406,-325.542236328125,-175.05783081054688,-327.838623046875,-429.6339111328125,-325.3417256673177,0.5854072411131508,18.935048000475238,3,False,False,653.839106667836
low_6p0s_rep1,577,19.22508304014434,18.292150067659,False,-683.84912109375,-322.6069030761719,-430.8297119140625,-325.498291015625,-175.4305419921875,-327.87298583984375,-430.0364583333333,-325.32605997721356,0.5934352913478315,18.767037698680607,3,False,False,653.839106667836
low_6p0s_rep1,578,19.25840207487596,18.32546910239062,False,-684.4755859375,-322.494384765625,-431.6589660644531,-325.5590515136719,-176.11720275878906,-327.8179931640625,-430.7505849202474,-325.2904764811198,0.599988420989839,19.94109478671623,3,False,False,653.839106667836
low_6p0s_rep1,579,19.29172110960758,18.35878813712224,False,-685.518310546875,-322.7491455078125,-432.67584228515625,-325.7031555175781,-177.2241668701172,-327.903564453125,-431.8061065673828,-325.4519551595052,0.580994946886534,20.44228633936907,3,False,False,653.839106667836
low_6p0s_rep1,580,19.325040144339198,18.39210717185386,False,-686.398193359375,-323.1344299316406,-433.39288330078125,-325.6298522949219,-177.90879821777344,-327.6294250488281,-432.5666249593099,-325.4645690917969,0.5064757366124306,20.2444780992607,3,False,False,653.839106667836
low_6p0s_rep1,581,19.358359179070817,18.425426206585477,False,-686.791259765625,-322.83782958984375,-433.87530517578125,-325.5948181152344,-178.48199462890625,-327.7962951660156,-433.0495198567708,-325.40964762369794,0.5588923104088027,19.035234408856784,3,False,False,653.839106667836
low_6p0s_rep1,582,19.391678213802436,18.458745241317096,False,-687.1200561523438,-322.4309997558594,-434.3085021972656,-325.552978515625,-178.8675079345703,-327.9331970214844,-433.43202209472656,-325.30572509765625,0.6202435538745272,16.954034654629655,3,False,False,653.839106667836
low_6p0s_rep1,583,19.424997248534055,18.492064276048715,False,-687.7647094726562,-322.4185485839844,-434.9136657714844,-325.348876953125,-179.6224822998047,-327.8163146972656,-434.10028584798175,-325.194580078125,0.608604380509209,17.112381997944052,3,False,False,653.839106667836
low_6p0s_rep1,584,19.458316283265674,18.525383310780335,False,-688.5135498046875,-322.6395263671875,-435.60296630859375,-325.4832458496094,-180.27976989746094,-327.7763977050781,-434.79876200358075,-325.2997233072917,0.5790859195975935,20.895056242258672,3,False,False,653.839106667836
low_6p0s_rep1,585,19.491635317997293,18.558702345511954,False,-688.9610595703125,-322.7934265136719,-435.9936218261719,-325.4666442871094,-180.7139892578125,-327.6512145996094,-435.22289021809894,-325.3037618001302,0.547612167932339,26.598354158247883,3,False,False,653.839106667836
low_6p0s_rep1,586,19.524954352728912,18.592021380243573,False,-689.8201293945312,-322.9849853515625,-436.9179992675781,-325.4836730957031,-181.5466766357422,-327.2897033691406,-436.0949350992839,-325.25278727213544,0.48524328033852643,31.592622954903828,3,False,False,653.839106667836
low_6p0s_rep1,587,19.558273387460535,18.625340414975195,False,-691.07763671875,-323.0794677734375,-438.15936279296875,-325.6023864746094,-182.8089141845703,-327.4933166503906,-437.348637898763,-325.3917236328125,0.49754892228753533,33.37123319412574,3,False,False,653.839106667836
low_6p0s_rep1,588,19.591592422192154,18.658659449706814,False,-692.8449096679688,-323.65020751953125,-439.8899841308594,-325.81561279296875,-184.40306091308594,-327.4836730957031,-439.0459849039714,-325.6498311360677,0.4319810361505659,31.677589822047413,3,False,False,653.839106667836
low_6p0s_rep1,589,19.624911456923773,18.691978484438433,False,-694.1533813476562,-324.335693359375,-441.1714782714844,-325.8526611328125,-185.8134002685547,-326.75726318359375,-440.3794199625651,-325.64853922526044,0.2729367871879441,27.713090145725545,3,False,False,653.839106667836
low_6p0s_rep1,590,19.65823049165539,18.725297519170052,False,-694.4513549804688,-323.9876708984375,-441.5730895996094,-325.6719665527344,-186.25917053222656,-326.6155090332031,-440.7612050374349,-325.425048828125,0.2962711687221678,23.031882885431497,3,False,False,653.839106667836
low_6p0s_rep1,591,19.69154952638701,18.75861655390167,False,-694.8291625976562,-323.5710144042969,-441.88336181640625,-325.6146545410156,-186.621337890625,-327.1750183105469,-441.1112874348958,-325.4535624186198,0.4063116340637267,20.09797665765565,3,False,False,653.839106667836
low_6p0s_rep1,592,19.72486856111863,18.79193558863329,False,-695.3450317382812,-323.2411193847656,-442.4153137207031,-325.6160583496094,-186.93771362304688,-327.30853271484375,-441.56601969401044,-325.38857014973956,0.4583739006459183,22.162415071578742,3,False,False,653.839106667836
low_6p0s_rep1,593,19.75818759585025,18.82525462336491,False,-696.1797485351562,-323.2710266113281,-443.2748107910156,-325.6514892578125,-188.05325317382812,-327.3434753417969,-442.5026041666667,-325.4219970703125,0.45919496589376546,27.98124105989099,3,False,False,653.839106667836
low_6p0s_rep1,594,19.791506630581868,18.858573658096528,False,-697.2611694335938,-323.88177490234375,-444.5107116699219,-325.7064514160156,-189.08587646484375,-326.7942199707031,-443.61925252278644,-325.4608154296875,0.3283689423468869,33.07980264065098,3,False,False,653.839106667836
low_6p0s_rep1,595,19.824825665313487,18.891892692828147,False,-698.5509643554688,-324.711669921875,-445.7922668457031,-325.8296203613281,-190.37379455566406,-326.3592834472656,-444.9056752522786,-325.63352457682294,0.18576389516759212,34.06586710043298,3,False,False,653.839106667836
low_6p0s_rep1,596,19.858144700045106,18.925211727559766,False,-699.9923706054688,-324.9578857421875,-447.0667724609375,-325.922119140625,-191.810546875,-326.5635070800781,-446.28989664713544,-325.8145039876302,0.18102776554113004,31.254144632020207,3,False,False,653.839106667836
low_6p0s_rep1,597,19.891463734776725,18.958530762291385,False,-700.9682006835938,-325.25262451171875,-448.3559875488281,-326.22113037109375,-192.90365600585938,-326.5813903808594,-447.40928141276044,-326.0183817545573,0.14984809209245853,26.6380135044288,3,False,False,653.839106667836
low_6p0s_rep1,598,19.924782769508344,18.991849797023004,False,-701.665771484375,-325.3338928222656,-448.879150390625,-325.9085693359375,-193.48435974121094,-326.10113525390625,-448.009760538737,-325.7811991373698,0.08650399007009814,22.65608081296632,3,False,False,653.839106667836
low_6p0s_rep1,599,19.958101804239963,19.025168831754623,False,-702.1167602539062,-325.1601867675781,-449.39947509765625,-325.8841552734375,-194.060791015625,-326.1551513671875,-448.5256754557292,-325.73316446940106,0.11220653411353362,22.40200453974751,3,False,False,653.839106667836
low_6p0s_rep1,600,19.991420838971585,19.058487866486246,False,-702.431640625,-325.07391357421875,-449.7715148925781,-325.89483642578125,-194.4211883544922,-326.2322998046875,-448.8747812906901,-325.7336832682292,0.1306479556164508,25.994671131287678,3,False,False,653.839106667836
low_6p0s_rep1,601,20.024739873703204,19.091806901217865,False,-703.4664916992188,-324.9557189941406,-450.72894287109375,-325.8268127441406,-195.41329956054688,-326.2206115722656,-449.8695780436198,-325.66771443684894,0.14264816685307263,31.879077008433413,3,False,False,653.839106667836
low_6p0s_rep1,602,20.058058908434823,19.125125935949484,False,-704.9403076171875,-325.600830078125,-452.1388854980469,-326.0271301269531,-196.802001953125,-326.03271484375,-451.2937316894531,-325.8868916829427,0.048697703109423375,37.668334038489846,3,False,False,653.839106667836
low_6p0s_rep1,603,20.091377943166442,19.158444970681103,False,-706.4220581054688,-325.8250732421875,-453.63519287109375,-326.106201171875,-198.3022003173828,-326.10113525390625,-452.78648376464844,-326.01080322265625,0.03112884953551231,40.32983032300836,3,False,False,653.839106667836
low_6p0s_rep1,604,20.12469697789806,19.191764005412722,False,-707.9190063476562,-325.85906982421875,-455.246337890625,-326.20184326171875,-199.94691467285156,-325.9652404785156,-454.3707529703776,-326.0087178548177,0.01197532386221695,39.021514593840685,3,False,False,653.839106667836
low_6p0s_rep1,605,20.15801601262968,19.22508304014434,False,-708.9910278320312,-325.92852783203125,-456.488525390625,-326.1683349609375,-201.26173400878906,-325.9569396972656,-455.58042907714844,-326.01793416341144,0.003206196656621731,34.82307362413351,3,False,False,653.839106667836
low_6p0s_rep1,606,20.1913350473613,19.25840207487596,False,-710.0745849609375,-325.67767333984375,-457.52508544921875,-326.2278747558594,-202.20465087890625,-326.05828857421875,-456.6014404296875,-325.9879455566406,0.04293942405690736,29.871608833132584,3,False,False,653.839106667836
low_6p0s_rep1,607,20.22465408209292,19.29172110960758,False,-711.0442504882812,-325.50823974609375,-458.3788757324219,-325.88116455078125,-203.2672576904297,-325.792724609375,-457.56346130371094,-325.7273763020833,0.0321002734017833,26.08321008734853,3,False,False,653.839106667836
low_6p0s_rep1,608,20.257973116824537,19.325040144339198,False,-711.4256591796875,-325.3054504394531,-459.084228515625,-325.8310241699219,-203.8485107421875,-325.8226623535156,-458.1194661458333,-325.6530456542969,0.05838334059031003,23.7710610458391,3,False,False,653.839106667836
low_6p0s_rep1,609,20.291292151556156,19.358359179070817,False,-712.3971557617188,-325.07666015625,-459.93994140625,-325.85595703125,-204.635009765625,-325.9306640625,-458.99070231119794,-325.62109375,0.09636553997489575,24.250881126338818,3,False,False,653.839106667836
low_6p0s_rep1,610,20.324611186287775,19.391678213802436,False,-712.9705200195312,-325.2329406738281,-460.5669860839844,-325.8839416503906,-205.41595458984375,-325.9185791015625,-459.6511535644531,-325.67848714192706,0.07739889848522254,27.938345462213654,3,False,False,653.839106667836
low_6p0s_rep1,611,20.357930221019394,19.424997248534055,False,-713.7913208007812,-325.29595947265625,-461.39691162109375,-325.92657470703125,-206.16477966308594,-325.76593017578125,-460.4510040283203,-325.66282145182294,0.05304555201150917,32.00913768182064,3,False,False,653.839106667836
low_6p0s_rep1,612,20.391249255751017,19.458316283265678,False,-715.1544189453125,-325.13079833984375,-462.73388671875,-325.859130859375,-207.49386596679688,-325.7872314453125,-461.79405721028644,-325.59238688151044,0.0740865629478285,32.72992111083923,3,False,False,653.839106667836
low_6p0s_rep1,613,20.424568290482636,19.491635317997297,False,-716.5964965820312,-325.1594543457031,-464.1112365722656,-325.8374328613281,-208.88523864746094,-325.6173400878906,-463.1976572672526,-325.53807576497394,0.05167290069657493,29.321873508019806,3,False,False,653.839106667836
low_6p0s_rep1,614,20.457887325214255,19.524954352728916,False,-717.9912719726562,-325.0976257324219,-465.5477294921875,-325.7861633300781,-210.19393920898438,-325.7167663574219,-464.57764689127606,-325.5335184733073,0.06985882924152463,22.773288072385068,3,False,False,653.839106667836
low_6p0s_rep1,615,20.491206359945874,19.558273387460535,False,-718.36279296875,-325.050048828125,-465.904052734375,-325.8071594238281,-210.64166259765625,-325.65673828125,-464.96950276692706,-325.50464884440106,0.06846421493113737,16.595512943933993,3,False,False,653.839106667836
low_6p0s_rep1,616,20.524525394677493,19.591592422192154,False,-718.283935546875,-325.1302795410156,-465.81060791015625,-325.7823791503906,-210.6127166748047,-325.6157531738281,-464.9024200439453,-325.5094706217448,0.05479054299762593,15.030968528995343,3,False,False,653.839106667836
low_6p0s_rep1,617,20.557844429409112,19.624911456923773,False,-718.3809814453125,-325.1188049316406,-465.82354736328125,-325.72821044921875,-210.5869140625,-325.53033447265625,-464.93048095703125,-325.45911661783856,0.04643398219389763,21.49644946863196,3,False,False,653.839106667836
low_6p0s_rep1,618,20.59116346414073,19.65823049165539,False,-718.9452514648438,-324.82757568359375,-466.5237121582031,-325.65130615234375,-211.30313110351562,-325.498046875,-465.5906982421875,-325.3256429036458,0.07567367969443542,32.839862069726735,3,False,False,653.839106667836
low_6p0s_rep1,619,20.62448249887235,19.69154952638701,False,-720.6326293945312,-324.6390380859375,-468.1453857421875,-325.5818786621094,-212.80032348632812,-325.4462585449219,-467.1927795410156,-325.22239176432294,0.09107393512725685,39.69173922588021,3,False,False,653.839106667836
low_6p0s_rep1,620,20.65780153360397,19.72486856111863,False,-722.9076538085938,-324.32537841796875,-470.5061340332031,-325.3472900390625,-215.1365509033203,-325.376953125,-469.51677958170575,-325.01654052734375,0.11865721793711102,39.216361358522995,3,False,False,653.839106667836
low_6p0s_rep1,621,20.691120568335588,19.75818759585025,False,-724.7130737304688,-323.9604797363281,-472.2296142578125,-325.17181396484375,-216.94851684570312,-325.52227783203125,-471.2970682779948,-324.8848571777344,0.17623159381128592,32.92855367916124,3,False,False,653.839106667836
low_6p0s_rep1,622,20.724439603067207,19.791506630581868,False,-725.1720581054688,-323.6861572265625,-472.69378662109375,-325.12603759765625,-217.41636657714844,-325.4693603515625,-471.760737101237,-324.76051839192706,0.2012180163439673,22.83706665142187,3,False,False,653.839106667836
low_6p0s_rep1,623,20.757758637798826,19.824825665313487,False,-725.281494140625,-323.630615234375,-472.6864013671875,-325.05731201171875,-217.51296997070312,-325.4960632324219,-471.8269551595052,-324.7279968261719,0.21049318979973045,13.990620529943364,3,False,False,653.839106667836
low_6p0s_rep1,624,20.79107767253045,19.85814470004511,False,-725.4034423828125,-323.23907470703125,-472.7586669921875,-324.9822082519531,-217.62188720703125,-325.6708679199219,-471.92799886067706,-324.63071695963544,0.27439047588619786,13.731888328866443,3,False,False,653.839106667836
low_6p0s_rep1,625,20.824396707262068,19.89146373477673,False,-725.9085693359375,-323.24932861328125,-473.2894287109375,-325.14227294921875,-217.9739532470703,-326.0581359863281,-472.3906504313151,-324.8165791829427,0.31683441621492914,21.840194332869164,3,False,False,653.839106667836
low_6p0s_rep1,626,20.857715741993687,19.924782769508347,False,-726.56689453125,-323.30810546875,-473.9610900878906,-325.0732421875,-218.72622680664062,-325.8958435058594,-473.08473714192706,-324.7590637207031,0.29195216967894794,30.143927184368458,3,False,False,653.839106667836
low_6p0s_rep1,627,20.891034776725306,19.958101804239966,False,-727.9243774414062,-323.32879638671875,-475.4827575683594,-324.91363525390625,-220.23806762695312,-325.2662048339844,-474.54840087890625,-324.5028788248698,0.21864837838341278,35.18196170292441,3,False,False,653.839106667836
low_6p0s_rep1,628,20.924353811456925,19.991420838971585,False,-729.66650390625,-323.36566162109375,-477.22247314453125,-324.89886474609375,-222.05972290039062,-325.4933166503906,-476.3162333170573,-324.58594767252606,0.24015624709228992,36.78309713125499,3,False,False,653.839106667836
low_6p0s_rep1,629,20.957672846188544,20.024739873703204,False,-730.8368530273438,-323.0501403808594,-478.3946533203125,-324.9967956542969,-223.2156524658203,-325.9525451660156,-477.4823862711589,-324.66649373372394,0.3275941436697926,33.446995062906645,3,False,False,653.839106667836
low_6p0s_rep1,630,20.990991880920163,20.058058908434823,False,-731.716064453125,-322.63226318359375,-479.5282287597656,-324.697509765625,-224.43136596679688,-326.0013427734375,-478.5585530598958,-324.44370524088544,0.380518481765471,28.708298542522297,3,False,False,653.839106667836
low_6p0s_rep1,631,21.024310915651782,20.091377943166442,False,-732.22021484375,-322.67913818359375,-480.1246337890625,-324.7904052734375,-225.1729736328125,-326.18499755859375,-479.172607421875,-324.551513671875,0.39615193319815933,27.824298127606205,3,False,False,653.839106667836
low_6p0s_rep1,632,21.0576299503834,20.12469697789806,False,-732.8189697265625,-322.5974426269531,-480.4868469238281,-324.9532775878906,-225.5084228515625,-326.0015869140625,-479.60474650065106,-324.51743570963544,0.3844591333975288,29.149649973144864,3,False,False,653.839106667836
low_6p0s_rep1,633,21.09094898511502,20.15801601262968,False,-734.0963134765625,-322.8498840332031,-481.66094970703125,-324.7032775878906,-226.7183837890625,-325.7401428222656,-480.82521565755206,-324.4311014811198,0.3263796658101029,33.749141883129795,3,False,False,653.839106667836
low_6p0s_rep1,634,21.12426801984664,20.1913350473613,False,-735.4303588867188,-322.2856750488281,-483.1017150878906,-324.56072998046875,-228.20050048828125,-325.95556640625,-482.2441914876302,-324.26732381184894,0.4145371445599952,40.89391506513813,3,False,False,653.839106667836
low_6p0s_rep1,635,21.157587054578258,20.22465408209292,False,-736.691162109375,-321.48870849609375,-484.3779296875,-324.39013671875,-229.4582977294922,-326.3905029296875,-483.5091298421224,-324.08978271484375,0.5536774339172645,41.715297066645086,3,False,False,653.839106667836
low_6p0s_rep1,636,21.19090608930988,20.25797311682454,False,-738.8656005859375,-321.5276794433594,-486.2384948730469,-324.1995849609375,-231.29666137695312,-326.0773010253906,-485.4669189453125,-323.9348551432292,0.5135600583863078,37.39798491575895,3,False,False,653.839106667836
low_6p0s_rep1,637,21.2242251240415,20.29129215155616,False,-740.3052978515625,-321.4434814453125,-487.7471008300781,-324.0957336425781,-232.75527954101562,-325.75177001953125,-486.93589274088544,-323.76366170247394,0.48633792709678464,33.728442085819225,3,False,False,653.839106667836
low_6p0s_rep1,638,21.25754415877312,20.32461118628778,False,-740.6666259765625,-321.6231994628906,-488.1609191894531,-324.0979919433594,-233.35206604003906,-325.8957214355469,-487.39320373535156,-323.87230428059894,0.48252447075825805,28.400564608862762,3,False,False,653.839106667836
low_6p0s_rep1,639,21.290863193504737,20.357930221019398,False,-741.466796875,-321.66156005859375,-488.9495849609375,-324.2119445800781,-233.99417114257812,-325.92791748046875,-488.13685099283856,-323.9338073730469,0.4816782285527042,23.27228141647245,3,False,False,653.839106667836
low_6p0s_rep1,640,21.324182228236356,20.391249255751017,False,-742.26806640625,-321.72320556640625,-489.53448486328125,-324.1348876953125,-234.76083374023438,-325.96337890625,-488.8544616699219,-323.94049072265625,0.47868950139661076,23.11491105474279,3,False,False,653.839106667836
low_6p0s_rep1,641,21.357501262967975,20.424568290482636,False,-742.920654296875,-321.7055358886719,-490.43994140625,-324.19677734375,-235.39254760742188,-325.9196472167969,-489.5843811035156,-323.94065348307294,0.475727830134759,24.00813173335961,3,False,False,653.839106667836
low_6p0s_rep1,642,21.390820297699594,20.457887325214255,False,-743.9459838867188,-321.65203857421875,-491.4032287597656,-324.2186279296875,-236.36837768554688,-325.9334411621094,-490.57253011067706,-323.93470255533856,0.48327679982153854,24.954323132239963,3,False,False,653.839106667836
low_6p0s_rep1,643,21.424139332431213,20.491206359945874,False,-744.9430541992188,-321.6796569824219,-492.1863708496094,-324.21923828125,-237.24526977539062,-326.054443359375,-491.45823160807294,-323.9844462076823,0.4937003859098138,26.992642554126952,3,False,False,653.839106667836
low_6p0s_rep1,644,21.457458367162833,20.524525394677493,False,-745.51416015625,-321.7949523925781,-492.9242858886719,-324.2531433105469,-237.7748565673828,-325.9554138183594,-492.07110087076825,-324.0011698404948,0.4694762527399791,27.800377344132144,3,False,False,653.839106667836
low_6p0s_rep1,645,21.49077740189445,20.557844429409112,False,-746.7056884765625,-321.6737976074219,-494.0467529296875,-324.2119445800781,-238.95181274414062,-325.78594970703125,-493.23475138346356,-323.89056396484375,0.46401183793569345,29.14949731977377,3,False,False,653.839106667836
low_6p0s_rep1,646,21.52409643662607,20.59116346414073,False,-747.6096801757812,-322.0379943847656,-495.045166015625,-324.3961181640625,-239.93849182128906,-325.79876708984375,-494.1977793375651,-324.07762654622394,0.4244331118771029,31.431619442908126,3,False,False,653.839106667836
low_6p0s_rep1,647,21.55741547135769,20.62448249887235,False,-748.7215576171875,-321.9568786621094,-496.0148620605469,-324.18548583984375,-240.92942810058594,-325.7000427246094,-495.2219492594401,-323.9474690755208,0.42234529814300525,32.59091494982334,3,False,False,653.839106667836
low_6p0s_rep1,648,21.590734506089312,20.657801533603973,False,-750.03076171875,-322.00396728515625,-497.2956237792969,-324.06787109375,-242.23704528808594,-325.5459289550781,-496.5211435953776,-323.8725891113281,0.39964292030951004,33.1798058649879,3,False,False,653.839106667836
low_6p0s_rep1,649,21.62405354082093,20.69112056833559,False,-750.92041015625,-321.9448547363281,-498.24493408203125,-323.95831298828125,-243.27735900878906,-325.66021728515625,-497.48090108235675,-323.8544616699219,0.4193316389054405,32.55426287508263,3,False,False,653.839106667836
low_6p0s_rep1,650,21.65737257555255,20.72443960306721,False,-752.1358032226562,-322.0846862792969,-499.4498596191406,-323.9074401855469,-244.46612548828125,-325.5,-498.6839294433594,-323.83070882161456,0.3854477004911513,30.528659479127658,3,False,False,653.839106667836
low_6p0s_rep1,651,21.69069161028417,20.75775863779883,False,-753.2052612304688,-322.082763671875,-500.58306884765625,-323.73895263671875,-245.623046875,-325.33099365234375,-499.8037923177083,-323.7175699869792,0.3666545497673416,30.834302061581248,3,False,False,653.839106667836
low_6p0s_rep1,652,21.724010645015788,20.79107767253045,False,-753.7561645507812,-322.1476135253906,-501.34063720703125,-323.7063903808594,-246.2913055419922,-324.9809265136719,-500.46270243326825,-323.6116434733073,0.31989444506534986,28.53376994171983,3,False,False,653.839106667836
low_6p0s_rep1,653,21.757329679747407,20.824396707262068,False,-754.7474365234375,-321.846435546875,-502.2980041503906,-323.4336853027344,-247.31129455566406,-324.49981689453125,-501.4522450764974,-323.2599792480469,0.2995966477545439,19.142809240472246,3,False,False,653.839106667836
low_6p0s_rep1,654,21.790648714479026,20.857715741993687,False,-756.1124267578125,-321.1451110839844,-503.6893005371094,-323.033447265625,-248.6687469482422,-324.33038330078125,-502.823491414388,-322.83631388346356,0.3596463311214119,4.51316642782588,3,False,True,653.839106667836
