method,frame,time_s,x_px,y_px,marker_radius_px,marker_radius_mm,area_px2
min_enclosing_circle,0,0.0,1003.7398071289062,625.6357421875,21.848438262939453,3.7865520711532863,1298.0
min_enclosing_circle,1,0.03335437139154,1000.1666870117188,628.1666870117188,21.40232276916504,3.709235810531104,1271.0
min_enclosing_circle,2,0.06670874278308,995.5,629.5,21.691110610961914,3.7592856212919363,1252.0
min_enclosing_circle,3,0.10006311417462001,991.6609497070312,630.8441162109375,21.578189849853516,3.7397153281338897,1275.5
min_enclosing_circle,4,0.13341748556616,987.0833129882812,631.9166870117188,21.517885208129883,3.7292639327860533,1279.5
min_enclosing_circle,5,0.1667718569577,983.0260620117188,633.3365478515625,21.339563369750977,3.6983589812138,1257.0
min_enclosing_circle,6,0.20012622834924002,978.5,634.5,21.272146224975586,3.6866749182108385,1265.0
min_enclosing_circle,7,0.23348059974078,974.1698608398438,635.3539428710938,21.581846237182617,3.7403490164940063,1293.0
min_enclosing_circle,8,0.26683497113232,969.3384399414062,636.1654663085938,21.57196807861328,3.7386370331778647,1286.0
min_enclosing_circle,9,0.30018934252386004,964.7820434570312,636.2948608398438,21.618728637695312,3.746741104036819,1277.0
min_enclosing_circle,10,0.3335437139154,959.9093627929688,637.0731201171875,21.51744842529297,3.729188233967865,1276.0
min_enclosing_circle,11,0.36689808530694,956.5,637.5,21.50591278076172,3.727188991817638,1262.5
min_enclosing_circle,12,0.40025245669848003,951.1500244140625,637.8499755859375,21.42540168762207,3.713235617081657,1252.5
min_enclosing_circle,13,0.43360682809002005,947.5,637.9324340820312,21.30320167541504,3.692057137240268,1248.0
min_enclosing_circle,14,0.46696119948156,943.0833129882812,637.9166870117188,21.517885208129883,3.7292639327860533,1255.0
min_enclosing_circle,15,0.5003155708731001,938.5,637.5,21.50591278076172,3.727188991817638,1262.0
min_enclosing_circle,16,0.53366994226464,933.9444580078125,636.5,21.68029022216797,3.7574103400885246,1297.0
min_enclosing_circle,17,0.56702431365618,929.0833129882812,635.9166870117188,21.517885208129883,3.7292639327860533,1285.5
min_enclosing_circle,18,0.6003786850477201,925.8499755859375,635.1500244140625,21.42546844482422,3.713247186770026,1277.0
min_enclosing_circle,19,0.63373305643926,921.2748413085938,634.3972778320312,21.383520126342773,3.705977125161241,1268.5
min_enclosing_circle,20,0.6670874278308,916.5,633.3048706054688,21.451162338256836,3.7177001945421333,1272.0
min_enclosing_circle,21,0.7004417992223401,913.1197509765625,632.0265502929688,21.589374542236328,3.741653746779546,1304.5
min_enclosing_circle,22,0.73379617061388,907.9053955078125,630.4328002929688,21.629541397094727,3.748615062990132,1253.0
min_enclosing_circle,23,0.7671505420054201,904.4447021484375,629.348876953125,21.829557418823242,3.7832798327199044,1320.5
min_enclosing_circle,24,0.8005049133969601,901.0592041015625,627.7919921875,21.427595138549805,3.7136157639852216,1288.5
min_enclosing_circle,25,0.8338592847885,897.2715454101562,626.0927124023438,21.56170654296875,3.7368586067942307,1283.0
min_enclosing_circle,26,0.8672136561800401,893.6015014648438,624.2868041992188,21.548484802246094,3.7345671473720463,1267.0
min_enclosing_circle,27,0.90056802757158,889.7138671875,622.6329345703125,21.78456687927246,3.775482523884001,1295.0
min_enclosing_circle,28,0.93392239896312,885.5,620.5,21.8289794921875,3.783179672274878,1291.0
min_enclosing_circle,29,0.9672767703546601,881.1697998046875,618.0377197265625,21.513402938842773,3.728487110852681,1282.0
min_enclosing_circle,30,1.0006311417462002,877.9216918945312,615.3016967773438,21.40194320678711,3.709170028588661,1255.0
min_enclosing_circle,31,1.03398551313774,873.9963989257812,613.1402587890625,21.514795303344727,3.728728421495814,1251.0
min_enclosing_circle,32,1.06733988452928,870.5,610.6282348632812,21.383764266967773,3.70601943716442,1237.0
min_enclosing_circle,33,1.1006942559208202,867.2330932617188,607.9180297851562,21.436420440673828,3.715145276787652,1259.5
min_enclosing_circle,34,1.13404862731236,863.9268188476562,604.952392578125,21.557926177978516,3.7362034318699995,1246.0
min_enclosing_circle,35,1.1674029987039,861.1197509765625,602.0265502929688,21.589374542236328,3.741653746779546,1282.0
min_enclosing_circle,36,1.2007573700954401,857.9307861328125,598.7355346679688,21.76125144958496,3.7714417275803678,1278.0
min_enclosing_circle,37,1.23411174148698,854.6449584960938,595.4471435546875,21.37882423400879,3.705163280225087,1239.5
min_enclosing_circle,38,1.26746611287852,850.7139282226562,591.6119995117188,21.29069709777832,3.689889969327423,1222.5
min_enclosing_circle,39,1.3008204842700601,847.5,587.0675659179688,21.303199768066406,3.6920568066777433,1200.0
min_enclosing_circle,40,1.3341748556616,845.5442504882812,584.4686889648438,21.266855239868164,3.685757937766935,1247.0
min_enclosing_circle,41,1.36752922705314,842.5,580.5,21.50591278076172,3.727188991817638,1266.5
min_enclosing_circle,42,1.4008835984446801,840.727294921875,576.727294921875,21.359874725341797,3.701879141540811,1233.0
min_enclosing_circle,43,1.43423796983622,837.955078125,573.2359619140625,21.412343978881836,3.7109725860366085,1235.5
min_enclosing_circle,44,1.46759234122776,836.2619018554688,569.5,21.3684024810791,3.7033570865893664,1234.5
min_enclosing_circle,45,1.5009467126193001,834.14404296875,565.6736450195312,21.575090408325195,3.739178164031026,1251.0
min_enclosing_circle,46,1.5343010840108402,831.912353515625,561.0852661132812,21.138517379760742,3.663515707720614,1231.0
min_enclosing_circle,47,1.56765545540238,830.1921997070312,556.9095458984375,21.21265411376953,3.6763643424985832,1226.5
min_enclosing_circle,48,1.6010098267939201,828.1381225585938,552.2140502929688,21.347070693969727,3.6996600753115665,1226.5
min_enclosing_circle,49,1.6343641981854602,826.5,548.5,21.272146224975586,3.6866749182108385,1248.0
min_enclosing_circle,50,1.667718569577,825.5,543.9324340820312,21.30320167541504,3.692057137240268,1242.0
min_enclosing_circle,51,1.7010729409685401,823.5,539.5,20.94049072265625,3.6291957147042484,1216.0
min_enclosing_circle,52,1.7344273123600802,822.727294921875,534.727294921875,21.359874725341797,3.701879141540811,1243.0
min_enclosing_circle,53,1.76778168375162,821.5,529.5,20.94049072265625,3.6291957147042484,1230.5
min_enclosing_circle,54,1.80113605514316,821.2267456054688,525.4434204101562,21.044872283935547,3.6472860794385906,1211.5
min_enclosing_circle,55,1.8344904265347002,820.4304809570312,520.9237670898438,21.0810489654541,3.6535558588472132,1221.0
min_enclosing_circle,56,1.86784479792624,820.5,516.5,21.272146224975586,3.6866749182108385,1235.5
min_enclosing_circle,57,1.90119916931778,819.4932861328125,511.0637512207031,21.302780151367188,3.6919840829222785,1224.0
min_enclosing_circle,58,1.9345535407093202,818.7941284179688,506.5,21.41884994506836,3.7121001348088347,1234.0
min_enclosing_circle,59,1.96790791210086,819.5263061523438,501.9473571777344,21.30158233642578,3.6917764896566796,1195.5
min_enclosing_circle,60,2.0012622834924003,819.9705810546875,497.0882263183594,21.11622428894043,3.6596520929302954,1214.5
min_enclosing_circle,61,2.03461665488394,820.3848266601562,492.76715087890625,20.982948303222656,3.636554036507166,1192.0
min_enclosing_circle,62,2.06797102627548,820.8035888671875,488.1964416503906,21.125717163085938,3.6612973026164193,1214.5
min_enclosing_circle,63,2.1013253976670203,822.053955078125,484.1120300292969,21.277816772460938,3.687657680597185,1220.5
min_enclosing_circle,64,2.13467976905856,821.5,479.5,20.94049072265625,3.6291957147042484,1192.0
min_enclosing_circle,65,2.1680341404501,822.9618530273438,475.414794921875,21.17064666748047,3.669084033451528,1212.5
min_enclosing_circle,66,2.2013885118416403,823.9551391601562,470.42767333984375,21.608428955078125,3.744956066402688,1240.5
min_enclosing_circle,67,2.23474288323318,826.5,466.5,21.50591278076172,3.727188991817638,1215.0
min_enclosing_circle,68,2.26809725462472,826.5,461.5,21.272146224975586,3.6866749182108385,1196.0
min_enclosing_circle,69,2.3014516260162603,828.3106079101562,457.94329833984375,21.035381317138672,3.6456412003149916,1204.5
min_enclosing_circle,70,2.3348059974078,830.5,453.5,21.272146224975586,3.6866749182108385,1179.0
min_enclosing_circle,71,2.36816036879934,831.5,449.06756591796875,21.303199768066406,3.6920568066777433,1209.0
min_enclosing_circle,72,2.4015147401908803,833.5,445.5,20.94049072265625,3.6291957147042484,1209.5
min_enclosing_circle,73,2.43486911158242,835.5,441.5,20.94049072265625,3.6291957147042484,1182.5
min_enclosing_circle,74,2.46822348297396,837.5,437.5,20.94049072265625,3.6291957147042484,1168.0
min_enclosing_circle,75,2.5015778543655003,840.7222290039062,433.5,21.37750816345215,3.704935192082948,1207.0
min_enclosing_circle,76,2.53493222575704,843.6641845703125,430.0074768066406,21.310033798217773,3.6932412122042417,1209.5
min_enclosing_circle,77,2.56828659714858,845.9461059570312,426.13037109375,21.330575942993164,3.6968013705967584,1207.5
min_enclosing_circle,78,2.6016409685401203,848.0439453125,422.5814208984375,21.571012496948242,3.73847142135292,1212.0
min_enclosing_circle,79,2.63499533993166,851.8064575195312,420.3870849609375,21.038305282592773,3.64614795266557,1203.5
min_enclosing_circle,80,2.6683497113232,854.5,416.5,21.272146224975586,3.6866749182108385,1226.5
min_enclosing_circle,81,2.7017040827147403,857.4736938476562,413.0526428222656,21.30159568786621,3.6917788035943535,1223.0
min_enclosing_circle,82,2.73505845410628,860.5695190429688,410.07623291015625,21.081043243408203,3.6535548671596385,1206.5
min_enclosing_circle,83,2.76841282549782,863.5,407.3108215332031,21.09886360168457,3.65664331282921,1227.0
min_enclosing_circle,84,2.8017671968893603,867.025390625,404.4582824707031,21.054506301879883,3.648955750751553,1217.5
min_enclosing_circle,85,2.8351215682809,870.7069091796875,402.2930908203125,20.99021339416504,3.637813149164278,1182.0
min_enclosing_circle,86,2.86847593967244,873.5650024414062,400.22027587890625,21.061830520629883,3.650225110846935,1188.5
min_enclosing_circle,87,2.9018303110639803,876.9500122070312,398.04998779296875,21.330928802490234,3.6968625246638536,1206.0
min_enclosing_circle,88,2.93518468245552,881.5,395.0641174316406,21.300113677978516,3.6915219565125534,1236.5
min_enclosing_circle,89,2.9685390538470604,885.0884399414062,392.8890686035156,20.961868286132812,3.6329006594826447,1205.0
min_enclosing_circle,90,3.0018934252386003,889.1285400390625,390.85675048828125,21.28443145751953,3.688804071433327,1216.5
min_enclosing_circle,91,3.03524779663014,893.1421508789062,388.7076721191406,20.82213020324707,3.6086826572253607,1165.0
min_enclosing_circle,92,3.0686021680216804,896.78515625,387.0057067871094,20.938018798828125,3.6287673056720573,1194.5
min_enclosing_circle,93,3.1019565394132202,901.5,385.5,20.94049072265625,3.6291957147042484,1171.5
min_enclosing_circle,94,3.13531091080476,904.9500122070312,384.04998779296875,21.330928802490234,3.6968625246638536,1178.5
min_enclosing_circle,95,3.1686652821963004,910.0879516601562,382.4095458984375,20.9924259185791,3.638196601693091,1173.0
min_enclosing_circle,96,3.2020196535878402,914.523681640625,380.97161865234375,21.064151763916016,3.650627405439664,1179.0
min_enclosing_circle,97,3.23537402497938,918.98388671875,379.5,21.22831153869629,3.679077930264987,1196.5
min_enclosing_circle,98,3.2687283963709204,923.3265380859375,378.84417724609375,21.165496826171875,3.6681915146344624,1164.5
min_enclosing_circle,99,3.3020827677624602,927.5,377.5,20.94049072265625,3.6291957147042484,1154.5
min_enclosing_circle,100,3.335437139154,932.4444580078125,377.0666809082031,20.949291229248047,3.630720930193856,1180.5
min_enclosing_circle,101,3.3687915105455404,936.5,376.93902587890625,21.08783721923828,3.6547323308731157,1214.0
min_enclosing_circle,102,3.4021458819370802,941.4143676757812,376.5439758300781,20.796953201293945,3.604319231897485,1190.5
min_enclosing_circle,103,3.43550025332862,945.9461059570312,376.13037109375,21.330575942993164,3.6968013705967584,1189.0
min_enclosing_circle,104,3.4688546247201604,950.5,376.04052734375,21.06838607788086,3.6513612542448066,1192.0
min_enclosing_circle,105,3.5022089961117002,955.5,376.26922607421875,21.002277374267578,3.639903957133885,1181.5
min_enclosing_circle,106,3.53556336750324,960.0,377.0897521972656,21.105043411254883,3.6577143354096884,1185.0
min_enclosing_circle,107,3.5689177388947804,964.4920043945312,377.00958251953125,21.018260955810547,3.6426740710920362,1185.0
min_enclosing_circle,108,3.60227211028632,968.2239379882812,377.8987731933594,21.020950317382812,3.6431401642520593,1181.5
min_enclosing_circle,109,3.63562648167786,972.7941284179688,378.5,21.41884994506836,3.7121001348088347,1220.0
min_enclosing_circle,110,3.6689808530694004,977.5,379.5,20.94049072265625,3.6291957147042484,1193.5
min_enclosing_circle,111,3.70233522446094,983.2716674804688,381.0845947265625,20.722963333129883,3.5914960504339284,1167.0
min_enclosing_circle,112,3.73568959585248,987.449951171875,382.2257080078125,21.07555389404297,3.652603508213152,1221.5
min_enclosing_circle,113,3.7690439672440204,991.5,383.5,20.94049072265625,3.6291957147042484,1203.5
min_enclosing_circle,114,3.80239833863556,996.5,385.5,21.31910514831543,3.694813367572376,1196.0
min_enclosing_circle,115,3.8357527100271,1000.9042358398438,387.4085693359375,21.198348999023438,3.6738851235622905,1192.5
min_enclosing_circle,116,3.8691070814186403,1004.4318237304688,388.9944763183594,21.056236267089844,3.6492555709615817,1199.0
min_enclosing_circle,117,3.90246145281018,1009.5263061523438,391.9473571777344,21.30158233642578,3.6917764896566796,1212.0
min_enclosing_circle,118,3.93581582420172,1013.9736938476562,394.131591796875,21.342334747314453,3.698839288562391,1214.5
min_enclosing_circle,119,3.9691701955932603,1017.976318359375,396.1435241699219,21.333023071289062,3.6972254823161266,1222.0
min_enclosing_circle,120,4.002524566984801,1021.4095458984375,398.8119812011719,21.504913330078125,3.7270157770546226,1218.0
min_enclosing_circle,121,4.0358789383763405,1025.5,401.5,20.94049072265625,3.6291957147042484,1244.0
min_enclosing_circle,122,4.06923330976788,1029.5,404.5,21.31910514831543,3.694813367572376,1221.0
min_enclosing_circle,123,4.10258768115942,1032.044921875,406.944580078125,21.33169174194336,3.696994749673789,1246.5
min_enclosing_circle,124,4.13594205255096,1035.5263671875,409.9473571777344,21.30156135559082,3.6917728534689065,1221.0
min_enclosing_circle,125,4.1692964239425,1039.5789794921875,412.84210205078125,21.535667419433594,3.732345767205128,1252.5
min_enclosing_circle,126,4.202650795334041,1042.04833984375,416.4677429199219,21.081281661987305,3.6535961874752436,1214.0
min_enclosing_circle,127,4.2360051667255805,1045.5,419.06756591796875,21.303199768066406,3.6920568066777433,1229.0
min_enclosing_circle,128,4.26935953811712,1048.637939453125,423.5,21.4260311126709,3.7133447027148536,1246.5
min_enclosing_circle,129,4.30271390950866,1051.5,427.06756591796875,21.303199768066406,3.6920568066777433,1253.5
min_enclosing_circle,130,4.3360682809002,1053.95849609375,430.84295654296875,21.351652145385742,3.70045408649623,1243.0
min_enclosing_circle,131,4.36942265229174,1056.5,433.6351318359375,21.396089553833008,3.7081555321999304,1234.0
min_enclosing_circle,132,4.402777023683281,1058.8739013671875,437.7207336425781,21.472562789916992,3.7214091060708276,1228.0
min_enclosing_circle,133,4.4361313950748205,1060.707763671875,441.6944274902344,21.227041244506836,3.6788577756234444,1213.5
min_enclosing_circle,134,4.46948576646636,1064.2242431640625,446.343505859375,21.274524688720703,3.6870871296793126,1209.0
min_enclosing_circle,135,4.5028401378579,1065.4210205078125,450.15789794921875,21.53569793701172,3.732351056205525,1257.5
min_enclosing_circle,136,4.53619450924944,1067.8455810546875,454.7315368652344,21.36279296875,3.7023849022038147,1267.0
min_enclosing_circle,137,4.56954888064098,1069.4105224609375,458.58050537109375,21.38636016845703,3.7064693327607263,1264.5
min_enclosing_circle,138,4.602903252032521,1071.2391357421875,462.5,21.294172286987305,3.69049225424768,1259.5
min_enclosing_circle,139,4.6362576234240604,1072.3836669921875,466.61627197265625,21.43073272705078,3.7141595393385822,1252.5
min_enclosing_circle,140,4.6696119948156,1073.5,470.5,21.31910514831543,3.694813367572376,1256.5
min_enclosing_circle,141,4.70296636620714,1074.2684326171875,475.15435791015625,21.362794876098633,3.7023852327663396,1252.0
min_enclosing_circle,142,4.73632073759868,1075.21484375,479.9030456542969,21.43392562866211,3.7147129010051625,1252.5
min_enclosing_circle,143,4.769675108990221,1076.7332763671875,483.6666564941406,21.507848739624023,3.72752451278035,1240.0
min_enclosing_circle,144,4.803029480381761,1077.0833740234375,487.9166564941406,21.517826080322266,3.7292536853477833,1242.0
min_enclosing_circle,145,4.8363838517733,1077.9461669921875,492.13037109375,21.330556869506836,3.6967980649715098,1257.0
min_enclosing_circle,146,4.86973822316484,1078.0926513671875,495.5,21.438169479370117,3.7154484026229295,1241.5
min_enclosing_circle,147,4.90309259455638,1077.5928955078125,500.2196044921875,21.59514045715332,3.7426530372921345,1286.0
min_enclosing_circle,148,4.93644696594792,1077.9677734375,504.79425048828125,21.394588470458984,3.7078953794928817,1252.5
min_enclosing_circle,149,4.969801337339461,1078.5,509.5,21.96598243713379,3.806923647871543,1274.5
min_enclosing_circle,150,5.003155708731001,1077.4073486328125,514.2177124023438,21.596492767333984,3.7428874061222452,1258.5
min_enclosing_circle,151,5.03651008012254,1077.9888916015625,518.7638549804688,21.75617218017578,3.7705614395767215,1248.5
min_enclosing_circle,152,5.06986445151408,1076.5,522.5,21.50591278076172,3.727188991817638,1251.5
min_enclosing_circle,153,5.10321882290562,1075.9166259765625,527.0833129882812,21.51787757873535,3.7292626105359536,1228.0
min_enclosing_circle,154,5.13657319429716,1075.5,531.0384521484375,21.32769775390625,3.696302551746776,1277.5
min_enclosing_circle,155,5.169927565688701,1075.0699462890625,536.3161010742188,21.858867645263672,3.788359587039106,1244.0
min_enclosing_circle,156,5.203281937080241,1073.151611328125,540.7407836914062,21.726390838623047,3.7654000363138844,1283.5
min_enclosing_circle,157,5.23663630847178,1071.728515625,544.9072875976562,21.56171417236328,3.73685992904433,1257.0
min_enclosing_circle,158,5.26999067986332,1070.1290283203125,549.8064575195312,21.70240020751953,3.7612422208764587,1279.5
min_enclosing_circle,159,5.30334505125486,1069.1298828125,554.5872192382812,21.622217178344727,3.7473457028947497,1284.0
min_enclosing_circle,160,5.3366994226464,1067.620361328125,558.8717041015625,21.533077239990234,3.731896863296396,1261.5
min_enclosing_circle,161,5.370053794037941,1065.690673828125,562.6185302734375,21.784278869628906,3.77543260894275,1280.0
min_enclosing_circle,162,5.4034081654294805,1063.3402099609375,566.7664184570312,21.52397918701172,3.730320080052914,1270.5
min_enclosing_circle,163,5.43676253682102,1061.26171875,570.1073608398438,21.54509735107422,3.733980068327932,1261.5
min_enclosing_circle,164,5.47011690821256,1058.5,574.5,21.50591278076172,3.727188991817638,1246.0
min_enclosing_circle,165,5.5034712796041,1056.272705078125,578.272705078125,21.359853744506836,3.701875505353038,1264.0
min_enclosing_circle,166,5.53682565099564,1053.271484375,582.0927124023438,21.561738967895508,3.7368642263571528,1258.0
min_enclosing_circle,167,5.570180022387181,1050.7332763671875,585.6666870117188,21.50787353515625,3.727528810093173,1253.0
min_enclosing_circle,168,5.6035343937787205,1047.9166259765625,589.0833129882812,21.517864227294922,3.7292602965982797,1242.5
min_enclosing_circle,169,5.63688876517026,1044.7835693359375,592.291015625,21.6219425201416,3.7472981018911726,1277.5
min_enclosing_circle,170,5.6702431365618,1041.4073486328125,596.2177124023438,21.596492767333984,3.7428874061222452,1248.0
min_enclosing_circle,171,5.70359750795334,1038.0927734375,599.2715454101562,21.561702728271484,3.736857945669181,1241.5
min_enclosing_circle,172,5.73695187934488,1034.5,602.5,21.96598243713379,3.806923647871543,1276.0
min_enclosing_circle,173,5.770306250736421,1030.6185302734375,605.6907348632812,21.7843074798584,3.7754375673806226,1265.0
min_enclosing_circle,174,5.8036606221279605,1027.690673828125,608.6185302734375,21.784278869628906,3.77543260894275,1266.0
min_enclosing_circle,175,5.8370149935195,1024.1363525390625,611.5,21.475154876708984,3.7218583405420835,1272.0
min_enclosing_circle,176,5.87036936491104,1020.2310791015625,613.656005859375,21.522912979125977,3.730135295601529,1259.5
min_enclosing_circle,177,5.90372373630258,1015.9821166992188,617.0178833007812,21.608675003051758,3.7449987089683923,1287.0
min_enclosing_circle,178,5.937078107694121,1011.9166870117188,619.0833129882812,21.5178279876709,3.729254015910308,1277.5
min_enclosing_circle,179,5.970432479085661,1007.9166870117188,621.0833129882812,21.5178279876709,3.729254015910308,1256.5
min_enclosing_circle,180,6.0037868504772005,1003.0897216796875,623.0897216796875,21.508960723876953,3.727717230732331,1240.5
min_enclosing_circle,181,6.03714122186874,999.0675659179688,625.5,21.30320167541504,3.692057137240268,1238.0
min_enclosing_circle,182,6.07049559326028,994.8846435546875,626.8846435546875,21.423221588134766,3.7128577841157657,1246.5
min_enclosing_circle,183,6.10384996465182,990.8448486328125,628.1551513671875,21.74260711669922,3.768210478900066,1281.0
min_enclosing_circle,184,6.137204336043361,987.0833129882812,629.9166870117188,21.517885208129883,3.7292639327860533,1262.5
min_enclosing_circle,185,6.170558707434901,982.239013671875,631.0169067382812,21.756633758544922,3.7706414357077325,1295.0
min_enclosing_circle,186,6.2039130788264405,977.7447509765625,632.4733276367188,21.720958709716797,3.764458594243143,1300.5
min_enclosing_circle,187,6.23726745021798,973.9362182617188,633.5067138671875,21.302806854248047,3.6919887107976264,1256.0
min_enclosing_circle,188,6.27062182160952,969.0263061523438,634.131591796875,21.34236717224121,3.6988449081253134,1274.5
min_enclosing_circle,189,6.30397619300106,964.5,635.5,21.31910514831543,3.694813367572376,1248.5
min_enclosing_circle,190,6.337330564392601,959.9030151367188,635.21484375,21.4339599609375,3.7147188511306095,1261.5
min_enclosing_circle,191,6.370684935784141,955.2999877929688,635.5,21.77945327758789,3.774596285754907,1260.5
min_enclosing_circle,192,6.4040393071756805,951.0833129882812,635.9166870117188,21.517885208129883,3.7292639327860533,1275.0
min_enclosing_circle,193,6.43739367856722,946.6434936523438,635.9797973632812,21.65704917907715,3.7533824357233607,1276.5
min_enclosing_circle,194,6.47074804995876,941.6431274414062,635.5697021484375,21.69167137145996,3.759382806674239,1267.5
min_enclosing_circle,195,6.5041024213503,936.7670288085938,635.1730346679688,21.732999801635742,3.7665454354624517,1290.0
min_enclosing_circle,196,6.537456792741841,933.0310668945312,635.1624145507812,21.37844467163086,3.705097498282644,1275.0
min_enclosing_circle,197,6.570811164133381,928.5,634.5,21.50591278076172,3.727188991817638,1263.5
min_enclosing_circle,198,6.6041655355249205,924.20849609375,633.6009521484375,21.48236846923828,3.723108528011025,1273.5
min_enclosing_circle,199,6.63751990691646,920.2056274414062,633.1401977539062,21.324182510375977,3.695693325013498,1277.5
min_enclosing_circle,200,6.670874278308,915.0833129882812,631.9166870117188,21.517885208129883,3.7292639327860533,1257.5
min_enclosing_circle,201,6.70422864969954,911.1065673828125,630.84423828125,21.283550262451172,3.6886513515468513,1243.0
min_enclosing_circle,202,6.737583021091081,907.0755004882812,629.6463623046875,21.375913619995117,3.704658841812183,1254.0
min_enclosing_circle,203,6.770937392482621,903.0720825195312,628.3777465820312,20.999530792236328,3.639427947098117,1243.5
min_enclosing_circle,204,6.8042917638741605,899.1199340820312,626.7492065429688,21.371681213378906,3.703925323569565,1276.5
min_enclosing_circle,205,6.8376461352657,895.5,625.0675659179688,21.303199768066406,3.6920568066777433,1250.0
min_enclosing_circle,206,6.87100050665724,891.9739379882812,623.3365478515625,21.339542388916016,3.6983553450260267,1234.0
min_enclosing_circle,207,6.90435487804878,888.0904541015625,622.1921997070312,21.212696075439453,3.67637161487413,1247.5
min_enclosing_circle,208,6.937709249440321,883.5,619.0675659179688,21.303199768066406,3.6920568066777433,1238.0
min_enclosing_circle,209,6.971063620831861,879.5,617.5,20.94049072265625,3.6291957147042484,1228.5
min_enclosing_circle,210,7.0044179922234004,875.77587890625,615.22412109375,21.322650909423828,3.695427883306052,1267.0
min_enclosing_circle,211,7.03777236361494,872.5,612.3717651367188,21.383710861206055,3.7060101814137245,1264.0
min_enclosing_circle,212,7.07112673500648,868.7921142578125,610.00927734375,21.268028259277344,3.685961233719711,1254.5
min_enclosing_circle,213,7.104481106398021,865.5,607.5,20.94049072265625,3.6291957147042484,1242.5
min_enclosing_circle,214,7.137835477789561,862.2884521484375,604.7115478515625,21.240787506103516,3.6812401397399594,1252.5
min_enclosing_circle,215,7.171189849181101,858.0184936523438,600.9815063476562,21.564861297607422,3.7374053572103145,1274.5
min_enclosing_circle,216,7.20454422057264,855.355712890625,598.3819580078125,21.319929122924805,3.6949561705831067,1231.5
min_enclosing_circle,217,7.23789859196418,851.5,594.5,21.31910514831543,3.694813367572376,1231.5
min_enclosing_circle,218,7.27125296335572,848.8216552734375,591.71337890625,21.208484649658203,3.6756417328192854,1246.5
min_enclosing_circle,219,7.304607334747261,845.5,587.0675659179688,21.303199768066406,3.6920568066777433,1236.0
min_enclosing_circle,220,7.337961706138801,843.191162109375,584.0576782226562,21.57620620727539,3.739371543108057,1268.5
min_enclosing_circle,221,7.371316077530341,840.2288818359375,580.695556640625,21.23849868774414,3.680843464710153,1236.0
min_enclosing_circle,222,7.40467044892188,837.5,576.5,21.31910514831543,3.694813367572376,1238.0
min_enclosing_circle,223,7.43802482031342,835.5,573.5,20.94049072265625,3.6291957147042484,1205.5
min_enclosing_circle,224,7.47137919170496,833.5,569.0675659179688,21.303199768066406,3.6920568066777433,1197.5
min_enclosing_circle,225,7.504733563096501,832.2619018554688,565.5,21.3684024810791,3.7033570865893664,1235.0
min_enclosing_circle,226,7.538087934488041,829.1285400390625,560.8567504882812,21.28443145751953,3.688804071433327,1250.0
min_enclosing_circle,227,7.571442305879581,827.377685546875,557.2446899414062,21.08806800842285,3.654772328938621,1220.5
min_enclosing_circle,228,7.60479667727112,825.2250366210938,552.2974243164062,21.103076934814453,3.6573735254465793,1228.5
min_enclosing_circle,229,7.63815104866266,823.2330932617188,547.9180297851562,21.436420440673828,3.715145276787652,1252.5
min_enclosing_circle,230,7.6715054200542,822.5,544.0609741210938,21.08783721923828,3.6547323308731157,1214.5
min_enclosing_circle,231,7.704859791445741,820.523681640625,538.9716186523438,21.064151763916016,3.650627405439664,1215.5
min_enclosing_circle,232,7.738214162837281,819.5789184570312,534.8421020507812,21.535682678222656,3.7323484117053263,1242.5
min_enclosing_circle,233,7.7715685342288205,818.3400268554688,529.535888671875,21.628374099731445,3.74841275872493,1207.0
min_enclosing_circle,234,7.80492290562036,818.2777709960938,525.5,21.377517700195312,3.704936844895572,1254.5
min_enclosing_circle,235,7.8382772770119,816.782958984375,521.02880859375,20.958066940307617,3.6322418483706405,1220.0
min_enclosing_circle,236,7.87163164840344,816.6818237304688,516.6818237304688,21.205215454101562,3.675075148651711,1233.5
min_enclosing_circle,237,7.904986019794981,815.5,511.5,20.94049072265625,3.6291957147042484,1189.0
min_enclosing_circle,238,7.938340391186521,816.686279296875,507.4705810546875,21.374122619628906,3.7043484436013587,1214.5
min_enclosing_circle,239,7.9716947625780605,815.9461059570312,502.13037109375,21.330575942993164,3.6968013705967584,1230.0
min_enclosing_circle,240,8.005049133969601,816.5980834960938,497.535888671875,21.2661075592041,3.685628357257198,1178.5
min_enclosing_circle,241,8.03840350536114,817.1705932617188,492.6969909667969,21.12342071533203,3.660899305336513,1212.0
min_enclosing_circle,242,8.071757876752681,819.5,483.5,20.94049072265625,3.6291957147042484,1196.5
min_enclosing_circle,243,8.10511224814422,819.5,479.06756591796875,21.303199768066406,3.6920568066777433,1203.0
min_enclosing_circle,244,8.13846661953576,821.2100219726562,474.9377136230469,21.31865119934082,3.6947346936914642,1233.0
min_enclosing_circle,245,8.171820990927301,821.5564575195312,470.4223937988281,21.414892196655273,3.7114142175697937,1236.5
min_enclosing_circle,246,8.20517536231884,823.0,466.5,21.66227912902832,3.7542888381664694,1226.5
min_enclosing_circle,247,8.238529733710381,824.4833984375,461.3554382324219,21.398149490356445,3.7085125397267564,1205.0
min_enclosing_circle,248,8.27188410510192,826.4833984375,457.3554382324219,21.398149490356445,3.7085125397267564,1211.0
min_enclosing_circle,249,8.30523847649346,827.8721313476562,453.2787780761719,21.330577850341797,3.696801701159283,1201.0
min_enclosing_circle,250,8.338592847885,829.5,449.5,20.94049072265625,3.6291957147042484,1232.5
min_enclosing_circle,251,8.37194721927654,830.5,445.5,21.272146224975586,3.6866749182108385,1189.0
min_enclosing_circle,252,8.405301590668081,833.5067138671875,441.9362487792969,21.30278968811035,3.6919857357349026,1230.5
min_enclosing_circle,253,8.43865596205962,835.5,437.5,20.94049072265625,3.6291957147042484,1214.0
min_enclosing_circle,254,8.472010333451161,838.5,433.5,21.50591278076172,3.727188991817638,1178.0
min_enclosing_circle,255,8.5053647048427,841.2715454101562,430.09271240234375,21.56170654296875,3.7368586067942307,1232.0
min_enclosing_circle,256,8.53871907623424,843.6768798828125,426.01300048828125,21.310853958129883,3.6933833540899226,1236.5
min_enclosing_circle,257,8.572073447625781,846.3292846679688,423.3780517578125,21.506927490234375,3.7273648510808526,1245.5
min_enclosing_circle,258,8.60542781901732,848.5,420.5,21.272146224975586,3.6866749182108385,1214.5
min_enclosing_circle,259,8.638782190408861,851.64794921875,416.7849426269531,21.463050842285156,3.719760590759455,1230.0
min_enclosing_circle,260,8.6721365618004,854.2239379882812,413.8987731933594,21.020950317382812,3.6431401642520593,1195.5
min_enclosing_circle,261,8.70549093319194,857.5,410.5,21.31910514831543,3.694813367572376,1225.0
min_enclosing_circle,262,8.73884530458348,860.686279296875,407.4705810546875,21.374122619628906,3.7043484436013587,1195.5
min_enclosing_circle,263,8.77219967597502,864.1381225585938,404.21405029296875,21.347070693969727,3.6996600753115665,1228.0
min_enclosing_circle,264,8.805554047366561,868.2025756835938,402.3311767578125,21.274883270263672,3.6871492754339825,1237.5
min_enclosing_circle,265,8.8389084187581,870.2239379882812,399.8987731933594,21.020950317382812,3.6431401642520593,1204.0
min_enclosing_circle,266,8.872262790149641,873.0833129882812,397.9166564941406,21.517860412597656,3.7292596354732304,1241.0
min_enclosing_circle,267,8.90561716154118,878.5,394.5,21.50591278076172,3.727188991817638,1236.5
min_enclosing_circle,268,8.93897153293272,882.5,392.5,21.50591278076172,3.727188991817638,1271.5
min_enclosing_circle,269,8.972325904324261,885.5,390.5,21.50591278076172,3.727188991817638,1226.0
min_enclosing_circle,270,9.0056802757158,889.9461059570312,388.13037109375,21.330575942993164,3.6968013705967584,1216.0
min_enclosing_circle,271,9.039034647107341,892.7756958007812,386.656494140625,21.274524688720703,3.6870871296793126,1195.0
min_enclosing_circle,272,9.07238901849888,897.5254516601562,385.2955322265625,21.074623107910156,3.6524421937010305,1218.0
min_enclosing_circle,273,9.10574338989042,901.5,383.5,20.94049072265625,3.6291957147042484,1199.5
min_enclosing_circle,274,9.13909776128196,905.9285888671875,381.9285583496094,21.501148223876953,3.7263632466305903,1237.5
min_enclosing_circle,275,9.1724521326735,910.8618774414062,380.78594970703125,21.347076416015625,3.6996610669991408,1221.5
min_enclosing_circle,276,9.205806504065041,915.9166870117188,379.0833435058594,21.517852783203125,3.7292583132231307,1226.5
min_enclosing_circle,277,9.23916087545658,920.0999755859375,378.5,21.07758140563965,3.652954896177056,1198.0
min_enclosing_circle,278,9.272515246848121,924.8846435546875,376.8846130371094,21.423194885253906,3.712853156240418,1228.0
min_enclosing_circle,279,9.30586961823966,929.5,377.5,20.94049072265625,3.6291957147042484,1209.0
min_enclosing_circle,280,9.3392239896312,933.4752197265625,376.54132080078125,21.271419525146484,3.686548973888875,1221.0
min_enclosing_circle,281,9.372578361022741,937.5,375.5,20.94049072265625,3.6291957147042484,1213.5
min_enclosing_circle,282,9.40593273241428,942.880859375,376.2502746582031,21.154708862304688,3.6663218529939727,1212.0
min_enclosing_circle,283,9.439287103805821,947.6124877929688,376.3125,21.01492691040039,3.6420962477986176,1185.5
min_enclosing_circle,284,9.47264147519736,952.3106079101562,375.94329833984375,21.035381317138672,3.6456412003149916,1185.0
min_enclosing_circle,285,9.5059958465889,957.3984985351562,376.71319580078125,21.5484561920166,3.7345621889341736,1196.5
min_enclosing_circle,286,9.539350217980441,960.51806640625,376.9028015136719,20.931821823120117,3.627693308028855,1201.0
min_enclosing_circle,287,9.57270458937198,965.5,377.06756591796875,21.30320167541504,3.692057137240268,1202.5
min_enclosing_circle,288,9.606058960763521,970.5156860351562,378.0430908203125,21.075632095336914,3.65261706127667,1217.5
min_enclosing_circle,289,9.63941333215506,973.9241333007812,378.6138000488281,21.22963523864746,3.6793073406572256,1226.0
min_enclosing_circle,290,9.6727677035466,979.5263061523438,379.9473571777344,21.30158233642578,3.6917764896566796,1193.5
min_enclosing_circle,291,9.70612207493814,984.455322265625,381.48052978515625,21.272207260131836,3.6866854962116333,1210.0
min_enclosing_circle,292,9.73947644632968,989.3494262695312,382.71533203125,21.057098388671875,3.649404985222809,1217.0
min_enclosing_circle,293,9.772830817721221,993.9904174804688,384.50799560546875,21.018260955810547,3.6426740710920362,1225.0
min_enclosing_circle,294,9.80618518911276,998.5,386.5,21.272146224975586,3.6866749182108385,1229.0
min_enclosing_circle,295,9.839539560504301,1002.2932739257812,388.3826904296875,21.27349281311035,3.686908295353375,1211.5
min_enclosing_circle,296,9.87289393189584,1006.3587646484375,390.2248229980469,21.28740692138672,3.6893197489720757,1258.0
min_enclosing_circle,297,9.90624830328738,1011.4210815429688,392.15789794921875,21.53567123413086,3.7323464283301773,1223.5
min_enclosing_circle,298,9.939602674678921,1014.9074096679688,395.5,21.43819236755371,3.7154523693732275,1226.0
min_enclosing_circle,299,9.97295704607046,1018.5,397.24359130859375,21.71507453918457,3.7634388088540143,1259.5
min_enclosing_circle,300,10.006311417462001,1023.5,400.5,21.31910514831543,3.694813367572376,1195.0
min_enclosing_circle,301,10.03966578885354,1027.1414794921875,403.4342041015625,21.08506965637207,3.654252684649574,1200.0
min_enclosing_circle,302,10.07302016024508,1029.7899169921875,406.0622863769531,21.31865119934082,3.6947346936914642,1225.0
min_enclosing_circle,303,10.10637453163662,1033.271484375,408.09271240234375,21.561738967895508,3.7368642263571528,1220.0
min_enclosing_circle,304,10.13972890302816,1036.738037109375,411.5,21.368432998657227,3.703362375589764,1227.5
min_enclosing_circle,305,10.173083274419701,1039.5,414.5540466308594,21.277301788330078,3.6875684287154784,1235.0
min_enclosing_circle,306,10.20643764581124,1042.9093017578125,418.33123779296875,21.547603607177734,3.7344144274855706,1242.0
min_enclosing_circle,307,10.239792017202781,1046.68603515625,422.1976623535156,21.62691307067871,3.7481595478309035,1262.5
min_enclosing_circle,308,10.27314638859432,1049.8035888671875,425.1964416503906,21.28571319580078,3.689026209450019,1230.5
min_enclosing_circle,309,10.30650075998586,1051.5,429.0384521484375,21.327714920043945,3.6963055268094998,1247.5
min_enclosing_circle,310,10.339855131377401,1054.727294921875,432.7272644042969,21.359848022460938,3.701874513665463,1230.5
min_enclosing_circle,311,10.37320950276894,1056.880859375,436.2502746582031,21.154708862304688,3.6663218529939727,1243.0
min_enclosing_circle,312,10.406563874160481,1059.1065673828125,440.8442687988281,21.283578872680664,3.688656309984724,1251.5
min_enclosing_circle,313,10.43991824555202,1061.31494140625,444.5528564453125,21.32472801208496,3.6957878658956016,1239.5
min_enclosing_circle,314,10.47327261694356,1063.5194091796875,448.8161315917969,21.525623321533203,3.730605024949325,1266.5
min_enclosing_circle,315,10.506626988335102,1065.9166259765625,453.0833435058594,21.51788902282715,3.7292645939111027,1263.5
min_enclosing_circle,316,10.53998135972664,1067.0277099609375,457.1353454589844,21.505491256713867,3.727115937499649,1264.5
min_enclosing_circle,317,10.573335731118181,1068.5,461.1341552734375,21.6080265045166,3.744886317709947,1255.5
min_enclosing_circle,318,10.60669010250972,1070.0238037109375,464.5,21.654598236083984,3.7529576628789423,1272.5
min_enclosing_circle,319,10.640044473901261,1071.78515625,469.0969543457031,21.43393898010254,3.7147152149428364,1268.0
min_enclosing_circle,320,10.6733988452928,1072.700439453125,473.7489013671875,21.42209243774414,3.7126620911010613,1261.5
min_enclosing_circle,321,10.70675321668434,1073.1697998046875,478.0377502441406,21.513431549072266,3.728492069290554,1254.5
min_enclosing_circle,322,10.740107588075881,1074.1885986328125,481.8354797363281,21.704639434814453,3.76163030128062,1264.5
min_enclosing_circle,323,10.77346195946742,1075.0068359375,486.66070556640625,21.51248550415039,3.728328110278234,1256.0
min_enclosing_circle,324,10.806816330858961,1075.5,490.81707763671875,21.5314884185791,3.7316215047132055,1281.5
min_enclosing_circle,325,10.8401707022505,1075.9000244140625,494.5,21.574609756469727,3.739094862274767,1269.5
min_enclosing_circle,326,10.87352507364204,1076.067138671875,498.6194152832031,21.591997146606445,3.7421082702511996,1281.0
min_enclosing_circle,327,10.906879445033582,1076.37841796875,503.1282043457031,21.87945556640625,3.791927678932219,1298.0
min_enclosing_circle,328,10.94023381642512,1076.8114013671875,507.8354797363281,21.70462417602539,3.761627656780421,1272.5
min_enclosing_circle,329,10.973588187816661,1076.5,512.5,21.50591278076172,3.727188991817638,1240.5
min_enclosing_circle,330,11.0069425592082,1075.5,516.5,21.8289794921875,3.783179672274878,1286.5
min_enclosing_circle,331,11.040296930599741,1075.5,520.8170776367188,21.5314884185791,3.7316215047132055,1271.5
min_enclosing_circle,332,11.07365130199128,1075.271484375,526.0927124023438,21.561738967895508,3.7368642263571528,1260.5
min_enclosing_circle,333,11.10700567338282,1075.2000732421875,530.3902587890625,21.8313045501709,3.783582627992657,1271.0
min_enclosing_circle,334,11.140360044774361,1073.5,534.5,21.8289794921875,3.783179672274878,1288.0
min_enclosing_circle,335,11.1737144161659,1073.26171875,538.8926391601562,21.54509735107422,3.733980068327932,1268.5
min_enclosing_circle,336,11.207068787557441,1071.271484375,544.0927124023438,21.561738967895508,3.7368642263571528,1297.5
min_enclosing_circle,337,11.24042315894898,1069.5,548.2026977539062,21.550018310546875,3.7348329196420167,1272.5
min_enclosing_circle,338,11.27377753034052,1067.5,552.8170776367188,21.5314884185791,3.7316215047132055,1278.0
min_enclosing_circle,339,11.307131901732062,1065.9166259765625,557.0833129882812,21.51787757873535,3.7292626105359536,1264.0
min_enclosing_circle,340,11.3404862731236,1063.5,560.5,21.8289794921875,3.783179672274878,1295.0
min_enclosing_circle,341,11.373840644515141,1061.5,564.5,21.8289794921875,3.783179672274878,1273.5
min_enclosing_circle,342,11.40719501590668,1059.5,568.5,21.8289794921875,3.783179672274878,1273.5
min_enclosing_circle,343,11.440549387298221,1057.5789794921875,572.8421020507812,21.535667419433594,3.732345767205128,1279.0
min_enclosing_circle,344,11.47390375868976,1055.5,576.7973022460938,21.550025939941406,3.7348342418921163,1260.5
min_enclosing_circle,345,11.5072581300813,1053.0699462890625,580.3161010742188,21.858867645263672,3.788359587039106,1306.5
min_enclosing_circle,346,11.540612501472841,1049.597900390625,583.8041381835938,21.922767639160156,3.799434092746264,1301.0
min_enclosing_circle,347,11.57396687286438,1047.0908203125,587.4888916015625,21.863510131835938,3.7891641762245643,1289.5
min_enclosing_circle,348,11.607321244255921,1044.3358154296875,590.8057861328125,21.84711456298828,3.786322660761048,1287.0
min_enclosing_circle,349,11.64067561564746,1041.309326171875,594.3814697265625,21.784284591674805,3.7754336006303246,1290.0
min_enclosing_circle,350,11.674029987039,1037.1697998046875,598.0377197265625,21.513402938842773,3.728487110852681,1270.0
min_enclosing_circle,351,11.707384358430541,1033.9888916015625,600.7638549804688,21.75617218017578,3.7705614395767215,1291.5
min_enclosing_circle,352,11.74073872982208,1030.935791015625,604.47705078125,21.663320541381836,3.754469325305031,1275.0
min_enclosing_circle,353,11.774093101213621,1026.5,606.5,21.50591278076172,3.727188991817638,1267.5
min_enclosing_circle,354,11.80744747260516,1022.8709716796875,609.1935424804688,21.7023868560791,3.7612399069387847,1262.5
min_enclosing_circle,355,11.8408018439967,1019.6598510742188,612.2335815429688,21.523937225341797,3.7303128076773673,1274.5
min_enclosing_circle,356,11.874156215388242,1015.9166870117188,615.0833129882812,21.5178279876709,3.729254015910308,1281.0
min_enclosing_circle,357,11.90751058677978,1011.4932861328125,617.0637817382812,21.302806854248047,3.6919887107976264,1256.0
min_enclosing_circle,358,11.940864958171321,1007.0833129882812,619.9166870117188,21.517885208129883,3.7292639327860533,1253.5
min_enclosing_circle,359,11.97421932956286,1003.0833129882812,621.9166870117188,21.517885208129883,3.7292639327860533,1259.0
min_enclosing_circle,360,12.007573700954401,999.0036010742188,623.8597412109375,21.51483726501465,3.7287356938713603,1277.0
min_enclosing_circle,361,12.04092807234594,994.842529296875,625.6721801757812,21.568269729614258,3.737996072442202,1280.5
min_enclosing_circle,362,12.07428244373748,991.2132568359375,627.3602905273438,21.693449020385742,3.759690890947389,1280.5
min_enclosing_circle,363,12.107636815129021,987.0985717773438,628.6760864257812,21.710500717163086,3.7626461199194505,1278.5
min_enclosing_circle,364,12.14099118652056,978.7000122070312,630.5,21.446308135986328,3.716858912916418,1276.5
min_enclosing_circle,365,12.174345557912101,974.61376953125,631.9241333007812,21.22964859008789,3.6793096545948996,1265.0
min_enclosing_circle,366,12.20769992930364,970.1166381835938,632.8833618164062,21.795257568359375,3.7773353268357237,1281.0
min_enclosing_circle,367,12.24105430069518,964.822265625,633.1587524414062,21.69443130493164,3.7598611306476815,1282.5
min_enclosing_circle,368,12.274408672086722,960.8170776367188,633.5,21.531478881835938,3.731619851900581,1274.0
min_enclosing_circle,369,12.30776304347826,956.5781860351562,633.79052734375,21.6981258392334,3.7605014302582944,1304.0
min_enclosing_circle,370,12.341117414869801,951.6658935546875,634.2376098632812,21.525665283203125,3.7306122973248717,1282.5
min_enclosing_circle,371,12.37447178626134,947.40673828125,634.1476440429688,21.534738540649414,3.7321847832555313,1261.0
min_enclosing_circle,372,12.407826157652881,943.3214111328125,634.447021484375,21.39188003540039,3.7074259807076104,1273.5
min_enclosing_circle,373,12.44118052904442,938.5,634.5,21.50591278076172,3.727188991817638,1275.0
min_enclosing_circle,374,12.47453490043596,934.185791015625,634.0733642578125,21.341306686401367,3.698661115361503,1285.0
min_enclosing_circle,375,12.507889271827501,929.1730346679688,632.7670288085938,21.732982635498047,3.7665424603997284,1282.5
min_enclosing_circle,376,12.54124364321904,925.4071655273438,632.2196044921875,21.595186233520508,3.7426609707927305,1274.5
min_enclosing_circle,377,12.574598014610581,921.9902954101562,632.2584838867188,21.43703269958496,3.7152513873581254,1289.0
min_enclosing_circle,378,12.60795238600212,917.1341552734375,630.5,21.608009338378906,3.7448833426472237,1294.0
min_enclosing_circle,379,12.64130675739366,913.0833129882812,629.9166870117188,21.517885208129883,3.7292639327860533,1261.5
min_enclosing_circle,380,12.674661128785202,908.3837280273438,628.3837280273438,21.43071746826172,3.7141568948383834,1271.0
min_enclosing_circle,381,12.70801550017674,904.2948608398438,626.7820434570312,21.618728637695312,3.746741104036819,1275.5
min_enclosing_circle,382,12.741369871568281,901.0833129882812,625.9166870117188,21.517885208129883,3.7292639327860533,1278.0
min_enclosing_circle,383,12.77472424295982,897.1197509765625,624.0265502929688,21.589374542236328,3.741653746779546,1298.5
min_enclosing_circle,384,12.808078614351361,893.5,622.5,21.783119201660156,3.775231626927648,1268.5
min_enclosing_circle,385,12.841432985742902,889.6460571289062,620.8301391601562,21.581846237182617,3.7403490164940063,1256.5
min_enclosing_circle,386,12.87478735713444,885.5392456054688,618.895751953125,21.46910858154297,3.720810457338344,1270.0
min_enclosing_circle,387,12.908141728525981,881.2748413085938,616.3972778320312,21.383520126342773,3.705977125161241,1276.5
min_enclosing_circle,388,12.94149609991752,877.5978393554688,614.2582397460938,21.568323135375977,3.738005328192897,1267.5
min_enclosing_circle,389,12.974850471309061,873.9166870117188,611.0833129882812,21.5178279876709,3.729254015910308,1286.5
min_enclosing_circle,390,13.0082048427006,870.2142944335938,609.5,21.54098892211914,3.7332680366494286,1288.0
min_enclosing_circle,391,13.04155921409214,866.9986572265625,606.8638916015625,21.351287841796875,3.7003909490539857,1282.0
min_enclosing_circle,392,13.074913585483682,864.1260986328125,603.720703125,21.472599029541016,3.7214153867587996,1269.0
min_enclosing_circle,393,13.10826795687522,860.0719604492188,600.50439453125,21.643295288085938,3.750998749356746,1284.0
min_enclosing_circle,394,13.141622328266761,856.7244262695312,597.659423828125,21.508359909057617,3.727613103537007,1282.5
min_enclosing_circle,395,13.1749766996583,853.5,594.5,21.31910514831543,3.694813367572376,1246.0
min_enclosing_circle,396,13.208331071049841,849.6015014648438,590.2868041992188,21.548484802246094,3.7345671473720463,1258.0
min_enclosing_circle,397,13.241685442441382,847.5,587.5,20.94049072265625,3.6291957147042484,1232.0
min_enclosing_circle,398,13.27503981383292,844.5,583.5,21.50591278076172,3.727188991817638,1222.5
min_enclosing_circle,399,13.308394185224461,841.7251586914062,580.6027221679688,21.383474349975586,3.7059691916606448,1238.5
min_enclosing_circle,400,13.341748556616,839.3709716796875,576.5,21.401042938232422,3.709014003076937,1247.0
min_enclosing_circle,401,13.375102928007541,837.5,573.0640869140625,21.300085067749023,3.691516998074681,1226.5
min_enclosing_circle,402,13.40845729939908,835.4736938476562,569.0526123046875,21.30156707763672,3.691773845156481,1233.5
min_enclosing_circle,403,13.44181167079062,833.6843872070312,565.1444702148438,21.290739059448242,3.68989724170297,1221.5
min_enclosing_circle,404,13.475166042182162,830.727294921875,560.727294921875,21.359874725341797,3.701879141540811,1262.5
min_enclosing_circle,405,13.5085204135737,828.727294921875,556.727294921875,21.359874725341797,3.701879141540811,1247.0
min_enclosing_circle,406,13.541874784965241,826.5399780273438,552.5,21.25244140625,3.6832598767667264,1215.5
min_enclosing_circle,407,13.57522915635678,825.0322265625,548.2057495117188,21.394607543945312,3.7078986851181304,1265.5
min_enclosing_circle,408,13.608583527748321,822.5,543.5,21.50591278076172,3.727188991817638,1252.5
min_enclosing_circle,409,13.641937899139862,821.5,539.0384521484375,21.32769775390625,3.696302551746776,1242.0
min_enclosing_circle,410,13.6752922705314,820.8618774414062,534.7859497070312,21.347076416015625,3.6996610669991408,1225.0
min_enclosing_circle,411,13.708646641922941,819.6641845703125,530.0074462890625,21.31000518798828,3.693236253766369,1243.0
min_enclosing_circle,412,13.74200101331448,818.7222290039062,525.5,21.37750816345215,3.704935192082948,1210.0
min_enclosing_circle,413,13.775355384706021,817.7877197265625,520.5772094726562,21.227190017700195,3.678883559500382,1233.0
min_enclosing_circle,414,13.80870975609756,818.1381225585938,516.2140502929688,21.347070693969727,3.6996600753115665,1229.0
min_enclosing_circle,415,13.8420641274891,817.204833984375,511.93463134765625,21.404634475708008,3.709636452311209,1253.0
min_enclosing_circle,416,13.875418498880641,817.3358154296875,506.9925231933594,21.310009002685547,3.693236914891419,1222.5
min_enclosing_circle,417,13.90877287027218,817.5,502.5,21.31910514831543,3.694813367572376,1208.5
min_enclosing_circle,418,13.942127241663721,817.5,497.5,20.94049072265625,3.6291957147042484,1237.0
min_enclosing_circle,419,13.97548161305526,817.5,492.5,21.31910514831543,3.694813367572376,1212.5
min_enclosing_circle,420,14.008835984446801,818.1381225585938,488.21405029296875,21.347070693969727,3.6996600753115665,1229.5
min_enclosing_circle,421,14.042190355838342,818.7197875976562,484.076171875,21.170995712280273,3.6691445263935734,1226.0
min_enclosing_circle,422,14.07554472722988,820.5,480.5,21.50591278076172,3.727188991817638,1208.0
min_enclosing_circle,423,14.108899098621421,820.2619018554688,475.5,21.3684024810791,3.7033570865893664,1206.0
min_enclosing_circle,424,14.14225347001296,821.5,471.06756591796875,21.303199768066406,3.6920568066777433,1234.0
min_enclosing_circle,425,14.175607841404501,823.1551513671875,466.9137878417969,21.32267951965332,3.6954328417439246,1211.0
min_enclosing_circle,426,14.208962212796042,823.4618530273438,462.1810607910156,21.543052673339844,3.7336257053013044,1258.5
min_enclosing_circle,427,14.24231658418758,825.5067138671875,457.9362487792969,21.30278968811035,3.6919857357349026,1219.0
min_enclosing_circle,428,14.275670955579121,827.5,454.18292236328125,21.531478881835938,3.731619851900581,1253.0
min_enclosing_circle,429,14.30902532697066,828.7333374023438,449.6666564941406,21.5078125,3.727518232092378,1237.0
min_enclosing_circle,430,14.342379698362201,830.5,446.5,21.50591278076172,3.727188991817638,1240.5
min_enclosing_circle,431,14.37573406975374,832.7333374023438,441.6666564941406,21.5078125,3.727518232092378,1249.0
min_enclosing_circle,432,14.40908844114528,834.6481323242188,437.9444580078125,21.233762741088867,3.6800226779609773,1216.5
min_enclosing_circle,433,14.442442812536822,838.2025756835938,434.3311767578125,21.274883270263672,3.6871492754339825,1229.5
min_enclosing_circle,434,14.47579718392836,839.6641845703125,430.0074768066406,21.310033798217773,3.6932412122042417,1241.0
min_enclosing_circle,435,14.509151555319901,843.279541015625,426.44085693359375,21.226316452026367,3.6787321618640054,1226.5
min_enclosing_circle,436,14.54250592671144,845.5,423.0384521484375,21.327714920043945,3.6963055268094998,1249.5
min_enclosing_circle,437,14.575860298102981,848.2025756835938,420.3311767578125,21.274883270263672,3.6871492754339825,1231.0
min_enclosing_circle,438,14.609214669494522,850.5681762695312,416.9944763183594,21.0562744140625,3.6492621822120785,1204.0
min_enclosing_circle,439,14.64256904088606,853.5,413.5,20.94049072265625,3.6291957147042484,1224.0
min_enclosing_circle,440,14.675923412277601,857.5392456054688,410.8957824707031,21.46912956237793,3.720814093526117,1237.0
min_enclosing_circle,441,14.70927778366914,860.5,407.5,21.50591278076172,3.727188991817638,1242.5
min_enclosing_circle,442,14.742632155060681,863.3358154296875,404.9925231933594,21.310009002685547,3.693236914891419,1230.0
min_enclosing_circle,443,14.77598652645222,866.1381225585938,402.21405029296875,21.347070693969727,3.6996600753115665,1229.5
min_enclosing_circle,444,14.80934089784376,870.6038208007812,400.2595520019531,21.245346069335938,3.682030184174325,1233.0
min_enclosing_circle,445,14.842695269235302,872.5407104492188,398.033935546875,21.049589157104492,3.6481035605625176,1194.0
min_enclosing_circle,446,14.87604964062684,876.6688232421875,394.79742431640625,21.274883270263672,3.6871492754339825,1191.0
min_enclosing_circle,447,14.909404012018381,880.5,392.5,21.272146224975586,3.6866749182108385,1224.5
min_enclosing_circle,448,14.94275838340992,884.9839477539062,390.3221435546875,21.19402313232422,3.6731354077559555,1205.0
min_enclosing_circle,449,14.976112754801461,889.4074096679688,388.21771240234375,21.596471786499023,3.742883769934472,1235.5
min_enclosing_circle,450,15.009467126193002,893.1543579101562,386.2684631347656,21.36279296875,3.7023849022038147,1240.0
min_enclosing_circle,451,15.04282149758454,897.327880859375,384.8339538574219,21.17243194580078,3.6693934399747774,1204.5
min_enclosing_circle,452,15.076175868976081,901.5,383.5,20.94049072265625,3.6291957147042484,1183.0
min_enclosing_circle,453,15.10953024036762,904.476318359375,382.02838134765625,21.06415557861328,3.6506280665647135,1193.0
min_enclosing_circle,454,15.142884611759161,909.5458984375,380.4876708984375,21.22514533996582,3.6785291964737543,1199.5
min_enclosing_circle,455,15.176238983150702,914.4547729492188,379.1130676269531,20.936437606811523,3.6284932693389655,1177.0
min_enclosing_circle,456,15.20959335454224,919.2692260742188,377.5,21.0681095123291,3.651313322678705,1179.0
min_enclosing_circle,457,15.242947725933782,923.5635986328125,376.7226257324219,21.02688980102539,3.644169535954408,1187.5
min_enclosing_circle,458,15.27630209732532,928.2239379882812,375.8987731933594,21.020950317382812,3.6431401642520593,1187.0
min_enclosing_circle,459,15.309656468716861,932.9042358398438,375.4085693359375,21.198348999023438,3.6738851235622905,1209.5
min_enclosing_circle,460,15.3430108401084,937.5,375.0384521484375,21.327714920043945,3.6963055268094998,1236.5
min_enclosing_circle,461,15.376365211499941,941.8754272460938,374.8071594238281,21.324617385864258,3.695768693269161,1198.5
min_enclosing_circle,462,15.409719582891482,946.7941284179688,374.5,21.41884994506836,3.7121001348088347,1200.5
min_enclosing_circle,463,15.44307395428302,951.360107421875,374.5843200683594,21.343074798583984,3.6989675468220287,1232.0
min_enclosing_circle,464,15.476428325674561,955.5039672851562,375.03765869140625,21.326265335083008,3.696054299290622,1213.0
min_enclosing_circle,465,15.5097826970661,960.4600219726562,375.5,21.28815269470215,3.689448998919288,1188.0
min_enclosing_circle,466,15.543137068457641,965.0263061523438,376.131591796875,21.34236717224121,3.6988449081253134,1211.5
min_enclosing_circle,467,15.576491439849182,969.5789184570312,376.84210205078125,21.535682678222656,3.7323484117053263,1227.5
min_enclosing_circle,468,15.60984581124072,974.1463623046875,377.80487060546875,20.852313995361328,3.613913809180939,1198.0
min_enclosing_circle,469,15.643200182632262,979.4736938476562,379.0526428222656,21.30159568786621,3.6917788035943535,1208.0
min_enclosing_circle,470,15.6765545540238,984.6038208007812,380.2595520019531,21.245346069335938,3.682030184174325,1220.5
min_enclosing_circle,471,15.709908925415341,989.0875854492188,381.95782470703125,21.121089935302734,3.6604953579311594,1206.0
min_enclosing_circle,472,15.74326329680688,993.2330932617188,383.0820007324219,21.436405181884766,3.7151426322874532,1263.0
min_enclosing_circle,473,15.776617668198421,997.5,385.0641174316406,21.300113677978516,3.6915219565125534,1222.0
min_enclosing_circle,474,15.809972039589962,1001.5039672851562,387.03765869140625,21.326265335083008,3.696054299290622,1199.0
min_enclosing_circle,475,15.8433264109815,1005.4095458984375,389.06268310546875,21.258594512939453,3.684326271471857,1226.0
min_enclosing_circle,476,15.876680782373041,1010.5,391.0,21.10104751586914,3.6570218069201506,1207.5
min_enclosing_circle,477,15.91003515376458,1014.5,393.5689697265625,21.275503158569336,3.687256708254555,1193.0
min_enclosing_circle,478,15.943389525156121,1019.5,396.5,21.783119201660156,3.775231626927648,1227.0
min_enclosing_circle,479,15.976743896547662,1022.5557250976562,399.36376953125,21.362693786621094,3.702367712952523,1208.5
min_enclosing_circle,480,16.010098267939203,1026.79443359375,401.85980224609375,21.324134826660156,3.695685060950377,1229.5
min_enclosing_circle,481,16.04345263933074,1029.6658935546875,404.23760986328125,21.525665283203125,3.7306122973248717,1268.5
min_enclosing_circle,482,16.07680701072228,1033.5482177734375,407.3146667480469,21.083005905151367,3.653895015997698,1192.0
min_enclosing_circle,483,16.11016138211382,1035.703369140625,409.78814697265625,21.86326789855957,3.7891221947839098,1254.0
min_enclosing_circle,484,16.143515753505362,1039.7122802734375,413.1510925292969,21.348604202270508,3.699925847581537,1265.0
min_enclosing_circle,485,16.1768701248969,1043.0322265625,416.79425048828125,21.394607543945312,3.7078986851181304,1241.0
min_enclosing_circle,486,16.21022449628844,1045.72509765625,420.60272216796875,21.38352394104004,3.7059777862862906,1255.5
min_enclosing_circle,487,16.243578867679982,1049.4073486328125,424.21771240234375,21.596492767333984,3.7428874061222452,1276.0
min_enclosing_circle,488,16.27693323907152,1052.1153564453125,428.1153869628906,21.423236846923828,3.7128604286159645,1232.0
min_enclosing_circle,489,16.31028761046306,1054.5,431.5,21.50591278076172,3.727188991817638,1259.0
min_enclosing_circle,490,16.343641981854603,1056.5,434.5,21.50591278076172,3.727188991817638,1262.5
min_enclosing_circle,491,16.376996353246142,1059.49609375,439.03765869140625,21.32622528076172,3.6960473574776005,1268.5
min_enclosing_circle,492,16.41035072463768,1061.5198974609375,442.8107604980469,21.530479431152344,3.7314466371375654,1260.0
min_enclosing_circle,493,16.44370509602922,1063.5494384765625,446.53070068359375,21.783170700073242,3.7752405521158185,1288.0
min_enclosing_circle,494,16.477059467420762,1065.5789794921875,450.84210205078125,21.535667419433594,3.732345767205128,1265.5
min_enclosing_circle,495,16.5104138388123,1067.6016845703125,455.3983154296875,21.081361770629883,3.6536100711012867,1244.0
min_enclosing_circle,496,16.54376821020384,1069.0833740234375,459.9166564941406,21.517826080322266,3.7292536853477833,1259.0
min_enclosing_circle,497,16.577122581595383,1070.58056640625,463.3791809082031,21.65100860595703,3.7523355442071953,1264.0
min_enclosing_circle,498,16.61047695298692,1072.7142333984375,467.8571472167969,21.343299865722656,3.6990065531999594,1231.5
min_enclosing_circle,499,16.64383132437846,1073.233154296875,471.9179992675781,21.43636131286621,3.715135029349382,1226.0
min_enclosing_circle,500,16.67718569577,1074.5,476.5,21.50591278076172,3.727188991817638,1274.0
min_enclosing_circle,501,16.710540067161542,1075.5,480.5,21.783119201660156,3.775231626927648,1247.5
min_enclosing_circle,502,16.74389443855308,1076.009033203125,484.5778503417969,21.585693359375,3.7410157611066066,1231.5
min_enclosing_circle,503,16.77724880994462,1077.4932861328125,489.0637512207031,21.302780151367188,3.6919840829222785,1238.0
min_enclosing_circle,504,16.810603181336162,1076.9739990234375,492.6502990722656,21.511667251586914,3.728186298955078,1271.0
min_enclosing_circle,505,16.8439575527277,1077.7069091796875,496.5,21.674598693847656,3.7564239415144045,1281.5
min_enclosing_circle,506,16.87731192411924,1078.396240234375,501.83294677734375,21.618850708007812,3.7467622600384085,1233.5
min_enclosing_circle,507,16.91066629551078,1077.9141845703125,506.568115234375,21.625782012939453,3.7479635242536737,1265.0
min_enclosing_circle,508,16.944020666902322,1077.5789794921875,510.84210205078125,21.535667419433594,3.732345767205128,1273.5
min_enclosing_circle,509,16.97737503829386,1077.4210205078125,516.1578979492188,21.53569793701172,3.732351056205525,1275.0
min_enclosing_circle,510,17.0107294096854,1076.6689453125,519.8875122070312,21.72607421875,3.765345162934761,1272.5
min_enclosing_circle,511,17.044083781076942,1076.5,524.5,21.50591278076172,3.727188991817638,1262.0
min_enclosing_circle,512,17.07743815246848,1075.5,528.2879028320312,21.62991714477539,3.748680183807525,1282.5
min_enclosing_circle,513,17.11079252386002,1075.3402099609375,532.7664184570312,21.52397918701172,3.730320080052914,1276.5
min_enclosing_circle,514,17.144146895251563,1073.509765625,537.2352905273438,21.933639526367188,3.801318299137847,1292.5
min_enclosing_circle,515,17.1775012666431,1073.2861328125,542.3670654296875,21.784584045410156,3.775485498946724,1290.5
min_enclosing_circle,516,17.21085563803464,1071.4022216796875,546.7417602539062,21.56827163696289,3.7379964030047264,1269.0
min_enclosing_circle,517,17.24421000942618,1069.5,551.5,21.691110610961914,3.7592856212919363,1257.5
min_enclosing_circle,518,17.277564380817722,1067.5,555.5,21.691110610961914,3.7592856212919363,1251.5
min_enclosing_circle,519,17.31091875220926,1066.5,559.5,21.50591278076172,3.727188991817638,1255.0
min_enclosing_circle,520,17.3442731236008,1064.1290283203125,563.8064575195312,21.70240020751953,3.7612422208764587,1252.5
min_enclosing_circle,521,17.377627494992343,1061.6451416015625,566.8709716796875,21.547069549560547,3.7343218699786154,1280.0
min_enclosing_circle,522,17.41098186638388,1058.63671875,571.2066650390625,21.824251174926758,3.782360207775802,1269.0
min_enclosing_circle,523,17.44433623777542,1057.048828125,575.20263671875,21.420839309692383,3.7124449115222418,1273.5
min_enclosing_circle,524,17.47769060916696,1054.5169677734375,579.0762939453125,21.547901153564453,3.7344659952394452,1278.5
min_enclosing_circle,525,17.511044980558502,1052.0377197265625,583.1697998046875,21.51341438293457,3.7284890942278306,1280.5
min_enclosing_circle,526,17.54439935195004,1048.6290283203125,586.3709716796875,22.14809226989746,3.8384850966181263,1288.0
min_enclosing_circle,527,17.57775372334158,1046.076904296875,590.5076904296875,21.64483642578125,3.751265843876816,1256.0
min_enclosing_circle,528,17.611108094733122,1043.0833740234375,593.9166870117188,21.517850875854492,3.7292579826606063,1250.5
min_enclosing_circle,529,17.64446246612466,1039.5,596.5,21.50591278076172,3.727188991817638,1277.5
min_enclosing_circle,530,17.6778168375162,1036.2142333984375,599.5,21.54103660583496,3.7332763007125496,1285.5
min_enclosing_circle,531,17.711171208907743,1032.47705078125,602.935791015625,21.663354873657227,3.7544752754304787,1280.0
min_enclosing_circle,532,17.744525580299282,1028.76708984375,605.1730346679688,21.73297119140625,3.7665404770245794,1261.5
min_enclosing_circle,533,17.77787995169082,1025.716796875,608.4521484375,21.710359573364258,3.762621658292612,1294.5
min_enclosing_circle,534,17.81123432308236,1022.5,611.5,21.50591278076172,3.727188991817638,1234.0
min_enclosing_circle,535,17.844588694473902,1018.5402221679688,614.645751953125,21.379318237304688,3.7052488959190204,1243.5
min_enclosing_circle,536,17.87794306586544,1013.5,616.7857055664062,21.54098892211914,3.7332680366494286,1283.0
min_enclosing_circle,537,17.91129743725698,1009.4024047851562,619.0584716796875,21.363664627075195,3.7025359692776663,1276.0
min_enclosing_circle,538,17.944651808648523,1005.5,621.0675659179688,21.303199768066406,3.6920568066777433,1253.0
min_enclosing_circle,539,17.97800618004006,1001.04052734375,623.04052734375,21.488067626953125,3.7240962488352443,1259.0
min_enclosing_circle,540,18.0113605514316,997.0913696289062,625.3009033203125,21.69585418701172,3.760107730291211,1279.5
min_enclosing_circle,541,18.04471492282314,992.5,626.5,21.50591278076172,3.727188991817638,1292.0
min_enclosing_circle,542,18.078069294214682,988.8114013671875,627.83544921875,21.70465087890625,3.761632284655769,1279.5
min_enclosing_circle,543,18.11142366560622,984.5,629.5,21.50591278076172,3.727188991817638,1242.0
min_enclosing_circle,544,18.14477803699776,979.6015014648438,630.2868041992188,21.548484802246094,3.7345671473720463,1266.5
min_enclosing_circle,545,18.178132408389303,975.1500244140625,631.8499755859375,21.42540168762207,3.713235617081657,1243.5
min_enclosing_circle,546,18.21148677978084,970.8618774414062,632.7859497070312,21.347076416015625,3.6996610669991408,1258.5
min_enclosing_circle,547,18.24484115117238,965.5,632.8170776367188,21.5314884185791,3.7316215047132055,1260.5
min_enclosing_circle,548,18.27819552256392,961.3539428710938,634.1698608398438,21.581907272338867,3.740359594494801,1270.5
min_enclosing_circle,549,18.311549893955462,957.64453125,634.5166015625,21.398174285888672,3.7085168370395794,1261.5
min_enclosing_circle,550,18.344904265347,953.1551513671875,634.913818359375,21.32270622253418,3.6954374696192724,1279.5
min_enclosing_circle,551,18.37825863673854,948.8130493164062,634.7646484375,21.351585388183594,3.7004425168078603,1288.0
min_enclosing_circle,552,18.411613008130082,944.3386840820312,634.5,21.35223388671875,3.7005549080663056,1248.0
min_enclosing_circle,553,18.44496737952162,939.5,634.2142944335938,21.54100227355957,3.7332703505871025,1249.0
min_enclosing_circle,554,18.47832175091316,935.2715454101562,634.0927124023438,21.56170654296875,3.7368586067942307,1287.5
min_enclosing_circle,555,18.511676122304703,930.5,633.5,21.50591278076172,3.727188991817638,1273.0
min_enclosing_circle,556,18.545030493696242,925.96484375,632.4541015625,21.717037200927734,3.763778957692074,1280.0
min_enclosing_circle,557,18.57838486508778,922.75,632.25,21.613174438476562,3.7457785059644877,1271.5
min_enclosing_circle,558,18.61173923647932,917.9166870117188,631.0833129882812,21.5178279876709,3.729254015910308,1275.0
min_enclosing_circle,559,18.645093607870862,913.4618530273438,630.1810913085938,21.54308319091797,3.733630994301702,1277.5
min_enclosing_circle,560,18.6784479792624,909.4736938476562,629.0526123046875,21.30156707763672,3.691773845156481,1263.0
min_enclosing_circle,561,18.71180235065394,905.1500244140625,627.8499755859375,21.42540168762207,3.713235617081657,1267.5
min_enclosing_circle,562,18.745156722045483,901.3263549804688,626.14404296875,21.575090408325195,3.739178164031026,1277.5
min_enclosing_circle,563,18.77851109343702,897.5,624.637939453125,21.426042556762695,3.7133466860900026,1263.0
min_enclosing_circle,564,18.81186546482856,893.9677734375,622.7942504882812,21.394588470458984,3.7078953794928817,1273.5
min_enclosing_circle,565,18.8452198362201,889.9093627929688,621.0731201171875,21.51744842529297,3.729188233967865,1240.5
min_enclosing_circle,566,18.878574207611642,886.1407470703125,619.0242919921875,21.335208892822266,3.6976043069695925,1248.0
min_enclosing_circle,567,18.91192857900318,881.4932861328125,617.0637817382812,21.302806854248047,3.6919887107976264,1260.5
min_enclosing_circle,568,18.94528295039472,877.9000244140625,614.5,21.574609756469727,3.739094862274767,1286.0
min_enclosing_circle,569,18.978637321786263,874.5,611.9871826171875,21.71961784362793,3.764226208788181,1287.5
min_enclosing_circle,570,19.0119916931778,870.5,609.5,21.50591278076172,3.727188991817638,1261.0
min_enclosing_circle,571,19.04534606456934,867.4932861328125,607.0637817382812,21.302806854248047,3.6919887107976264,1236.5
min_enclosing_circle,572,19.078700435960883,864.0719604492188,604.50439453125,21.643295288085938,3.750998749356746,1231.0
min_enclosing_circle,573,19.112054807352422,860.9909057617188,601.9137573242188,21.464099884033203,3.7199424001481165,1245.5
min_enclosing_circle,574,19.14540917874396,857.5,598.2879028320312,21.62991714477539,3.748680183807525,1276.0
min_enclosing_circle,575,19.1787635501355,854.37060546875,595.4382934570312,21.380569458007812,3.705465744935315,1234.0
min_enclosing_circle,576,19.212117921527042,850.637939453125,591.5,21.4260311126709,3.7133447027148536,1247.5
min_enclosing_circle,577,19.24547229291858,848.5,588.231689453125,21.25030517578125,3.6828896467389063,1240.5
min_enclosing_circle,578,19.27882666431012,845.720458984375,584.5591430664062,21.226308822631836,3.6787308396139062,1241.0
min_enclosing_circle,579,19.312181035701663,842.5570678710938,580.9080200195312,21.13495635986328,3.6628985474867397,1224.0
min_enclosing_circle,580,19.3455354070932,839.5526123046875,577.5,20.91164207458496,3.6241959565160577,1228.5
min_enclosing_circle,581,19.37888977848474,837.5,573.310791015625,21.09886932373047,3.6566443045167847,1208.0
min_enclosing_circle,582,19.41224414987628,835.5,570.5,21.31910514831543,3.694813367572376,1211.5
min_enclosing_circle,583,19.445598521267822,833.5,566.2026977539062,21.550018310546875,3.7348329196420167,1259.0
min_enclosing_circle,584,19.47895289265936,831.5,562.5,21.31910514831543,3.694813367572376,1233.0
min_enclosing_circle,585,19.5123072640509,829.086181640625,557.913818359375,21.138782501220703,3.663561655911567,1211.0
min_enclosing_circle,586,19.545661635442443,827.3799438476562,553.8643188476562,21.311119079589844,3.693429302280875,1232.5
min_enclosing_circle,587,19.57901600683398,825.5,549.5,20.94049072265625,3.6291957147042484,1220.5
min_enclosing_circle,588,19.61237037822552,823.5,545.5,20.94049072265625,3.6291957147042484,1220.0
min_enclosing_circle,589,19.64572474961706,821.9571533203125,539.9571533203125,21.08098602294922,3.6535449502838935,1216.0
min_enclosing_circle,590,19.679079121008602,820.5,535.5,21.50591278076172,3.727188991817638,1223.0
min_enclosing_circle,591,19.71243349240014,819.9461059570312,530.86962890625,21.33055877685547,3.6967983955340347,1236.0
min_enclosing_circle,592,19.74578786379168,818.7069091796875,526.2930908203125,20.99021339416504,3.637813149164278,1211.5
min_enclosing_circle,593,19.779142235183222,818.2417602539062,521.7117309570312,21.183645248413086,3.671336817058306,1186.5
min_enclosing_circle,594,19.81249660657476,818.1495971679688,517.860595703125,21.00893783569336,3.641058281470623,1185.0
min_enclosing_circle,595,19.8458509779663,817.1065673828125,512.84423828125,21.283550262451172,3.6886513515468513,1208.5
min_enclosing_circle,596,19.879205349357843,817.1500244140625,507.8500061035156,21.425426483154297,3.71323991439448,1168.5
min_enclosing_circle,597,19.912559720749382,817.1285400390625,502.85675048828125,21.28443145751953,3.688804071433327,1200.5
min_enclosing_circle,598,19.94591409214092,817.5640869140625,498.2757873535156,21.025453567504883,3.6439206223732046,1193.5
min_enclosing_circle,599,19.97926846353246,817.5,493.5,20.94049072265625,3.6291957147042484,1211.0
min_enclosing_circle,600,20.012622834924002,817.913818359375,489.0862121582031,21.138742446899414,3.663554714098545,1185.5
min_enclosing_circle,601,20.04597720631554,819.377685546875,485.24468994140625,21.08806800842285,3.654772328938621,1191.5
min_enclosing_circle,602,20.07933157770708,818.5,480.5,21.50591278076172,3.727188991817638,1215.0
min_enclosing_circle,603,20.112685949098623,820.5,476.5,21.50591278076172,3.727188991817638,1188.5
min_enclosing_circle,604,20.14604032049016,821.0376586914062,472.316650390625,21.173568725585938,3.6695904552395815,1196.0
min_enclosing_circle,605,20.1793946918817,821.5,467.5,20.94049072265625,3.6291957147042484,1172.0
min_enclosing_circle,606,20.21274906327324,823.9951171875,463.2799377441406,21.27928924560547,3.687912874866361,1207.5
min_enclosing_circle,607,20.246103434664782,824.5,458.5,21.272146224975586,3.6866749182108385,1211.5
min_enclosing_circle,608,20.27945780605632,827.38720703125,454.8383483886719,21.149307250976562,3.6653856999236285,1224.0
min_enclosing_circle,609,20.31281217744786,829.5,450.5,21.22508430480957,3.6785186184729595,1173.0
min_enclosing_circle,610,20.346166548839403,831.4736938476562,447.0526428222656,21.30159568786621,3.6917788035943535,1160.0
min_enclosing_circle,611,20.37952092023094,832.2359008789062,442.7554016113281,21.18337631225586,3.6712902077423037,1191.5
min_enclosing_circle,612,20.41287529162248,834.66162109375,438.8116455078125,21.259124755859375,3.6844181678537624,1220.0
min_enclosing_circle,613,20.446229663014023,837.5,435.5,20.94049072265625,3.6291957147042484,1186.0
min_enclosing_circle,614,20.479584034405562,839.8825073242188,431.2003479003906,21.040193557739258,3.6464752095651605,1196.0
min_enclosing_circle,615,20.5129384057971,842.5,427.5,21.272146224975586,3.6866749182108385,1211.5
min_enclosing_circle,616,20.54629277718864,845.2692260742188,423.5,21.0681095123291,3.651313322678705,1189.5
min_enclosing_circle,617,20.579647148580182,848.5,421.5,21.50591278076172,3.727188991817638,1214.0
min_enclosing_circle,618,20.61300151997172,850.5,417.5,21.50591278076172,3.727188991817638,1192.0
min_enclosing_circle,619,20.64635589136326,854.9266357421875,414.8141784667969,21.341278076171875,3.6986561569236303,1222.0
min_enclosing_circle,620,20.679710262754803,856.0499877929688,410.95001220703125,21.330963134765625,3.6968684747893006,1206.0
min_enclosing_circle,621,20.713064634146342,860.2999877929688,407.6199951171875,21.549917221069336,3.7348153998282,1196.0
min_enclosing_circle,622,20.74641900553788,863.5,405.5,20.94049072265625,3.6291957147042484,1166.0
min_enclosing_circle,623,20.77977337692942,866.5,402.5,21.272146224975586,3.6866749182108385,1208.0
min_enclosing_circle,624,20.813127748320962,869.18212890625,400.0223083496094,21.49456214904785,3.725221814232321,1221.5
min_enclosing_circle,625,20.8464821197125,873.1543579101562,398.2684631347656,21.36279296875,3.7023849022038147,1214.0
min_enclosing_circle,626,20.87983649110404,876.5,396.04052734375,21.068410873413086,3.6513655515576295,1200.5
min_enclosing_circle,627,20.913190862495583,880.5,392.770263671875,21.037513732910156,3.646010769217762,1184.0
min_enclosing_circle,628,20.94654523388712,885.2304077148438,391.2503356933594,21.031705856323242,3.645004206329627,1191.5
min_enclosing_circle,629,20.97989960527866,888.9769897460938,389.2988586425781,20.900209426879883,3.6222145647421726,1200.5
min_enclosing_circle,630,21.013253976670203,893.1705932617188,386.6969909667969,21.12342071533203,3.660899305336513,1159.5
min_enclosing_circle,631,21.046608348061742,896.4926147460938,385.36407470703125,21.39976692199707,3.70879285674782,1196.5
min_enclosing_circle,632,21.07996271945328,900.5,383.5,21.50591278076172,3.727188991817638,1188.0
min_enclosing_circle,633,21.11331709084482,903.9086303710938,381.6990661621094,21.695863723754883,3.7601093831038352,1226.0
min_enclosing_circle,634,21.146671462236363,909.9115600585938,380.8890686035156,20.961889266967773,3.632904295670418,1188.5
min_enclosing_circle,635,21.1800258336279,913.60009765625,379.3121337890625,20.753917694091797,3.5968607496495415,1170.5
min_enclosing_circle,636,21.21338020501944,918.5939331054688,377.9563903808594,20.959468841552734,3.632484811826397,1164.5
min_enclosing_circle,637,21.246734576410983,923.637939453125,377.362060546875,20.74949836730957,3.5960948362794896,1182.0
min_enclosing_circle,638,21.280088947802522,927.9612426757812,376.30462646484375,21.18368911743164,3.6713444199963776,1189.5
min_enclosing_circle,639,21.31344331919406,933.4502563476562,375.74041748046875,20.767616271972656,3.5992348497029356,1152.5
min_enclosing_circle,640,21.3467976905856,937.5,375.5,20.94049072265625,3.6291957147042484,1186.5
min_enclosing_circle,641,21.380152061977142,942.5,374.95947265625,21.068410873413086,3.6513655515576295,1184.5
min_enclosing_circle,642,21.41350643336868,946.5,374.93902587890625,21.08783721923828,3.6547323308731157,1177.0
min_enclosing_circle,643,21.44686080476022,951.3358154296875,374.9925231933594,21.310009002685547,3.693236914891419,1205.0
min_enclosing_circle,644,21.480215176151763,955.5,375.5,20.94049072265625,3.6291957147042484,1185.5
min_enclosing_circle,645,21.5135695475433,959.976806640625,375.33819580078125,21.339824676513672,3.698404268279703,1210.0
min_enclosing_circle,646,21.54692391893484,964.5,375.6351318359375,21.396089553833008,3.7081555321999304,1190.5
min_enclosing_circle,647,21.58027829032638,969.5789184570312,376.84210205078125,21.535682678222656,3.7323484117053263,1205.0
min_enclosing_circle,648,21.613632661717922,974.2619018554688,377.5,21.3684024810791,3.7033570865893664,1193.0
min_enclosing_circle,649,21.64698703310946,978.66162109375,378.8116455078125,21.259124755859375,3.6844181678537624,1179.0
min_enclosing_circle,650,21.680341404501,983.9705810546875,379.9117736816406,21.116241455078125,3.6596550679930187,1163.5
min_enclosing_circle,651,21.713695775892543,988.2239379882812,381.8987731933594,21.020950317382812,3.6431401642520593,1195.5
min_enclosing_circle,652,21.74705014728408,992.4920043945312,383.00958251953125,21.018260955810547,3.6426740710920362,1200.0
min_enclosing_circle,653,21.78040451867562,997.1836547851562,385.36456298828125,20.882665634155273,3.6191740506387027,1187.5
min_enclosing_circle,654,21.813758890067163,1001.7669067382812,387.0820007324219,21.43637466430664,3.715137343287056,1192.0
min_enclosing_circle,655,21.847113261458702,1005.4210815429688,388.15789794921875,21.53567123413086,3.7323464283301773,1203.5
min_enclosing_circle,656,21.88046763285024,1009.81787109375,390.9776916503906,21.494529724121094,3.725216194669399,1199.0
min_enclosing_circle,657,21.91382200424178,1014.2619018554688,393.5,21.3684024810791,3.7033570865893664,1211.5
min_enclosing_circle,658,21.947176375633322,1018.3365478515625,395.9075622558594,21.711074829101562,3.762745619239427,1239.0
min_enclosing_circle,659,21.98053074702486,1022.5402221679688,398.6457214355469,21.379291534423828,3.7052442680436726,1225.0
min_enclosing_circle,660,22.0138851184164,1026.5,401.24359130859375,21.71507453918457,3.7634388088540143,1245.0
min_enclosing_circle,661,22.047239489807943,1029.5,404.20269775390625,21.550018310546875,3.7348329196420167,1231.5
min_enclosing_circle,662,22.080593861199482,1032.7757568359375,406.656494140625,21.27449607849121,3.6870821712414403,1214.5
min_enclosing_circle,663,22.11394823259102,1035.6463623046875,409.9245300292969,21.375961303710938,3.704667105875304,1229.0
min_enclosing_circle,664,22.14730260398256,1040.27783203125,413.5,21.37747573852539,3.704929572520026,1199.5
min_enclosing_circle,665,22.180656975374102,1042.5,416.5,21.272146224975586,3.6866749182108385,1227.0
min_enclosing_circle,666,22.21401134676564,1045.6641845703125,420.0074768066406,21.310033798217773,3.6932412122042417,1247.5
min_enclosing_circle,667,22.24736571815718,1048.5,423.5,21.50591278076172,3.727188991817638,1229.0
min_enclosing_circle,668,22.280720089548723,1051.693359375,426.7707214355469,21.508495330810547,3.7276365734762704,1204.0
min_enclosing_circle,669,22.31407446094026,1054.8846435546875,430.8846130371094,21.423194885253906,3.712853156240418,1209.5
min_enclosing_circle,670,22.3474288323318,1057.3231201171875,434.01300048828125,21.31085205078125,3.6933830235273977,1228.0
min_enclosing_circle,671,22.380783203723343,1060.2242431640625,438.343505859375,21.274524688720703,3.6870871296793126,1251.5
min_enclosing_circle,672,22.414137575114882,1062.5,442.5,21.50591278076172,3.727188991817638,1233.5
min_enclosing_circle,673,22.44749194650642,1064.0,446.5,21.66227912902832,3.7542888381664694,1224.5
min_enclosing_circle,674,22.48084631789796,1066.13818359375,450.21405029296875,21.3470516204834,3.699656769686318,1263.5
min_enclosing_circle,675,22.514200689289503,1067.5,454.81707763671875,21.5314884185791,3.7316215047132055,1237.0
min_enclosing_circle,676,22.54755506068104,1070.0238037109375,458.5,21.654598236083984,3.7529576628789423,1231.0
min_enclosing_circle,677,22.58090943207258,1070.5,462.5,21.50591278076172,3.727188991817638,1244.5
min_enclosing_circle,678,22.614263803464123,1071.5,466.5,21.8289794921875,3.783179672274878,1234.5
min_enclosing_circle,679,22.647618174855662,1072.9482421875,471.2897644042969,21.291522979736328,3.6900331029006783,1208.5
min_enclosing_circle,680,22.6809725462472,1074.949951171875,476.04998779296875,21.330974578857422,3.6968704581644496,1244.0
min_enclosing_circle,681,22.71432691763874,1075.0833740234375,479.9166564941406,21.517826080322266,3.7292536853477833,1248.0
min_enclosing_circle,682,22.747681289030282,1076.835205078125,484.1505126953125,21.741926193237305,3.7680924680786987,1262.5
min_enclosing_circle,683,22.78103566042182,1077.3519287109375,488.1756896972656,21.576740264892578,3.7394641006150118,1263.5
min_enclosing_circle,684,22.81439003181336,1077.3389892578125,492.1558837890625,21.57822036743164,3.739720617134287,1231.5
min_enclosing_circle,685,22.847744403204903,1077.6641845703125,496.0074768066406,21.310033798217773,3.6932412122042417,1244.0
min_enclosing_circle,686,22.881098774596442,1077.728515625,500.90728759765625,21.56171417236328,3.73685992904433,1287.0
min_enclosing_circle,687,22.91445314598798,1078.396240234375,505.83294677734375,21.618850708007812,3.7467622600384085,1255.5
min_enclosing_circle,688,22.94780751737952,1077.5,510.5,21.8289794921875,3.783179672274878,1277.0
min_enclosing_circle,689,22.981161888771062,1077.5,514.8170776367188,21.5314884185791,3.7316215047132055,1271.0
min_enclosing_circle,690,23.0145162601626,1076.6915283203125,519.1112670898438,21.71426773071289,3.7632989809060073,1266.0
min_enclosing_circle,691,23.04787063155414,1077.271484375,524.0927124023438,21.561738967895508,3.7368642263571528,1244.5
min_enclosing_circle,692,23.081225002945683,1075.9085693359375,527.6990966796875,21.6959171295166,3.760118638854531,1223.0
min_enclosing_circle,693,23.11457937433722,1075.0699462890625,532.3161010742188,21.858867645263672,3.788359587039106,1275.0
min_enclosing_circle,694,23.14793374572876,1073.690673828125,536.6185302734375,21.784278869628906,3.77543260894275,1262.0
min_enclosing_circle,695,23.181288117120303,1073.328369140625,541.8955078125,21.365402221679688,3.7028371117377947,1234.5
min_enclosing_circle,696,23.214642488511842,1071.5,546.5,21.8289794921875,3.783179672274878,1251.5
min_enclosing_circle,697,23.24799685990338,1069.6480712890625,550.8242797851562,21.576744079589844,3.7394647617400616,1244.0
min_enclosing_circle,698,23.28135123129492,1068.5166015625,555.64453125,21.398128509521484,3.7085089035389833,1232.5
min_enclosing_circle,699,23.314705602686463,1067.22412109375,559.77587890625,21.322696685791016,3.695435816806648,1247.0
min_enclosing_circle,700,23.348059974078,1064.63671875,563.2066650390625,21.824251174926758,3.782360207775802,1256.5
min_enclosing_circle,701,23.38141434546954,1062.724609375,567.660400390625,21.507654190063477,3.7274907954028165,1260.0
min_enclosing_circle,702,23.414768716861083,1060.3092041015625,571.0030517578125,21.80397605895996,3.778846328136763,1245.0
min_enclosing_circle,703,23.448123088252622,1058.5,575.5,21.50591278076172,3.727188991817638,1267.0
min_enclosing_circle,704,23.48147745964416,1055.5494384765625,578.5307006835938,21.783170700073242,3.7752405521158185,1289.0
min_enclosing_circle,705,23.5148318310357,1052.25,582.75,21.613174438476562,3.7457785059644877,1269.0
min_enclosing_circle,706,23.548186202427242,1049.8701171875,586.4127807617188,21.622236251831055,3.747349008519998,1268.5
min_enclosing_circle,707,23.58154057381878,1047.0731201171875,589.9093627929688,21.51743507385254,3.7291859200301913,1263.5
min_enclosing_circle,708,23.61489494521032,1044.313720703125,593.5294189453125,21.3741397857666,3.7043514186640825,1253.5
min_enclosing_circle,709,23.648249316601863,1041.3341064453125,596.7623901367188,21.52562713623047,3.730605686074375,1278.5
min_enclosing_circle,710,23.6816036879934,1037.4619140625,600.1810913085938,21.543060302734375,3.733627027551404,1261.0
min_enclosing_circle,711,23.71495805938494,1033.8499755859375,603.1500244140625,21.42546844482422,3.713247186770026,1257.0
min_enclosing_circle,712,23.748312430776483,1030.88330078125,606.1166381835938,21.79521369934082,3.777327723897652,1298.5
min_enclosing_circle,713,23.781666802168022,1027.5789794921875,608.8421020507812,21.535667419433594,3.732345767205128,1273.5
min_enclosing_circle,714,23.81502117355956,1023.1500244140625,611.8499755859375,21.42540168762207,3.713235617081657,1264.5
min_enclosing_circle,715,23.8483755449511,1019.2715454101562,614.0927124023438,21.56170654296875,3.7368586067942307,1272.0
min_enclosing_circle,716,23.881729916342643,1015.5,616.8170776367188,21.5314884185791,3.7316215047132055,1245.0
min_enclosing_circle,717,23.91508428773418,1011.1500244140625,619.8499755859375,21.42540168762207,3.713235617081657,1238.5
min_enclosing_circle,718,23.94843865912572,1006.5,621.5,21.50591278076172,3.727188991817638,1250.0
min_enclosing_circle,719,23.981793030517263,1002.3092041015625,623.0030517578125,21.80397605895996,3.778846328136763,1281.5
min_enclosing_circle,720,24.015147401908802,998.3092041015625,625.0030517578125,21.80397605895996,3.778846328136763,1283.0
min_enclosing_circle,721,24.04850177330034,993.9887084960938,626.793212890625,21.38866424560547,3.7068686522907317,1257.5
min_enclosing_circle,722,24.08185614469188,991.0450439453125,627.7216186523438,21.697038650512695,3.760313009619136,1296.5
min_enclosing_circle,723,24.115210516083422,986.5,629.5,21.50591278076172,3.727188991817638,1251.5
min_enclosing_circle,724,24.14856488747496,982.2164306640625,630.708984375,21.621959686279297,3.7473010769538964,1279.0
min_enclosing_circle,725,24.1819192588665,977.6908569335938,632.0191040039062,21.31178855895996,3.6935453297270935,1255.5
min_enclosing_circle,726,24.215273630258043,973.3092651367188,632.3814697265625,21.7843074798584,3.7754375673806226,1286.0
min_enclosing_circle,727,24.248628001649582,968.1476440429688,633.40673828125,21.534780502319336,3.7321920556310775,1242.0
min_enclosing_circle,728,24.28198237304112,964.272705078125,634.272705078125,21.359853744506836,3.701875505353038,1246.0
min_enclosing_circle,729,24.31533674443266,959.3390502929688,634.1558837890625,21.57818603515625,3.73971466700884,1267.5
min_enclosing_circle,730,24.348691115824202,955.3424682617188,634.7671508789062,21.524091720581055,3.7303395832418795,1278.0
min_enclosing_circle,731,24.38204548721574,950.727294921875,634.727294921875,21.359874725341797,3.701879141540811,1268.5
min_enclosing_circle,732,24.41539985860728,946.5,634.5,21.50591278076172,3.727188991817638,1273.5
min_enclosing_circle,733,24.448754229998823,941.8800659179688,634.7492065429688,21.371652603149414,3.703920365131692,1265.5
min_enclosing_circle,734,24.48210860139036,937.2715454101562,634.0927124023438,21.56170654296875,3.7368586067942307,1267.0
min_enclosing_circle,735,24.5154629727819,933.0833129882812,633.9166870117188,21.517885208129883,3.7292639327860533,1251.0
min_enclosing_circle,736,24.548817344173443,928.4833984375,633.35546875,21.398174285888672,3.7085168370395794,1265.0
min_enclosing_circle,737,24.582171715564982,924.727294921875,632.727294921875,21.359874725341797,3.701879141540811,1259.5
min_enclosing_circle,738,24.61552608695652,920.2196044921875,631.4071655273438,21.59518814086914,3.7426613013552554,1242.5
min_enclosing_circle,739,24.64888045834806,915.5978393554688,630.2582397460938,21.568323135375977,3.738005328192897,1280.0
min_enclosing_circle,740,24.682234829739603,911.9330444335938,629.3610229492188,21.37903594970703,3.705199972665344,1250.5
min_enclosing_circle,741,24.71558920113114,908.2025756835938,628.3311767578125,21.274883270263672,3.6871492754339825,1223.0
min_enclosing_circle,742,24.74894357252268,904.127685546875,627.2340698242188,21.510786056518555,3.7280335790686023,1230.0
min_enclosing_circle,743,24.782297943914223,899.9166870117188,625.0833129882812,21.5178279876709,3.729254015910308,1257.0
min_enclosing_circle,744,24.815652315305762,896.7142944335938,623.8571166992188,21.343236923217773,3.69899564463664,1217.5
min_enclosing_circle,745,24.8490066866973,892.8124389648438,622.3397216796875,21.260160446166992,3.68459766330475,1280.5
min_enclosing_circle,746,24.88236105808884,888.272705078125,620.272705078125,21.359853744506836,3.701875505353038,1234.0
min_enclosing_circle,747,24.915715429480382,884.9100952148438,618.3417358398438,21.23387336730957,3.680041850587418,1245.0
min_enclosing_circle,748,24.94906980087192,880.4442749023438,615.63623046875,21.362703323364258,3.7023693657651475,1232.5
min_enclosing_circle,749,24.98242417226346,876.8685913085938,612.8875122070312,21.433334350585938,3.7146104266224627,1280.0
min_enclosing_circle,750,25.015778543655003,873.1285400390625,610.8567504882812,21.28443145751953,3.688804071433327,1270.5
min_enclosing_circle,751,25.049132915046542,869.5,608.2026977539062,21.550025939941406,3.7348342418921163,1259.5
min_enclosing_circle,752,25.08248728643808,866.5,605.5,21.50591278076172,3.727188991817638,1258.5
min_enclosing_circle,753,25.115841657829623,863.4210815429688,602.8421020507812,21.53567123413086,3.7323464283301773,1241.5
min_enclosing_circle,754,25.149196029221162,859.7867431640625,599.6397094726562,21.69346809387207,3.7596941965726374,1253.0
min_enclosing_circle,755,25.1825504006127,856.1381225585938,596.2140502929688,21.347070693969727,3.6996600753115665,1233.0
min_enclosing_circle,756,25.21590477200424,853.0067749023438,592.6607055664062,21.512502670288086,3.7283310853409573,1248.5
min_enclosing_circle,757,25.249259143395783,849.5,589.0675659179688,21.303199768066406,3.6920568066777433,1216.5
min_enclosing_circle,758,25.28261351478732,846.700439453125,585.7489013671875,21.42209243774414,3.7126620911010613,1250.5
min_enclosing_circle,759,25.31596788617886,844.5,582.5,21.50591278076172,3.727188991817638,1255.0
min_enclosing_circle,760,25.349322257570403,841.6473388671875,579.0509643554688,21.364683151245117,3.7027124896659305,1231.0
min_enclosing_circle,761,25.382676628961942,839.9833374023438,575.0166625976562,21.236865997314453,3.6805605031888904,1203.5
min_enclosing_circle,762,25.41603100035348,837.1500244140625,571.8499755859375,21.42540168762207,3.713235617081657,1231.0
min_enclosing_circle,763,25.44938537174502,835.5067138671875,567.9362182617188,21.302764892578125,3.6919814384220797,1244.0
min_enclosing_circle,764,25.482739743136563,833.5,563.0675659179688,21.303199768066406,3.6920568066777433,1221.0
min_enclosing_circle,765,25.5160941145281,831.5,558.7973022460938,21.550025939941406,3.7348342418921163,1216.0
min_enclosing_circle,766,25.54944848591964,828.8618774414062,554.7859497070312,21.347076416015625,3.6996610669991408,1236.5
min_enclosing_circle,767,25.582802857311183,827.1428833007812,550.2857055664062,21.343236923217773,3.69899564463664,1232.0
min_enclosing_circle,768,25.616157228702722,825.8800659179688,546.7492065429688,21.371652603149414,3.703920365131692,1199.0
min_enclosing_circle,769,25.64951160009426,824.5,542.5,21.272146224975586,3.6866749182108385,1216.5
min_enclosing_circle,770,25.682865971485803,823.4932861328125,537.0637817382812,21.302806854248047,3.6919887107976264,1229.0
min_enclosing_circle,771,25.716220342877342,821.9000244140625,532.5,21.574609756469727,3.739094862274767,1226.5
min_enclosing_circle,772,25.74957471426888,820.62109375,527.6220703125,21.336257934570312,3.697786116358254,1214.0
min_enclosing_circle,773,25.78292908566042,820.5,522.9390258789062,21.08783721923828,3.6547323308731157,1220.5
min_enclosing_circle,774,25.816283457051963,819.8456420898438,518.7315673828125,21.36280632019043,3.7023872161414886,1221.5
min_enclosing_circle,775,25.8496378284435,819.6460571289062,514.8301391601562,21.581846237182617,3.7403490164940063,1252.5
min_enclosing_circle,776,25.88299219983504,819.2359619140625,509.9550476074219,21.412343978881836,3.7109725860366085,1230.5
min_enclosing_circle,777,25.916346571226583,818.5,504.5,21.50591278076172,3.727188991817638,1191.0
min_enclosing_circle,778,25.949700942618122,818.7095947265625,499.2005920410156,21.630464553833008,3.7487750552521537,1214.5
min_enclosing_circle,779,25.98305531400966,818.75,494.75,21.18086814880371,3.6708555180221407,1152.5
min_enclosing_circle,780,26.0164096854012,820.2058715820312,490.5,21.41885757446289,3.712101457058934,1210.5
min_enclosing_circle,781,26.049764056792743,820.20849609375,486.0608825683594,20.880245208740234,3.618754566794682,1183.0
min_enclosing_circle,782,26.08311842818428,821.0648193359375,481.9582214355469,21.477941513061523,3.7223412923908734,1235.0
min_enclosing_circle,783,26.11647279957582,822.116943359375,478.1026611328125,21.24847412109375,3.682572306715061,1219.0
min_enclosing_circle,784,26.149827170967363,823.5,473.5,20.94049072265625,3.6291957147042484,1209.5
min_enclosing_circle,785,26.183181542358902,823.6463623046875,468.256103515625,21.49871253967285,3.725941118286371,1204.0
min_enclosing_circle,786,26.21653591375044,825.8090209960938,464.7323913574219,20.921911239624023,3.6259757051497914,1191.0
min_enclosing_circle,787,26.24989028514198,826.8035888671875,460.1964416503906,21.125717163085938,3.6612973026164193,1203.0
min_enclosing_circle,788,26.283244656533522,828.700439453125,455.7489013671875,21.42209243774414,3.7126620911010613,1204.5
min_enclosing_circle,789,26.31659902792506,830.4600219726562,451.5,21.28815269470215,3.689448998919288,1220.5
min_enclosing_circle,790,26.3499533993166,833.0758666992188,448.3861999511719,21.229618072509766,3.679304365594502,1185.0
min_enclosing_circle,791,26.383307770708143,833.6641845703125,444.0074768066406,21.310033798217773,3.6932412122042417,1226.5
min_enclosing_circle,792,26.416662142099682,835.5263061523438,439.9473571777344,21.30158233642578,3.6917764896566796,1195.0
min_enclosing_circle,793,26.45001651349122,838.9796142578125,436.5306091308594,21.06646156311035,3.6510277166572442,1199.0
min_enclosing_circle,794,26.483370884882763,841.6641845703125,432.0074768066406,21.310033798217773,3.6932412122042417,1225.5
min_enclosing_circle,795,26.516725256274302,844.0,428.5,21.10104751586914,3.6570218069201506,1210.5
min_enclosing_circle,796,26.55007962766584,845.9000244140625,424.5,21.574609756469727,3.739094862274767,1243.5
min_enclosing_circle,797,26.58343399905738,848.5,421.5,21.50591278076172,3.727188991817638,1220.5
min_enclosing_circle,798,26.616788370448923,851.0242919921875,418.1407775878906,21.335161209106445,3.697596042906471,1222.5
min_enclosing_circle,799,26.65014274184046,854.6969604492188,415.1706237792969,21.123430252075195,3.660900958149137,1213.5
min_enclosing_circle,800,26.683497113232,857.5263061523438,411.9473571777344,21.30158233642578,3.6917764896566796,1209.0
min_enclosing_circle,801,26.716851484623543,860.6988525390625,408.8216247558594,21.261329650878906,3.684800298132476,1226.5
min_enclosing_circle,802,26.750205856015082,864.1082153320312,406.02276611328125,21.175743103027344,3.669967296517898,1211.5
min_enclosing_circle,803,26.78356022740662,867.4085693359375,402.90423583984375,21.198347091674805,3.6738847929997656,1190.5
min_enclosing_circle,804,26.81691459879816,870.9796142578125,400.5306091308594,21.06646156311035,3.6510277166572442,1181.5
min_enclosing_circle,805,26.850268970189703,874.119140625,398.7497253417969,21.154741287231445,3.6663274725568953,1211.5
min_enclosing_circle,806,26.88362334158124,878.0,396.5,21.10104751586914,3.6570218069201506,1210.5
min_enclosing_circle,807,26.91697771297278,881.5,393.3108215332031,21.09886360168457,3.65664331282921,1182.0
min_enclosing_circle,808,26.950332084364323,885.4932861328125,391.0637512207031,21.302780151367188,3.6919840829222785,1240.0
min_enclosing_circle,809,26.983686455755862,890.3388061523438,389.27337646484375,21.416807174682617,3.711746102344732,1199.0
min_enclosing_circle,810,27.0170408271474,892.7974243164062,386.6688232421875,21.2749080657959,3.6871535727468054,1171.0
min_enclosing_circle,811,27.050395198538943,897.5,385.5,20.94049072265625,3.6291957147042484,1194.5
min_enclosing_circle,812,27.083749569930482,901.5,383.5,20.94049072265625,3.6291957147042484,1184.5
min_enclosing_circle,813,27.11710394132202,904.9120483398438,382.4095458984375,20.992435455322266,3.638198254505715,1193.0
min_enclosing_circle,814,27.15045831271356,909.5662231445312,380.53973388671875,21.246431350708008,3.682218274250958,1188.0
min_enclosing_circle,815,27.183812684105103,915.5,379.5,20.94049072265625,3.6291957147042484,1163.5
min_enclosing_circle,816,27.217167055496642,919.6505737304688,378.28466796875,21.05710792541504,3.6494066380354333,1200.0
min_enclosing_circle,817,27.25052142688818,923.9678955078125,376.8731689453125,21.32003402709961,3.6949743515219726,1179.0
min_enclosing_circle,818,27.283875798279723,929.0758666992188,376.3861999511719,21.229618072509766,3.679304365594502,1196.0
min_enclosing_circle,819,27.317230169671262,933.2548828125,376.1364440917969,21.197105407714844,3.6736695967960955,1196.5
min_enclosing_circle,820,27.3505845410628,937.5,375.5,20.94049072265625,3.6291957147042484,1215.0
min_enclosing_circle,821,27.38393891245434,941.5,374.5,21.31910514831543,3.694813367572376,1187.5
min_enclosing_circle,822,27.417293283845883,946.523681640625,374.97161865234375,21.064151763916016,3.650627405439664,1184.5
min_enclosing_circle,823,27.45064765523742,951.5,375.0384521484375,21.32769775390625,3.696302551746776,1209.0
min_enclosing_circle,824,27.48400202662896,956.391357421875,375.9307861328125,21.092819213867188,3.655595760187995,1183.5
min_enclosing_circle,825,27.517356398020503,960.3792724609375,375.6424255371094,20.75516128540039,3.5970762764157365,1206.0
min_enclosing_circle,826,27.550710769412042,965.5,375.5,20.94049072265625,3.6291957147042484,1189.5
min_enclosing_circle,827,27.58406514080358,969.8064575195312,376.3870849609375,21.038305282592773,3.64614795266557,1188.0
min_enclosing_circle,828,27.61741951219512,974.4600219726562,377.5,21.28815269470215,3.689448998919288,1187.5
min_enclosing_circle,829,27.650773883586663,979.1705932617188,378.6969909667969,21.12342071533203,3.660899305336513,1164.0
min_enclosing_circle,830,27.6841282549782,983.7096557617188,379.5806579589844,20.893909454345703,3.621122716722629,1208.0
min_enclosing_circle,831,27.71748262636974,989.0260620117188,381.6634216308594,21.33953857421875,3.698354683900977,1220.0
min_enclosing_circle,832,27.750836997761283,993.5689697265625,382.5,21.275497436523438,3.687255716566981,1233.0
min_enclosing_circle,833,27.784191369152822,998.5402221679688,384.6457214355469,21.379291534423828,3.7052442680436726,1203.5
min_enclosing_circle,834,27.81754574054436,1001.6641845703125,386.0074768066406,21.310033798217773,3.6932412122042417,1192.0
min_enclosing_circle,835,27.850900111935903,1006.2243041992188,388.343505859375,21.274494171142578,3.6870818406789154,1229.0
min_enclosing_circle,836,27.884254483327442,1010.5,390.5,21.272146224975586,3.6866749182108385,1216.0
min_enclosing_circle,837,27.91760885471898,1015.4186401367188,393.0286560058594,21.304845809936523,3.6923420821366792,1200.0
min_enclosing_circle,838,27.95096322611052,1019.377685546875,395.24468994140625,21.08806800842285,3.654772328938621,1249.0
min_enclosing_circle,839,27.984317597502063,1022.8614501953125,397.3463134765625,21.842031478881836,3.7854417116323518,1259.0
min_enclosing_circle,840,28.017671968893602,1026.5474853515625,400.672119140625,21.146289825439453,3.664862750009333,1206.0
min_enclosing_circle,841,28.05102634028514,1030.455322265625,403.48052978515625,21.272207260131836,3.6866854962116333,1205.0
min_enclosing_circle,842,28.084380711676683,1033.0833740234375,405.9166564941406,21.517826080322266,3.7292536853477833,1259.5
min_enclosing_circle,843,28.117735083068222,1035.976318359375,408.1435241699219,21.333023071289062,3.6972254823161266,1213.5
min_enclosing_circle,844,28.15108945445976,1040.272705078125,412.2727355957031,21.359880447387695,3.7018801332283857,1246.5
min_enclosing_circle,845,28.1844438258513,1043.5,415.06756591796875,21.303199768066406,3.6920568066777433,1243.0
min_enclosing_circle,846,28.217798197242843,1047.0538330078125,418.86962890625,21.33057403564453,3.6968010400342335,1243.5
min_enclosing_circle,847,28.25115256863438,1049.611572265625,422.5299377441406,21.22540283203125,3.6785738224146076,1237.0
min_enclosing_circle,848,28.28450694002592,1052.5,425.5,21.50591278076172,3.727188991817638,1246.0
min_enclosing_circle,849,28.317861311417463,1054.724609375,429.6604309082031,21.507678985595703,3.7274950927156394,1239.0
min_enclosing_circle,850,28.351215682809002,1057.82568359375,432.7841796875,21.337186813354492,3.6979471003078506,1228.5
min_enclosing_circle,851,28.38457005420054,1059.953125,436.87078857421875,21.327180862426758,3.6962129693025445,1232.0
min_enclosing_circle,852,28.417924425592084,1061.5526123046875,440.5,21.810958862304688,3.780056517540199,1259.5
min_enclosing_circle,853,28.451278796983622,1064.3692626953125,444.9382629394531,21.12923240661621,3.6619065293496975,1235.0
min_enclosing_circle,854,28.48463316837516,1066.49267578125,449.36407470703125,21.399730682373047,3.708786576059848,1250.0
min_enclosing_circle,855,28.5179875397667,1068.5,453.5,21.50591278076172,3.727188991817638,1216.5
min_enclosing_circle,856,28.551341911158243,1070.77783203125,457.8888854980469,21.35565757751465,3.701148267798392,1219.0
min_enclosing_circle,857,28.584696282549782,1072.14404296875,461.3263854980469,21.5750675201416,3.739174197280728,1247.0
min_enclosing_circle,858,28.61805065394132,1072.5,465.5,21.50591278076172,3.727188991817638,1233.5
min_enclosing_circle,859,28.651405025332863,1073.5263671875,469.9473571777344,21.30156135559082,3.6917728534689065,1226.5
min_enclosing_circle,860,28.684759396724402,1075.18212890625,474.0223083496094,21.49456214904785,3.725221814232321,1232.0
min_enclosing_circle,861,28.71811376811594,1075.9000244140625,478.5,21.574609756469727,3.739094862274767,1228.5
min_enclosing_circle,862,28.75146813950748,1077.5,482.5,21.22508430480957,3.6785186184729595,1228.0
min_enclosing_circle,863,28.784822510899023,1077.810302734375,486.80194091796875,21.439634323120117,3.715702274642006,1273.5
min_enclosing_circle,864,28.81817688229056,1078.4368896484375,490.6217346191406,21.409170150756836,3.7104225299952764,1264.0
min_enclosing_circle,865,28.8515312536821,1078.4368896484375,494.6217346191406,21.409170150756836,3.7104225299952764,1273.0
min_enclosing_circle,866,28.884885625073643,1079.0731201171875,499.09063720703125,21.517425537109375,3.729184267217567,1272.5
min_enclosing_circle,867,28.918239996465182,1080.5,504.5,21.50591278076172,3.727188991817638,1242.5
min_enclosing_circle,868,28.95159436785672,1079.2391357421875,508.5,21.294172286987305,3.69049225424768,1250.5
min_enclosing_circle,869,28.98494873924826,1078.7095947265625,513.2006225585938,21.6304931640625,3.7487800136900264,1259.5
min_enclosing_circle,870,29.018303110639803,1078.3216552734375,517.79296875,21.642953872680664,3.7509395786648,1259.5
min_enclosing_circle,871,29.05165748203134,1077.4073486328125,522.2177124023438,21.596492767333984,3.7428874061222452,1292.5
min_enclosing_circle,872,29.08501185342288,1077.4619140625,526.1810913085938,21.543060302734375,3.733627027551404,1249.5
min_enclosing_circle,873,29.118366224814423,1076.5,530.5,21.50591278076172,3.727188991817638,1271.0
min_enclosing_circle,874,29.151720596205962,1075.5,535.5,20.94049072265625,3.6291957147042484,1227.0
min_enclosing_circle,875,29.1850749675975,1074.5,539.6351318359375,21.396089553833008,3.7081555321999304,1243.0
min_enclosing_circle,876,29.218429338989043,1072.5,544.5,21.50591278076172,3.727188991817638,1256.5
min_enclosing_circle,877,29.251783710380582,1071.1551513671875,548.913818359375,21.32270622253418,3.6954374696192724,1253.5
min_enclosing_circle,878,29.28513808177212,1069.5,553.5,21.691110610961914,3.7592856212919363,1244.5
min_enclosing_circle,879,29.31849245316366,1067.5,557.4512329101562,21.734962463378906,3.7668855843005113,1269.5
min_enclosing_circle,880,29.351846824555203,1065.9285888671875,561.2142944335938,21.415565490722656,3.711530906141062,1258.0
min_enclosing_circle,881,29.385201195946742,1063.5,565.5,21.691110610961914,3.7592856212919363,1237.5
min_enclosing_circle,882,29.41855556733828,1061.3536376953125,569.0755004882812,21.37594985961914,3.704665122500155,1270.0
min_enclosing_circle,883,29.451909938729823,1058.6270751953125,573.0193481445312,21.66419792175293,3.7546213840664575,1243.0
min_enclosing_circle,884,29.485264310121362,1056.6270751953125,577.0193481445312,21.66419792175293,3.7546213840664575,1248.5
min_enclosing_circle,885,29.5186186815129,1054.120849609375,581.37158203125,21.393430709838867,3.7076947280403045,1243.5
min_enclosing_circle,886,29.55197305290444,1051.5789794921875,584.8421020507812,21.535667419433594,3.732345767205128,1252.5
min_enclosing_circle,887,29.585327424295983,1048.75,588.25,21.613174438476562,3.7457785059644877,1265.0
min_enclosing_circle,888,29.61868179568752,1045.5,591.0675659179688,21.303199768066406,3.6920568066777433,1261.5
min_enclosing_circle,889,29.65203616707906,1042.727294921875,594.727294921875,21.359874725341797,3.701879141540811,1236.5
min_enclosing_circle,890,29.685390538470603,1038.5,597.5,21.50591278076172,3.727188991817638,1226.5
min_enclosing_circle,891,29.718744909862142,1034.751220703125,601.1080322265625,21.683141708374023,3.7579045310631587,1243.0
min_enclosing_circle,892,29.75209928125368,1031.9444580078125,604.5,21.551780700683594,3.735138359414968,1261.0
min_enclosing_circle,893,29.785453652645224,1028.676025390625,607.0985717773438,21.71046257019043,3.7626395086689537,1237.5
min_enclosing_circle,894,29.818808024036763,1024.4874267578125,609.9290161132812,21.54884147644043,3.734628962564191,1266.0
min_enclosing_circle,895,29.8521623954283,1020.5,612.9285888671875,21.645917892456055,3.7514532728283996,1251.0
min_enclosing_circle,896,29.88551676681984,1017.0833129882812,615.9166870117188,21.517885208129883,3.7292639327860533,1265.0
min_enclosing_circle,897,29.918871138211383,1012.9734497070312,617.8802490234375,21.589374542236328,3.741653746779546,1274.5
min_enclosing_circle,898,29.952225509602922,1008.9761962890625,620.5,21.654592514038086,3.752956671191368,1281.0
min_enclosing_circle,899,29.98557988099446,1004.5892944335938,622.4107055664062,21.393884658813477,3.7077734019212163,1291.5
min_enclosing_circle,900,30.018934252386003,1000.5,624.5,21.50591278076172,3.727188991817638,1265.5
min_enclosing_circle,901,30.052288623777542,995.913818359375,625.913818359375,21.138713836669922,3.6635497556606724,1230.0
min_enclosing_circle,902,30.08564299516908,992.5,627.5,21.50591278076172,3.727188991817638,1262.0
min_enclosing_circle,903,30.11899736656062,987.76318359375,628.5526123046875,21.69031524658203,3.7591477767190784,1266.0
min_enclosing_circle,904,30.152351737952163,983.3390502929688,630.1558837890625,21.57818603515625,3.73971466700884,1272.0
min_enclosing_circle,905,30.185706109343702,978.822265625,631.1587524414062,21.69443130493164,3.7598611306476815,1278.5
min_enclosing_circle,906,30.21906048073524,975.2715454101562,632.0927124023438,21.56170654296875,3.7368586067942307,1284.5
min_enclosing_circle,907,30.252414852126783,969.8802490234375,632.9734497070312,21.58938980102539,3.7416563912797445,1285.5
min_enclosing_circle,908,30.285769223518322,965.703369140625,633.7881469726562,21.86326789855957,3.7891221947839098,1254.0
min_enclosing_circle,909,30.31912359490986,961.3557739257812,634.3958740234375,21.363298416137695,3.702472501272897,1270.5
min_enclosing_circle,910,30.352477966301404,956.6790161132812,634.9219970703125,21.553861618041992,3.7354990031295676,1291.0
min_enclosing_circle,911,30.385832337692943,952.25,634.75,21.613174438476562,3.7457785059644877,1296.0
min_enclosing_circle,912,30.41918670908448,947.693359375,634.7706909179688,21.50847816467285,3.7276335984135467,1267.0
min_enclosing_circle,913,30.45254108047602,943.6907348632812,634.6185302734375,21.78424835205078,3.7754273199423527,1298.0
min_enclosing_circle,914,30.485895451867563,938.7941284179688,634.5,21.41884994506836,3.7121001348088347,1256.5
min_enclosing_circle,915,30.519249823259102,934.5379638671875,633.9852294921875,21.70298957824707,3.761344364696634,1282.5
min_enclosing_circle,916,30.55260419465064,930.1455078125,633.6432495117188,21.546775817871094,3.7342709633497906,1284.0
min_enclosing_circle,917,30.585958566042184,926.2014770507812,632.9627075195312,21.821931838989258,3.781958243745598,1298.0
min_enclosing_circle,918,30.619312937433723,922.1885986328125,631.83544921875,21.70461082458496,3.7616253428427475,1286.5
min_enclosing_circle,919,30.65266730882526,917.5,630.8170776367188,21.5314884185791,3.7316215047132055,1263.0
min_enclosing_circle,920,30.6860216802168,913.3384399414062,630.1654663085938,21.57196807861328,3.7386370331778647,1284.5
min_enclosing_circle,921,30.719376051608343,909.5925903320312,628.7822875976562,21.596506118774414,3.742889720059919,1284.0
min_enclosing_circle,922,30.752730422999882,905.1500244140625,627.8499755859375,21.42540168762207,3.713235617081657,1252.5
min_enclosing_circle,923,30.78608479439142,901.4210815429688,626.1578979492188,21.53566551208496,3.732345436642603,1275.5
min_enclosing_circle,924,30.819439165782963,897.6598510742188,624.2335815429688,21.523937225341797,3.7303128076773673,1243.5
min_enclosing_circle,925,30.852793537174502,893.808837890625,622.9423217773438,21.57621955871582,3.739373857045731,1279.5
min_enclosing_circle,926,30.88614790856604,889.5789184570312,620.8421020507812,21.535682678222656,3.7323484117053263,1251.5
min_enclosing_circle,927,30.91950227995758,886.299560546875,619.2510986328125,21.422086715698242,3.7126610994134865,1268.0
min_enclosing_circle,928,30.952856651349123,881.5,616.3064575195312,21.618988037109375,3.746786060540197,1281.0
min_enclosing_circle,929,30.98621102274066,878.113525390625,614.1318969726562,21.432649612426758,3.7144917546760454,1263.0
min_enclosing_circle,930,31.0195653941322,874.2318725585938,611.19189453125,21.72178077697754,3.7646010666913483,1290.5
min_enclosing_circle,931,31.052919765523743,870.9423217773438,609.191162109375,21.57624626159668,3.7393784849210787,1277.0
min_enclosing_circle,932,31.086274136915282,867.5978393554688,606.2582397460938,21.568323135375977,3.738005328192897,1258.5
min_enclosing_circle,933,31.11962850830682,864.5,603.7069091796875,21.67461585998535,3.7564269165771282,1267.0
min_enclosing_circle,934,31.152982879698364,860.5,600.5,21.50591278076172,3.727188991817638,1265.0
min_enclosing_circle,935,31.186337251089903,858.14404296875,597.3263549804688,21.575042724609375,3.739169899967905,1244.5
min_enclosing_circle,936,31.21969162248144,854.5032958984375,593.6959838867188,21.450641632080078,3.717609950972852,1263.0
min_enclosing_circle,937,31.25304599387298,851.818359375,590.613037109375,21.520090103149414,3.729646063064767,1256.0
min_enclosing_circle,938,31.286400365264523,848.8709716796875,587.1935424804688,21.7023868560791,3.7612399069387847,1239.5
min_enclosing_circle,939,31.319754736656062,845.5,583.0675659179688,21.303199768066406,3.6920568066777433,1236.5
min_enclosing_circle,940,31.3531091080476,843.464111328125,580.4019165039062,21.2661075592041,3.685628357257198,1232.0
min_enclosing_circle,941,31.386463479439143,841.4310302734375,576.5,21.275503158569336,3.687256708254555,1237.0
min_enclosing_circle,942,31.419817850830682,838.1666870117188,572.1666870117188,21.40232276916504,3.709235810531104,1272.0
min_enclosing_circle,943,31.45317222222222,836.5,568.5,21.50591278076172,3.727188991817638,1262.5
min_enclosing_circle,944,31.48652659361376,835.0731201171875,565.0906372070312,21.517425537109375,3.729184267217567,1241.0
min_enclosing_circle,945,31.519880965005303,833.0999755859375,560.5,21.574636459350586,3.7390994901501147,1261.5
min_enclosing_circle,946,31.553235336396842,830.5,556.3717651367188,21.383764266967773,3.70601943716442,1246.0
min_enclosing_circle,947,31.58658970778838,828.8944091796875,552.0390014648438,21.359342575073242,3.701786914596381,1232.5
min_enclosing_circle,948,31.619944079179923,827.0556640625,548.0826416015625,21.286148071289062,3.689101577705682,1239.0
min_enclosing_circle,949,31.653298450571462,825.5263061523438,543.9473876953125,21.301610946655273,3.6917814480945523,1184.0
min_enclosing_circle,950,31.686652821963,823.9531860351562,538.8707885742188,21.327144622802734,3.6962066886145726,1226.0
min_enclosing_circle,951,31.720007193354544,823.3800048828125,534.7000122070312,21.549917221069336,3.7348153998282,1266.5
min_enclosing_circle,952,31.753361564746083,821.5,529.5,21.691110610961914,3.7592856212919363,1223.5
min_enclosing_circle,953,31.78671593613762,821.2391357421875,524.5,21.294172286987305,3.69049225424768,1257.0
min_enclosing_circle,954,31.82007030752916,820.2359008789062,520.2445678710938,21.183349609375,3.6712855798669564,1215.5
min_enclosing_circle,955,31.853424678920703,820.33837890625,516.1883544921875,21.25914192199707,3.6844211429164857,1228.5
min_enclosing_circle,956,31.886779050312242,819.49609375,511.0369567871094,21.32686424255371,3.6961580959234213,1218.5
min_enclosing_circle,957,31.92013342170378,819.4210815429688,506.15789794921875,21.53567123413086,3.7323464283301773,1241.0
min_enclosing_circle,958,31.953487793095324,819.6389770507812,501.06695556640625,21.37903594970703,3.705199972665344,1242.5
min_enclosing_circle,959,31.986842164486863,819.5,496.20269775390625,21.550018310546875,3.7348329196420167,1251.0
min_enclosing_circle,960,32.020196535878405,820.8618774414062,492.78594970703125,21.347076416015625,3.6996610669991408,1219.0
min_enclosing_circle,961,32.053550907269944,820.9622802734375,487.8302001953125,21.51341438293457,3.7284890942278306,1228.0
min_enclosing_circle,962,32.08690527866148,821.5,482.81707763671875,21.5314884185791,3.7316215047132055,1227.5
min_enclosing_circle,963,32.12025965005302,822.5,479.5,21.50591278076172,3.727188991817638,1215.5
min_enclosing_circle,964,32.15361402144456,823.5,474.5,21.8289794921875,3.783179672274878,1254.5
min_enclosing_circle,965,32.1869683928361,824.5,470.5,21.50591278076172,3.727188991817638,1245.0
min_enclosing_circle,966,32.22032276422764,825.5,466.18292236328125,21.531478881835938,3.731619851900581,1268.0
min_enclosing_circle,967,32.253677135619185,827.5,461.5,21.691110610961914,3.7592856212919363,1221.5
min_enclosing_circle,968,32.287031507010724,829.0260620117188,457.6634216308594,21.33953857421875,3.698354683900977,1235.0
min_enclosing_circle,969,32.32038587840226,830.654541015625,453.3793640136719,21.515148162841797,3.7287895755629092,1234.5
min_enclosing_circle,970,32.3537402497938,832.3092041015625,449.0030517578125,21.80397605895996,3.778846328136763,1214.0
min_enclosing_circle,971,32.38709462118534,834.978515625,445.89263916015625,21.556133270263672,3.735892703096651,1210.5
min_enclosing_circle,972,32.42044899257688,836.7333374023438,441.6666564941406,21.5078125,3.727518232092378,1233.0
min_enclosing_circle,973,32.45380336396842,838.4833984375,437.3554382324219,21.398149490356445,3.7085125397267564,1225.0
min_enclosing_circle,974,32.487157735359965,841.5,433.93243408203125,21.30320167541504,3.692057137240268,1233.0
min_enclosing_circle,975,32.520512106751504,843.5,429.06756591796875,21.303199768066406,3.6920568066777433,1222.5
min_enclosing_circle,976,32.55386647814304,846.5,425.5,21.50591278076172,3.727188991817638,1219.5
min_enclosing_circle,977,32.58722084953458,849.6907348632812,422.6185607910156,21.78427505493164,3.7754319478177,1245.5
min_enclosing_circle,978,32.62057522092612,852.5,420.5,21.272146224975586,3.6866749182108385,1230.0
min_enclosing_circle,979,32.65392959231766,854.955078125,416.055419921875,21.331680297851562,3.69699276629864,1240.5
min_enclosing_circle,980,32.687283963709206,857.5789184570312,412.84210205078125,21.535682678222656,3.7323484117053263,1221.5
min_enclosing_circle,981,32.720638335100745,861.3610229492188,409.93304443359375,21.379058837890625,3.705203939415642,1219.5
min_enclosing_circle,982,32.753992706492284,864.2123413085938,406.826416015625,21.134252548217773,3.662776569915074,1214.0
min_enclosing_circle,983,32.78734707788382,868.5,404.5,21.50591278076172,3.727188991817638,1251.5
min_enclosing_circle,984,32.82070144927536,871.0833129882812,401.9166564941406,21.517860412597656,3.7292596354732304,1200.5
min_enclosing_circle,985,32.8540558206669,874.6449584960938,399.4471435546875,21.37882423400879,3.705163280225087,1204.0
min_enclosing_circle,986,32.88741019205844,877.5,397.06756591796875,21.303199768066406,3.6920568066777433,1228.5
min_enclosing_circle,987,32.920764563449985,881.6886596679688,394.61322021484375,21.286602020263672,3.6891802515865937,1217.0
min_enclosing_circle,988,32.954118934841524,886.5,392.5,21.50591278076172,3.727188991817638,1218.0
min_enclosing_circle,989,32.98747330623306,889.7096557617188,389.5806579589844,20.893909454345703,3.621122716722629,1177.5
min_enclosing_circle,990,33.0208276776246,894.4843139648438,388.0430908203125,21.07567024230957,3.652623672527167,1228.0
min_enclosing_circle,991,33.05418204901614,897.7867431640625,385.63970947265625,21.69346809387207,3.7596941965726374,1231.0
min_enclosing_circle,992,33.08753642040768,902.2932739257812,384.3826904296875,21.27349281311035,3.686908295353375,1252.5
min_enclosing_circle,993,33.12089079179922,905.9166870117188,383.0833435058594,21.517852783203125,3.7292583132231307,1222.0
min_enclosing_circle,994,33.154245163190765,910.4354858398438,381.5,21.269208908081055,3.686165851922586,1218.0
min_enclosing_circle,995,33.187599534582304,914.62109375,379.6220397949219,21.336231231689453,3.697781488482906,1223.5
min_enclosing_circle,996,33.22095390597384,920.2116088867188,378.56329345703125,20.990278244018555,3.6378243882901224,1201.0
min_enclosing_circle,997,33.25430827736538,923.5,377.5,20.94049072265625,3.6291957147042484,1188.0
min_enclosing_circle,998,33.28766264875692,928.5,376.5,21.272146224975586,3.6866749182108385,1186.5
min_enclosing_circle,999,33.32101702014846,933.4942626953125,375.52764892578125,20.920547485351562,3.625739352944531,1184.0
min_enclosing_circle,1000,33.35437139154,937.5,375.52703857421875,20.91790008544922,3.6252805321600547,1178.0
min_enclosing_circle,1001,33.387725762931545,941.7096557617188,375.4193420410156,20.893911361694336,3.621123047285154,1204.5
min_enclosing_circle,1002,33.421080134323084,946.5,374.93902587890625,21.087839126586914,3.65473266143564,1210.5
min_enclosing_circle,1003,33.45443450571462,952.2666625976562,375.3333435058594,21.50783348083496,3.727521868280151,1217.5
min_enclosing_circle,1004,33.48778887710616,956.5,374.93902587890625,21.087839126586914,3.65473266143564,1220.0
min_enclosing_circle,1005,33.5211432484977,961.31689453125,375.5986022949219,20.75779151916504,3.5975321221374896,1190.0
min_enclosing_circle,1006,33.55449761988924,965.4937133789062,375.5302429199219,20.91868019104004,3.625415732232714,1192.5
min_enclosing_circle,1007,33.58785199128078,969.8284912109375,376.69708251953125,21.123046875,3.6608345150816444,1187.5
min_enclosing_circle,1008,33.621206362672325,974.7139282226562,377.38800048828125,21.29071044921875,3.689892283265097,1213.5
min_enclosing_circle,1009,33.654560734063864,978.5181274414062,378.0498352050781,21.071657180786133,3.651928168974906,1210.0
min_enclosing_circle,1010,33.6879151054554,983.8043212890625,379.5,20.785377502441406,3.6023130479342367,1206.0
min_enclosing_circle,1011,33.72126947684694,988.9248046875,380.5885009765625,20.988039016723633,3.6374363078859613,1189.0
min_enclosing_circle,1012,33.75462384823848,993.0,382.3658447265625,21.231388092041016,3.6796111276175525,1239.0
min_enclosing_circle,1013,33.78797821963002,998.2239379882812,383.8987731933594,21.020950317382812,3.6431401642520593,1199.0
min_enclosing_circle,1014,33.82133259102156,1002.5,385.8846130371094,20.920133590698242,3.625667620876641,1184.5
min_enclosing_circle,1015,33.854686962413105,1005.5,387.06756591796875,21.303199768066406,3.6920568066777433,1207.0
min_enclosing_circle,1016,33.888041333804644,1010.313720703125,389.5294189453125,21.3741397857666,3.7043514186640825,1201.5
min_enclosing_circle,1017,33.92139570519618,1014.7921142578125,392.0092468261719,21.26799964904785,3.6859562752818382,1220.5
min_enclosing_circle,1018,33.95475007658772,1018.5,394.5,21.272146224975586,3.6866749182108385,1226.5
min_enclosing_circle,1019,33.98810444797926,1023.3358154296875,396.9925231933594,21.310009002685547,3.693236914891419,1238.0
min_enclosing_circle,1020,34.0214588193708,1026.4215087890625,399.7156982421875,21.122180938720703,3.6606844396953675,1202.0
min_enclosing_circle,1021,34.054813190762346,1030.5,402.5,21.272146224975586,3.6866749182108385,1223.0
min_enclosing_circle,1022,34.088167562153885,1033.9031982421875,405.19354248046875,21.418699264526367,3.7120740203693723,1216.0
min_enclosing_circle,1023,34.121521933545424,1036.4989013671875,408.06121826171875,21.087692260742188,3.6547072081212275,1243.0
min_enclosing_circle,1024,34.15487630493696,1040.12939453125,411.69561767578125,20.946365356445312,3.6302138472807526,1193.5
min_enclosing_circle,1025,34.1882306763285,1043.5,414.20269775390625,21.550018310546875,3.7348329196420167,1262.5
min_enclosing_circle,1026,34.22158504772004,1046.5166015625,417.6445617675781,21.398157119750977,3.7085138619768556,1212.5
min_enclosing_circle,1027,34.25493941911158,1050.5,421.5,21.50591278076172,3.727188991817638,1222.5
min_enclosing_circle,1028,34.288293790503126,1053.5,425.06756591796875,21.303199768066406,3.6920568066777433,1221.5
min_enclosing_circle,1029,34.321648161894664,1056.2242431640625,428.656494140625,21.274524688720703,3.6870871296793126,1225.5
min_enclosing_circle,1030,34.3550025332862,1057.6015625,432.28680419921875,21.54845428466797,3.7345618583716487,1237.0
min_enclosing_circle,1031,34.38835690467774,1060.5,436.2317199707031,21.250333786010742,3.682894605176779,1233.0
min_enclosing_circle,1032,34.42171127606928,1063.328125,440.359375,21.320261001586914,3.6950136884624287,1239.5
min_enclosing_circle,1033,34.45506564746082,1065.50390625,443.96234130859375,21.326276779174805,3.696056282665771,1229.0
min_enclosing_circle,1034,34.48842001885236,1067.3389892578125,448.1558837890625,21.57822036743164,3.739720617134287,1244.5
min_enclosing_circle,1035,34.521774390243905,1069.443603515625,452.6693420410156,21.65048599243164,3.7522449700753895,1257.0
min_enclosing_circle,1036,34.555128761635444,1071.5391845703125,456.813720703125,21.53831672668457,3.7328049185521293,1229.5
min_enclosing_circle,1037,34.58848313302698,1071.9053955078125,460.4327697753906,21.6295108795166,3.748609773989734,1245.0
min_enclosing_circle,1038,34.62183750441852,1073.9461669921875,464.13037109375,21.330556869506836,3.6967980649715098,1235.0
min_enclosing_circle,1039,34.65519187581006,1075.5380859375,468.8189392089844,21.543075561523438,3.7336296720516025,1249.5
min_enclosing_circle,1040,34.6885462472016,1075.690673828125,472.6185607910156,21.784305572509766,3.7754372368180977,1264.5
min_enclosing_circle,1041,34.72190061859314,1077.5,477.06756591796875,21.303199768066406,3.6920568066777433,1248.0
min_enclosing_circle,1042,34.755254989984685,1077.81787109375,480.9776916503906,21.494529724121094,3.725216194669399,1260.0
min_enclosing_circle,1043,34.788609361376224,1079.4210205078125,486.15789794921875,21.53569221496582,3.732350064517951,1264.5
min_enclosing_circle,1044,34.82196373276776,1080.154541015625,490.39044189453125,21.50894546508789,3.7277145862321324,1256.5
min_enclosing_circle,1045,34.8553181041593,1079.5904541015625,494.1880187988281,21.50492286682129,3.7270174298672467,1246.0
min_enclosing_circle,1046,34.88867247555084,1079.5904541015625,498.1880187988281,21.50492286682129,3.7270174298672467,1258.0
min_enclosing_circle,1047,34.92202684694238,1079.76318359375,502.5526428222656,21.69034194946289,3.7591524045944262,1266.5
min_enclosing_circle,1048,34.95538121833392,1080.2177734375,507.4073791503906,21.596445083618164,3.7428791420591243,1241.0
min_enclosing_circle,1049,34.988735589725465,1080.767822265625,512.2321166992188,21.842885971069336,3.7855898036434796,1245.0
min_enclosing_circle,1050,35.022089961117004,1079.681396484375,516.8082275390625,21.477293014526367,3.722228901132428,1254.5
min_enclosing_circle,1051,35.05544433250854,1078.7069091796875,520.7069091796875,21.372814178466797,3.704121677709319,1251.5
min_enclosing_circle,1052,35.08879870390008,1078.4833984375,525.35546875,21.398174285888672,3.7085168370395794,1234.0
min_enclosing_circle,1053,35.12215307529162,1077.5789794921875,528.8421020507812,21.535667419433594,3.732345767205128,1258.0
min_enclosing_circle,1054,35.15550744668316,1076.9814453125,534.0184936523438,21.564823150634766,3.7373987459598177,1262.0
min_enclosing_circle,1055,35.1888618180747,1075.9166259765625,539.0833129882812,21.517864227294922,3.7292602965982797,1270.5
min_enclosing_circle,1056,35.222216189466245,1073.5,543.0675659179688,21.303199768066406,3.6920568066777433,1250.5
min_enclosing_circle,1057,35.255570560857784,1072.88330078125,548.1166381835938,21.79521369934082,3.777327723897652,1252.5
min_enclosing_circle,1058,35.28892493224932,1071.309326171875,552.3814697265625,21.784284591674805,3.7754336006303246,1270.0
min_enclosing_circle,1059,35.32227930364086,1069.5928955078125,556.7803955078125,21.59514045715332,3.7426530372921345,1286.5
min_enclosing_circle,1060,35.3556336750324,1067.309326171875,560.3814697265625,21.784284591674805,3.7754336006303246,1273.0
min_enclosing_circle,1061,35.38898804642394,1065.3709716796875,564.5,21.401042938232422,3.709014003076937,1280.0
min_enclosing_circle,1062,35.422342417815486,1063.309326171875,568.3814697265625,21.784284591674805,3.7754336006303246,1267.5
min_enclosing_circle,1063,35.455696789207025,1060.5,572.5,21.50591278076172,3.727188991817638,1265.5
min_enclosing_circle,1064,35.489051160598564,1058.5198974609375,575.8721313476562,21.605972290039062,3.7445303018706952,1283.5
min_enclosing_circle,1065,35.5224055319901,1055.0833740234375,579.9166870117188,21.517850875854492,3.7292579826606063,1259.0
min_enclosing_circle,1066,35.55575990338164,1052.724609375,583.660400390625,21.507654190063477,3.7274907954028165,1271.0
min_enclosing_circle,1067,35.58911427477318,1050.5,587.5,21.50591278076172,3.727188991817638,1271.0
min_enclosing_circle,1068,35.62246864616472,1047.4022216796875,590.7417602539062,21.56827163696289,3.7379964030047264,1261.0
min_enclosing_circle,1069,35.655823017556266,1044.396240234375,593.8329467773438,21.618850708007812,3.7467622600384085,1299.0
min_enclosing_circle,1070,35.689177388947805,1040.6915283203125,597.1112670898438,21.71426773071289,3.7632989809060073,1271.0
min_enclosing_circle,1071,35.72253176033934,1037.64453125,600.5166015625,21.398174285888672,3.7085168370395794,1263.0
min_enclosing_circle,1072,35.75588613173088,1033.9085693359375,603.6990966796875,21.6959171295166,3.760118638854531,1266.0
min_enclosing_circle,1073,35.78924050312242,1030.131591796875,607.0263061523438,21.342334747314453,3.698839288562391,1256.0
min_enclosing_circle,1074,35.82259487451396,1026.5,609.5,21.783119201660156,3.775231626927648,1280.5
min_enclosing_circle,1075,35.8559492459055,1022.6689453125,611.8875122070312,21.72607421875,3.765345162934761,1288.5
min_enclosing_circle,1076,35.889303617297045,1018.5,614.9545288085938,21.66860580444336,3.7553853140613604,1289.0
min_enclosing_circle,1077,35.922657988688584,1014.2142944335938,617.5,21.54098892211914,3.7332680366494286,1248.5
min_enclosing_circle,1078,35.95601236008012,1010.14404296875,619.3263549804688,21.575042724609375,3.739169899967905,1277.5
min_enclosing_circle,1079,35.98936673147166,1005.772705078125,621.5,21.936628341674805,3.8018362906142698,1284.0
min_enclosing_circle,1080,36.0227211028632,1002.2868041992188,623.6015014648438,21.5484561920166,3.7345621889341736,1266.5
min_enclosing_circle,1081,36.05607547425474,998.313720703125,625.5294189453125,21.3741397857666,3.7043514186640825,1257.5
min_enclosing_circle,1082,36.08942984564628,993.9166870117188,627.0833129882812,21.5178279876709,3.729254015910308,1261.0
min_enclosing_circle,1083,36.122784217037825,989.5978393554688,628.2582397460938,21.568323135375977,3.738005328192897,1287.0
min_enclosing_circle,1084,36.156138588429364,985.3536376953125,629.9244995117188,21.375913619995117,3.704658841812183,1276.5
min_enclosing_circle,1085,36.1894929598209,980.7377319335938,631.3950805664062,21.569677352905273,3.7382400275855328,1282.0
min_enclosing_circle,1086,36.22284733121244,976.3064575195312,631.5,21.618980407714844,3.746784738290098,1282.0
min_enclosing_circle,1087,36.25620170260398,972.5,633.5,21.50591278076172,3.727188991817638,1270.0
min_enclosing_circle,1088,36.28955607399552,967.0833129882812,633.9166870117188,21.517885208129883,3.7292639327860533,1277.0
min_enclosing_circle,1089,36.32291044538706,963.3539428710938,634.1698608398438,21.581907272338867,3.740359594494801,1292.0
min_enclosing_circle,1090,36.356264816778605,959.0067749023438,634.6607055664062,21.512502670288086,3.7283310853409573,1258.0
min_enclosing_circle,1091,36.389619188170144,954.2857055664062,635.1428833007812,21.34328842163086,3.6990045698248104,1262.5
min_enclosing_circle,1092,36.42297355956168,949.9963989257812,635.1402587890625,21.514795303344727,3.728728421495814,1283.0
min_enclosing_circle,1093,36.45632793095322,945.1485595703125,634.8617553710938,21.66694450378418,3.7550973941022256,1290.0
min_enclosing_circle,1094,36.48968230234476,939.651123046875,634.5552978515625,21.829580307006836,3.7832837994702024,1298.0
min_enclosing_circle,1095,36.5230366737363,935.6015014648438,634.2868041992188,21.548484802246094,3.7345671473720463,1256.0
min_enclosing_circle,1096,36.55639104512784,931.4210815429688,634.1578979492188,21.53566551208496,3.732345436642603,1285.0
min_enclosing_circle,1097,36.589745416519385,927.005615234375,633.1114501953125,21.567092895507812,3.737792115364376,1306.5
min_enclosing_circle,1098,36.623099787910924,923.8755493164062,632.4358520507812,21.642230987548828,3.750814295467886,1284.5
min_enclosing_circle,1099,36.65645415930246,919.126220703125,631.68212890625,21.695068359375,3.7599715385309773,1291.5
min_enclosing_circle,1100,36.689808530694,914.5,630.5,21.50591278076172,3.727188991817638,1280.5
min_enclosing_circle,1101,36.72316290208554,911.0833129882812,629.9166870117188,21.517885208129883,3.7292639327860533,1243.0
min_enclosing_circle,1102,36.75651727347708,906.1885986328125,627.83544921875,21.70461082458496,3.7616253428427475,1299.0
min_enclosing_circle,1103,36.789871644868626,902.9136962890625,626.2855224609375,21.837926864624023,3.784730341078898,1285.5
min_enclosing_circle,1104,36.823226016260165,898.47705078125,624.935791015625,21.663354873657227,3.7544752754304787,1283.5
min_enclosing_circle,1105,36.856580387651704,894.6915283203125,623.1112670898438,21.71426773071289,3.7632989809060073,1245.5
min_enclosing_circle,1106,36.88993475904324,892.1026000976562,621.46044921875,21.47003173828125,3.720970449600366,1267.0
min_enclosing_circle,1107,36.92328913043478,886.822265625,619.1587524414062,21.69443130493164,3.7598611306476815,1277.5
min_enclosing_circle,1108,36.95664350182632,883.6907348632812,616.6185302734375,21.78424835205078,3.7754273199423527,1290.5
min_enclosing_circle,1109,36.98999787321786,879.3709716796875,614.5,21.401042938232422,3.709014003076937,1253.0
min_enclosing_circle,1110,37.023352244609406,875.7899780273438,612.0623168945312,21.31865882873535,3.694736015941564,1222.5
min_enclosing_circle,1111,37.056706616000945,872.8592529296875,609.9757080078125,21.335140228271484,3.697592406718698,1214.5
min_enclosing_circle,1112,37.090060987392484,869.0897216796875,607.0897216796875,21.508960723876953,3.727717230732331,1253.5
min_enclosing_circle,1113,37.12341535878402,865.6680908203125,604.27392578125,21.502389907836914,3.7265784428342608,1256.0
min_enclosing_circle,1114,37.15676973017556,861.6460571289062,600.8301391601562,21.581846237182617,3.7403490164940063,1278.0
min_enclosing_circle,1115,37.1901241015671,858.700439453125,597.7489013671875,21.42209243774414,3.7126620911010613,1245.0
min_enclosing_circle,1116,37.22347847295864,855.4618530273438,594.1810913085938,21.54308319091797,3.733630994301702,1213.0
min_enclosing_circle,1117,37.256832844350185,851.6907348632812,590.6185302734375,21.78424835205078,3.7754273199423527,1261.0
min_enclosing_circle,1118,37.290187215741724,849.2692260742188,587.5,21.0681095123291,3.651313322678705,1227.5
min_enclosing_circle,1119,37.32354158713326,846.3311767578125,584.2025756835938,21.27490234375,3.687152581059231,1252.0
min_enclosing_circle,1120,37.3568959585248,843.8533325195312,580.7050170898438,21.516632080078125,3.7290467532072338,1251.0
min_enclosing_circle,1121,37.39025032991634,841.5381469726562,576.8189086914062,21.543014526367188,3.7336190940508076,1265.0
min_enclosing_circle,1122,37.42360470130788,838.9715576171875,572.8746948242188,21.37353515625,3.7042466303437083,1250.0
min_enclosing_circle,1123,37.45695907269942,837.04052734375,569.04052734375,21.488067626953125,3.7240962488352443,1233.5
min_enclosing_circle,1124,37.490313444090965,835.2151489257812,565.99853515625,21.118234634399414,3.6600005058314755,1231.0
min_enclosing_circle,1125,37.523667815482504,832.5,561.5,21.50591278076172,3.727188991817638,1206.0
min_enclosing_circle,1126,37.55702218687404,830.0439453125,556.5814208984375,21.571012496948242,3.73847142135292,1242.0
min_enclosing_circle,1127,37.59037655826558,828.272705078125,552.272705078125,21.359853744506836,3.701875505353038,1251.0
min_enclosing_circle,1128,37.62373092965712,827.3984985351562,548.7131958007812,21.5484561920166,3.7345621889341736,1213.5
min_enclosing_circle,1129,37.65708530104866,825.0833129882812,543.9166870117188,21.517885208129883,3.7292639327860533,1236.5
min_enclosing_circle,1130,37.6904396724402,824.7142944335938,539.8571166992188,21.343236923217773,3.69899564463664,1217.0
min_enclosing_circle,1131,37.723794043831745,822.9266357421875,534.814208984375,21.341306686401367,3.698661115361503,1257.0
min_enclosing_circle,1132,37.757148415223284,821.5469970703125,530.1810913085938,21.103404998779297,3.657430382200852,1242.0
min_enclosing_circle,1133,37.79050278661482,820.5,525.3709716796875,21.401042938232422,3.709014003076937,1243.5
min_enclosing_circle,1134,37.82385715800636,821.0913696289062,521.3009033203125,21.69585418701172,3.760107730291211,1250.5
min_enclosing_circle,1135,37.8572115293979,819.7284545898438,516.9072875976562,21.561729431152344,3.7368625735445287,1250.0
min_enclosing_circle,1136,37.89056590078944,819.0468139648438,512.1292114257812,21.327144622802734,3.6962066886145726,1241.0
min_enclosing_circle,1137,37.92392027218098,818.9468383789062,506.9468078613281,21.3354434967041,3.6976449661601474,1252.5
min_enclosing_circle,1138,37.957274643572525,819.3294067382812,502.7240905761719,21.502803802490234,3.726650174902151,1220.5
min_enclosing_circle,1139,37.990629014964064,819.5,497.5,20.94049072265625,3.6291957147042484,1234.0
min_enclosing_circle,1140,38.0239833863556,820.313720703125,493.5294189453125,21.3741397857666,3.7043514186640825,1241.0
min_enclosing_circle,1141,38.05733775774714,820.5,488.5,21.50591278076172,3.727188991817638,1230.5
min_enclosing_circle,1142,38.09069212913868,821.1428833007812,484.28570556640625,21.343236923217773,3.69899564463664,1232.0
min_enclosing_circle,1143,38.12404650053022,821.2391357421875,480.5,21.294172286987305,3.69049225424768,1219.5
min_enclosing_circle,1144,38.157400871921766,822.749267578125,475.94488525390625,21.584192276000977,3.7407556083995583,1241.0
min_enclosing_circle,1145,38.190755243313305,823.5,471.5,20.94049072265625,3.6291957147042484,1223.5
min_enclosing_circle,1146,38.224109614704844,824.7756958007812,466.656494140625,21.274524688720703,3.6870871296793126,1229.0
min_enclosing_circle,1147,38.25746398609638,825.4618530273438,462.1810607910156,21.543052673339844,3.7336257053013044,1249.0
min_enclosing_circle,1148,38.29081835748792,828.3011474609375,458.1783752441406,21.26136589050293,3.684806578820448,1229.0
min_enclosing_circle,1149,38.32417272887946,829.4618530273438,454.1810607910156,21.543052673339844,3.7336257053013044,1253.5
min_enclosing_circle,1150,38.357527100271,831.279541015625,450.44085693359375,21.226316452026367,3.6787321618640054,1248.5
min_enclosing_circle,1151,38.390881471662546,833.052978515625,446.3364562988281,21.834169387817383,3.784079132904965,1262.0
min_enclosing_circle,1152,38.424235843054085,834.272705078125,442.2727355957031,21.359880447387695,3.7018801332283857,1259.0
min_enclosing_circle,1153,38.457590214445624,837.388427734375,438.5299377441406,21.22539520263672,3.6785725001645084,1227.0
min_enclosing_circle,1154,38.49094458583716,839.5,434.5,21.31910514831543,3.694813367572376,1216.0
min_enclosing_circle,1155,38.5242989572287,841.5,430.5540466308594,21.27729034423828,3.6875664453403294,1233.0
min_enclosing_circle,1156,38.55765332862024,844.5,426.5,21.50591278076172,3.727188991817638,1247.5
min_enclosing_circle,1157,38.59100770001178,847.5,423.5,20.94049072265625,3.6291957147042484,1225.0
min_enclosing_circle,1158,38.624362071403326,850.5,421.5,21.31910514831543,3.694813367572376,1204.0
min_enclosing_circle,1159,38.657716442794865,853.5,417.5,20.94049072265625,3.6291957147042484,1194.0
min_enclosing_circle,1160,38.6910708141864,855.6768798828125,414.01300048828125,21.310853958129883,3.6933833540899226,1215.5
min_enclosing_circle,1161,38.72442518557794,858.727294921875,410.7272644042969,21.359848022460938,3.701874513665463,1227.0
min_enclosing_circle,1162,38.75777955696948,862.7333374023438,407.6666564941406,21.5078125,3.727518232092378,1247.0
min_enclosing_circle,1163,38.79113392836102,865.7284545898438,404.90728759765625,21.561729431152344,3.7368625735445287,1257.0
min_enclosing_circle,1164,38.82448829975256,869.5,402.79730224609375,21.550025939941406,3.7348342418921163,1248.5
min_enclosing_circle,1165,38.857842671144105,872.5,400.5,21.50591278076172,3.727188991817638,1237.5
min_enclosing_circle,1166,38.891197042535644,874.9844360351562,397.9100646972656,21.463088989257812,3.719767202009952,1261.0
min_enclosing_circle,1167,38.92455141392718,879.5,395.06756591796875,21.303199768066406,3.6920568066777433,1193.0
min_enclosing_circle,1168,38.95790578531872,883.5263061523438,393.0526428222656,21.301584243774414,3.6917768202192045,1205.5
min_enclosing_circle,1169,38.99126015671026,887.5,390.5,21.50591278076172,3.727188991817638,1222.5
min_enclosing_circle,1170,39.0246145281018,893.0999755859375,388.5,21.574636459350586,3.7390994901501147,1207.0
min_enclosing_circle,1171,39.05796889949334,895.6641845703125,386.0074768066406,21.310033798217773,3.6932412122042417,1211.0
min_enclosing_circle,1172,39.091323270884885,899.9000244140625,384.5,21.574609756469727,3.739094862274767,1233.5
min_enclosing_circle,1173,39.124677642276424,904.4833984375,383.3554382324219,21.398149490356445,3.7085125397267564,1213.5
min_enclosing_circle,1174,39.15803201366796,908.217041015625,381.97119140625,20.95805549621582,3.6322398649954915,1163.0
min_enclosing_circle,1175,39.1913863850595,912.5,380.5,21.272146224975586,3.6866749182108385,1223.5
min_enclosing_circle,1176,39.22474075645104,917.5,378.81707763671875,21.5314884185791,3.7316215047132055,1243.0
min_enclosing_circle,1177,39.25809512784258,921.9705810546875,377.9117736816406,21.116241455078125,3.6596550679930187,1204.5
min_enclosing_circle,1178,39.29144949923412,927.0704345703125,376.9946594238281,21.218103408813477,3.677308759632049,1217.0
min_enclosing_circle,1179,39.324803870625665,932.1005859375,376.4591979980469,20.946229934692383,3.6301903773414894,1190.5
min_enclosing_circle,1180,39.358158242017204,935.010009765625,375.39862060546875,21.2972412109375,3.6910241293501462,1226.5
min_enclosing_circle,1181,39.39151261340874,940.686279296875,375.4705810546875,21.374122619628906,3.7043484436013587,1193.0
min_enclosing_circle,1182,39.42486698480028,944.7484130859375,375.3917236328125,21.27387237548828,3.686974077295818,1218.5
min_enclosing_circle,1183,39.45822135619182,949.1285400390625,374.85675048828125,21.28443145751953,3.688804071433327,1200.5
min_enclosing_circle,1184,39.49157572758336,953.9821166992188,375.0178527832031,21.608644485473633,3.744993419967995,1249.0
min_enclosing_circle,1185,39.524930098974906,958.8156127929688,375.2640075683594,21.1854305267334,3.6716462235815555,1222.5
min_enclosing_circle,1186,39.558284470366445,964.086181640625,375.5,21.440858840942383,3.7159144957829526,1223.0
min_enclosing_circle,1187,39.591638841757984,967.9086303710938,375.6990661621094,21.695863723754883,3.7601093831038352,1217.5
min_enclosing_circle,1188,39.62499321314952,972.7308349609375,376.9451904296875,21.15428924560547,3.6662491292385084,1219.5
min_enclosing_circle,1189,39.65834758454106,976.5,378.04052734375,21.06838607788086,3.6513612542448066,1204.0
min_enclosing_circle,1190,39.6917019559326,981.9125366210938,379.08526611328125,21.138437271118164,3.663501824094571,1211.5
min_enclosing_circle,1191,39.72505632732414,987.0714111328125,379.9285583496094,21.50118637084961,3.726369857881087,1243.0
min_enclosing_circle,1192,39.758410698715686,991.5263061523438,381.9473571777344,21.30158233642578,3.6917764896566796,1234.5
min_enclosing_circle,1193,39.791765070107225,995.5,383.06756591796875,21.303199768066406,3.6920568066777433,1193.5
min_enclosing_circle,1194,39.825119441498764,999.9531860351562,384.87078857421875,21.327144622802734,3.6962066886145726,1217.5
min_enclosing_circle,1195,39.8584738128903,1004.8114013671875,387.1645202636719,21.70462417602539,3.761627656780421,1251.0
min_enclosing_circle,1196,39.89182818428184,1008.0517578125,389.2897644042969,21.291519165039062,3.690032441775629,1221.5
min_enclosing_circle,1197,39.92518255567338,1012.6688232421875,390.79742431640625,21.274883270263672,3.6871492754339825,1220.5
min_enclosing_circle,1198,39.95853692706492,1017.5,393.93243408203125,21.30320167541504,3.692057137240268,1240.5
min_enclosing_circle,1199,39.991891298456466,1021.6658935546875,396.23760986328125,21.525665283203125,3.7306122973248717,1264.0
min_enclosing_circle,1200,40.025245669848005,1025.766845703125,399.0820007324219,21.436418533325195,3.715144946225127,1227.0
min_enclosing_circle,1201,40.05860004123954,1029.18212890625,402.0223083496094,21.49456214904785,3.725221814232321,1242.5
min_enclosing_circle,1202,40.09195441263108,1032.067138671875,404.6194152832031,21.591997146606445,3.7421082702511996,1247.0
min_enclosing_circle,1203,40.12530878402262,1034.0479736328125,406.5137023925781,21.659799575805664,3.7538591068841787,1242.5
min_enclosing_circle,1204,40.15866315541416,1038.5,410.3717956542969,21.383739471435547,3.7060151398515973,1260.0
min_enclosing_circle,1205,40.1920175268057,1042.37890625,413.3779602050781,21.336231231689453,3.697781488482906,1241.5
min_enclosing_circle,1206,40.225371898197245,1045.1551513671875,416.9137878417969,21.32267951965332,3.6954328417439246,1237.0
min_enclosing_circle,1207,40.258726269588784,1048.5,420.5,21.272146224975586,3.6866749182108385,1229.0
min_enclosing_circle,1208,40.29208064098032,1051.5,424.5,21.50591278076172,3.727188991817638,1279.5
min_enclosing_circle,1209,40.32543501237186,1054.2314453125,427.88763427734375,21.35117530822754,3.70037144586502,1245.0
min_enclosing_circle,1210,40.3587893837634,1056.6915283203125,431.88873291015625,21.714271545410156,3.763299642031057,1264.5
min_enclosing_circle,1211,40.39214375515494,1059.9268798828125,435.09063720703125,21.51744842529297,3.729188233967865,1267.0
min_enclosing_circle,1212,40.42549812654648,1062.27783203125,439.5,21.37747573852539,3.704929572520026,1236.0
min_enclosing_circle,1213,40.458852497938025,1063.9166259765625,443.0833435058594,21.517894744873047,3.7292655855986774,1245.0
min_enclosing_circle,1214,40.492206869329564,1065.96142578125,447.12518310546875,21.50785255432129,3.7275251739054,1271.5
min_enclosing_circle,1215,40.5255612407211,1068.1282958984375,451.37957763671875,21.533039093017578,3.7318902520458996,1273.0
min_enclosing_circle,1216,40.55891561211264,1070.104248046875,455.4607238769531,21.469085693359375,3.720806490588046,1246.5
min_enclosing_circle,1217,40.59226998350418,1070.637939453125,459.5,21.4260311126709,3.7133447027148536,1234.0
min_enclosing_circle,1218,40.62562435489572,1072.738037109375,463.5,21.368432998657227,3.703362375589764,1247.5
min_enclosing_circle,1219,40.658978726287266,1073.7169189453125,467.6056823730469,21.69245719909668,3.759518998434473,1264.0
min_enclosing_circle,1220,40.692333097678805,1075.361083984375,471.93304443359375,21.379024505615234,3.705197989290195,1256.5
min_enclosing_circle,1221,40.725687469070344,1076.5,476.3717956542969,21.383737564086914,3.7060148092890723,1269.5
min_enclosing_circle,1222,40.75904184046188,1077.5,480.5,21.783119201660156,3.775231626927648,1281.0
min_enclosing_circle,1223,40.79239621185342,1078.5,484.8658447265625,21.85492706298828,3.7876766448627888,1294.0
min_enclosing_circle,1224,40.82575058324496,1078.751220703125,489.1080322265625,21.683141708374023,3.7579045310631587,1258.5
min_enclosing_circle,1225,40.8591049546365,1078.95458984375,492.5,21.66859245300293,3.7553830001236865,1264.5
min_enclosing_circle,1226,40.892459326028046,1078.76513671875,496.9207458496094,21.830150604248047,3.783382637665129,1288.0
min_enclosing_circle,1227,40.925813697419585,1079.0833740234375,501.9166564941406,21.517826080322266,3.7292536853477833,1280.0
min_enclosing_circle,1228,40.959168068811124,1079.3402099609375,506.7663879394531,21.523948669433594,3.7303147910525167,1270.0
min_enclosing_circle,1229,40.99252244020266,1079.1588134765625,510.822265625,21.694400787353516,3.759855841647284,1276.0
min_enclosing_circle,1230,41.0258768115942,1079.5,516.5,21.8289794921875,3.783179672274878,1284.5
min_enclosing_circle,1231,41.05923118298574,1078.5,520.1341552734375,21.854944229125977,3.787679619925512,1289.5
min_enclosing_circle,1232,41.09258555437728,1077.8302001953125,524.9622802734375,21.51341438293457,3.7284890942278306,1275.5
min_enclosing_circle,1233,41.125939925768826,1077.182861328125,528.6630249023438,21.568273544311523,3.7379967335672513,1278.0
min_enclosing_circle,1234,41.159294297160365,1075.9166259765625,533.0833129882812,21.517864227294922,3.7292602965982797,1265.0
min_enclosing_circle,1235,41.192648668551904,1075.923095703125,537.923095703125,21.893476486206055,3.794357644052311,1278.0
min_enclosing_circle,1236,41.22600303994344,1073.4619140625,542.1810913085938,21.543060302734375,3.733627027551404,1272.0
min_enclosing_circle,1237,41.25935741133498,1071.651123046875,546.5552978515625,21.829580307006836,3.7832837994702024,1287.0
min_enclosing_circle,1238,41.29271178272652,1070.2947998046875,551.1541748046875,21.671232223510742,3.755840498658064,1257.0
min_enclosing_circle,1239,41.32606615411806,1068.5,555.5,21.50591278076172,3.727188991817638,1262.5
min_enclosing_circle,1240,41.359420525509606,1066.6201171875,559.1962890625,21.82301139831543,3.782145342134657,1260.5
min_enclosing_circle,1241,41.392774896901145,1064.7332763671875,563.6666870117188,21.50787353515625,3.727528810093173,1269.5
min_enclosing_circle,1242,41.426129268292684,1063.0833740234375,567.9166870117188,21.517850875854492,3.7292579826606063,1266.5
min_enclosing_circle,1243,41.45948363968422,1060.5,571.5,21.50591278076172,3.727188991817638,1270.5
min_enclosing_circle,1244,41.49283801107576,1057.982177734375,575.0178833007812,21.608661651611328,3.7449963950307184,1268.5
min_enclosing_circle,1245,41.5261923824673,1055.9166259765625,579.0833129882812,21.517864227294922,3.7292602965982797,1246.5
min_enclosing_circle,1246,41.55954675385884,1052.0479736328125,582.513671875,21.659770965576172,3.753854148446306,1282.5
min_enclosing_circle,1247,41.592901125250386,1049.5977783203125,586.2582397460938,21.568342208862305,3.7380086338181457,1264.0
min_enclosing_circle,1248,41.626255496641924,1047.271484375,590.0927124023438,21.561738967895508,3.7368642263571528,1275.5
min_enclosing_circle,1249,41.65960986803346,1043.9166259765625,593.0833129882812,21.517864227294922,3.7292602965982797,1249.0
min_enclosing_circle,1250,41.692964239425,1040.0238037109375,596.5,21.654598236083984,3.7529576628789423,1282.0
min_enclosing_circle,1251,41.72631861081654,1037.0833740234375,599.9166870117188,21.517850875854492,3.7292579826606063,1272.0
min_enclosing_circle,1252,41.75967298220808,1033.9166259765625,603.0833129882812,21.517864227294922,3.7292602965982797,1267.5
min_enclosing_circle,1253,41.79302735359962,1030.2384033203125,605.6633911132812,21.527164459228516,3.730872119469395,1283.0
min_enclosing_circle,1254,41.826381724991165,1026.40087890625,609.126953125,21.86746597290039,3.7898497629010808,1295.5
min_enclosing_circle,1255,41.859736096382704,1022.5,611.241943359375,21.92046356201172,3.799034773216259,1273.0
min_enclosing_circle,1256,41.89309046777424,1018.8833618164062,614.1166381835938,21.79517936706543,3.777321773772205,1276.5
min_enclosing_circle,1257,41.92644483916578,1014.3670654296875,617.2861328125,21.784578323364258,3.77548450725915,1271.0
min_enclosing_circle,1258,41.95979921055732,1010.1698608398438,619.3539428710938,21.581846237182617,3.7403490164940063,1271.5
min_enclosing_circle,1259,41.99315358194886,1006.1476440429688,621.40673828125,21.534780502319336,3.7321920556310775,1259.0
min_enclosing_circle,1260,42.026507953340406,1002.6907958984375,623.9969482421875,21.80392074584961,3.7788367418235427,1259.5
min_enclosing_circle,1261,42.059862324731945,997.7284545898438,624.9072875976562,21.561729431152344,3.7368625735445287,1287.5
min_enclosing_circle,1262,42.093216696123484,993.6015014648438,626.2868041992188,21.548484802246094,3.7345671473720463,1280.5
min_enclosing_circle,1263,42.12657106751502,989.5714111328125,627.5714111328125,21.7242431640625,3.7650278229109158,1260.0
min_enclosing_circle,1264,42.15992543890656,985.4932861328125,629.0637817382812,21.302806854248047,3.6919887107976264,1253.0
min_enclosing_circle,1265,42.1932798102981,980.7835693359375,630.291015625,21.6219425201416,3.7472981018911726,1269.0
min_enclosing_circle,1266,42.22663418168964,976.2328491210938,631.6575317382812,21.52407455444336,3.730336608179156,1293.0
min_enclosing_circle,1267,42.259988553081186,971.5,632.5,21.50591278076172,3.727188991817638,1286.0
min_enclosing_circle,1268,42.293342924472725,966.8746948242188,632.9715576171875,21.373550415039062,3.704249274843907,1264.0
min_enclosing_circle,1269,42.326697295864264,962.49267578125,633.6970825195312,21.450082778930664,3.7175130961530742,1295.0
min_enclosing_circle,1270,42.3600516672558,958.5892944335938,634.4107055664062,21.393884658813477,3.7077734019212163,1286.5
min_enclosing_circle,1271,42.39340603864734,953.6680908203125,634.27392578125,21.502389907836914,3.7265784428342608,1276.0
min_enclosing_circle,1272,42.42676041003888,949.360107421875,634.5842895507812,21.343046188354492,3.698962588384156,1254.0
min_enclosing_circle,1273,42.46011478143042,945.2748413085938,634.3972778320312,21.383520126342773,3.705977125161241,1264.0
min_enclosing_circle,1274,42.493469152821966,940.272705078125,634.272705078125,21.359874725341797,3.701879141540811,1279.0
min_enclosing_circle,1275,42.526823524213505,935.9407958984375,633.7919921875,21.427566528320312,3.7136108055473493,1281.0
min_enclosing_circle,1276,42.560177895605044,931.0897216796875,633.0897216796875,21.508960723876953,3.727717230732331,1258.5
min_enclosing_circle,1277,42.59353226699658,926.7000122070312,632.5,21.446308135986328,3.716858912916418,1269.5
min_enclosing_circle,1278,42.62688663838812,923.2330932617188,631.9180297851562,21.436420440673828,3.715145276787652,1281.0
min_enclosing_circle,1279,42.66024100977966,918.8695068359375,630.9677124023438,21.370779037475586,3.703768967495316,1294.0
min_enclosing_circle,1280,42.6935953811712,914.185791015625,630.0733642578125,21.341306686401367,3.698661115361503,1284.0
min_enclosing_circle,1281,42.726949752562746,910.0719604492188,628.50439453125,21.643295288085938,3.750998749356746,1302.0
min_enclosing_circle,1282,42.760304123954285,905.8802490234375,626.9734497070312,21.58938980102539,3.7416563912797445,1287.0
min_enclosing_circle,1283,42.793658495345824,902.272705078125,626.272705078125,21.359874725341797,3.701879141540811,1252.0
min_enclosing_circle,1284,42.82701286673736,898.5,624.5,21.50591278076172,3.727188991817638,1297.0
min_enclosing_circle,1285,42.8603672381289,894.8846435546875,622.8846435546875,21.423221588134766,3.7128577841157657,1266.0
min_enclosing_circle,1286,42.89372160952044,891.296630859375,621.296630859375,21.222213745117188,3.6780211218730767,1252.5
min_enclosing_circle,1287,42.92707598091198,887.4932861328125,619.0637817382812,21.302806854248047,3.6919887107976264,1239.0
min_enclosing_circle,1288,42.960430352303526,882.5,616.7000122070312,21.446308135986328,3.716858912916418,1303.5
min_enclosing_circle,1289,42.993784723695065,878.9545288085938,614.5,21.668630599975586,3.7553896113741834,1312.0
min_enclosing_circle,1290,43.0271390950866,874.7638549804688,611.9889526367188,21.756149291992188,3.7705574728264235,1286.5
min_enclosing_circle,1291,43.06049346647814,871.5,609.0675659179688,21.303199768066406,3.6920568066777433,1260.5
min_enclosing_circle,1292,43.09384783786968,868.727294921875,606.727294921875,21.359874725341797,3.701879141540811,1270.5
min_enclosing_circle,1293,43.12720220926122,865.3984985351562,604.7131958007812,21.5484561920166,3.7345621889341736,1279.5
min_enclosing_circle,1294,43.16055658065276,861.5,601.0675659179688,21.303199768066406,3.6920568066777433,1230.0
min_enclosing_circle,1295,43.193910952044305,858.0733642578125,598.185791015625,21.341243743896484,3.6986502067981832,1261.5
min_enclosing_circle,1296,43.227265323435844,854.8846435546875,594.8846435546875,21.423221588134766,3.7128577841157657,1286.0
min_enclosing_circle,1297,43.26061969482738,851.0897216796875,591.0897216796875,21.508960723876953,3.727717230732331,1256.5
min_enclosing_circle,1298,43.29397406621892,848.9500122070312,588.0499877929688,21.330928802490234,3.6968625246638536,1220.5
min_enclosing_circle,1299,43.32732843761046,845.9338989257812,584.2041015625,21.404199600219727,3.709561084055546,1259.5
min_enclosing_circle,1300,43.360682809002,842.9839477539062,580.6778564453125,21.19405174255371,3.673140366193828,1238.5
min_enclosing_circle,1301,43.394037180393546,840.4833984375,577.35546875,21.398174285888672,3.7085168370395794,1226.0
min_enclosing_circle,1302,43.427391551785085,838.3421020507812,573.5526123046875,21.371522903442383,3.703897886880003,1229.0
min_enclosing_circle,1303,43.460745923176624,835.9705810546875,569.9117431640625,21.116212844848633,3.659650109555146,1199.0
min_enclosing_circle,1304,43.49410029456816,834.272705078125,566.272705078125,21.359853744506836,3.701875505353038,1265.5
min_enclosing_circle,1305,43.5274546659597,832.0090942382812,561.9137573242188,21.464099884033203,3.7199424001481165,1247.0
min_enclosing_circle,1306,43.56080903735124,829.5,557.0675659179688,21.303199768066406,3.6920568066777433,1235.0
min_enclosing_circle,1307,43.59416340874278,827.5,553.0675659179688,21.303199768066406,3.6920568066777433,1216.0
min_enclosing_circle,1308,43.627517780134326,825.6460571289062,548.8301391601562,21.581846237182617,3.7403490164940063,1253.0
min_enclosing_circle,1309,43.660872151525865,824.4368896484375,544.6217041015625,21.409143447875977,3.7104179021199286,1268.5
min_enclosing_circle,1310,43.694226522917404,822.4830322265625,539.9237060546875,21.54787826538086,3.734462028489147,1249.5
min_enclosing_circle,1311,43.72758089430894,821.6641845703125,536.0074462890625,21.31000518798828,3.693236253766369,1249.5
min_enclosing_circle,1312,43.76093526570048,820.5,530.95947265625,21.068410873413086,3.6513655515576295,1202.5
min_enclosing_circle,1313,43.79428963709202,819.9000244140625,526.5,21.574609756469727,3.739094862274767,1257.5
min_enclosing_circle,1314,43.82764400848356,819.4210815429688,522.1578979492188,21.53566551208496,3.732345436642603,1234.0
min_enclosing_circle,1315,43.860998379875106,819.0833129882812,517.9166870117188,21.517885208129883,3.7292639327860533,1236.5
min_enclosing_circle,1316,43.894352751266645,818.299560546875,513.2510986328125,21.422086715698242,3.7126610994134865,1213.0
min_enclosing_circle,1317,43.927707122658184,817.4618530273438,508.1810607910156,21.543052673339844,3.7336257053013044,1255.0
min_enclosing_circle,1318,43.96106149404972,817.5,503.0384521484375,21.32769775390625,3.696302551746776,1232.0
min_enclosing_circle,1319,43.99441586544126,818.3961791992188,498.2595520019531,21.245346069335938,3.682030184174325,1252.0
min_enclosing_circle,1320,44.0277702368328,818.6434936523438,493.9798278808594,21.65707778930664,3.753387394161233,1238.0
min_enclosing_circle,1321,44.06112460822434,819.0833129882812,489.9166564941406,21.517860412597656,3.7292596354732304,1241.0
min_enclosing_circle,1322,44.094478979615886,819.5,485.06756591796875,21.303199768066406,3.6920568066777433,1234.0
min_enclosing_circle,1323,44.127833351007425,820.5,481.5,21.50591278076172,3.727188991817638,1242.0
min_enclosing_circle,1324,44.161187722398964,821.2714233398438,476.8428649902344,21.61587142944336,3.74624592137461,1247.0
min_enclosing_circle,1325,44.1945420937905,821.7447509765625,472.47332763671875,21.720958709716797,3.764458594243143,1285.0
min_enclosing_circle,1326,44.22789646518204,823.0833129882812,467.9166564941406,21.517860412597656,3.7292596354732304,1242.5
min_enclosing_circle,1327,44.26125083657358,824.5,463.1216125488281,21.814912796020508,3.78074177365419,1244.0
min_enclosing_circle,1328,44.29460520796512,826.5,459.5,21.50591278076172,3.727188991817638,1245.5
min_enclosing_circle,1329,44.327959579356666,827.6907348632812,454.6185607910156,21.78427505493164,3.7754319478177,1254.0
min_enclosing_circle,1330,44.361313950748205,829.76318359375,450.5526428222656,21.69034194946289,3.7591524045944262,1251.5
min_enclosing_circle,1331,44.394668322139744,831.5,447.06756591796875,21.303199768066406,3.6920568066777433,1235.0
min_enclosing_circle,1332,44.42802269353128,833.49609375,443.0369567871094,21.32686424255371,3.6961580959234213,1245.5
min_enclosing_circle,1333,44.46137706492282,834.6841430664062,438.9332275390625,21.86536979675293,3.7894864746862824,1235.0
min_enclosing_circle,1334,44.49473143631436,837.5,435.06756591796875,21.303199768066406,3.6920568066777433,1204.0
min_enclosing_circle,1335,44.5280858077059,840.9500122070312,432.04998779296875,21.330928802490234,3.6968625246638536,1237.5
min_enclosing_circle,1336,44.561440179097445,842.5,427.593017578125,21.874935150146484,3.79114424574835,1267.5
min_enclosing_circle,1337,44.594794550488984,845.5890502929688,424.2091979980469,21.489274978637695,3.7243054949134673,1247.0
min_enclosing_circle,1338,44.62814892188052,848.0925903320312,421.5,21.438194274902344,3.7154526999357524,1225.0
min_enclosing_circle,1339,44.66150329327206,851.0263061523438,418.131591796875,21.34236717224121,3.6988449081253134,1254.5
min_enclosing_circle,1340,44.6948576646636,853.9677734375,414.79425048828125,21.394588470458984,3.7078953794928817,1253.0
min_enclosing_circle,1341,44.72821203605514,856.7706909179688,411.693359375,21.50849151611328,3.7276359123512206,1261.0
min_enclosing_circle,1342,44.761566407446686,860.8988037109375,408.80206298828125,21.34375762939453,3.699085888205921,1237.5
min_enclosing_circle,1343,44.794920778838225,863.6641845703125,406.0074768066406,21.310033798217773,3.6932412122042417,1254.0
min_enclosing_circle,1344,44.828275150229764,866.7484130859375,403.3917236328125,21.27387237548828,3.686974077295818,1242.5
min_enclosing_circle,1345,44.8616295216213,870.5,401.5,21.50591278076172,3.727188991817638,1245.0
min_enclosing_circle,1346,44.89498389301284,872.5,399.1000061035156,20.934764862060547,3.6282033660046817,1186.5
min_enclosing_circle,1347,44.92833826440438,877.091552734375,396.87847900390625,20.953710556030273,3.631486843563908,1196.5
min_enclosing_circle,1348,44.96169263579592,881.3156127929688,393.8554992675781,21.290721893310547,3.689894266640246,1176.5
min_enclosing_circle,1349,44.995047007187466,884.9517211914062,391.5386047363281,21.42157745361328,3.7125728392193547,1226.0
min_enclosing_circle,1350,45.028401378579005,888.5,389.5,21.31910514831543,3.694813367572376,1199.0
min_enclosing_circle,1351,45.061755749970544,892.37060546875,387.5616760253906,21.380596160888672,3.7054703728106624,1207.5
min_enclosing_circle,1352,45.09511012136208,897.1543579101562,386.2684631347656,21.36279296875,3.7023849022038147,1205.5
min_enclosing_circle,1353,45.12846449275362,900.2025756835938,384.3311767578125,21.274883270263672,3.6871492754339825,1213.5
min_enclosing_circle,1354,45.16181886414516,903.644287109375,382.6180419921875,21.31991195678711,3.694953195520383,1214.0
min_enclosing_circle,1355,45.1951732355367,909.5,381.5,20.94049072265625,3.6291957147042484,1213.5
min_enclosing_circle,1356,45.228527606928246,913.6641845703125,380.0074768066406,21.310033798217773,3.6932412122042417,1214.5
min_enclosing_circle,1357,45.261881978319785,918.814208984375,378.9266357421875,21.34125518798828,3.6986521901733322,1247.5
min_enclosing_circle,1358,45.295236349711324,923.023681640625,378.1435241699219,21.333023071289062,3.6972254823161266,1232.0
min_enclosing_circle,1359,45.32859072110286,927.7640380859375,377.0449523925781,21.412364959716797,3.710976222224382,1211.5
min_enclosing_circle,1360,45.3619450924944,931.7251586914062,376.60272216796875,21.383474349975586,3.7059691916606448,1253.5
min_enclosing_circle,1361,45.39529946388594,936.4105224609375,376.6725158691406,21.36894989013672,3.703451958033995,1249.0
min_enclosing_circle,1362,45.42865383527748,941.2748413085938,376.39727783203125,21.383520126342773,3.705977125161241,1239.5
min_enclosing_circle,1363,45.462008206669026,945.6505737304688,376.28466796875,21.05710792541504,3.6494066380354333,1192.5
min_enclosing_circle,1364,45.495362578060565,950.0013427734375,376.1856384277344,21.253049850463867,3.68336532621215,1220.0
min_enclosing_circle,1365,45.528716949452104,955.2975463867188,376.65289306640625,21.0255126953125,3.6439308698114745,1200.5
min_enclosing_circle,1366,45.56207132084364,959.6588134765625,376.7543640136719,21.021686553955078,3.6432677613866473,1221.5
min_enclosing_circle,1367,45.59542569223518,964.2619018554688,377.5,21.3684024810791,3.7033570865893664,1221.5
min_enclosing_circle,1368,45.62878006362672,969.2715454101562,378.09271240234375,21.56170654296875,3.7368586067942307,1252.0
min_enclosing_circle,1369,45.66213443501826,972.5,378.5,21.50591278076172,3.727188991817638,1254.0
min_enclosing_circle,1370,45.695488806409806,978.3011474609375,380.1783752441406,21.26136589050293,3.684806578820448,1209.5
min_enclosing_circle,1371,45.728843177801345,982.6089477539062,381.1235046386719,21.575172424316406,3.7391923782195944,1242.0
min_enclosing_circle,1372,45.762197549192884,987.3986206054688,383.0100402832031,21.297237396240234,3.6910234682250964,1228.0
min_enclosing_circle,1373,45.79555192058442,991.8571166992188,384.71429443359375,21.343276977539062,3.6990025864496614,1235.5
min_enclosing_circle,1374,45.82890629197596,996.5780029296875,386.37615966796875,21.12594223022461,3.66133630899435,1230.5
min_enclosing_circle,1375,45.8622606633675,1001.2122802734375,388.4228210449219,21.227188110351562,3.678883228937857,1249.5
min_enclosing_circle,1376,45.89561503475904,1004.700439453125,389.7489013671875,21.42209243774414,3.7126620911010613,1240.0
min_enclosing_circle,1377,45.928969406150586,1009.06884765625,391.9580078125,21.476255416870117,3.7220490751189157,1254.0
min_enclosing_circle,1378,45.962323777542125,1014.6760864257812,395.0986022949219,21.710460662841797,3.762639178106429,1230.0
min_enclosing_circle,1379,45.99567814893366,1017.6200561523438,397.1357116699219,21.31110191345215,3.6934263272181513,1214.0
min_enclosing_circle,1380,46.0290325203252,1021.2330932617188,399.9179992675781,21.4363956451416,3.715140979474829,1244.0
min_enclosing_circle,1381,46.06238689171674,1025.9461669921875,402.86962890625,21.330522537231445,3.6967921148460627,1229.5
min_enclosing_circle,1382,46.09574126310828,1028.79150390625,405.6009521484375,21.482362747192383,3.7231075363234507,1251.5
min_enclosing_circle,1383,46.129095634499826,1031.5,407.93243408203125,21.30320167541504,3.692057137240268,1239.5
min_enclosing_circle,1384,46.162450005891365,1035.381591796875,411.0047912597656,21.31427574157715,3.693976383259484,1281.5
min_enclosing_circle,1385,46.195804377282904,1038.064208984375,414.52294921875,21.663354873657227,3.7544752754304787,1258.5
min_enclosing_circle,1386,46.22915874867444,1041.5,417.5,20.94049072265625,3.6291957147042484,1215.0
min_enclosing_circle,1387,46.26251312006598,1044.7315673828125,421.37310791015625,21.476160049438477,3.722032546992674,1252.0
min_enclosing_circle,1388,46.29586749145752,1048.044921875,424.944580078125,21.33169174194336,3.696994749673789,1241.0
min_enclosing_circle,1389,46.32922186284906,1050.9046630859375,428.3302917480469,21.224470138549805,3.6784121773399616,1266.5
min_enclosing_circle,1390,46.362576234240606,1053.5904541015625,432.1880187988281,21.50492286682129,3.7270174298672467,1282.0
min_enclosing_circle,1391,46.395930605632145,1056.5,435.5,21.50591278076172,3.727188991817638,1254.5
min_enclosing_circle,1392,46.429284977023684,1058.5,439.5,21.50591278076172,3.727188991817638,1279.0
min_enclosing_circle,1393,46.46263934841522,1060.8709716796875,443.19354248046875,21.7023868560791,3.7612399069387847,1264.0
min_enclosing_circle,1394,46.49599371980676,1063.5,446.81707763671875,21.531478881835938,3.731619851900581,1273.0
min_enclosing_circle,1395,46.5293480911983,1065.1304931640625,451.8260803222656,21.428478240966797,3.7137688144342222,1272.0
min_enclosing_circle,1396,46.56270246258984,1067.0833740234375,455.9166564941406,21.517826080322266,3.7292536853477833,1292.5
min_enclosing_circle,1397,46.596056833981386,1068.5,459.5,21.50591278076172,3.727188991817638,1276.0
min_enclosing_circle,1398,46.629411205372925,1070.2861328125,463.61199951171875,21.29067039489746,3.6898853414520754,1240.5
min_enclosing_circle,1399,46.662765576764464,1071.0833740234375,467.9166564941406,21.517826080322266,3.7292536853477833,1272.5
min_enclosing_circle,1400,46.696119948156,1072.25,472.75,21.613174438476562,3.7457785059644877,1242.5
min_enclosing_circle,1401,46.72947431954754,1073.151611328125,476.74078369140625,21.726390838623047,3.7654000363138844,1283.5
min_enclosing_circle,1402,46.76282869093908,1073.7999267578125,480.6097106933594,21.831296920776367,3.7835813057425574,1287.0
min_enclosing_circle,1403,46.79618306233062,1075.5,484.81707763671875,21.531478881835938,3.731619851900581,1275.5
min_enclosing_circle,1404,46.829537433722166,1076.192138671875,489.1641845703125,21.703514099121094,3.7614352693909647,1270.0
min_enclosing_circle,1405,46.862891805113705,1076.292236328125,493.0021667480469,21.81153106689453,3.7801556862976504,1294.5
min_enclosing_circle,1406,46.896246176505244,1076.5,496.5,21.50591278076172,3.727188991817638,1285.0
min_enclosing_circle,1407,46.92960054789678,1077.0531005859375,501.4070739746094,21.807788848876953,3.779507122623916,1307.0
min_enclosing_circle,1408,46.96295491928832,1077.4073486328125,506.21771240234375,21.596492767333984,3.7428874061222452,1282.0
min_enclosing_circle,1409,46.99630929067986,1076.9000244140625,510.8999938964844,21.77208709716797,3.773319653283979,1293.5
min_enclosing_circle,1410,47.0296636620714,1077.3153076171875,515.70068359375,21.952552795410156,3.804596157134151,1296.5
min_enclosing_circle,1411,47.063018033462946,1076.1572265625,519.6069946289062,21.793298721313477,3.776995839122714,1294.5
min_enclosing_circle,1412,47.096372404854485,1076.0238037109375,524.5,21.654598236083984,3.7529576628789423,1304.0
min_enclosing_circle,1413,47.129726776246024,1075.4022216796875,528.2582397460938,21.56827163696289,3.7379964030047264,1305.0
min_enclosing_circle,1414,47.16308114763756,1074.7940673828125,532.5,21.418867111206055,3.7121031098715584,1272.5
min_enclosing_circle,1415,47.1964355190291,1073.9964599609375,537.1402587890625,21.514759063720703,3.728722140807842,1273.5
min_enclosing_circle,1416,47.22978989042064,1072.5,541.8783569335938,21.814903259277344,3.780740120841566,1289.5
min_enclosing_circle,1417,47.26314426181218,1071.5,546.5,21.8289794921875,3.783179672274878,1309.0
min_enclosing_circle,1418,47.296498633203726,1069.1400146484375,551.0999755859375,21.898693084716797,3.7952617325577456,1284.0
min_enclosing_circle,1419,47.329853004595265,1067.7867431640625,555.6397094726562,21.69346809387207,3.7596941965726374,1276.5
min_enclosing_circle,1420,47.3632073759868,1065.73681640625,559.5263061523438,21.772335052490234,3.7733626264122075,1285.5
min_enclosing_circle,1421,47.39656174737834,1063.9166259765625,563.0833129882812,21.517864227294922,3.7292602965982797,1270.5
min_enclosing_circle,1422,47.42991611876988,1061.982177734375,567.0178833007812,21.608661651611328,3.7449963950307184,1295.5
min_enclosing_circle,1423,47.46327049016142,1060.5,571.5,21.96598243713379,3.806923647871543,1303.5
min_enclosing_circle,1424,47.49662486155297,1057.751708984375,575.4132080078125,21.880159378051758,3.7920496565038846,1267.5
min_enclosing_circle,1425,47.529979232944505,1055.983154296875,578.760986328125,21.756603240966797,3.7706361467073353,1297.0
min_enclosing_circle,1426,47.563333604336044,1051.6390380859375,582.5421142578125,21.82124137878418,3.781838580111606,1288.0
min_enclosing_circle,1427,47.59668797572758,1049.4671630859375,586.2630615234375,21.618038177490234,3.7466214404028273,1296.0
min_enclosing_circle,1428,47.63004234711912,1046.602294921875,589.6646118164062,21.78400993347168,3.7753859996267476,1302.0
min_enclosing_circle,1429,47.66339671851066,1043.690673828125,592.6185302734375,21.784278869628906,3.77543260894275,1272.5
min_enclosing_circle,1430,47.6967510899022,1039.780029296875,596.5,21.734357833862305,3.766780795980137,1306.5
min_enclosing_circle,1431,47.730105461293746,1037.597900390625,599.8041381835938,21.922767639160156,3.799434092746264,1288.0
min_enclosing_circle,1432,47.763459832685285,1033.1588134765625,602.822265625,21.694400787353516,3.759855841647284,1289.0
min_enclosing_circle,1433,47.796814204076824,1029.5341796875,605.7644653320312,21.914382934570312,3.7979809398870716,1301.0
min_enclosing_circle,1434,47.83016857546836,1026.2427978515625,609.0013427734375,21.835126876831055,3.7842450752924344,1331.0
min_enclosing_circle,1435,47.8635229468599,1022.5,611.8783569335938,21.814903259277344,3.780740120841566,1302.0
min_enclosing_circle,1436,47.89687731825144,1018.8833618164062,614.1166381835938,21.79517936706543,3.777321773772205,1290.5
min_enclosing_circle,1437,47.93023168964298,1014.6270751953125,617.0193481445312,21.66419792175293,3.7546213840664575,1303.5
min_enclosing_circle,1438,47.963586061034526,1010.2318725585938,619.19189453125,21.72178077697754,3.7646010666913483,1318.5
min_enclosing_circle,1439,47.996940432426065,1006.14404296875,621.3263549804688,21.575042724609375,3.739169899967905,1270.5
min_enclosing_circle,1440,48.030294803817604,1001.5,622.5,22.1473331451416,3.8383535327332408,1298.5
min_enclosing_circle,1441,48.06364917520914,997.9166870117188,625.0833129882812,21.5178279876709,3.729254015910308,1271.5
min_enclosing_circle,1442,48.09700354660068,993.8102416992188,626.8019409179688,21.43964958190918,3.7157049191422047,1292.0
min_enclosing_circle,1443,48.13035791799222,989.9268188476562,628.047607421875,21.55794334411621,3.736206406932723,1296.0
min_enclosing_circle,1444,48.16371228938376,985.5,629.5,21.691110610961914,3.7592856212919363,1256.5
min_enclosing_circle,1445,48.197066660775306,981.5381469726562,630.8189086914062,21.543014526367188,3.7336190940508076,1279.0
min_enclosing_circle,1446,48.230421032166845,977.0178833007812,631.9821166992188,21.608606338500977,3.7449868087174982,1295.0
min_enclosing_circle,1447,48.263775403558384,972.47705078125,632.935791015625,21.663354873657227,3.7544752754304787,1279.5
min_enclosing_circle,1448,48.29712977494992,967.9281616210938,633.5697021484375,21.787439346313477,3.775980351046408,1292.0
min_enclosing_circle,1449,48.33048414634146,963.5,634.2026977539062,21.550018310546875,3.7348329196420167,1304.0
min_enclosing_circle,1450,48.363838517733,959.04052734375,635.04052734375,21.488067626953125,3.7240962488352443,1300.0
min_enclosing_circle,1451,48.39719288912454,954.6760864257812,635.0985717773438,21.710433959960938,3.762634550231081,1277.5
min_enclosing_circle,1452,48.430547260516086,949.9166870117188,635.0833129882812,21.5178279876709,3.729254015910308,1296.5
min_enclosing_circle,1453,48.463901631907625,945.7284545898438,634.9072875976562,21.561729431152344,3.7368625735445287,1299.0
min_enclosing_circle,1454,48.497256003299164,941.5381469726562,634.8189086914062,21.543014526367188,3.7336190940508076,1297.0
min_enclosing_circle,1455,48.5306103746907,936.5,634.5,21.50591278076172,3.727188991817638,1297.0
min_enclosing_circle,1456,48.56396474608224,932.162841796875,634.389404296875,21.512380599975586,3.7283099293393676,1298.0
min_enclosing_circle,1457,48.59731911747378,927.671630859375,633.1044921875,21.365436553955078,3.7028430618632417,1280.5
min_enclosing_circle,1458,48.63067348886532,923.780029296875,632.5,21.734357833862305,3.766780795980137,1297.5
min_enclosing_circle,1459,48.664027860256866,918.8973999023438,631.53955078125,21.470062255859375,3.7209757386007634,1258.0
min_enclosing_circle,1460,48.697382231648405,914.5,630.5,21.50591278076172,3.727188991817638,1301.5
min_enclosing_circle,1461,48.730736603039944,910.7225952148438,629.6625366210938,21.51055908203125,3.7279942421281462,1274.0
min_enclosing_circle,1462,48.76409097443148,906.932861328125,628.380615234375,21.591970443725586,3.742103642375852,1310.5
min_enclosing_circle,1463,48.79744534582302,903.2432250976562,626.7026977539062,21.55109214782715,3.735019026343501,1285.5
min_enclosing_circle,1464,48.83079971721456,898.772216796875,625.2633056640625,21.679636001586914,3.7572969571425046,1317.5
min_enclosing_circle,1465,48.86415408860611,895.5,623.5,21.691110610961914,3.7592856212919363,1268.5
min_enclosing_circle,1466,48.897508459997646,891.5,622.2026977539062,21.550018310546875,3.7348329196420167,1271.5
min_enclosing_circle,1467,48.930862831389184,887.7447509765625,620.4733276367188,21.720958709716797,3.764458594243143,1317.0
min_enclosing_circle,1468,48.96421720278072,883.1197509765625,618.0265502929688,21.589374542236328,3.741653746779546,1296.5
min_enclosing_circle,1469,48.99757157417226,879.0755004882812,615.6463623046875,21.375913619995117,3.704658841812183,1264.5
min_enclosing_circle,1470,49.0309259455638,875.6204223632812,612.8717041015625,21.533039093017578,3.7318902520458996,1264.0
min_enclosing_circle,1471,49.06428031695534,872.0719604492188,610.50439453125,21.643295288085938,3.750998749356746,1285.5
min_enclosing_circle,1472,49.097634688346886,868.5776977539062,607.882568359375,21.77393341064453,3.773639637808023,1305.5
min_enclosing_circle,1473,49.130989059738425,864.822265625,605.1587524414062,21.69443130493164,3.7598611306476815,1275.5
min_enclosing_circle,1474,49.164343431129964,862.0238037109375,602.5,21.654598236083984,3.7529576628789423,1269.0
min_enclosing_circle,1475,49.1976978025215,858.3092041015625,599.0030517578125,21.80397605895996,3.778846328136763,1250.0
min_enclosing_circle,1476,49.23105217391304,855.4074096679688,596.2177124023438,21.596471786499023,3.742883769934472,1294.5
min_enclosing_circle,1477,49.26440654530458,851.7284545898438,592.9072875976562,21.561729431152344,3.7368625735445287,1263.5
min_enclosing_circle,1478,49.29776091669612,848.7687377929688,589.3441772460938,21.52313232421875,3.7301733102918853,1261.5
min_enclosing_circle,1479,49.331115288087666,845.4517211914062,585.685302734375,21.082975387573242,3.6538897269973005,1239.5
min_enclosing_circle,1480,49.364469659479205,843.4021606445312,582.2582397460938,21.568309783935547,3.738003014255223,1261.0
min_enclosing_circle,1481,49.397824030870744,840.8846435546875,578.8846435546875,21.423221588134766,3.7128577841157657,1253.0
min_enclosing_circle,1482,49.43117840226228,838.5,574.5,21.50591278076172,3.727188991817638,1254.5
min_enclosing_circle,1483,49.46453277365382,836.1286010742188,571.5,21.480520248413086,3.722788212924456,1253.0
min_enclosing_circle,1484,49.49788714504536,835.07568359375,567.9094848632812,21.516115188598633,3.7289571707630027,1253.0
min_enclosing_circle,1485,49.5312415164369,832.5,563.5,21.50591278076172,3.727188991817638,1278.0
min_enclosing_circle,1486,49.564595887828446,830.37890625,559.3779296875,21.336212158203125,3.6977781828576575,1242.5
min_enclosing_circle,1487,49.597950259219985,828.5,555.5,21.50591278076172,3.727188991817638,1233.0
min_enclosing_circle,1488,49.631304630611524,826.0439453125,550.5814208984375,21.571012496948242,3.73847142135292,1227.0
min_enclosing_circle,1489,49.66465900200306,824.5,546.5,21.50591278076172,3.727188991817638,1271.5
min_enclosing_circle,1490,49.6980133733946,823.0833129882812,541.9166870117188,21.517885208129883,3.7292639327860533,1267.5
min_enclosing_circle,1491,49.73136774478614,822.2904052734375,537.2006225585938,21.630456924438477,3.7487737330020545,1261.5
min_enclosing_circle,1492,49.76472211617768,820.5,532.5,21.50591278076172,3.727188991817638,1279.0
min_enclosing_circle,1493,49.798076487569226,820.0780029296875,528.3209838867188,21.553861618041992,3.7354990031295676,1272.0
min_enclosing_circle,1494,49.831430858960765,819.6656494140625,523.4754638671875,21.786155700683594,3.7757578824671914,1262.5
min_enclosing_circle,1495,49.864785230352304,818.7820434570312,518.7820434570312,21.325246810913086,3.695877778902358,1260.5
min_enclosing_circle,1496,49.89813960174384,818.25,514.75,21.613174438476562,3.7457785059644877,1261.5
min_enclosing_circle,1497,49.93149397313538,818.5,509.5,21.50591278076172,3.727188991817638,1257.0
min_enclosing_circle,1498,49.96484834452692,817.9166870117188,505.0833435058594,21.517845153808594,3.7292569909730315,1275.5
min_enclosing_circle,1499,49.99820271591847,817.50390625,499.9630432128906,21.32686996459961,3.696159087610996,1264.0
min_enclosing_circle,1500,50.031557087310006,817.73828125,494.8926086425781,21.545093536376953,3.7339794072028822,1265.5
min_enclosing_circle,1501,50.064911458701545,818.7941284179688,490.5,21.41884994506836,3.7121001348088347,1258.0
min_enclosing_circle,1502,50.098265830093084,819.2715454101562,486.09271240234375,21.56170654296875,3.7368586067942307,1249.0
min_enclosing_circle,1503,50.13162020148462,820.5,482.5,21.50591278076172,3.727188991817638,1246.0
min_enclosing_circle,1504,50.16497457287616,821.0731811523438,478.047607421875,21.557952880859375,3.7362080597453473,1241.0
min_enclosing_circle,1505,50.1983289442677,822.1699829101562,473.76123046875,21.644392013549805,3.7511888228085284,1253.5
min_enclosing_circle,1506,50.23168331565925,823.0436401367188,469.4530334472656,21.302793502807617,3.6919863968599524,1230.0
min_enclosing_circle,1507,50.265037687050786,824.0089721679688,464.5778503417969,21.585725784301758,3.7410213806695287,1258.5
min_enclosing_circle,1508,50.298392058442325,825.5,460.5,21.50591278076172,3.727188991817638,1263.5
min_enclosing_circle,1509,50.33174642983386,827.2715454101562,456.09271240234375,21.56170654296875,3.7368586067942307,1250.0
min_enclosing_circle,1510,50.3651008012254,829.0833129882812,451.9166564941406,21.517860412597656,3.7292596354732304,1222.5
min_enclosing_circle,1511,50.39845517261694,831.0,448.5,21.66227912902832,3.7542888381664694,1269.0
min_enclosing_circle,1512,50.43180954400848,832.727294921875,444.7272644042969,21.359848022460938,3.701874513665463,1253.5
min_enclosing_circle,1513,50.465163915400026,835.3092651367188,440.3814392089844,21.784278869628906,3.77543260894275,1265.5
min_enclosing_circle,1514,50.498518286791565,837.2391357421875,436.5,21.294172286987305,3.69049225424768,1240.5
min_enclosing_circle,1515,50.531872658183104,839.4618530273438,432.1810607910156,21.543052673339844,3.7336257053013044,1254.5
min_enclosing_circle,1516,50.56522702957464,843.126220703125,429.3179016113281,21.69509506225586,3.759976166406325,1246.5
min_enclosing_circle,1517,50.59858140096618,845.04052734375,425.04052734375,21.488067626953125,3.7240962488352443,1254.0
min_enclosing_circle,1518,50.63193577235772,848.1333618164062,422.1333312988281,21.272188186645508,3.686682190586385,1252.5
min_enclosing_circle,1519,50.66529014374926,849.9887084960938,418.7932434082031,21.388694763183594,3.7068739412911293,1254.0
min_enclosing_circle,1520,50.698644515140806,853.5,415.5,21.691110610961914,3.7592856212919363,1250.5
min_enclosing_circle,1521,50.731998886532345,855.9053955078125,412.4327697753906,21.6295108795166,3.748609773989734,1263.5
min_enclosing_circle,1522,50.765353257923884,859.5789184570312,408.84210205078125,21.535682678222656,3.7323484117053263,1254.0
min_enclosing_circle,1523,50.79870762931542,863.0946044921875,406.5672302246094,21.629549026489258,3.748616385240231,1274.0
min_enclosing_circle,1524,50.83206200070696,866.5,403.5,21.50591278076172,3.727188991817638,1233.0
min_enclosing_circle,1525,50.8654163720985,870.5,401.5,21.50591278076172,3.727188991817638,1235.5
min_enclosing_circle,1526,50.89877074349004,872.8709716796875,399.19354248046875,21.7023868560791,3.7612399069387847,1251.0
min_enclosing_circle,1527,50.932125114881586,876.5,396.95947265625,21.068410873413086,3.6513655515576295,1243.5
min_enclosing_circle,1528,50.965479486273125,880.5,393.5,21.50591278076172,3.727188991817638,1212.5
min_enclosing_circle,1529,50.998833857664664,884.5,391.5,21.50591278076172,3.727188991817638,1247.0
min_enclosing_circle,1530,51.0321882290562,888.4926147460938,389.36407470703125,21.39976692199707,3.70879285674782,1235.0
min_enclosing_circle,1531,51.06554260044774,892.5,387.6351318359375,21.396095275878906,3.7081565238875047,1218.0
min_enclosing_circle,1532,51.09889697183928,896.5,385.6351318359375,21.396089553833008,3.7081555321999304,1216.5
min_enclosing_circle,1533,51.13225134323082,900.6988525390625,384.1783752441406,21.261320114135742,3.684798645319852,1255.5
min_enclosing_circle,1534,51.165605714622366,904.0089721679688,382.5778503417969,21.585725784301758,3.7410213806695287,1245.5
min_enclosing_circle,1535,51.198960086013905,909.1438598632812,381.0483093261719,21.129440307617188,3.661942560664905,1235.5
min_enclosing_circle,1536,51.232314457405444,914.5,379.5,21.50591278076172,3.727188991817638,1207.5
min_enclosing_circle,1537,51.26566882879698,919.4618530273438,378.1810607910156,21.543052673339844,3.7336257053013044,1220.0
min_enclosing_circle,1538,51.29902320018852,923.5,377.5,20.94049072265625,3.6291957147042484,1211.5
min_enclosing_circle,1539,51.33237757158006,928.5,376.5,21.50591278076172,3.727188991817638,1222.0
min_enclosing_circle,1540,51.36573194297161,932.955078125,376.055419921875,21.331680297851562,3.69699276629864,1201.5
min_enclosing_circle,1541,51.399086314363146,936.6119384765625,375.6885986328125,21.287382125854492,3.689315451659253,1234.0
min_enclosing_circle,1542,51.432440685754685,941.78515625,375.0969543457031,21.43393898010254,3.7147152149428364,1250.0
min_enclosing_circle,1543,51.465795057146224,946.5,375.1341552734375,21.6080265045166,3.744886317709947,1239.0
min_enclosing_circle,1544,51.49914942853776,951.5,375.0384521484375,21.32769775390625,3.696302551746776,1221.5
min_enclosing_circle,1545,51.5325037999293,955.0897216796875,375.0897521972656,21.508987426757812,3.727721858607679,1250.0
min_enclosing_circle,1546,51.56585817132084,960.2774047851562,375.33746337890625,21.51055908203125,3.7279942421281462,1238.5
min_enclosing_circle,1547,51.59921254271239,964.5892944335938,376.41070556640625,21.393884658813477,3.7077734019212163,1227.0
min_enclosing_circle,1548,51.632566914103926,968.7756958007812,376.656494140625,21.274524688720703,3.6870871296793126,1236.0
min_enclosing_circle,1549,51.665921285495465,973.5,377.5,20.94049072265625,3.6291957147042484,1227.0
min_enclosing_circle,1550,51.699275656887,978.9447631835938,378.82208251953125,21.33970069885254,3.6983827817155883,1227.0
min_enclosing_circle,1551,51.73263002827854,983.2998046875,379.5240783691406,21.07111930847168,3.6518349503429013,1221.5
min_enclosing_circle,1552,51.76598439967008,987.9166870117188,381.0833435058594,21.517845153808594,3.7292569909730315,1261.5
min_enclosing_circle,1553,51.79933877106162,992.5,382.7682800292969,21.250333786010742,3.682894605176779,1245.5
min_enclosing_circle,1554,51.83269314245317,997.2857055664062,384.6326599121094,21.557632446289062,3.7361525252411742,1259.0
min_enclosing_circle,1555,51.866047513844705,1001.0036010742188,385.8597106933594,21.514812469482422,3.7287313965585374,1228.5
min_enclosing_circle,1556,51.899401885236244,1005.191162109375,388.05767822265625,21.57620620727539,3.739371543108057,1277.5
min_enclosing_circle,1557,51.93275625662778,1009.5,390.5,21.31910514831543,3.694813367572376,1257.0
min_enclosing_circle,1558,51.96611062801932,1013.76318359375,392.5526428222656,21.69034194946289,3.7591524045944262,1265.5
min_enclosing_circle,1559,51.99946499941086,1017.5,395.06756591796875,21.303199768066406,3.6920568066777433,1237.5
min_enclosing_circle,1560,52.0328193708024,1022.1290283203125,397.80645751953125,21.70240020751953,3.7612422208764587,1243.5
min_enclosing_circle,1561,52.066173742193946,1025.644287109375,400.6180419921875,21.31991195678711,3.694953195520383,1262.5
min_enclosing_circle,1562,52.099528113585485,1030.3292236328125,403.3780517578125,21.5069637298584,3.7273711317688245,1254.0
min_enclosing_circle,1563,52.132882484977024,1032.323974609375,405.9013977050781,21.7104434967041,3.762636203043705,1273.5
min_enclosing_circle,1564,52.16623685636856,1035.5380859375,408.8189392089844,21.543075561523438,3.7336296720516025,1242.5
min_enclosing_circle,1565,52.1995912277601,1039.5,412.18292236328125,21.531478881835938,3.731619851900581,1229.0
min_enclosing_circle,1566,52.23294559915164,1042.3355712890625,415.3082275390625,21.567848205566406,3.7379230181242122,1287.0
min_enclosing_circle,1567,52.26629997054318,1045.5380859375,418.8189392089844,21.543075561523438,3.7336296720516025,1276.0
min_enclosing_circle,1568,52.299654341934726,1048.5,421.9871826171875,21.71961784362793,3.764226208788181,1267.0
min_enclosing_circle,1569,52.333008713326265,1051.3734130859375,425.66455078125,21.894521713256836,3.794538792315923,1265.5
min_enclosing_circle,1570,52.366363084717804,1055.0914306640625,429.6990661621094,21.69585418701172,3.760107730291211,1258.0
min_enclosing_circle,1571,52.39971745610934,1057.0897216796875,433.0897521972656,21.508987426757812,3.727721858607679,1279.0
min_enclosing_circle,1572,52.43307182750088,1060.1885986328125,437.1645202636719,21.704626083374023,3.761627987342946,1273.5
min_enclosing_circle,1573,52.46642619889242,1062.5,441.5,21.50591278076172,3.727188991817638,1253.5
min_enclosing_circle,1574,52.49978057028396,1063.9085693359375,445.3009338378906,21.69590187072754,3.760115994354332,1251.0
min_enclosing_circle,1575,52.533134941675506,1065.9085693359375,449.3009338378906,21.69590187072754,3.760115994354332,1274.0
min_enclosing_circle,1576,52.566489313067045,1068.1202392578125,453.5365295410156,21.459972381591797,3.719227062844365,1267.5
min_enclosing_circle,1577,52.599843684458584,1069.0833740234375,457.9166564941406,21.517826080322266,3.7292536853477833,1260.0
min_enclosing_circle,1578,52.63319805585012,1070.2196044921875,461.4071350097656,21.595165252685547,3.7426573346049574,1276.0
min_enclosing_circle,1579,52.66655242724166,1072.14404296875,465.3263854980469,21.5750675201416,3.739174197280728,1268.5
min_enclosing_circle,1580,52.6999067986332,1073.233154296875,469.9179992675781,21.43636131286621,3.715135029349382,1242.5
min_enclosing_circle,1581,52.73326117002475,1074.5076904296875,474.0769348144531,21.64484214782715,3.751266835564391,1287.5
min_enclosing_circle,1582,52.766615541416286,1075.5789794921875,478.84210205078125,21.535667419433594,3.732345767205128,1269.0
min_enclosing_circle,1583,52.799969912807825,1076.5,483.1000061035156,21.574626922607422,3.73909783733749,1266.0
min_enclosing_circle,1584,52.833324284199364,1076.76708984375,487.17303466796875,21.73297119140625,3.7665404770245794,1260.0
min_enclosing_circle,1585,52.8666786555909,1077.728515625,490.90728759765625,21.56171417236328,3.73685992904433,1263.5
min_enclosing_circle,1586,52.90003302698244,1078.14404296875,495.3263854980469,21.5750675201416,3.739174197280728,1285.5
min_enclosing_circle,1587,52.93338739837398,1078.6739501953125,499.5,21.931007385253906,3.800862122853569,1277.5
min_enclosing_circle,1588,52.96674176976553,1078.009033203125,504.5778503417969,21.585693359375,3.7410157611066066,1269.5
min_enclosing_circle,1589,53.000096141157066,1077.728515625,508.90728759765625,21.56171417236328,3.73685992904433,1281.5
min_enclosing_circle,1590,53.033450512548605,1078.5198974609375,513.8721313476562,21.605972290039062,3.7445303018706952,1266.0
min_enclosing_circle,1591,53.066804883940144,1077.233154296875,517.9180297851562,21.43638801574707,3.71513965722473,1248.0
min_enclosing_circle,1592,53.10015925533168,1077.5,522.5,21.8289794921875,3.783179672274878,1270.0
min_enclosing_circle,1593,53.13351362672322,1076.0238037109375,526.5,21.654598236083984,3.7529576628789423,1259.0
min_enclosing_circle,1594,53.16686799811476,1075.9166259765625,531.0833129882812,21.51787757873535,3.7292626105359536,1294.0
min_enclosing_circle,1595,53.20022236950631,1075.348876953125,536.4447021484375,21.82956314086914,3.7832808244074787,1299.5
min_enclosing_circle,1596,53.233576740897846,1073.5,540.5,21.8289794921875,3.783179672274878,1288.0
min_enclosing_circle,1597,53.266931112289384,1072.14404296875,545.3263549804688,21.575042724609375,3.739169899967905,1270.0
min_enclosing_circle,1598,53.30028548368092,1070.41943359375,549.6207885742188,21.651029586791992,3.7523391803949684,1281.0
min_enclosing_circle,1599,53.33363985507246,1068.75,554.25,21.613174438476562,3.7457785059644877,1282.5
min_enclosing_circle,1600,53.366994226464,1067.5,558.5,21.8289794921875,3.783179672274878,1301.0
min_enclosing_circle,1601,53.40034859785554,1065.309326171875,562.3814697265625,21.784284591674805,3.7754336006303246,1290.5
min_enclosing_circle,1602,53.433702969247086,1063.35400390625,566.1698608398438,21.58187484741211,3.7403539749318786,1291.5
min_enclosing_circle,1603,53.467057340638625,1061.0068359375,570.3392944335938,21.512449264526367,3.728321829590262,1271.5
min_enclosing_circle,1604,53.500411712030164,1058.5,574.3717651367188,21.383764266967773,3.70601943716442,1273.0
min_enclosing_circle,1605,53.5337660834217,1056.1885986328125,577.83544921875,21.70461082458496,3.7616253428427475,1270.5
min_enclosing_circle,1606,53.56712045481324,1053.4210205078125,582.1578979492188,21.53569793701172,3.732351056205525,1266.5
min_enclosing_circle,1607,53.60047482620478,1050.3092041015625,585.0030517578125,21.80397605895996,3.778846328136763,1303.0
min_enclosing_circle,1608,53.63382919759632,1047.5789794921875,588.8421020507812,21.535667419433594,3.732345767205128,1278.5
min_enclosing_circle,1609,53.667183568987866,1044.5,591.9871826171875,21.71961784362793,3.764226208788181,1286.0
min_enclosing_circle,1610,53.700537940379405,1041.0908203125,595.4888916015625,21.863510131835938,3.7891641762245643,1282.5
min_enclosing_circle,1611,53.733892311770944,1037.690673828125,598.6185302734375,21.784278869628906,3.77543260894275,1278.0
min_enclosing_circle,1612,53.76724668316248,1034.5,602.5,21.50591278076172,3.727188991817638,1282.5
min_enclosing_circle,1613,53.80060105455402,1031.0833740234375,605.9166870117188,21.517850875854492,3.7292579826606063,1278.5
min_enclosing_circle,1614,53.83395542594556,1027.4073486328125,608.2177124023438,21.596492767333984,3.7428874061222452,1283.0
min_enclosing_circle,1615,53.8673097973371,1023.9166870117188,611.0833129882812,21.5178279876709,3.729254015910308,1258.5
min_enclosing_circle,1616,53.900664168728646,1019.7398071289062,613.6357421875,21.848438262939453,3.7865520711532863,1259.5
min_enclosing_circle,1617,53.934018540120185,1015.5,616.5,21.50591278076172,3.727188991817638,1282.0
min_enclosing_circle,1618,53.967372911511724,1011.6757202148438,618.8258056640625,21.46272087097168,3.719703403442658,1280.5
min_enclosing_circle,1619,54.00072728290326,1007.5,620.8170776367188,21.5314884185791,3.7316215047132055,1279.0
min_enclosing_circle,1620,54.0340816542948,1002.7781982421875,622.7444458007812,21.969079971313477,3.8074604814118813,1283.5
min_enclosing_circle,1621,54.06743602568634,999.4815673828125,624.8179931640625,21.53708839416504,3.7325920362861327,1283.5
min_enclosing_circle,1622,54.10079039707789,994.064208984375,626.52294921875,21.663354873657227,3.7544752754304787,1286.5
min_enclosing_circle,1623,54.134144768469426,990.8623046875,628.0941772460938,21.788236618041992,3.776118526181791,1299.5
min_enclosing_circle,1624,54.167499139860965,986.5573120117188,629.7681884765625,21.69178009033203,3.7594016487381547,1285.0
min_enclosing_circle,1625,54.200853511252504,981.9871826171875,630.5,21.71961212158203,3.7642252171006065,1290.5
min_enclosing_circle,1626,54.23420788264404,978.5,632.5,21.50591278076172,3.727188991817638,1269.0
min_enclosing_circle,1627,54.26756225403558,973.77587890625,633.22412109375,21.322650909423828,3.695427883306052,1251.0
min_enclosing_circle,1628,54.30091662542712,968.3571166992188,633.5,21.661928176879883,3.7542280146618987,1272.5
min_enclosing_circle,1629,54.33427099681867,963.7933349609375,634.3632202148438,21.824222564697266,3.7823552493379293,1305.5
min_enclosing_circle,1630,54.367625368210206,959.4071044921875,635.0531005859375,21.807783126831055,3.779506130936342,1304.0
min_enclosing_circle,1631,54.400979739601745,955.49609375,635.0369873046875,21.326894760131836,3.696163384923819,1271.5
min_enclosing_circle,1632,54.434334110993284,950.8301391601562,635.6460571289062,21.581907272338867,3.740359594494801,1274.5
min_enclosing_circle,1633,54.46768848238482,946.5166015625,635.64453125,21.398128509521484,3.7085089035389833,1264.5
min_enclosing_circle,1634,54.50104285377636,942.1202392578125,635.5365600585938,21.459999084472656,3.7192316907197127,1257.5
min_enclosing_circle,1635,54.5343972251679,937.1466674804688,634.7050170898438,21.516586303710938,3.7290388197066378,1275.5
min_enclosing_circle,1636,54.56775159655945,932.7000122070312,634.5,21.446308135986328,3.716858912916418,1275.0
min_enclosing_circle,1637,54.601105967950986,928.272705078125,634.272705078125,21.359874725341797,3.701879141540811,1287.5
min_enclosing_circle,1638,54.634460339342525,924.5,633.5,21.50591278076172,3.727188991817638,1274.0
min_enclosing_circle,1639,54.66781471073406,920.0652465820312,632.5,21.64128303527832,3.750650005893041,1293.0
min_enclosing_circle,1640,54.7011690821256,915.5,631.5,21.691110610961914,3.7592856212919363,1251.0
min_enclosing_circle,1641,54.73452345351714,911.0692138671875,630.2644653320312,21.76120948791504,3.7714344552048216,1293.0
min_enclosing_circle,1642,54.76787782490868,906.6841430664062,628.9332275390625,21.86536979675293,3.7894864746862824,1282.5
min_enclosing_circle,1643,54.80123219630023,903.1500244140625,627.8499755859375,21.42540168762207,3.713235617081657,1269.0
min_enclosing_circle,1644,54.834586567691765,899.3539428710938,626.1698608398438,21.581907272338867,3.740359594494801,1274.5
min_enclosing_circle,1645,54.867940939083304,895.2640380859375,624.359375,21.779659271240234,3.7746319865075897,1278.5
min_enclosing_circle,1646,54.90129531047484,891.9722290039062,623.1353149414062,21.505481719970703,3.727114284687025,1276.5
min_enclosing_circle,1647,54.93464968186638,888.2196044921875,621.4071655273438,21.59518814086914,3.7426613013552554,1280.0
min_enclosing_circle,1648,54.96800405325792,883.9166870117188,619.0833129882812,21.5178279876709,3.729254015910308,1272.0
min_enclosing_circle,1649,55.00135842464946,879.8875122070312,616.6689453125,21.726049423217773,3.7653408656219383,1298.0
min_enclosing_circle,1650,55.034712796041006,876.076904296875,614.5076904296875,21.64483642578125,3.751265843876816,1283.0
min_enclosing_circle,1651,55.068067167432545,872.4830322265625,611.9237060546875,21.54787826538086,3.734462028489147,1266.0
min_enclosing_circle,1652,55.101421538824084,868.7706909179688,609.693359375,21.50849151611328,3.7276359123512206,1281.5
min_enclosing_circle,1653,55.13477591021562,865.9166870117188,607.0833129882812,21.5178279876709,3.729254015910308,1273.0
min_enclosing_circle,1654,55.16813028160716,862.5,603.9871826171875,21.71961784362793,3.764226208788181,1272.5
min_enclosing_circle,1655,55.2014846529987,858.727294921875,600.727294921875,21.359874725341797,3.701879141540811,1284.5
min_enclosing_circle,1656,55.23483902439024,855.4024047851562,597.7638549804688,21.665096282958984,3.7547770790156565,1252.0
min_enclosing_circle,1657,55.268193395781786,852.1381225585938,594.2140502929688,21.347070693969727,3.6996600753115665,1262.5
min_enclosing_circle,1658,55.301547767173325,849.0067749023438,590.6607055664062,21.512502670288086,3.7283310853409573,1275.0
min_enclosing_circle,1659,55.334902138564864,845.5,587.0675659179688,21.303199768066406,3.6920568066777433,1233.0
min_enclosing_circle,1660,55.3682565099564,842.895751953125,583.5392456054688,21.469099044799805,3.7208088045257197,1255.5
min_enclosing_circle,1661,55.40161088134794,840.5,580.5,21.272146224975586,3.6866749182108385,1263.5
min_enclosing_circle,1662,55.43496525273948,837.8456420898438,576.7315673828125,21.36280632019043,3.7023872161414886,1247.0
min_enclosing_circle,1663,55.46831962413103,835.84375,573.03125,21.521028518676758,3.7298086998269877,1255.0
min_enclosing_circle,1664,55.501673995522566,833.5,569.5,21.691110610961914,3.7592856212919363,1238.0
min_enclosing_circle,1665,55.535028366914105,831.6463623046875,565.0755004882812,21.375972747802734,3.704669089250453,1228.0
min_enclosing_circle,1666,55.568382738305644,829.9833374023438,561.0166625976562,21.236865997314453,3.6805605031888904,1237.0
min_enclosing_circle,1667,55.60173710969718,826.7756958007812,556.656494140625,21.274524688720703,3.6870871296793126,1235.5
min_enclosing_circle,1668,55.63509148108872,825.0263061523438,552.131591796875,21.34236717224121,3.6988449081253134,1234.5
min_enclosing_circle,1669,55.66844585248026,824.4556884765625,548.66064453125,21.15460205078125,3.666303341492582,1245.0
min_enclosing_circle,1670,55.70180022387181,822.4736938476562,544.4736938476562,21.28207015991211,3.688394835027576,1209.0
min_enclosing_circle,1671,55.735154595263346,821.5,539.5,20.94049072265625,3.6291957147042484,1199.5
min_enclosing_circle,1672,55.768508966654885,820.0013427734375,534.5543212890625,21.04791831970215,3.6478139877907587,1217.0
min_enclosing_circle,1673,55.801863338046424,819.5,530.5,21.31910514831543,3.694813367572376,1234.5
min_enclosing_circle,1674,55.83521770943796,818.4926147460938,525.3640747070312,21.39976692199707,3.70879285674782,1219.5
min_enclosing_circle,1675,55.8685720808295,817.8499145507812,520.891845703125,21.243738174438477,3.6817515199658857,1248.5
min_enclosing_circle,1676,55.90192645222104,817.279541015625,516.4408569335938,21.226316452026367,3.6787321618640054,1233.5
min_enclosing_circle,1677,55.93528082361259,815.77587890625,511.2241516113281,21.32267951965332,3.6954328417439246,1228.0
min_enclosing_circle,1678,55.968635195004126,816.4304809570312,506.92376708984375,21.0810489654541,3.6535558588472132,1217.5
min_enclosing_circle,1679,56.001989566395665,816.7069091796875,502.2930908203125,20.99021339416504,3.637813149164278,1191.0
min_enclosing_circle,1680,56.035343937787204,817.4736938476562,497.0526428222656,21.30159568786621,3.6917788035943535,1208.5
min_enclosing_circle,1681,56.06869830917874,817.4736938476562,493.0526428222656,21.30159568786621,3.6917788035943535,1227.5
min_enclosing_circle,1682,56.10205268057028,817.5,488.5,21.31910514831543,3.694813367572376,1242.0
min_enclosing_circle,1683,56.13540705196182,818.25,484.75,21.18086814880371,3.6708555180221407,1214.0
min_enclosing_circle,1684,56.16876142335337,818.272705078125,480.2727355957031,21.359880447387695,3.7018801332283857,1244.0
min_enclosing_circle,1685,56.202115794744905,820.0925903320312,475.5,21.438194274902344,3.7154526999357524,1224.0
min_enclosing_circle,1686,56.235470166136444,821.5,471.06756591796875,21.303199768066406,3.6920568066777433,1220.5
min_enclosing_circle,1687,56.26882453752798,822.0499877929688,466.95001220703125,21.330963134765625,3.6968684747893006,1198.5
min_enclosing_circle,1688,56.30217890891952,823.9531860351562,462.87078857421875,21.327144622802734,3.6962066886145726,1233.5
min_enclosing_circle,1689,56.33553328031106,824.7777099609375,458.6395568847656,21.29008674621582,3.6897841893194747,1248.5
min_enclosing_circle,1690,56.3688876517026,826.727294921875,454.7272644042969,21.359848022460938,3.701874513665463,1239.5
min_enclosing_circle,1691,56.402242023094146,828.5,450.5,21.50591278076172,3.727188991817638,1228.5
min_enclosing_circle,1692,56.435596394485685,831.2232666015625,447.1415100097656,21.493864059448242,3.72510082834823,1219.0
min_enclosing_circle,1693,56.468950765877224,832.055419921875,442.955078125,21.33169174194336,3.696994749673789,1220.5
min_enclosing_circle,1694,56.50230513726876,835.1110229492188,438.6381530761719,21.462005615234375,3.719579442495843,1240.5
min_enclosing_circle,1695,56.5356595086603,836.7974243164062,434.6688232421875,21.2749080657959,3.6871535727468054,1207.0
min_enclosing_circle,1696,56.56901388005184,840.1909790039062,430.9032897949219,21.208404541015625,3.675627849193242,1214.0
min_enclosing_circle,1697,56.60236825144338,842.655029296875,427.107421875,20.976362228393555,3.6354126041088968,1208.0
min_enclosing_circle,1698,56.635722622834926,845.086181640625,423.9137878417969,21.13875961303711,3.6635576891612684,1216.5
min_enclosing_circle,1699,56.669076994226465,847.5,421.5,20.94049072265625,3.6291957147042484,1235.0
min_enclosing_circle,1700,56.702431365618004,850.724609375,417.6604309082031,21.507678985595703,3.7274950927156394,1216.0
min_enclosing_circle,1701,56.73578573700954,853.5,414.5,21.31910514831543,3.694813367572376,1236.5
min_enclosing_circle,1702,56.76914010840108,856.8366088867188,412.3910827636719,21.034757614135742,3.6455331063693692,1208.5
min_enclosing_circle,1703,56.80249447979262,860.638916015625,408.9139709472656,20.843700408935547,3.6124209888187657,1207.5
min_enclosing_circle,1704,56.83584885118417,864.2025756835938,406.3311767578125,21.274883270263672,3.6871492754339825,1236.5
min_enclosing_circle,1705,56.869203222575706,867.0897216796875,403.0897521972656,21.508987426757812,3.727721858607679,1229.0
min_enclosing_circle,1706,56.902557593967245,870.313720703125,401.5294189453125,21.3741397857666,3.7043514186640825,1234.5
min_enclosing_circle,1707,56.935911965358784,872.7756958007812,398.656494140625,21.274524688720703,3.6870871296793126,1196.5
min_enclosing_circle,1708,56.96926633675032,877.9561767578125,396.33575439453125,21.03965187072754,3.6463813298081065,1213.0
min_enclosing_circle,1709,57.00262070814186,881.5,393.5,20.94049072265625,3.6291957147042484,1192.0
min_enclosing_circle,1710,57.0359750795334,885.1500244140625,391.8500061035156,21.425426483154297,3.71323991439448,1218.5
min_enclosing_circle,1711,57.06932945092495,889.9125366210938,389.91473388671875,21.138423919677734,3.663499510156897,1185.5
min_enclosing_circle,1712,57.102683822316486,893.4210815429688,388.15789794921875,21.53566551208496,3.732345436642603,1243.0
min_enclosing_circle,1713,57.136038193708025,897.6907348632812,386.6185607910156,21.78427505493164,3.7754319478177,1249.0
min_enclosing_circle,1714,57.169392565099564,901.5,385.5,20.94049072265625,3.6291957147042484,1181.5
min_enclosing_circle,1715,57.2027469364911,905.81787109375,382.9776916503906,21.494529724121094,3.725216194669399,1210.5
min_enclosing_circle,1716,57.23610130788264,910.9910278320312,382.4221496582031,21.585702896118164,3.7410174139192307,1212.5
min_enclosing_circle,1717,57.26945567927418,915.8754272460938,380.8071594238281,21.324617385864258,3.695768693269161,1206.0
min_enclosing_circle,1718,57.30281005066573,920.1011962890625,380.19793701171875,21.343721389770508,3.699079607517949,1197.5
min_enclosing_circle,1719,57.336164422057266,924.8846435546875,378.8846130371094,21.423194885253906,3.712853156240418,1215.5
min_enclosing_circle,1720,57.369518793448805,929.1110229492188,378.6381530761719,21.462005615234375,3.719579442495843,1234.5
min_enclosing_circle,1721,57.402873164840344,933.06884765625,377.9580078125,21.476255416870117,3.7220490751189157,1201.5
min_enclosing_circle,1722,57.43622753623188,938.5,377.5,21.50591278076172,3.727188991817638,1193.5
min_enclosing_circle,1723,57.46958190762342,942.447021484375,377.3213806152344,21.391860961914062,3.7074226750823622,1224.0
min_enclosing_circle,1724,57.50293627901496,947.0556640625,376.9173889160156,21.2861270904541,3.689097941517909,1223.0
min_enclosing_circle,1725,57.53629065040651,952.4058227539062,377.45892333984375,21.272371292114258,3.6867139245887697,1218.5
min_enclosing_circle,1726,57.569645021798046,956.5,378.06097412109375,21.08783721923828,3.6547323308731157,1224.5
min_enclosing_circle,1727,57.602999393189585,961.2715454101562,378.09271240234375,21.56170654296875,3.7368586067942307,1231.0
min_enclosing_circle,1728,57.63635376458112,965.3947143554688,378.5,21.252609252929688,3.683288966268912,1207.0
min_enclosing_circle,1729,57.66970813597266,970.455322265625,379.48052978515625,21.272207260131836,3.6866854962116333,1182.5
min_enclosing_circle,1730,57.7030625073642,973.9241333007812,380.3861999511719,21.22963523864746,3.6793073406572256,1235.5
min_enclosing_circle,1731,57.73641687875574,979.7096557617188,381.5806579589844,20.893909454345703,3.621122716722629,1230.5
min_enclosing_circle,1732,57.769771250147286,983.8754272460938,382.8071594238281,21.324617385864258,3.695768693269161,1193.5
min_enclosing_circle,1733,57.803125621538825,988.9909057617188,383.91375732421875,21.464099884033203,3.7199424001481165,1242.0
min_enclosing_circle,1734,57.836479992930364,993.46044921875,386.1025695800781,21.470035552978516,3.7209711107254155,1218.5
min_enclosing_circle,1735,57.8698343643219,997.9739379882812,387.3365783691406,21.339570999145508,3.6983603034638994,1205.5
min_enclosing_circle,1736,57.90318873571344,1001.5,389.3108215332031,21.09886360168457,3.65664331282921,1203.0
min_enclosing_circle,1737,57.93654310710498,1005.8585815429688,391.5657958984375,21.08507537841797,3.6542536763371487,1231.0
min_enclosing_circle,1738,57.96989747849652,1010.868408203125,393.97369384765625,21.34236717224121,3.6988449081253134,1213.0
min_enclosing_circle,1739,58.003251849888066,1014.7756958007812,396.343505859375,21.27450180053711,3.6870831629290146,1215.0
min_enclosing_circle,1740,58.036606221279605,1018.3692626953125,398.9382629394531,21.12923240661621,3.6619065293496975,1233.0
min_enclosing_circle,1741,58.069960592671144,1022.313720703125,401.4705810546875,21.374141693115234,3.7043517492266074,1228.0
min_enclosing_circle,1742,58.10331496406268,1026.2288818359375,404.304443359375,21.23849868774414,3.680843464710153,1231.0
min_enclosing_circle,1743,58.13666933545422,1029.9482421875,407.0517272949219,21.47356605529785,3.7215829819588926,1234.0
min_enclosing_circle,1744,58.17002370684576,1032.184326171875,409.2640075683594,21.185426712036133,3.671645562456506,1221.5
min_enclosing_circle,1745,58.20337807823731,1036.13818359375,412.21405029296875,21.3470516204834,3.699656769686318,1217.5
min_enclosing_circle,1746,58.236732449628846,1039.8714599609375,416.14324951171875,21.28441047668457,3.6888004352455535,1203.5
min_enclosing_circle,1747,58.270086821020385,1043.22412109375,419.7758483886719,21.32267189025879,3.695431519493825,1227.0
min_enclosing_circle,1748,58.303441192411924,1045.8753662109375,422.8071594238281,21.32465362548828,3.695774973957133,1218.5
min_enclosing_circle,1749,58.33679556380346,1048.86181640625,426.78594970703125,21.347105026245117,3.6996660254370135,1236.5
min_enclosing_circle,1750,58.370149935195,1051.5650634765625,430.35675048828125,21.389238357543945,3.7069681516107083,1230.0
min_enclosing_circle,1751,58.40350430658654,1054.261962890625,433.5,21.368377685546875,3.7033527892765434,1231.0
min_enclosing_circle,1752,58.43685867797809,1056.715087890625,437.2579345703125,21.580181121826172,3.7400604354098217,1267.0
min_enclosing_circle,1753,58.470213049369626,1058.8798828125,441.2789611816406,21.32742691040039,3.696255611868249,1215.0
min_enclosing_circle,1754,58.503567420761165,1061.5,445.06756591796875,21.303199768066406,3.6920568066777433,1234.5
min_enclosing_circle,1755,58.536921792152704,1063.5,449.73077392578125,21.483884811401367,3.723371325218272,1269.0
min_enclosing_circle,1756,58.57027616354424,1065.7899169921875,454.0622863769531,21.31865119934082,3.6947346936914642,1236.5
min_enclosing_circle,1757,58.60363053493578,1067.4801025390625,458.1892395019531,21.530460357666016,3.731443331512317,1260.0
min_enclosing_circle,1758,58.63698490632732,1068.7332763671875,461.6666564941406,21.507848739624023,3.72752451278035,1227.0
min_enclosing_circle,1759,58.67033927771887,1070.5,465.5,21.50591278076172,3.727188991817638,1246.5
min_enclosing_circle,1760,58.703693649110406,1070.9908447265625,469.91375732421875,21.464122772216797,3.7199463668984145,1236.5
min_enclosing_circle,1761,58.737048020501945,1073.2930908203125,474.637939453125,21.557008743286133,3.736044431295552,1257.5
min_enclosing_circle,1762,58.770402391893484,1073.5,478.5,21.50591278076172,3.727188991817638,1276.0
min_enclosing_circle,1763,58.80375676328502,1074.064208984375,482.52294921875,21.663354873657227,3.7544752754304787,1225.0
min_enclosing_circle,1764,58.83711113467656,1075.0,486.9756164550781,21.563400268554688,3.7371521463162876,1243.0
min_enclosing_circle,1765,58.8704655060681,1075.690673828125,490.6185607910156,21.784305572509766,3.7754372368180977,1254.0
min_enclosing_circle,1766,58.90381987745965,1076.0238037109375,494.5,21.654598236083984,3.7529576628789423,1260.5
min_enclosing_circle,1767,58.937174248851186,1075.5494384765625,498.53070068359375,21.783170700073242,3.7752405521158185,1223.5
min_enclosing_circle,1768,58.970528620242725,1076.5,503.9871826171875,21.71961784362793,3.764226208788181,1275.5
min_enclosing_circle,1769,59.00388299163426,1076.5,508.5,21.50591278076172,3.727188991817638,1264.0
min_enclosing_circle,1770,59.0372373630258,1075.78759765625,512.614501953125,21.839889526367188,3.7850704899169574,1303.0
min_enclosing_circle,1771,59.07059173441734,1077.052978515625,518.33642578125,21.83414077758789,3.7840741744670927,1261.0
min_enclosing_circle,1772,59.10394610580888,1075.8599853515625,521.9000244140625,21.89874839782715,3.795271318870966,1270.5
min_enclosing_circle,1773,59.13730047720043,1075.5,526.5,21.8289794921875,3.783179672274878,1253.0
min_enclosing_circle,1774,59.170654848591965,1073.6597900390625,530.2335815429688,21.523958206176758,3.730316443865141,1263.0
min_enclosing_circle,1775,59.204009219983504,1072.5,535.1216430664062,21.814939498901367,3.780746401529538,1277.0
min_enclosing_circle,1776,59.23736359137504,1071.873779296875,539.68212890625,21.69512367248535,3.759981124844198,1255.5
min_enclosing_circle,1777,59.27071796276658,1070.72216796875,544.5,21.439809799194336,3.715732686394291,1241.5
min_enclosing_circle,1778,59.30407233415812,1068.75927734375,548.7963256835938,22.020889282226562,3.816439551274085,1239.0
min_enclosing_circle,1779,59.33742670554967,1066.7462158203125,552.9559326171875,21.86927604675293,3.790163466737153,1285.5
min_enclosing_circle,1780,59.370781076941206,1065.1400146484375,557.0999755859375,21.898693084716797,3.7952617325577456,1257.5
min_enclosing_circle,1781,59.404135448332745,1064.0091552734375,561.0862426757812,21.464061737060547,3.7199357888976197,1263.5
min_enclosing_circle,1782,59.437489819724284,1062.5,565.8783569335938,21.814903259277344,3.780740120841566,1294.0
min_enclosing_circle,1783,59.47084419111582,1059.5,569.5,21.691110610961914,3.7592856212919363,1238.0
min_enclosing_circle,1784,59.50419856250736,1057.50390625,573.9630126953125,21.32684326171875,3.696154459735648,1260.5
min_enclosing_circle,1785,59.5375529338989,1054.5289306640625,576.9492797851562,21.650007247924805,3.752161998881655,1239.0
min_enclosing_circle,1786,59.57090730529045,1052.2408447265625,580.99951171875,21.834495544433594,3.784135659096713,1296.5
min_enclosing_circle,1787,59.604261676681986,1049.5526123046875,584.5,21.810958862304688,3.780056517540199,1269.5
min_enclosing_circle,1788,59.637616048073525,1047.052978515625,588.33642578125,21.83414077758789,3.7840741744670927,1284.5
min_enclosing_circle,1789,59.670970419465064,1044.104248046875,591.4607543945312,21.46910858154297,3.720810457338344,1256.0
min_enclosing_circle,1790,59.7043247908566,1040.2828369140625,594.739990234375,21.64236831665039,3.7508380959696743,1249.5
min_enclosing_circle,1791,59.73767916224814,1037.326416015625,598.14404296875,21.575057983398438,3.739172544468104,1252.0
min_enclosing_circle,1792,59.77103353363968,1034.2796630859375,602.0675048828125,21.2994384765625,3.6914049373787607,1247.5
min_enclosing_circle,1793,59.80438790503123,1031.0538330078125,604.86962890625,21.33057403564453,3.6968010400342335,1254.5
min_enclosing_circle,1794,59.837742276422766,1026.8614501953125,607.3463134765625,21.842031478881836,3.7854417116323518,1270.5
min_enclosing_circle,1795,59.871096647814305,1023.5,610.5,21.8289794921875,3.783179672274878,1266.0
min_enclosing_circle,1796,59.904451019205844,1019.241943359375,612.5,21.920452117919922,3.79903278984111,1286.0
min_enclosing_circle,1797,59.93780539059738,1015.0833129882812,615.9166870117188,21.517885208129883,3.7292639327860533,1281.5
min_enclosing_circle,1798,59.97115976198892,1010.8833618164062,618.1166381835938,21.79517936706543,3.777321773772205,1291.5
min_enclosing_circle,1799,60.00451413338046,1007.0340576171875,620.359130859375,21.80659294128418,3.779299859920842,1286.5
min_enclosing_circle,1800,60.03786850477201,1002.770263671875,622.5,21.763700485229492,3.7718661698622613,1283.0
min_enclosing_circle,1801,60.071222876163546,998.9545288085938,624.5,21.668630599975586,3.7553896113741834,1261.5
min_enclosing_circle,1802,60.104577247555085,995.052978515625,626.33642578125,21.83414077758789,3.7840741744670927,1253.0
min_enclosing_circle,1803,60.137931618946624,991.0036010742188,627.8597412109375,21.51483726501465,3.7287356938713603,1254.0
min_enclosing_circle,1804,60.17128599033816,986.47705078125,628.935791015625,21.663354873657227,3.7544752754304787,1257.5
min_enclosing_circle,1805,60.2046403617297,981.7998657226562,630.3902587890625,21.831329345703125,3.78358692530548,1289.0
min_enclosing_circle,1806,60.23799473312124,977.5,631.5,21.691110610961914,3.7592856212919363,1254.0
min_enclosing_circle,1807,60.27134910451279,973.5,632.7973022460938,21.550025939941406,3.7348342418921163,1266.5
min_enclosing_circle,1808,60.304703475904326,968.7377319335938,633.3950805664062,21.569677352905273,3.7382400275855328,1293.5
min_enclosing_circle,1809,60.338057847295865,964.5,634.5,21.50591278076172,3.727188991817638,1287.5
min_enclosing_circle,1810,60.371412218687404,959.5,634.2026977539062,21.550018310546875,3.7348329196420167,1284.0
min_enclosing_circle,1811,60.40476659007894,955.5526123046875,634.5,21.810958862304688,3.780056517540199,1269.0
min_enclosing_circle,1812,60.43812096147048,951.0966186523438,634.9629516601562,21.57373046875,3.738942472950816,1273.0
min_enclosing_circle,1813,60.47147533286202,946.814208984375,634.9266357421875,21.34125518798828,3.6986521901733322,1269.0
min_enclosing_circle,1814,60.50482970425357,942.91552734375,635.2152709960938,21.700864791870117,3.7609761180439634,1270.5
min_enclosing_circle,1815,60.538184075645106,937.5381469726562,634.8189086914062,21.543014526367188,3.7336190940508076,1277.5
min_enclosing_circle,1816,60.571538447036644,932.7835693359375,634.291015625,21.6219425201416,3.7472981018911726,1285.0
min_enclosing_circle,1817,60.60489281842818,928.640869140625,633.9659423828125,21.80659294128418,3.779299859920842,1255.5
min_enclosing_circle,1818,60.63824718981972,923.7138671875,632.6329345703125,21.78456687927246,3.775482523884001,1299.0
min_enclosing_circle,1819,60.67160156121126,920.935791015625,632.47705078125,21.663320541381836,3.754469325305031,1308.5
min_enclosing_circle,1820,60.70495593260281,915.9091796875,631.5111083984375,21.86350440979004,3.78916318453699,1288.5
min_enclosing_circle,1821,60.738310303994346,911.3539428710938,630.1698608398438,21.581907272338867,3.740359594494801,1281.5
min_enclosing_circle,1822,60.771664675385885,907.0689697265625,629.47412109375,21.31597900390625,3.694271575594165,1267.0
min_enclosing_circle,1823,60.805019046777424,902.8614501953125,627.3463134765625,21.842031478881836,3.7854417116323518,1270.0
min_enclosing_circle,1824,60.83837341816896,899.4074096679688,626.2177124023438,21.596471786499023,3.742883769934472,1278.5
min_enclosing_circle,1825,60.8717277895605,895.6480712890625,624.8242797851562,21.576744079589844,3.7394647617400616,1262.0
min_enclosing_circle,1826,60.90508216095204,892.1967163085938,623.3453369140625,21.458160400390625,3.7189130284457677,1256.5
min_enclosing_circle,1827,60.93843653234359,888.5,621.5,21.50591278076172,3.727188991817638,1242.5
min_enclosing_circle,1828,60.971790903735126,883.81787109375,618.9777221679688,21.494552612304688,3.725220161419697,1231.0
min_enclosing_circle,1829,61.005145275126665,880.0089721679688,616.5778198242188,21.585697174072266,3.741016422231656,1260.0
min_enclosing_circle,1830,61.038499646518204,876.6552734375,614.763671875,21.279190063476562,3.6878956856150693,1274.0
min_enclosing_circle,1831,61.07185401790974,872.5,611.9444580078125,21.55179786682129,3.735141334477692,1265.5
min_enclosing_circle,1832,61.10520838930128,869.0833129882812,609.9166870117188,21.517885208129883,3.7292639327860533,1254.0
min_enclosing_circle,1833,61.13856276069282,865.5,607.5,20.94049072265625,3.6291957147042484,1219.0
min_enclosing_circle,1834,61.17191713208437,862.5,604.471435546875,21.29700469970703,3.690983139597066,1266.5
min_enclosing_circle,1835,61.205271503475906,858.6299438476562,601.002685546875,21.678436279296875,3.7570890333143807,1265.0
min_enclosing_circle,1836,61.238625874867445,855.8533325195312,598.2949829101562,21.516632080078125,3.7290467532072338,1248.5
min_enclosing_circle,1837,61.271980246258984,851.4618530273438,594.1810913085938,21.54308319091797,3.733630994301702,1269.5
min_enclosing_circle,1838,61.30533461765052,848.5,590.5,21.50591278076172,3.727188991817638,1230.5
min_enclosing_circle,1839,61.33868898904206,845.9166870117188,587.0833129882812,21.5178279876709,3.729254015910308,1236.0
min_enclosing_circle,1840,61.3720433604336,842.5,583.5,21.50591278076172,3.727188991817638,1235.0
min_enclosing_circle,1841,61.40539773182515,840.5,580.5,21.50591278076172,3.727188991817638,1238.0
min_enclosing_circle,1842,61.438752103216686,838.5,576.5,21.50591278076172,3.727188991817638,1239.5
min_enclosing_circle,1843,61.472106474608225,835.3358154296875,572.9925537109375,21.310039520263672,3.693242203891816,1232.5
min_enclosing_circle,1844,61.505460845999764,834.4547729492188,569.113037109375,20.93640899658203,3.628488310901093,1203.5
min_enclosing_circle,1845,61.5388152173913,831.5,565.0675659179688,21.303199768066406,3.6920568066777433,1201.0
min_enclosing_circle,1846,61.57216958878284,829.5789184570312,560.8421020507812,21.535682678222656,3.7323484117053263,1239.5
min_enclosing_circle,1847,61.60552396017438,826.5,556.5,21.50591278076172,3.727188991817638,1260.5
min_enclosing_circle,1848,61.63887833156593,825.5848999023438,552.24169921875,21.065656661987305,3.650888219271762,1214.5
min_enclosing_circle,1849,61.672232702957466,823.5,547.5,20.94049072265625,3.6291957147042484,1205.0
min_enclosing_circle,1850,61.705587074349005,821.9515991210938,543.9515991210938,20.82048988342285,3.608398373453999,1220.0
min_enclosing_circle,1851,61.738941445740544,820.6760864257812,539.0985717773438,21.710433959960938,3.762634550231081,1202.5
min_enclosing_circle,1852,61.77229581713208,819.7808227539062,534.986328125,21.524085998535156,3.730338591554305,1241.5
min_enclosing_circle,1853,61.80565018852362,818.2619018554688,529.5,21.3684024810791,3.7033570865893664,1199.0
min_enclosing_circle,1854,61.83900455991516,817.5,524.8170776367188,21.5314884185791,3.7316215047132055,1236.5
min_enclosing_circle,1855,61.87235893130671,817.9939575195312,521.1385498046875,21.51490020751953,3.72874660243468,1224.0
min_enclosing_circle,1856,61.905713302698246,816.9500122070312,516.0499877929688,21.330928802490234,3.6968625246638536,1229.0
min_enclosing_circle,1857,61.939067674089785,816.5166015625,511.6445617675781,21.398157119750977,3.7085138619768556,1217.5
min_enclosing_circle,1858,61.97242204548132,816.5576782226562,506.98907470703125,21.058115005493164,3.6495811750485485,1200.5
min_enclosing_circle,1859,62.00577641687286,816.7069091796875,502.2930908203125,20.99021339416504,3.637813149164278,1194.5
min_enclosing_circle,1860,62.0391307882644,816.5,496.5,21.50591278076172,3.727188991817638,1234.5
min_enclosing_circle,1861,62.07248515965595,817.163330078125,492.89697265625,21.001567840576172,3.6397809878746448,1195.5
min_enclosing_circle,1862,62.105839531047486,816.9500122070312,488.04998779296875,21.330928802490234,3.6968625246638536,1184.0
min_enclosing_circle,1863,62.139193902439025,817.5555419921875,483.5555419921875,20.924705505371094,3.6264599792486805,1212.5
min_enclosing_circle,1864,62.172548273830564,818.7760620117188,479.8987731933594,21.02096176147461,3.6431421476272083,1179.0
min_enclosing_circle,1865,62.2059026452221,819.4736938476562,475.0526428222656,21.30159568786621,3.6917788035943535,1220.5
min_enclosing_circle,1866,62.23925701661364,820.7756958007812,470.656494140625,21.274524688720703,3.6870871296793126,1229.5
min_enclosing_circle,1867,62.27261138800518,821.4210815429688,466.15789794921875,21.53567123413086,3.7323464283301773,1229.5
min_enclosing_circle,1868,62.30596575939673,823.5067138671875,461.9362487792969,21.30278968811035,3.6919857357349026,1228.0
min_enclosing_circle,1869,62.339320130788266,825.5,457.5,21.691110610961914,3.7592856212919363,1200.5
min_enclosing_circle,1870,62.372674502179805,827.22412109375,453.7758483886719,21.32267189025879,3.695431519493825,1203.5
min_enclosing_circle,1871,62.406028873571344,828.2619018554688,449.5,21.3684024810791,3.7033570865893664,1206.5
min_enclosing_circle,1872,62.43938324496288,829.9705810546875,445.9117736816406,21.116241455078125,3.6596550679930187,1208.0
min_enclosing_circle,1873,62.47273761635442,832.2239379882812,441.8987731933594,21.020950317382812,3.6431401642520593,1200.0
min_enclosing_circle,1874,62.50609198774596,834.5,437.5,21.50591278076172,3.727188991817638,1177.0
min_enclosing_circle,1875,62.53944635913751,837.1012573242188,434.1914978027344,21.31133270263672,3.693466325283657,1174.5
min_enclosing_circle,1876,62.572800730529046,838.9451904296875,430.2691650390625,21.15428924560547,3.6662491292385084,1213.5
min_enclosing_circle,1877,62.606155101920585,841.87353515625,426.0987243652344,21.32485580444336,3.695810013584766,1227.5
min_enclosing_circle,1878,62.639509473312124,844.5,422.5,21.50591278076172,3.727188991817638,1238.5
min_enclosing_circle,1879,62.67286384470366,847.7749633789062,420.29742431640625,21.103105545043945,3.657378483884452,1195.5
min_enclosing_circle,1880,62.7062182160952,850.5,416.95947265625,21.068410873413086,3.6513655515576295,1199.0
min_enclosing_circle,1881,62.73957258748674,853.5,413.5,20.94049072265625,3.6291957147042484,1219.5
min_enclosing_circle,1882,62.77292695887829,857.2100219726562,410.9377136230469,21.31865119934082,3.6947346936914642,1216.0
min_enclosing_circle,1883,62.806281330269826,860.3084716796875,407.88873291015625,21.714242935180664,3.7632946835931844,1223.5
min_enclosing_circle,1884,62.839635701661365,863.7284545898438,404.90728759765625,21.561729431152344,3.7368625735445287,1234.0
min_enclosing_circle,1885,62.872990073052904,866.7756958007812,402.343505859375,21.27450180053711,3.6870831629290146,1206.5
