frame,video_time_s,tracking_time_s,x_px,y_px,x_measured_mm,y_measured_mm,dot_diameter_mm,dot_circularity
195,6.497210924646265,-0.002789075353734738,1164.640319071791,342.57916364515347,67.20477294921875,-30.147708892822266,7.549098518056046,0.8387222327500583
196,6.530529955029067,0.03052995502906697,1164.2545649838883,343.16803914548274,67.1365737915039,-30.255104064941406,7.596847877864805,0.8328960934078135
197,6.563848985411868,0.06384898541186779,1156.3927602877018,341.77962504421646,65.72476959228516,-30.023361206054688,7.6429473243155295,0.829589529469741
198,6.5971680157946695,0.0971680157946695,1154.0103056147832,341.47050461975834,65.2970962524414,-29.973304748535156,7.6253539738087435,0.8324262155616314
199,6.630487046177471,0.1304870461774712,1151.3909230951533,341.0110202630643,64.8266830444336,-29.896650314331055,7.623998957543259,0.8033700053890984
200,6.663806076560272,0.16380607656027202,1149.7363166125344,340.62684951281125,64.52938079833984,-29.831247329711914,7.566869168400964,0.839837832604157
201,6.697125106943074,0.19712510694307372,1147.36470729655,339.9710301718956,64.10304260253906,-29.718482971191406,7.56959941174018,0.8230360039339826
202,6.730444137325875,0.23044413732587543,1148.9569583931134,341.72381635581064,64.3914794921875,-30.031475067138672,7.590044932220003,0.83815634901954
203,6.763763167708676,0.26376316770867625,1151.721240533718,343.57927635533116,64.89021301269531,-30.36013412475586,7.56959941174018,0.8364523104328505
204,6.797082198091478,0.29708219809147796,1150.3439703597464,342.8930321501135,64.64214324951172,-30.239450454711914,7.591406009059102,0.8317032624938618
205,6.830401228474279,0.3304012284742788,1145.9028713222262,342.02174169916105,63.84439468383789,-30.092809677124023,7.634832354066551,0.8412459316942218
206,6.8637202588570805,0.3637202588570805,1143.0676015821648,341.0381157856886,63.33436584472656,-29.921924591064453,7.580510551690959,0.8069279828592605
207,6.897039289239882,0.3970392892398822,1142.6684908184359,341.3644655235316,63.26335144042969,-29.981904983520508,7.525796660413736,0.8363737432461225
208,6.930358319622683,0.430358319622683,1140.4002385211686,341.14645199761475,62.856285095214844,-29.948041915893555,7.5995673509706565,0.810990190363138
209,6.963677350005485,0.4636773500054847,1138.3544089147285,340.70082364341084,62.488677978515625,-29.87248420715332,7.540882554963675,0.8102655802923384
210,6.9969963803882855,0.49699638038828553,1137.229943916118,341.07266520360884,62.28771209716797,-29.942461013793945,7.516180780494436,0.8219223253597457
211,7.030315410771087,0.5303154107710872,1135.6415162454873,340.51432009626956,62.00191116333008,-29.84540367126465,7.5655036772469435,0.8288058509931484
212,7.063634441153889,0.5636344411538889,1135.9889329965113,341.520750631541,62.065956115722656,-30.02651023864746,7.566869168400964,0.8169834950649575
213,7.09695347153669,0.5969534715366898,1136.0669082125603,341.700845410628,62.080257415771484,-30.05887794494629,7.55183518608796,0.8164521503879147
214,7.1302725019194915,0.6302725019194915,1133.6174783351642,341.1478091053338,61.64009094238281,-29.964889526367188,7.512055921070722,0.814407171892853
215,7.163591532302292,0.6635915323022923,1132.6867556838686,341.2800433056658,61.47344970703125,-29.99107551574707,7.566869168400964,0.8169834977335473
216,7.196910562685094,0.696910562685094,1131.4907539118065,341.6712897107634,61.25967788696289,-30.064741134643555,7.622643700407401,0.8453714612655305
217,7.230229593067896,0.7302295930678957,1128.558125527045,341.53451391398625,60.73359680175781,-30.047191619873047,7.561405724245774,0.8119823967184691
218,7.2635486234506965,0.7635486234506965,1128.371883740727,341.7021768211115,60.70049285888672,-30.077959060668945,7.525796660413736,0.8403881891002117
219,7.296867653833498,0.7968676538334982,1126.0605730866885,340.9359206867368,60.284698486328125,-29.94508171081543,7.547729811940535,0.7962463768461882
220,7.3301866842163,0.8301866842162999,1124.4711843711843,340.7564102564103,59.999385833740234,-29.916519165039062,7.510680464514091,0.8398602393114104
221,7.363505714599101,0.8635057145991007,1123.7729397293972,340.5382533825338,59.8737907409668,-29.8787841796875,7.483118241403906,0.7978996111045473
222,7.3968247449819025,0.8968247449819025,1123.5167452545036,341.10712126707773,59.82886505126953,-29.982263565063477,7.547729811940535,0.7962463755591157
223,7.430143775364703,0.9301437753647033,1121.581321628871,341.6096074128261,59.482723236083984,-30.077850341796875,7.516180780494436,0.8274682265911187
224,7.463462805747505,0.963462805747505,1120.9272197962155,341.7058466763707,59.36561965942383,-30.096847534179688,7.535400269575277,0.831705440886768
225,7.496781836130307,0.9967818361303067,1117.6002170767003,340.8897732754462,58.76755905151367,-29.95745277404785,7.557305549127712,0.7919649716942939
226,7.5301008665131075,1.0301008665131075,1114.3685158501441,340.3290105667627,58.18703842163086,-29.863977432250977,7.573692931324687,0.7954033132719668
227,7.563419896895909,1.0634198968959092,1114.7378988884905,340.56651129437074,58.25371170043945,-29.9060115814209,7.591406009059102,0.8277848566350647
228,7.59673892727871,1.09673892727871,1114.0273711769605,340.454837558015,58.1260871887207,-29.887561798095703,7.6077199376356965,0.8089539761920357
229,7.630057957661512,1.1300579576615117,1112.0839067970542,340.2167089218882,57.77714157104492,-29.849266052246094,7.553203148273999,0.7974016102158548
230,7.663376988044313,1.1633769880443134,1109.7951515151515,339.98145454545454,57.366294860839844,-29.812332153320312,7.538141910659106,0.7756320670676011
231,7.696696018427114,1.1966960184271143,1108.9383914658995,340.1875824044109,57.21302795410156,-29.851701736450195,7.580510551690959,0.8160907283245619
232,7.730015048809916,1.230015048809916,1108.0740203193034,340.08647798742135,57.057838439941406,-29.835538864135742,7.5463608575786925,0.7896727431220962
233,7.763334079192717,1.2633340791927168,1107.8152697495182,339.66630539499033,57.01066970825195,-29.760196685791016,7.562771955302954,0.8058111288410513
234,7.7966531095755185,1.2966531095755185,1107.8963178294573,339.7767684108527,57.025413513183594,-29.779972076416016,7.540882554963675,0.7885266275664454
235,7.82997213995832,1.3299721399583202,1107.1345134874757,340.29828998073214,56.889766693115234,-29.876131057739258,7.562771955302954,0.8282074352162581
236,7.863291170341121,1.363291170341121,1109.328748944384,341.8318253106526,57.28607940673828,-30.148021697998047,7.555938329659423,0.8239498424152172
237,7.896610200723923,1.3966102007239227,1109.3397412646596,342.80304678998914,57.28984832763672,-30.323579788208008,7.547729811940535,0.8052666135172107
238,7.929929231106724,1.4299292311067244,1107.778943560058,342.58876025084413,57.009578704833984,-30.288660049438477,7.557305549127712,0.8046466605860221
239,7.963248261489525,1.4632482614895252,1105.9011279097672,342.369690424766,56.67245101928711,-30.2536563873291,7.576420715649159,0.8087222975264832
240,7.996567291872327,1.496567291872327,1102.171073282627,341.4771218157672,56.00190353393555,-30.101417541503906,7.553203148273999,0.8564034121964474
241,8.029886322255129,1.5298863222551287,1101.3660106899902,341.8081875607386,55.85816192626953,-30.16324806213379,7.529913992714312,0.8210264512968085
242,8.06320535263793,1.5632053526379295,1100.16690647482,342.323381294964,55.64411544799805,-30.259326934814453,7.579147518226432,0.822368474354239
243,8.09652438302073,1.5965243830207303,1100.1231597845601,342.39521244763614,55.63641357421875,-30.272417068481445,7.585960236472262,0.817264537354874
244,8.129843413403533,1.629843413403533,1100.7258432361061,342.5025807226023,55.744686126708984,-30.290355682373047,7.5750569462716,0.8149169166386524
245,8.163162443786334,1.6631624437863337,1100.815523465704,342.4145607701564,55.7606086730957,-30.274219512939453,7.5655036772469435,0.8194103090126018
246,8.196481474169135,1.6964814741691345,1099.971024818905,342.3971024818905,55.6091423034668,-30.273130416870117,7.615863797171021,0.823720488363734
247,8.229800504551937,1.7298005045519371,1094.5176073323685,341.5470332850941,54.62959671020508,-30.132797241210938,7.557305549127712,0.8405468711193378
248,8.263119534934738,1.763119534934738,1092.9040961491291,341.6806475349522,54.34050750732422,-30.160903930664062,7.494155294955702,0.8132470461460368
249,8.296438565317539,1.7964385653175388,1091.463462005341,342.3169458606458,54.083404541015625,-30.27947425842285,7.532657630623801,0.8084990155325044
250,8.32975759570034,1.8297575957003396,1091.9836541954232,342.3873350284538,54.176815032958984,-30.290924072265625,7.542252503663317,0.8343823776518717
251,8.363076626083142,1.8630766260831422,1091.920761078998,342.42618015414257,54.16561508178711,-30.2981014251709,7.562771955302954,0.8457967564399798
252,8.396395656465943,1.896395656465943,1088.3369317500299,341.9444644356483,53.522010803222656,-30.219785690307617,7.577784239589947,0.8248168220110595
253,8.429714686848744,1.9297146868487438,1087.1849290134692,342.31634510374954,53.31615447998047,-30.289840698242188,7.534029074901095,0.8061133515669081
254,8.463033717231546,1.9630337172315464,1087.4044767090138,342.45710828796126,53.35578536987305,-30.314754486083984,7.544991654835394,0.8084609696275326
255,8.496352747614347,1.9963527476143472,1086.9698853938064,342.3341867837113,53.277618408203125,-30.293596267700195,7.516180780494436,0.8314237071568743
256,8.529671777997148,2.029671777997148,1087.9263580021875,342.96961963786606,53.450382232666016,-30.4061279296875,7.52854179880903,0.8274030580371068
257,8.56299080837995,2.0629908083799506,1085.241474543708,342.5593179634966,52.96811294555664,-30.338529586791992,7.573692931324687,0.848241257146375
258,8.596309838762751,2.0963098387627515,1082.6744970485483,342.42561137212385,52.50751495361328,-30.32063865661621,7.561405724245774,0.8483597662314067
259,8.629628869145552,2.1296288691455523,1081.935818554711,342.6164796718542,52.375431060791016,-30.356958389282227,7.555938329659423,0.8334358911252373
260,8.662947899528353,2.162947899528353,1080.4025408348457,342.37277676951,52.100006103515625,-30.316650390625,7.544991654835394,0.8046824559517021
261,8.696266929911156,2.1962669299111557,1078.8558459084775,342.11961722488036,51.82212829589844,-30.27467155456543,7.492776552363782,0.8064150046993726
262,8.729585960293957,2.2295859602939565,1078.7020147183014,342.0424659186874,51.79439163208008,-30.261098861694336,7.555938329659423,0.8200679652688515
263,8.762904990676757,2.2629049906767573,1077.2747372236317,342.00410776851515,51.53836441040039,-30.257659912109375,7.550466976060227,0.8227570074157384
264,8.79622402105956,2.29622402105956,1076.5472709551657,341.99549220272905,51.40787887573242,-30.25787925720215,7.518929429619227,0.8055547338952899
265,8.82954305144236,2.3295430514423607,1072.6797148725382,341.43179896097615,50.71316909790039,-30.165433883666992,7.550466976060227,0.7879480417012908
266,8.862862081825162,2.3628620818251616,1070.3818248442653,341.4519359960913,50.301116943359375,-30.174701690673828,7.5093047560192625,0.8099766435819794
267,8.896181112207964,2.396181112207964,1070.4311804547654,341.93118045476535,50.31092834472656,-30.26123046875,7.5463608575786925,0.8114432985132748
268,8.929500142590765,2.429500142590765,1068.5520984081043,342.4335504100337,49.97496795654297,-30.356660842895508,7.557305549127712,0.8137987164183038
269,8.962819172973566,2.462819172973566,1067.6663063063063,342.40576576576575,49.816043853759766,-30.353803634643555,7.5723286706757165,0.8105240708769412
270,8.996138203356368,2.4961382033563684,1067.6071731491577,342.2188295165394,49.80506896972656,-30.320154190063477,7.539512357340851,0.8126685556804515
271,9.02945723373917,2.529457233739169,1067.8020158387328,342.3555315574754,49.84028625488281,-30.344388961791992,7.576420715649159,0.8087222975264832
272,9.06277626412197,2.56277626412197,1066.0220623501198,342.2359712230216,49.520843505859375,-30.327131271362305,7.579147518226432,0.8223684756995646
273,9.09609529450477,2.596095294504771,1063.6516786570742,341.8677458033573,49.09499740600586,-30.266361236572266,7.579147518226432,0.7965494249912823
274,9.129414324887573,2.6294143248875734,1061.5393408731604,341.81636872187767,48.71604919433594,-30.26224708557129,7.525796660413736,0.8228821953308467
275,9.162733355270374,2.6627333552703742,1061.7858171346293,341.8020158387329,48.76021957397461,-30.259044647216797,7.576420715649159,0.7959763691325472
276,9.196052385653175,2.696052385653175,1061.1959937627444,341.7076886170085,48.654266357421875,-30.243438720703125,7.577784239589947,0.8026001745576921
277,9.229371416035978,2.7293714160359777,1057.9667500893815,341.3323799308783,48.0743522644043,-30.18348503112793,7.602285851272585,0.8380465366163168
278,9.262690446418778,2.7626904464187785,1057.7778572279824,341.3174830175188,48.04043197631836,-30.181255340576172,7.602285851272585,0.8285397052992497
279,9.29600947680158,2.7960094768015793,1057.6361884110347,341.51813034574144,48.01544952392578,-30.217880249023438,7.561405724245774,0.7902327743307034
280,9.329328507184382,2.829328507184382,1053.0397992111868,340.6596151547747,47.18931198120117,-30.07390785217285,7.591406009059102,0.8317032583955994
281,9.362647537567183,2.8626475375671827,1051.8157514450868,340.7085741811175,46.96989059448242,-30.08576011657715,7.562771955302954,0.818818679699572
282,9.395966567949984,2.8959665679499835,1051.739480424442,340.69971947798507,46.9561882019043,-30.084341049194336,7.51480607892272,0.8618488407269418
283,9.429285598332786,2.929285598332786,1053.267612293144,341.6916075650118,47.23231887817383,-30.259946823120117,7.633479020305309,0.8247977081171041
284,9.462604628715587,2.962604628715587,1053.9688631426502,342.8497465604634,47.360504150390625,-30.467615127563477,7.554570862752983,0.8439633763550741
285,9.495923659098388,2.9959236590983878,1051.2255438084821,343.0470288005833,46.868934631347656,-30.5100040435791,7.52854179880903,0.8508201983068232
286,9.529242689481189,3.0292426894811886,1051.5307977514651,342.69333811745,46.92292404174805,-30.445308685302734,7.588683611263451,0.8178514392048701
287,9.562561719863991,3.062561719863991,1051.662691242019,342.74882544271776,46.94670486450195,-30.45502281188965,7.561405724245774,0.8119823967184691
288,9.595880750246792,3.095880750246792,1050.6417590275296,342.5131688714098,46.76310348510742,-30.4149169921875,7.602285851272585,0.8246491661597649
289,9.629199780629593,3.129199780629593,1048.0339963833635,342.4965641952984,46.295379638671875,-30.418296813964844,7.558672521292121,0.8245462578849282
290,9.662518811012395,3.1625188110123954,1046.459491994703,342.29240399662933,46.012577056884766,-30.385238647460938,7.56413793959212,0.8352457424314572
291,9.695837841395196,3.195837841395196,1045.9419047619047,342.2911904761904,45.91974639892578,-30.38629150390625,7.606361779999659,0.8282847888936046
292,9.729156871777997,3.229156871777997,1045.9820659971306,342.39072214251553,45.927162170410156,-30.404186248779297,7.590044932220003,0.8247349982904009
293,9.7624759021608,3.2624759021607996,1043.8651952058858,342.05506111308887,45.54680252075195,-30.348682403564453,7.618576482492013,0.824307388850549
294,9.7957949325436,3.2957949325436005,1039.9067155067155,341.77118437118435,44.83624267578125,-30.307050704956055,7.510680464514091,0.7786103493960682
295,9.829113962926401,3.3291139629264013,1039.4789773415728,341.80067854113656,44.75959014892578,-30.313432693481445,7.539512357340851,0.8165063264018081
296,9.862432993309202,3.362432993309202,1035.8474515434314,341.4178033022254,44.10742950439453,-30.25309944152832,7.587322046058042,0.8148533332846257
297,9.895752023692005,3.3957520236920047,1035.9849957988235,342.18473172488297,44.133758544921875,-30.39142417907715,7.5750569462716,0.7983038068854068
298,9.929071054074806,3.4290710540748055,1038.1775256222547,343.1789897510981,44.52912139892578,-30.56581687927246,7.513431125827519,0.821321070846981
299,9.962390084457606,3.4623900844576063,1038.255024509804,343.2223039215686,44.54311752319336,-30.573457717895508,7.4969120194539265,0.8177135071929217
300,9.995709114840409,3.495709114840409,1035.3020985846754,343.2665934602245,44.01362228393555,-30.588701248168945,7.513431125827519,0.826862906936883
301,10.02902814522321,3.5290281452232097,1032.5454325468843,343.07525710828793,43.518795013427734,-30.56085777282715,7.544991654835394,0.7831777847986173
302,10.06234717560601,3.5623471756060106,1032.572284105881,343.14157384117857,43.52375793457031,-30.572782516479492,7.583235883632932,0.8037554131036586
303,10.095666205988813,3.595666205988813,1033.1494084644469,343.38041224539575,43.627784729003906,-30.614547729492188,7.51480607892272,0.7769237260468949
304,10.128985236371614,3.628985236371614,1033.1080653021443,343.3686647173489,43.620338439941406,-30.612524032592773,7.518929429619227,0.7964953919549046
305,10.162304266754415,3.662304266754415,1032.9050401753104,343.1345264183102,43.58342361450195,-30.57069206237793,7.521677074304259,0.809944201114534
306,10.195623297137217,3.6956232971372174,1031.7545520757465,343.26669094440393,43.37736511230469,-30.5974063873291,7.532657630623801,0.7868074574068492
307,10.228942327520018,3.728942327520018,1027.9649824306312,342.9955167817763,42.697113037109375,-30.557659149169922,7.539512357340851,0.794513526777683
308,10.262261357902819,3.762261357902819,1024.7454785004193,342.9522098454905,42.11959457397461,-30.557714462280273,7.583235883632932,0.7948022472108345
309,10.29558038828562,3.79558038828562,1023.5277576635287,342.84757422157855,41.900962829589844,-30.541778564453125,7.554570862752983,0.804064429722155
310,10.328899418668422,3.8288994186684224,1023.0645004259461,342.99014238773276,41.81818771362305,-30.56869125366211,7.523050520325806,0.8129446821829114
311,10.362218449051223,3.8622184490512232,1022.9860959980655,342.9425704267924,41.80401611328125,-30.560279846191406,7.547729811940535,0.8182871471791293
312,10.395537479434024,3.895537479434024,1023.0353407861522,342.88916937131864,41.8127326965332,-30.550504684448242,7.56959941174018,0.8364523104328505
313,10.428856509816827,3.9288565098168267,1019.279623675122,342.6343932356794,41.1385498046875,-30.513641357421875,7.605003379813812,0.8213728689609668
314,10.462175540199627,3.9621755401996275,1016.2108303249097,342.72238267148015,40.58833312988281,-30.537065505981445,7.5655036772469435,0.8101736339602635
315,10.495494570582428,3.9954945705824283,1016.4640499339814,342.95246669067336,40.63426971435547,-30.57804298400879,7.5750569462716,0.8416563250051755
316,10.528813600965231,4.028813600965231,1016.453653217012,342.91312250090874,40.632320404052734,-30.570955276489258,7.539512357340851,0.8203713374285362
317,10.562132631348032,4.062132631348032,1015.0365824308061,342.8031287605295,40.377899169921875,-30.554540634155273,7.5655036772469435,0.8423714955466504
318,10.595451661730833,4.0954516617308325,1015.0652094717668,342.9400121432908,40.38334274291992,-30.5792179107666,7.531285936607034,0.8280063413459197
319,10.628770692113635,4.128770692113635,1014.9405666063893,342.80446051838453,40.36068344116211,-30.55501937866211,7.558672521292121,0.8340391716784753
320,10.662089722496436,4.162089722496436,1015.061212121212,342.87466666666666,40.382484436035156,-30.567413330078125,7.538141910659106,0.8362893950470683
321,10.695408752879237,4.195408752879237,1014.3737776168055,342.6296028009175,40.25863265991211,-30.524791717529297,7.553203148273999,0.8140351605464984
322,10.728727783262038,4.228727783262038,1008.9001212121211,342.5781818181818,39.276756286621094,-30.528900146484375,7.538141910659106,0.8134939917535488
323,10.76204681364484,4.26204681364484,1006.8028100775192,342.5329457364341,38.90046310424805,-30.525859832763672,7.540882554963675,0.814085629074654
324,10.795365844027641,4.295365844027641,1006.4995126705652,342.4904970760234,38.84596633911133,-30.5189266204834,7.518929429619227,0.7927875945846994
325,10.828684874410442,4.328684874410442,1002.8484410737931,342.53232213795593,38.191184997558594,-30.535429000854492,7.56413793959212,0.7997120898595246
326,10.862003904793244,4.362003904793244,1002.8313995649021,342.52320522117475,38.1881103515625,-30.53382110595703,7.549098518056046,0.8028999614680707
327,10.895322935176045,4.395322935176045,1002.693115942029,342.5643719806763,38.163394927978516,-30.541603088378906,7.55183518608796,0.803482189726878
328,10.928641965558846,4.428641965558846,1000.8895348837209,342.70409399224803,37.840213775634766,-30.571287155151367,7.540882554963675,0.8011532597441146
329,10.961960995941649,4.461960995941649,1000.3861553304389,342.56512301013026,37.74960708618164,-30.547391891479492,7.557305549127712,0.817635415711567
330,10.99528002632445,4.4952800263244495,1000.7557177615571,342.59513381995134,37.81596374511719,-30.551910400390625,7.524423715649887,0.8105358370874098
331,11.02859905670725,4.52859905670725,1000.624224735498,342.6391827800073,37.79247283935547,-30.560199737548828,7.525796660413736,0.8403881904998493
332,11.061918087090051,4.561918087090051,998.7598605098603,342.55483405483403,37.45787811279297,-30.549514770507812,7.56823441318761,0.8200019463704856
333,11.095237117472854,4.595237117472854,998.5978181818182,342.5601212121212,37.42882537841797,-30.550867080688477,7.538141910659106,0.8228216918704825
334,11.128556147855655,4.6285561478556545,998.3728834059023,342.621915820029,37.388614654541016,-30.562591552734375,7.5463608575786925,0.8152688917366906
335,11.161875178238455,4.661875178238455,995.8791906130267,342.7179118773946,36.94155502319336,-30.586057662963867,7.584598182374478,0.8104689979531062
336,11.195194208621258,4.695194208621258,995.2455184108527,342.7767684108527,36.82802963256836,-30.598249435424805,7.540882554963675,0.8011532597441146
337,11.228513239004059,4.728513239004059,995.5299646039301,342.7280605394849,36.87893295288086,-30.5887451171875,7.512055921070722,0.8105702558158344
338,11.26183226938686,4.7618322693868596,995.4387755102041,342.73675898931,36.86259841918945,-30.59054183959961,7.529913992714312,0.7898909034873066
339,11.295151299769662,4.795151299769662,995.401094890511,342.7665450121654,36.85591125488281,-30.596019744873047,7.524423715649887,0.7763773584850772
340,11.328470330152463,4.828470330152463,995.6559931296772,342.6909581646423,36.90145492553711,-30.581727981567383,7.492776552363782,0.7935833888837608
341,11.361789360535264,4.861789360535264,995.7621853898096,342.79349294045426,36.92074203491211,-30.600008010864258,7.490018305794206,0.8150766715218348
342,11.395108390918066,4.895108390918066,989.3402148979837,342.9013642400096,35.76907730102539,-30.635242462158203,7.553203148273999,0.7848834301118073
343,11.428427421300867,4.928427421300867,987.5419985517741,342.87002172338885,35.446449279785156,-30.633981704711914,7.554570862752983,0.8132098632721477
344,11.461746451683668,4.961746451683668,986.7396021699819,342.78553345388787,35.30232620239258,-30.62066650390625,7.558672521292121,0.8206615748822245
345,11.495065482066469,4.995065482066469,982.8153251148175,343.0717911530094,34.599082946777344,-30.682037353515625,7.549098518056046,0.838722236923569
346,11.528384512449271,5.028384512449271,980.6247193666547,343.2365591397849,34.20653533935547,-30.717199325561523,7.634832354066551,0.8317251690156229
347,11.561703542832072,5.061703542832072,980.6670231729055,343.21188354129526,34.21407699584961,-30.712631225585938,7.613150145277579,0.8010852676402541
348,11.595022573214873,5.095022573214873,979.3643607388627,343.27345164795366,33.98055648803711,-30.726951599121094,7.553203148273999,0.8194743623735037
349,11.628341603597676,5.128341603597676,978.7352653460503,343.3371239911959,33.867862701416016,-30.740009307861328,7.505176117520045,0.811791566142996
350,11.661660633980476,5.1616606339804765,978.6306831996109,343.33916849015316,33.84910202026367,-30.74063491821289,7.527169354754457,0.8204280287668594
351,11.694979664363277,5.194979664363277,978.6774388767852,343.5884773662551,33.858089447021484,-30.785594940185547,7.543622203575393,0.8054939267285928
352,11.72829869474608,5.22829869474608,978.7995115995116,343.30781440781436,33.879310607910156,-30.734548568725586,7.510680464514091,0.816837542174925
353,11.76161772512888,5.261617725128881,978.5618769754436,343.28677364454165,33.836639404296875,-30.7313289642334,7.527169354754457,0.8111274624506022
354,11.794936755511682,5.2949367555116815,978.5768398268398,343.3423520923521,33.839454650878906,-30.74134063720703,7.56823441318761,0.8107585942351975
355,11.828255785894484,5.328255785894484,978.6684749849305,343.54116937914404,33.85636520385742,-30.777063369750977,7.558672521292121,0.7896615905400777
356,11.861574816277285,5.361574816277285,978.6359048305695,343.55659697188173,33.85056686401367,-30.779935836791992,7.570964164191861,0.786011238115914
357,11.894893846660086,5.394893846660086,978.6596694414284,343.297020147183,33.85420227050781,-30.732942581176758,7.555938329659423,0.8146248234588622
358,11.928212877042887,5.428212877042887,978.6669069935111,343.29307858687815,33.85549545288086,-30.732213973999023,7.570964164191861,0.8113435518667498
359,11.96153190742569,5.461531907425689,978.8457170472392,343.36377914703394,33.887733459472656,-30.74455451965332,7.550466976060227,0.8096347733810763
360,11.99485093780849,5.49485093780849,968.3735241502683,343.9216457960644,32.010616302490234,-30.87107276916504,7.5995673509706565,0.7982293486825349
361,12.02816996819129,5.528169968191291,966.2427835668942,344.08707629656243,31.62881088256836,-30.906204223632812,7.583235883632932,0.8299140106556457
362,12.061488998574093,5.561488998574093,966.001695736434,344.1665455426356,31.58576011657715,-30.921161651611328,7.540882554963675,0.7761961618764875
363,12.094808028956894,5.594808028956894,965.8366606170599,344.151240169389,31.55611801147461,-30.91880226135254,7.544991654835394,0.7956687588724152
364,12.128127059339695,5.628127059339695,963.2802305616874,343.11920529801324,31.095001220703125,-30.738466262817383,7.494155294955702,0.8002550369229096
365,12.161446089722498,5.661446089722498,959.5715320536037,341.66087166485573,30.426105499267578,-30.483858108520508,7.553203148273999,0.7848834326292217
366,12.194765120105298,5.6947651201052985,959.5354427274956,341.7336276674025,30.419815063476562,-30.497106552124023,7.494155294955702,0.7666065290626065
367,12.2280841504881,5.728084150488099,959.6128326649654,341.74079475027344,30.4337158203125,-30.49820899963379,7.52854179880903,0.7922030535908501
368,12.261403180870902,5.761403180870902,959.0152114025631,341.2052940471913,30.325172424316406,-30.402841567993164,7.583235883632932,0.7859978485809649
369,12.294722211253703,5.794722211253703,958.7858033932135,341.09181636726544,30.283742904663086,-30.38288688659668,7.430468357172961,0.8087033967875235
370,12.328041241636503,5.8280412416365035,958.6088724584104,341.0014787430684,30.25177764892578,-30.366979598999023,7.476211808699073,0.8159406778654384
371,12.361360272019304,5.861360272019304,958.4773175542406,341.0983727810651,30.228410720825195,-30.384822845458984,7.474829756407257,0.8183884687619435
372,12.394679302402107,5.894679302402107,958.1544655929722,341.06173743289406,30.170408248901367,-30.378992080688477,7.513431125827519,0.7953309250076022
373,12.427998332784908,5.927998332784908,954.794467306813,341.1973022405121,29.567977905273438,-30.411733627319336,7.762323208576767,0.7751629198701978
374,12.461317363167709,5.9613173631677085,948.3600527198657,342.05475676971,28.41581153869629,-30.582544326782227,7.581873340115757,0.7760192296600427
375,12.494636393550511,5.994636393550511,948.5254773197129,342.03015930925454,28.445423126220703,-30.57769203186035,7.525796660413736,0.7791979302378053
376,12.527955423933312,6.027955423933312,948.1355644476779,342.1010064265794,28.375656127929688,-30.591459274291992,7.536771214782576,0.760863108004644
377,12.561274454316113,6.061274454316113,948.1887637728538,342.1218065141058,28.385257720947266,-30.5950870513916,7.542252503663317,0.7988035795784356
378,12.594593484698915,6.094593484698915,945.5170565302144,341.2937378167641,27.903852462768555,-30.45189666748047,7.518929429619227,0.7839421691672603
379,12.627912515081716,6.127912515081716,942.2316198809089,340.41548183254343,27.312206268310547,-30.301130294799805,7.52854179880903,0.7922030523103133
380,12.661231545464517,6.161231545464517,941.9966690459195,340.1641684511064,27.269407272338867,-30.256254196166992,7.609077852851801,0.819533039228861
381,12.694550575847318,6.194550575847318,942.1074153552693,340.18884120171674,27.289344787597656,-30.260446548461914,7.600926722656866,0.7922449249358672
382,12.72786960623012,6.22786960623012,942.0583273077849,340.32417449987946,27.280885696411133,-30.28504180908203,7.5600392462868,0.783744444163491
383,12.761188636612921,6.261188636612921,941.9108875314408,340.3503413582465,27.254497528076172,-30.290132522583008,7.583235883632932,0.7948022459332718
384,12.794507666995722,6.294507666995722,941.312567132116,340.19847237140465,27.146764755249023,-30.264137268066406,7.596847877864805,0.7730413461829649
385,12.827826697378525,6.327826697378525,930.3793883136974,340.5643222658574,25.18619155883789,-30.357074737548828,7.6077199376356965,0.8036570575191564
386,12.861145727761325,6.3611457277613255,929.1646846846846,340.8936936936937,24.969114303588867,-30.419614791870117,7.5723286706757165,0.7925175107670964
387,12.894464758144126,6.394464758144126,927.906204379562,340.65170316301703,24.74269676208496,-30.37893295288086,7.524423715649887,0.7643036266241973
388,12.927783788526929,6.427783788526929,927.3791348600508,340.5235671876893,24.647804260253906,-30.357051849365234,7.539512357340851,0.7497121060894332
389,12.96110281890973,6.46110281890973,927.3817301875378,340.5159104658197,24.648244857788086,-30.35565948486328,7.544991654835394,0.7709786481402278
390,12.99442184929253,6.4944218492925305,927.1046316294696,340.49688024958,24.598478317260742,-30.3528995513916,7.576420715649159,0.7996781840269619
391,13.027740879675333,6.527740879675333,927.0348402652199,340.5609403254973,24.586130142211914,-30.364654541015625,7.558672521292121,0.7652915594623029
392,13.061059910058134,6.561059910058134,923.9482884195193,340.0041272153435,24.03089714050293,-30.27151870727539,7.532657630623801,0.795685208773698
393,13.094378940440935,6.594378940440935,923.0827569469724,340.1600533915787,23.876014709472656,-30.30183982849121,7.534029074901095,0.7722729432310972
394,13.127697970823736,6.627697970823736,923.1132509689922,340.08890503875966,23.881301879882812,-30.288894653320312,7.540882554963675,0.7442312084643838
395,13.161017001206538,6.661017001206538,923.0397261948416,340.0579391272461,23.868024826049805,-30.283479690551758,7.5065525826609205,0.7716518400337643
396,13.194336031589339,6.694336031589339,922.2775573987258,339.78386825339584,23.730560302734375,-30.235780715942383,7.56959941174018,0.7795824068364879
397,13.22765506197214,6.72765506197214,919.9482529319307,339.28303711763994,23.31130599975586,-30.150911331176758,7.547729811940535,0.763077333127975
398,13.260974092354942,6.760974092354942,920.1331869740212,339.47408220514694,23.344993591308594,-30.185009002685547,7.51480607892272,0.7648220140544194
399,13.294293122737743,6.794293122737743,920.0674660852712,339.42429748062017,23.333066940307617,-30.176162719726562,7.540882554963675,0.7442312084643838
400,13.327612153120544,6.827612153120544,919.8733774185647,339.53012490815576,23.29852294921875,-30.195777893066406,7.4996677306366655,0.7799307704345438
401,13.360931183503347,6.860931183503347,919.1733430444283,339.62867200776884,23.173185348510742,-30.215312957763672,7.532657630623801,0.7659772854175592
402,13.394250213886147,6.8942502138861474,916.312575867929,338.84692886622963,22.657821655273438,-30.080942153930664,7.532657630623801,0.7868074548732811
403,13.427569244268948,6.927569244268948,915.6002190580504,338.7244736521845,22.529682159423828,-30.060543060302734,7.523050520325806,0.7786293801245343
404,13.46088827465175,6.960888274651751,915.4897239450321,338.7543475617171,22.509939193725586,-30.066211700439453,7.525796660413736,0.7791979302378053
405,13.494207305034552,6.994207305034552,914.3723834006611,338.48684049455255,22.308740615844727,-30.020570755004883,7.501045206583747,0.7740809792183669
406,13.527526335417352,7.0275263354173525,913.2907494286057,338.18140262239865,22.113853454589844,-29.967975616455078,7.566869168400964,0.7551625769668533
407,13.560845365800153,7.060845365800153,910.137398077157,337.96069124984786,21.54744529724121,-29.935781478881836,7.523050520325806,0.75809532660048
408,13.594164396182956,7.094164396182956,906.9624032436417,337.48187738051354,20.97645378112793,-29.85695457458496,7.487259043108643,0.7924150646086996
409,13.627483426565757,7.127483426565757,906.1718350966801,337.6231302444363,20.834976196289062,-29.884441375732422,7.525796660413736,0.7586488828813128
410,13.660802456948558,7.1608024569485575,906.2120434835715,337.71882252351287,20.842451095581055,-29.901647567749023,7.5093047560192625,0.7757866295581797
411,13.69412148733136,7.19412148733136,905.742429906542,337.4790031152648,20.757539749145508,-29.85942268371582,7.434638482853681,0.7689818809573148
412,13.727440517714161,7.227440517714161,905.6299222473036,337.528843742162,20.737489700317383,-29.86871337890625,7.410976744620607,0.7752877248467124
413,13.760759548096962,7.260759548096962,904.5176441657444,337.1777941718923,20.536949157714844,-29.80794334411621,7.484498763183275,0.7793307947339534
414,13.794078578479764,7.294078578479764,903.7350427350427,337.36467236467234,20.397029876708984,-29.84366226196289,7.456839767011912,0.7949440519488185
415,13.827397608862565,7.327397608862565,903.4009785932722,337.3538837920489,20.337059020996094,-29.842527389526367,7.503799399886245,0.7833553727960247
416,13.860716639245366,7.360716639245366,903.5442076904236,337.3401910360029,20.362714767456055,-29.839696884155273,7.4996677306366655,0.810600385288021
417,13.894035669628167,7.394035669628167,901.6903440621531,337.2006412627944,20.029687881469727,-29.819002151489258,7.473447448534798,0.7648606247199357
418,13.92735470001097,7.427354700010969,893.5634617609625,337.1056346176096,18.571117401123047,-29.821714401245117,7.715597990454564,0.7887009154646509
419,13.96067373039377,7.46067373039377,886.4626553463762,338.9111603297649,17.301925659179688,-30.16567039489746,7.481737464892216,0.7463883408383915
420,13.993992760776571,7.493992760776571,885.5119664446088,338.9256106587713,17.13137435913086,-30.170610427856445,7.472064884939852,0.8084597225596741
421,14.027311791159374,7.527311791159374,884.3957431457432,338.72835497835496,16.93052864074707,-30.137672424316406,7.56823441318761,0.7979510173227999
422,14.060630821542174,7.5606308215421745,882.8596809282088,338.67597292724196,16.65474510192871,-30.1319580078125,7.549098518056046,0.7574528570867292
423,14.093949851924975,7.593949851924975,882.4853736479841,338.75934119960664,16.587806701660156,-30.147953033447266,7.485879030371254,0.7564932246003003
424,14.127268882307778,7.627268882307778,882.5471559633028,338.6305810397553,16.598541259765625,-30.124515533447266,7.503799399886245,0.7710859054242785
425,14.160587912690579,7.660587912690579,882.3814787521492,338.7133382461312,16.56903839111328,-30.139890670776367,7.488638801536112,0.7654783369668559
426,14.19390694307338,7.6939069430733795,881.2465290353736,338.4966799468791,16.364770889282227,-30.10348129272461,7.553203148273999,0.7641844456896405
427,14.227225973456182,7.727225973456182,876.1352257755419,338.2915319199904,15.446991920471191,-30.07889747619629,7.583235883632932,0.7823937402401692
428,14.260545003838983,7.760545003838983,875.6967835200578,338.2485242741838,15.368185997009277,-30.072195053100586,7.561405724245774,0.7658451145321388
429,14.293864034221784,7.793864034221784,875.1561135371179,338.4240659873847,15.2716646194458,-30.105268478393555,7.535400269575277,0.7750679697807369
430,14.327183064604585,7.827183064604585,872.9862127867251,338.5314787701318,14.88257884979248,-30.130006790161133,7.513431125827519,0.770555201397734
431,14.360502094987387,7.860502094987387,873.1519299543717,338.45825625847823,14.912107467651367,-30.11635971069336,7.473447448534798,0.7564266010609929
432,14.393821125370188,7.893821125370188,873.047300643883,338.53368003962356,14.893548965454102,-30.130260467529297,7.45822515295364,0.7677725484276053
433,14.427140155752989,7.927140155752989,871.7969719533382,338.2864234301315,14.668478965759277,-30.08860206604004,7.449908972906302,0.7871310966637786
434,14.460459186135791,7.960459186135791,871.2673509286411,338.3967497556207,14.573744773864746,-30.109853744506836,7.507928795447745,0.7694270093019833
435,14.493778216518592,7.993778216518592,869.9051639745471,338.3196279980421,14.329079627990723,-30.099241256713867,7.5024224296205215,0.7805038263200356
436,14.527097246901393,8.027097246901393,868.1123830625306,338.0542836041359,14.006601333618164,-30.055639266967773,7.480356433507144,0.8010697198794946
437,14.560416277284196,8.060416277284196,864.9108084897558,338.13090418353573,13.432291030883789,-30.077335357666016,7.492776552363782,0.772375327639906
438,14.593735307666996,8.093735307666996,863.3244155218124,338.23330923114,13.147893905639648,-30.09974479675293,7.5600392462868,0.7925380288373435
439,14.627054338049797,8.127054338049797,862.5338181818182,338.38969696969696,13.0064697265625,-30.12997055053711,7.538141910659106,0.7968442562528959
440,14.6603733684326,8.1603733684326,861.305238621028,338.8007606428659,12.787182807922363,-30.20732307434082,7.492776552363782,0.7723753288785541
441,14.6936923988154,8.1936923988154,858.0349481802843,338.705230175946,12.200040817260742,-30.198057174682617,7.5600392462868,0.7837444429086583
442,14.727011429198201,8.227011429198201,854.2672594788193,338.8251204149685,11.524251937866211,-30.228973388671875,7.467915658399668,0.7794954568667647
443,14.760330459581002,8.260330459581002,852.5693827160493,339.050987654321,11.22021484375,-30.273983001708984,7.469298990014461,0.7823561788664797
444,14.793649489963805,8.293649489963805,852.2605021128511,339.3038777032066,11.165521621704102,-30.320476531982422,7.444359691709522,0.7986885487781261
445,14.826968520346606,8.326968520346606,852.1401753735951,339.2939360256885,11.143903732299805,-30.31897735595703,7.467915658399668,0.8102732730892936
446,14.860287550729407,8.360287550729407,852.2112395872185,339.3259977620291,11.156746864318848,-30.32459831237793,7.442971724942224,0.7794171767904021
447,14.89360658111221,8.39360658111221,852.0409573155687,339.28374043918086,11.12606430053711,-30.3173770904541,7.472064884939852,0.8046444663678213
448,14.92692561149501,8.42692561149501,852.2398284313724,339.18419117647056,11.161458015441895,-30.29888343811035,7.4969120194539265,0.7918375241656946
449,14.96024464187781,8.46024464187781,849.2439813151276,340.0813271050425,10.626466751098633,-30.46847915649414,7.583235883632932,0.7948022459332718
450,14.993563672260613,8.493563672260613,843.2373208047222,341.99710878207446,9.554215431213379,-30.82966423034668,7.561405724245774,0.7991344680067942
451,15.026882702643414,8.526882702643414,842.7564804673239,343.71948399659243,9.473038673400879,-31.14231300354004,7.523050520325806,0.8037657348159128
452,15.060201733026215,8.560201733026215,845.7886686245716,343.6086637298091,10.016819953918457,-31.114843368530273,7.5024224296205215,0.7930019923999364
453,15.093520763409016,8.593520763409016,847.6724095796675,343.52199413489734,10.354582786560059,-31.094554901123047,7.507928795447745,0.8069860437800044
454,15.126839793791818,8.626839793791818,850.2074402562206,343.5214338507021,10.809468269348145,-31.088237762451172,7.477593605551959,0.8364890259360777
455,15.16015882417462,8.66015882417462,852.5093509350935,343.7495416208287,11.223183631896973,-31.12384796142578,7.5065525826609205,0.8002443116309135
456,15.19347785455742,8.69347785455742,840.6988198458573,347.28155105973025,9.114398002624512,-31.79142951965332,7.562771955302954,0.7756568508491062
457,15.226796884940223,8.726796884940223,842.4103489771359,347.1862815884476,9.421215057373047,-31.770008087158203,7.5655036772469435,0.8101736339602635
458,15.260115915323023,8.760115915323023,843.6545981173063,347.5952208544533,9.645682334899902,-31.840890884399414,7.554570862752983,0.8170437863907942
459,15.293434945705824,8.793434945705824,845.1365254757519,347.61755678330263,9.91164493560791,-31.841297149658203,7.490018305794206,0.8058213990969714
460,15.326753976088627,8.826753976088627,841.3627486006906,348.58794807669403,9.237409591674805,-32.0259895324707,7.605003379813812,0.7993717175505304
461,15.360073006471428,8.860073006471428,834.9665822173965,351.20678006997224,8.097628593444824,-32.515098571777344,7.555938329659423,0.8200679693002503
462,15.393392036854229,8.893392036854229,836.9424610477241,351.3675622622991,8.45261287689209,-32.53931427001953,7.492776552363782,0.8064150086636541
463,15.426711067237031,8.926711067237031,837.5040739389517,351.45774048400824,8.553648948669434,-32.55424118041992,7.525796660413736,0.8307454012239857
464,15.460030097619832,8.960030097619832,838.1932036503362,351.56640249759846,8.677604675292969,-32.57219314575195,7.573692931324687,0.8441961353464441
465,15.493349128002633,8.993349128002633,838.3560551124003,351.6132463137539,8.706971168518066,-32.58026123046875,7.549098518056046,0.8525634654064226
466,15.526668158385434,9.026668158385434,838.2989678202792,351.6268366727383,8.696762084960938,-32.58285903930664,7.531285936607034,0.841614585581934
467,15.559987188768236,9.059987188768236,839.0509945750453,352.11404460518384,8.833133697509766,-32.66908264160156,7.558672521292121,0.8022854656007431
468,15.593306219151037,9.093306219151037,825.4859113761253,356.8439144159944,6.413751125335693,-33.55723190307617,7.675321407765538,0.8089207035159272
469,15.626625249533838,9.126625249533838,827.2928360413589,357.1708517971442,6.738900661468506,-33.611881256103516,7.480356433507144,0.80106972250046
470,15.65994427991664,9.15994427991664,828.6909135439627,356.9178300269409,6.988940715789795,-33.56272506713867,7.4996677306366655,0.7924197576393459
471,15.693263310299441,9.193263310299441,830.2910429141716,357.28979540918164,7.277111053466797,-33.62602615356445,7.430468357172961,0.8220170561113248
472,15.726582340682242,9.226582340682242,828.7031094527362,357.815671641791,6.993844985961914,-33.724952697753906,7.441583499298339,0.7890667753690644
473,15.759901371065045,9.259901371065045,822.7848116356699,360.2453505007153,5.93954610824585,-34.17852783203125,7.600926722656866,0.831010156102783
474,15.793220401447845,9.293220401447845,823.6531234748657,360.6159102000976,6.09644079208374,-34.243350982666016,7.513431125827519,0.8308155049591086
475,15.826539431830646,9.326539431830646,826.6874697629414,360.48209966134493,6.640341758728027,-34.211727142333984,7.5463608575786925,0.8324834390458442
476,15.859858462213449,9.359858462213449,827.3211065826849,360.3965666296159,6.753739356994629,-34.19472122192383,7.467915658399668,0.8048645040458456
477,15.89317749259625,9.39317749259625,827.4722222222221,360.40663240332844,6.78087854385376,-34.196170806884766,7.5024224296205215,0.8283826603224617
478,15.92649652297905,9.42649652297905,827.2648113790971,360.5894867037724,6.744228839874268,-34.229713439941406,7.462379767603,0.7908538354614403
479,15.959815553361851,9.459815553361851,827.3450335161486,360.6079219987812,6.758671283721924,-34.23284912109375,7.517555230680652,0.8156000055389795
480,15.993134583744654,9.493134583744654,829.6741752831117,360.4153126538651,7.1758928298950195,-34.19233322143555,7.480356433507144,0.8235169792932892
481,16.026453614127455,9.526453614127455,832.1772591262717,360.45936564931174,7.6250200271606445,-34.19414520263672,7.585960236472262,0.8172645386864977
482,16.059772644510257,9.559772644510257,836.1214750542299,360.4088937093276,8.332369804382324,-34.17535400390625,7.5600392462868,0.8052288966732372
483,16.093091674893056,9.593091674893056,838.8101918465227,360.49364508393285,8.814913749694824,-34.18406677246094,7.579147518226432,0.8002539049702567
484,16.12641070527586,9.626410705275859,838.363897878461,360.43401654081265,8.7346830368042,-34.17438888549805,7.580510551690959,0.8160907283245619
485,16.15972973565866,9.659729735658662,838.8777737795369,360.57178841309826,8.827265739440918,-34.19801712036133,7.577784239589947,0.8193421600034304
486,16.19304876604146,9.69304876604146,842.1211026844828,360.60539304201274,9.409135818481445,-34.196136474609375,7.56413793959212,0.8257390915310546
487,16.226367796424263,9.726367796424263,843.0795304826925,360.73170439573596,9.581425666809082,-34.21659851074219,7.583235883632932,0.8205214964871079
488,16.259686826807066,9.759686826807066,843.1567852437416,360.764163372859,9.595382690429688,-34.2222785949707,7.583235883632932,0.83385181507429
489,16.293005857189865,9.793005857189865,843.2132132132132,360.8359159159159,9.605710983276367,-34.235103607177734,7.5723286706757165,0.818162831544783
490,16.326324887572667,9.826324887572667,846.0945702984538,360.87462543449595,10.122653007507324,-34.23503112792969,7.580510551690959,0.8332525683512759
491,16.35964391795547,9.85964391795547,846.8143013498723,361.1183266447768,10.25247859954834,-34.27729415893555,7.525796660413736,0.8267997774599507
492,16.39296294833827,9.892962948338269,846.9702814167879,360.9816836487142,10.280047416687012,-34.25222396850586,7.535400269575277,0.8300669372833042
493,16.42628197872107,9.926281978721072,849.5728492691109,361.17589264318235,10.74743938446045,-34.28092575073242,7.581873340115757,0.8268491623994614
494,16.459601009103874,9.959601009103874,850.63539445629,361.16109926557687,10.937973022460938,-34.2756462097168,7.6253539738087435,0.8269102051590733
495,16.492920039486673,9.992920039486673,850.6493676926747,360.9813886900501,10.939952850341797,-34.243141174316406,7.598207736083495,0.8304157295988838
496,16.526239069869476,10.026239069869476,850.7370942627858,361.033896275003,10.955849647521973,-34.25241470336914,7.583235883632932,0.80750830045818
497,16.559558100252275,10.059558100252275,853.0058224163027,361.56307617661327,11.364317893981934,-34.34245681762695,7.535400269575277,0.79998879409509
498,16.592877130635078,10.092877130635078,854.2860277980981,361.5413313825896,11.593876838684082,-34.335384368896484,7.516180780494436,0.8410908051678
499,16.62619616101788,10.12619616101788,854.3823529411765,361.4794117647059,11.610971450805664,-34.32395935058594,7.4969120194539265,0.8138454632658594
500,16.65951519140068,10.15951519140068,855.3340694393326,361.64495153968835,11.782155990600586,-34.35153579711914,7.492776552363782,0.7973097864377868
501,16.69283422178348,10.192834221783482,856.9992671308172,361.83828020031757,12.081393241882324,-34.382381439208984,7.5093047560192625,0.8008312122353509
502,16.726153252166284,10.226153252166284,858.3349241311795,361.8306412139011,12.320929527282715,-34.37771987915039,7.5024224296205215,0.8283826575744214
503,16.759472282549083,10.259472282549083,859.9550981100276,361.9244011074997,12.611793518066406,-34.39068603515625,7.56413793959212,0.787157630561244
504,16.792791312931886,10.292791312931886,861.4539007092199,362.09159754778216,12.881103515625,-34.41720962524414,7.56959941174018,0.8046067268410008
505,16.82611034331469,10.326110343314689,861.803372149442,362.1460456089277,12.94393253326416,-34.42619705200195,7.535400269575277,0.80373904192159
506,16.859429373697488,10.359429373697488,862.7206607495068,362.2793392504931,13.10883903503418,-34.448020935058594,7.474829756407257,0.8090581370113544
507,16.89274840408029,10.39274840408029,865.6904331041138,362.2154662806128,13.641300201416016,-34.429195404052734,7.555938329659423,0.805457227082906
508,16.926067434463093,10.426067434463093,866.7733869984144,362.3674838394926,13.835965156555176,-34.45400619506836,7.51480607892272,0.780522649890066
509,16.959386464845892,10.459386464845892,866.8560743153575,362.31113523947397,13.850637435913086,-34.44361877441406,7.555938329659423,0.8146248301110758
510,16.992705495228694,10.492705495228694,868.0126751980499,362.52626447288236,14.058693885803223,-34.47964859008789,7.517555230680652,0.7935807421241028
511,17.026024525611497,10.526024525611497,869.1490225009221,362.65006762572233,14.262853622436523,-34.49922561645508,7.484498763183275,0.7829611647150053
512,17.059343555994296,10.559343555994296,868.9890851116015,362.6436104979151,14.234143257141113,-34.49845504760742,7.494155294955702,0.7666065290626065
513,17.0926625863771,10.592662586377099,869.7664127675009,362.67089831942934,14.373638153076172,-34.5014762878418,7.547729811940535,0.7999642069602017
514,17.1259816167599,10.625981616759901,871.0493417005044,362.84939091915834,14.604232788085938,-34.530574798583984,7.481737464892216,0.7823835467402985
515,17.1593006471427,10.6593006471427,870.7596271768457,362.84044640667156,14.552254676818848,-34.52967071533203,7.494155294955702,0.8002550356168348
516,17.192619677525503,10.692619677525503,872.6852531181218,362.43543653705063,14.89645767211914,-34.4517707824707,7.505176117520045,0.8026104588268916
517,17.225938707908306,10.725938707908306,875.0531561461794,361.8672326811861,15.319534301757812,-34.34330368041992,7.481737464892216,0.7912467416236518
518,17.259257738291105,10.759257738291105,878.7047583826429,361.28414694280076,15.972808837890625,-34.22899627685547,7.474829756407257,0.8090581383424719
519,17.292576768673907,10.792576768673907,880.3380623256941,361.06135564447675,16.265117645263672,-34.18473815917969,7.536771214782576,0.7887373238134234
520,17.325895799056706,10.825895799056706,881.529433681073,361.53365623447587,16.4801082611084,-34.267147064208984,7.447134849193324,0.7992841418490256
521,17.35921482943951,10.859214829439509,883.1802168021679,361.78085735402806,16.776870727539062,-34.30775451660156,7.477593605551959,0.7967219008017493
522,17.39253385982231,10.892533859822311,886.7614188532555,360.8593294460641,17.41657829284668,-34.132476806640625,7.529913992714312,0.7775107573335572
523,17.42585289020511,10.92585289020511,888.6998305495036,360.4893488259501,17.76320457458496,-34.06087112426758,7.543622203575393,0.8017354945188785
524,17.459171920587913,10.959171920587913,888.8551565711522,360.4746705356063,17.79102325439453,-34.057838439941406,7.547729811940535,0.7873768553775747
525,17.492490950970716,10.992490950970716,891.2945821185616,360.87742954324585,18.229637145996094,-34.1246223449707,7.529913992714312,0.8025691160963766
526,17.525809981353515,11.025809981353515,893.1824987727049,361.1488708885616,18.568979263305664,-34.169029235839844,7.491397556023336,0.8072330414789552
527,17.559129011736317,11.059129011736317,893.1018928220254,361.22689282202555,18.554733276367188,-34.183326721191406,7.485879030371254,0.8343226978800997
528,17.59244804211912,11.09244804211912,894.144591611479,361.2986264410105,18.7419376373291,-34.1937255859375,7.494155294955702,0.787571885450441
529,17.62576707250192,11.125767072501919,895.8475736462534,360.8907224055739,19.046239852905273,-34.115848541259766,7.5065525826609205,0.8132143422538839
530,17.65908610288472,11.159086102884721,896.3747427049279,360.7652258142632,19.140439987182617,-34.09188461303711,7.542252503663317,0.8116764916061039
531,17.692405133267524,11.192405133267524,898.191065792668,361.2623209516873,19.46753692626953,-34.17723846435547,7.532657630623801,0.8084990155325044
532,17.725724163650323,11.225724163650323,898.7399535849516,361.41199462562594,19.566383361816406,-34.20293045043945,7.5093047560192625,0.8367089996550447
533,17.759043194033126,11.259043194033126,898.9242813455656,361.5264831804281,19.59975242614746,-34.223167419433594,7.503799399886245,0.8354826031733226
534,17.79236222441593,11.292362224415928,899.0129806514816,361.49020328190056,19.615570068359375,-34.216392517089844,7.4996677306366655,0.8414350054657377
535,17.825681254798727,11.325681254798727,901.967032967033,360.6590964590964,20.14308738708496,-34.05898666381836,7.510680464514091,0.8341853778488703
536,17.85900028518153,11.35900028518153,902.4897089270489,360.539641943734,20.236495971679688,-34.0361213684082,7.520303377447894,0.7941610545358126
537,17.892319315564333,11.392319315564333,905.2986187507638,361.2867620095343,20.742277145385742,-34.164215087890625,7.5065525826609205,0.8002443077192386
538,17.92563834594713,11.425638345947132,905.4103790945896,361.53772543246225,20.762996673583984,-34.20927810668945,7.492776552363782,0.8064150060207996
539,17.958957376329934,11.458957376329934,905.3693358162632,361.56908752327746,20.75571632385254,-34.215049743652344,7.448522040198965,0.793171601442801
540,17.992276406712737,11.492276406712737,905.6185171432107,361.4774105706152,20.800159454345703,-34.1978759765625,7.459610281603888,0.7955348700846888
541,18.025595437095536,11.525595437095536,906.4140974489178,360.7901100229718,20.94098472595215,-34.07174301147461,7.547729811940535,0.7750842766231213
542,18.05891446747834,11.558914467478338,909.0664484054807,360.4418576452043,21.41571617126465,-34.0023193359375,7.536771214782576,0.7728352096622813
543,18.092233497861137,11.592233497861137,909.9452478062043,360.70201458410577,21.57401466369629,-34.04716873168945,7.465148226154038,0.7877417726685083
544,18.12555252824394,11.62555252824394,911.9711420885301,361.39068231841526,21.939172744750977,-34.16661834716797,7.505176117520045,0.8156407079274035
545,18.158871558626743,11.658871558626743,914.6028867505552,361.2673328398717,22.410808563232422,-34.137874603271484,7.472064884939852,0.7918198907850091
546,18.19219058900954,11.692190589009542,917.0310868245293,360.6823315118397,22.84470558166504,-34.02622604370117,7.531285936607034,0.7717106780306375
547,18.225509619392344,11.725509619392344,917.2603745868528,360.6677683927041,22.88578987121582,-34.02302932739258,7.501045206583747,0.7827804343352404
548,18.258828649775147,11.758828649775147,917.5385939036381,360.594395280236,22.93548583984375,-34.009090423583984,7.485879030371254,0.798488468209292
549,18.292147680157946,11.792147680157946,917.5368045297882,360.7039635647464,22.935457229614258,-34.02888870239258,7.480356433507144,0.7973107553029941
550,18.32546671054075,11.825466710540748,922.4345606999635,360.94300644063674,23.814416885375977,-34.060062408447266,7.52854179880903,0.7797664803510763
551,18.35878574092355,11.858785740923551,926.1447653429603,361.8890493381468,24.482240676879883,-34.22187423706055,7.5655036772469435,0.8101736313244939
552,18.39210477130635,11.89210477130635,927.0587431693989,361.92498758072526,24.64622688293457,-34.22612762451172,7.447134849193324,0.8257087508546181
553,18.425423801689153,11.925423801689153,926.7926222545807,361.8532945030943,24.598318099975586,-34.213829040527344,7.534029074901095,0.8061133515669081
554,18.458742832071955,11.958742832071955,926.7523499638467,361.8389973487587,24.591068267822266,-34.211341857910156,7.5600392462868,0.8182270477055695
555,18.492061862454754,11.992061862454754,928.4151284835324,361.48739293038966,24.888317108154297,-34.143741607666016,7.555938329659423,0.8239498410618649
556,18.525380892837557,12.025380892837557,930.5690789473684,361.22173489278754,25.27389144897461,-34.0904655456543,7.518929429619227,0.8320319245233386
557,18.55869992322036,12.05869992322036,930.9127963231737,360.86550556361874,25.334598541259766,-34.02526092529297,7.5463608575786925,0.7896727418506989
558,18.59201895360316,12.092018953603159,934.0465390975667,360.49598393574297,25.89560317993164,-33.950809478759766,7.6361854479813065,0.8292610528655693
559,18.62533798398596,12.125337983985961,939.735361583967,361.6082337317397,26.918601989746094,-34.13780212402344,7.553203148273999,0.7885192229588261
560,18.658657014368764,12.158657014368764,941.0027727546715,361.7840867992767,27.146318435668945,-34.16645812988281,7.558672521292121,0.8022854682004595
561,18.691976044751563,12.191976044751563,940.753028100775,361.66000484496124,27.101226806640625,-34.1446533203125,7.540882554963675,0.8140856264111027
562,18.725295075134365,12.225295075134365,940.5771449170873,361.78370583994234,27.06999969482422,-34.16743087768555,7.570964164191861,0.8244714522851287
563,18.758614105517168,12.258614105517168,941.1895924308589,361.5902474526929,27.179325103759766,-34.1309814453125,7.535400269575277,0.8261311462375547
564,18.791933135899967,12.291933135899967,941.9107688546632,361.5925925925926,27.308652877807617,-34.129634857177734,7.5065525826609205,0.80938303798736
565,18.82525216628277,12.32525216628277,942.2914402994084,361.6788603163105,27.377134323120117,-34.144287109375,7.553203148273999,0.8140351632054579
566,18.858571196665572,12.358571196665572,942.2655855855855,361.6562162162162,27.3724365234375,-34.1402587890625,7.5723286706757165,0.8051870444352194
567,18.89189022704837,12.391890227048371,942.1254077564334,361.5152833152108,27.346948623657227,-34.115142822265625,7.550466976060227,0.7968239986839796
568,18.925209257431174,12.425209257431174,942.4867609720711,361.6123806069399,27.411989212036133,-34.13179397583008,7.547729811940535,0.8355946994434617
569,18.958528287813973,12.458528287813973,945.4745040769136,360.99756602166235,27.94618034362793,-34.01339340209961,7.523050520325806,0.7910478163608997
570,18.991847318196776,12.491847318196776,949.513101767215,361.20487507617304,28.670902252197266,-34.04093551635742,7.517555230680652,0.760448081326331
571,19.025166348579578,12.525166348579578,950.9287990196077,360.9800245098039,28.924184799194336,-33.99684143066406,7.4969120194539265,0.8008438927263849
572,19.058485378962377,12.558485378962377,951.112252384446,361.05172413793105,28.957263946533203,-34.00934982299805,7.505176117520045,0.7935842258745326
573,19.09180440934518,12.59180440934518,951.0751416605074,361.19881744271987,28.950979232788086,-34.036014556884766,7.477593605551959,0.8189937870319199
574,19.125123439727982,12.625123439727982,952.4338624338624,361.8239202657807,29.19618034362793,-34.145606994628906,7.481737464892216,0.7912467429098669
575,19.15844247011078,12.658442470110781,953.8350327749454,362.1045156591406,29.448129653930664,-34.19286346435547,7.532657630623801,0.7994065619178268
576,19.191761500493584,12.691761500493584,955.2904049616928,362.07491183266444,29.709020614624023,-34.18394470214844,7.525796660413736,0.8005933294082597
577,19.225080530876387,12.725080530876387,956.7912507701785,362.04251386321624,29.978055953979492,-34.174407958984375,7.476211808699073,0.8028533605310569
578,19.258399561259186,12.758399561259186,957.5894736842105,361.6346037507562,30.12017059326172,-34.09876251220703,7.544991654835394,0.7868056741163669
579,19.291718591641988,12.791718591641988,959.3910162002945,361.6313205694649,30.443191528320312,-34.093746185302734,7.491397556023336,0.7869923636301329
580,19.32503762202479,12.82503762202479,959.5488905145086,361.6866617898073,30.47163963317871,-34.10335922241211,7.516180780494436,0.7959131584812533
581,19.35835665240759,12.85835665240759,959.5850289801454,361.65408805031444,30.478038787841797,-34.097381591796875,7.473447448534798,0.7894942584294463
582,19.391675682790392,12.891675682790392,960.4487320837927,361.4319490383437,30.632360458374023,-34.05513381958008,7.498290001639896,0.8114250864447566
583,19.424994713173195,12.924994713173195,961.0898466033601,361.3070367664962,30.74700927734375,-34.0309944152832,7.521677074304259,0.8326401336133996
584,19.458313743555994,12.958313743555994,965.0995151515151,360.7909090909091,31.464706420898438,-33.92791748046875,7.538141910659106,0.8005710236720178
585,19.491632773938797,12.991632773938797,967.6899563318777,360.5465793304221,31.92860221862793,-33.877418518066406,7.535400269575277,0.8129023597595463
586,19.5249518043216,13.0249518043216,967.7076848835806,360.44649535529015,31.931541442871094,-33.85929489135742,7.555938329659423,0.8334358966324013
587,19.5582708347044,13.058270834704398,967.9597784200384,360.5145712909441,31.97690773010254,-33.8709716796875,7.562771955302954,0.8321437510445467
588,19.5915898650872,13.091589865087201,968.5443928018115,360.7051602907877,32.08219528198242,-33.90397262573242,7.602285851272585,0.838046539375853
589,19.624908895470004,13.124908895470004,971.8921216475095,362.23503352490417,32.68618392944336,-34.17213821411133,7.584598182374478,0.8369538236289438
590,19.658227925852803,13.158227925852803,971.9537003718362,362.3248170804846,32.69743347167969,-34.188209533691406,7.577784239589947,0.8063476731027402
591,19.691546956235605,13.191546956235605,973.0486260454002,362.1240143369176,32.89327621459961,-34.14924621582031,7.592766841912027,0.8253266329837654
592,19.724865986618404,13.224865986618404,976.6294959701671,362.2249488752556,33.53556823730469,-34.15869140625,7.566869168400964,0.8040264144612588
593,19.758185017001207,13.258185017001207,979.4594725969132,362.29432494835334,34.04313659667969,-34.16427993774414,7.52854179880903,0.7959020007749867
594,19.79150404738401,13.29150404738401,979.5016322089227,362.36114133720224,34.05085754394531,-34.17625045776367,7.547729811940535,0.8128558267391149
595,19.82482307776681,13.324823077766808,979.4099892202659,362.17858426158824,34.03398513793945,-34.143497467041016,7.583235883632932,0.8205214964871079
596,19.85814210814961,13.358142108149611,979.6888729703915,362.22134670487105,34.08408737182617,-34.150535583496094,7.595487776183891,0.8259182663298688
597,19.891461138532414,13.391461138532414,983.968180193064,362.22452627815517,34.85136413574219,-34.14060974121094,7.602285851272585,0.8207859684578952
598,19.924780168915213,13.424780168915213,986.1983183183182,361.9740540540541,35.250614166259766,-34.08989715576172,7.5723286706757165,0.8143300134522512
599,19.958099199298015,13.458099199298015,987.6581626542101,362.0156905018565,35.512451171875,-34.093833923339844,7.583235883632932,0.7948022459332718
600,19.991418229680818,13.491418229680818,989.8617500304246,362.07983448947306,35.907691955566406,-34.10001754760742,7.523050520325806,0.8129446835150385
601,20.024737260063617,13.524737260063617,990.3647201946471,361.9317518248175,35.997528076171875,-34.0720329284668,7.524423715649887,0.8067324494444912
602,20.05805629044642,13.55805629044642,990.1576021271452,361.969784868262,35.96047592163086,-34.079410552978516,7.549098518056046,0.8158605237335969
603,20.091375320829222,13.591375320829222,990.26481548263,361.87690828224544,35.97948455810547,-34.06237030029297,7.56959941174018,0.8099399133342225
604,20.12469435121202,13.624694351212021,990.4586832177192,362.0915175854935,36.01474380493164,-34.10066223144531,7.523050520325806,0.8000091679128869
605,20.158013381594824,13.658013381594824,990.309913845407,362.02827326780726,35.9879264831543,-34.089599609375,7.534029074901095,0.8023458138943776
606,20.191332411977626,13.691332411977626,991.2836461783829,361.90295669243034,36.162208557128906,-34.0645751953125,7.492776552363782,0.7846940211759232
607,20.224651442360425,13.724651442360425,995.2115594329334,361.7712347025324,36.86614227294922,-34.03114700317383,7.539512357340851,0.8072871632279542
608,20.257970472743228,13.757970472743228,997.3009732360097,361.80985401459856,37.2408447265625,-34.03299331665039,7.524423715649887,0.776377360971152
609,20.29128950312603,13.79128950312603,998.2313624678663,361.69261843554904,37.407386779785156,-34.00953674316406,7.501045206583747,0.8308813286314758
610,20.32460853350883,13.82460853350883,998.6796282709709,361.8525311812179,37.488121032714844,-34.037322998046875,7.505176117520045,0.8156407106112988
611,20.357927563891632,13.857927563891632,999.3935323383084,361.7268656716418,37.61582946777344,-34.01287078857422,7.441583499298339,0.8111246684691475
612,20.391246594274435,13.891246594274435,1001.0289003183933,361.65086945873134,37.90885925292969,-33.99513244628906,7.4996677306366655,0.8144438777076941
613,20.424565624657234,13.924565624657234,1001.8299369238233,361.7296215429403,38.05265426635742,-34.007389068603516,7.535400269575277,0.8090878726545482
614,20.457884655040036,13.957884655040036,1001.905569589799,361.56826657043183,38.06584167480469,-33.978057861328125,7.566869168400964,0.8358490257412668
615,20.49120368542284,13.991203685422839,1004.1301912069174,361.72305443916696,38.46503829956055,-34.00056076049805,7.520303377447894,0.8123510779213918
616,20.524522715805638,14.024522715805638,1005.4161227942953,361.3921924099589,38.6948356628418,-33.93763732910156,7.549098518056046,0.8727303946710285
617,20.55784174618844,14.05784174618844,1008.176773113264,361.5561535701471,39.19015121459961,-33.960487365722656,7.588683611263451,0.8446871350036823
618,20.59116077657124,14.09116077657124,1009.6163000360621,361.3962014665224,39.44786834716797,-33.928062438964844,7.56959941174018,0.8404439907045537
619,20.624479806954042,14.124479806954042,1010.360758729008,361.54005074302285,39.58167266845703,-33.95221710205078,7.550466976060227,0.8322293286320047
620,20.657798837336845,14.157798837336845,1010.4330047462578,361.5251308263356,39.59458541870117,-33.949344635009766,7.523050520325806,0.8129446861792925
621,20.691117867719644,14.191117867719644,1012.1587760510781,361.54439224189855,39.904029846191406,-33.9485969543457,7.561405724245774,0.8346424618792159
622,20.724436898102446,14.224436898102446,1012.831677094835,361.63869463869463,40.02488327026367,-33.96398162841797,7.492776552363782,0.8064150033779452
623,20.75775592848525,14.257755928485249,1013.1915722810862,361.63183534283274,40.08939743041992,-33.961856842041016,7.520303377447894,0.8255932081106676
624,20.791074958868048,14.291074958868048,1013.1299660852712,361.6377180232558,40.0783576965332,-33.963069915771484,7.540882554963675,0.8368976069043372
625,20.82439398925085,14.32439398925085,1015.3586265884652,361.81769305962854,40.47832489013672,-33.9901123046875,7.507928795447745,0.8295990757585783
626,20.857713019633653,14.357713019633653,1017.212829736211,361.8167865707434,40.81074142456055,-33.98540115356445,7.579147518226432,0.8357513037674079
627,20.891032050016452,14.391032050016452,1016.7163636363637,361.79527272727273,40.72168731689453,-33.982730865478516,7.538141910659106,0.8005710262704633
628,20.924351080399255,14.424351080399255,1020.6851110302148,361.973182866157,41.43359375,-34.00513458251953,7.534029074901095,0.8286096246547329
629,20.957670110782058,14.457670110782058,1022.117149758454,362.06739130434784,41.690528869628906,-34.018638610839844,7.55183518608796,0.8297387058281117
630,20.990989141164857,14.490989141164857,1025.508254430687,362.1375333818888,42.29863357543945,-34.02299499511719,7.532657630623801,0.82162486842943
631,21.02430817154766,14.52430817154766,1025.9535788066594,362.20439907643697,42.37861633300781,-34.03398132324219,7.52854179880903,0.8049395386019703
632,21.057627201930462,14.557627201930462,1026.6448187477115,362.38496277309895,42.5029182434082,-34.06489944458008,7.512055921070722,0.7976725167447545
633,21.09094623231326,14.59094623231326,1027.2012940330696,362.1883537023724,42.60225296020508,-34.028018951416016,7.581873340115757,0.8190984199604615
634,21.124265262696063,14.624265262696063,1027.7695562809818,362.1779712247612,42.7041015625,-34.02475357055664,7.547729811940535,0.8182871471791293
635,21.157584293078866,14.657584293078866,1028.6764025800169,362.37677984665936,42.86711120605469,-34.05843734741211,7.523050520325806,0.8129446821829114
636,21.190903323461665,14.690903323461665,1031.9279081133918,362.4127565982405,43.45008087158203,-34.05696105957031,7.507928795447745,0.8162391210213831
637,21.224222353844468,14.724222353844468,1033.9201930215293,362.65330363771346,43.80775833129883,-34.095523834228516,7.460995153105952,0.8248194490762397
638,21.25754138422727,14.75754138422727,1035.6689950980392,362.61936274509804,44.121185302734375,-34.08510208129883,7.4969120194539265,0.8138454632658594
639,21.29086041461007,14.79086041461007,1037.5637739533747,362.7424630782375,44.461116790771484,-34.102691650390625,7.512055921070722,0.8105702505028897
640,21.324179444992872,14.824179444992872,1039.5845445736434,362.56976744186045,44.82301712036133,-34.0665397644043,7.540882554963675,0.836897602739906
641,21.35749847537567,14.857498475375671,1039.3269577769759,362.5818597377601,44.776851654052734,-34.06935501098633,7.566869168400964,0.8358490229797122
642,21.390817505758474,14.890817505758474,1039.5666788454512,362.8152478382657,44.82032775878906,-34.11092758178711,7.520303377447894,0.7780608300112635
643,21.424136536141276,14.924136536141276,1043.3988029803345,363.3517772077684,45.50843048095703,-34.19843673706055,7.5093047560192625,0.8099766475637697
644,21.457455566524075,14.957455566524075,1043.4048480463098,363.1594307766522,45.509117126464844,-34.16367721557617,7.557305549127712,0.8176354183867326
645,21.490774596906878,14.990774596906878,1045.1416129801955,363.13886900501075,45.82039260864258,-34.155704498291016,7.598207736083495,0.8399601302089824
646,21.52409362728968,15.02409362728968,1046.399179932465,363.1654606849976,46.04587936401367,-34.15742492675781,7.557305549127712,0.817635415711567
647,21.55741265767248,15.05741265767248,1046.479159071576,363.4681006197594,46.06085205078125,-34.211891174316406,7.52854179880903,0.8650023337358453
648,21.590731688055282,15.090731688055282,1046.4043221055172,363.4553905589762,46.04740905761719,-34.20977783203125,7.553203148273999,0.8853137381782825
649,21.624050718438085,15.124050718438085,1046.7923058193328,363.52873143413683,46.11712646484375,-34.22207260131836,7.521677074304259,0.8326401322323176
650,21.657369748820884,15.157369748820884,1050.93352919574,363.8069531154364,46.86003112792969,-34.26216506958008,7.501045206583747,0.821370224948976
651,21.690688779203686,15.190688779203686,1054.7237920489295,364.12428134556575,47.54010772705078,-34.3101806640625,7.503799399886245,0.8087894363667492
652,21.72400780958649,15.224007809586489,1057.8490612045841,364.46817849305046,48.10103988647461,-34.364627838134766,7.516180780494436,0.8180343750844371
653,21.757326839969288,15.257326839969288,1057.6944444444443,364.46352657004826,48.073307037353516,-34.36417007446289,7.55183518608796,0.8393304460005152
654,21.79064587035209,15.29064587035209,1057.7079849751606,364.6349206349206,48.07609176635742,-34.39509201049805,7.539512357340851,0.8533016265480063
655,21.823964900734893,15.323964900734893,1058.2616250611845,364.6398678414097,48.175331115722656,-34.39462661743164,7.5024224296205215,0.8150422961704487
656,21.857283931117692,15.357283931117692,1059.4004368401893,364.9035311248635,48.37999725341797,-34.439453125,7.534029074901095,0.8422277852254965
657,21.890602961500495,15.390602961500495,1060.641463710166,364.9283896764813,48.602508544921875,-34.440895080566406,7.539512357340851,0.8072871605972202
658,21.923921991883297,15.423921991883297,1064.06118987035,365.4843087362171,49.21659469604492,-34.53291320800781,7.539512357340851,0.8434541803045175
659,21.957241022266096,15.457241022266096,1066.4333699767924,365.77818492732376,49.64238357543945,-34.58016586303711,7.5093047560192625,0.8327121289013747
660,21.9905600526489,15.490560052648899,1066.4472140762464,365.7639296187683,49.64484786987305,-34.577552795410156,7.507928795447745,0.8256522717391205
661,22.0238790830317,15.523879083031701,1066.5706401766004,365.7536178562668,49.66694641113281,-34.57539367675781,7.494155294955702,0.7965086823276806
662,22.0571981134145,15.5571981134145,1068.622359796067,366.173707210488,50.035526275634766,-34.64622497558594,7.532657630623801,0.8084990155325044
663,22.090517143797303,15.590517143797303,1069.0907542579075,366.2304136253041,50.119590759277344,-34.65531539916992,7.524423715649887,0.8292841759721882
664,22.123836174180102,15.623836174180102,1071.5181422351234,366.7346395742622,50.55569076538086,-34.740421295166016,7.5463608575786925,0.8341267099260795
665,22.157155204562905,15.657155204562905,1072.023222060958,366.5917997097242,50.64591598510742,-34.713382720947266,7.5463608575786925,0.8114432971889399
666,22.190474234945707,15.690474234945707,1074.3212409918162,366.9307438622206,51.0584831237793,-34.768959045410156,7.5093047560192625,0.797088356548891
667,22.223793265328506,15.723793265328506,1075.2676972150655,366.6591829223408,51.227569580078125,-34.717594146728516,7.492776552363782,0.8156770976701606
668,22.25711229571131,15.757112295711309,1073.5697932053176,365.1088133924175,50.92015838623047,-34.441768646240234,7.480356433507144,0.7973107579055332
669,22.29043132609411,15.790431326094112,1074.43525356967,364.8679222058099,51.07480239868164,-34.39613723754883,7.480356433507144,0.7973107579055332
670,22.32375035647691,15.82375035647691,1077.0850958565243,365.3416202844774,51.550682067871094,-34.475189208984375,7.462379767603,0.8557394436020717
671,22.357069386859713,15.857069386859713,1077.815380792645,365.3043856379674,51.68151092529297,-34.466670989990234,7.44574739974501,0.851929098108199
672,22.390388417242516,15.890388417242516,1079.2330985045112,365.6378692374243,51.936275482177734,-34.52342224121094,7.465148226154038,0.832532692092568
673,22.423707447625315,15.923707447625315,1079.165371809101,365.5915649278579,51.92403793334961,-34.51522445678711,7.473447448534798,0.8247786366358433
674,22.457026478008117,15.957026478008117,1079.2422686713114,365.56985698569855,51.93777847290039,-34.51111602783203,7.5065525826609205,0.841793346359076
675,22.49034550839092,15.99034550839092,1081.2444526173838,364.75959298761796,52.2950439453125,-34.359867095947266,7.495533783939117,0.8296607877494862
676,22.52366453877372,16.02366453877372,1082.2567160583062,364.23960968558004,52.47544479370117,-34.26347732543945,7.561405724245774,0.8346424605004318
677,22.55698356915652,16.05698356915652,1084.9722928009678,364.7071990320629,52.96308517456055,-34.34125900268555,7.544991654835394,0.8406456322352011
678,22.590302599539324,16.090302599539324,1086.781168677549,364.7159924296191,53.28730392456055,-34.33841323852539,7.6307716327329,0.8610748741770853
679,22.623621629922123,16.123621629922123,1090.0775475584635,365.67030170846965,53.87996292114258,-34.50267028808594,7.539512357340851,0.8821072384759783
680,22.656940660304926,16.156940660304926,1089.0957549445247,364.57416787264833,53.70187759399414,-34.3071174621582,7.557305549127712,0.840546869725141
681,22.69025969068773,16.19025969068773,1089.0712735166426,364.4030390738061,53.69717025756836,-34.276275634765625,7.557305549127712,0.8544182082608238
682,22.723578721070528,16.223578721070528,1090.1844048916332,364.5798522823586,53.89702606201172,-34.305477142333984,7.542252503663317,0.8304194786965962
683,22.75689775145333,16.25689775145333,1091.0940325497288,364.7951778179626,54.06045913696289,-34.342132568359375,7.558672521292121,0.8340391703006876
684,22.790216781836133,16.290216781836133,1092.24230351322,365.2784015453338,54.26719665527344,-34.42658996582031,7.553203148273999,0.823353426943547
685,22.823535812218932,16.323535812218932,1094.8710885586563,365.6292134831461,54.739013671875,-34.48349380493164,7.550466976060227,0.8742935608449457
686,22.856854842601734,16.356854842601734,1095.2754150006058,365.5221131709681,54.81127166748047,-34.46316146850586,7.539512357340851,0.8394250969015541
687,22.890173872984537,16.390173872984537,1097.6145379777454,364.75943396226415,55.22904586791992,-34.31968307495117,7.5463608575786925,0.811443295864605
688,22.923492903367336,16.423492903367336,1099.2145286686102,364.9840864917395,55.51622772216797,-34.3563346862793,7.529913992714312,0.8441672163059413
689,22.95681193375014,16.45681193375014,1100.5929150042316,365.3404666908475,55.763946533203125,-34.41730880737305,7.547729811940535,0.8316260384511958
690,22.990130964132938,16.490130964132938,1098.9727719803286,364.23545639918433,55.471492767333984,-34.221717834472656,7.577784239589947,0.824816824714222
691,23.02344999451574,16.52344999451574,1098.2960534304796,363.6485731633272,55.34908676147461,-34.11738204956055,7.531285936607034,0.8375942869276322
692,23.056769024898543,16.556769024898543,1100.348856799037,363.90938628158847,55.71751403808594,-34.159454345703125,7.5655036772469435,0.8288058564475799
693,23.090088055281342,16.590088055281342,1101.0608674814282,363.97651569614186,55.84525680541992,-34.16982650756836,7.581873340115757,0.8460207667628991
694,23.123407085664144,16.623407085664144,1102.8157357357356,364.00984984984984,56.15984344482422,-34.171546936035156,7.5723286706757165,0.8370555909781157
695,23.156726116046947,16.656726116046947,1103.044428347217,363.5394180852348,56.19993591308594,-34.086021423339844,7.553203148273999,0.8424764408195022
696,23.190045146429746,16.690045146429746,1105.6357889618282,363.6579139314369,56.66459274291992,-34.101070404052734,7.527169354754457,0.8298894942621974
697,23.22336417681255,16.72336417681255,1105.9109738372092,363.1065891472868,56.7129020690918,-34.000816345214844,7.540882554963675,0.8011532636446175
698,23.25668320719535,16.75668320719535,1105.8796599878567,363.0638737097753,56.70719909667969,-33.99317932128906,7.531285936607034,0.8147255042894417
699,23.29000223757815,16.79000223757815,1107.5700957227673,363.16357688113413,57.01035690307617,-34.00703811645508,7.539512357340851,0.8298161899015475
700,23.323321267960953,16.823321267960953,1110.5480062643053,363.9901216720877,57.54560470581055,-34.149017333984375,7.561405724245774,0.8443072466042835
701,23.356640298343756,16.856640298343756,1113.3197303478992,364.7063921993499,58.04367446899414,-34.27157974243164,7.56413793959212,0.8087715903434772
702,23.389959328726555,16.889959328726555,1113.0254389107847,364.4611250447868,57.990478515625,-34.228004455566406,7.594127430909941,0.8151973654674286
703,23.423278359109357,16.923278359109357,1112.5710811139486,363.59284932506387,57.90745544433594,-34.072303771972656,7.525796660413736,0.8363737501942252
704,23.45659738949216,16.95659738949216,1112.6253514240311,362.31597604204865,57.91484832763672,-33.841552734375,7.5065525826609205,0.8186792189970348
705,23.48991641987496,16.98991641987496,1114.5597529967308,362.46821649110063,58.261810302734375,-33.86430740356445,7.542252503663317,0.8264847427991202
706,23.52323545025776,17.02323545025776,1114.5387120115774,362.3535938253738,58.25783920288086,-33.84365463256836,7.557305549127712,0.8503200414193895
707,23.556554480640564,17.056554480640564,1117.023522242535,363.2450944546008,58.70481491088867,-33.99857711791992,7.517555230680652,0.8483387743206345
708,23.589873511023363,17.089873511023363,1120.1011691720353,363.73669768551656,59.25728225708008,-34.07981491088867,7.598207736083495,0.8265098956216056
709,23.623192541406166,17.123192541406166,1120.989844683393,363.331541218638,59.41582107543945,-34.00446319580078,7.592766841912027,0.8624554258542708
710,23.65651157178897,17.15651157178897,1122.3122959738846,364.05634143392575,59.65412139892578,-34.13212203979492,7.547729811940535,0.8412559026944468
711,23.689830602171767,17.189830602171767,1125.3772946859901,364.80591787439613,60.20476531982422,-34.25997543334961,7.55183518608796,0.8297387044597289
712,23.72314963255457,17.22314963255457,1124.3218265503876,363.6796269379845,60.013587951660156,-34.05915832519531,7.540882554963675,0.8606820426602818
713,23.75646866293737,17.25646866293737,1126.2616356786973,364.05577834487787,60.36190414428711,-34.122337341308594,7.52854179880903,0.836984019256753
714,23.78978769332017,17.28978769332017,1126.7313109425786,364.2446129770073,60.4464225769043,-34.1552848815918,7.56413793959212,0.8489729616443977
715,23.823106723702974,17.323106723702974,1126.539653929344,364.31771208844026,60.41220474243164,-34.1689567565918,7.570964164191861,0.8435879178780884
716,23.856425754085773,17.356425754085773,1126.6434136839541,364.21633795958115,60.43062210083008,-34.150394439697266,7.521677074304259,0.8423213724335343
717,23.889744784468576,17.389744784468576,1125.9782088122604,362.5912356321839,60.30849838256836,-33.858524322509766,7.584598182374478,0.8466289730221958
718,23.92306381485138,17.42306381485138,1128.2678936605316,362.25718753759173,60.718284606933594,-33.792572021484375,7.566869168400964,0.8738321119125902
719,23.956382845234177,17.456382845234177,1128.8318220287752,361.7363075807037,60.818416595458984,-33.697105407714844,7.547729811940535,0.8551627045279739
720,23.98970187561698,17.48970187561698,1130.5969077185293,361.45020696372046,61.1342658996582,-33.6411018371582,7.521677074304259,0.8664016724159619
721,24.023020905999783,17.523020905999783,1130.5227739519148,361.41959647215174,61.120933532714844,-33.6357536315918,7.550466976060227,0.8557830633823147
722,24.05633993638258,17.55633993638258,1132.4040367849038,361.55738683864803,61.45833206176758,-33.656028747558594,7.594127430909941,0.8801390891769193
723,24.089658966765384,17.589658966765384,1134.4444444444443,362.3044685990338,61.825321197509766,-33.78596496582031,7.55183518608796,0.8631840267943807
724,24.122977997148187,17.622977997148187,1134.7343600764086,362.0138490926456,61.876773834228516,-33.732765197753906,7.595487776183891,0.8490618205319773
725,24.156297027530986,17.656297027530986,1135.6343738787227,362.0550173424231,62.03814697265625,-33.73799133300781,7.588683611263451,0.8311068443037316
726,24.18961605791379,17.68961605791379,1139.862274734455,362.97589211123045,62.797447204589844,-33.893943786621094,7.596847877864805,0.8604514614691052
727,24.22293508829659,17.72293508829659,1140.894490457328,362.37510502940825,62.98140335083008,-33.782901763916016,7.5750569462716,0.8655348304624432
728,24.25625411867939,17.75625411867939,1141.8199809251312,362.3667143538388,63.14723587036133,-33.779117584228516,7.600926722656866,0.8643101687055704
729,24.289573149062193,17.789573149062193,1141.8442935430069,362.37574457946147,63.151607513427734,-33.78068923950195,7.603644736948159,0.8411626500804342
730,24.322892179444995,17.822892179444995,1143.5719489981784,363.08184578020644,63.462432861328125,-33.90398406982422,7.531285936607034,0.841614584180254
731,24.356211209827794,17.856211209827794,1144.7876127773714,363.2655449890271,63.68061065673828,-33.93417739868164,7.516180780494436,0.8451444939888177
732,24.389530240210597,17.889530240210597,1145.149554109424,362.96469028681605,63.74496078491211,-33.87895584106445,7.5600392462868,0.8411550815904806
733,24.4228492705934,17.9228492705934,1147.2967230824631,362.8086664265994,64.12950134277344,-33.84550857543945,7.5750569462716,0.8281247588233076
734,24.4561683009762,17.9561683009762,1147.3985688729874,362.30590339892666,64.14689636230469,-33.75445556640625,7.5995673509706565,0.87114507141858
735,24.489487331359,17.989487331359,1147.8086441681467,362.4960331557134,64.22069549560547,-33.78779220581055,7.626708749332235,0.8491212585570791
736,24.522806361741804,18.022806361741804,1147.8819419775014,362.3825932504441,64.23365020751953,-33.76712417602539,7.626708749332235,0.8394566798403318
737,24.556125392124603,18.056125392124603,1149.2539510194233,361.70104958378573,64.4783706665039,-33.64065933227539,7.555938329659423,0.8570237710476705
738,24.589444422507405,18.089444422507405,1150.5200145560407,361.1478651140223,64.704345703125,-33.53763961791992,7.535400269575277,0.8356811845779433
739,24.622763452890204,18.122763452890204,1153.7225680458928,361.8509703405346,65.27945709228516,-33.65678405761719,7.512055921070722,0.8470980552199482
740,24.656082483273007,18.156082483273007,1155.7841787439613,362.2903381642512,65.64965057373047,-33.731082916259766,7.55183518608796,0.825813778902122
741,24.68940151365581,18.18940151365581,1157.3440471891176,362.16323582520766,65.92897033691406,-33.70429992675781,7.56413793959212,0.8312881398616755
742,24.72272054403861,18.22272054403861,1157.2984230167328,361.5513422414831,65.9197998046875,-33.593894958496094,7.56413793959212,0.8352457396718957
743,24.75603957442141,18.25603957442141,1159.605409995148,362.0958272683163,66.3341293334961,-33.686580657958984,7.535400269575277,0.8453977849923116
744,24.789358604804214,18.289358604804214,1159.1343247491234,360.97847902309275,66.24785614013672,-33.485923767089844,7.547729811940535,0.8316260425725993
745,24.822677635187013,18.322677635187013,1160.2210236126093,361.69531343641376,66.44379425048828,-33.61273193359375,7.580510551690959,0.8388654464475961
746,24.855996665569815,18.355996665569815,1161.325856246985,361.68837433671007,66.64176177978516,-33.60877227783203,7.557305549127712,0.8365479762048861
747,24.889315695952618,18.389315695952618,1161.470944741533,360.5941770647653,66.66598510742188,-33.41078186035156,7.613150145277579,0.8364745957201173
748,24.922634726335417,18.422634726335417,1165.0649116480347,361.67520134631565,67.31181335449219,-33.597225189208984,7.56959941174018,0.8744628025512304
749,24.95595375671822,18.45595375671822,1166.322109582428,362.3427468018344,67.5381851196289,-33.71470642089844,7.554570862752983,0.8399386620413827
750,24.989272787101022,18.489272787101022,1167.024280136652,361.2701317715959,67.66228485107422,-33.51926040649414,7.513431125827519,0.8645030580881374
751,25.02259181748382,18.52259181748382,1166.447622495776,360.82066135650496,67.55821990966797,-33.43948745727539,7.554570862752983,0.85379996064269
752,25.055910847866624,18.555910847866624,1166.888888888889,360.9718875502008,67.6375503540039,-33.465721130371094,7.523050520325806,0.8397749908593506
753,25.089229878249427,18.589229878249427,1168.6593630268198,361.0028735632184,67.95488739013672,-33.466976165771484,7.584598182374478,0.8506857507889471
754,25.122548908632226,18.622548908632226,1169.9408602150538,360.668458781362,68.18400573730469,-33.4034309387207,7.592766841912027,0.8525191323390475
755,25.155867939015028,18.655867939015028,1170.177644003777,360.5810906515581,68.22628021240234,-33.38706970214844,7.638890916781156,0.8629082429041925
756,25.18918696939783,18.68918696939783,1170.9820438659917,360.8817787418655,68.37091827392578,-33.43940734863281,7.5600392462868,0.8795403438652101
757,25.22250599978063,18.72250599978063,1175.2661339145175,361.9777212737619,69.14037322998047,-33.62685012817383,7.542252503663317,0.8539219925473501
758,25.255825030163432,18.755825030163432,1172.8718968426126,359.8400819474572,68.70794677734375,-33.246620178222656,7.5600392462868,0.8550364558789577
759,25.289144060546235,18.789144060546235,1172.4440028901734,358.368978805395,68.62891387939453,-32.98194122314453,7.562771955302954,0.8844893410905791
760,25.322463090929034,18.822463090929034,1174.379070881226,358.32399425287355,68.97563934326172,-32.96907043457031,7.584598182374478,0.860600685881351
761,25.355782121311837,18.855782121311837,1177.4409975669098,359.40328467153284,69.52608489990234,-33.15652084350586,7.524423715649887,0.8569290686370539
762,25.389101151694636,18.889101151694636,1181.908503767492,361.0956823346489,70.32929229736328,-33.451255798339844,7.588683611263451,0.8586030200948568
763,25.42242018207744,18.92242018207744,1182.2092404450893,361.3059990324141,70.3835220336914,-33.48850631713867,7.5463608575786925,0.851945219213004
764,25.45573921246024,18.95573921246024,1181.2227074235807,360.13076176613293,70.20490264892578,-33.278656005859375,7.535400269575277,0.8594310484279379
765,25.48905824284304,18.98905824284304,1178.5299422799424,357.9890572390572,69.71900939941406,-32.89838790893555,7.56823441318761,0.8568911987333587
766,25.522377273225842,19.022377273225842,1178.1169082125602,357.60797101449276,69.64440155029297,-32.830562591552734,7.55183518608796,0.8776324546835442
767,25.555696303608645,19.055696303608645,1176.4196694018312,356.57640623141873,69.33860778808594,-32.64836883544922,7.610435525777736,0.8635322057015392
768,25.589015333991444,19.089015333991444,1176.5583932853715,356.51270983213425,69.36335754394531,-32.63652038574219,7.579147518226432,0.8694389820478138
769,25.622334364374247,19.122334364374247,1174.6332851289467,354.9544468546638,69.0158920288086,-32.359718322753906,7.5600392462868,0.8550364587387269
770,25.65565339475705,19.15565339475705,1174.2855255255254,354.5523123123123,68.95291900634766,-32.28791809082031,7.5723286706757165,0.8649114722961831
771,25.68897242513985,19.18897242513985,1172.450867052023,353.3214113680154,68.62215423583984,-32.07001876831055,7.562771955302954,0.8556547020661727
772,25.72229145552265,19.22229145552265,1170.8044267053701,352.15771649733915,68.32518768310547,-31.863784790039062,7.5463608575786925,0.8763605235897999
773,25.755610485905454,19.255610485905454,1170.5325796255772,351.99221979090686,68.27619934082031,-31.83454704284668,7.527169354754457,0.8575545628651143
774,25.788929516288253,19.288929516288253,1170.51833030853,352.0235934664247,68.27368927001953,-31.84025001525879,7.544991654835394,0.854542345675712
775,25.822248546671055,19.322248546671055,1168.8697428502762,350.5898822398462,67.97589874267578,-31.585214614868164,7.570964164191861,0.8339475336023721
776,25.855567577053858,19.355567577053858,1166.9400762889134,349.72745170419586,67.62860870361328,-31.434093475341797,7.481737464892216,0.8362369518390116
777,25.888886607436657,19.388886607436657,1166.7993172396975,349.3997805413314,67.60285186767578,-31.37522315979004,7.516180780494436,0.8180343737385513
778,25.92220563781946,19.42220563781946,1166.5864287448408,348.9219470745326,67.56391906738281,-31.28938865661621,7.532657630623801,0.8123107277655437
779,25.955524668202262,19.455524668202262,1165.0431472081218,347.97474014986705,67.28572845458984,-31.121984481811523,7.549098518056046,0.8291374541007002
780,25.98884369858506,19.48884369858506,1164.5800315036956,347.96910214467465,67.20272064208984,-31.12210464477539,7.539512357340851,0.8298161912723588
781,26.022162728967864,19.522162728967864,1164.1158844765343,347.70312876052947,67.11907196044922,-31.07516860961914,7.5655036772469435,0.8423714997383198
782,26.055481759350666,19.555481759350666,1162.4029225056893,346.3302191879267,66.80976867675781,-30.831228256225586,7.583235883632932,0.8260040372141881
783,26.088800789733465,19.588800789733465,1159.5766387980127,344.4978795589482,66.30008697509766,-30.50695037841797,7.539512357340851,0.8165063237258815
784,26.122119820116268,19.622119820116268,1157.5356882738529,343.1825685846079,65.9320068359375,-30.274179458618164,7.532657630623801,0.8216248670776369
785,26.155438850499067,19.655438850499067,1156.8554701792903,342.94450542749115,65.8096694946289,-30.23281478881836,7.51480607892272,0.8243866428548836
786,26.18875788088187,19.68875788088187,1154.0207801676995,340.84299428849187,65.29793548583984,-29.859834671020508,7.52854179880903,0.814131898698713
787,26.222076911264672,19.722076911264672,1150.667751265365,339.18197155941186,64.69395446777344,-29.567731857299805,7.5600392462868,0.8182270477055695
788,26.25539594164747,19.75539594164747,1149.7192088338793,338.43975245722606,64.52262878417969,-29.435853958129883,7.534029074901095,0.842227775406588
789,26.288714972030274,19.788714972030274,1147.5957966764418,337.3252688172043,64.13999938964844,-29.23952865600586,7.507928795447745,0.8490600515600849
790,26.322034002413076,19.822034002413076,1147.6431459022417,337.4079382579934,64.14862823486328,-29.254362106323242,7.498290001639896,0.8399412157840286
791,26.355353032795875,19.855353032795875,1147.9193469785573,337.4834307992203,64.19827270507812,-29.267337799072266,7.518929429619227,0.832031917622973
792,26.388672063178678,19.888672063178678,1147.9542579075426,337.5553527980535,64.20465087890625,-29.280258178710938,7.524423715649887,0.8469992354267749
793,26.42199109356148,19.92199109356148,1147.96809158446,337.51090001217875,64.20706939697266,-29.272184371948242,7.520303377447894,0.8255932081106676
794,26.45531012394428,19.95531012394428,1147.8921356421356,337.4877344877345,64.19339752197266,-29.2681827545166,7.56823441318761,0.8429797074109808
795,26.488629154327082,19.988629154327082,1151.1869475723452,339.5034507809662,64.78758239746094,-29.62458610534668,7.542252503663317,0.8343823693620348
796,26.521948184709885,20.021948184709885,1154.2830485883921,341.4820065430753,65.34603118896484,-29.97471809387207,7.539512357340851,0.8072871619125872
797,26.555267215092684,20.055267215092684,1156.9747787074086,343.19607129865403,65.83146667480469,-30.277997970581055,7.536771214782576,0.8067002534532429
798,26.588586245475486,20.088586245475486,1155.0296322323727,342.76891543687043,65.48202514648438,-30.205541610717773,7.6685880777496145,0.8458708513556361
799,26.62190527585829,20.12190527585829,1145.1050244659266,340.31316386203605,63.69843292236328,-29.785871505737305,7.596847877864805,0.8424851393656934
800,26.655224306241088,20.155224306241088,1143.766355140187,340.2365204888569,63.458282470703125,-29.775287628173828,7.581873340115757,0.8229601076964709
801,26.68854333662389,20.18854333662389,1141.6835488505747,340.0116139846743,63.084442138671875,-29.739727020263672,7.584598182374478,0.8369538277697894
802,26.721862367006693,20.221862367006693,1140.4573419850997,340.27024753664983,62.865020751953125,-29.78948402404785,7.570964164191861,0.83000268664366
803,26.755181397389492,20.255181397389492,1141.3435288473072,341.43420894806286,63.02590560913086,-29.99775505065918,7.577784239589947,0.8619866376003814
804,26.788500427772295,20.288500427772295,1141.2575378381598,342.296031462281,63.01197814941406,-30.153770446777344,7.602285851272585,0.8575577369878586
805,26.821819458155097,20.321819458155097,1141.3305923012751,342.4286735788345,63.02529525756836,-30.177574157714844,7.602285851272585,0.8436917115562584
806,26.855138488537897,20.355138488537897,1138.9425695677915,342.01870929544106,62.596431732177734,-30.109304428100586,7.626708749332235,0.8531733998380415
807,26.8884575189207,20.3884575189207,1135.9270090347122,341.1816452686638,62.05427169799805,-29.965354919433594,7.611792956543152,0.8201179981383334
808,26.9217765493035,20.4217765493035,1133.1150750750749,340.5417417417417,61.54895782470703,-29.856548309326172,7.5723286706757165,0.8275283447187045
809,26.9550955796863,20.4550955796863,1130.9032102341298,340.33393676080135,61.151973724365234,-29.82438850402832,7.554570862752983,0.8170437837175643
810,26.988414610069103,20.488414610069103,1129.1916240564888,340.163623082542,60.84477233886719,-29.79779052734375,7.521677074304259,0.8192312026064676
811,27.021733640451902,20.521733640451902,1129.6005116959063,340.91045321637426,60.91939926147461,-29.931814193725586,7.518929429619227,0.7964953971253388
812,27.055052670834705,20.555052670834705,1128.8415972976231,340.4958378574014,60.7825813293457,-29.85871124267578,7.555938329659423,0.8471333669279418
813,27.088371701217508,20.588371701217508,1128.4988362121767,340.6253828249418,60.72134780883789,-29.882972717285156,7.498290001639896,0.8302710554305051
814,27.121690731600307,20.621690731600307,1128.9834353619012,341.2575921257952,60.809364318847656,-29.99608612060547,7.5750569462716,0.8187524931016649
815,27.15500976198311,20.65500976198311,1125.0765066762901,340.54360639961504,60.10755157470703,-29.876564025878906,7.566869168400964,0.822442392964165
816,27.188328792365912,20.688328792365912,1123.4018281535648,340.9062766605728,59.80790710449219,-29.94623374938965,7.517555230680652,0.811757470995618
817,27.22164782274871,20.72164782274871,1121.6505980427692,340.8371390600459,59.49376678466797,-29.938018798828125,7.550466976060227,0.8058507789367498
818,27.254966853131513,20.754966853131513,1123.4468704512374,341.8000970402717,59.817588806152344,-30.10772132873535,7.535400269575277,0.8222232815056877
819,27.288285883514316,20.788285883514316,1122.4048756584589,341.372289599412,59.62997817993164,-30.032926559448242,7.498290001639896,0.8263143951772925
820,27.321604913897115,20.821604913897115,1119.1487235067436,340.42678227360307,59.04438781738281,-29.869953155517578,7.562771955302954,0.8149764253592856
821,27.354923944279918,20.854923944279918,1116.244141823089,340.17016317016316,58.5230827331543,-29.830665588378906,7.492776552363782,0.8156770976701606
822,27.38824297466272,20.88824297466272,1115.1497113997114,339.9179894179894,58.326358795166016,-29.787752151489258,7.56823441318761,0.8161541409526956
823,27.42156200504552,20.92156200504552,1113.5301321692737,340.44149387656114,58.03690719604492,-29.886367797851562,7.536771214782576,0.7902546532971283
824,27.454881035428322,20.954881035428322,1113.3208756652152,341.07039187227866,58.00054168701172,-30.000587463378906,7.5463608575786925,0.8023177227852447
825,27.488200065811125,20.988200065811125,1111.7120511908995,340.59485721056996,57.71116256713867,-29.918546676635742,7.623998957543259,0.7908277379825904
826,27.521519096193924,21.021519096193924,1108.1513087128003,340.09334289470536,57.07172775268555,-29.836589813232422,7.591406009059102,0.8184383477187225
827,27.554838126576726,21.054838126576726,1108.3504181600956,340.2757467144564,57.10776901245117,-29.869081497192383,7.592766841912027,0.8122156944253677
828,27.58815715695953,21.08815715695953,1108.4157316926046,340.79804560260584,57.12044906616211,-29.96335220336914,7.555938329659423,0.8108085850459475
829,27.621476187342328,21.121476187342328,1107.3494643072108,340.6147827133742,56.92890167236328,-29.932828903198242,7.56413793959212,0.8125692972617046
830,27.65479521772513,21.15479521772513,1107.3574107683,340.7392619479734,56.93055725097656,-29.9553165435791,7.544991654835394,0.8176935335538122
831,27.688114248107933,21.188114248107933,1106.24496844111,340.22257949267595,56.73011016845703,-29.864620208740234,7.605003379813812,0.8083763556021025
832,27.721433278490732,21.221433278490732,1102.961515477471,340.3650053782718,56.141571044921875,-29.898408889770508,7.591406009059102,0.818438349052259
833,27.754752308873535,21.254752308873535,1101.6709508508866,340.36832083779603,55.910133361816406,-29.902170181274414,7.6077199376356965,0.8352817607000663
834,27.788071339256334,21.288071339256334,1101.3757641136283,340.24116025410524,55.85696029663086,-29.879899978637695,7.580510551690959,0.8254104289358607
835,27.821390369639136,21.321390369639136,1101.4741784037558,340.45828819068254,55.87501525878906,-29.91891860961914,7.56413793959212,0.8257390928873458
836,27.85470940002194,21.35470940002194,1103.4630232838701,341.8652430932561,56.23431396484375,-30.168424606323242,7.555938329659423,0.8200679652688515
837,27.888028430404738,21.388028430404738,1103.3562552780793,342.6471226927253,56.21662521362305,-30.31004524230957,7.555938329659423,0.8070191058573591
838,27.92134746078754,21.42134746078754,1101.1485857500895,342.69196801527625,55.82084655761719,-30.32355499267578,7.596847877864805,0.8196121594218453
839,27.954666491170343,21.454666491170343,1097.1999038345955,341.96826541651643,55.111412048339844,-30.2023868560791,7.56959941174018,0.826931927893682
840,27.987985521553142,21.487985521553142,1097.0400866738894,341.911279643674,55.0826301574707,-30.19247817993164,7.56413793959212,0.8257390915310546
841,28.021304551935945,21.521304551935945,1097.067437379576,342.42642100192677,55.0885124206543,-30.28554344177246,7.562771955302954,0.8188186837181276
842,28.054623582318747,21.554623582318747,1094.6205596107054,341.9855231143552,54.64891052246094,-30.21182632446289,7.524423715649887,0.819829614339793
843,28.087942612701546,21.587942612701546,1093.1947040498442,341.97507788161994,54.393192291259766,-30.213424682617188,7.581873340115757,0.8229601036575902
844,28.12126164308435,21.62126164308435,1093.065493295019,341.86087164750955,54.369815826416016,-30.19309425354004,7.584598182374478,0.8235517369988541
845,28.15458067346715,21.65458067346715,1092.9254480286738,341.8195937873357,54.3446044921875,-30.185972213745117,7.592766841912027,0.8253266329837654
846,28.18789970384995,21.68789970384995,1094.4426801395405,342.8229279441838,54.61859893798828,-30.36365509033203,7.566869168400964,0.8636647545071102
847,28.221218734232753,21.721218734232753,1090.064442026357,342.6048845363317,53.83308029174805,-30.3349552154541,7.547729811940535,0.8221605946439156
848,28.254537764615556,21.754537764615556,1088.4932702801018,342.37771310779675,53.5508918762207,-30.297733306884766,7.536771214782576,0.8292129120729905
849,28.287856794998355,21.787856794998355,1087.6512390670555,342.6938775510204,53.400508880615234,-30.35695457458496,7.529913992714312,0.7988243245531216
850,28.321175825381157,21.821175825381157,1086.715815085158,342.74464720194646,53.23286437988281,-30.368425369262695,7.524423715649887,0.8237261105859179
851,28.35449485576396,21.85449485576396,1086.7676509903997,342.705310487301,53.242088317871094,-30.361186981201172,7.52854179880903,0.8179856755183447
852,28.38781388614676,21.88781388614676,1084.7931943445963,342.5255212077642,52.887664794921875,-30.333513259887695,7.581873340115757,0.8098867631632244
853,28.42113291652956,21.92113291652956,1080.3850554165176,341.7745203193898,52.095672607421875,-30.20853042602539,7.602285851272585,0.8436917031938601
854,28.454451946912364,21.954451946912364,1078.7676099473233,341.39372779615337,51.80486297607422,-30.143646240234375,7.498290001639896,0.8168779472802751
855,28.487770977295163,21.987770977295163,1079.6269026548673,341.9368731563422,51.960052490234375,-30.23973846435547,7.6402432919208625,0.8329045082661206
856,28.521090007677966,22.021090007677966,1081.9717106055134,343.8041410858312,52.38420104980469,-30.57158088684082,7.56413793959212,0.7997120859815011
857,28.554409038060765,22.054409038060765,1081.4633284600388,343.77534113060426,52.29299545288086,-30.567617416381836,7.518929429619227,0.8320319259034118
858,28.587728068443568,22.087728068443568,1078.8179808400885,343.19049373618276,51.81745910644531,-30.468366622924805,7.488638801536112,0.821415056054204
859,28.62104709882637,22.12104709882637,1076.548327820654,343.0330760749724,51.41013717651367,-30.445466995239258,7.498290001639896,0.8263143965469244
860,28.65436612920917,22.15436612920917,1075.5522058823528,342.93284313725485,51.2313117980957,-30.42978286743164,7.4969120194539265,0.8232310013556151
861,28.68768515959197,22.18768515959197,1072.148214929679,342.2493088111552,50.61949157714844,-30.31454086303711,7.56959941174018,0.8364523090510764
862,28.721004189974774,22.221004189974774,1072.02813697318,342.1878591954023,50.59782791137695,-30.303728103637695,7.584598182374478,0.8329947696543792
863,28.754323220357573,22.254323220357573,1071.734999396354,342.34842448388264,50.545589447021484,-30.333473205566406,7.553203148273999,0.797401614082674
864,28.787642250740376,22.287642250740376,1069.7884958913899,341.99368822198403,50.195796966552734,-30.274105072021484,7.605003379813812,0.8213728702992845
865,28.82096128112318,22.32096128112318,1069.3136615978758,342.0231716147719,50.1107177734375,-30.280595779418945,7.554570862752983,0.8170437797077194
866,28.854280311505978,22.354280311505978,1069.2872609166366,342.0222543004932,50.10596466064453,-30.28049659729004,7.566869168400964,0.8131562030989218
867,28.88759934188878,22.38759934188878,1066.422696575012,341.90267727930535,49.59201431274414,-30.265892028808594,7.557305549127712,0.8046466566685112
868,28.920918372271583,22.420918372271583,1063.4634645479714,342.4182015167931,49.06236267089844,-30.36634635925293,7.56413793959212,0.803446096870801
869,28.954237402654382,22.454237402654382,1062.4885450401823,342.20858822118265,48.8870849609375,-30.330835342407227,7.577784239589947,0.7812692061300397
870,28.987556433037184,22.487556433037184,1062.4641666666666,342.4009523809524,48.88310241699219,-30.365671157836914,7.606361779999659,0.8189480736528901
871,29.020875463419987,22.520875463419987,1063.830381881701,343.3386338995302,49.130027770996094,-30.531850814819336,7.561405724245774,0.8119823927494173
872,29.054194493802786,22.554194493802786,1062.2850206360768,343.15962612284534,48.8525390625,-30.503276824951172,7.532657630623801,0.8123107251077994
873,29.08751352418559,22.58751352418559,1060.294434470377,342.60754039497306,48.49441909790039,-30.40833854675293,7.585960236472262,0.8172645413497455
874,29.12083255456839,22.62083255456839,1060.3154654110829,342.72039116262226,48.498416900634766,-30.42868995666504,7.553203148273999,0.8102216871334459
875,29.15415158495119,22.65415158495119,1059.9497716894978,342.571377072819,48.43254470825195,-30.40264320373535,7.570964164191861,0.8075578279542782
876,29.187470615333993,22.687470615333993,1061.7538571941154,343.76055495754093,48.758522033691406,-30.613218307495117,7.588683611263451,0.8178514365397099
877,29.220789645716795,22.720789645716795,1058.3397412646596,343.37286906057307,48.14544677734375,-30.551488876342773,7.547729811940535,0.7873768553775747
878,29.254108676099595,22.754108676099595,1056.9946062567421,342.92233009708735,47.903289794921875,-30.473331451416016,7.580510551690959,0.8428686439812922
879,29.287427706482397,22.787427706482397,1055.0359869138495,342.8808917969223,47.55194854736328,-30.47063446044922,7.539512357340851,0.8574311539804976
880,29.3207467368652,22.8207467368652,1053.3650622605362,342.6568486590038,47.25182342529297,-30.434223175048828,7.584598182374478,0.8369538263895075
881,29.354065767248,22.854065767248,1051.0997869318182,342.2204071969697,46.84463119506836,-30.360858917236328,7.628063284242008,0.8330178461928868
882,29.3873847976308,22.8873847976308,1051.481243301179,342.5940216744075,46.91382598876953,-30.42747688293457,7.605003379813812,0.8346853438770032
883,29.4207038280136,22.9207038280136,1051.2911407621107,342.60355811996635,46.8797607421875,-30.429664611816406,7.56959941174018,0.8364523104328505
884,29.454022858396403,22.954022858396403,1050.1970077797725,342.49443447037703,46.683311462402344,-30.41261863708496,7.585960236472262,0.8305104274796887
885,29.487341888779206,22.987341888779206,1046.0733021918793,342.168762726075,45.94304656982422,-30.363834381103516,7.583235883632932,0.8434748062567191
886,29.520660919162005,23.020660919162005,1045.1037010334053,342.09192501802454,45.76900863647461,-30.352313995361328,7.570964164191861,0.8205935810512682
887,29.553979949544807,23.053979949544807,1044.8688327316486,342.1206979542719,45.726924896240234,-30.35809326171875,7.5655036772469435,0.7973752925145187
888,29.58729897992761,23.08729897992761,1044.923499224251,342.0064446831364,45.73649215698242,-30.33730125427246,7.596847877864805,0.8234698296606786
889,29.62061801031041,23.12061801031041,1045.162293488824,343.0369290573372,45.78152084350586,-30.523027420043945,7.529913992714312,0.8210264458935738
890,29.65393704069321,23.15393704069321,1045.4731807724907,343.70771279815955,45.838680267333984,-30.643537521362305,7.542252503663317,0.8304194773247882
891,29.687256071076014,23.187256071076014,1042.5591596019167,343.4822459761641,45.315608978271484,-30.609912872314453,7.487259043108643,0.7961359774036495
892,29.720575101458813,23.220575101458813,1041.682320106783,343.59131173401283,45.15858840942383,-30.631778717041016,7.534029074901095,0.8153191125502606
893,29.753894131841616,23.253894131841616,1041.2275853598624,343.5647261115205,45.076961517333984,-30.62808609008789,7.488638801536112,0.8253416038648637
894,29.78721316222442,23.28721316222442,1041.3046228710461,343.5201946472019,45.09067916870117,-30.619848251342773,7.524423715649887,0.8332483427014427
895,29.820532192607217,23.320532192607217,1041.1684914841849,343.5352798053528,45.06629943847656,-30.622907638549805,7.524423715649887,0.797659858902207
896,29.85385122299002,23.35385122299002,1034.8939886760631,342.89591615468015,43.939632415771484,-30.52267837524414,7.561405724245774,0.7814789939168701
897,29.887170253372823,23.387170253372823,1032.2054927694737,342.6552436505043,43.4569091796875,-30.48575210571289,7.52854179880903,0.7922030523103133
898,29.92048928375562,23.42048928375562,1031.4610829103215,342.602973168963,43.32328796386719,-30.478124618530273,7.549098518056046,0.8158605157255214
899,29.953808314138424,23.453808314138424,1030.7462217386046,342.68782493047996,43.19526672363281,-30.49521827697754,7.547729811940535,0.8182871404747223
900,29.987127344521227,23.487127344521227,1028.4616324535677,342.5274926686217,42.78517532348633,-30.471824645996094,7.507928795447745,0.812387159234425
901,30.020446374904026,23.520446374904026,1027.3009779065555,342.4912471326814,42.576927185058594,-30.46811294555664,7.553203148273999,0.810221684493149
902,30.05376540528683,23.55376540528683,1027.2843664158604,342.3107607786934,42.57355499267578,-30.435522079467773,7.594127430909941,0.8060658850062203
903,30.08708443566963,23.58708443566963,1027.4072474202062,342.3647708183345,42.595699310302734,-30.44498634338379,7.576420715649159,0.808722296214032
904,30.12040346605243,23.62040346605243,1024.3740185581728,342.2353081132524,42.0513916015625,-30.42901039123535,7.609077852851801,0.8195330418950799
905,30.153722496435233,23.653722496435233,1024.0173661360348,342.1798118668596,41.9872932434082,-30.419845581054688,7.557305549127712,0.8046466631976961
906,30.18704152681803,23.68704152681803,1019.9542624521072,342.0457375478927,41.25825119018555,-30.40555763244629,7.584598182374478,0.8235517396933769
907,30.220360557200834,23.720360557200834,1019.9753395282345,342.0864903502502,41.26211929321289,-30.412872314453125,7.603644736948159,0.8276931609636473
908,30.253679587583637,23.753679587583637,1020.0863755666904,342.17131949415415,41.28221893310547,-30.427940368652344,7.598207736083495,0.8042839606067975
909,30.286998617966436,23.786998617966436,1020.1396882494004,342.1749400479616,41.29179382324219,-30.42845916748047,7.579147518226432,0.8262547331780175
910,30.32031764834924,23.82031764834924,1020.1163870046412,342.0849696536951,41.28741455078125,-30.412250518798828,7.6077199376356965,0.8352817634439968
911,30.35363667873204,23.85363667873204,1020.0619765494137,342.20818377602296,41.277923583984375,-30.43466567993164,7.587322046058042,0.8241433703420539
912,30.38695570911484,23.88695570911484,1020.0712495524525,342.18188327962764,41.2795295715332,-30.429885864257812,7.596847877864805,0.8234698296606786
913,30.420274739497643,23.920274739497643,1015.4106367583213,342.1424264351182,40.443511962890625,-30.434165954589844,7.557305549127712,0.7795807394090364
914,30.453593769880445,23.953593769880445,1009.3397880891487,342.067592254293,39.35445022583008,-30.435504913330078,7.520303377447894,0.8031788289911276
915,30.486912800263244,23.986912800263244,1009.2388546574846,341.98211912528694,39.33614730834961,-30.42029571533203,7.550466976060227,0.8096347799770368
916,30.520231830646047,24.020231830646047,1009.6785329018338,341.91118302768785,39.41485595703125,-30.406394958496094,7.580510551690959,0.8199318336007467
917,30.55355086102885,24.05355086102885,1009.0098738995955,341.913871044492,39.29492950439453,-30.408517837524414,7.609077852851801,0.8327934410651655
918,30.58686989141165,24.08686989141165,1007.5459110473457,341.8523433763749,39.03219985961914,-30.40097999572754,7.590044932220003,0.828632447357945
919,30.62018892179445,24.12018892179445,1007.404556354916,341.9538369304556,39.007076263427734,-30.419673919677734,7.579147518226432,0.8130984511685818
920,30.653507952177254,24.153507952177254,1007.4616216216216,342.02054054054054,39.01746368408203,-30.431596755981445,7.5723286706757165,0.8051870418261008
921,30.686826982560053,24.186826982560053,1007.459209120057,341.8228238926493,39.01658630371094,-30.395851135253906,7.615863797171021,0.8144720829073019
922,30.720146012942855,24.220146012942855,1001.8171659533998,341.750951022349,38.00440216064453,-30.39667510986328,7.611792956543152,0.8201180008064552
923,30.753465043325658,24.253465043325658,1000.8705853894533,342.0354378326076,37.83527755737305,-30.45043182373047,7.5463608575786925,0.8152688917366906
924,30.786784073708457,24.286784073708457,1001.0184309445858,341.96180429247,37.86162567138672,-30.43675422668457,7.536771214782576,0.7939359088011091
925,30.82010310409126,24.32010310409126,1000.8321167883212,341.97919708029195,37.82823944091797,-30.44035530090332,7.524423715649887,0.8105358357614414
926,30.853422134474062,24.353422134474062,996.9578781257586,341.91794124787566,37.1331787109375,-30.438770294189453,7.532657630623801,0.7994065606204939
927,30.88674116485686,24.38674116485686,996.0829059829059,341.91709401709403,36.97622299194336,-30.440759658813477,7.510680464514091,0.8302072917328637
928,30.920060195239664,24.420060195239664,996.1313168124392,341.9432701652089,36.98496627807617,-30.445375442504883,7.529913992714312,0.8623504187755344
929,30.953379225622466,24.453379225622466,996.2515173585821,341.9204904102937,37.0064811706543,-30.440963745117188,7.532657630623801,0.8216248670776369
930,30.986698256005266,24.486698256005266,996.1266375545852,341.9438379427462,36.984134674072266,-30.445491790771484,7.535400269575277,0.8356811887363215
931,31.020017286388068,24.520017286388068,996.1058908565233,341.9765088543549,36.980491638183594,-30.451446533203125,7.561405724245774,0.8251426760633028
932,31.053336316770867,24.553336316770867,993.578797580932,342.048381358947,36.52736282348633,-30.470630645751953,7.621288202272667,0.7902654728099285
933,31.08665534715367,24.58665534715367,990.9175704989154,342.2067968185105,36.05037307739258,-30.50579261779785,7.5600392462868,0.7925380288373435
934,31.119974377536472,24.619974377536472,990.9763113367173,342.0852066715011,36.060630798339844,-30.483665466308594,7.549098518056046,0.7902457989928258
935,31.15329340791927,24.65329340791927,990.6759956942949,342.13598851811986,36.00688552856445,-30.493581771850586,7.588683611263451,0.8086689317367001
936,31.186612438302074,24.686612438302074,989.3054050800529,342.1261586613699,35.761009216308594,-30.495162963867188,7.56413793959212,0.803446096870801
937,31.219931468684877,24.719931468684877,988.0724375226367,342.19896172884216,35.540016174316406,-30.511348724365234,7.553203148273999,0.7974016127937343
938,31.253250499067676,24.753250499067676,987.9575317604356,342.2469449485783,35.51951599121094,-30.52030372619629,7.544991654835394,0.7956687614446927
939,31.286569529450478,24.786569529450478,987.7460717284393,342.20570948782535,35.48149490356445,-30.51336669921875,7.577784239589947,0.7812692061300397
940,31.31988855983328,24.81988855983328,987.6798118668596,342.20851423058366,35.469608306884766,-30.5140380859375,7.557305549127712,0.7831777453607697
941,31.35320759021608,24.85320759021608,987.8368357487922,342.17512077294685,35.49769973754883,-30.507610321044922,7.55183518608796,0.8034821949426669
942,31.386526620598882,24.886526620598882,986.391885497989,342.12053465814995,35.23838424682617,-30.501283645629883,7.6307716327329,0.8111926287213745
943,31.419845650981685,24.919845650981685,980.6733909702208,342.15009606147936,34.212677001953125,-30.520631790161133,7.573692931324687,0.8119285213773442
944,31.453164681364484,24.953164681364484,978.3050077686147,342.3703836500538,33.788360595703125,-30.566267013549805,7.591406009059102,0.784080539536411
945,31.486483711747287,24.986483711747287,977.3365637712371,342.1078009093084,33.614009857177734,-30.521156311035156,7.587322046058042,0.8148533346101228
946,31.51980274213009,25.01980274213009,975.2562243171379,342.4598743050519,33.24168395996094,-30.589914321899414,7.549098518056046,0.781477648952606
947,31.55312177251289,25.05312177251289,974.9701818181818,342.4598787878788,33.19036865234375,-30.590614318847656,7.538141910659106,0.8005710301681315
948,31.58644080289569,25.08644080289569,974.4922354640664,342.5095702419646,33.10476303100586,-30.60077476501465,7.56413793959212,0.7908039593924648
949,31.619759833278493,25.119759833278493,971.6516636418631,342.69134906231096,32.59565353393555,-30.640596389770508,7.544991654835394,0.8215641764684797
950,31.653078863661293,25.153078863661293,971.8605601634811,342.58107945666546,32.63285446166992,-30.620149612426758,7.56959941174018,0.8137431102639373
951,31.686397894044095,25.186397894044095,971.5946271533548,342.6155884833152,32.585235595703125,-30.62704086303711,7.561405724245774,0.8119823980414862
952,31.719716924426898,25.219716924426898,971.7650828194896,342.7064442026357,32.61603546142578,-30.643051147460938,7.547729811940535,0.8090478728244528
953,31.753035954809697,25.253035954809697,971.6361350574713,342.58441091954023,32.59260177612305,-30.621299743652344,7.584598182374478,0.8014053494378398
954,31.7863549851925,25.2863549851925,971.7021632604277,342.58467790127884,32.60445022583008,-30.62118911743164,7.591406009059102,0.7965157985882204
955,31.8196740155753,25.3196740155753,971.8652147610404,342.7765275257108,32.63417053222656,-30.655475616455078,7.544991654835394,0.8046824598758685
956,31.8529930459581,25.3529930459581,971.7524119633381,342.7203328509407,32.613800048828125,-30.645591735839844,7.557305549127712,0.830941229802729
957,31.886312076340904,25.386312076340904,971.8079605579605,342.6017316017316,32.623477935791016,-30.624013900756836,7.56823441318761,0.806975594480627
958,31.919631106723703,25.419631106723703,971.6934642900447,342.58954771432036,32.602909088134766,-30.622087478637695,7.536771214782576,0.8197749219539273
959,31.952950137106505,25.452950137106505,965.3965781710914,343.12318584070795,31.474658966064453,-30.7340030670166,7.6402432919208625,0.7768857358565371
960,31.986269167489308,25.486269167489308,963.2113791423001,343.3095760233918,31.083120346069336,-30.773054122924805,7.518929429619227,0.8280735407684158
961,32.01958819787211,25.51958819787211,958.8005594065426,343.5225586768819,30.29241371154785,-30.822368621826172,7.525796660413736,0.8097144768034329
962,32.05290722825491,25.55290722825491,958.8638980766874,343.60896729143695,30.303991317749023,-30.837841033935547,7.498290001639896,0.8168779459340378
963,32.08622625863771,25.58622625863771,959.0375243664716,343.6017300194932,30.33512306213379,-30.836101531982422,7.518929429619227,0.8320319190030461
964,32.119545289020515,25.619545289020515,958.8250426725189,343.65801024140455,30.29714012145996,-30.8468017578125,7.516180780494436,0.8087609371245931
965,32.152864319403314,25.652864319403314,957.1713201077638,342.8163115356356,29.99839973449707,-30.698665618896484,7.4996677306366655,0.8144438777076941
966,32.18618334978611,25.686183349786113,954.99003524122,342.17499088589136,29.605501174926758,-30.588045120239258,7.52854179880903,0.8011774869965586
967,32.21950238016892,25.71950238016892,955.0071178670527,342.08915430088064,29.608352661132812,-30.572481155395508,7.555938329659423,0.7979792346371277
968,32.25282141055172,25.752821410551718,954.9141961918534,342.0974933718968,29.591697692871094,-30.574220657348633,7.5600392462868,0.7925380262853225
969,32.28614044093452,25.786140440934517,954.6798561151079,342.11282973621104,29.549701690673828,-30.577564239501953,7.579147518226432,0.7877113345213558
970,32.31945947131732,25.819459471317323,953.2157721796276,341.6839479128636,29.285974502563477,-30.503602981567383,7.523050520325806,0.7910478163608997
971,32.35277850170012,25.852778501700122,953.1682680463167,341.5490268539049,29.277118682861328,-30.47932243347168,7.477593605551959,0.771765422007838
972,32.38609753208292,25.88609753208292,952.8505364409915,341.2932544086817,29.21947479248047,-30.43384552001953,7.473447448534798,0.8022597614978562
973,32.41941656246573,25.919416562465727,950.8987451857372,340.87812150577713,28.8682861328125,-30.363557815551758,7.44574739974501,0.8054698720018793
974,32.452735592848526,25.952735592848526,943.3643738977072,341.4238683127572,27.517995834350586,-30.48069953918457,7.653753900690992,0.7560150954544693
975,32.486054623231325,25.986054623231325,940.2261904761904,342.04166666666663,26.956579208374023,-30.600101470947266,7.529913992714312,0.786234397732077
976,32.51937365361413,26.01937365361413,939.7591320072332,342.03520192887277,26.872774124145508,-30.60007667541504,7.558672521292121,0.811395493525374
977,32.55269268399693,26.05269268399693,939.747247428917,342.00399274047186,26.870559692382812,-30.594465255737305,7.544991654835394,0.8349885385486705
978,32.58601171437973,26.08601171437973,939.7319908905669,341.8878101402373,26.867525100708008,-30.57349395751953,7.580510551690959,0.816090729654273
979,32.619330744762536,26.119330744762536,939.8680985317316,342.0310641912389,26.892309188842773,-30.599063873291016,7.534029074901095,0.8061133515669081
980,32.652649775145335,26.152649775145335,939.9694333695783,342.06125407756434,26.91056251525879,-30.604272842407227,7.550466976060227,0.7879480391682004
981,32.685968805528134,26.185968805528134,935.819068255688,340.62838569880824,26.162294387817383,-30.355335235595703,7.56413793959212,0.8163938268279337
982,32.71928783591094,26.21928783591094,934.5426719481454,340.3812267434882,25.932653427124023,-30.313764572143555,7.5750569462716,0.8187524931016649
983,32.75260686629374,26.25260686629374,934.4637318062514,340.3243855881651,25.91834831237793,-30.30367660522461,7.598207736083495,0.8171931889115437
984,32.78592589667654,26.285925896676538,934.32315247335,340.4901185770751,25.893556594848633,-30.333993911743164,7.583235883632932,0.80750830045818
985,32.819244927059344,26.319244927059344,928.2380087209302,341.3825096899225,24.804140090942383,-30.51027488708496,7.540882554963675,0.7797775512959608
986,32.85256395744214,26.352563957442143,927.3223334569274,341.68186874304786,24.640634536743164,-30.566650390625,7.465148226154038,0.7789178401511201
987,32.88588298782494,26.385882987824942,926.7333333333333,341.2076543209876,24.53372573852539,-30.48233985900879,7.469298990014461,0.7823561775997759
988,32.91920201820775,26.41920201820775,925.0193812896011,341.2304634116039,24.226287841796875,-30.49066734313965,7.44574739974501,0.7712816386098108
989,32.95252104859055,26.452521048590548,924.503793441018,340.92180616740086,24.13296890258789,-30.436113357543945,7.5024224296205215,0.7805038263200356
990,32.98584007897335,26.485840078973347,924.0155888442333,340.7107538667641,24.04482078552246,-30.39914321899414,7.520303377447894,0.7694616110751777
991,33.019159109356146,26.519159109356146,922.5481589856132,340.2654230675445,23.78037452697754,-30.322200775146484,7.516180780494436,0.7711192986773897
992,33.05247813973895,26.55247813973895,920.790606172384,339.9639739333579,23.4642391204834,-30.271989822387695,7.484498763183275,0.7955490702940983
993,33.08579717012175,26.58579717012175,920.5407704459836,339.9756957102928,23.419448852539062,-30.27472686767578,7.52854179880903,0.8049395438481377
994,33.11911620050455,26.61911620050455,920.5028788435623,340.0576993752297,23.412864685058594,-30.289648056030273,7.498290001639896,0.7858492558588054
995,33.152435230887356,26.652435230887356,920.5339936414771,340.13230618733184,23.41864585876465,-30.30306053161621,7.505176117520045,0.7935842245866485
996,33.185754261270155,26.685754261270155,920.4760858955588,340.1336017569546,23.40825843811035,-30.30344009399414,7.513431125827519,0.770555201397734
997,33.219073291652954,26.719073291652954,918.0750244379276,339.4076246334311,22.975536346435547,-30.178030014038086,7.507928795447745,0.7816499406024437
998,33.25239232203576,26.75239232203576,913.5932777173256,340.0710917664128,22.173175811767578,-30.308996200561523,7.547729811940535,0.7750842778592256
999,33.28571135241856,26.78571135241856,912.2377802278575,340.2627710400588,21.93048667907715,-30.346975326538086,7.498290001639896,0.761463848126882
1000,33.31903038280136,26.81903038280136,912.1244166052567,340.28236305576024,21.910192489624023,-30.35079574584961,7.488638801536112,0.7776385418660366
1001,33.352349413184164,26.852349413184164,911.9322533136966,340.3576337751595,21.875919342041016,-30.36488151550293,7.491397556023336,0.7746174745651472
1002,33.38566844356696,26.885668443566964,910.9068806224167,340.0088743009968,21.69100570678711,-30.304323196411133,7.527169354754457,0.764861512483047
1003,33.41898747394976,26.918987473949763,907.8239755351681,339.634373088685,21.136852264404297,-30.244144439697266,7.503799399886245,0.7660880124880742
1004,33.45230650433257,26.95230650433257,907.6306666666666,339.58642424242424,21.102039337158203,-30.235946655273438,7.538141910659106,0.8134939917535488
1005,33.48562553471537,26.985625534715368,907.278144078144,339.4871794871795,21.038516998291016,-30.218862533569336,7.510680464514091,0.803788169120079
1006,33.51894456509817,27.018944565098167,905.4071621290163,339.2986264410105,20.702301025390625,-30.189342498779297,7.494155294955702,0.787571885450441
1007,33.55226359548097,27.052263595480973,902.6784456587734,339.0052216150577,20.21189308166504,-30.142963409423828,7.531285936607034,0.7717106780306375
1008,33.58558262586377,27.085582625863772,900.8950458715597,338.73565749235473,19.891151428222656,-30.09857940673828,7.503799399886245,0.7782379159785001
1009,33.61890165624657,27.11890165624657,898.0149145143689,338.492057717958,19.373689651489258,-30.06157684326172,7.536771214782576,0.785092122738981
1010,33.65222068662938,27.152220686629377,897.8339906776622,338.4150830644197,19.34101676940918,-30.048093795776367,7.591406009059102,0.784080539536411
1011,33.685539717012176,27.185539717012176,897.9631375392796,338.4950447183949,19.364410400390625,-30.062244415283203,7.549098518056046,0.781477648952606
1012,33.718858747394975,27.218858747394975,897.2450132179764,338.3049747656813,19.235029220581055,-30.02962303161621,7.570964164191861,0.7737876862246434
1013,33.75217777777778,27.25217777777778,897.2968562514998,338.20974322054235,19.244077682495117,-30.01227378845215,7.576420715649159,0.7996781827364651
1014,33.78549680816058,27.28549680816058,895.2057225642883,338.0243872992877,18.86833953857422,-29.983869552612305,7.553203148273999,0.7762088082493845
1015,33.81881583854338,27.31881583854338,895.3119980822246,338.0274481601342,18.887414932250977,-29.984161376953125,7.580510551690959,0.8031777938297416
1016,33.852134868926186,27.352134868926186,894.716401734104,338.16269267822736,18.780916213989258,-30.01008415222168,7.562771955302954,0.7843111429662122
1017,33.885453899308985,27.385453899308985,892.1119630035292,337.96677619569186,18.313024520874023,-29.98102569580078,7.523050520325806,0.75809532660048
1018,33.918772929691784,27.418772929691784,889.8356213872833,337.7780587668593,17.904035568237305,-29.952468872070312,7.562771955302954,0.7843111417104722
1019,33.95209196007459,27.45209196007459,888.9229651162791,337.6624273255814,17.73994255065918,-29.933788299560547,7.540882554963675,0.7676509417772959
1020,33.98541099045739,27.48541099045739,886.1415994130595,338.3148691611641,17.242656707763672,-30.058610916137695,7.505176117520045,0.7486644265476519
1021,34.01873002084019,27.518730020840188,885.3233633633632,338.3472672672672,17.095918655395508,-30.066471099853516,7.5723286706757165,0.7765755893245488
1022,34.052049051222994,27.552049051222994,883.4965661025263,338.38361540348296,16.76821517944336,-30.0775203704834,7.494155294955702,0.8040278798495075
1023,34.08536808160579,27.585368081605793,881.3710807819992,338.26767490470917,16.38648223876953,-30.061758041381836,7.484498763183275,0.7706696797746543
1024,34.11868711198859,27.618687111988592,879.7135056425191,338.21684261618736,16.088890075683594,-30.056621551513672,7.534029074901095,0.7603095517238111
1025,34.1520061423714,27.6520061423714,879.0527726995733,338.13382084095065,15.970094680786133,-30.04322624206543,7.517555230680652,0.7898925804114862
1026,34.1853251727542,27.685325172754197,877.11826783115,338.1289422610383,15.622936248779297,-30.047080993652344,7.535400269575277,0.7999887927968121
1027,34.218644203136996,27.718644203136996,874.838335773548,337.9737676915568,15.213357925415039,-30.02459716796875,7.513431125827519,0.7741105632778216
1028,34.2519632335198,27.751963233519803,874.4128157732594,338.04768946395563,15.137215614318848,-30.03901481628418,7.476211808699073,0.7776059780725426
1029,34.2852822639026,27.7852822639026,872.6023022651318,337.8694145315014,14.81180477142334,-30.011201858520508,7.459610281603888,0.774156337225576
1030,34.3186012942854,27.8186012942854,872.8641384388807,337.9120029455081,14.85891342163086,-30.018266677856445,7.491397556023336,0.7782115977552191
1031,34.35192032466821,27.851920324668207,872.8399901380669,337.92418639053255,14.854610443115234,-30.02052879333496,7.474829756407257,0.7747732549079942
1032,34.385239355051006,27.885239355051006,872.6683829839401,338.00281966409216,14.82404613494873,-30.035167694091797,7.495533783939117,0.7693881028268375
1033,34.418558385433805,27.918558385433805,870.7367968558093,337.933554409236,14.477222442626953,-30.027374267578125,7.488638801536112,0.7864128392614044
1034,34.45187741581661,27.95187741581661,869.4935590725064,337.9714145503619,14.254219055175781,-30.037263870239258,7.492776552363782,0.7603444598900176
1035,34.48519644619941,27.98519644619941,868.9909712054659,337.9568081991215,14.16399097442627,-30.035856246948242,7.513431125827519,0.7827960536245265
1036,34.51851547658221,28.01851547658221,868.7031114416759,338.0887566629478,14.112713813781738,-30.060422897338867,7.454068222680156,0.7981045090872031
1037,34.551834506965015,28.051834506965015,866.2288093462589,338.1784737757892,13.66894817352295,-30.082712173461914,7.444359691709522,0.7771404697491107
1038,34.585153537347814,28.085153537347814,862.7463343108504,337.98106060606057,13.04343032836914,-30.05553436279297,7.507928795447745,0.8031993146294059
1039,34.61847256773061,28.118472567730613,861.1485427381826,338.00036737692875,12.756752967834473,-30.062942504882812,7.4996677306366655,0.7677347211583574
1040,34.65179159811341,28.151791598113412,861.1155407899594,338.0019687461548,12.750832557678223,-30.06331443786621,7.481737464892216,0.7701011284254705
1041,34.68511062849622,28.18511062849622,859.1955832113225,338.1699609565641,12.406763076782227,-30.098400115966797,7.513431125827519,0.7953309250076022
1042,34.71842965887902,28.218429658879018,855.1704133430022,338.3153251148175,11.684840202331543,-30.13455581665039,7.549098518056046,0.7693246017981056
1043,34.75174868926182,28.251748689261817,852.504333828628,338.45022288261515,11.206781387329102,-30.165483474731445,7.45822515295364,0.7557940534946758
1044,34.78506771964462,28.285067719644623,849.870170386369,338.5040796736261,10.734212875366211,-30.181676864624023,7.576420715649159,0.7871446369798184
1045,34.81838675002742,28.318386750027422,849.7370464749423,338.50564251911175,10.710328102111816,-30.18228530883789,7.534029074901095,0.8061133515669081
1046,34.85170578041022,28.35170578041022,849.7270734380709,338.4911703811959,10.708489418029785,-30.1796932220459,7.520303377447894,0.7780608312590294
1047,34.88502481079303,28.385024810793027,850.0490625760895,338.42634526418306,10.76608943939209,-30.16717529296875,7.521677074304259,0.809944201114534
1048,34.918343841175826,28.418343841175826,849.7994422214138,338.429974536195,10.72130012512207,-30.16844367980957,7.536771214782576,0.7850921202150718
1049,34.951662871558625,28.451662871558625,842.0606278456745,340.62748622094415,9.338990211486816,-30.58485221862793,7.581873340115757,0.7882780333231697
1050,34.98498190194143,28.48498190194143,839.7476635514018,341.6418691588785,8.926942825317383,-30.773975372314453,7.434638482853681,0.7939492606204046
1051,35.01830093232423,28.51830093232423,841.0966605950211,341.6193078324226,9.168956756591797,-30.766586303710938,7.531285936607034,0.8280063440815632
1052,35.05161996270703,28.55161996270703,846.2514187021958,341.49111769059954,10.093598365783691,-30.730775833129883,7.472064884939852,0.8046444676885497
1053,35.084938993089835,28.584938993089835,847.7806727828745,341.9524159021407,10.369389533996582,-30.810453414916992,7.503799399886245,0.778237914727563
1054,35.118258023472634,28.618258023472634,843.3700072621641,344.0791575889615,9.584197044372559,-31.205848693847656,7.543622203575393,0.8017354958199909
1055,35.15157705385543,28.651577053855434,841.3016457872758,344.98747236551213,9.215747833251953,-31.375158309936523,7.488638801536112,0.7776385418660366
1056,35.18489608423824,28.68489608423824,842.1663601814391,345.56638470025746,9.372633934020996,-31.47771644592285,7.495533783939117,0.8070086155894279
1057,35.21821511462104,28.71821511462104,844.3300712818653,346.16104868913857,9.762636184692383,-31.57993507385254,7.550466976060227,0.8227570074157384
1058,35.25153414500384,28.751534145003838,840.3171673301965,347.66702859211,9.047064781188965,-31.862056732177734,7.555938329659423,0.7942792288168451
1059,35.284853175386644,28.784853175386644,833.6391526661797,350.01667884100317,7.855899333953857,-32.303218841552734,7.521677074304259,0.8061435936419771
1060,35.31817220576944,28.818172205769443,834.2157221206581,349.7625837903717,7.9585795402526855,-32.255863189697266,7.517555230680652,0.7988408423250224
1061,35.35149123615224,28.851491236152242,835.9363961961219,349.83351858713104,8.267522811889648,-32.26447296142578,7.467915658399668,0.7637287555009643
1062,35.38481026653505,28.884810266535048,835.8443390490088,349.8796059832178,8.25114631652832,-32.27302932739258,7.525796660413736,0.7916254343356065
1063,35.41812929691785,28.918129296917847,838.1733477789816,350.01540869146504,8.669416427612305,-32.2918701171875,7.56413793959212,0.803446096870801
1064,35.451448327300646,28.951448327300646,840.63824383164,349.85982099661345,9.111202239990234,-32.2577018737793,7.5463608575786925,0.802317726691417
1065,35.48476735768345,28.984767357683452,840.1364782138999,349.9603889088945,9.021474838256836,-32.27710723876953,7.5750569462716,0.8187524957760328
1066,35.51808638806625,29.01808638806625,832.5500296033155,352.31379514505625,7.667398452758789,-32.72113037109375,7.626708749332235,0.7826915402245245
1067,35.55140541844905,29.05140541844905,828.040763863386,354.85334802301384,6.866061210632324,-33.19121551513672,7.501045206583747,0.8174783720853321
1068,35.58472444883186,29.084724448831857,828.70116194626,354.73202614379085,6.984172344207764,-33.16766357421875,7.543622203575393,0.7927695172103143
1069,35.618043479214656,29.118043479214656,828.7567865003668,355.43323550990465,6.996267318725586,-33.29425811767578,7.505176117520045,0.7847094046578849
1070,35.651362509597455,29.151362509597455,829.7058535390643,355.5094293411707,7.166766166687012,-33.305702209472656,7.4996677306366655,0.8014327472218633
1071,35.68468153998026,29.18468153998026,827.9133210558624,356.5232658072437,6.848251819610596,-33.49332809448242,7.490018305794206,0.784116401931884
1072,35.71800057036306,29.21800057036306,823.1263093037584,358.65532963647564,5.995960712432861,-33.89037322998047,7.476211808699073,0.8159406778654384
1073,35.75131960074586,29.25131960074586,824.5730377906976,358.3168604651163,6.2544684410095215,-33.82565689086914,7.540882554963675,0.8049089664374823
1074,35.784638631128665,29.284638631128665,827.8468632447517,358.1437932289771,6.8412322998046875,-33.78635025024414,7.534029074901095,0.8286096273923694
1075,35.817957661511464,29.317957661511464,830.3184652278177,358.3569544364508,7.285256862640381,-33.818809509277344,7.579147518226432,0.7965494262737514
1076,35.85127669189426,29.351276691894263,830.3392684108527,358.3791182170542,7.28905725479126,-33.82276153564453,7.540882554963675,0.792193793697175
1077,35.88459572227707,29.38459572227707,830.3903476780937,358.45647945538536,7.298443794250488,-33.83661651611328,7.527169354754457,0.7982420936713016
1078,35.91791475265987,29.41791475265987,830.3780294726586,358.5353793691389,7.296481132507324,-33.85090255737305,7.520303377447894,0.7780608300112635
1079,35.95123378304267,29.451233783042667,831.080153587713,358.5069594432445,7.4223408699035645,-33.84404373168945,7.576420715649159,0.7996781866079553
1080,35.98455281342547,29.484552813425474,833.5766494971792,358.38189845474614,7.869806289672852,-33.8153190612793,7.494155294955702,0.8132470488220556
1081,36.01787184380827,29.517871843808273,834.0729431721797,358.4362050163577,7.958994388580322,-33.823917388916016,7.539512357340851,0.8337762139917939
1082,36.05119087419107,29.55119087419107,836.6902356902356,358.34066859066854,8.428214073181152,-33.800228118896484,7.56823441318761,0.8107585981917064
1083,36.08450990457388,29.584509904573878,840.3567652006728,358.33621725546743,9.085911750793457,-33.790428161621094,7.570964164191861,0.8205935770240019
1084,36.11782893495668,29.617828934956677,842.0247180225581,358.4311255099592,9.385397911071777,-33.80348587036133,7.576420715649159,0.8125134856106901
1085,36.151147965339476,29.651147965339476,842.0475676971002,358.3787443086508,9.389336585998535,-33.793968200683594,7.581873340115757,0.8008296284964033
1086,36.184466995722275,29.684466995722275,842.0905379442843,358.48667146974066,9.397364616394043,-33.81336212158203,7.573692931324687,0.799102463081809
1087,36.21778602610508,29.71778602610508,843.2694704049844,358.53091301222145,9.608978271484375,-33.81846618652344,7.581873340115757,0.8136834101123096
1088,36.25110505648788,29.75110505648788,845.5948940269749,358.6335500963391,10.02641773223877,-33.83130645751953,7.562771955302954,0.80958867236459
1089,36.28442408687068,29.78442408687068,847.6440840840839,358.80948948948947,10.394516944885254,-33.858070373535156,7.5723286706757165,0.7925175107670964
1090,36.317743117253485,29.817743117253485,848.5457767999021,358.6356191174673,10.555745124816895,-33.824440002441406,7.5065525826609205,0.8170729081751288
1091,36.351062147636284,29.851062147636284,849.7203287406332,358.80819434372734,10.76694107055664,-33.852745056152344,7.549098518056046,0.8066638564846234
1092,36.38438117801908,29.884381178019083,850.2474948690087,358.88566944343836,10.861727714538574,-33.86545181274414,7.553203148273999,0.8408099524961892
1093,36.41770020840189,29.91770020840189,850.3202023852548,358.8885676424527,10.874775886535645,-33.86579513549805,7.561405724245774,0.8426371409924864
1094,36.45101923878469,29.95101923878469,852.790606172384,359.1823435386696,11.318760871887207,-33.912818908691406,7.484498763183275,0.840894483850322
1095,36.48433826916749,29.984338269167488,855.0506006552603,359.5391336002912,11.725183486938477,-33.97174072265625,7.534029074901095,0.8191785078228743
1096,36.517657299550294,30.017657299550294,855.3510560815732,359.5827870842437,11.779207229614258,-33.9788932800293,7.532657630623801,0.8161494621394966
1097,36.55097632993309,30.050976329933093,855.5269482884195,359.5645787812576,11.81070613861084,-33.97517013549805,7.532657630623801,0.8294628169883485
1098,36.58429536031589,30.084295360315892,855.5495923086283,359.6000973591335,11.814870834350586,-33.98153305053711,7.523050520325806,0.8206683831145072
1099,36.6176143906987,30.117614390698698,855.454909090909,359.6233939393939,11.797947883605957,-33.9859733581543,7.538141910659106,0.8306710726772464
1100,36.6509334210815,30.150933421081497,855.5389374090247,359.63100436681225,11.813044548034668,-33.98714828491211,7.535400269575277,0.8167438900070418
1101,36.684252451464296,30.184252451464296,857.8281611293659,359.7701107460143,12.224068641662598,-34.00666427612305,7.523050520325806,0.8167928432098964
1102,36.7175714818471,30.217571481847102,860.8792565947241,359.6599520383693,12.771015167236328,-33.979270935058594,7.579147518226432,0.8169191108168385
1103,36.7508905122299,30.2508905122299,862.0770628862232,360.1457651762995,12.987263679504395,-34.06411361694336,7.539512357340851,0.7982232632981786
1104,36.7842095426127,30.2842095426127,863.4036363636363,360.18387878787877,13.225306510925293,-34.067745208740234,7.538141910659106,0.8043240048341965
1105,36.817528572995506,30.317528572995506,864.2606946983547,360.36258379037173,13.379544258117676,-34.097930908203125,7.517555230680652,0.7810938361917471
1106,36.850847603378305,30.350847603378305,865.3318814277071,360.2940108892922,13.571484565734863,-34.08291244506836,7.544991654835394,0.7993838919751018
1107,36.884166633761104,30.384166633761104,866.7033357861172,360.24724061810156,13.817327499389648,-34.071102142333984,7.494155294955702,0.791255291976148
1108,36.91748566414391,30.41748566414391,869.0167522621667,360.60454878943506,14.233283042907715,-34.129981994628906,7.505176117520045,0.7724104668723798
1109,36.95080469452671,30.45080469452671,869.2712701855868,360.48011569052784,14.27857780456543,-34.10687255859375,7.5600392462868,0.7962238480487938
1110,36.98412372490951,30.48412372490951,869.4576333089847,360.43474555636715,14.311881065368652,-34.09822082519531,7.521677074304259,0.7881637393325492
1111,37.017442755292315,30.517442755292315,870.2188405797101,360.51123188405796,14.44862174987793,-34.110172271728516,7.55183518608796,0.7820443465032165
1112,37.050761785675114,30.550761785675114,872.4231522271169,360.8624571708272,14.844986915588379,-34.16822052001953,7.5024224296205215,0.7893104560119594
1113,37.08408081605791,30.584080816057913,872.2528274352426,360.95123434269726,14.814685821533203,-34.1846809387207,7.525796660413736,0.7791979302378053
1114,37.11739984644072,30.61739984644072,872.5566472586123,360.91933527413875,14.869089126586914,-34.17817306518555,7.535400269575277,0.7873805107467785
1115,37.15071887682352,30.650718876823518,873.3026862026861,361.03919413919414,15.003233909606934,-34.197994232177734,7.510680464514091,0.7947486928237248
1116,37.18403790720632,30.684037907206317,873.563933626159,361.12457296242064,15.050329208374023,-34.2127799987793,7.513431125827519,0.7864365713592596
1117,37.21735693758912,30.717356937589123,874.1420885302028,361.29738322328194,15.154519081115723,-34.24258804321289,7.505176117520045,0.763887492334288
1118,37.25067596797192,30.750675967971922,874.3238911666045,361.54702447509004,15.187836647033691,-34.2872428894043,7.44574739974501,0.7836526434947113
1119,37.28399499835472,30.78399499835472,876.2118403164009,361.99406748238783,15.527704238891602,-34.363380432128906,7.465148226154038,0.7877417739490258
1120,37.31731402873753,30.817314028737528,877.373998767714,362.15563770794824,15.736593246459961,-34.38971710205078,7.476211808699073,0.7812283120536819
1121,37.35063305912033,30.850633059120327,878.6828815447457,362.08491149894786,15.971131324768066,-34.373722076416016,7.459610281603888,0.7992917229348597
1122,37.383952089503126,30.883952089503126,878.7123169681308,361.9892949427833,15.976149559020996,-34.35637664794922,7.481737464892216,0.8171472431371678
1123,37.41727111988593,30.917271119885932,878.9191587648917,361.99185509360564,16.01324462890625,-34.35633087158203,7.527169354754457,0.8149606050680528
1124,37.45059015026873,30.95059015026873,882.1838098774601,362.47864834756774,16.600122451782227,-34.4362678527832,7.459610281603888,0.7939864897111869
1125,37.48390918065153,30.98390918065153,883.0622657477934,362.43259581670895,16.75753402709961,-34.4257926940918,7.547729811940535,0.7750842753870167
1126,37.517228211034336,31.017228211034336,883.020395848419,362.4134685010862,16.749971389770508,-34.42244338989258,7.554570862752983,0.7826110478110663
1127,37.550547241417135,31.050547241417135,882.92012012012,362.42006006006005,16.732004165649414,-34.42387771606445,7.5723286706757165,0.7925175031237559
1128,37.583866271799934,31.083866271799934,883.1330180671758,362.4193039893294,16.770183563232422,-34.4232177734375,7.536771214782576,0.7976429444351294
1129,37.61718530218274,31.11718530218274,883.5644866642309,362.6555839727195,16.84823226928711,-34.46484375,7.520303377447894,0.81619642370266
1130,37.65050433256554,31.15050433256554,886.3765386509108,363.4711964549483,17.354814529418945,-34.605289459228516,7.480356433507144,0.82351697656139
1131,37.68382336294834,31.18382336294834,886.2095822800047,363.02744673167206,17.32364273071289,-34.52553176879883,7.56413793959212,0.8034460942673237
1132,37.717142393331144,31.217142393331144,887.1765778912805,363.6158336373586,17.498695373535156,-34.629459381103516,7.525796660413736,0.8043526406426109
1133,37.75046142371394,31.250461423713944,887.8398394746442,363.7646844217439,17.61805534362793,-34.65471649169922,7.525796660413736,0.8173892573507456
1134,37.78378045409674,31.283780454096743,888.357907542579,363.5317518248175,17.710317611694336,-34.611366271972656,7.524423715649887,0.8237261146613192
1135,37.81709948447954,31.31709948447954,888.1760571913243,363.59578335150854,17.677888870239258,-34.623382568359375,7.539512357340851,0.8203713414709599
1136,37.85041851486235,31.350418514862348,888.3106088224572,363.5404058816381,17.701858520507812,-34.6130485534668,7.52854179880903,0.8179856768619008
1137,37.88373754524515,31.383737545245147,892.8976545842218,362.3946932006633,18.521324157714844,-34.394805908203125,7.6253539738087435,0.8363600096360319
1138,37.917056575627946,31.417056575627946,901.6956468574223,361.6747370995353,20.097169876098633,-34.24314880371094,7.505176117520045,0.8063944091447114
1139,37.95037560601075,31.450375606010752,903.344597868217,361.56080426356584,20.39258575439453,-34.2185173034668,7.540882554963675,0.7885266262968934
1140,37.98369463639355,31.48369463639355,905.2374314986894,360.7549440076245,20.729862213134766,-34.06827926635742,7.603644736948159,0.8054354076739558
1141,38.01701366677635,31.51701366677635,907.5112080455591,360.4746152914092,21.13688850402832,-34.01205062866211,7.539512357340851,0.798223262004902
1142,38.050332697159156,31.550332697159156,907.5331125827814,360.5029433406917,21.14089584350586,-34.01711654663086,7.494155294955702,0.787571885450441
1143,38.083651727541955,31.583651727541955,907.6363304093567,360.54276315789474,21.15951156616211,-34.02405548095703,7.518929429619227,0.8055547378394627
1144,38.116970757924754,31.616970757924754,909.421729113617,360.8040499575603,21.480405807495117,-34.06688690185547,7.536771214782576,0.7763952852466485
1145,38.15028978830756,31.65028978830756,911.5784714480366,361.61513687600643,21.869359970092773,-34.208133697509766,7.456839767011912,0.8211170236310324
1146,38.18360881869036,31.68360881869036,915.5887413962635,360.6570796460177,22.585979461669922,-34.02519989013672,7.485879030371254,0.7858333161668859
1147,38.21692784907316,31.71692784907316,916.7060539752006,360.5171407731583,22.785980224609375,-33.9971809387207,7.527169354754457,0.8111274624506022
1148,38.250246879455965,31.750246879455965,916.7226435536295,360.62128325508604,22.789234161376953,-34.01594924926758,7.56413793959212,0.8034460955690624
1149,38.283565909838764,31.783565909838764,916.8726443404151,360.5940463329732,22.816055297851562,-34.01066589355469,7.5750569462716,0.8057673555057011
1150,38.31688494022156,31.816884940221563,917.2627027027027,360.5033033033033,22.88576889038086,-33.993309020996094,7.5723286706757165,0.780144673267672
1151,38.35020397060437,31.85020397060437,921.4243973703433,360.6866325785245,23.63258171081543,-34.0162239074707,7.521677074304259,0.7637457419786152
1152,38.38352300098717,31.883523000987168,922.7270962261861,360.96032034947217,23.866924285888672,-34.062477111816406,7.534029074901095,0.819178510513905
1153,38.41684203136997,31.916842031369967,922.7294436238305,361.29837518463813,23.868228912353516,-34.12354278564453,7.480356433507144,0.8064312469393747
1154,38.45016106175277,31.950161061752773,922.9368973513975,361.2849993897229,23.905397415161133,-34.12062072753906,7.512055921070722,0.8014181167514633
1155,38.48348009213557,31.983480092135572,923.4600989979475,361.30653144995773,23.999277114868164,-34.12322235107422,7.553203148273999,0.823353426943547
1156,38.51679912251837,32.01679912251837,927.2927879440258,360.5211099150819,24.68453598022461,-33.971923828125,7.588683611263451,0.8086689317367001
1157,38.55011815290118,32.05011815290118,928.1767386091126,360.23776978417266,24.84231948852539,-33.91856002807617,7.579147518226432,0.8130984472006544
1158,38.583437183283976,32.083437183283976,928.6683710737765,360.3078889700511,24.930667877197266,-33.930023193359375,7.521677074304259,0.823124853366135
1159,38.616756213666775,32.116756213666775,933.3229129237034,360.43250688705234,25.765684127807617,-33.94111633300781,7.583235883632932,0.8338518137014279
1160,38.65007524404958,32.15007524404958,936.2463030303029,361.07466666666664,26.291566848754883,-34.049964904785156,7.538141910659106,0.7916180727408729
1161,38.68339427443238,32.18339427443238,936.111437668381,361.277736958119,26.267911911010742,-34.08698272705078,7.4996677306366655,0.8277744484793166
1162,38.71671330481518,32.21671330481518,936.2971172480619,361.38687015503876,26.301488876342773,-34.10624313354492,7.540882554963675,0.8409077564497082
1163,38.750032335197986,32.250032335197986,936.6146442495126,361.27826510721246,26.358144760131836,-34.08584213256836,7.518929429619227,0.8556780700993719
1164,38.783351365580785,32.283351365580785,938.6492838780756,361.1762761659934,26.722742080688477,-34.06242370605469,7.501045206583747,0.8213702276626945
1165,38.816670395963584,32.316670395963584,938.4418716835503,360.8497346840328,26.684715270996094,-34.00394058227539,7.557305549127712,0.7831777453607697
1166,38.84998942634639,32.34998942634639,938.6048573163326,360.821372191864,26.713865280151367,-33.998416900634766,7.531285936607034,0.783949755154057
1167,38.88330845672919,32.38330845672919,939.2774531288044,360.8143413683954,26.834461212158203,-33.9954948425293,7.521677074304259,0.8008142286612167
1168,38.91662748711199,32.41662748711199,941.5362371010318,360.4396448284137,27.238555908203125,-33.92225646972656,7.576420715649159,0.8256603039585232
1169,38.949946517494794,32.449946517494794,945.3176987907658,361.5260779284231,27.919404983520508,-34.1092643737793,7.5093047560192625,0.788159727761367
1170,38.98326554787759,32.48326554787759,945.342504279775,361.53374908290533,27.923877716064453,-34.11058807373047,7.505176117520045,0.8026104588268916
1171,39.01658457826039,32.51658457826039,947.3430111478622,361.4481195638858,28.282381057739258,-34.090206146240234,7.498290001639896,0.7735124303455677
1172,39.0499036086432,32.5499036086432,949.2304084906823,361.247068986795,28.62031364440918,-34.04925537109375,7.4706820654804424,0.8108736938843346
1173,39.083222639026,32.583222639026,949.2752938325456,361.03235187204655,28.627817153930664,-34.010353088378906,7.539512357340851,0.7856633002170794
1174,39.1165416694088,32.6165416694088,949.5061088485746,361.28865852153524,28.66985321044922,-34.056095123291016,7.4706820654804424,0.7978981374299088
1175,39.1498606997916,32.6498606997916,949.5670103092783,361.2491408934708,28.68067741394043,-34.048805236816406,7.491397556023336,0.7959225845196466
1176,39.1831797301744,32.6831797301744,949.4498834498834,361.3328425960005,28.65988540649414,-34.06421661376953,7.492776552363782,0.7898830558649333
1177,39.2164987605572,32.7164987605572,949.318856315599,361.08637953914825,28.635766983032227,-34.02000427246094,7.555938329659423,0.7563973016311534
1178,39.24981779094001,32.74981779094001,949.6124199589223,361.1658813579799,28.688610076904297,-34.033653259277344,7.550466976060227,0.775646543055202
1179,39.283136821322806,32.783136821322806,953.4008209585899,360.51684172401303,29.366302490234375,-33.907100677490234,7.553203148273999,0.81947435968785
1180,39.316455851705605,32.816455851705605,956.5076441555315,360.32430480317805,29.922924041748047,-33.86469268798828,7.56413793959212,0.803446096870801
1181,39.34977488208841,32.84977488208841,956.0833333333333,360.4305959302326,29.84710121154785,-33.88493728637695,7.540882554963675,0.7761961631163776
1182,39.38309391247121,32.88309391247121,956.8609384521633,360.3528336380256,29.986352920532227,-33.868980407714844,7.517555230680652,0.7862300714117899
1183,39.41641294285401,32.91641294285401,956.8096965300447,360.36488937250635,29.977190017700195,-33.87128448486328,7.547729811940535,0.8221605905926751
1184,39.44973197323681,32.94973197323681,957.045237219566,360.4195169792816,30.019559860229492,-33.880577087402344,7.495533783939117,0.807008612944628
1185,39.483051003619615,32.983051003619615,960.6969047619046,360.0355952380952,30.67340850830078,-33.80225372314453,7.606361779999659,0.8321990104693537
1186,39.51637003400241,33.01637003400241,963.8115259151866,359.75437960613743,31.23121452331543,-33.743812561035156,7.550466976060227,0.836200863105547
1187,39.54968906438521,33.04968906438521,963.7604622871046,359.8104622871046,31.222190856933594,-33.754066467285156,7.524423715649887,0.8105358344354728
1188,39.58300809476802,33.08300809476802,963.8071393762182,359.7836257309942,31.230497360229492,-33.74910354614258,7.518929429619227,0.7964953945401217
1189,39.61632712515082,33.11632712515082,963.9582417582418,359.7433455433455,31.257497787475586,-33.741455078125,7.510680464514091,0.8075776731346522
1190,39.64964615553362,33.14964615553362,965.3163412870571,360.22487346348515,31.5022029876709,-33.82512283325195,7.5600392462868,0.8052288953664554
1191,39.68296518591642,33.18296518591642,968.9225515306744,362.00439077936335,32.15317153930664,-34.137760162353516,7.51480607892272,0.8020050225743364
1192,39.71628421629922,33.21628421629922,973.3281885618568,362.0896147403685,32.94331359863281,-34.14234161376953,7.587322046058042,0.814853337261117
1193,39.74960324668202,33.24960324668202,976.0585029069767,362.031734496124,33.43272399902344,-34.12519073486328,7.540882554963675,0.8140856224157758
1194,39.78292227706483,33.28292227706483,976.8405375953505,362.0117447632885,33.5728874206543,-34.11966323852539,7.542252503663317,0.8209677569465487
1195,39.816241307447626,33.316241307447626,977.2477865518065,361.93921990906915,33.64573669433594,-34.10555648803711,7.587322046058042,0.8280380194903997
1196,39.849560337830425,33.349560337830425,977.085535046447,361.9765954879961,33.616729736328125,-34.112709045410156,7.555938329659423,0.7979792346371277
1197,39.88287936821323,33.38287936821323,978.4427950760319,361.7866280473087,33.85963439941406,-34.0750617980957,7.554570862752983,0.7950724048661327
1198,39.91619839859603,33.41619839859603,983.5280898876405,361.6394829044339,34.771060943603516,-34.036006927490234,7.550466976060227,0.8227570060643453
1199,39.94951742897883,33.44951742897883,984.5639995128486,361.478017293874,34.9564208984375,-34.004295349121094,7.520303377447894,0.8255932108383383
1200,39.982836459361636,33.482836459361636,986.6578566256336,361.5028964518465,35.33189010620117,-34.00365447998047,7.554570862752983,0.8170437850541792
1201,40.016155489744435,33.516155489744435,988.4043198640941,361.37519718480763,35.64472198486328,-33.976295471191406,7.534029074901095,0.8286096273923694
1202,40.049474520127234,33.549474520127234,988.5807748538011,361.29922027290445,35.67618179321289,-33.96214294433594,7.518929429619227,0.8280735380279431
1203,40.08279355051004,33.58279355051004,988.6000244110826,361.47735872085923,35.680057525634766,-33.9942741394043,7.512055921070722,0.810570253159362
1204,40.11611258089284,33.61611258089284,988.6166727783889,361.39432832172105,35.6828498840332,-33.97923278808594,7.5065525826609205,0.8055787576188249
1205,40.14943161127564,33.64943161127564,988.6300648794221,361.46615252784915,35.68541717529297,-33.9921760559082,7.501045206583747,0.8174783720853321
1206,40.182750641658444,33.682750641658444,988.7502143819673,361.4129609212299,35.70684051513672,-33.98227310180664,7.498290001639896,0.8168779472802751
1207,40.21606967204124,33.71606967204124,992.1806317843639,361.3712647883888,36.32178497314453,-33.96632766723633,7.51480607892272,0.833932671172985
1208,40.24938870242404,33.74938870242404,992.1749235474006,361.42360856269113,36.32088851928711,-33.97579574584961,7.503799399886245,0.8314915963124947
1209,40.28270773280685,33.78270773280685,996.4084870848709,361.2793357933579,37.07960510253906,-33.93934631347656,7.483118241403906,0.8202044195062378
1210,40.31602676318965,33.81602676318965,997.1626165930289,361.51239567992144,37.21534729003906,-33.97959899902344,7.491397556023336,0.8126486317022332
1211,40.349345793572446,33.849345793572446,997.3574177529484,361.5113594040968,37.250274658203125,-33.97893524169922,7.448522040198965,0.8288284309486633
1212,40.38266482395525,33.88266482395525,997.962389380531,361.5651425762045,37.358863830566406,-33.98716735839844,7.485879030371254,0.8343227034476789
1213,40.41598385433805,33.91598385433805,999.8526018654884,361.64457535591555,37.697940826416016,-33.99687576293945,7.491397556023336,0.8126486317022332
1214,40.44930288472085,33.94930288472085,999.4055926750804,361.71071516951247,37.61794662475586,-34.009925842285156,7.460995153105952,0.8060660541237044
1215,40.48262191510366,33.98262191510366,999.7267156862745,361.50575980392153,37.67505645751953,-33.972110748291016,7.4969120194539265,0.8046195144760899
1216,40.515940945486456,34.015940945486456,1002.698708576998,361.51120857699806,38.20791244506836,-33.96580505371094,7.518929429619227,0.8093525677955308
1217,40.549259975869255,34.049259975869255,1004.8955314009661,361.5274154589372,38.601802825927734,-33.963340759277344,7.55183518608796,0.8258137775434371
1218,40.58257900625206,34.08257900625206,1008.0426174091513,361.7051792828685,39.16643524169922,-33.987735748291016,7.553203148273999,0.8233534296482924
1219,40.61589803663486,34.11589803663486,1008.761056585484,361.75027262813524,39.295345306396484,-33.99412155151367,7.539512357340851,0.8203713428184346
1220,40.64921706701766,34.14921706701766,1008.6648438449386,361.7281565196257,39.27804946899414,-33.990360260009766,7.52854179880903,0.8179856755183447
1221,40.682536097400465,34.182536097400465,1008.6801212121211,361.79248484848483,39.28092956542969,-34.0019416809082,7.538141910659106,0.8267324129864392
1222,40.715855127783264,34.215855127783264,1009.0269446476468,361.7393318702755,39.342987060546875,-33.99148941040039,7.516180780494436,0.795913163647908
1223,40.74917415816606,34.24917415816606,1009.347502137535,361.6942714058874,39.400352478027344,-33.982566833496094,7.5093047560192625,0.8099766502182967
1224,40.78249318854887,34.28249318854887,1011.3429300291546,361.73420796890184,39.758201599121094,-33.984886169433594,7.529913992714312,0.8249286318158369
1225,40.81581221893167,34.31581221893167,1012.9616402116402,361.7771765271765,40.04850387573242,-33.988677978515625,7.56823441318761,0.8200019450290315
1226,40.84913124931447,34.34913124931447,1016.8672285330401,361.7141810186882,40.748558044433594,-33.96771240234375,7.5093047560192625,0.8231800748754152
1227,40.882450279697274,34.382450279697274,1017.0679951690821,361.8246376811594,40.784793853759766,-33.987178802490234,7.55183518608796,0.8258137734673818
1228,40.91576931008007,34.41576931008007,1017.1894106138419,361.7415015896307,40.80636978149414,-33.97186279296875,7.505176117520045,0.8156407106112988
1229,40.94908834046287,34.44908834046287,1019.0254901960783,361.8816176470588,41.135860443115234,-33.99266815185547,7.4969120194539265,0.8271662380101913
1230,40.98240737084568,34.48240737084568,1021.8844717503914,362.11179375978793,41.6489143371582,-34.0272331237793,7.561405724245774,0.7865890791874424
1231,41.01572640122848,34.51572640122848,1023.2329839778339,362.10456571497406,41.890655517578125,-34.02261734008789,7.561405724245774,0.7991344680067942
1232,41.049045431611276,34.549045431611276,1022.9894430287586,362.2957165392549,41.847415924072266,-34.05774688720703,7.534029074901095,0.8061133476265449
1233,41.082364461994075,34.582364461994075,1023.0708680429796,362.3163105155137,41.862060546875,-34.0612678527832,7.553203148273999,0.8328326036890409
1234,41.11568349237688,34.61568349237688,1025.9083913521436,362.3449370953951,42.370826721191406,-34.059478759765625,7.5093047560192625,0.8099766488910333
1235,41.14900252275968,34.64900252275968,1027.1307986609277,362.37302725968436,42.59003448486328,-34.06155014038086,7.590044932220003,0.824734999639598
1236,41.18232155314248,34.68232155314248,1030.9525370235494,362.45702840495267,43.275325775146484,-34.067352294921875,7.532657630623801,0.8216248657258436
1237,41.215640583525285,34.715640583525285,1032.0694856577645,362.7956231454006,43.476295471191406,-34.12577438354492,7.463764125238062,0.8120944573731124
1238,41.248959613908085,34.748959613908085,1033.4611151870872,362.73196380533136,43.72562789916992,-34.11085891723633,7.505176117520045,0.8026104535872155
1239,41.282278644290884,34.782278644290884,1033.455180014695,362.79365662503056,43.724708557128906,-34.12202072143555,7.4996677306366655,0.8014327485298602
1240,41.31559767467369,34.81559767467369,1033.5788510794,362.7567996097085,43.74679946899414,-34.11505889892578,7.51480607892272,0.8111638574237999
1241,41.34891670505649,34.84891670505649,1038.133556547619,363.273685515873,44.56440734863281,-34.19724655151367,7.4526820640028655,0.8606699670659418
1242,41.38223573543929,34.88223573543929,1039.2554128440368,363.0406116207951,44.765010833740234,-34.15239715576172,7.503799399886245,0.8087894323907951
1243,41.415554765822094,34.915554765822094,1039.5778512801664,363.0570868553228,44.82286071777344,-34.15458297729492,7.498290001639896,0.7947517092868829
1244,41.44887379620489,34.94887379620489,1040.5344869906726,363.53424153166424,44.9953727722168,-34.23842239379883,7.491397556023336,0.8594400768215408
1245,41.48219282658769,34.98219282658769,1042.4873949579833,363.54475703324806,45.34546661376953,-34.235530853271484,7.520303377447894,0.848959134586725
1246,41.5155118569705,35.0155118569705,1044.1926761246514,363.55668728022306,45.65116500854492,-34.23350524902344,7.536771214782576,0.8568077986791938
1247,41.5488308873533,35.0488308873533,1043.8611721611721,363.48192918192916,45.59159851074219,-34.2208137512207,7.510680464514091,0.8302072931099103
1248,41.582149917736096,35.082149917736096,1043.9067205288286,363.4994491369813,45.599796295166016,-34.2238655090332,7.501045206583747,0.80819582811663
1249,41.6154689481189,35.1154689481189,1044.4038227416606,363.6495008522035,45.68921661376953,-34.24974822998047,7.521677074304259,0.8563035715261427
1250,41.6487879785017,35.1487879785017,1044.4057811928285,363.68203439443835,45.68963623046875,-34.255619049072266,7.51480607892272,0.8477184197389549
1251,41.6821070088845,35.1821070088845,1048.9471264367814,364.1222020568663,46.504634857177734,-34.323978424072266,7.544991654835394,0.8446805697523087
1252,41.71542603926731,35.21542603926731,1053.5070355918174,364.3908005202791,47.322574615478516,-34.36130905151367,7.632125446569994,0.8684613956249083
1253,41.748745069650106,35.248745069650106,1055.8360263315378,364.6132854578097,47.74050521850586,-34.395774841308594,7.585960236472262,0.85798686866885
1254,41.782064100032905,35.282064100032905,1055.4461315979754,364.44805977343935,47.67027282714844,-34.36688995361328,7.5600392462868,0.8411550829856861
1255,41.81538313041571,35.31538313041571,1055.8403534253207,364.6197046719922,47.74128341674805,-34.39692306518555,7.543622203575393,0.8375058159853187
1256,41.84870216079851,35.34870216079851,1055.882452944748,364.55834851244686,47.74870300292969,-34.3857421875,7.531285936607034,0.8280063440815632
1257,41.88202119118131,35.38202119118131,1058.431464737794,365.1758890898131,48.20689392089844,-34.491024017333984,7.558672521292121,0.8436969761409818
1258,41.915340221564115,35.415340221564115,1059.8706268221574,365.2758746355685,48.46504592895508,-34.50554656982422,7.529913992714312,0.8482357320794865
1259,41.948659251946914,35.448659251946914,1062.8867623604465,365.68874984664455,49.006507873535156,-34.572715759277344,7.492776552363782,0.8290505200664395
1260,41.98197828232971,35.48197828232971,1064.123465791712,365.91882367237815,49.228641510009766,-34.61123275756836,7.52854179880903,0.8274030594039318
1261,42.01529731271252,35.51529731271252,1064.1386054421769,365.8650388726919,49.23124313354492,-34.60148239135742,7.529913992714312,0.8344647636396931
1262,42.04861634309532,35.54861634309532,1064.829538609806,365.8103842910492,49.3549919128418,-34.58991622924805,7.561405724245774,0.8119823993645036
1263,42.08193537347812,35.58193537347812,1066.7141979857527,366.1277327437976,49.69343566894531,-34.64260482788086,7.488638801536112,0.8082180182482325
1264,42.115254403860924,35.615254403860924,1070.0802536894741,366.5428710818392,50.29757308959961,-34.70931625366211,7.51480607892272,0.798256679533939
1265,42.14857343424372,35.64857343424372,1070.41565897154,366.51288628313176,50.357635498046875,-34.70307540893555,7.5093047560192625,0.7970883604360235
1266,42.18189246462652,35.68189246462652,1070.3414663753338,366.49247390143233,50.34429168701172,-34.6995735168457,7.532657630623801,0.7956852126385517
1267,42.21521149500933,35.71521149500933,1073.8210475848016,366.9997602780774,50.968963623046875,-34.78264617919922,7.580510551690959,0.8160907323136956
1268,42.24853052539213,35.74853052539213,1072.5618518518518,365.4688888888889,50.74021911621094,-34.509273529052734,7.469298990014461,0.8171778389890347
1269,42.281849555774926,35.781849555774926,1072.1785757908879,364.48589226823015,50.66954803466797,-34.332679748535156,7.5093047560192625,0.8099766488910333
1270,42.31516858615773,35.81516858615773,1072.8058979937152,364.6368141165095,50.782291412353516,-34.358394622802734,7.549098518056046,0.8120321516671193
1271,42.34848761654053,35.84848761654053,1074.526335040234,364.8015118263838,51.09099197387695,-34.38391876220703,7.516180780494436,0.8049658767818955
1272,42.38180664692333,35.88180664692333,1075.4058235867444,364.8940058479532,51.248817443847656,-34.398468017578125,7.518929429619227,0.8186327908672348
1273,42.415125677306136,35.915125677306136,1077.1261423761423,364.5735930735931,51.5565071105957,-34.33637619018555,7.56823441318761,0.8200019436875772
1274,42.448444707688935,35.948444707688935,1078.7070226773958,365.1566691050963,51.84102249145508,-34.437808990478516,7.516180780494436,0.808760938447658
1275,42.481763738071734,35.981763738071734,1078.7093704245974,364.7022938018545,51.84054183959961,-34.35573959350586,7.513431125827519,0.8174359579567382
1276,42.51508276845454,36.01508276845454,1080.7563963963964,364.4413213213213,52.2069206237793,-34.30358123779297,7.5723286706757165,0.8508125563608536
1277,42.54840179883734,36.04840179883734,1083.234779438571,365.04958075100257,52.65232849121094,-34.4073600769043,7.52854179880903,0.8274030635044072
1278,42.58172082922014,36.08172082922014,1083.7591792656588,365.0226781857451,52.74626922607422,-34.401214599609375,7.576420715649159,0.8351500479685614
1279,42.61503985960294,36.11503985960294,1087.405643092708,365.70941736899965,53.40116500854492,-34.516292572021484,7.5093047560192625,0.8707785639995046
1280,42.648358889985744,36.148358889985744,1089.2554985337244,365.847018572825,53.732975006103516,-34.53660583496094,7.507928795447745,0.8632373098439172
1281,42.68167792036854,36.18167792036854,1090.2435100548446,365.5854966483851,53.90955352783203,-34.48695373535156,7.517555230680652,0.848338771478429
1282,42.71499695075134,36.21499695075134,1090.4000978234287,365.78894595255565,53.93801498413086,-34.52330780029297,7.505176117520045,0.8386296776563672
1283,42.74831598113415,36.24831598113415,1090.4900524838276,365.79860856829,53.954158782958984,-34.52483367919922,7.512055921070722,0.8333224076506883
1284,42.78163501151695,36.28163501151695,1091.1670923020795,364.8907941140703,54.07374572753906,-34.35922622680664,7.525796660413736,0.8267997788257792
1285,42.814954041899746,36.314954041899746,1092.1735159817351,365.01189617880317,54.25434494018555,-34.37862777709961,7.570964164191861,0.820593578366424
1286,42.84827307228255,36.34827307228255,1092.8495056755767,365.46503112413035,54.37637710571289,-34.45880126953125,7.512055921070722,0.8373221992904372
1287,42.88159210266535,36.38159210266535,1094.5374984952448,365.56795473696883,54.67910385131836,-34.47325134277344,7.56413793959212,0.8732014079892657
1288,42.91491113304815,36.41491113304815,1096.1859851211902,364.8243340532757,54.97315216064453,-34.33490753173828,7.576420715649159,0.8488523791487242
1289,42.94823016343096,36.44823016343096,1098.1731663685152,365.06332737030414,55.32975769042969,-34.37319564819336,7.5995673509706565,0.8471117827147172
1290,42.981549193813755,36.481549193813755,1099.0505705705705,365.0813213213213,55.487030029296875,-34.37429428100586,7.5723286706757165,0.8410501613330529
1291,43.014868224196555,36.514868224196555,1099.1727761485824,365.0910312805474,55.508949279785156,-34.37574768066406,7.507928795447745,0.8392449584849152
1292,43.04818725457936,36.54818725457936,1099.5754934011381,365.17132824797187,55.581275939941406,-34.389259338378906,7.542252503663317,0.830419471837556
1293,43.08150628496216,36.58150628496216,1101.5883497506993,365.76590052292346,55.94316101074219,-34.49169921875,7.525796660413736,0.8746075557314271
1294,43.11482531534496,36.61482531534496,1101.878581661891,364.44173829990444,55.992671966552734,-34.25184631347656,7.595487776183891,0.8490618191236571
1295,43.148144345727765,36.648144345727765,1101.028191167574,363.5524500907441,55.838592529296875,-34.09332275390625,7.544991654835394,0.8406456336319192
1296,43.181463376110564,36.681463376110564,1103.1843588820918,363.6411179081204,56.22520065307617,-34.10404586791992,7.577784239589947,0.8479688609733661
1297,43.21478240649336,36.71478240649336,1105.6759496763161,364.3762061805301,56.67313003540039,-34.23069763183594,7.5093047560192625,0.8099766475637697
1298,43.24810143687617,36.74810143687617,1106.4229893323743,364.14886731391584,56.806602478027344,-34.18780517578125,7.580510551690959,0.8485791314447795
1299,43.28142046725897,36.78142046725897,1108.6046681254559,364.76063700461947,57.19873809814453,-34.292945861816406,7.527169354754457,0.8165563042277723
1300,43.31473949764177,36.81473949764177,1108.6443236714974,364.52487922705313,57.20541000366211,-34.25026321411133,7.55183518608796,0.8258137802608071
1301,43.34805852802457,36.84805852802457,1110.6510530137982,363.8143306705398,57.56374740600586,-34.11701583862305,7.543622203575393,0.8375058173744713
1302,43.38137755840737,36.88137755840737,1111.1982800387595,363.92744670542635,57.66203308105469,-34.136104583740234,7.540882554963675,0.8195342630323957
1303,43.41469658879017,36.91469658879017,1111.1728395061727,363.95182764463806,57.657527923583984,-34.140567779541016,7.543622203575393,0.8472436330978852
1304,43.44801561917298,36.94801561917298,1111.0164933667982,362.95553961993545,57.62766647338867,-33.96101379394531,7.591406009059102,0.8317032624938618
1305,43.48133464955578,36.98133464955578,1112.1133308669378,362.8887655691207,57.824119567871094,-33.94626235961914,7.473447448534798,0.834384824058886
1306,43.514653679938576,37.014653679938576,1113.4690860215053,362.90102639296185,58.067142486572266,-33.945152282714844,7.507928795447745,0.8031993146294059
1307,43.54797271032138,37.04797271032138,1114.5924848484847,363.5312727272727,58.2696418762207,-34.05622863769531,7.538141910659106,0.8419649192686538
1308,43.58129174070418,37.08129174070418,1117.4332601268911,364.3277208394338,58.78020477294922,-34.1931037902832,7.513431125827519,0.8043770288600388
1309,43.61461077108698,37.11461077108698,1120.500060320907,364.95849921582817,59.33095932006836,-34.299495697021484,7.555938329659423,0.8334358911252373
1310,43.647929801469786,37.147929801469786,1120.3745754488111,364.4245511887433,59.30752944946289,-34.20337677001953,7.535400269575277,0.831705440886768
1311,43.681248831852585,37.181248831852585,1123.4532079112396,365.27110467920886,59.86077880859375,-34.34870910644531,7.557305549127712,0.8585460722454362
1312,43.714567862235384,37.214567862235384,1123.0310445580717,364.699780861943,59.78408432006836,-34.24656295776367,7.521677074304259,0.8326401336133996
1313,43.74788689261819,37.24788689261819,1122.85978353399,364.30001216101175,59.75267791748047,-34.17478942871094,7.525796660413736,0.8267997774599507
1314,43.78120592300099,37.28120592300099,1126.2967376911038,365.1221861081016,60.37010192871094,-34.31483840942383,7.56413793959212,0.8257390955999282
1315,43.81452495338379,37.31452495338379,1128.1042654028436,365.928545388261,60.69544982910156,-34.45602798461914,7.52854179880903,0.8752457224995639
1316,43.847843983766595,37.347843983766595,1128.347277797987,365.8187219595004,60.73881149291992,-34.43559646606445,7.536771214782576,0.8771602317459283
1317,43.881163014149394,37.381163014149394,1127.4762422923468,365.08862289928663,60.5814094543457,-34.305885314941406,7.547729811940535,0.8593012342761813
1318,43.91448204453219,37.41448204453219,1126.4745269286755,363.37542455118876,60.39884948730469,-33.99893569946289,7.535400269575277,0.8738166584381472
1319,43.947801074915,37.447801074915,1128.6378645456734,362.969992769342,60.78583526611328,-33.920406341552734,7.5600392462868,0.8411550815904806
1320,43.9811201052978,37.4811201052978,1131.1254208754208,363.49410774410774,61.23257064819336,-34.00896453857422,7.56823441318761,0.8669369935326233
1321,44.0144391356806,37.5144391356806,1130.4801457194899,362.4809957498482,61.11514663696289,-33.82756805419922,7.531285936607034,0.8555610823110844
1322,44.0477581660634,37.5477581660634,1131.6933870180574,362.92752562225473,61.33336639404297,-33.905242919921875,7.513431125827519,0.8445262463706841
1323,44.0810771964462,37.5810771964462,1133.3931316042265,363.40489913544667,61.63883972167969,-33.9872932434082,7.573692931324687,0.844196128345196
1324,44.114396226829,37.614396226829,1134.5074626865671,363.6260162601626,61.83891677856445,-34.02449035644531,7.534029074901095,0.8765220560358374
1325,44.14771525721181,37.64771525721181,1135.3983061101028,363.735632183908,61.99876403808594,-34.04210662841797,7.544991654835394,0.8406456322352011
1326,44.181034287594606,37.681034287594606,1137.2464653726336,363.08998322549724,62.328853607177734,-33.92096710205078,7.581873340115757,0.8363525664567566
1327,44.214353317977405,37.714353317977405,1140.7611491765836,364.1846375766318,62.960601806640625,-34.110042572021484,7.56959941174018,0.8684809544342954
1328,44.247672348360204,37.747672348360204,1141.1999759065172,364.3069509697626,63.03945541381836,-34.13105773925781,7.561405724245774,0.8483597648184928
1329,44.28099137874301,37.78099137874301,1141.2294945159751,363.3135431568908,63.04304504394531,-33.95157241821289,7.600926722656866,0.8643101701509636
1330,44.31431040912581,37.81431040912581,1142.2550295145163,363.7124442838212,63.227508544921875,-34.02109909057617,7.561405724245774,0.8582644930695413
1331,44.34762943950861,37.84762943950861,1144.0257051053195,364.2879923836725,63.54582595825195,-34.12070083618164,7.6077199376356965,0.8448982781798641
1332,44.380948469891415,37.880948469891415,1144.905639913232,364.6336466618462,63.7040901184082,-34.180965423583984,7.5600392462868,0.8550364587387269
1333,44.414267500274214,37.914267500274214,1146.0499037999036,364.4100529100529,63.90877151489258,-34.13778305053711,7.56823441318761,0.8429797130039088
1334,44.44758653065701,37.94758653065701,1145.954408757368,363.2020931071815,63.88961410522461,-33.919857025146484,7.566869168400964,0.8495861641280855
1335,44.48090556103982,37.98090556103982,1146.8143080062416,363.21966150522144,64.04373931884766,-33.920921325683594,7.5750569462716,0.8555222715755666
1336,44.51422459142262,38.01422459142262,1148.2715913267182,363.69263751071907,64.30569458007812,-34.00276565551758,7.498290001639896,0.8580646555214128
1337,44.54754362180542,38.04754362180542,1148.8951554591467,363.0630272354784,64.41637420654297,-33.88752746582031,7.5600392462868,0.8090037055030868
1338,44.58086265218822,38.08086265218822,1149.3144336102082,362.26929095943177,64.49018096923828,-33.74314498901367,7.56413793959212,0.8352457424314572
1339,44.61418168257102,38.11418168257102,1151.4627773801003,362.5552374135051,64.87565612792969,-33.78952407836914,7.598207736083495,0.8496700267771504
1340,44.64750071295382,38.14750071295382,1152.3560524101454,362.32059141723767,65.03535461425781,-33.74495315551758,7.56959941174018,0.8364523118146244
1341,44.68081974333663,38.18081974333663,1153.7677753675584,362.0838756326826,65.28795623779297,-33.698734283447266,7.5600392462868,0.8411550829856861
1342,44.71413877371943,38.21413877371943,1157.21097811631,362.74235279893605,65.90608215332031,-33.80921936035156,7.547729811940535,0.8221605919430885
1343,44.747457804102226,38.247457804102226,1158.2753834915998,363.045045045045,66.09733581542969,-33.86127853393555,7.521677074304259,0.8326401377566454
1344,44.78077683448503,38.28077683448503,1158.0032258064516,362.1459976105137,66.04707336425781,-33.69956970214844,7.592766841912027,0.834790015629319
1345,44.81409586486783,38.31409586486783,1156.9126165930288,361.32817869415805,65.85028076171875,-33.554534912109375,7.491397556023336,0.8594400797298372
1346,44.84741489525063,38.34741489525063,1160.2699045547904,362.4495590189682,66.45378112792969,-33.74884033203125,7.550466976060227,0.8188807527630491
1347,44.880733925633436,38.380733925633436,1161.7588678328473,362.78790087463557,66.7211685180664,-33.806297302246094,7.529913992714312,0.8344647650238015
1348,44.914052956016235,38.414052956016235,1161.971268565863,361.7980277574872,66.75762176513672,-33.62699508666992,7.521677074304259,0.8563035729665159
1349,44.947371986399034,38.447371986399034,1163.4363014535238,361.7293269818004,67.02003479003906,-33.61099624633789,7.5093047560192625,0.8564184836412211
1350,44.98069101678184,38.48069101678184,1166.7304452466906,362.7767749699158,67.612060546875,-33.792091369628906,7.5655036772469435,0.8562729525471776
1351,45.01401004716464,38.51401004716464,1166.3433140933141,362.39802789802786,67.54206085205078,-33.72464370727539,7.56823441318761,0.8294042722284084
1352,45.04732907754744,38.54732907754744,1165.9329977226416,361.48435814455235,67.4670639038086,-33.56062316894531,7.580510551690959,0.866781554066215
1353,45.080648107930244,38.580648107930244,1166.696991929567,361.7597212032282,67.60443115234375,-33.608489990234375,7.505176117520045,0.8525505975092275
1354,45.11396713831304,38.61396713831304,1170.3042857142857,362.7235714285714,68.25240325927734,-33.77372360229492,7.606361779999659,0.8417639114043745
1355,45.14728616869584,38.64728616869584,1171.9511078998073,363.52926300578036,68.54877471923828,-33.915191650390625,7.562771955302954,0.8556547034970913
1356,45.18060519907865,38.68060519907865,1172.0437964962803,362.21310295176386,68.56330871582031,-33.67726135253906,7.576420715649159,0.85874594158776
1357,45.21392422946145,38.71392422946145,1173.2859393939393,361.66727272727275,68.78502655029297,-33.57563400268555,7.538141910659106,0.8848514653576708
1358,45.24724325984425,38.74724325984425,1172.4650576368877,360.7066522574448,68.63641357421875,-33.404144287109375,7.573692931324687,0.8345487894111345
1359,45.28056229022705,38.78056229022705,1173.8669558929862,360.15690527838035,68.88676452636719,-33.30140686035156,7.5600392462868,0.8550364573088424
1360,45.31388132060985,38.81388132060985,1175.6890266131973,360.22615141572487,69.21340942382812,-33.309452056884766,7.52854179880903,0.8650023322748018
1361,45.34720035099265,38.84720035099265,1176.2702475366498,360.25919250180243,69.31761169433594,-33.31399154663086,7.570964164191861,0.8717784496052873
1362,45.38051938137546,38.88051938137546,1179.1526190476188,361.2286904761904,69.83564758300781,-33.48203659057617,7.606361779999659,0.8947146605196492
1363,45.413838411758256,38.913838411758256,1180.27121102248,360.9574570945129,70.03569030761719,-33.43030548095703,7.549098518056046,0.8525634639806735
1364,45.447157442141055,38.947157442141055,1178.8827049670854,359.8957510472771,69.78520965576172,-33.241939544677734,7.585960236472262,0.8825326402990099
1365,45.48047647252386,38.98047647252386,1178.6272118603538,359.57747489239597,69.73892211914062,-33.18507766723633,7.590044932220003,0.8618371782371711
1366,45.51379550290666,39.01379550290666,1178.3869912790697,359.6762354651163,69.69602966308594,-33.20350646972656,7.540882554963675,0.8606820426602818
1367,45.54711453328946,39.04711453328946,1176.832251862533,358.3965392934391,69.4154052734375,-32.97616195678711,7.570964164191861,0.8575094449174722
1368,45.580433563672266,39.080433563672266,1174.1823010986357,356.47748400338037,68.93745422363281,-32.63597869873047,7.553203148273999,0.8465201729186733
1369,45.613752594055065,39.113752594055065,1172.9383120825744,355.4301153612629,68.71286010742188,-32.44981002807617,7.531285936607034,0.880183343462291
1370,45.647071624437864,39.147071624437864,1172.3592632981945,354.95225978432086,68.60830688476562,-32.364898681640625,7.539512357340851,0.8475123417477652
1371,45.68039065482067,39.18039065482067,1172.1190819514538,354.9072338380197,68.56520080566406,-32.35734939575195,7.570964164191861,0.8575094477855129
1372,45.71370968520347,39.21370968520347,1169.8937861271677,353.3333333333333,68.1638412475586,-32.07843780517578,7.562771955302954,0.8556547034970913
1373,45.74702871558627,39.24702871558627,1168.683357348703,352.3138808837656,67.94524383544922,-31.897197723388672,7.573692931324687,0.8622734821070437
1374,45.780347745969074,39.280347745969074,1168.5454108023575,352.2162877420907,67.92036437988281,-31.879901885986328,7.566869168400964,0.8636647545071102
1375,45.81366677635187,39.31366677635187,1167.1602377486656,351.3848859776807,67.6707534790039,-31.733064651489258,7.535400269575277,0.8594310513192059
1376,45.84698580673467,39.34698580673467,1165.1736936936936,349.9769369369369,67.31238555908203,-31.483505249023438,7.5723286706757165,0.8275283379225541
1377,45.88030483711747,39.38030483711747,1164.9811984473556,349.646288209607,67.27734375,-31.424226760864258,7.535400269575277,0.8222232815056877
1378,45.91362386750028,39.41362386750028,1164.7225042301184,349.49951655789215,67.2307357788086,-31.398332595825195,7.549098518056046,0.8525634654064226
1379,45.946942897883076,39.446942897883076,1162.5895585227956,348.2326476602911,66.84632873535156,-31.174604415893555,7.566869168400964,0.8358490257412668
1380,45.980261928265875,39.480261928265875,1162.3977841315225,348.16666666666663,66.81184387207031,-31.163150787353516,7.603644736948159,0.8371836760017883
1381,46.01358095864868,39.51358095864868,1162.3976797033847,348.23394330821674,66.81193542480469,-31.175312042236328,7.588683611263451,0.8406752894422439
1382,46.04689998903148,39.54689998903148,1162.4055716353112,348.2659189580318,66.81338500976562,-31.181072235107422,7.557305549127712,0.8405468683309444
1383,46.08021901941428,39.58021901941428,1159.126719768284,346.09497948346603,66.2220458984375,-30.796730041503906,7.554570862752983,0.8170437810443343
1384,46.113538049797086,39.613538049797086,1160.4259997583665,345.2819862268938,66.45365142822266,-30.6466007232666,7.550466976060227,0.8322293272572069
1385,46.146857080179885,39.646857080179885,1160.3996623251326,345.0139893873613,66.44847869873047,-30.598222732543945,7.557305549127712,0.817635415711567
1386,46.180176110562684,39.680176110562684,1157.3345401882693,343.1576152546464,65.89591979980469,-30.270166397094727,7.554570862752983,0.8170437863907942
1387,46.21349514094549,39.71349514094549,1154.8041485769415,341.526169802219,65.43953704833984,-29.981430053710938,7.557305549127712,0.8176354130364012
1388,46.24681417132829,39.74681417132829,1152.334306569343,340.2273722627737,64.99453735351562,-29.75266456604004,7.524423715649887,0.8198296156886326
1389,46.28013320171109,39.78013320171109,1152.2102471368294,340.22374924653406,64.9722671508789,-29.75231170654297,7.558672521292121,0.8340391716784753
1390,46.313452232093894,39.813452232093894,1152.290723155588,340.3050888726564,64.98685455322266,-29.76681900024414,7.521677074304259,0.8192311999107578
1391,46.34677126247669,39.84677126247669,1152.0974990938746,340.2584269662921,64.9521255493164,-29.75885581970215,7.550466976060227,0.8227570033615592
1392,46.38009029285949,39.88009029285949,1152.091072714183,340.1606671466282,64.9508056640625,-29.741199493408203,7.576420715649159,0.8351500479685614
1393,46.4134093232423,39.9134093232423,1152.0670028818445,340.10122478386165,64.9463882446289,-29.730510711669922,7.573692931324687,0.8306011010569426
1394,46.4467283536251,39.9467283536251,1152.1226608716647,340.1761439092116,64.95649719238281,-29.743919372558594,7.553203148273999,0.8328326064406297
1395,46.4800473840079,39.9800473840079,1152.1925140209703,340.23213850280416,64.96910858154297,-29.75387191772461,7.516180780494436,0.8314237099150029
1396,46.5133664143907,40.0133664143907,1156.4354256854258,342.56421356421356,65.73372650146484,-30.16509246826172,7.56823441318761,0.8294042735930007
1397,46.5466854447735,40.0466854447735,1157.8208511650023,344.34522111269615,65.98504638671875,-30.483652114868164,7.611792956543152,0.8162913287343123
1398,46.5800044751563,40.0800044751563,1146.8910761154855,341.46564065855404,64.02064514160156,-29.989856719970703,7.598207736083495,0.8265098915653033
1399,46.61332350553911,40.11332350553911,1144.7970184853905,341.21097197376264,63.64474105834961,-29.948942184448242,7.5995673509706565,0.824059495217556
1400,46.646642535921906,40.146642535921906,1144.4351246671506,341.45642701525054,63.580284118652344,-29.994203567504883,7.543622203575393,0.8472436288575331
1401,46.679961566304705,40.179961566304705,1140.7806165287273,340.61472951901163,62.9235725402832,-29.850975036621094,7.577784239589947,0.8287211783687495
1402,46.71328059668751,40.21328059668751,1142.2431664891728,341.9815406460774,63.18815612792969,-30.09450340270996,7.629417578666215,0.8497245404631898
1403,46.74659962707031,40.24659962707031,1145.1088193456615,343.9549549549549,63.7053108215332,-30.44423484802246,7.622643700407401,0.8592414968538987
1404,46.77991865745311,40.27991865745311,1140.9417382999043,343.112106017192,62.95676040649414,-30.30207061767578,7.595487776183891,0.8166082206855302
1405,46.813237687835915,40.313237687835915,1140.06719462443,342.80885529157666,62.79941940307617,-30.24939727783203,7.576420715649159,0.835150052100483
1406,46.846556718218714,40.346556718218714,1137.3255870249334,342.0165819414185,62.306488037109375,-30.112876892089844,7.543622203575393,0.8375058132070136
1407,46.87987574860151,40.37987574860151,1135.0857622646035,341.87477509895643,61.90464782714844,-30.092727661132812,7.577784239589947,0.8661581944444486
1408,46.91319477898432,40.41319477898432,1132.890736055897,341.4815082520178,61.5103759765625,-30.027000427246094,7.561405724245774,0.8624180381620293
1409,46.94651380936712,40.44651380936712,1130.33188510741,341.19876900796527,61.05105972290039,-29.982147216796875,7.554570862752983,0.8170437837175643
1410,46.97983283974992,40.47983283974992,1129.756808869607,341.34345625451914,60.94820022583008,-30.00971221923828,7.5600392462868,0.8090037107670135
1411,47.013151870132724,40.513151870132724,1129.5322716853661,341.68198817710214,60.90852355957031,-30.07146644592285,7.555938329659423,0.8334358938788193
1412,47.04647090051552,40.54647090051552,1127.732057416268,340.8883572567783,60.58433151245117,-29.93239402770996,7.492776552363782,0.7935833875937475
1413,47.07978993089832,40.57978993089832,1127.7921160282633,341.16412544936156,60.5955924987793,-29.98210334777832,7.454068222680156,0.8165966247694303
1414,47.11310896128113,40.61310896128113,1123.2744460500962,339.76866570327553,59.783016204833984,-29.740863800048828,7.562771955302954,0.8188186823786091
1415,47.14642799166393,40.64642799166393,1122.21164021164,340.0959595959596,59.59303665161133,-29.80263900756836,7.56823441318761,0.806975594480627
1416,47.179747022046726,40.679747022046726,1125.8575713942882,342.50599952003836,60.251094818115234,-30.22943687438965,7.576420715649159,0.8351500479685614
1417,47.21306605242953,40.71306605242953,1122.7492721979622,342.31174187287723,59.69341278076172,-30.201927185058594,7.535400269575277,0.7873805120144852
1418,47.24638508281233,40.74638508281233,1122.5544626593808,342.34936247723135,59.65855026245117,-30.209205627441406,7.531285936607034,0.8147255029543964
1419,47.27970411319513,40.77970411319513,1120.0632834367773,341.8318120968723,59.21091842651367,-30.12173843383789,7.523050520325806,0.7910478176395691
1420,47.31302314357794,40.81302314357794,1117.3703570140642,341.0914773410266,58.72671127319336,-29.99448585510254,7.56959941174018,0.7919463282485246
1421,47.346342173960736,40.846342173960736,1116.1308309037902,340.77417395529636,58.503868103027344,-29.940149307250977,7.529913992714312,0.7988243271458978
1422,47.379661204343535,40.879661204343535,1114.8113321277876,340.41506931886676,58.2665901184082,-29.878454208374023,7.558672521292121,0.7985568461596664
1423,47.41298023472634,40.91298023472634,1112.3778740820994,340.4788732394366,57.83035659790039,-29.89594841003418,7.56413793959212,0.787157630561244
1424,47.44629926510914,40.94629926510914,1111.0328519855595,340.92358604091453,57.58997344970703,-29.979644775390625,7.5655036772469435,0.7936841367341635
1425,47.47961829549194,40.97961829549194,1109.8317140458198,341.68921674463235,57.375999450683594,-30.121007919311523,7.577784239589947,0.8026001758550348
1426,47.51293732587474,41.01293732587474,1108.9881838591516,341.77868368190946,57.224910736083984,-30.139249801635742,7.634832354066551,0.8412459316942218
1427,47.546256356257544,41.046256356257544,1107.2774342185037,341.317327513035,56.917293548583984,-30.060026168823242,7.536771214782576,0.8029299740845437
1428,47.57957538664034,41.07957538664034,1106.7551045510454,341.51389913899135,56.82399368286133,-30.09684181213379,7.483118241403906,0.8202044222206679
1429,47.61289441702314,41.11289441702314,1106.093857072932,341.1382770435634,56.70471954345703,-30.03055191040039,7.5024224296205215,0.8020216017154195
1430,47.64621344740595,41.14621344740595,1105.5649492017417,341.0913159167876,56.60978317260742,-30.02335548400879,7.5463608575786925,0.802317726691417
1431,47.67953247778875,41.17953247778875,1103.3715886939572,341.52229532163744,56.2172737121582,-30.10664939880371,7.518929429619227,0.8186327868266235
1432,47.712851508171546,41.212851508171546,1102.8260869565217,341.57910628019323,56.11955642700195,-30.118253707885742,7.55183518608796,0.8258137775434371
1433,47.74617053855435,41.24617053855435,1102.8414545454546,341.5364848484848,56.12223434448242,-30.11051368713379,7.538141910659106,0.8134939864303176
1434,47.77948956893715,41.27948956893715,1102.166909090909,341.21248484848485,56.00065994262695,-30.053585052490234,7.538141910659106,0.8323107509152939
1435,47.81280859931995,41.31280859931995,1102.491507430998,341.7410945977825,56.05986022949219,-30.148359298706055,7.641595427723312,0.8399265754640107
1436,47.84612762970276,41.34612762970276,1101.6768621806405,342.41285834232934,55.91505432128906,-30.271806716918945,7.577784239589947,0.8287211756463707
1437,47.879446660085556,41.379446660085556,1101.552807081363,343.1436886140415,55.89419174194336,-30.40423011779785,7.536771214782576,0.781472133197362
1438,47.912765690468355,41.412765690468355,1102.4964487781388,344.38521728662573,56.065731048583984,-30.626361846923828,7.56413793959212,0.8125693025575986
1439,47.94608472085116,41.44608472085116,1097.9232690935046,342.97406614323097,55.243019104003906,-30.38245391845703,7.609077852851801,0.8065868469386722
1440,47.97940375123396,41.47940375123396,1096.1667856293122,342.53152510111823,54.92721176147461,-30.30674934387207,7.609077852851801,0.8288764222416438
1441,48.01272278161676,41.51272278161676,1093.3414841849149,342.42007299270074,54.42036056518555,-30.293519973754883,7.524423715649887,0.7976598601967054
1442,48.046041811999565,41.546041811999565,1092.7553140096618,342.5586956521739,54.31553268432617,-30.32001304626465,7.55183518608796,0.8297387085648776
1443,48.079360842382364,41.579360842382364,1093.13391032576,342.9770405096766,54.38421630859375,-30.39472198486328,7.56959941174018,0.850199358122035
1444,48.11267987276516,41.61267987276516,1093.4252082578776,343.1086562839551,54.43669509887695,-30.41779899597168,7.553203148273999,0.8328326078164241
1445,48.14599890314797,41.64599890314797,1091.15422705314,342.55628019323666,54.02839660644531,-30.323497772216797,7.55183518608796,0.8164521530592089
1446,48.17931793353077,41.67931793353077,1092.3072179905694,343.4992141216298,54.23698043823242,-30.49114418029785,7.547729811940535,0.8412559026944468
1447,48.21263696391357,41.71263696391357,1090.2983792936623,343.34712143202705,53.8764533996582,-30.46856689453125,7.5463608575786925,0.8478589110861877
1448,48.245955994296374,41.745955994296374,1089.0483460559797,342.9050042408821,53.65144729614258,-30.391700744628906,7.539512357340851,0.8298161899015475
1449,48.27927502467917,41.77927502467917,1087.1516826332595,343.24183247359366,53.3120002746582,-30.457237243652344,7.488638801536112,0.8253416038648637
1450,48.31259405506197,41.81259405506197,1086.292000972526,343.5491125699003,53.15842819213867,-30.514894485473633,7.527169354754457,0.843551934078313
1451,48.34591308544478,41.84591308544478,1083.1028240405503,342.70625150856864,52.58488082885742,-30.37032699584961,7.554570862752983,0.8170437863907942
1452,48.37923211582758,41.87923211582758,1082.8529019750392,342.77777777777777,52.54021072387695,-30.38387107849121,7.539512357340851,0.8203713414709599
1453,48.412551146210376,41.912551146210376,1082.7453265355668,342.9026462733673,52.52117156982422,-30.40671157836914,7.532657630623801,0.8350729754939353
1454,48.44587017659318,41.94587017659318,1081.0819672131147,342.87176684881604,52.222808837890625,-30.405200958251953,7.531285936607034,0.8319577202683565
1455,48.47918920697598,41.97918920697598,1080.8446317332357,342.9618908024918,52.1804313659668,-30.422075271606445,7.5093047560192625,0.8099766502182967
1456,48.51250823735878,42.01250823735878,1080.7621825252156,343.1968647466278,52.16611862182617,-30.464757919311523,7.52854179880903,0.8049395464712215
1457,48.545827267741586,42.045827267741586,1080.9004756677643,344.0468349798756,52.192596435546875,-30.618080139160156,7.51480607892272,0.8243866401311994
1458,48.579146298124385,42.079146298124385,1078.439349474199,343.4512105649303,51.75007247924805,-30.51642608642578,7.505176117520045,0.8386296734591269
1459,48.612465328507184,42.112465328507184,1074.6969362745097,342.8892156862745,51.07783508300781,-30.423992156982422,7.4969120194539265,0.8008438927263849
1460,48.64578435888999,42.14578435888999,1074.948965688096,343.41397250092905,51.124088287353516,-30.51824378967285,7.456839767011912,0.80405272425369
1461,48.67910338927279,42.17910338927279,1073.8730392156863,343.5115196078431,50.931339263916016,-30.538511276245117,7.4969120194539265,0.8327798474220868
1462,48.71242241965559,42.21242241965559,1072.9824947974048,343.2959970620639,50.771217346191406,-30.50172996520996,7.501045206583747,0.8043971173691871
1463,48.745741450038395,42.245741450038395,1072.087067395264,343.10613236187004,50.61024475097656,-30.469600677490234,7.531285936607034,0.8375942827526867
1464,48.779060480421194,42.279060480421194,1070.3960443801254,342.78859141341053,50.30635070800781,-30.41633415222168,7.557305549127712,0.8137987137619456
1465,48.81237951080399,42.31237951080399,1067.9888727624575,342.5891388485728,49.87427520751953,-30.386167526245117,7.5463608575786925,0.8023177253893596
1466,48.8456985411868,42.3456985411868,1065.2547260110073,342.0399617133285,49.38283157348633,-30.29357147216797,7.587322046058042,0.8241433703420539
1467,48.8790175715696,42.3790175715696,1063.2395273899033,341.9239766081871,49.021183013916016,-30.277538299560547,7.596847877864805,0.8328960906717201
1468,48.9123366019524,42.4123366019524,1060.7338699841443,341.6354433467496,48.571231842041016,-30.231504440307617,7.51480607892272,0.8243866428548836
1469,48.9456556323352,42.4456556323352,1059.382629107981,341.41153941191004,48.32842254638672,-30.1943302154541,7.466532070493694,0.8034532841686556
1470,48.978974662718,42.478974662718,1059.3121112330773,341.4677399682888,48.3159065246582,-30.204666137695312,7.51480607892272,0.8477184168988279
1471,49.0122936931008,42.5122936931008,1061.5484412470023,342.90587529976017,48.71992492675781,-30.459205627441406,7.579147518226432,0.7965494275562203
1472,49.04561272348361,42.54561272348361,1060.2390096618358,342.8056763285024,48.48488998413086,-30.444292068481445,7.55183518608796,0.8164521490522675
1473,49.07893175386641,42.57893175386641,1059.1265365148229,342.74849361291876,48.28527069091797,-30.436683654785156,7.5600392462868,0.8052288940596734
1474,49.112250784249206,42.612250784249206,1058.9065555957986,342.81528431727634,48.2459602355957,-30.44929313659668,7.553203148273999,0.8102216818528524
1475,49.145569814632005,42.645569814632005,1058.888888888889,342.6886012225818,48.242523193359375,-30.426433563232422,7.580510551690959,0.829317592469434
1476,49.17888884501481,42.67888884501481,1061.636917562724,344.1664277180406,48.73838424682617,-30.68688201904297,7.592766841912027,0.8031325213234994
1477,49.21220787539761,42.71220787539761,1058.2003888686352,344.00887106574305,48.12178039550781,-30.666812896728516,7.52854179880903,0.8179856701441204
1478,49.24552690578041,42.74552690578041,1057.0417117442,343.7110229594903,47.91337203979492,-30.61580467224121,7.56959941174018,0.8404439962712609
1479,49.278845936163215,42.778845936163215,1054.733067247218,343.62530237058536,47.49916076660156,-30.605960845947266,7.5463608575786925,0.7933452394450349
1480,49.312164966546014,42.812164966546014,1052.4263120057512,343.06326383896476,47.08429718017578,-30.509998321533203,7.581873340115757,0.8363525664567566
1481,49.34548399692881,42.84548399692881,1050.6604136604135,343.04954304954305,46.767578125,-30.5118408203125,7.56823441318761,0.8333462681673335
1482,49.37880302731162,42.87880302731162,1050.980646712345,343.101454501743,46.825111389160156,-30.52044105529785,7.56959941174018,0.8046067216265245
1483,49.41212205769442,42.91212205769442,1050.9195148842336,342.98297194658824,46.81391525268555,-30.49917221069336,7.498290001639896,0.8342562108598748
1484,49.44544108807722,42.94544108807722,1047.9841555635578,342.539911175129,46.286537170410156,-30.426258087158203,7.5750569462716,0.828124761543727
1485,49.47876011846002,42.97876011846002,1044.5108734402852,342.26916221033866,45.66305160522461,-30.385812759399414,7.613150145277579,0.8270078324277175
1486,49.51207914884282,43.01207914884282,1043.6234344894026,342.03383911368013,45.503387451171875,-30.345439910888672,7.562771955302954,0.8556547006352541
1487,49.54539817922562,43.04539817922562,1043.8791922106022,342.1714148335136,45.54954528808594,-30.369686126708984,7.56959941174018,0.8269319292519324
1488,49.57871720960843,43.07871720960843,1043.8033939393938,342.3452121212121,45.536319732666016,-30.401294708251953,7.538141910659106,0.8402966316267068
1489,49.61203623999123,43.11203623999123,1044.686605504587,343.39302752293577,45.69696044921875,-30.588573455810547,7.503799399886245,0.8219735136892122
1490,49.645355270374026,43.145355270374026,1044.948838896952,344.1121190130624,45.74551010131836,-30.71793556213379,7.5463608575786925,0.8152688904029792
1491,49.67867430075683,43.17867430075683,1044.5998550199347,343.92110668116464,45.68251419067383,-30.68425750732422,7.550466976060227,0.8134454923142901
1492,49.71199333113963,43.21199333113963,1044.7475622968582,344.10713855784275,45.70940017700195,-30.717529296875,7.56413793959212,0.8257390928873458
1493,49.74531236152243,43.24531236152243,1044.731698521457,343.969347277317,45.706260681152344,-30.692657470703125,7.56959941174018,0.8269319292519324
1494,49.778631391905236,43.278631391905236,1038.5766094681755,343.4659851527321,44.6013298034668,-30.61672592163086,7.523050520325806,0.8261964941491444
1495,49.811950422288035,43.311950422288035,1035.6286810195495,343.20094036129666,44.072044372558594,-30.576026916503906,7.460995153105952,0.7769921639725346
1496,49.845269452670834,43.345269452670834,1032.5442886251947,342.6923169123816,43.51776885986328,-30.491626739501953,7.580510551690959,0.8069279854740204
1497,49.87858848305364,43.37858848305364,1031.6812822402358,342.8987963645296,43.36343002319336,-30.53107261657715,7.488638801536112,0.8349379842844389
1498,49.91190751343644,43.41190751343644,1031.4545343137254,342.88492647058825,43.3227424621582,-30.529117584228516,7.4969120194539265,0.823231006804508
1499,49.94522654381924,43.44522654381924,1031.1558770343581,342.741169379144,43.268856048583984,-30.503860473632812,7.558672521292121,0.8113954922033131
1500,49.978545574202045,43.478545574202045,1029.3313974591651,342.73756805807625,42.941627502441406,-30.50767707824707,7.544991654835394,0.8046824520275357
1501,50.011864604584844,43.511864604584844,1026.942383867483,342.44184371624056,42.51249694824219,-30.460058212280273,7.5750569462716,0.8020225591767375
1502,50.04518363496764,43.54518363496764,1027.014734299517,342.51074879227053,42.525630950927734,-30.472339630126953,7.55183518608796,0.7908188561349525
1503,50.07850266535045,43.57850266535045,1027.123277737491,342.56780275562,42.54521942138672,-30.482391357421875,7.549098518056046,0.8158605197295592
1504,50.11182169573325,43.61182169573325,1024.2353721799975,342.29569308722404,42.026649475097656,-30.440263748168945,7.555938329659423,0.8108085890092616
1505,50.14514072611605,43.64514072611605,1023.0988505747125,342.3765275257108,41.822994232177734,-30.45766258239746,7.544991654835394,0.808460968310253
1506,50.17845975649885,43.67845975649885,1019.636855391273,342.28176463517246,41.201839447021484,-30.44900894165039,7.56959941174018,0.8046067255373817
1507,50.21177878688165,43.71177878688165,1019.0127975122592,342.03815333094127,41.08937072753906,-30.4064884185791,7.588683611263451,0.8178514458677705
1508,50.24509781726445,43.74509781726445,1019.0801627183536,342.1989710457047,41.101802825927734,-30.43540382385254,7.587322046058042,0.8241433636009073
1509,50.27841684764726,43.77841684764726,1016.7300959232614,341.9717026378897,40.67979049682617,-30.400068283081055,7.579147518226432,0.8223684716635875
1510,50.311735878030056,43.811735878030056,1016.6748897628411,342.0357525920629,40.67002868652344,-30.411785125732422,7.602285851272585,0.8115705053472978
1511,50.345054908412855,43.845054908412855,1016.4320405944183,342.23873384076353,40.62693405151367,-30.449077606201172,7.550466976060227,0.8134454962998401
1512,50.37837393879566,43.87837393879566,1015.4793082886106,342.0060822898032,40.45552444458008,-30.409343719482422,7.5995673509706565,0.8072211209575012
1513,50.41169296917846,43.91169296917846,1012.2801495417268,341.82030873130725,39.881290435791016,-30.383590698242188,7.557305549127712,0.7831777428529192
1514,50.44501199956126,43.94501199956126,1009.3493158978084,341.8683860031481,39.35570526123047,-30.399459838867188,7.542252503663317,0.8170999319886459
1515,50.478331029944066,43.978331029944066,1009.5505454545455,341.8849696969697,39.39183807373047,-30.40196990966797,7.538141910659106,0.8134939930843565
1516,50.511650060326865,44.011650060326865,1009.2673899939722,341.96829415310424,39.34123992919922,-30.417726516723633,7.558672521292121,0.7985568513228948
1517,50.544969090709664,44.044969090709664,1007.3535864978902,341.9839662447257,38.99800109863281,-30.425249099731445,7.558672521292121,0.8022854669006013
1518,50.57828812109247,44.07828812109247,1006.91242834492,341.9574338333943,38.9188117980957,-30.42152976989746,7.51480607892272,0.8020050225743364
1519,50.61160715147527,44.11160715147527,1007.0437894226103,341.85783600194077,38.942142486572266,-30.4032039642334,7.535400269575277,0.7873805145498987
1520,50.64492618185807,44.14492618185807,1007.0730309680565,341.8923433308949,38.94747543334961,-30.409366607666016,7.516180780494436,0.7833691132873043
1521,50.67824521224087,44.17824521224087,1006.76683624031,341.984253875969,38.89276123046875,-30.42673683166504,7.540882554963675,0.7885266288359974
1522,50.71156424262367,44.21156424262367,1001.5785343474586,341.88808402752625,37.9619255065918,-30.422056198120117,7.553203148273999,0.7762088107251802
1523,50.74488327300647,44.24488327300647,999.3051676811074,341.7542666189283,37.553836822509766,-30.40342903137207,7.596847877864805,0.797658163608838
1524,50.77820230338927,44.27820230338927,999.298068849706,341.80124745112147,37.552677154541016,-30.411937713623047,7.577784239589947,0.7936598757987314
1525,50.81152133377208,44.31152133377208,999.0043557168784,341.7243799153055,37.49980545043945,-30.398757934570312,7.544991654835394,0.7956687627308314
1526,50.84484036415488,44.34484036415488,997.4063197026022,341.83630731102846,37.21342468261719,-30.422910690307617,7.455454123635271,0.801070917128867
1527,50.878159394537676,44.378159394537676,996.5473311347257,341.8722364724563,37.059425354003906,-30.431509017944336,7.5093047560192625,0.8367089982615349
1528,50.91147842492048,44.41147842492048,996.4382445903233,341.7962557743739,37.0396842956543,-30.41804313659668,7.527169354754457,0.8338565573198666
1529,50.94479745530328,44.44479745530328,996.2544815891472,341.7205668604651,37.00654220581055,-30.404808044433594,7.540882554963675,0.8234201144201226
1530,50.97811648568608,44.47811648568608,996.3763164339945,341.86149889786924,37.02873229980469,-30.42999267578125,7.4996677306366655,0.7887309341935278
1531,51.011435516068886,44.511435516068886,996.1710303030302,341.8204848484848,36.9918098449707,-30.423078536987305,7.538141910659106,0.7879535704243186
1532,51.044754546451685,44.544754546451685,992.8439106011712,341.5876658300466,36.39447021484375,-30.389129638671875,7.591406009059102,0.805488268332591
1533,51.078073576834484,44.578073576834484,991.6743309002433,341.8670316301703,36.185325622558594,-30.442506790161133,7.524423715649887,0.8198296224328302
1534,51.11139260721729,44.61139260721729,991.5181554103123,341.80416364076495,36.157161712646484,-30.431522369384766,7.543622203575393,0.8146772597397846
1535,51.14471163760009,44.64471163760009,991.5783205735811,341.82950540770446,36.16801452636719,-30.435955047607422,7.52854179880903,0.8274030594039318
1536,51.17803066798289,44.67803066798289,987.5681107099879,341.9225030084236,35.44889831542969,-30.462596893310547,7.5655036772469435,0.8063933596983042
1537,51.211349698365694,44.711349698365694,986.4917503586801,341.98601147776185,35.255977630615234,-30.476715087890625,7.590044932220003,0.8025567964957073
1538,51.24466872874849,44.74466872874849,986.713212121212,342.0802424242424,35.29591751098633,-30.493207931518555,7.538141910659106,0.8005710275696861
1539,51.27798775913129,44.77798775913129,986.3472625968992,341.9798934108527,35.230045318603516,-30.47595977783203,7.540882554963675,0.814085621084
1540,51.3113067895141,44.8113067895141,986.3652673125224,341.9390025116613,35.23318099975586,-30.468521118164062,7.588683611263451,0.7835182718547754
1541,51.3446258198969,44.8446258198969,986.1389188541291,341.99676375404533,35.192710876464844,-30.479522705078125,7.580510551690959,0.816090729654273
1542,51.3779448502797,44.8779448502797,986.3142719266497,342.0586319218241,35.22431182861328,-30.490278244018555,7.555938329659423,0.8200679666126511
1543,51.4112638806625,44.9112638806625,981.5164572112507,342.08043087971276,34.36374282836914,-30.50597381591797,7.585960236472262,0.8080886167516002
1544,51.4445829110453,44.9445829110453,979.7110471392588,342.1176682259806,34.039974212646484,-30.517127990722656,7.577784239589947,0.7936598796259106
1545,51.4779019414281,44.9779019414281,976.6789321789322,342.257215007215,33.49640655517578,-30.54978370666504,7.56823441318761,0.8069755957902436
1546,51.51122097181091,45.01122097181091,974.6489835197882,342.23036208348367,33.1322021484375,-30.54990577697754,7.566869168400964,0.7913751457281166
1547,51.544540002193706,45.044540002193706,974.4901465993751,342.36133141071855,33.10403060913086,-30.573972702026367,7.570964164191861,0.7737876862246434
1548,51.577859032576505,45.077859032576505,974.5833932422718,342.3628085310328,33.12075424194336,-30.57401466369629,7.581873340115757,0.8008296272040484
1549,51.61117806295931,45.11117806295931,971.5197679924241,342.1995738636364,32.57080078125,-30.552003860473633,7.628063284242008,0.8369544388759955
1550,51.64449709334211,45.14449709334211,970.1343659942363,342.5893371757925,32.32322311401367,-30.62586784362793,7.573692931324687,0.8119285253395624
1551,51.67781612372491,45.17781612372491,970.2864135625597,342.56518624641836,32.35044860839844,-30.621129989624023,7.595487776183891,0.8166082273272888
1552,51.711135154107716,45.211135154107716,969.9949220166848,342.6109297545641,32.29827117919922,-30.630115509033203,7.547729811940535,0.8090478767791602
1553,51.744454184490515,45.244454184490515,969.8250240847784,342.53841522157995,32.26761245727539,-30.617422103881836,7.562771955302954,0.8095886657799238
1554,51.777773214873314,45.277773214873314,969.8236636636636,342.55135135135134,32.26740264892578,-30.61976432800293,7.5723286706757165,0.801444936019195
1555,51.81109224525612,45.31109224525612,969.7908187984495,342.51489825581393,32.26142120361328,-30.613250732421875,7.540882554963675,0.8011532623444498
1556,51.84441127563892,45.34441127563892,969.9604438012542,342.6095031355523,32.29207992553711,-30.629940032958984,7.557305549127712,0.821499312947403
1557,51.87773030602172,45.37773030602172,968.4111151122314,342.9145360700996,32.0149040222168,-30.688894271850586,7.5750569462716,0.8281247601835173
1558,51.911049336404524,45.411049336404524,963.2880794701987,343.26833455972525,31.09678077697754,-30.765411376953125,7.494155294955702,0.7875718867255894
1559,51.94436836678732,45.44436836678732,963.5171821305842,343.22852233676974,31.137784957885742,-30.75765037536621,7.491397556023336,0.7869923623559227
1560,51.97768739717012,45.47768739717012,963.5845251191786,343.2631707615206,31.149946212768555,-30.76375389099121,7.5065525826609205,0.8225767929254546
1561,52.01100642755293,45.51100642755293,959.690405904059,343.6189421894219,30.45228385925293,-30.837614059448242,7.483118241403906,0.7643501448711052
1562,52.04432545793573,45.54432545793573,959.6824638746019,343.4619152583884,30.450462341308594,-30.80924415588379,7.4996677306366655,0.8014327472218633
1563,52.077644488318526,45.577644488318526,959.5894559054168,343.3620460851731,30.43353843688965,-30.791418075561523,7.555938329659423,0.7803492808790432
1564,52.11096351870133,45.61096351870133,959.7483483483483,343.37165165165163,30.46206283569336,-30.792760848999023,7.5723286706757165,0.7837384187397428
1565,52.14428254908413,45.64428254908413,957.5136592379583,342.49496764917325,30.05901336669922,-30.639720916748047,7.581873340115757,0.8008296259116935
1566,52.17760157946693,45.67760157946693,956.038768115942,342.13888888888886,29.793540954589844,-30.578948974609375,7.55183518608796,0.807248818084103
1567,52.21092060984974,45.71092060984974,956.2498184458968,342.08763011377386,29.831275939941406,-30.56916046142578,7.543622203575393,0.7803442488483862
1568,52.244239640232536,45.744239640232536,956.4359348407487,342.05871626549964,29.864587783813477,-30.563478469848633,7.527169354754457,0.789315181254444
1569,52.277558670615335,45.777558670615335,956.3682815136177,342.09725234996387,29.85255241394043,-30.570613861083984,7.5600392462868,0.7962238467638714
1570,52.310877700998134,45.810877700998134,955.1408708379071,341.4796926454446,29.630821228027344,-30.461952209472656,7.51480607892272,0.7893149624367796
1571,52.34419673138094,45.84419673138094,953.7349294045425,341.1235113566605,29.377708435058594,-30.400985717773438,7.490018305794206,0.7929992273902874
1572,52.37751576176374,45.87751576176374,953.5110619469026,341.09279744346117,29.33746910095215,-30.39598274230957,7.485879030371254,0.7858333161668859
1573,52.41083479214654,45.91083479214654,953.5088490174538,341.08531673379713,29.337055206298828,-30.394636154174805,7.512055921070722,0.7976725180414149
1574,52.444153822529344,45.944153822529344,943.064590124351,342.1783170348907,27.46613121032715,-30.61785888671875,7.553203148273999,0.7848834313705145
1575,52.47747285291214,45.97747285291214,943.0980890179002,342.22278664731493,27.47225570678711,-30.625818252563477,7.5463608575786925,0.7773243539722382
1576,52.51079188329494,46.01079188329494,943.5843889492097,342.1517674025817,27.559322357177734,-30.611785888671875,7.555938329659423,0.7854519814837855
1577,52.54411091367775,46.04411091367775,941.3069259392629,341.8192293842276,27.1498966217041,-30.55723762512207,7.5750569462716,0.8057673581167002
1578,52.57742994406055,46.07742994406055,938.3465465465465,340.7384984984985,26.616025924682617,-30.369056701660156,7.5723286706757165,0.7925175094932063
1579,52.61074897444335,46.11074897444335,938.6956415875334,340.91392744095447,26.67909812927246,-30.399927139282227,7.521677074304259,0.7970776254285559
1580,52.64406800482615,46.14406800482615,938.5402877697842,340.7466426858513,26.650800704956055,-30.370054244995117,7.579147518226432,0.7754613438011928
1581,52.67738703520895,46.17738703520895,938.6040028591851,340.62842506552295,26.661930084228516,-30.348520278930664,7.603644736948159,0.7804823177706959
1582,52.71070606559175,46.21070606559175,938.5470545977012,340.9110392720306,26.65243911743164,-30.39976692199707,7.584598182374478,0.8235517383461155
1583,52.74402509597456,46.24402509597456,938.5858366509832,341.0160453613222,26.6596622467041,-30.41866111755371,7.555938329659423,0.8239498410618649
1584,52.777344126357356,46.277344126357356,936.1208605269518,340.3183466279913,26.215633392333984,-30.29853057861328,7.549098518056046,0.7814776477014026
1585,52.810663156740155,46.310663156740155,928.5267112833156,340.7097569566749,24.85418128967285,-30.387910842895508,7.659151471108462,0.7981372003384263
1586,52.84398218712296,46.34398218712296,926.177850717238,341.31862387551666,24.434356689453125,-30.503772735595703,7.527169354754457,0.843551934078313
1587,52.87730121750576,46.37730121750576,925.6829327506675,341.3063850449138,24.34552764892578,-30.502771377563477,7.532657630623801,0.795685208773698
1588,52.91062024788856,46.41062024788856,925.3216842616187,341.32459652954736,24.280759811401367,-30.50694465637207,7.534029074901095,0.7933582882597268
1589,52.943939278271365,46.443939278271365,924.8281077093324,341.10377474486654,24.19163703918457,-30.46822166442871,7.484498763183275,0.7793307947339534
1590,52.977258308654164,46.477258308654164,923.2221007893138,340.8739526411658,23.902891159057617,-30.430599212646484,7.531285936607034,0.8017616484890824
1591,53.01057733903696,46.51057733903696,921.8856340778713,340.51727084096177,23.662166595458984,-30.36937141418457,7.512055921070722,0.7976725193380755
1592,53.04389636941977,46.54389636941977,921.7820701496198,340.51079224920284,23.643566131591797,-30.368453979492188,7.494155294955702,0.8002550356168348
1593,53.07721539980257,46.57721539980257,920.8483859267319,340.4974005561601,23.47601890563965,-30.368318557739258,7.547729811940535,0.7750842741509124
1594,53.11053443018537,46.61053443018537,920.8605664488017,340.5070200919874,23.478233337402344,-30.370027542114258,7.543622203575393,0.7927695159309666
1595,53.143853460568174,46.643853460568174,920.5467249969619,340.40940576011667,23.421667098999023,-30.35314178466797,7.52854179880903,0.7922030523103133
1596,53.17717249095097,46.67717249095097,918.6222140582904,340.1433994611805,23.07566261291504,-30.30975341796875,7.4996677306366655,0.7799307691788315
1597,53.21049152133377,46.71049152133377,916.6804059908403,339.6198786978586,22.72587776184082,-30.219829559326172,7.459610281603888,0.7620309516725072
1598,53.24381055171658,46.74381055171658,916.6581415174765,339.67628790646694,22.722030639648438,-30.23008918762207,7.520303377447894,0.7780608312590294
1599,53.27712958209938,46.77712958209938,913.8910926794085,340.1028969828104,22.226701736450195,-30.31401824951172,7.56959941174018,0.7675057833746372
1600,53.310448612482176,46.810448612482176,913.055372203887,340.2879843539909,22.07724380493164,-30.349536895751953,7.5065525826609205,0.7666502789192582
1601,53.34376764286498,46.84376764286498,912.8190857281435,340.295986419304,22.03487205505371,-30.351560592651367,7.536771214782576,0.7728352096622813
1602,53.37708667324778,46.87708667324778,910.3579790511398,339.9279112754159,21.59230613708496,-30.291025161743164,7.476211808699073,0.7689640294321062
1603,53.41040570363058,46.91040570363058,908.2493573264782,339.6459786999633,21.21320343017578,-30.24519920349121,7.501045206583747,0.762023543457806
1604,53.44372473401339,46.94372473401339,907.8275015346838,339.60073664825046,21.13739585876465,-30.238054275512695,7.490018305794206,0.7893016169287362
1605,53.477043764396186,46.977043764396186,907.5149957155097,339.7634961439589,21.081764221191406,-30.268253326416016,7.501045206583747,0.7620235422453139
1606,53.510362794778985,47.010362794778985,906.299486803519,339.4982893450635,20.862951278686523,-30.223268508911133,7.507928795447745,0.7729771656741936
1607,53.54368182516179,47.04368182516179,904.6881878209831,339.19760332599657,20.57301902770996,-30.172834396362305,7.505176117520045,0.781076885976355
1608,53.57700085554459,47.07700085554459,902.4220942785174,338.70253088640993,20.16507339477539,-30.088850021362305,7.577784239589947,0.7656748612734919
1609,53.61031988592739,47.11031988592739,899.250667637776,338.5666423889293,19.59563636779785,-30.072040557861328,7.532657630623801,0.7659772842007465
1610,53.643638916310195,47.143638916310195,899.5491993643808,338.60958318054026,19.64931869506836,-30.07907485961914,7.5065525826609205,0.7875821085126593
1611,53.676957946692994,47.176957946692994,899.7180994366887,338.6966691158462,19.679861068725586,-30.09440803527832,7.4996677306366655,0.8052111438375128
1612,53.71027697707579,47.21027697707579,899.5872957815167,338.71738600341376,19.65644645690918,-30.09847640991211,7.516180780494436,0.7833691120260562
1613,53.7435960074586,47.2435960074586,899.3288271830471,338.5017659237608,19.60948944091797,-30.06011390686035,7.520303377447894,0.7694616110751777
1614,53.7769150378414,47.2769150378414,896.6477422445802,338.2284105880944,19.127653121948242,-30.017242431640625,7.583235883632932,0.7618724914051105
1615,53.8102340682242,47.3102340682242,896.9229934924078,338.2748855145818,19.17716407775879,-30.02496910095215,7.5600392462868,0.783744444163491
1616,53.843553098607,47.343553098607,896.8622094416486,338.32830098250656,19.166400909423828,-30.03478240966797,7.581873340115757,0.8045626935432915
1617,53.8768721289898,47.3768721289898,894.7973762671437,338.22742993440664,18.795616149902344,-30.02159309387207,7.5995673509706565,0.7893869851816596
1618,53.9101911593726,47.4101911593726,884.926101777453,339.4661553445337,17.027751922607422,-30.26980972290039,7.521677074304259,0.7808919914455805
1619,53.9435101897554,47.4435101897554,881.1079145423645,340.00194221898516,16.3441219329834,-30.37606430053711,7.532657630623801,0.778077454890519
1620,53.97682922013821,47.47682922013821,880.7240407012381,340.1430673041559,16.2756404876709,-30.402524948120117,7.495533783939117,0.7978966883547226
1621,54.010148250521006,47.510148250521006,879.9613192676125,340.0438947496059,16.138492584228516,-30.386455535888672,7.536771214782576,0.760863108004644
1622,54.043467280903805,47.543467280903805,878.734375,339.95239825581393,15.918075561523438,-30.372915267944336,7.540882554963675,0.7558050263606522
1623,54.07678631128661,47.57678631128661,877.8996232835095,339.9016891481346,15.768139839172363,-30.365793228149414,7.52854179880903,0.7711484115985571
1624,54.11010534166941,47.61010534166941,876.2324888226527,339.7051664182812,15.468435287475586,-30.334333419799805,7.447134849193324,0.790244485684356
1625,54.14342437205221,47.64342437205221,875.411743119266,339.54287461773697,15.320700645446777,-30.306991577148438,7.503799399886245,0.7833553727960247
1626,54.176743402435015,47.676743402435015,873.69985196151,339.5693313594868,15.013582229614258,-30.315969467163086,7.472064884939852,0.7468578057509757
1627,54.210062432817814,47.710062432817814,871.7512696643131,339.6067137371485,14.664031982421875,-30.327505111694336,7.456839767011912,0.7649841774060321
1628,54.24338146320061,47.74338146320061,870.7680674352298,339.534523366803,14.48739242553711,-30.31685447692871,7.454068222680156,0.7817429286789865
1629,54.27670049358342,47.77670049358342,868.9723046488624,339.74319980217604,14.165742874145508,-30.35899543762207,7.463764125238062,0.7811971339403934
1630,54.31001952396622,47.81001952396622,868.9772173489279,339.47880116959067,14.165874481201172,-30.3111629486084,7.518929429619227,0.8186327868266235
1631,54.34333855434902,47.84333855434902,869.0956253850893,339.67233518176215,14.187675476074219,-30.345876693725586,7.476211808699073,0.7689640294321062
1632,54.376657584731824,47.876657584731824,868.3640794900638,339.6160479940007,14.05623722076416,-30.337491989135742,7.4235129420408645,0.7631354546104914
1633,54.40997661511462,47.90997661511462,867.0254038722406,339.4740411888025,13.815607070922852,-30.315082550048828,7.473447448534798,0.7894942597128124
1634,54.44329564549742,47.94329564549742,867.0855839191021,339.40276236280675,13.826202392578125,-30.302047729492188,7.473447448534798,0.78581299227196
1635,54.47661467588023,47.97661467588023,866.2439811367584,339.22449739389424,13.674664497375488,-30.271865844726562,7.449908972906302,0.7871310979454236
1636,54.50993370626303,48.00993370626303,863.6488473520249,339.37744548286605,13.209415435791016,-30.305885314941406,7.434638482853681,0.7776728638248137
1637,54.543252736645826,48.043252736645826,861.1980499695308,339.3394271785496,12.769505500793457,-30.305011749267578,7.517555230680652,0.824989927527532
1638,54.57657176702863,48.07657176702863,858.5990924699532,339.47510424331614,12.303513526916504,-30.335918426513672,7.494155294955702,0.8002550356168348
1639,54.60989079741143,48.10989079741143,857.271178129214,339.5795022679907,12.06551456451416,-30.35805320739746,7.495533783939117,0.7941675490862714
1640,54.64320982779423,48.14320982779423,856.8162062615102,339.62308164518106,11.98399829864502,-30.367050170898438,7.490018305794206,0.7804806754389195
1641,54.676528858177036,48.176528858177036,856.5139246718193,339.6249539933751,11.929753303527832,-30.368125915527344,7.492776552363782,0.793583390173774
1642,54.709847888559835,48.209847888559835,851.8875166485045,339.7814505388061,11.099985122680664,-30.40777015686035,7.542252503663317,0.7862344877963232
1643,54.743166918942634,48.243166918942634,847.7115244347192,340.0389010454656,10.351343154907227,-30.464561462402344,7.527169354754457,0.8019841531837698
1644,54.77648594932544,48.27648594932544,847.1959706959707,340.0141636141636,10.258749961853027,-30.461347579956055,7.510680464514091,0.7947486928237248
1645,54.80980497970824,48.30980497970824,847.3159240321403,340.1166301436571,10.280574798583984,-30.479589462280273,7.521677074304259,0.8099441997895335
1646,54.84312401009104,48.34312401009104,847.3293113954905,339.9909811090798,10.28260326385498,-30.45682716369629,7.517555230680652,0.7988408410264628
1647,54.876443040473845,48.376443040473845,847.2258498410368,340.0424309122035,10.264188766479492,-30.466386795043945,7.505176117520045,0.8026104575169727
1648,54.909762070856644,48.409762070856644,847.2937173411107,340.09733868027706,10.276531219482422,-30.476154327392578,7.52854179880903,0.7797664803510763
1649,54.94308110123944,48.44308110123944,847.2765801972963,340.13055657045425,10.273550987243652,-30.482202529907227,7.520303377447894,0.8031788289911276
1650,54.97640013162225,48.47640013162225,847.1828426026899,340.0882103477523,10.256612777709961,-30.474769592285156,7.539512357340851,0.7945135242091402
1651,55.00971916200505,48.50971916200505,842.5638718963656,342.41561712846345,9.43460464477539,-30.907001495361328,7.577784239589947,0.7936598770744577
1652,55.04303819238785,48.54303819238785,844.4146730462519,343.587657956079,9.770200729370117,-31.114408493041992,7.492776552363782,0.7810556139034124
1653,55.07635722277065,48.57635722277065,845.261370601937,343.60022066936375,9.922167778015137,-31.114606857299805,7.495533783939117,0.82016365833135
1654,55.10967625315345,48.60967625315345,846.0541498594304,343.7827893900501,10.06496524810791,-31.145675659179688,7.5065525826609205,0.7965041950563672
1655,55.14299528353625,48.64299528353625,848.1272749480884,344.00219860754856,10.437612533569336,-31.180273056030273,7.5093047560192625,0.8008312109305031
1656,55.17631431391906,48.67631431391906,840.601011883751,346.93787504412285,9.095830917358398,-31.729528427124023,7.651053687553265,0.8001192577620508
1657,55.20963334430186,48.70963334430186,839.9411054791213,348.0048274197441,8.980599403381348,-31.924049377441406,7.554570862752983,0.8170437850541792
1658,55.242952374684656,48.742952374684656,839.8520266182697,348.1255898366606,8.964981079101562,-31.94610023498535,7.544991654835394,0.8349885371660273
1659,55.27627140506746,48.77627140506746,840.9515284374618,348.25161368895385,9.16263198852539,-31.9661922454834,7.520303377447894,0.8069591577021972
1660,55.30959043545026,48.80959043545026,840.279569892473,348.6305424670774,9.04318618774414,-32.036346435546875,7.550466976060227,0.7968239973959735
1661,55.34290946583306,48.84290946583306,831.3503781058696,352.0480134437642,7.451366901397705,-32.676029205322266,7.5750569462716,0.8057673555057011
1662,55.376228496215866,48.876228496215866,831.3779069767442,352.06710271317826,7.456363201141357,-32.67941665649414,7.540882554963675,0.8049089677468032
1663,55.409547526598665,48.909547526598665,833.7301181342101,351.94470831810986,7.878005504608154,-32.651519775390625,7.520303377447894,0.7868050111349429
1664,55.442866556981464,48.942866556981464,835.2312378167641,351.75925925925924,8.14677619934082,-32.614315032958984,7.518929429619227,0.8320319217631924
1665,55.47618558736427,48.97618558736427,836.1961586121437,351.76790582403964,8.319918632507324,-32.61351776123047,7.455454123635271,0.7920110530890155
1666,55.50950461774707,49.00950461774707,836.1056338028169,351.91536940943905,8.304120063781738,-32.6403923034668,7.466532070493694,0.8072628883377511
1667,55.54282364812987,49.04282364812987,836.3425187333817,352.3119410200628,8.34780502319336,-32.71149826049805,7.549098518056046,0.8158605210642383
1668,55.57614267851267,49.07614267851267,831.8767705382436,354.28470254957506,7.552537441253662,-33.07902526855469,7.638890916781156,0.8129197980492678
1669,55.60946170889547,49.10946170889547,821.2103942652329,358.1654719235364,5.650771141052246,-33.806549072265625,7.592766841912027,0.829226869786502
1670,55.64278073927827,49.14278073927827,821.5835769980506,357.95175438596493,5.717062950134277,-33.76701354980469,7.518929429619227,0.8320319203831193
1671,55.67609976966107,49.17609976966107,825.3906099903937,357.829851104707,6.399653434753418,-33.73564529418945,7.573692931324687,0.7865779369177279
1672,55.70941880004388,49.20941880004388,825.0951166180758,358.3923712342079,6.348345756530762,-33.83802032470703,7.529913992714312,0.8155550302599669
1673,55.74273783042668,49.24273783042668,823.8937180423667,358.98064280496715,6.134624481201172,-33.9472770690918,7.521677074304259,0.7881637393325492
1674,55.776056860809476,49.276056860809476,825.4271369091354,358.8842762674504,6.409402847290039,-33.92609786987305,7.4996677306366655,0.831740877190231
1675,55.80937589119228,49.30937589119228,828.306514817536,358.83957874112167,6.9257941246032715,-33.910953521728516,7.4996677306366655,0.7799307691788315
1676,55.84269492157508,49.34269492157508,830.3393272171253,358.87535168195717,7.290565013885498,-33.91243362426758,7.503799399886245,0.7996573992943204
1677,55.87601395195788,49.37601395195788,830.5029925491632,358.79296445584464,7.3196702003479,-33.89714431762695,7.5093047560192625,0.767212545350442
1678,55.909332982340686,49.409332982340686,830.3787656135195,358.782757776145,7.297358512878418,-33.89560317993164,7.4996677306366655,0.7924197563533517
1679,55.942652012723485,49.442652012723485,830.279565959522,358.75286515484026,7.279465675354004,-33.890445709228516,7.516180780494436,0.7711192974456094
1680,55.975971043106284,49.475971043106284,832.1288209606987,358.767224648229,7.611247539520264,-33.88850021362305,7.535400269575277,0.7786441524456664
1681,56.00929007348909,49.50929007348909,834.7522847522846,358.64309764309763,8.081474304199219,-33.85963439941406,7.56823441318761,0.7979510173227999
1682,56.04260910387189,49.54260910387189,836.8313967562333,358.6055434519487,8.454330444335938,-33.84774398803711,7.543622203575393,0.80549393065941
1683,56.07592813425469,49.57592813425469,840.676622286194,358.65179321098714,9.144231796264648,-33.84667205810547,7.577784239589947,0.8063476704898607
1684,56.109247164637495,49.609247164637495,842.6968489677653,358.76590607267894,9.50695514678955,-33.86233139038086,7.553203148273999,0.8011248356324236
1685,56.142566195020294,49.642566195020294,842.8659656756103,358.7719361856418,9.537311553955078,-33.86301040649414,7.549098518056046,0.7939209642421674
1686,56.17588522540309,49.67588522540309,842.7347940613026,358.7249760536398,9.513644218444824,-33.85484313964844,7.584598182374478,0.8142683730239647
1687,56.2092042557859,49.7092042557859,844.7421451787649,358.65872156013,9.873520851135254,-33.837947845458984,7.56413793959212,0.8163938281612656
1688,56.2425232861687,49.7425232861687,846.6455742501829,358.7948061448427,10.21535873413086,-33.85786819458008,7.516180780494436,0.8125828975991348
1689,56.2758423165515,49.7758423165515,847.124481833699,358.99548890514507,10.301861763000488,-33.8929557800293,7.516180780494436,0.787012293593051
1690,56.3091613469343,49.8091613469343,848.6371171171171,359.0154954954955,10.573250770568848,-33.892860412597656,7.5723286706757165,0.8051870405215414
1691,56.3424803773171,49.8424803773171,850.7071402682132,358.91579074543915,10.944267272949219,-33.86976623535156,7.550466976060227,0.8005445245393767
1692,56.3757994076999,49.8757994076999,850.8540225700765,359.19051086033244,10.971413612365723,-33.91904830932617,7.534029074901095,0.7970626307433061
1693,56.40911843808271,49.90911843808271,853.0176463429474,359.5021297310454,11.360422134399414,-33.97004699707031,7.523050520325806,0.7910478176395691
1694,56.442437468465506,49.942437468465506,854.6133819951338,359.3793187347932,11.6462984085083,-33.943939208984375,7.524423715649887,0.846999236843219
1695,56.475756498848305,49.975756498848305,854.509431666058,359.5708896190824,11.628211975097656,-33.97880935668945,7.523050520325806,0.8397749922579667
1696,56.50907552923111,50.00907552923111,854.4980997915899,359.606227779821,11.6262788772583,-33.98522186279297,7.495533783939117,0.8336430056739319
1697,56.54239455961391,50.04239455961391,855.4975880366617,359.65762180414856,11.805699348449707,-33.99205780029297,7.557305549127712,0.8084187465374736
1698,56.57571358999671,50.07571358999671,858.000854387892,359.80507750518734,12.255141258239746,-34.01255798339844,7.512055921070722,0.7961287361130105
1699,56.609032620379516,50.109032620379516,857.5715497394885,359.6790258087968,12.17776870727539,-33.9908332824707,7.539512357340851,0.798223262004902
1700,56.642351650762315,50.142351650762315,857.3744242424242,359.670303030303,12.142393112182617,-33.98973846435547,7.538141910659106,0.8134939957459721
1701,56.675670681145114,50.175670681145114,858.4489081915791,359.7193871395826,12.335259437561035,-33.995975494384766,7.555938329659423,0.8200679666126511
1702,56.70898971152792,50.20898971152792,860.760492040521,359.9760009647853,12.75062370300293,-34.03667449951172,7.557305549127712,0.830941229802729
1703,56.74230874191072,50.24230874191072,862.5860234554467,360.2775964212308,13.078923225402832,-34.08668518066406,7.547729811940535,0.8128558293942222
1704,56.77562777229352,50.27562777229352,864.8759521218716,360.3333333333333,13.48982048034668,-34.09114074707031,7.547729811940535,0.8090478741426885
1705,56.808946802676324,50.308946802676324,864.7894609620497,360.28656030940294,13.474173545837402,-34.0828971862793,7.549098518056046,0.8028999601650683
1706,56.84226583305912,50.34226583305912,866.4737945492662,359.82944876063635,13.774968147277832,-33.99617004394531,7.473447448534798,0.7984889529608533
1707,56.87558486344192,50.37558486344192,867.791757840992,359.91648431801605,14.011605262756348,-34.008663177490234,7.527169354754457,0.8111274664314112
1708,56.90890389382473,50.40890389382473,870.1837464545566,360.4165741768405,14.442068099975586,-34.0931510925293,7.473447448534798,0.8153373945546322
1709,56.94222292420753,50.44222292420753,870.004044117647,360.39252450980393,14.409760475158691,-34.08924865722656,7.4969120194539265,0.770710370466938
1710,56.97554195459033,50.47554195459033,869.8359633027522,360.3897247706422,14.37960433959961,-34.08915710449219,7.503799399886245,0.799657401900191
1711,57.00886098497313,50.50886098497313,869.9811620795107,360.32428134556574,14.405460357666016,-34.07697677612305,7.503799399886245,0.7660880124880742
1712,57.04218001535593,50.54218001535593,871.9303573606537,360.6876448347359,14.756103515625,-34.137847900390625,7.51480607892272,0.7930004284238177
1713,57.07549904573873,50.57549904573873,871.8620732006877,360.789240972734,14.744142532348633,-34.1563720703125,7.488638801536112,0.7776385418660366
1714,57.10881807612153,50.60881807612153,873.7411143131603,360.847502401537,15.08132266998291,-34.16228485107422,7.573692931324687,0.7865779356583588
1715,57.142137106504336,50.642137106504336,874.3800565596949,360.8678224517398,15.19598388671875,-34.164390563964844,7.484498763183275,0.782961167246201
1716,57.175456136887135,50.675456136887135,874.5291102160381,361.0700598071524,15.223289489746094,-34.200565338134766,7.512055921070722,0.7799514673531317
1717,57.208775167269934,50.708775167269934,874.5578882750153,361.0109269490485,15.228278160095215,-34.1898078918457,7.490018305794206,0.7718067800030196
1718,57.24209419765274,50.74209419765274,874.7320644216691,361.1366520253782,15.259876251220703,-34.21209716796875,7.513431125827519,0.795330926298321
1719,57.27541322803554,50.77541322803554,874.785237388724,361.2686696340257,15.269783973693848,-34.23582077026367,7.463764125238062,0.7937776243801846
1720,57.30873225841834,50.80873225841834,875.2525326498229,361.50823874038815,15.354270935058594,-34.2779541015625,7.512055921070722,0.7887373444620728
1721,57.342051288801144,50.842051288801144,878.094554159186,361.8053859964093,15.86483097076416,-34.324668884277344,7.585960236472262,0.795373428446335
1722,57.37537031918394,50.87537031918394,878.8025235820163,361.7522969496509,15.99166202545166,-34.31333541870117,7.498290001639896,0.8076022198684565
1723,57.40868934956674,50.90868934956674,878.7926605504587,361.605749235474,15.989476203918457,-34.28688430786133,7.503799399886245,0.8180787955421731
1724,57.44200837994955,50.94200837994955,879.2446886446886,361.68888888888887,16.070781707763672,-34.30080032348633,7.510680464514091,0.7822229977436479
1725,57.47532741033235,50.97532741033235,881.3038112522686,361.62105263157895,16.439895629882812,-34.28348922729492,7.544991654835394,0.8084609696275326
1726,57.50864644071515,51.00864644071515,884.4852550157118,362.0491902344694,17.01166534423828,-34.35303497314453,7.549098518056046,0.8066638564846234
1727,57.54196547109795,51.04196547109795,884.4094657583363,361.98948249073743,16.997913360595703,-34.342430114746094,7.591406009059102,0.8356495511158673
1728,57.57528450148075,51.07528450148075,884.407768157768,361.95093795093794,16.997499465942383,-34.33546829223633,7.56823441318761,0.8107585955540337
1729,57.60860353186355,51.10860353186355,885.1473544012591,361.8524034386729,17.129863739013672,-34.31585693359375,7.542252503663317,0.8209677569465487
1730,57.64192256224636,51.14192256224636,888.8057675996607,361.45862110747606,17.784894943237305,-34.23573303222656,7.539512357340851,0.7945135254934117
1731,57.675241592629156,51.175241592629156,892.3737816764132,361.05080409356725,18.423669815063477,-34.153297424316406,7.518929429619227,0.7875880209107865
1732,57.708560623011955,51.208560623011955,895.4371069182389,360.76753749395255,18.972288131713867,-34.0946044921875,7.5463608575786925,0.8023177279934746
1733,57.74187965339476,51.24187965339476,895.9251330430575,361.09784712143204,19.06070899963379,-34.153079986572266,7.5463608575786925,0.8060788909495686
1734,57.77519868377756,51.27519868377756,896.2350458273033,361.03485287023636,19.116121292114258,-34.14094161987305,7.557305549127712,0.7831777453607697
1735,57.80851771416036,51.30851771416036,897.6964611455674,361.38550407393893,19.37917709350586,-34.200706481933594,7.525796660413736,0.8173892573507456
1736,57.841836744543166,51.341836744543166,901.2143980641258,360.5022383545069,20.0076847076416,-34.03248977661133,7.544991654835394,0.7868056728516579
1737,57.875155774925965,51.375155774925965,901.1868357487922,360.5868357487923,20.002965927124023,-34.04784393310547,7.55183518608796,0.7820443465032165
1738,57.908474805308764,51.408474805308764,901.3034141633489,360.66546024852215,20.02408790588379,-34.061767578125,7.555938329659423,0.7890904080178333
1739,57.94179383569157,51.44179383569157,902.764861612515,361.1252707581227,20.287429809570312,-34.14125442504883,7.5655036772469435,0.7642120617306946
1740,57.97511286607437,51.47511286607437,904.249696969697,360.73927272727275,20.55267906188965,-34.06787109375,7.538141910659106,0.7792108524941468
1741,58.00843189645717,51.50843189645717,906.2697613050258,360.16180880412617,20.913402557373047,-33.958580017089844,7.577784239589947,0.7936598770744577
1742,58.041750926839974,51.541750926839974,906.1797302223843,360.24547332604203,20.89748191833496,-33.97392272949219,7.52854179880903,0.8049395412250541
1743,58.07506995722277,51.57506995722277,906.2426541425818,360.30575626204234,20.9089298248291,-33.984657287597656,7.562771955302954,0.7967995715675074
1744,58.10838898760557,51.60838898760557,907.5896317829457,360.52955426356584,21.15110206604004,-34.021785736083984,7.540882554963675,0.7676509417772959
1745,58.14170801798838,51.64170801798838,909.6802546211286,360.9179826172114,21.527067184448242,-34.08683395385742,7.501045206583747,0.7864268725632457
1746,58.17502704837118,51.67502704837118,912.2744163305218,360.68610194352766,21.99167823791504,-34.03857421875,7.5065525826609205,0.783930313783401
1747,58.208346078753976,51.708346078753976,915.6382797270954,360.22173489278754,22.59370994567871,-33.94642639160156,7.518929429619227,0.8055547365247385
1748,58.24166510913678,51.74166510913678,916.7447973713034,360.22258731897284,22.79214859008789,-33.94386672973633,7.523050520325806,0.8037657361255423
1749,58.27498413951958,51.77498413951958,918.5824535857299,360.48792622254575,23.122407913208008,-33.9872932434082,7.534029074901095,0.8061133502534537
1750,58.30830316990238,51.80830316990238,919.6393542121874,360.4088370963826,23.31173324584961,-33.97041320800781,7.532657630623801,0.7994065554311619
1751,58.34162220028519,51.84162220028519,923.0074608904933,360.7488567990373,23.916641235351562,-34.023582458496094,7.5655036772469435,0.810173636596033
1752,58.374941230667986,51.874941230667986,923.17779399246,360.99087924115287,23.947824478149414,-34.06688690185547,7.525796660413736,0.7828073850525689
1753,58.408260261050785,51.908260261050785,923.1062713518788,361.00671059053195,23.935039520263672,-34.06992721557617,7.513431125827519,0.7741105657566377
1754,58.44157929143359,51.94157929143359,923.1349263818488,361.20890658942795,23.94071388244629,-34.10638427734375,7.554570862752983,0.7862303804896115
1755,58.47489832181639,51.97489832181639,923.7628701314658,361.1260597124954,24.053102493286133,-34.08987808227539,7.487259043108643,0.7748108119838085
1756,58.50821735219919,52.00821735219919,926.3265500416518,360.33702249196716,24.51077651977539,-33.941036224365234,7.6077199376356965,0.8258285053640366
1757,58.541536382581995,52.041536382581995,928.9941839331152,360.1744820065431,24.988746643066406,-33.90511703491211,7.539512357340851,0.8203713401234853
1758,58.574855412964794,52.074855412964794,928.7519798416126,360.16222702183825,24.94527244567871,-33.90350341796875,7.576420715649159,0.8351500479685614
1759,58.60817444334759,52.10817444334759,933.9137806637807,360.4368686868687,25.871644973754883,-33.94045639038086,7.56823441318761,0.7979510186105094
1760,58.6414934737304,52.1414934737304,935.6807410080595,360.93179357632624,26.189783096313477,-34.02553939819336,7.566869168400964,0.8002897065434242
1761,58.6748125041132,52.1748125041132,935.839448441247,360.9357314148681,26.21826171875,-34.02585983276367,7.579147518226432,0.7877113383049074
1762,58.708131534496,52.208131534496,935.9821643769583,360.9548083875633,26.243900299072266,-34.02895736694336,7.5600392462868,0.8090037081350502
1763,58.7414505648788,52.2414505648788,936.0134162702768,360.9920722039273,26.24959945678711,-34.035614013671875,7.51480607892272,0.82832075348585
1764,58.7747695952616,52.2747695952616,938.4203320004846,360.46019629225736,26.679851531982422,-33.933616638183594,7.539512357340851,0.7733974773268795
1765,58.8080886256444,52.3080886256444,938.1495044718394,360.6635242929659,26.631799697875977,-33.971012115478516,7.549098518056046,0.7939209603985496
1766,58.8414076560272,52.3414076560272,938.2038904899135,360.5863352545629,26.64136505126953,-33.95693588256836,7.573692931324687,0.799102463081809
1767,58.87472668641001,52.37472668641001,938.1610067437379,360.6529383429672,26.633840560913086,-33.96907043457031,7.562771955302954,0.7967995728533587
1768,58.908045716792806,52.408045716792806,938.4337866857552,360.95347172512527,26.68352508544922,-34.022701263427734,7.598207736083495,0.7953394980679628
1769,58.941364747175605,52.441364747175605,940.5004901960783,361.7123774509804,27.05607032775879,-34.15473556518555,7.4969120194539265,0.8008438927263849
1770,58.97468377755841,52.47468377755841,943.4486297235301,361.4893154654111,27.584152221679688,-34.10720443725586,7.553203148273999,0.7974016153716138
1771,59.00800280794121,52.50800280794121,946.2938676381299,360.9744990892532,28.093055725097656,-34.0072135925293,7.531285936607034,0.7839497501135837
1772,59.04132183832401,52.54132183832401,948.005061460593,360.60954446854663,28.39898109436035,-33.93708801269531,7.5600392462868,0.7837444454183236
1773,59.074640868706815,52.574640868706815,947.9844516206194,360.60961607463224,28.395280838012695,-33.93714904785156,7.588683611263451,0.8086689356673021
1774,59.107959899089614,52.607959899089614,949.441973508324,361.50747356908494,28.658903121948242,-34.09578323364258,7.52854179880903,0.7922030535908501
1775,59.14127892947241,52.64127892947241,951.1155668975574,361.8913598250091,28.959962844848633,-34.16102600097656,7.52854179880903,0.8049395399135123
1776,59.17459795985522,52.67459795985522,950.9217051422986,361.7803835348723,28.924924850463867,-34.141456604003906,7.5093047560192625,0.8061695718202622
1777,59.20791699023802,52.70791699023802,950.9102564102565,361.77521367521365,28.922866821289062,-34.14054489135742,7.510680464514091,0.8129827523278094
1778,59.24123602062082,52.74123602062082,950.9068165337201,361.8612521150592,28.92245864868164,-34.15610122680664,7.549098518056046,0.802899962771073
1779,59.274555051003624,52.774555051003624,956.5424505547514,361.5460684997588,29.932212829589844,-34.08533477783203,7.557305549127712,0.8084187452224434
1780,59.30787408138642,52.80787408138642,958.1584515807816,361.2550410754294,30.221250534057617,-34.02879333496094,7.4388062708010585,0.8066724644011359
1781,59.34119311176922,52.84119311176922,957.5118004866179,361.1457420924574,30.105024337768555,-34.01063537597656,7.524423715649887,0.772811586823719
1782,59.37451214215203,52.87451214215203,958.2261186525892,361.17621920563096,30.233192443847656,-34.01438522338867,7.402607485322109,0.7897546723935832
1783,59.40783117253483,52.90783117253483,958.6471471471472,361.15778278278276,30.308639526367188,-34.0100212097168,7.4193365631212576,0.8062821318008259
1784,59.441150202917626,52.941150202917626,960.088748607501,360.93179848991207,30.566574096679688,-33.965660095214844,7.459610281603888,0.7655527287470099
1785,59.47446923330043,52.97446923330043,964.1043238711222,360.57587735058087,31.28573226928711,-33.89150619506836,7.583235883632932,0.8037554105052381
1786,59.50778826368323,53.00778826368323,964.9751062537947,360.698482088646,31.442174911499023,-33.911521911621094,7.531285936607034,0.8185820909988314
1787,59.54110729406603,53.04110729406603,964.6209412623131,360.67007174996957,31.37860679626465,-33.907257080078125,7.525796660413736,0.7916254381744157
1788,59.57442632444884,53.07442632444884,964.5671011344435,360.650736181511,31.368896484375,-33.90389633178711,7.554570862752983,0.8170437850541792
1789,59.607745354831636,53.107745354831636,967.0983825854311,361.4672260732093,31.82478141784668,-34.04519271850586,7.525796660413736,0.8228821953308467
1790,59.641064385214435,53.141064385214435,968.057845263919,361.8522535550735,31.997758865356445,-34.112396240234375,7.5600392462868,0.8182270517212216
1791,59.67438341559724,53.17438341559724,970.4093419788663,361.7753362151777,32.41920471191406,-34.09273147583008,7.573692931324687,0.8250658828585218
1792,59.70770244598004,53.20770244598004,973.5684326710817,361.7132695609517,32.98548126220703,-34.07376480102539,7.494155294955702,0.8132470461460368
1793,59.74102147636284,53.24102147636284,973.4873857404021,361.6466788543571,32.970787048339844,-34.06193542480469,7.517555230680652,0.8249899261646931
1794,59.774340506745645,53.274340506745645,973.5016441359153,361.73730361709903,32.97356414794922,-34.07827377319336,7.520303377447894,0.8255932122021735
1795,59.807659537128444,53.307659537128444,974.1394730481024,361.63657239545563,33.087684631347656,-34.058509826660156,7.549098518056046,0.8291374458963522
1796,59.84097856751124,53.34097856751124,976.6303642264695,361.6266378170453,33.53428268432617,-34.05060958862305,7.56959941174018,0.8046067229301435
1797,59.87429759789405,53.37429759789405,979.9648807383434,361.4123217068201,34.131649017333984,-34.00371170043945,7.580510551690959,0.7732380697903984
1798,59.90761662827685,53.40761662827685,982.6144505160898,361.3160898603521,34.60647964477539,-33.979827880859375,7.531285936607034,0.7927806715664905
1799,59.94093565865965,53.44093565865965,983.1276259866422,361.4323011536126,34.698768615722656,-33.99956130981445,7.531285936607034,0.7839497538939385
1800,59.97425468904245,53.47425468904245,984.9826401446654,361.1404460518384,35.03068161010742,-33.942283630371094,7.558672521292121,0.8152144916910706
1801,60.00757371942525,53.50757371942525,986.0917209751386,361.0905141202027,35.22941589355469,-33.930545806884766,7.554570862752983,0.8078337836239152
1802,60.04089274980805,53.54089274980805,986.6106906906906,361.00468468468466,35.322265625,-33.91376876831055,7.5723286706757165,0.80518704313066
1803,60.07421178019086,53.57421178019086,986.7315644795027,360.97382574399427,35.3438606262207,-33.907894134521484,7.591406009059102,0.8092492480329407
1804,60.10753081057366,53.60753081057366,986.7667865707433,361.01654676258994,35.350276947021484,-33.915523529052734,7.579147518226432,0.8002539075531083
1805,60.140849840956456,53.640849840956456,986.8863170584689,360.85690174804097,35.3713264465332,-33.886390686035156,7.558672521292121,0.811395494847435
1806,60.17416887133926,53.67416887133926,987.6245803357313,361.06570743405274,35.50419235229492,-33.92230224609375,7.579147518226432,0.8130984511685818
1807,60.20748790172206,53.70748790172206,991.4857487922704,360.89408212560386,36.19609069824219,-33.8818244934082,7.55183518608796,0.8034821962466141
1808,60.24080693210486,53.74080693210486,993.0401839748245,360.7946017913338,36.474552154541016,-33.860042572021484,7.543622203575393,0.8146772570742976
1809,60.274125962487666,53.774125962487666,994.5965555148406,360.94967631611087,36.75396728515625,-33.884239196777344,7.5093047560192625,0.7970883591403126
1810,60.307444992870465,53.807444992870465,994.4145553899651,361.1717585692995,36.72185134887695,-33.9248046875,7.447134849193324,0.8084797949508942
1811,60.340764023253264,53.840764023253264,994.4912536443148,360.95420310981535,36.73509979248047,-33.885311126708984,7.529913992714312,0.786234397732077
1812,60.37408305363606,53.87408305363606,996.3376084035665,360.8478074996946,37.065887451171875,-33.86156463623047,7.5093047560192625,0.8008312135401989
1813,60.40740208401887,53.90740208401887,998.4097960180774,360.83999022841084,37.437400817871094,-33.855072021484375,7.5093047560192625,0.7970883578446019
1814,60.44072111440167,53.94072111440167,998.2484207968902,360.84888241010685,37.408485412597656,-33.85707092285156,7.529913992714312,0.8079101597309513
1815,60.47404014478447,53.97404014478447,998.3509028794533,360.8800634455832,37.42693328857422,-33.86245346069336,7.513431125827519,0.817435952577133
1816,60.507359175167274,54.007359175167274,1001.5243844696969,361.03231534090907,37.99626922607422,-33.88217544555664,7.628063284242008,0.8016020138007813
1817,60.54067820555007,54.04067820555007,1004.932845825716,361.20658135283367,38.607765197753906,-33.90529251098633,7.517555230680652,0.8289269143916822
1818,60.57399723593287,54.07399723593287,1005.9796836982968,361.1575425790754,38.79533386230469,-33.893863677978516,7.524423715649887,0.8105358344354728
1819,60.60731626631568,54.10731626631568,1006.7775346462436,361.1122052030148,38.93827819824219,-33.88372039794922,7.527169354754457,0.8019841518792067
1820,60.64063529669848,54.14063529669848,1007.1536199926497,360.8924415043489,39.00520706176758,-33.843101501464844,7.498290001639896,0.8076022158983387
1821,60.673954327081276,54.173954327081276,1007.360705596107,361.0261557177615,39.042640686035156,-33.86674499511719,7.524423715649887,0.833248339937261
1822,60.70727335746408,54.20727335746408,1007.4167585446527,360.927355139042,39.052459716796875,-33.84876251220703,7.498290001639896,0.830271052671543
1823,60.74059238784688,54.24059238784688,1007.8130818522548,360.6841977995405,39.12297058105469,-33.80385971069336,7.547729811940535,0.8090478741426885
1824,60.77391141822968,54.27391141822968,1009.7758122743683,360.7488567990373,39.475006103515625,-33.81072998046875,7.5655036772469435,0.8464078756348861
1825,60.807230448612486,54.307230448612486,1011.6019210245464,361.0637969880232,39.80311584472656,-33.86314010620117,7.621288202272667,0.7851598077310209
1826,60.840549478995285,54.340549478995285,1013.6637308868501,361.22214067278287,40.173126220703125,-33.886688232421875,7.503799399886245,0.7959200322700315
1827,60.873868509378084,54.373868509378084,1013.3990320629158,361.0283121597096,40.1252326965332,-33.852325439453125,7.544991654835394,0.7956687601585539
1828,60.90718753976089,54.40718753976089,1014.9651035986914,361.1483097055616,40.40626525878906,-33.87015914916992,7.539512357340851,0.8203713387760108
1829,60.94050657014369,54.44050657014369,1018.937148447053,361.3428711176327,41.11881637573242,-33.89556121826172,7.505176117520045,0.842671497879456
1830,60.97382560052649,54.47382560052649,1021.3168784029039,361.43315184513006,41.545658111572266,-33.906036376953125,7.544991654835394,0.8406456350286375
1831,61.007144630909295,54.507144630909295,1021.8876183450141,361.4785442026312,41.6480827331543,-33.91283416748047,7.484498763183275,0.8272197142563097
1832,61.040463661292094,54.540463661292094,1022.313431013431,361.36007326007325,41.724151611328125,-33.89038848876953,7.510680464514091,0.8129827496589798
1833,61.07378269167489,54.57378269167489,1022.2316672747172,361.57375653654384,41.7099723815918,-33.92919158935547,7.525796660413736,0.8005933281068512
1834,61.1071017220577,54.6071017220577,1024.4777046783627,361.49865984405454,42.11246109008789,-33.91011428833008,7.518929429619227,0.8280735393981795
1835,61.1404207524405,54.6404207524405,1024.3775671406001,361.5498845546239,42.094627380371094,-33.91961669921875,7.52854179880903,0.8103052923169919
1836,61.1737397828233,54.6737397828233,1028.0194945848375,361.78880866425993,42.74806594848633,-33.95384216308594,7.5655036772469435,0.8063933623156475
1837,61.2070588132061,54.7070588132061,1029.8814407814407,362.03369963369965,43.0823974609375,-33.993507385253906,7.510680464514091,0.8168375381431747
1838,61.2403778435889,54.7403778435889,1029.887067395264,361.96417729204614,43.083251953125,-33.98093795776367,7.531285936607034,0.828006339978098
1839,61.2736968739717,54.7736968739717,1031.7210092188257,362.24599708879185,43.41264724731445,-34.027347564697266,7.535400269575277,0.82222328015291
1840,61.30701590435451,54.80701590435451,1033.4410641851587,362.1249105225483,43.72072219848633,-34.00125503540039,7.598207736083495,0.8359868499437902
1841,61.34033493473731,54.84033493473731,1037.321293931655,362.5798370424419,44.41730880737305,-34.073909759521484,7.525796660413736,0.8005933242026261
1842,61.373653965120106,54.873653965120106,1037.7082418922214,362.5369422092173,44.4865837097168,-34.065216064453125,7.516180780494436,0.8180343750844371
1843,61.40697299550291,54.90697299550291,1038.2901391409557,362.4429522081064,44.5906982421875,-34.046810150146484,7.544991654835394,0.82546236367019
1844,61.44029202588571,54.94029202588571,1039.9887774594079,362.6131805157593,44.895565032958984,-34.07339096069336,7.595487776183891,0.8127979305362051
1845,61.47361105626851,54.97361105626851,1040.790168301247,362.7715219760262,45.03956604003906,-34.10002517700195,7.542252503663317,0.8304194786965962
1846,61.506930086651316,55.006930086651316,1042.8529807810012,363.17468478393926,45.41021728515625,-34.167789459228516,7.501045206583747,0.8081958294409753
1847,61.540249117034115,55.040249117034115,1043.0300048590864,363.0087463556851,45.441593170166016,-34.13738250732422,7.529913992714312,0.8344647650238015
1848,61.573568147416914,55.073568147416914,1043.0076474872542,363.0393299344501,45.43765640258789,-34.14296340942383,7.532657630623801,0.8350729741088181
1849,61.60688717779972,55.10688717779972,1045.7582874617735,363.1004281345566,45.93085861206055,-34.14725112915039,7.503799399886245,0.8219735041842219
1850,61.64020620818252,55.14020620818252,1046.3969362745097,363.18186274509804,46.0455207824707,-34.1603889465332,7.4969120194539265,0.8271662393821938
1851,61.67352523856532,55.17352523856532,1049.2406333091612,363.7313270485859,46.55641555786133,-34.252662658691406,7.549098518056046,0.8525634668321718
1852,61.706844268948124,55.206844268948124,1051.7574889604964,363.9628833989736,47.008056640625,-34.28831100463867,7.596847877864805,0.8328960920397668
1853,61.74016329933092,55.24016329933092,1053.7666906820364,364.11191162343897,47.368534088134766,-34.310298919677734,7.573692931324687,0.8211852063321925
1854,61.77348232971372,55.27348232971372,1054.3872672672671,364.1817417417417,47.47990036010742,-34.321388244628906,7.5723286706757165,0.8508125606118503
1855,61.80680136009653,55.30680136009653,1054.0361372975585,364.18443316412856,47.41697692871094,-34.32273864746094,7.549098518056046,0.8291374458963522
1856,61.84012039047933,55.34012039047933,1054.0513565891472,364.1655765503876,47.419673919677734,-34.31929397583008,7.540882554963675,0.8368976013517623
1857,61.87343942086213,55.37343942086213,1056.2146020347097,364.3693596648713,47.8078498840332,-34.350791931152344,7.585960236472262,0.853878548977052
1858,61.90675845124493,55.40675845124493,1058.3373202851274,364.61725262776366,48.18885040283203,-34.390357971191406,7.550466976060227,0.805850775006886
1859,61.94007748162773,55.44007748162773,1060.6424085703732,365.1828592537865,48.60320281982422,-34.486854553222656,7.478975147107498,0.8126749696269425
1860,61.97339651201053,55.47339651201053,1061.4914264866836,365.20235923628843,48.75542068481445,-34.4882926940918,7.525796660413736,0.8267997788257792
1861,62.00671554239333,55.50671554239333,1061.3771575468234,365.1240053862162,48.734779357910156,-34.474422454833984,7.501045206583747,0.821370224948976
1862,62.040034572776136,55.540034572776136,1061.5386105059306,365.0504720406681,48.76355743408203,-34.46074676513672,7.543622203575393,0.8240185288452198
1863,62.073353603158935,55.573353603158935,1065.4421867440735,365.6706579583938,49.464500427246094,-34.563175201416016,7.5463608575786925,0.8478589096717106
1864,62.106672633541734,55.606672633541734,1068.2954077305221,365.96946564885496,49.97652053833008,-34.610137939453125,7.539512357340851,0.8258843179950525
1865,62.13999166392454,55.63999166392454,1068.437334297421,365.95083152566883,50.00192642211914,-34.60643005371094,7.5600392462868,0.8411550815904806
1866,62.17331069430734,55.67331069430734,1068.9346045715681,365.9200586725339,50.090980529785156,-34.599647521972656,7.5065525826609205,0.8093830393136507
1867,62.20662972469014,55.70662972469014,1072.4622157006604,366.5140621178772,50.72443771362305,-34.69826889038086,7.505176117520045,0.8156407119532464
1868,62.239948755072945,55.739948755072945,1072.7697344488904,366.3583121134958,50.77926254272461,-34.66938781738281,7.536771214782576,0.815912720813025
1869,62.273267785455744,55.773267785455744,1073.825104396954,366.23556865634976,50.96815872192383,-34.644630432128906,7.488638801536112,0.8214150519765488
1870,62.30658681583854,55.80658681583854,1072.3137897547947,364.91199320223353,50.694644927978516,-34.4093017578125,7.532657630623801,0.8123107237789273
1871,62.33990584622135,55.83990584622135,1074.2068002428657,365.2044930176077,51.034515380859375,-34.45748519897461,7.531285936607034,0.8055264431142575
1872,62.37322487660415,55.87322487660415,1073.923133504965,365.0351845041069,50.98332977294922,-34.42760467529297,7.495533783939117,0.7941675529591601
1873,62.40654390698695,55.90654390698695,1076.2278220933042,364.7440174039159,51.395835876464844,-34.369361877441406,7.549098518056046,0.8252153631203089
1874,62.43986293736975,55.93986293736975,1078.5302918812852,365.15857247976453,51.80934524536133,-34.43858337402344,7.494155294955702,0.7787846574041574
1875,62.47318196775255,55.97318196775255,1079.6469009272814,365.2309663250366,52.00961685180664,-34.448917388916016,7.513431125827519,0.8308155022029976
1876,62.50650099813535,56.00650099813535,1079.6173065204143,364.50054844606944,52.00288009643555,-34.317073822021484,7.517555230680652,0.8483387743206345
1877,62.53982002851816,56.03982002851816,1081.4723521650474,363.9479429051217,52.33429718017578,-34.21271896362305,7.577784239589947,0.8619866361564162
1878,62.573139058900956,56.073139058900956,1083.9636999517606,364.47925711529183,52.78187561035156,-34.30256652832031,7.557305549127712,0.840546869725141
1879,62.606458089283755,56.106458089283755,1085.2430099683927,364.89326525650375,53.01197814941406,-34.374202728271484,7.527169354754457,0.8338565587029663
1880,62.63977711966656,56.13977711966656,1085.7204656862746,364.8069852941176,53.09737777709961,-34.357444763183594,7.4969120194539265,0.823231006804508
1881,62.67309615004936,56.17309615004936,1087.4171727998094,365.1152792664046,53.402069091796875,-34.40896224975586,7.605003379813812,0.8483241044601355
1882,62.70641518043216,56.20641518043216,1089.8925045703838,365.739183424741,53.846927642822266,-34.51557159423828,7.517555230680652,0.8624795416578698
1883,62.739734210814966,56.239734210814966,1089.5625307730181,365.7310438207779,53.787776947021484,-34.51490783691406,7.480356433507144,0.8569085963629968
1884,62.773053241197765,56.273053241197765,1089.5361151781356,364.820766227428,53.78129196166992,-34.35057830810547,7.513431125827519,0.8308155049591086
1885,62.806372271580564,56.306372271580564,1090.863575999034,364.7264276228419,54.01901626586914,-34.330284118652344,7.553203148273999,0.8368070226126761
1886,62.83969130196337,56.33969130196337,1092.3152762730228,365.30131214638254,54.28032302856445,-34.4305419921875,7.56413793959212,0.8257390969562195
1887,62.87301033234617,56.37301033234617,1093.7832369942196,365.49723025048166,54.543785095214844,-34.46232604980469,7.562771955302954,0.8656860036561198
1888,62.90632936272897,56.40632936272897,1097.9738562091504,366.22173807794724,55.29623031616211,-34.5828857421875,7.543622203575393,0.8146772597397846
1889,62.939648393111774,56.439648393111774,1099.2556372549018,365.9533088235294,55.52543640136719,-34.53126525878906,7.4969120194539265,0.8367838323664036
1890,62.97296742349457,56.47296742349457,1100.1362046085171,366.14247798286885,55.683616638183594,-34.563270568847656,7.555938329659423,0.820067963925052
1891,63.00628645387737,56.50628645387737,1098.7232681631667,364.77926623219884,55.42780303955078,-34.3205451965332,7.554570862752983,0.8303399698679946
1892,63.03960548426018,56.53960548426018,1098.8572793502926,364.7641227755882,55.45179748535156,-34.317481994628906,7.594127430909941,0.8458994595605587
1893,63.07292451464298,56.57292451464298,1100.4923189465983,365.57095830285294,55.74635314941406,-34.45918273925781,7.516180780494436,0.8509274842632086
1894,63.10624354502578,56.60624354502578,1100.8642865729053,365.13907921625196,55.81220245361328,-34.380271911621094,7.56959941174018,0.8501993623699678
1895,63.13956257540858,56.63956257540858,1102.2971145720148,364.5309670409272,56.0678596496582,-34.266937255859375,7.553203148273999,0.81947435968785
1896,63.17288160579138,56.67288160579138,1102.4934876989869,364.48130728412923,56.102970123291016,-34.25748062133789,7.557305549127712,0.8365479720521084
1897,63.20620063617418,56.70620063617418,1103.9656880512262,364.59586806814065,56.36703109741211,-34.27456283569336,7.550466976060227,0.8459069718591334
1898,63.23951966655699,56.73951966655699,1105.3492580528412,364.3238026299915,56.61448669433594,-34.22203063964844,7.555938329659423,0.8334358911252373
1899,63.272838696939786,56.772838696939786,1107.5322755138839,364.48070681572307,57.00602340698242,-34.245018005371094,7.56959941174018,0.8230360012366563
1900,63.306157727322585,56.806157727322585,1108.2298518250814,364.7283459824117,57.13151168823242,-34.28802490234375,7.561405724245774,0.8212551750792734
1901,63.33947675770539,56.83947675770539,1109.3887276245766,364.3049104983067,57.33841323852539,-34.20871353149414,7.5463608575786925,0.8246169473384957
1902,63.37279578808819,56.87279578808819,1110.238611713666,363.92082429501085,57.49003982543945,-34.137264251708984,7.5600392462868,0.8276090262475615
1903,63.40611481847099,56.90611481847099,1111.1433871932973,364.1070017953321,57.65254211425781,-34.16866683959961,7.585960236472262,0.8265976427854627
1904,63.439433848853795,56.939433848853795,1112.7500608716825,364.28207937667395,57.940792083740234,-34.19634246826172,7.521677074304259,0.8286788590554203
1905,63.472752879236594,56.972752879236594,1112.9951550387595,364.2991763565891,57.98475646972656,-34.198829650878906,7.540882554963675,0.8368976096806247
1906,63.50607190961939,57.00607190961939,1112.089127218935,362.60145463510844,57.81925964355469,-33.89442443847656,7.474829756407257,0.8145042359001761
1907,63.53939094000219,57.03939094000219,1114.0986235786954,362.64069419509275,58.17949295043945,-33.89658737182617,7.585960236472262,0.8497996681579074
1908,63.572709970385,57.072709970385,1116.757486859797,363.65591003544796,58.657867431640625,-34.073429107666016,7.5065525826609205,0.8417933449523297
1909,63.6060290007678,57.1060290007678,1117.8554941682014,363.67980356046655,58.85470199584961,-34.075050354003906,7.490018305794206,0.8520249903837656
1910,63.6393480311506,57.1393480311506,1121.18916605527,364.7297627781854,59.454063415527344,-34.25649642944336,7.505176117520045,0.8156407079274035
1911,63.6726670615334,57.1726670615334,1123.4495926061047,365.2963638574729,59.86016845703125,-34.353275299072266,7.525796660413736,0.8307454053508371
1912,63.7059860919162,57.2059860919162,1124.8247410115782,365.56465569774525,60.107086181640625,-34.39835739135742,7.517555230680652,0.8483387728995316
1913,63.739305122299,57.239305122299,1124.0882103477522,364.3505391978674,59.97293472290039,-34.1808967590332,7.539512357340851,0.8394250941121735
1914,63.77262415268181,57.27262415268181,1125.514440433213,364.4389891696751,60.22867965698242,-34.19337463378906,7.5655036772469435,0.8562729468193675
1915,63.805943183064606,57.305943183064606,1126.3842980220847,364.27387452979,60.38427734375,-34.16141891479492,7.534029074901095,0.8662637327011814
1916,63.839262213447405,57.339262213447405,1127.4971035481535,364.43808834178134,60.5839958190918,-34.18834686279297,7.554570862752983,0.8264121906049262
1917,63.87258124383021,57.37258124383021,1127.4201640135068,364.4000241196334,60.57014846801758,-34.181663513183594,7.557305549127712,0.8405468683309444
1918,63.90590027421301,57.40590027421301,1127.3096797671033,364.3341824357108,60.55023193359375,-34.170040130615234,7.535400269575277,0.8356811887363215
1919,63.93921930459581,57.43921930459581,1127.9804983748645,362.9510051763573,60.66799545288086,-33.9185905456543,7.56413793959212,0.8530576730745895
1920,63.972538334978616,57.472538334978616,1130.0772859216256,363.3049104983067,61.044403076171875,-33.97736358642578,7.5463608575786925,0.8619330340013578
1921,64.00585736536142,57.50585736536142,1130.5268933912203,361.9125663289918,61.12252426147461,-33.724788665771484,7.557305549127712,0.8544182096896746
1922,64.03917639574422,57.53917639574422,1130.2364798426745,361.29338741396265,61.06938552856445,-33.61366271972656,7.485879030371254,0.8343227034476789
1923,64.07249542612702,57.57249542612702,1132.9045207956601,361.9370705244123,61.54869842529297,-33.72338104248047,7.558672521292121,0.8617946770920837
1924,64.10581445650982,57.60581445650982,1134.2056097267364,362.34103767906583,61.78257369995117,-33.793155670166016,7.56413793959212,0.8352457451910188
1925,64.13913348689262,57.63913348689262,1135.1746089049338,362.565944645006,61.956626892089844,-33.83140182495117,7.5655036772469435,0.8423715039299893
1926,64.17245251727542,57.67245251727542,1136.4161298019565,362.49725602481504,62.17901611328125,-33.815948486328125,7.598207736083495,0.8359868471929452
1927,64.20577154765823,57.70577154765823,1138.9747929420237,362.5928459968791,62.63774490356445,-33.82693862915039,7.5750569462716,0.8376588742869288
1928,64.23909057804103,57.73909057804103,1140.3679345894063,362.53003910415924,62.88729476928711,-33.81217575073242,7.623998957543259,0.8485179766489753
1929,64.27240960842383,57.77240960842383,1141.2086633069355,363.15406767458603,63.03902816772461,-33.922821044921875,7.576420715649159,0.8587459401516718
1930,64.30572863880663,57.80572863880663,1142.33297140789,363.39896248039565,63.24095153808594,-33.96429443359375,7.555938329659423,0.8570237739189736
1931,64.33904766918943,57.839047669189426,1144.8874628639333,364.0613190730838,63.699859619140625,-34.07765197753906,7.613150145277579,0.8501425983250995
1932,64.37236669957223,57.872366699572225,1145.7546829971182,364.14637367915464,63.85540771484375,-34.090885162353516,7.573692931324687,0.8724069775418904
1933,64.40568572995502,57.905685729955024,1146.218761188686,363.6552094522019,63.937744140625,-34.00104522705078,7.596847877864805,0.8563313433626019
1934,64.43900476033784,57.93900476033784,1147.2465166130762,363.2128141002739,64.12117004394531,-33.91862106323242,7.605003379813812,0.8723917848024039
1935,64.47232379072064,57.97232379072064,1147.2952996053104,362.50747518239444,64.12872314453125,-33.791114807128906,7.588683611263451,0.8544917457937655
1936,64.50564282110344,58.005642821103436,1147.447529751172,362.5373241976199,64.15605926513672,-33.79613494873047,7.56959941174018,0.8230360025853194
1937,64.53896185148623,58.038961851486235,1147.5542802486848,362.0500956480153,64.17437744140625,-33.7078742980957,7.590044932220003,0.8478453995856564
1938,64.57228088186903,58.072280881869034,1150.2297780959198,362.4195895967549,64.65446472167969,-33.76804733276367,7.598207736083495,0.8226315574549703
1939,64.60559991225183,58.10559991225183,1149.7688538305247,361.6908091311103,64.57063293457031,-33.63754653930664,7.591406009059102,0.8412785741398069
1940,64.63891894263465,58.138918942634646,1151.7888489208633,361.4961630695443,64.93231964111328,-33.59743881225586,7.579147518226432,0.8552422949764545
1941,64.67223797301745,58.172237973017445,1155.2378722382323,362.0581171950048,65.5513687133789,-33.69047927856445,7.573692931324687,0.8401798776934746
1942,64.70555700340024,58.205557003400244,1155.859605325725,361.84058487874466,65.66242218017578,-33.64966583251953,7.611792956543152,0.8389789219609751
1943,64.73887603378304,58.23887603378304,1157.9670132664037,362.09453806621246,66.04051208496094,-33.690364837646484,7.591406009059102,0.8277848566350647
1944,64.77219506416584,58.27219506416584,1159.790976721862,362.37640988720904,66.36784362792969,-33.73680114746094,7.576420715649159,0.8311995195708941
1945,64.80551409454864,58.30551409454864,1159.6532462821908,362.0790714544795,66.34265899658203,-33.68343734741211,7.547729811940535,0.8276855924072555
1946,64.83883312493145,58.338833124931455,1160.90941363692,362.4263679764965,66.56834411621094,-33.743080139160156,7.501045206583747,0.8405585912376946
1947,64.87215215531425,58.372152155314254,1160.8924652523774,362.37503048037064,66.56522369384766,-33.73385238647461,7.516180780494436,0.8509274856910822
1948,64.90547118569705,58.40547118569705,1162.4102749638205,362.0753738543174,66.83673858642578,-33.67601013183594,7.557305549127712,0.8270106091050942
1949,64.93879021607985,58.43879021607985,1164.192522456907,361.61046370478266,67.15536499023438,-33.58767318725586,7.532657630623801,0.8447824999429142
1950,64.97210924646265,58.47210924646265,1165.4996353026988,362.0218818380744,67.39027404785156,-33.65877151489258,7.527169354754457,0.8435519383001886
1951,65.00542827684545,58.50542827684545,1166.2126022126022,361.8401875901876,67.51775360107422,-33.62420654296875,7.56823441318761,0.8711499084379657
1952,65.03874730722826,58.53874730722826,1166.3127259580622,361.65184381778744,67.53539276123047,-33.58994674682617,7.5600392462868,0.8650605094438415
1953,65.07206633761106,58.57206633761106,1166.8651315789473,361.4526072124756,67.6340560913086,-33.55260467529297,7.518929429619227,0.8700008666454684
1954,65.10538536799386,58.60538536799386,1168.413135337438,361.66195822769527,67.91179656982422,-33.58662033081055,7.553203148273999,0.8706786203231837
1955,65.13870439837666,58.63870439837666,1172.406156425919,363.15043717810516,68.62972259521484,-33.845664978027344,7.583235883632932,0.8818988631215607
1956,65.17202342875946,58.67202342875946,1170.3097122302158,361.60551558752996,68.2515869140625,-33.571781158447266,7.579147518226432,0.8736640495878588
1957,65.20534245914226,58.70534245914226,1169.9871566179095,360.5182542513973,68.19205474853516,-33.37618637084961,7.610435525777736,0.8736385040375627
1958,65.23866148952507,58.73866148952507,1173.3771546491867,360.96758922068466,68.80027770996094,-33.44903564453125,7.532657630623801,0.86893315866647
1959,65.27198051990787,58.77198051990787,1174.1487839771103,360.27622794468283,68.93746185302734,-33.322269439697266,7.600926722656866,0.8934364921617041
1960,65.30529955029067,58.80529955029067,1173.6751546016733,359.200194009943,68.85088348388672,-33.12907028198242,7.536771214782576,0.866894427794327
1961,65.33861858067347,58.83861858067347,1175.4145345345344,359.5535135135135,69.16315460205078,-33.188629150390625,7.5723286706757165,0.8649114635819857
1962,65.37193761105627,58.87193761105627,1178.1748226950356,360.4982269503546,69.65929412841797,-33.35249710083008,7.633479020305309,0.8759406410453398
1963,65.40525664143907,58.90525664143907,1179.5282455511763,360.8120148095067,69.90231323242188,-33.40585708618164,7.594127430909941,0.8458994623619797
1964,65.43857567182188,58.93857567182188,1178.159378036929,359.5546647230321,69.65505981445312,-33.18210220336914,7.529913992714312,0.8344647636396931
1965,65.47189470220468,58.97189470220468,1177.323108384458,359.12763142066643,69.5045166015625,-33.107017517089844,7.566869168400964,0.8885202348757772
1966,65.50521373258748,59.00521373258748,1177.3784207353826,359.1473176612417,69.51445770263672,-33.110435485839844,7.558672521292121,0.8719400119502779
1967,65.53853276297028,59.03853276297028,1177.1925630810092,359.0970662803332,69.48106384277344,-33.1018180847168,7.553203148273999,0.8465201700989732
1968,65.57185179335308,59.071851793353076,1174.3671950048029,356.549711815562,68.97071075439453,-32.64857482910156,7.573692931324687,0.8581276925345721
1969,65.60517082373588,59.105170823735875,1171.7602089268755,354.3961301044634,68.50006866455078,-32.26588439941406,7.617220260588521,0.8824635495644004
1970,65.63848985411869,59.13848985411869,1171.3929222911347,354.2086829624225,68.4339370727539,-32.2329216003418,7.525796660413736,0.8501998465860545
1971,65.67180888450149,59.17180888450149,1171.128,354.1260606060606,68.3863296508789,-32.21864318847656,7.538141910659106,0.860056539756313
1972,65.70512791488429,59.20512791488429,1170.3982572410407,353.6786941580756,68.25482177734375,-32.13959884643555,7.491397556023336,0.8494231220193978
1973,65.73844694526709,59.238446945267086,1167.6860747210092,351.72392042697714,67.76553344726562,-31.79303741455078,7.535400269575277,0.8695660335381411
1974,65.77176597564988,59.271765975649885,1167.5904898790272,351.3812432626662,67.74785614013672,-31.731355667114258,7.583235883632932,0.8532653535793798
1975,65.80508500603268,59.305085006032684,1167.8250836920133,351.5112386417982,67.79011535644531,-31.7542667388916,7.590044932220003,0.8618371782371711
1976,65.8384040364155,59.3384040364155,1165.9534632034631,350.2738095238095,67.45264434814453,-31.535242080688477,7.56823441318761,0.8294042667700386
1977,65.8717230667983,59.371723066798296,1164.3911143481428,349.19288662296674,67.17082977294922,-31.343734741210938,7.532657630623801,0.825529887667237
1978,65.9050420971811,59.405042097181095,1163.5917698470503,348.39815489196405,67.02625274658203,-31.202064514160156,7.532657630623801,0.8447824971242245
1979,65.9383611275639,59.438361127563894,1163.3443716642405,348.3897379912664,66.98188781738281,-31.201148986816406,7.535400269575277,0.8129023624192262
1980,65.9716801579467,59.47168015794669,1163.3925222262817,348.40323955669226,66.99055480957031,-31.203468322753906,7.520303377447894,0.8351532092939845
1981,66.00499918832949,59.50499918832949,1163.3360195360194,348.25909645909644,66.98018646240234,-31.17755889892578,7.510680464514091,0.826257584552191
1982,66.03831821871229,59.53831821871229,1159.9691866714438,345.9457780962618,66.37284851074219,-30.767698287963867,7.594127430909941,0.8418818588393633
1983,66.0716372490951,59.571637249095104,1156.9153883613342,344.28098368638905,65.82262420654297,-30.47425651550293,7.521677074304259,0.8326401280890717
1984,66.1049562794779,59.6049562794779,1157.5847653869591,343.9343083485679,65.94204711914062,-30.409950256347656,7.517555230680652,0.8345429360737485
1985,66.1382753098607,59.6382753098607,1162.0151681957186,345.2938226299694,66.73855590820312,-30.64484977722168,7.503799399886245,0.8354825989989205
1986,66.1715943402435,59.6715943402435,1159.7993928354583,343.92434729811777,66.3390884399414,-30.402729034423828,7.531285936607034,0.8055264496767482
1987,66.2049133706263,59.7049133706263,1157.3519736842106,341.89485867446393,65.89694213867188,-30.041845321655273,7.518929429619227,0.8280735380279431
1988,66.2382324010091,59.7382324010091,1155.5808043424622,341.1411300271404,65.57814025878906,-29.90991973876953,7.472064884939852,0.8216923396992957
1989,66.27155143139191,59.77155143139191,1153.2091384129299,339.913112164297,65.1508560180664,-29.69370460510254,7.52854179880903,0.8049395425365959
1990,66.30487046177471,59.80487046177471,1152.261287223823,339.1256003842459,64.97958374023438,-29.553640365600586,7.573692931324687,0.8250658774468261
1991,66.33818949215751,59.83818949215751,1152.3723647753282,339.15215034333215,64.99954223632812,-29.558168411254883,7.561405724245774,0.8251426747079913
1992,66.37150852254031,59.87150852254031,1152.3275488069414,339.08423716558207,64.99140167236328,-29.545995712280273,7.5600392462868,0.8315424842520326
1993,66.40482755292311,59.90482755292311,1152.3138034960818,339.20723327305603,64.98915100097656,-29.56827163696289,7.558672521292121,0.8380193430025523
1994,66.43814658330591,59.93814658330591,1152.3807971014494,339.1559178743961,65.00106048583984,-29.558826446533203,7.55183518608796,0.8297387044597289
1995,66.47146561368872,59.97146561368872,1153.7476769120801,340.3927805575411,65.24822235107422,-29.779109954833984,7.603644736948159,0.8276931636717202
1996,66.50478464407152,60.00478464407152,1157.722554188635,342.8685413005272,65.96499633789062,-30.216955184936523,7.667240702165509,0.838801175981263
1997,66.53810367445432,60.03810367445432,1155.106247793858,342.57053771031883,65.49542236328125,-30.16948890686035,7.651053687553265,0.8448244326443566
1998,66.57142270483712,60.07142270483712,1146.4304699770448,340.47118521203333,63.93635940551758,-29.811195373535156,7.550466976060227,0.8096347786578447
1999,66.60474173521992,60.10474173521992,1143.68910371166,340.15443370330587,63.44428634643555,-29.760635375976562,7.596847877864805,0.8328960920397668
2000,66.63806076560272,60.13806076560272,1145.3691821606512,341.29456799125046,63.747467041015625,-29.9626522064209,7.52854179880903,0.8608119797403331
2001,66.67137979598553,60.17137979598553,1143.3046773238602,340.6176435760805,63.37615203857422,-29.845325469970703,7.626708749332235,0.8167933362346436
2002,66.70469882636833,60.20469882636833,1140.1418054549843,339.7288196958726,62.8075065612793,-29.69236946105957,7.554570862752983,0.8399386620413827
2003,66.73801785675113,60.23801785675113,1142.469065431659,341.5770098563116,63.22797393798828,-30.020814895629883,7.615863797171021,0.8410427757504607
2004,66.77133688713393,60.27133688713393,1143.2827815355404,342.9734187729915,63.37626266479492,-30.271270751953125,7.618576482492013,0.8281871621773232
2005,66.80465591751673,60.304655917516726,1141.3317627159597,342.77697233297084,63.0261116027832,-30.240535736083984,7.550466976060227,0.8227570047129522
2006,66.83797494789953,60.337974947899525,1140.5109672779577,342.62998921251346,62.878692626953125,-30.21596908569336,7.580510551690959,0.829317595193772
2007,66.87129397828234,60.37129397828234,1138.4565532223028,342.1685976345643,62.50953674316406,-30.13759422302246,7.554570862752983,0.839938659255007
2008,66.90461300866514,60.40461300866514,1134.5016762452108,341.2130028735632,61.798763275146484,-29.974515914916992,7.584598182374478,0.8142683716994191
2009,66.93793203904794,60.437932039047936,1132.4020970495,341.24481833699093,61.42234420776367,-29.98540496826172,7.516180780494436,0.8509274828353353
2010,66.97125106943074,60.471251069430735,1131.2140068326012,341.0269643728648,61.20892333984375,-29.948930740356445,7.513431125827519,0.8404755257444908
2011,67.00457009981353,60.504570099813535,1128.668718320058,340.3021964759836,60.75124740600586,-29.824119567871094,7.554570862752983,0.8264121919645958
2012,67.03788913019633,60.537889130196334,1128.219138056976,340.291088385683,60.67060852050781,-29.823211669921875,7.521677074304259,0.8192312026064676
2013,67.07120816057915,60.57120816057915,1128.9212474214294,341.74153622133235,60.79907989501953,-30.08373260498047,7.534029074901095,0.8153191112142427
2014,67.10452719096195,60.604527190961946,1127.3765251342118,341.2225475841874,60.52116394042969,-29.993680953979492,7.513431125827519,0.826862906936883
2015,67.13784622134474,60.637846221344745,1126.5728250244379,341.18291788856305,60.37700271606445,-29.988487243652344,7.507928795447745,0.8256522717391205
2016,67.17116525172754,60.671165251727544,1123.5896971890456,340.50355893352634,59.84087371826172,-29.87296485900879,7.555938329659423,0.8471333739822984
2017,67.20448428211034,60.70448428211034,1123.3961630695442,341.66606714628296,59.80824279785156,-30.083614349365234,7.579147518226432,0.8130984458780119
2018,67.23780331249314,60.73780331249314,1123.329724527848,341.9350415012631,59.796817779541016,-30.132400512695312,7.566869168400964,0.8358490285028217
2019,67.27112234287596,60.771122342875955,1121.872676804248,341.7872314747767,59.53529357910156,-30.109249114990234,7.554570862752983,0.8170437823809493
2020,67.30444137325875,60.804441373258754,1119.4562861271677,341.00361271676303,59.100589752197266,-29.973487854003906,7.562771955302954,0.814976428019488
2021,67.33776040364155,60.83776040364155,1116.994575045208,340.45846895720314,58.65818405151367,-29.88095474243164,7.558672521292121,0.8206615681583632
2022,67.37107943402435,60.87107943402435,1116.8642685851319,340.46618705035974,58.63481903076172,-29.88266944885254,7.579147518226432,0.8317979312461309
2023,67.40439846440715,60.90439846440715,1114.688241639698,340.2330097087379,58.24419021606445,-29.845836639404297,7.580510551690959,0.8215308055099925
2024,67.43771749478995,60.93771749478995,1113.3889500061116,341.8448844884488,58.014156341552734,-30.14044189453125,7.5065525826609205,0.809383043292523
2025,67.47103652517276,60.971036525172764,1111.6289285280911,341.30566678801114,57.697566986083984,-30.047264099121094,7.534029074901095,0.8382045587744709
