frame,video_time_s,tracking_time_s,x_px,y_px,x_measured_mm,y_measured_mm,dot_diameter_mm,dot_circularity,nearest_commanded_x_mm,nearest_commanded_y_mm,x_path_deviation_mm,y_path_deviation_mm,path_deviation_mm
195,6.497210924646265,-0.002789075353734738,1164.640319071791,342.57916364515347,67.20477294921875,-30.147708892822266,7.549098518056046,0.8387222327500583,67.18856805132064,-29.810341917128632,0.016204897898106196,-0.3373669756936337,0.3377559399989242
196,6.530529955029067,0.03052995502906697,1164.2545649838883,343.16803914548274,67.1365737915039,-30.255104064941406,7.596847877864805,0.8328960934078135,67.11537919575822,-29.81385742995922,0.021194595745683387,-0.4412466349821855,0.44175536643251434
197,6.563848985411868,0.06384898541186779,1156.3927602877018,341.77962504421646,65.72476959228516,-30.023361206054688,7.6429473243155295,0.829589529469741,65.69800034281904,-29.614941383294052,0.026769249466113365,-0.40841982276063504,0.40929615725145474
198,6.5971680157946695,0.0971680157946695,1154.0103056147832,341.47050461975834,65.2970962524414,-29.973304748535156,7.6253539738087435,0.8324262155616314,65.27279210142385,-29.64625289473215,0.024304151017560116,-0.32705185380300605,0.32795366567957007
199,6.630487046177471,0.1304870461774712,1151.3909230951533,341.0110202630643,64.8266830444336,-29.896650314331055,7.623998957543259,0.8033700053890984,64.80904745709952,-29.68441268135438,0.01763558733406967,-0.21223763297667375,0.21296907473189358
200,6.663806076560272,0.16380607656027202,1149.7363166125344,340.62684951281125,64.52938079833984,-29.831247329711914,7.566869168400964,0.839837832604157,64.51833207552747,-29.711004947329243,0.0110487228123759,-0.1202423823826706,0.12074893290147573
201,6.697125106943074,0.19712510694307372,1147.36470729655,339.9710301718956,64.10304260253906,-29.718482971191406,7.56959941174018,0.8230360039339826,64.10632739907561,-29.75110431439481,-0.003284796536547674,0.032621343203402375,0.032786306908230485
202,6.730444137325875,0.23044413732587543,1148.9569583931134,341.72381635581064,64.3914794921875,-30.031475067138672,7.590044932220003,0.83815634901954,64.36334105096037,-29.72524662181135,0.02813844122712794,-0.30622844532732074,0.30751850773942113
203,6.763763167708676,0.26376316770867625,1151.721240533718,343.57927635533116,64.89021301269531,-30.36013412475586,7.56959941174018,0.8364523104328505,64.83389334107882,-29.68234814760198,0.05631967161649243,-0.6777859771538779,0.6801218539625282
204,6.797082198091478,0.29708219809147796,1150.3439703597464,342.8930321501135,64.64214324951172,-30.239450454711914,7.591406009059102,0.8317032624938618,64.59295586236928,-29.704147984587102,0.049187387142438865,-0.5353024701248117,0.5375575630345322
205,6.830401228474279,0.3304012284742788,1145.9028713222262,342.02174169916105,63.84439468383789,-30.092809677124023,7.634832354066551,0.8412459316942218,63.926682546255094,-29.769193599887284,-0.08228786241720343,-0.32361607723673913,0.33391414727035407
206,6.8637202588570805,0.3637202588570805,1143.0676015821648,341.0381157856886,63.33436584472656,-29.921924591064453,7.580510551690959,0.8069279828592605,63.41222628798036,-29.631345460941436,-0.07786044325379748,-0.2905791301230174,0.30082965194064115
207,6.897039289239882,0.3970392892398822,1142.6684908184359,341.3644655235316,63.26335144042969,-29.981904983520508,7.525796660413736,0.8363737432461225,63.36096404486808,-29.617609784297294,-0.09761260443839603,-0.3642951992232142,0.37714614239353966
208,6.930358319622683,0.430358319622683,1140.4002385211686,341.14645199761475,62.856285095214844,-29.948041915893555,7.5995673509706565,0.810990190363138,62.81477305786972,-29.59730848327555,0.041512037345121655,-0.3507334326180036,0.3531815255651836
209,6.963677350005485,0.4636773500054847,1138.3544089147285,340.70082364341084,62.488677978515625,-29.87248420715332,7.540882554963675,0.8102655802923384,62.459303506058575,-29.641581987656885,0.02937447245705016,-0.23090221949643563,0.2327631727754847
210,6.9969963803882855,0.49699638038828553,1137.229943916118,341.07266520360884,62.28771209716797,-29.942461013793945,7.516180780494436,0.8219223253597457,62.25041050831835,-29.668374122184012,0.03730158884961554,-0.27408689160993305,0.27661350777411603
211,7.030315410771087,0.5303154107710872,1135.6415162454873,340.51432009626956,62.00191116333008,-29.84540367126465,7.5655036772469435,0.8288058509931484,61.982775523000576,-29.70479764512397,0.01913564032950177,-0.1406060261406772,0.14190217516970222
212,7.063634441153889,0.5636344411538889,1135.9889329965113,341.520750631541,62.065956115722656,-30.02651023864746,7.566869168400964,0.8169834950649575,62.02145651996452,-29.699533392475598,0.044499595758139776,-0.3269768461718634,0.3299910179916058
213,7.09695347153669,0.5969534715366898,1136.0669082125603,341.700845410628,62.080257415771484,-30.05887794494629,7.55183518608796,0.8164521503879147,62.031172807478356,-29.698211063779553,0.04908460829312844,-0.3606668811667362,0.3639916179554557
214,7.1302725019194915,0.6302725019194915,1133.6174783351642,341.1478091053338,61.64009094238281,-29.964889526367188,7.512055921070722,0.814407171892853,61.61003464280531,-29.757594836600028,0.030056299577502443,-0.20729468976715992,0.20946233444215132
215,7.163591532302292,0.6635915323022923,1132.6867556838686,341.2800433056658,61.47344970703125,-29.99107551574707,7.566869168400964,0.8169834977335473,61.443105961180514,-29.78179834354286,0.03034374585073607,-0.20927717220421016,0.2114655473547516
216,7.196910562685094,0.696910562685094,1131.4907539118065,341.6712897107634,61.25967788696289,-30.064741134643555,7.622643700407401,0.8453714612655305,61.33107330726268,-29.767357806883364,-0.07139542029978685,-0.2973833277601905,0.30583353261130164
217,7.230229593067896,0.7302295930678957,1128.558125527045,341.53451391398625,60.73359680175781,-30.047191619873047,7.561405724245774,0.8119823967184691,60.829678268584814,-29.64698350818864,-0.0960814668270018,-0.40020811168440673,0.41158010268430956
218,7.2635486234506965,0.7635486234506965,1128.371883740727,341.7021768211115,60.70049285888672,-30.077959060668945,7.525796660413736,0.8403881891002117,60.805362445523336,-29.64114579556203,-0.10486958663661738,-0.43681326510691676,0.4492253986304654
219,7.296867653833498,0.7968676538334982,1126.0605730866885,340.9359206867368,60.284698486328125,-29.94508171081543,7.547729811940535,0.7962463768461882,60.23842626949565,-29.66095964448671,0.0462722168324774,-0.2841220663287203,0.2878653619758611
220,7.3301866842163,0.8301866842162999,1124.4711843711843,340.7564102564103,59.999385833740234,-29.916519165039062,7.510680464514091,0.8398602393114104,59.96352215392036,-29.707804842627436,0.03586367981987593,-0.2087143224116268,0.2117731614486762
221,7.363505714599101,0.8635057145991007,1123.7729397293972,340.5382533825338,59.8737907409668,-29.8787841796875,7.483118241403906,0.7978996111045473,59.847827133242454,-29.727684883107663,0.025963607724342808,-0.15109929657983656,0.15331375134991956
222,7.3968247449819025,0.8968247449819025,1123.5167452545036,341.10712126707773,59.82886505126953,-29.982263565063477,7.547729811940535,0.7962463755591157,59.786918814517634,-29.738150846419977,0.04194623675189746,-0.2441127186434997,0.24769034333450846
223,7.430143775364703,0.9301437753647033,1121.581321628871,341.6096074128261,59.482723236083984,-30.077850341796875,7.516180780494436,0.8274682265911187,59.33533788301031,-29.819610103148133,0.1473853530736733,-0.25824023864874235,0.29733897013007016
224,7.463462805747505,0.963462805747505,1120.9272197962155,341.7058466763707,59.36561965942383,-30.096847534179688,7.535400269575277,0.831705440886768,59.33533788301031,-29.819610103148133,0.030281776413517036,-0.27723743103155485,0.2788863193986653
225,7.496781836130307,0.9967818361303067,1117.6002170767003,340.8897732754462,58.76755905151367,-29.95745277404785,7.557305549127712,0.7919649716942939,58.821701305805156,-29.70808867022907,-0.05414225429148445,-0.24936410381878105,0.25517413656777127
226,7.5301008665131075,1.0301008665131075,1114.3685158501441,340.3290105667627,58.18703842163086,-29.863977432250977,7.573692931324687,0.7954033132719668,58.15976408414179,-29.726860078270622,0.027274337489068046,-0.1371173539803543,0.13980364175528964
227,7.563419896895909,1.0634198968959092,1114.7378988884905,340.56651129437074,58.25371170043945,-29.9060115814209,7.591406009059102,0.8277848566350647,58.21585687613398,-29.71570252822252,0.0378548243054766,-0.19030905319837998,0.1940374279680658
228,7.59673892727871,1.09673892727871,1114.0273711769605,340.454837558015,58.1260871887207,-29.887561798095703,7.6077199376356965,0.8089539761920357,58.12239146876316,-29.734293953670754,0.0036957199575411437,-0.15326784442494912,0.15331239506535332
229,7.630057957661512,1.1300579576615117,1112.0839067970542,340.2167089218882,57.77714157104492,-29.849266052246094,7.553203148273999,0.7974016102158548,57.8133260055628,-29.671413874510193,-0.03618443451787812,-0.17785217773590034,0.18149575870190712
230,7.663376988044313,1.1633769880443134,1109.7951515151515,339.98145454545454,57.366294860839844,-29.812332153320312,7.538141910659106,0.7756320670676011,57.4115938430725,-29.589680542299092,-0.0452989822326586,-0.22265161102122022,0.22721297868224755
231,7.696696018427114,1.1966960184271143,1108.9383914658995,340.1875824044109,57.21302795410156,-29.851701736450195,7.580510551690959,0.8160907283245619,57.161106422570306,-29.61256566151904,0.05192153153125645,-0.23913607493115663,0.24470780079521579
232,7.730015048809916,1.230015048809916,1108.0740203193034,340.08647798742135,57.057838439941406,-29.835538864135742,7.5463608575786925,0.7896727431220962,57.01625475868965,-29.644016040704614,0.041583681251758264,-0.19152282343112859,0.19598518934215178
233,7.763334079192717,1.2633340791927168,1107.8152697495182,339.66630539499033,57.01066970825195,-29.760196685791016,7.562771955302954,0.8058111288410513,56.98683147945131,-29.65040446085898,0.023838228800642014,-0.10979222493203622,0.11235031734658604
234,7.7966531095755185,1.2966531095755185,1107.8963178294573,339.7767684108527,57.025413513183594,-29.779972076416016,7.540882554963675,0.7885266275664454,56.99681116722217,-29.648237658240777,0.02860234596142419,-0.13173441817523823,0.13480375041691361
235,7.82997213995832,1.3299721399583202,1107.1345134874757,340.29828998073214,56.889766693115234,-29.876131057739258,7.562771955302954,0.8282074352162581,56.910297521407216,-29.667021612064385,-0.020530828291981607,-0.20910944567487277,0.21011490946814648
236,7.863291170341121,1.363291170341121,1109.328748944384,341.8318253106526,57.28607940673828,-30.148021697998047,7.555938329659423,0.8239498424152172,57.16942820236998,-29.610758826007547,0.11665120436830279,-0.5372628719904995,0.5497807718537048
237,7.896610200723923,1.3966102007239227,1109.3397412646596,342.80304678998914,57.28984832763672,-30.323579788208008,7.547729811940535,0.8052666135172107,57.13662607199263,-29.617880866658126,0.15322225564408853,-0.7056989215498817,0.7221412794608327
238,7.929929231106724,1.4299292311067244,1107.778943560058,342.58876025084413,57.009578704833984,-30.288660049438477,7.557305549127712,0.8046466605860221,56.910297521407216,-29.667021612064385,0.0992811834267684,-0.6216384373740915,0.6295165607063264
239,7.963248261489525,1.4632482614895252,1105.9011279097672,342.369690424766,56.67245101928711,-30.2536563873291,7.576420715649159,0.8087222975264832,56.4847255011191,-29.763318728799288,0.18772551816800842,-0.49033765852981404,0.5250446548094245
240,7.996567291872327,1.496567291872327,1102.171073282627,341.4771218157672,56.00190353393555,-30.101417541503906,7.553203148273999,0.8564034121964474,56.078519837630935,-29.68803295908261,-0.07661630369538841,-0.4133845824212976,0.420424631742212
241,8.029886322255129,1.5298863222551287,1101.3660106899902,341.8081875607386,55.85816192626953,-30.16324806213379,7.529913992714312,0.8210264512968085,55.95063089655154,-29.664330144885646,-0.09246897028200607,-0.49891791724814283,0.5074146219968826
242,8.06320535263793,1.5632053526379295,1100.16690647482,342.323381294964,55.64411544799805,-30.259326934814453,7.579147518226432,0.822368474354239,55.499113454260005,-29.666752695989686,0.1450019937380418,-0.592574238824767,0.6100572159287677
243,8.09652438302073,1.5965243830207303,1100.1231597845601,342.39521244763614,55.63641357421875,-30.272417068481445,7.585960236472262,0.817264537354874,55.488824519097456,-29.669270382406445,0.14758905512129417,-0.6031466860750001,0.6209415867171816
244,8.129843413403533,1.629843413403533,1100.7258432361061,342.5025807226023,55.744686126708984,-30.290355682373047,7.5750569462716,0.8149169166386524,55.863699252714206,-29.648218317042506,-0.11901312600522118,-0.6421373653305409,0.653073135349467
245,8.163162443786334,1.6631624437863337,1100.815523465704,342.4145607701564,55.7606086730957,-30.274219512939453,7.5655036772469435,0.8194103090126018,55.87620167175416,-29.650535503446704,-0.11559299865845674,-0.6236840094927487,0.6343055139566461
246,8.196481474169135,1.6964814741691345,1099.971024818905,342.3971024818905,55.6091423034668,-30.273130416870117,7.615863797171021,0.823720488363734,55.462929233611106,-29.675606918451926,0.1462130698556905,-0.597523498418191,0.6151524956939856
247,8.229800504551937,1.7298005045519371,1094.5176073323685,341.5470332850941,54.62959671020508,-30.132797241210938,7.557305549127712,0.8405468711193378,54.685146180639826,-29.80084669532384,-0.055549470434748116,-0.3319505458870964,0.33656635093295084
248,8.263119534934738,1.763119534934738,1092.9040961491291,341.6806475349522,54.34050750732422,-30.160903930664062,7.494155294955702,0.8132470461460368,54.408507295041446,-29.75455322243443,-0.06799978771722692,-0.40635070822963115,0.4120010548631044
249,8.296438565317539,1.7964385653175388,1091.463462005341,342.3169458606458,54.083404541015625,-30.27947425842285,7.532657630623801,0.8084990155325044,54.177709358034825,-29.715930893485137,-0.09430481701920002,-0.5635433649377148,0.5713794909500579
250,8.32975759570034,1.8297575957003396,1091.9836541954232,342.3873350284538,54.176815032958984,-30.290924072265625,7.542252503663317,0.8343823776518717,54.270439129031494,-29.73144853530324,-0.0936240960725101,-0.5594755369623847,0.5672550994259491
251,8.363076626083142,1.8630766260831422,1091.920761078998,342.42618015414257,54.16561508178711,-30.2981014251709,7.562771955302954,0.8457967564399798,54.26071263127578,-29.729820877791575,-0.09509754948867055,-0.5682805473793238,0.5761825443802459
252,8.396395656465943,1.896395656465943,1088.3369317500299,341.9444644356483,53.522010803222656,-30.219785690307617,7.577784239589947,0.8248168220110595,53.61605877571054,-29.62599016156008,-0.09404797248788554,-0.5937955287475383,0.6011972647057292
253,8.429714686848744,1.9297146868487438,1087.1849290134692,342.31634510374954,53.31615447998047,-30.289840698242188,7.534029074901095,0.8061133515669081,53.12638480168739,-29.616968174327294,0.18976967829308222,-0.6728725239148936,0.699120850954296
254,8.463033717231546,1.9630337172315464,1087.4044767090138,342.45710828796126,53.35578536987305,-30.314754486083984,7.544991654835394,0.8084609696275326,53.46857465417028,-29.60263097151317,-0.11278928429723578,-0.7121235145708127,0.7210002237565319
255,8.496352747614347,1.9963527476143472,1086.9698853938064,342.3341867837113,53.277618408203125,-30.293596267700195,7.516180780494436,0.8314237071568743,53.08970692468607,-29.627312405473067,0.18791148351705544,-0.6662838622271288,0.6922751697857435
256,8.529671777997148,2.029671777997148,1087.9263580021875,342.96961963786606,53.450382232666016,-30.4061279296875,7.52854179880903,0.8274030580371068,53.574974540410956,-29.619483057945992,-0.12459230774494046,-0.7866448717415082,0.7964504990182527
257,8.56299080837995,2.0629908083799506,1085.241474543708,342.5593179634966,52.96811294555664,-30.338529586791992,7.573692931324687,0.848241257146375,52.862050331972114,-29.69151820497468,0.10606261358452684,-0.6470113818173111,0.6556470134161575
258,8.596309838762751,2.0963098387627515,1082.6744970485483,342.42561137212385,52.50751495361328,-30.32063865661621,7.561405724245774,0.8483597662314067,52.44315088762593,-29.813616258480973,0.06436406598734834,-0.5070223981352378,0.5110914254820084
259,8.629628869145552,2.1296288691455523,1081.935818554711,342.6164796718542,52.375431060791016,-30.356958389282227,7.555938329659423,0.8334358911252373,52.44315088762593,-29.813616258480973,-0.06771982683491728,-0.5433421308012534,0.5475460218558779
260,8.662947899528353,2.162947899528353,1080.4025408348457,342.37277676951,52.100006103515625,-30.316650390625,7.544991654835394,0.8046824559517021,52.17598002604258,-29.776067842585896,-0.07597392252695556,-0.5405825480391044,0.5458951622322573
261,8.696266929911156,2.1962669299111557,1078.8558459084775,342.11961722488036,51.82212829589844,-30.27467155456543,7.492776552363782,0.8064150046993726,51.89769900824126,-29.73695799606227,-0.07557071234282375,-0.5377135585031603,0.5429979774935937
262,8.729585960293957,2.2295859602939565,1078.7020147183014,342.0424659186874,51.79439163208008,-30.261098861694336,7.555938329659423,0.8200679652688515,51.86862900949407,-29.73287247417354,-0.0742373774139935,-0.528226387520796,0.5334175706504032
263,8.762904990676757,2.2629049906767573,1077.2747372236317,342.00410776851515,51.53836441040039,-30.257659912109375,7.550466976060227,0.8227570074157384,51.24165681419824,-29.8327115711062,0.2967075962021539,-0.42494834100317647,0.5182822495179749
264,8.79622402105956,2.29622402105956,1076.5472709551657,341.99549220272905,51.40787887573242,-30.25787925720215,7.518929429619227,0.8055547338952899,51.24165681419824,-29.8327115711062,0.16622206153418517,-0.4251676860959499,0.4565055695617071
265,8.82954305144236,2.3295430514423607,1072.6797148725382,341.43179896097615,50.71316909790039,-30.165433883666992,7.550466976060227,0.7879480417012908,50.76323939528203,-29.771849188208456,-0.050070297381637374,-0.3935846954585358,0.39675678592693786
266,8.862862081825162,2.3628620818251616,1070.3818248442653,341.4519359960913,50.301116943359375,-30.174701690673828,7.5093047560192625,0.8099766435819794,50.35483976490003,-29.720799863301895,-0.05372282154065289,-0.45390182737193285,0.45707002794524687
267,8.896181112207964,2.396181112207964,1070.4311804547654,341.93118045476535,50.31092834472656,-30.26123046875,7.5463608575786925,0.8114432985132748,50.37461549240782,-29.723140474896013,-0.06368714768125727,-0.5380899938539869,0.5418458214894325
268,8.929500142590765,2.429500142590765,1068.5520984081043,342.4335504100337,49.97496795654297,-30.356660842895508,7.557305549127712,0.8137987164183038,50.054435299566244,-29.685244651782735,-0.07946734302327485,-0.6714161911127725,0.6761026255647599
269,8.962819172973566,2.462819172973566,1067.6663063063063,342.40576576576575,49.816043853759766,-30.353803634643555,7.5723286706757165,0.8105240708769412,49.89737323857836,-29.66665513183717,-0.08132938481859497,-0.6871485028063837,0.691944747609248
270,8.996138203356368,2.4961382033563684,1067.6071731491577,342.2188295165394,49.80506896972656,-30.320154190063477,7.539512357340851,0.8126685556804515,49.882622319588116,-29.664909245522807,-0.07755334986155304,-0.6552449445406694,0.6598185049093829
271,9.02945723373917,2.529457233739169,1067.8020158387328,342.3555315574754,49.84028625488281,-30.344388961791992,7.576420715649159,0.8087222975264832,49.920181824100304,-29.669354705832465,-0.07989556921749141,-0.6750342559595275,0.6797459442316812
272,9.06277626412197,2.56277626412197,1066.0220623501198,342.2359712230216,49.520843505859375,-30.327131271362305,7.579147518226432,0.8223684756995646,49.25848688501032,-29.780194401491382,0.2623566208490544,-0.5469368698709225,0.6066060798636433
273,9.09609529450477,2.596095294504771,1063.6516786570742,341.8677458033573,49.09499740600586,-30.266361236572266,7.579147518226432,0.7965494249912823,49.14732360904196,-29.7685106703811,-0.05232620303610247,-0.49785056619116475,0.5005928662906002
274,9.129414324887573,2.6294143248875734,1061.5393408731604,341.81636872187767,48.71604919433594,-30.26224708557129,7.525796660413736,0.8228821953308467,48.7720881711379,-29.729071836635615,-0.05603897680196468,-0.5331752489356738,0.5361121272631584
275,9.162733355270374,2.6627333552703742,1061.7858171346293,341.8020158387329,48.76021957397461,-30.259044647216797,7.576420715649159,0.7959763691325472,48.815443024204264,-29.73362861531221,-0.05522345022965425,-0.5254160319045873,0.5283101702954708
276,9.196052385653175,2.696052385653175,1061.1959937627444,341.7076886170085,48.654266357421875,-30.243438720703125,7.577784239589947,0.8026001745576921,48.70902514636324,-29.722443645643136,-0.054758788941363434,-0.5209950750599894,0.5238648615846351
277,9.229371416035978,2.7293714160359777,1057.9667500893815,341.3323799308783,48.0743522644043,-30.18348503112793,7.602285851272585,0.8380465366163168,48.12436610622585,-29.664071424307977,-0.050013841821552774,-0.5194136068199526,0.5218159439145795
278,9.262690446418778,2.7626904464187785,1057.7778572279824,341.3174830175188,48.04043197631836,-30.181255340576172,7.602285851272585,0.8285397052992497,48.09054470124803,-29.660814793413955,-0.05011272492966867,-0.5204405471622167,0.522847633953128
279,9.29600947680158,2.7960094768015793,1057.6361884110347,341.51813034574144,48.01544952392578,-30.217880249023438,7.561405724245774,0.7902327743307034,48.069285928856154,-29.658767806454495,-0.05383640493037234,-0.5591124425689422,0.5616983905364477
280,9.329328507184382,2.829328507184382,1053.0397992111868,340.6596151547747,47.18931198120117,-30.07390785217285,7.591406009059102,0.8317032583955994,47.2147504530194,-29.767765451414245,-0.02543847181822656,-0.3061424007586062,0.3071974697009885
281,9.362647537567183,2.8626475375671827,1051.8157514450868,340.7085741811175,46.96989059448242,-30.08576011657715,7.562771955302954,0.818818679699572,46.997811776396986,-29.749739237476323,-0.027921181914564386,-0.33602087910082545,0.3371789192568209
282,9.395966567949984,2.8959665679499835,1051.739480424442,340.69971947798507,46.9561882019043,-30.084341049194336,7.51480607892272,0.8618488407269418,46.98408623701767,-29.748598733103766,-0.027898035113373965,-0.33574231609057037,0.33689939622541254
283,9.429285598332786,2.929285598332786,1053.267612293144,341.6916075650118,47.23231887817383,-30.259946823120117,7.633479020305309,0.8247977081171041,47.27281508650701,-29.77259025039325,-0.040496208333181016,-0.48735657272686694,0.48903616621824847
284,9.462604628715587,2.962604628715587,1053.9688631426502,342.8497465604634,47.360504150390625,-30.467615127563477,7.554570862752983,0.8439633763550741,47.278515457132556,-29.773063914665666,0.08198869325806868,-0.6945512128978102,0.6993736720523478
285,9.495923659098388,2.9959236590983878,1051.2255438084821,343.0470288005833,46.868934631347656,-30.5100040435791,7.52854179880903,0.8508201983068232,46.93255831064134,-29.744317092600106,-0.06362367929368418,-0.7656869509789956,0.7683257638960029
286,9.529242689481189,3.0292426894811886,1051.5307977514651,342.69333811745,46.92292404174805,-30.445308685302734,7.588683611263451,0.8178514392048701,46.980838597901325,-29.748328875103265,-0.05791455615327834,-0.6969798101994691,0.6993818353661462
287,9.562561719863991,3.062561719863991,1051.662691242019,342.74882544271776,46.94670486450195,-30.45502281188965,7.561405724245774,0.8119823967184691,47.00525799748382,-29.750357970735095,-0.0585531329818636,-0.7046648411545533,0.7070933515041445
288,9.595880750246792,3.095880750246792,1050.6417590275296,342.5131688714098,46.76310348510742,-30.4149169921875,7.602285851272585,0.8246491661597649,46.819605924565494,-29.734931473088167,-0.05650243945807176,-0.6799855190993327,0.6823289762640173
289,9.629199780629593,3.129199780629593,1048.0339963833635,342.4965641952984,46.295379638671875,-30.418296813964844,7.558672521292121,0.8245462578849282,46.34897421775239,-29.6970946444503,-0.053594579080517235,-0.7212021695145445,0.7231908103808452
290,9.662518811012395,3.1625188110123954,1046.459491994703,342.29240399662933,46.012577056884766,-30.385238647460938,7.56413793959212,0.8352457424314572,46.065281653003275,-29.67601264520141,-0.05270459611850953,-0.7092260022595269,0.7111816200753824
291,9.695837841395196,3.195837841395196,1045.9419047619047,342.2911904761904,45.91974639892578,-30.38629150390625,7.606361779999659,0.8282847888936046,45.9730386384055,-29.66915780511709,-0.05329223947971684,-0.7171336987891586,0.7191111212655407
292,9.729156871777997,3.229156871777997,1045.9820659971306,342.39072214251553,45.927162170410156,-30.404186248779297,7.590044932220003,0.8247349982904009,45.98173618781724,-29.669804144686577,-0.05457401740708434,-0.7343821040927203,0.7364070872741516
293,9.7624759021608,3.2624759021607996,1043.8651952058858,342.05506111308887,45.54680252075195,-30.348682403564453,7.618576482492013,0.824307388850549,45.30281470644846,-29.811153873827475,0.2439878143034946,-0.5375285297369778,0.5903109128330541
294,9.7957949325436,3.2957949325436005,1039.9067155067155,341.77118437118435,44.83624267578125,-30.307050704956055,7.510680464514091,0.7786103493960682,44.868198864966914,-29.784571630203555,-0.031956189185663675,-0.5224790747524999,0.5234554246366144
295,9.829113962926401,3.3291139629264013,1039.4789773415728,341.80067854113656,44.75959014892578,-30.313432693481445,7.539512357340851,0.8165063264018081,44.792220900642796,-29.779924618831792,-0.032630751717015016,-0.533508074649653,0.534505034283118
296,9.862432993309202,3.362432993309202,1035.8474515434314,341.4178033022254,44.10742950439453,-30.25309944152832,7.587322046058042,0.8148533332846257,44.13416065010498,-29.743038796407625,-0.026731145710449766,-0.5100606451206957,0.510760624805724
297,9.895752023692005,3.3957520236920047,1035.9849957988235,342.18473172488297,44.133758544921875,-30.39142417907715,7.5750569462716,0.7983038068854068,44.16764701013683,-29.744793742173165,-0.033888465214957364,-0.6466304369039833,0.6475178375962022
298,9.929071054074806,3.4290710540748055,1038.1775256222547,343.1789897510981,44.52912139892578,-30.56581687927246,7.513431125827519,0.821321070846981,44.57799003770385,-29.766821697937345,-0.048868638778067464,-0.7989951813351155,0.8004882532884261
299,9.962390084457606,3.4623900844576063,1038.255024509804,343.2223039215686,44.54311752319336,-30.573457717895508,7.4969120194539265,0.8177135071929217,44.5923995914705,-29.767703024000916,-0.049282068277143765,-0.8057546938945919,0.8072603972615283
300,9.995709114840409,3.495709114840409,1035.3020985846754,343.2665934602245,44.01362228393555,-30.588701248168945,7.513431125827519,0.826862906936883,44.05815034308943,-29.73905526501432,-0.04452805915388325,-0.8496459831546268,0.8508119914192583
301,10.02902814522321,3.5290281452232097,1032.5454325468843,343.07525710828793,43.518795013427734,-30.56085777282715,7.544991654835394,0.7831777847986173,43.555757426780815,-29.714279323283925,-0.03696241335308059,-0.8465784495432231,0.8473849722716893
302,10.06234717560601,3.5623471756060106,1032.572284105881,343.14157384117857,43.52375793457031,-30.572782516479492,7.583235883632932,0.8037554131036586,43.561230560161796,-29.714518285448005,-0.03747262559148368,-0.8582642310314874,0.8590818866305994
303,10.095666205988813,3.595666205988813,1033.1494084644469,343.38041224539575,43.627784729003906,-30.614547729492188,7.51480607892272,0.7769237260468949,43.66687946699627,-29.719131016337652,-0.039094737992364514,-0.8954167131545354,0.8962697633721463
304,10.128985236371614,3.628985236371614,1033.1080653021443,343.3686647173489,43.620338439941406,-30.612524032592773,7.518929429619227,0.7964953919549046,43.659359157219576,-29.718802672521836,-0.039020717278170025,-0.8937213600709377,0.8945727951508192
305,10.162304266754415,3.662304266754415,1032.9050401753104,343.1345264183102,43.58342361450195,-30.57069206237793,7.521677074304259,0.809944201114534,43.62069161959063,-29.717114411369007,-0.037268005088677114,-0.8535776510089228,0.8543908417727802
306,10.195623297137217,3.6956232971372174,1031.7545520757465,343.26669094440393,43.37736511230469,-30.5974063873291,7.532657630623801,0.7868074574068492,43.41618932821574,-29.708185648500628,-0.03882421591104901,-0.8892207388284739,0.8900678862332719
307,10.228942327520018,3.728942327520018,1027.9649824306312,342.9955167817763,42.697113037109375,-30.557659149169922,7.539512357340851,0.794513526777683,42.72775968786974,-29.680053895723127,-0.030646650760367322,-0.8776052534467951,0.8781401927256498
308,10.262261357902819,3.762261357902819,1024.7454785004193,342.9522098454905,42.11959457397461,-30.557714462280273,7.583235883632932,0.7948022472108345,42.14310709950203,-29.659807338205827,-0.023512525527422667,-0.8979071240744467,0.8982149198940761
309,10.29558038828562,3.79558038828562,1023.5277576635287,342.84757422157855,41.900962829589844,-30.541778564453125,7.554570862752983,0.804064429722155,41.92420815849519,-29.654075267705043,-0.023245328905346696,-0.8877032967480822,0.8880075947723259
310,10.328899418668422,3.8288994186684224,1023.0645004259461,342.99014238773276,41.81818771362305,-30.56869125366211,7.523050520325806,0.8129446821829114,41.842194013400615,-29.651927651734034,-0.024006299777568074,-0.9167636019280749,0.9170778616067167
311,10.362218449051223,3.8622184490512232,1022.9860959980655,342.9425704267924,41.80401611328125,-30.560279846191406,7.547729811940535,0.8182871471791293,41.82781201437503,-29.651551045835543,-0.02379590109377716,-0.9087288003558633,0.9090403057648607
312,10.395537479434024,3.895537479434024,1023.0353407861522,342.88916937131864,41.8127326965332,-30.550504684448242,7.56959941174018,0.8364523104328505,41.83626682852115,-29.651772442935656,-0.02353413198794385,-0.8987322415125867,0.899040320176278
313,10.428856509816827,3.9288565098168267,1019.279623675122,342.6343932356794,41.1385498046875,-30.513641357421875,7.605003379813812,0.8213728689609668,41.15387171143027,-29.63584990801911,-0.015321906742769897,-0.8777914494027641,0.8779251616572107
314,10.462175540199627,3.9621755401996275,1016.2108303249097,342.72238267148015,40.58833312988281,-30.537065505981445,7.5655036772469435,0.8101736339602635,40.60423137068926,-29.6262559001843,-0.015898240806450303,-0.9108096057971444,0.9109483476427681
315,10.495494570582428,3.9954945705824283,1016.4640499339814,342.95246669067336,40.63426971435547,-30.57804298400879,7.5750569462716,0.8416563250051755,40.65086901017852,-29.627069963209685,-0.016599295823048976,-0.9509730207991041,0.9511178806591717
316,10.528813600965231,4.028813600965231,1016.453653217012,342.91312250090874,40.632320404052734,-30.570955276489258,7.539512357340851,0.8203713374285362,40.64879661489676,-29.627033789415485,-0.01647621084402573,-0.9439214870737729,0.9440652727875014
317,10.562132631348032,4.062132631348032,1015.0365824308061,342.8031287605295,40.377899169921875,-30.554540634155273,7.5655036772469435,0.8423714955466504,40.386017818924614,-29.624235604057986,-0.008118649002739176,-0.930305030097287,0.9303404546110762
318,10.595451661730833,4.0954516617308325,1015.0652094717668,342.9400121432908,40.38334274291992,-30.5792179107666,7.531285936607034,0.8280063413459197,40.39167631631199,-29.62428498501658,-0.008333573392064864,-0.9549329257500219,0.9549692880543216
319,10.628770692113635,4.128770692113635,1014.9405666063893,342.80446051838453,40.36068344116211,-30.55501937866211,7.558672521292121,0.8340391716784753,40.36880757880614,-29.624085412567823,-0.008124137644031748,-0.9309339660942868,0.9309694145569434
320,10.662089722496436,4.162089722496436,1015.061212121212,342.87466666666666,40.382484436035156,-30.567413330078125,7.538141910659106,0.8362893950470683,40.39071506561937,-29.62427659630887,-0.008230629584211613,-0.9431367337692542,0.9431726468936054
321,10.695408752879237,4.195408752879237,1014.3737776168055,342.6296028009175,40.25863265991211,-30.524791717529297,7.553203148273999,0.8140351605464984,40.26650079625641,-29.623192594802415,-0.007868136344299614,-0.901599122726882,0.9016334541660573
322,10.728727783262038,4.228727783262038,1008.9001212121211,342.5781818181818,39.276756286621094,-30.528900146484375,7.538141910659106,0.8134939917535488,39.276756286621094,-29.619164866710445,0.0,-0.9097352797739298,0.9097352797739298
323,10.76204681364484,4.26204681364484,1006.8028100775192,342.5329457364341,38.90046310424805,-30.525859832763672,7.540882554963675,0.814085629074654,38.89256012383748,-29.62026797551792,0.007902980410570137,-0.9055918572457529,0.9056263407218132
324,10.795365844027641,4.295365844027641,1006.4995126705652,342.4904970760234,38.84596633911133,-30.5189266204834,7.518929429619227,0.7927875945846994,38.83812800938072,-29.620742997384355,0.007838329730610383,-0.8981836230990439,0.8982178244815069
325,10.828684874410442,4.328684874410442,1002.8484410737931,342.53232213795593,38.191184997558594,-30.535429000854492,7.56413793959212,0.7997120898595246,38.17532884144701,-29.62703042561148,0.015856156111581754,-0.9083985752430124,0.9085369498210679
326,10.862003904793244,4.362003904793244,1002.8313995649021,342.52320522117475,38.1881103515625,-30.53382110595703,7.549098518056046,0.8028999614680707,38.17228318930789,-29.627083587667318,0.01582716225460956,-0.906737518289713,0.9068756398422121
327,10.895322935176045,4.395322935176045,1002.693115942029,342.5643719806763,38.163394927978516,-30.541603088378906,7.55183518608796,0.803482189726878,38.1474395000731,-29.62751723587597,0.015955427905417707,-0.9140858525029358,0.9142250934128116
328,10.928641965558846,4.428641965558846,1000.8895348837209,342.70409399224803,37.840213775634766,-30.571287155151367,7.540882554963675,0.8011532597441146,37.8238388048471,-29.63316570702196,0.016374970787666143,-0.938121448129408,0.9382643503345497
329,10.961960995941649,4.461960995941649,1000.3861553304389,342.56512301013026,37.74960708618164,-30.547391891479492,7.557305549127712,0.817635415711567,37.73367667930539,-29.634739492777356,0.015930406876250913,-0.9126523987021358,0.9127914212567979
330,10.99528002632445,4.4952800263244495,1000.7557177615571,342.59513381995134,37.81596374511719,-30.551910400390625,7.524423715649887,0.8105358370874098,37.79993428005565,-29.633582962054273,0.016029465061535575,-0.9183274383363518,0.9184673253587005
331,11.02859905670725,4.52859905670725,1000.624224735498,342.6391827800073,37.79247283935547,-30.560199737548828,7.525796660413736,0.8403881904998493,37.77630588245906,-29.63399539726847,0.016166956896405793,-0.926204340280357,0.9263454271757711
332,11.061918087090051,4.561918087090051,998.7598605098603,342.55483405483403,37.45787811279297,-30.549514770507812,7.56823441318761,0.8200019463704856,37.43406380646925,-29.640083102777236,0.023814306323721723,-0.9094316677305763,0.9097434140772317
333,11.095237117472854,4.595237117472854,998.5978181818182,342.5601212121212,37.42882537841797,-30.550867080688477,7.538141910659106,0.8228216918704825,37.4049955927524,-29.64084428074178,0.023829785665569148,-0.9100227999466952,0.9103347489290353
334,11.128556147855655,4.6285561478556545,998.3728834059023,342.621915820029,37.388614654541016,-30.562591552734375,7.5463608575786925,0.8152688917366906,37.36450561684725,-29.64190454807517,0.024109037693769153,-0.9206870046592037,0.9210026092508404
335,11.161875178238455,4.661875178238455,995.8791906130267,342.7179118773946,36.94155502319336,-30.586057662963867,7.584598182374478,0.8104689979531062,36.917138264684205,-29.653619274471524,0.02441675850915459,-0.9324383884923435,0.9327580213701155
336,11.195194208621258,4.695194208621258,995.2455184108527,342.7767684108527,36.82802963256836,-30.598249435424805,7.540882554963675,0.8011532597441146,36.80337163132535,-29.656598358609852,0.02465800124301154,-0.9416510768149529,0.9419738677331025
337,11.228513239004059,4.728513239004059,995.5299646039301,342.7280605394849,36.87893295288086,-30.5887451171875,7.512055921070722,0.8105702558158344,36.854488779813856,-29.65525980896869,0.024444173067003305,-0.9334853082188097,0.9338052999728025
338,11.26183226938686,4.7618322693868596,995.4387755102041,342.73675898931,36.86259841918945,-30.59054183959961,7.529913992714312,0.7898909034873066,36.838118422485046,-29.655688481861763,0.02447999670440737,-0.9348533577378468,0.9351738184489419
339,11.295151299769662,4.795151299769662,995.401094890511,342.7665450121654,36.85591125488281,-30.596019744873047,7.524423715649887,0.7763773584850772,36.83129249473619,-29.65586722507043,0.02461876014662323,-0.9401525198026164,0.9404747970266752
340,11.328470330152463,4.828470330152463,995.6559931296772,342.6909581646423,36.90145492553711,-30.581727981567383,7.492776552363782,0.7935833888837608,36.8771789439311,-29.654665646110725,0.024275981606010077,-0.9270623354566574,0.9273801254638183
341,11.361789360535264,4.861789360535264,995.7621853898096,342.79349294045426,36.92074203491211,-30.600008010864258,7.490018305794206,0.8150766715218348,36.895974485742855,-29.65417346752699,0.02476754916925472,-0.9458345433372664,0.9461587683163258
342,11.395108390918066,4.895108390918066,989.3402148979837,342.9013642400096,35.76907730102539,-30.635242462158203,7.553203148273999,0.7848834301118073,35.72799064618236,-29.69420335246378,0.04108665484302776,-0.9410391096944224,0.9419356236923313
343,11.428427421300867,4.928427421300867,987.5419985517741,342.87002172338885,35.446449279785156,-30.633981704711914,7.554570862752983,0.8132098632721477,35.4060314145804,-29.708260396093614,0.040417865204759096,-0.9257213086183,0.926603229574389
344,11.461746451683668,4.961746451683668,986.7396021699819,342.78553345388787,35.30232620239258,-30.62066650390625,7.558672521292121,0.8206615748822245,35.26276280120656,-29.71451563884271,0.03956340118601531,-0.906150865063541,0.9070141415484156
345,11.495065482066469,4.995065482066469,982.8153251148175,343.0717911530094,34.599082946777344,-30.682037353515625,7.549098518056046,0.838722236923569,34.55025531100363,-29.750350561179083,0.048827635773712075,-0.9316867923365422,0.9329653889773218
346,11.528384512449271,5.028384512449271,980.6247193666547,343.2365591397849,34.20653533935547,-30.717199325561523,7.634832354066551,0.8317251690156229,34.30565697800835,-29.7631694166277,-0.09912163865288193,-0.9540299089338227,0.9591653488265256
347,11.561703542832072,5.061703542832072,980.6670231729055,343.21188354129526,34.21407699584961,-30.712631225585938,7.613150145277579,0.8010852676402541,34.30565697800835,-29.7631694166277,-0.0915799821587413,-0.9494618089582367,0.953868240273489
348,11.595022573214873,5.095022573214873,979.3643607388627,343.27345164795366,33.98055648803711,-30.726951599121094,7.553203148273999,0.8194743623735037,34.30565697800835,-29.7631694166277,-0.3251004899712413,-0.963782182493393,1.0171363841055285
349,11.628341603597676,5.128341603597676,978.7352653460503,343.3371239911959,33.867862701416016,-30.740009307861328,7.505176117520045,0.811791566142996,34.27296942225554,-29.749796584496956,-0.4051067208395267,-0.9902127233643725,1.0698750827933332
350,11.661660633980476,5.1616606339804765,978.6306831996109,343.33916849015316,33.84910202026367,-30.74063491821289,7.527169354754457,0.8204280287668594,34.25711779759582,-29.743311513628488,-0.408015777332146,-0.997323404584403,1.077557816492359
351,11.694979664363277,5.194979664363277,978.6774388767852,343.5884773662551,33.858089447021484,-30.785594940185547,7.543622203575393,0.8054939267285928,34.28057310202248,-29.752907332020207,-0.4224836550009954,-1.0326876081653396,1.1157670611741726
352,11.72829869474608,5.22829869474608,978.7995115995116,343.30781440781436,33.879310607910156,-30.734548568725586,7.510680464514091,0.816837542174925,34.28086224640194,-29.753025624109014,-0.40155163849178166,-0.9815229446165716,1.0604862135757447
353,11.76161772512888,5.261617725128881,978.5618769754436,343.28677364454165,33.836639404296875,-30.7313289642334,7.527169354754457,0.8111274624506022,34.24318069171576,-29.73760969307231,-0.4065412874188823,-0.9937192711610869,1.0736637314602389
354,11.794936755511682,5.2949367555116815,978.5768398268398,343.3423520923521,33.839454650878906,-30.74134063720703,7.56823441318761,0.8107585942351975,34.24910094012051,-29.74003173064183,-0.40964628924160706,-1.0013089065651997,1.0818639510845225
355,11.828255785894484,5.328255785894484,978.6684749849305,343.54116937914404,33.85636520385742,-30.777063369750977,7.558672521292121,0.7896615905400777,34.27610614345653,-29.75107985102135,-0.41974093959910874,-1.0259835187296282,1.1085236294641498
356,11.861574816277285,5.361574816277285,978.6359048305695,343.55659697188173,33.85056686401367,-30.779935836791992,7.570964164191861,0.786011238115914,34.272145808665925,-29.74945963528124,-0.42157894465225354,-1.0304762015107514,1.1133777474218418
357,11.894893846660086,5.394893846660086,978.6596694414284,343.297020147183,33.85420227050781,-30.732942581176758,7.555938329659423,0.8146248234588622,34.25879098546024,-29.743996032856636,-0.40458871495242477,-0.9889465483201221,1.0685070442917717
358,11.928212877042887,5.428212877042887,978.6669069935111,343.29307858687815,33.85549545288086,-30.732213973999023,7.570964164191861,0.8113435518667498,34.25964341434051,-29.744344770719007,-0.4041479614596497,-0.9878692032800167,1.067343027119719
359,11.96153190742569,5.461531907425689,978.8457170472392,343.36377914703394,33.887733459472656,-30.74455451965332,7.550466976060227,0.8096347733810763,34.29158410536493,-29.75741205242216,-0.4038506458922768,-0.9871424672311591,1.0665578253422685
360,11.99485093780849,5.49485093780849,968.3735241502683,343.9216457960644,32.010616302490234,-30.87107276916504,7.5995673509706565,0.7982293486825349,31.91681447383437,-29.742203188261822,0.09380182865586306,-1.128869580903217,1.1327600424396107
361,12.02816996819129,5.528169968191291,966.2427835668942,344.08707629656243,31.62881088256836,-30.906204223632812,7.583235883632932,0.8299140106556457,31.54541728700887,-29.773063914665666,0.08339359555948889,-1.1331403089671461,1.1362048457855207
362,12.061488998574093,5.561488998574093,966.001695736434,344.1665455426356,31.58576011657715,-30.921161651611328,7.540882554963675,0.7761961618764875,31.54541728700887,-29.773063914665666,0.04034282956827795,-1.1480977369456618,1.1488063185225459
363,12.094808028956894,5.594808028956894,965.8366606170599,344.151240169389,31.55611801147461,-30.91880226135254,7.544991654835394,0.7956687588724152,31.54541728700887,-29.773063914665666,0.010700724465738887,-1.1457383466868727,1.1457883157777706
364,12.128127059339695,5.628127059339695,963.2802305616874,343.11920529801324,31.095001220703125,-30.738466262817383,7.494155294955702,0.8002550369229096,31.462449057375782,-29.742455318772695,-0.3674478366726568,-0.9960109440446878,1.0616288020453315
365,12.161446089722498,5.661446089722498,959.5715320536037,341.66087166485573,30.426105499267578,-30.483858108520508,7.553203148273999,0.7848834326292217,30.343551804675542,-29.69841217112926,0.08255369459203621,-0.7854459373912483,0.7897723931964272
366,12.194765120105298,5.6947651201052985,959.5354427274956,341.7336276674025,30.419815063476562,-30.497106552124023,7.494155294955702,0.7666065290626065,30.335952846286602,-29.699210853839546,0.08386221718996012,-0.7978956982844778,0.8022907308531556
367,12.2280841504881,5.728084150488099,959.6128326649654,341.74079475027344,30.4337158203125,-30.49820899963379,7.52854179880903,0.7922030535908501,30.356577558086666,-29.697097516346858,0.07713826222583364,-0.801111483286931,0.8048166997232402
368,12.261403180870902,5.761403180870902,959.0152114025631,341.2052940471913,30.325172424316406,-30.402841567993164,7.583235883632932,0.7859978485809649,30.25214368761349,-29.708019551370143,0.07302873670291632,-0.6948220166230215,0.6986492905374672
369,12.294722211253703,5.794722211253703,958.7858033932135,341.09181636726544,30.283742904663086,-30.38288688659668,7.430468357172961,0.8087033967875235,30.21324124093704,-29.712108363278034,0.07050166372604494,-0.6707785233186456,0.6744733589502874
370,12.328041241636503,5.8280412416365035,958.6088724584104,341.0014787430684,30.25177764892578,-30.366979598999023,7.476211808699073,0.8159406778654384,30.183278899495622,-29.715257532262005,0.06849874943015877,-0.6517220667370189,0.655311934078319
371,12.361360272019304,5.861360272019304,958.4773175542406,341.0983727810651,30.228410720825195,-30.384822845458984,7.474829756407257,0.8183884687619435,30.15831237334569,-29.717881619900233,0.0700983474795045,-0.6669412255587517,0.6706149242815634
372,12.394679302402107,5.894679302402107,958.1544655929722,341.06173743289406,30.170408248901367,-30.378992080688477,7.513431125827519,0.7953309250076022,30.101549790090413,-29.723847607804984,0.0688584588109542,-0.6551444728834923,0.6587531917946272
373,12.427998332784908,5.927998332784908,954.794467306813,341.1973022405121,29.567977905273438,-30.411733627319336,7.762323208576767,0.7751629198701978,29.565445859131113,-29.780194401491382,0.0025320461423241625,-0.6315392258279537,0.6315443017057775
374,12.461317363167709,5.9613173631677085,948.3600527198657,342.05475676971,28.41581153869629,-30.582544326782227,7.581873340115757,0.7760192296600427,28.366852879157847,-29.73290077658285,0.04895865953844236,-0.849643550199378,0.8510529435582748
375,12.494636393550511,5.994636393550511,948.5254773197129,342.03015930925454,28.445423126220703,-30.57769203186035,7.525796660413736,0.7791979302378053,28.366852879157847,-29.73290077658285,0.07857024706285642,-0.844791255277503,0.8484371212511023
376,12.527955423933312,6.027955423933312,948.1355644476779,342.1010064265794,28.375656127929688,-30.591459274291992,7.536771214782576,0.760863108004644,28.366852879157847,-29.73290077658285,0.0088032487718408,-0.8585584977091436,0.8586036286771216
377,12.561274454316113,6.061274454316113,948.1887637728538,342.1218065141058,28.385257720947266,-30.5950870513916,7.542252503663317,0.7988035795784356,28.366852879157847,-29.73290077658285,0.018404841789418924,-0.862186274808753,0.8623826938603812
378,12.594593484698915,6.094593484698915,945.5170565302144,341.2937378167641,27.903852462768555,-30.45189666748047,7.518929429619227,0.7839421691672603,28.155646278463358,-29.66529301067824,-0.2517938156948034,-0.7866036568022281,0.8259209638438693
379,12.627912515081716,6.127912515081716,942.2316198809089,340.41548183254343,27.312206268310547,-30.301130294799805,7.52854179880903,0.7922030523103133,27.232345858507607,-29.694530258595236,0.07986040980294007,-0.6066000362045685,0.6118343640048974
380,12.661231545464517,6.161231545464517,941.9966690459195,340.1641684511064,27.269407272338867,-30.256254196166992,7.609077852851801,0.819533039228861,27.19608342724566,-29.69930429823946,0.07332384509320633,-0.5569498979275309,0.5617557966418679
381,12.694550575847318,6.194550575847318,942.1074153552693,340.18884120171674,27.289344787597656,-30.260446548461914,7.600926722656866,0.7922449249358672,27.21513873501645,-29.69679561937914,0.07420605258120716,-0.5636509290827725,0.5685146507307948
382,12.72786960623012,6.22786960623012,942.0583273077849,340.32417449987946,27.280885696411133,-30.28504180908203,7.5600392462868,0.783744444163491,27.20364090116732,-29.698309337922225,0.07724479524381422,-0.5867324711598059,0.5917953625245396
383,12.761188636612921,6.261188636612921,941.9108875314408,340.3503413582465,27.254497528076172,-30.290132522583008,7.583235883632932,0.7948022459332718,27.17704352354463,-29.701810949115526,0.07745400453154261,-0.588321573467482,0.5933981771333866
384,12.794507666995722,6.294507666995722,941.312567132116,340.19847237140465,27.146764755249023,-30.264137268066406,7.596847877864805,0.7730413461829649,27.15226527164484,-29.703190835470874,-0.0055005163958163905,-0.5609464325955322,0.5609734003696384
385,12.827826697378525,6.327826697378525,930.3793883136974,340.5643222658574,25.18619155883789,-30.357074737548828,7.6077199376356965,0.8036570575191564,25.18288231776802,-29.695414310895455,0.0033092410698714048,-0.6616604266533734,0.6616687020523055
386,12.861145727761325,6.3611457277613255,929.1646846846846,340.8936936936937,24.969114303588867,-30.419614791870117,7.5723286706757165,0.7925175107670964,24.965497711199653,-29.696501542410346,0.0036165923892141905,-0.7231132494597716,0.7231222934502708
387,12.894464758144126,6.394464758144126,927.906204379562,340.65170316301703,24.74269676208496,-30.37893295288086,7.524423715649887,0.7643036266241973,24.756069361593845,-29.697548981350007,-0.013372599508883809,-0.6813839715308525,0.6815151818388073
388,12.927783788526929,6.427783788526929,927.3791348600508,340.5235671876893,24.647804260253906,-30.357051849365234,7.539512357340851,0.7497121060894332,24.756069361593845,-29.697548981350007,-0.1082651013399385,-0.6595028680152275,0.6683302814390933
389,12.96110281890973,6.46110281890973,927.3817301875378,340.5159104658197,24.648244857788086,-30.35565948486328,7.544991654835394,0.7709786481402278,24.756069361593845,-29.697548981350007,-0.10782450380575881,-0.6581105035132744,0.6668849664338323
390,12.99442184929253,6.4944218492925305,927.1046316294696,340.49688024958,24.598478317260742,-30.3528995513916,7.576420715649159,0.7996781840269619,24.756069361593845,-29.697548981350007,-0.15759104433310256,-0.6553505700415947,0.6740321260205934
391,13.027740879675333,6.527740879675333,927.0348402652199,340.5609403254973,24.586130142211914,-30.364654541015625,7.558672521292121,0.7652915594623029,24.756069361593845,-29.697548981350007,-0.16993921938193068,-0.6671055596656181,0.6884106085912081
392,13.061059910058134,6.561059910058134,923.9482884195193,340.0041272153435,24.03089714050293,-30.27151870727539,7.532657630623801,0.795685208773698,23.925254333551457,-29.65671378537999,0.10564280695147232,-0.6148049218954021,0.6238152728551919
393,13.094378940440935,6.594378940440935,923.0827569469724,340.1600533915787,23.876014709472656,-30.30183982849121,7.534029074901095,0.7722729432310972,23.769753116050392,-29.68343378145702,0.10626159342226416,-0.6184060470341919,0.6274691747369696
394,13.127697970823736,6.627697970823736,923.1132509689922,340.08890503875966,23.881301879882812,-30.288894653320312,7.540882554963675,0.7442312084643838,23.777049248488026,-29.682180076609917,0.10425263139478602,-0.6067145767103952,0.6156063585974492
395,13.161017001206538,6.661017001206538,923.0397261948416,340.0579391272461,23.868024826049805,-30.283479690551758,7.5065525826609205,0.7716518400337643,23.765056746517615,-29.684240765334756,0.10296807953218945,-0.5992389252170014,0.6080211467521293
396,13.194336031589339,6.694336031589339,922.2775573987258,339.78386825339584,23.730560302734375,-30.235780715942383,7.56959941174018,0.7795824068364879,23.639495725696246,-29.70581609469674,0.09106457703812865,-0.529964621245643,0.5377315844946912
397,13.22765506197214,6.72765506197214,919.9482529319307,339.28303711763994,23.31130599975586,-30.150911331176758,7.547729811940535,0.763077333127975,23.42384921664371,-29.690985164901498,-0.1125432168878504,-0.4599261662752596,0.4734955692423357
398,13.260974092354942,6.760974092354942,920.1331869740212,339.47408220514694,23.344993591308594,-30.185009002685547,7.51480607892272,0.7648220140544194,23.46350591801242,-29.70068909799002,-0.11851232670382572,-0.48431990469552844,0.4986090068029659
399,13.294293122737743,6.794293122737743,920.0674660852712,339.42429748062017,23.333066940307617,-30.176162719726562,7.540882554963675,0.7442312084643838,23.450210678746934,-29.6974357736394,-0.11714373843931725,-0.47872694608716415,0.4928510366890606
400,13.327612153120544,6.827612153120544,919.8733774185647,339.53012490815576,23.29852294921875,-30.195777893066406,7.4996677306366655,0.7799307704345438,23.422146875588,-29.690568604695322,-0.12362392636924824,-0.5052092883710841,0.5201146991071935
401,13.360931183503347,6.860931183503347,919.1733430444283,339.62867200776884,23.173185348510742,-30.215312957763672,7.532657630623801,0.7659772854175592,23.30840031493442,-29.662734998380735,-0.13521496642367836,-0.552577959382937,0.5688809087504758
402,13.394250213886147,6.8942502138861474,916.312575867929,338.84692886622963,22.657821655273438,-30.080942153930664,7.532657630623801,0.7868074548732811,22.590327510790715,-29.716776338208135,0.06749414448272262,-0.3641658157225294,0.3703676563636596
403,13.427569244268948,6.927569244268948,915.6002190580504,338.7244736521845,22.529682159423828,-30.060543060302734,7.523050520325806,0.7786293801245343,22.470098690950714,-29.739059432850524,0.059583468473114465,-0.32148362745220993,0.32695857908169035
404,13.46088827465175,6.960888274651751,915.4897239450321,338.7543475617171,22.509939193725586,-30.066211700439453,7.525796660413736,0.7791979302378053,22.449995655461898,-29.742785310248248,0.05994353826368837,-0.3234263901912051,0.3289344275865388
405,13.494207305034552,6.994207305034552,914.3723834006611,338.48684049455255,22.308740615844727,-30.020570755004883,7.501045206583747,0.7740809792183669,22.339207243022344,-29.763318728799273,-0.030466627177617056,-0.2572520262056095,0.2590498414561791
406,13.527526335417352,7.0275263354173525,913.2907494286057,338.18140262239865,22.113853454589844,-29.967975616455078,7.566869168400964,0.7551625769668533,22.168883372787295,-29.7247783717437,-0.05502991819745162,-0.2431972447113786,0.24934552679369323
407,13.560845365800153,7.060845365800153,910.137398077157,337.96069124984786,21.54744529724121,-29.935781478881836,7.523050520325806,0.75809532660048,21.53369921175263,-29.688108414102345,0.013746085488580917,-0.24767306477949091,0.24805423173879795
408,13.594164396182956,7.094164396182956,906.9624032436417,337.48187738051354,20.97645378112793,-29.85695457458496,7.487259043108643,0.7924150646086996,20.968822681414895,-29.719459587002103,0.007631099713034217,-0.13749498758285839,0.13770659132097002
409,13.627483426565757,7.127483426565757,906.1718350966801,337.6231302444363,20.834976196289062,-29.884441375732422,7.525796660413736,0.7586488828813128,20.8262587009647,-29.727372020534613,0.008717495324361835,-0.15706935519780885,0.15731108373851385
410,13.660802456948558,7.1608024569485575,906.2120434835715,337.71882252351287,20.842451095581055,-29.901647567749023,7.5093047560192625,0.7757866295581797,20.832758618551722,-29.727011269062103,0.009692477029332736,-0.1746362986869201,0.17490506261978614
411,13.69412148733136,7.19412148733136,905.742429906542,337.4790031152648,20.757539749145508,-29.85942268371582,7.434638482853681,0.7689818809573148,20.750444349485722,-29.731579787566606,0.007095399659785784,-0.12784289614921462,0.12803964539216345
412,13.727440517714161,7.227440517714161,905.6299222473036,337.528843742162,20.737489700317383,-29.86871337890625,7.410976744620607,0.7752877248467124,20.729941813485564,-29.73271769738672,0.007547886831819284,-0.13599568151952823,0.13620497783703392
413,13.760759548096962,7.260759548096962,904.5176441657444,337.1777941718923,20.536949157714844,-29.80794334411621,7.484498763183275,0.7793307947339534,20.557305772949224,-29.7056037284224,-0.02035661523438037,-0.10233961569381123,0.10434456729584718
414,13.794078578479764,7.294078578479764,903.7350427350427,337.36467236467234,20.397029876708984,-29.84366226196289,7.456839767011912,0.7949440519488185,20.429546371524758,-29.680190803430047,-0.032516494815773456,-0.16347145853284317,0.16667405373950467
415,13.827397608862565,7.327397608862565,903.4009785932722,337.3538837920489,20.337059020996094,-29.842527389526367,7.503799399886245,0.7833553727960247,20.371640872158498,-29.668672683466806,-0.034581851162403865,-0.17385470605956144,0.17726072111123534
416,13.860716639245366,7.360716639245366,903.5442076904236,337.3401910360029,20.362714767456055,-29.839696884155273,7.4996677306366655,0.810600385288021,20.395778561155936,-29.67347396832836,-0.033063793699881217,-0.16622291582691417,0.16947941526872726
417,13.894035669628167,7.394035669628167,901.6903440621531,337.2006412627944,20.029687881469727,-29.819002151489258,7.473447448534798,0.7648606247199357,20.018201250365202,-29.668686289425093,0.011486631104524747,-0.15031586206416492,0.15075410801110692
418,13.92735470001097,7.427354700010969,893.5634617609625,337.1056346176096,18.571117401123047,-29.821714401245117,7.715597990454564,0.7887009154646509,18.59699330491472,-29.662830393590397,-0.025875903791671817,-0.15888400765472,0.1609772974225278
419,13.96067373039377,7.46067373039377,886.4626553463762,338.9111603297649,17.301925659179688,-30.16567039489746,7.481737464892216,0.7463883408383915,17.25330285546155,-29.695740669861525,0.048622803718139096,-0.4699297250359358,0.4724384864866143
420,13.993992760776571,7.493992760776571,885.5119664446088,338.9256106587713,17.13137435913086,-30.170610427856445,7.472064884939852,0.8084597225596741,17.084052360116793,-29.713252721506517,0.04732199901406631,-0.4573577063499279,0.4597993509655643
421,14.027311791159374,7.527311791159374,884.3957431457432,338.72835497835496,16.93052864074707,-30.137672424316406,7.56823441318761,0.7979510173227999,16.981358805450338,-29.723878243335943,-0.0508301647032674,-0.4137941809804637,0.4169044613062495
422,14.060630821542174,7.5606308215421745,882.8596809282088,338.67597292724196,16.65474510192871,-30.1319580078125,7.549098518056046,0.7574528570867292,16.715211784899733,-29.687657223513305,-0.06046668297102187,-0.4443007842991946,0.44839648379352565
423,14.093949851924975,7.593949851924975,882.4853736479841,338.75934119960664,16.587806701660156,-30.147953033447266,7.485879030371254,0.7564932246003003,16.65162788660951,-29.679003834737408,-0.0638211849493544,-0.46894919870985774,0.47327211477009434
424,14.127268882307778,7.627268882307778,882.5471559633028,338.6305810397553,16.598541259765625,-30.124515533447266,7.503799399886245,0.7710859054242785,16.659035539488663,-29.68001197204896,-0.06049427972303789,-0.4445035613983066,0.4486011301534887
425,14.160587912690579,7.660587912690579,882.3814787521492,338.7133382461312,16.56903839111328,-30.139890670776367,7.488638801536112,0.7654783369668559,16.63212358718319,-29.676349416083063,-0.0630851960699097,-0.463541254693304,0.46781431868404955
426,14.19390694307338,7.6939069430733795,881.2465290353736,338.4966799468791,16.364770889282227,-30.10348129272461,7.553203148273999,0.7641844456896405,16.42259380825756,-29.648956012357882,-0.05782291897533298,-0.45452528036672746,0.45818852064546545
427,14.227225973456182,7.727225973456182,876.1352257755419,338.2915319199904,15.446991920471191,-30.07889747619629,7.583235883632932,0.7823937402401692,15.397993453820188,-29.70378484141891,0.04899846665100327,-0.37511263477738055,0.37829927108544364
428,14.260545003838983,7.760545003838983,875.6967835200578,338.2485242741838,15.368185997009277,-30.072195053100586,7.561405724245774,0.7658451145321388,15.321370400892459,-29.713793600803424,0.046815596116818625,-0.35840145229716214,0.3614461246831789
429,14.293864034221784,7.793864034221784,875.1561135371179,338.4240659873847,15.2716646194458,-30.105268478393555,7.535400269575277,0.7750679697807369,15.222220601213717,-29.72674487917317,0.049444018232083664,-0.37852359922038303,0.3817392121667458
430,14.327183064604585,7.827183064604585,872.9862127867251,338.5314787701318,14.88257884979248,-30.130006790161133,7.513431125827519,0.770555201397734,14.897250197886338,-29.769193599887284,-0.014671348093857617,-0.3608131902738485,0.3611113494899925
431,14.360502094987387,7.860502094987387,873.1519299543717,338.45825625847823,14.912107467651367,-30.11635971069336,7.473447448534798,0.7564266010609929,14.897250197886338,-29.769193599887284,0.014857269765029102,-0.34716611080607507,0.3474838801399093
432,14.393821125370188,7.893821125370188,873.047300643883,338.53368003962356,14.893548965454102,-30.130260467529297,7.45822515295364,0.7677725484276053,14.897250197886338,-29.769193599887284,-0.003701232432236523,-0.36106686764201257,0.36108583748235273
433,14.427140155752989,7.927140155752989,871.7969719533382,338.2864234301315,14.668478965759277,-30.08860206604004,7.449908972906302,0.7871310966637786,14.702615193854989,-29.749594885537977,-0.034136228095711374,-0.3390071805020618,0.3407215145842128
434,14.460459186135791,7.960459186135791,871.2673509286411,338.3967497556207,14.573744773864746,-30.109853744506836,7.507928795447745,0.7694270093019833,14.610950362022262,-29.740364722320894,-0.037205588157515734,-0.3694890221859417,0.37135750067296336
435,14.493778216518592,7.993778216518592,869.9051639745471,338.3196279980421,14.329079627990723,-30.099241256713867,7.5024224296205215,0.7805038263200356,14.364258273246126,-29.7163948240231,-0.03517864525540304,-0.3828464326907657,0.3844592671611005
436,14.527097246901393,8.027097246901393,868.1123830625306,338.0542836041359,14.006601333618164,-30.055639266967773,7.480356433507144,0.8010697198794946,14.04050702754057,-29.686646263631342,-0.0339056939224065,-0.36899300333643126,0.37054747683879796
437,14.560416277284196,8.060416277284196,864.9108084897558,338.13090418353573,13.432291030883789,-30.077335357666016,7.492776552363782,0.772375327639906,13.464802783568953,-29.639836883500653,-0.032511752685163486,-0.4374984741653627,0.4387048312472542
438,14.593735307666996,8.093735307666996,863.3244155218124,338.23330923114,13.147893905639648,-30.09974479675293,7.5600392462868,0.7925380288373435,13.183623749763983,-29.618941671866462,-0.035729844124334775,-0.48080312488646726,0.482128890092412
439,14.627054338049797,8.127054338049797,862.5338181818182,338.38969696969696,13.0064697265625,-30.12997055053711,7.538141910659106,0.7968442562528959,13.040593134475367,-29.609347952230785,-0.034123407912867165,-0.5206225983063248,0.5217396830171315
440,14.6603733684326,8.1603733684326,861.305238621028,338.8007606428659,12.787182807922363,-30.20732307434082,7.492776552363782,0.7723753288785541,12.827292496024524,-29.595367489766012,-0.0401096881021612,-0.6119555845748081,0.6132686398079946
441,14.6936923988154,8.1936923988154,858.0349481802843,338.705230175946,12.200040817260742,-30.198057174682617,7.5600392462868,0.7837444429086583,12.111557696698535,-29.696451538484293,0.08848312056220742,-0.5016056361983239,0.5093500533919196
442,14.727011429198201,8.227011429198201,854.2672594788193,338.8251204149685,11.524251937866211,-30.228973388671875,7.467915658399668,0.7794954568667647,11.502184582735081,-29.803944817704302,0.022067355131129673,-0.42502857096757296,0.4256010506345357
443,14.760330459581002,8.260330459581002,852.5693827160493,339.050987654321,11.22021484375,-30.273983001708984,7.469298990014461,0.7823561788664797,11.23908883848861,-29.793607757759595,-0.018873994738610733,-0.48037524394938913,0.48074588160152576
444,14.793649489963805,8.293649489963805,852.2605021128511,339.3038777032066,11.165521621704102,-30.320476531982422,7.444359691709522,0.7986885487781261,11.18630383708925,-29.791533829406212,-0.02078221538514846,-0.5289427025762095,0.5293508128688753
445,14.826968520346606,8.326968520346606,852.1401753735951,339.2939360256885,11.143903732299805,-30.31897735595703,7.467915658399668,0.8102732730892936,11.164660456056524,-29.79068345864943,-0.020756723756718998,-0.5282938973076021,0.5287015070089813
446,14.860287550729407,8.360287550729407,852.2112395872185,339.3259977620291,11.156746864318848,-30.32459831237793,7.442971724942224,0.7794171767904021,11.177704300109603,-29.791195952678066,-0.020957435790755596,-0.5334023596998634,0.5338139108793495
447,14.89360658111221,8.39360658111221,852.0409573155687,339.28374043918086,11.12606430053711,-30.3173770904541,7.472064884939852,0.8046444663678213,11.146785743108943,-29.789981159264986,-0.020721442571833393,-0.5273959311891154,0.5278028480570107
448,14.92692561149501,8.42692561149501,852.2398284313724,339.18419117647056,11.161458015441895,-30.29888343811035,7.4969120194539265,0.7918375241656946,11.181399406888431,-29.79134113381881,-0.019941391446536727,-0.5075423042915403,0.507933902922802
449,14.96024464187781,8.46024464187781,849.2439813151276,340.0813271050425,10.626466751098633,-30.46847915649414,7.583235883632932,0.7948022459332718,10.647684151860208,-29.774028034209906,-0.021217400761575078,-0.6944511222842351,0.6947751717907823
450,14.993563672260613,8.493563672260613,843.2373208047222,341.99710878207446,9.554215431213379,-30.82966423034668,7.561405724245774,0.7991344680067942,9.558894126882938,-29.757392973274733,-0.004678695669559474,-1.0722712570719466,1.0722814644186576
451,15.026882702643414,8.526882702643414,842.7564804673239,343.71948399659243,9.473038673400879,-31.14231300354004,7.523050520325806,0.8037657348159128,9.479083084860434,-29.75704472969902,-0.0060444114595554765,-1.3852682738410174,1.3852814607221033
452,15.060201733026215,8.560201733026215,845.7886686245716,343.6086637298091,10.016819953918457,-31.114843368530273,7.5024224296205215,0.7930019923999364,10.034531139589735,-29.76188573018949,-0.017711185671277718,-1.3529576383407829,1.3530735594351666
453,15.093520763409016,8.593520763409016,847.6724095796675,343.52199413489734,10.354582786560059,-31.094554901123047,7.507928795447745,0.8069860437800044,10.383525912949853,-29.768110197719594,-0.02894312638979457,-1.3264447034034532,1.3267604364587795
454,15.126839793791818,8.626839793791818,850.2074402562206,343.5214338507021,10.809468269348145,-31.088237762451172,7.477593605551959,0.8364890259360777,10.849432681628304,-29.780192009285745,-0.03996441228015968,-1.3080457531654268,1.3086561223724922
455,15.16015882417462,8.66015882417462,852.5093509350935,343.7495416208287,11.223183631896973,-31.12384796142578,7.5065525826609205,0.8002443116309135,11.275392868859132,-29.79503414699766,-0.05220923696215962,-1.3288138144281199,1.329839072158425
456,15.19347785455742,8.69347785455742,840.6988198458573,347.28155105973025,9.114398002624512,-31.79142951965332,7.562771955302954,0.7756568508491062,9.105522369001534,-29.75729704035147,0.00887563362297783,-2.0341324793018494,2.034151842961311
457,15.226796884940223,8.726796884940223,842.4103489771359,347.1862815884476,9.421215057373047,-31.770008087158203,7.5655036772469435,0.8101736339602635,9.429999257189529,-29.75683055973927,-0.00878419981648193,-2.0131775274189323,2.0131966916004562
458,15.260115915323023,8.760115915323023,843.6545981173063,347.5952208544533,9.645682334899902,-31.840890884399414,7.554570862752983,0.8170437863907942,9.654771541826497,-29.757811320071912,-0.009089206926594429,-2.0830795643275017,2.0830993939323705
459,15.293434945705824,8.793434945705824,845.1365254757519,347.61755678330263,9.91164493560791,-31.841297149658203,7.490018305794206,0.8058213990969714,9.93888231324349,-29.760633618464297,-0.027237377635579207,-2.080663531193906,2.0808418019591874
460,15.326753976088627,8.826753976088627,841.3627486006906,348.58794807669403,9.237409591674805,-32.0259895324707,7.605003379813812,0.7993717175505304,9.227508167960462,-29.75676477351547,0.009901423714342883,-2.2692247589552323,2.269246360545061
461,15.360073006471428,8.860073006471428,834.9665822173965,351.20678006997224,8.097628593444824,-32.515098571777344,7.555938329659423,0.8200679693002503,8.517703807890976,-34.628806825840236,-0.42007521444615215,2.1137082540628924,2.1550465816509816
462,15.393392036854229,8.893392036854229,836.9424610477241,351.3675622622991,8.45261287689209,-32.53931427001953,7.492776552363782,0.8064150086636541,8.848914938754541,-34.562982421475525,-0.39630206186245154,2.0236681514559933,2.0621076866773342
463,15.426711067237031,8.926711067237031,837.5040739389517,351.45774048400824,8.553648948669434,-32.55424118041992,7.525796660413736,0.8307454012239857,8.848914938754541,-34.562982421475525,-0.2952659900851078,2.0087412410556027,2.030325929110531
464,15.460030097619832,8.960030097619832,838.1932036503362,351.56640249759846,8.677604675292969,-32.57219314575195,7.573692931324687,0.8441961353464441,8.848914938754541,-34.562982421475525,-0.17131026346157263,1.9907892757235714,1.998146427743286
465,15.493349128002633,8.993349128002633,838.3560551124003,351.6132463137539,8.706971168518066,-32.58026123046875,7.549098518056046,0.8525634654064226,8.848914938754541,-34.562982421475525,-0.14194377023647498,1.9827211910067746,1.9877956019611946
466,15.526668158385434,9.026668158385434,838.2989678202792,351.6268366727383,8.696762084960938,-32.58285903930664,7.531285936607034,0.841614585581934,8.848914938754541,-34.562982421475525,-0.15215285379360388,1.980123382168884,1.9859604979781138
467,15.559987188768236,9.059987188768236,839.0509945750453,352.11404460518384,8.833133697509766,-32.66908264160156,7.558672521292121,0.8022854656007431,8.848914938754541,-34.562982421475525,-0.015781241244775757,1.893899779873962,1.8939655286677917
468,15.593306219151037,9.093306219151037,825.4859113761253,356.8439144159944,6.413751125335693,-33.55723190307617,7.675321407765538,0.8089207035159272,6.358340703005876,-34.710811933066786,0.05541042232981752,1.1535800299906143,1.154910040001348
469,15.626625249533838,9.126625249533838,827.2928360413589,357.1708517971442,6.738900661468506,-33.611881256103516,7.480356433507144,0.80106972250046,6.675480185522873,-34.72875127869913,0.06342047594563294,1.116870022595613,1.118669211224612
470,15.65994427991664,9.15994427991664,828.6909135439627,356.9178300269409,6.988940715789795,-33.56272506713867,7.4996677306366655,0.7924197576393459,6.911573638715264,-34.74311856103469,0.0773670770745305,1.1803934938960197,1.1829262297569993
471,15.693263310299441,9.193263310299441,830.2910429141716,357.28979540918164,7.277111053466797,-33.62602615356445,7.430468357172961,0.8220170561113248,7.20264253268615,-34.76219622426335,0.07446852078064659,1.1361700706988955,1.138607917651722
472,15.726582340682242,9.226582340682242,828.7031094527362,357.815671641791,6.993844985961914,-33.724952697753906,7.441583499298339,0.7890667753690644,6.927044407980337,-34.74413256882474,0.06680057798157701,1.0191798710708326,1.021366695567577
473,15.759901371065045,9.259901371065045,822.7848116356699,360.2453505007153,5.93954610824585,-34.17852783203125,7.600926722656866,0.831010156102783,5.919457123508842,-34.689826636412185,0.02008898473700782,0.5112988043809352,0.5116933013721575
474,15.793220401447845,9.293220401447845,823.6531234748657,360.6159102000976,6.09644079208374,-34.243350982666016,7.513431125827519,0.8308155049591086,6.074641586420003,-34.697184887299755,0.021799205663737276,0.45383390463373985,0.45435714846657405
475,15.826539431830646,9.326539431830646,826.6874697629414,360.48209966134493,6.640341758728027,-34.211727142333984,7.5463608575786925,0.8324834390458442,6.611190299251346,-34.725100634395545,0.029151459476681296,0.5133734920615609,0.5142004958584756
476,15.859858462213449,9.359858462213449,827.3211065826849,360.3965666296159,6.753739356994629,-34.19472122192383,7.467915658399668,0.8048645040458456,6.7232608670323994,-34.73146446241884,0.03047848996222946,0.5367432404950137,0.5376078910948627
477,15.89317749259625,9.39317749259625,827.4722222222221,360.40663240332844,6.78087854385376,-34.196170806884766,7.5024224296205215,0.8283826603224617,6.750394875424659,-34.73300524307526,0.030483668429100774,0.536834436190496,0.5376992336993452
478,15.92649652297905,9.42649652297905,827.2648113790971,360.5894867037724,6.744228839874268,-34.229713439941406,7.462379767603,0.7908538354614403,6.715761533168586,-34.73103861938134,0.028467306705681317,0.5013251794399309,0.502132774365062
479,15.959815553361851,9.459815553361851,827.3450335161486,360.6079219987812,6.758671283721924,-34.23284912109375,7.517555230680652,0.8156000055389795,6.730335042551423,-34.73186616321595,0.02833624117050082,0.49901704212219755,0.49982091882199153
480,15.993134583744654,9.493134583744654,829.6741752831117,360.4153126538651,7.1758928298950195,-34.19233322143555,7.480356433507144,0.8235169792932892,7.138816229679711,-34.75801282734561,0.03707660021530845,0.5656796059100628,0.5668933681267491
481,16.026453614127455,9.526453614127455,832.1772591262717,360.45936564931174,7.6250200271606445,-34.19414520263672,7.585960236472262,0.8172645386864977,7.580741098043301,-34.78999016104656,0.044278929117343324,0.5958449584098418,0.5974879396491655
482,16.059772644510257,9.559772644510257,836.1214750542299,360.4088937093276,8.332369804382324,-34.17535400390625,7.5600392462868,0.8052288966732372,8.426106170651599,-34.64701080315458,-0.09373636626927428,0.47165679924832915,0.48088111071089723
483,16.093091674893056,9.593091674893056,838.8101918465227,360.49364508393285,8.814913749694824,-34.18406677246094,7.579147518226432,0.8002539049702567,8.848914938754541,-34.562982421475525,-0.03400118905971716,0.3789156490145871,0.38043810262067645
484,16.12641070527586,9.626410705275859,838.363897878461,360.43401654081265,8.7346830368042,-34.17438888549805,7.580510551690959,0.8160907283245619,8.813317525245463,-34.57005699815129,-0.07863448844126353,0.3956681126532402,0.4034062941291278
485,16.15972973565866,9.659729735658662,838.8777737795369,360.57178841309826,8.827265739440918,-34.19801712036133,7.577784239589947,0.8193421600034304,8.848914938754541,-34.562982421475525,-0.021649199313623413,0.36496530111419645,0.3656068364353942
486,16.19304876604146,9.69304876604146,842.1211026844828,360.60539304201274,9.409135818481445,-34.196136474609375,7.56413793959212,0.8257390915310546,9.363210612806768,-34.615476534174284,0.04592520567467773,0.4193400595649095,0.42184737769975916
487,16.226367796424263,9.726367796424263,843.0795304826925,360.73170439573596,9.581425666809082,-34.21659851074219,7.583235883632932,0.8205214964871079,9.535672880065857,-34.634364224282436,0.04575278674322547,0.4177657135402484,0.4202636183451572
488,16.259686826807066,9.759686826807066,843.1567852437416,360.764163372859,9.595382690429688,-34.2222785949707,7.583235883632932,0.83385181507429,9.550079182710975,-34.635941971022575,0.045303507718712055,0.413663376051872,0.4161367521599743
489,16.293005857189865,9.793005857189865,843.2132132132132,360.8359159159159,9.605710983276367,-34.235103607177734,7.5723286706757165,0.818162831544783,9.561672985013026,-34.63721169887979,0.04403799826334165,0.4021080917020541,0.4045123764525749
490,16.326324887572667,9.826324887572667,846.0945702984538,360.87462543449595,10.122653007507324,-34.23503112792969,7.580510551690959,0.8332525683512759,10.068119503185953,-34.695782379531884,0.054533504321371495,0.460751251602197,0.46396726064083454
491,16.35964391795547,9.85964391795547,846.8143013498723,361.1183266447768,10.25247859954834,-34.27729415893555,7.525796660413736,0.8267997774599507,10.197242829762498,-34.71148278505614,0.05523576978584188,0.4341886261205943,0.437687963412662
492,16.39296294833827,9.892962948338269,846.9702814167879,360.9816836487142,10.280047416687012,-34.25222396850586,7.535400269575277,0.8300669372833042,10.22123404377153,-34.714534852968946,0.058813372915482276,0.4623108844630863,0.4660368727115235
493,16.42628197872107,9.926281978721072,849.5728492691109,361.17589264318235,10.74743938446045,-34.28092575073242,7.581873340115757,0.8268491623994614,10.680361039127485,-34.77380811134113,0.06707834533296442,0.4928823606087107,0.49742589982008734
494,16.459601009103874,9.959601009103874,850.63539445629,361.16109926557687,10.937973022460938,-34.2756462097168,7.6253539738087435,0.8269102051590733,10.866724418112954,-34.799171054087886,0.07124860434798386,0.5235248443710887,0.5283508552991167
495,16.492920039486673,9.992920039486673,850.6493676926747,360.9813886900501,10.939952850341797,-34.243141174316406,7.598207736083495,0.8304157295988838,10.864324946835055,-34.79884450037881,0.0756279035067422,0.5557033260624067,0.5608259680022374
496,16.526239069869476,10.026239069869476,850.7370942627858,361.033896275003,10.955849647521973,-34.25241470336914,7.583235883632932,0.80750830045818,10.881171785783074,-34.80113725453485,0.07467786173889834,0.5487225511657101,0.5537808422035737
497,16.559558100252275,10.059558100252275,853.0058224163027,361.56307617661327,11.364317893981934,-34.34245681762695,7.535400269575277,0.79998879409509,11.471932467343246,-34.66880828025401,-0.10761457336131208,0.32635146262705916,0.3436366883185758
498,16.592877130635078,10.092877130635078,854.2860277980981,361.5413313825896,11.593876838684082,-34.335384368896484,7.516180780494436,0.8410908051678,11.681081632833264,-34.59984122849974,-0.08720479414918181,0.26445685960325704,0.27846383376269523
499,16.62619616101788,10.12619616101788,854.3823529411765,361.4794117647059,11.610971450805664,-34.32395935058594,7.4969120194539265,0.8138454632658594,11.699897680125899,-34.59363662660998,-0.08892622932023464,0.2696772760240407,0.28396074986670533
500,16.65951519140068,10.15951519140068,855.3340694393326,361.64495153968835,11.782155990600586,-34.35153579711914,7.492776552363782,0.7973097864377868,11.756973713558692,-34.57481577335692,0.025182277041894352,0.22327997623777662,0.2246955604050886
501,16.69283422178348,10.192834221783482,856.9992671308172,361.83828020031757,12.081393241882324,-34.382381439208984,7.5093047560192625,0.8008312122353509,12.044952619227502,-34.619139966294036,0.03644062265482262,0.23675852708505118,0.23954648635902404
502,16.726153252166284,10.226153252166284,858.3349241311795,361.8306412139011,12.320929527282715,-34.37771987915039,7.5024224296205215,0.8283826575744214,12.275700269857637,-34.65543793455824,0.04522925742507766,0.27771805540785266,0.2813769784945866
503,16.759472282549083,10.259472282549083,859.9550981100276,361.9244011074997,12.611793518066406,-34.39068603515625,7.56413793959212,0.787157630561244,12.561105977541574,-34.70191920566057,0.05068754052483193,0.3112331705043232,0.31533365374889755
504,16.792791312931886,10.292791312931886,861.4539007092199,362.09159754778216,12.881103515625,-34.41720962524414,7.56959941174018,0.8046067268410008,12.824493729879904,-34.74665917233463,0.056609785745095564,0.32944954709049057,0.334277836417904
505,16.82611034331469,10.326110343314689,861.803372149442,362.1460456089277,12.94393253326416,-34.42619705200195,7.535400269575277,0.80373904192159,12.887020890484413,-34.75740330355694,0.05691164277974714,0.3312062515549883,0.3360602864859157
506,16.859429373697488,10.359429373697488,862.7206607495068,362.2793392504931,13.10883903503418,-34.448020935058594,7.474829756407257,0.8090581370113544,13.197996425801263,-34.73964162010631,-0.08915739076708284,0.2916206850477181,0.3049453463755345
507,16.89274840408029,10.39274840408029,865.6904331041138,362.2154662806128,13.641300201416016,-34.429195404052734,7.555938329659423,0.805457227082906,13.690205717091963,-34.58915813805972,-0.0489055156759477,0.15996273400698868,0.16727171229625462
508,16.926067434463093,10.426067434463093,866.7733869984144,362.3674838394926,13.835965156555176,-34.45400619506836,7.51480607892272,0.780522649890066,13.815265148609962,-34.563036277592104,0.020700007945213983,0.10903008252374491,0.11097769696685252
509,16.959386464845892,10.459386464845892,866.8560743153575,362.31113523947397,13.850637435913086,-34.44361877441406,7.555938329659423,0.8146248301110758,13.827523460321236,-34.5653635907881,0.023113975591849467,0.12174481637404,0.12391955528329389
510,16.992705495228694,10.492705495228694,868.0126751980499,362.52626447288236,14.058693885803223,-34.47964859008789,7.517555230680652,0.7935807421241028,14.034943859142736,-34.6047435839443,0.023750026660486867,0.12509499385640765,0.12732957729572694
511,17.026024525611497,10.526024525611497,869.1490225009221,362.65006762572233,14.262853622436523,-34.49922561645508,7.484498763183275,0.7829611647150053,14.234309142971265,-34.64272840535294,0.028544479465258732,0.1435027888978624,0.14631417473849564
512,17.059343555994296,10.559343555994296,868.9890851116015,362.6436104979151,14.234143257141113,-34.49845504760742,7.494155294955702,0.7666065290626065,14.207735428379392,-34.637549088381896,0.02640782876172132,0.13909404077447363,0.14157869048299368
513,17.0926625863771,10.592662586377099,869.7664127675009,362.67089831942934,14.373638153076172,-34.5014762878418,7.547729811940535,0.7999642069602017,14.341307835805207,-34.66401176865107,0.032330317270965026,0.16253548080927516,0.16571973912827498
514,17.1259816167599,10.625981616759901,871.0493417005044,362.84939091915834,14.604232788085938,-34.530574798583984,7.481737464892216,0.7823835467402985,14.568693744090073,-34.70924163797679,0.035539043995864716,0.17866683939280392,0.18216712970992874
515,17.1593006471427,10.6593006471427,870.7596271768457,362.84044640667156,14.552254676818848,-34.52967071533203,7.494155294955702,0.8002550356168348,14.518520943046399,-34.69926164734312,0.033733733772448815,0.16959093201109,0.17291341479081546
516,17.192619677525503,10.692619677525503,872.6852531181218,362.43543653705063,14.89645767211914,-34.4517707824707,7.505176117520045,0.8026104588268916,14.921664723012329,-34.696682599377574,-0.02520705089318831,0.24491181690687114,0.2462055918848241
517,17.225938707908306,10.725938707908306,875.0531561461794,361.8672326811861,15.319534301757812,-34.34330368041992,7.481737464892216,0.7912467416236518,15.35135335798347,-34.65245777010337,-0.031819056225657505,0.30915408968344593,0.31078723189199986
518,17.259257738291105,10.759257738291105,878.7047583826429,361.28414694280076,15.972808837890625,-34.22899627685547,7.474829756407257,0.8090581383424719,15.884328251265293,-34.6200242046186,0.08848058662533198,0.3910279277631332,0.40091352496553795
519,17.292576768673907,10.792576768673907,880.3380623256941,361.06135564447675,16.265117645263672,-34.18473815917969,7.536771214782576,0.7887373238134234,16.152872663570562,-34.68078960127876,0.11224498169310948,0.49605144209907337,0.508592144182209
520,17.325895799056706,10.825895799056706,881.529433681073,361.53365623447587,16.4801082611084,-34.267147064208984,7.447134849193324,0.7992841418490256,16.370816797474944,-34.731291315444594,0.1092914636334541,0.4641442512356093,0.476838033275668
521,17.35921482943951,10.859214829439509,883.1802168021679,361.78085735402806,16.776870727539062,-34.30775451660156,7.477593605551959,0.7967219008017493,16.891139004849684,-34.74177583615063,-0.11426827731062161,0.43402131954906764,0.44881148049337044
522,17.39253385982231,10.892533859822311,886.7614188532555,360.8593294460641,17.41657829284668,-34.132476806640625,7.529913992714312,0.7775107573335572,17.40814314892919,-34.605660004403475,0.00843514391748812,0.4731831977628502,0.47325837583500346
523,17.42585289020511,10.92585289020511,888.6998305495036,360.4893488259501,17.76320457458496,-34.06087112426758,7.543622203575393,0.8017354945188785,17.61171549688884,-34.657360794502175,0.15148907769611952,0.5964896702345968,0.6154257610449849
524,17.459171920587913,10.959171920587913,888.8551565711522,360.4746705356063,17.79102325439453,-34.057838439941406,7.547729811940535,0.7873768553775747,17.637125066781117,-34.663814003165655,0.15389818761341445,0.6059755632242485,0.625212792076137
525,17.492490950970716,10.992490950970716,891.2945821185616,360.87742954324585,18.229637145996094,-34.1246223449707,7.529913992714312,0.8025691160963766,18.26362742302822,-34.68691515655027,-0.03399027703212454,0.5622928115795673,0.5633192211231349
526,17.525809981353515,11.025809981353515,893.1824987727049,361.1488708885616,18.568979263305664,-34.169029235839844,7.491397556023336,0.8072330414789552,18.599059456079782,-34.666638483091035,-0.03008019277411833,0.4976092472511908,0.498517583388214
527,17.559129011736317,11.059129011736317,893.1018928220254,361.22689282202555,18.554733276367188,-34.183326721191406,7.485879030371254,0.8343226978800997,18.58400420825294,-34.66754856416247,-0.02927093188575114,0.48422184297106696,0.4851057417344768
528,17.59244804211912,11.09244804211912,894.144591611479,361.2986264410105,18.7419376373291,-34.1937255859375,7.494155294955702,0.787571885450441,18.769900673421933,-34.65631122976967,-0.027963036092831572,0.4625856438321705,0.46343004786823294
529,17.62576707250192,11.125767072501919,895.8475736462534,360.8907224055739,19.046239852905273,-34.115848541259766,7.5065525826609205,0.8132143422538839,18.994374795200557,-34.642741898224486,0.05186505770471683,0.5268933569647203,0.529439886884494
530,17.65908610288472,11.159086102884721,896.3747427049279,360.7652258142632,19.140439987182617,-34.09188461303711,7.542252503663317,0.8116764916061039,18.994374795200557,-34.642741898224486,0.14606519198206058,0.5508572851873765,0.569893664601356
531,17.692405133267524,11.192405133267524,898.191065792668,361.2623209516873,19.46753692626953,-34.17723846435547,7.532657630623801,0.8084990155325044,19.5928356908648,-34.719967040277474,-0.1252987645952679,0.5427285759220055,0.5570045668856123
532,17.725724163650323,11.225724163650323,898.7399535849516,361.41199462562594,19.566383361816406,-34.20293045043945,7.5093047560192625,0.8367089996550447,19.681048889820488,-34.699601418601176,-0.11466552800408181,0.4966709681617232,0.509735454846098
533,17.759043194033126,11.259043194033126,898.9242813455656,361.5264831804281,19.59975242614746,-34.223167419433594,7.503799399886245,0.8354826031733226,19.70829372850893,-34.69331145197567,-0.10854130236146986,0.4701440325420734,0.48251075185248066
534,17.79236222441593,11.292362224415928,899.0129806514816,361.49020328190056,19.615570068359375,-34.216392517089844,7.4996677306366655,0.8414350054657377,19.724795911793073,-34.68950162277124,-0.10922584343369834,0.4731091056813952,0.48555381859527413
535,17.825681254798727,11.325681254798727,901.967032967033,360.6590964590964,20.14308738708496,-34.05898666381836,7.510680464514091,0.8341853778488703,20.156203289323926,-34.589903381882465,-0.013115902238965305,0.5309167180641055,0.5310787026529147
536,17.85900028518153,11.35900028518153,902.4897089270489,360.539641943734,20.236495971679688,-34.0361213684082,7.520303377447894,0.7941610545358126,20.156203289323926,-34.589903381882465,0.08029268235576126,0.5537820134742617,0.5595725451516457
537,17.892319315564333,11.392319315564333,905.2986187507638,361.2867620095343,20.742277145385742,-34.164215087890625,7.5065525826609205,0.8002443077192386,20.755569130962307,-34.71124096124791,-0.013291985576564969,0.5470258733572848,0.5471873381236703
538,17.92563834594713,11.425638345947132,905.4103790945896,361.53772543246225,20.762996673583984,-34.20927810668945,7.492776552363782,0.8064150060207996,20.77518210905025,-34.71076439252501,-0.012185435466264494,0.5014862858355542,0.5016343087535398
539,17.958957376329934,11.458957376329934,905.3693358162632,361.56908752327746,20.75571632385254,-34.215049743652344,7.448522040198965,0.793171601442801,20.767765895092037,-34.71094459644911,-0.01204957123949768,0.49589485279676637,0.496041225300259
540,17.992276406712737,11.492276406712737,905.6185171432107,361.4774105706152,20.800159454345703,-34.1978759765625,7.459610281603888,0.7955348700846888,20.812599853750356,-34.709855192161584,-0.012440399404653135,0.5119792155990837,0.5121303356986386
541,18.025595437095536,11.525595437095536,906.4140974489178,360.7901100229718,20.94098472595215,-34.07174301147461,7.547729811940535,0.7750842766231213,20.956405079001073,-34.706360920550374,-0.015420353048924085,0.6346179090757644,0.6348052282455215
542,18.05891446747834,11.558914467478338,909.0664484054807,360.4418576452043,21.41571617126465,-34.0023193359375,7.536771214782576,0.7728352096622813,21.432542302482183,-34.6947914328621,-0.016826131217534623,0.6924720969245968,0.6926764928239574
543,18.092233497861137,11.592233497861137,909.9452478062043,360.70201458410577,21.57401466369629,-34.04716873168945,7.465148226154038,0.7877417726685083,21.58965825050289,-34.69097372877047,-0.015643586806600496,0.6438049970810198,0.643995027989089
544,18.12555252824394,11.62555252824394,911.9711420885301,361.39068231841526,21.939172744750977,-34.16661834716797,7.505176117520045,0.8156407079274035,21.94402059025285,-34.68553706430493,-0.004847845501874559,0.5189187171369625,0.5189413614283226
545,18.158871558626743,11.658871558626743,914.6028867505552,361.2673328398717,22.410808563232422,-34.137874603271484,7.472064884939852,0.7918198907850091,22.415883755995782,-34.681128821453015,-0.005075192763360548,0.5432542181815307,0.5432779244121847
546,18.19219058900954,11.692190589009542,917.0310868245293,360.6823315118397,22.84470558166504,-34.02622604370117,7.531285936607034,0.7717106780306375,22.850785861391657,-34.67706587643721,-0.006080279726617732,0.6508398327360396,0.65086823372894
547,18.225509619392344,11.725509619392344,917.2603745868528,360.6677683927041,22.88578987121582,-34.02302932739258,7.501045206583747,0.7827804343352404,22.887422645403195,-34.67672360805739,-0.0016327741873745083,0.6536942806648085,0.6536963198041033
548,18.258828649775147,11.758828649775147,917.5385939036381,360.594395280236,22.93548583984375,-34.009090423583984,7.485879030371254,0.798488468209292,22.93173362959713,-34.67697255038158,0.0037522102466205354,0.6678821267975934,0.66789266680913
549,18.292147680157946,11.792147680157946,917.5368045297882,360.7039635647464,22.935457229614258,-34.02888870239258,7.480356433507144,0.7973107553029941,22.931816244926885,-34.67697301452049,0.003640984687372395,0.6480843121279136,0.6480945397052845
550,18.32546671054075,11.825466710540748,922.4345606999635,360.94300644063674,23.814416885375977,-34.060062408447266,7.52854179880903,0.7797664803510763,23.810923289804613,-34.68191190168234,0.003493595571363528,0.6218494932350751,0.6218593067943391
551,18.35878574092355,11.858785740923551,926.1447653429603,361.8890493381468,24.482240676879883,-34.22187423706055,7.5655036772469435,0.8101736313244939,24.47255927481776,-34.692096284251896,0.009681402062124533,0.4702220471913492,0.4703217018283464
552,18.39210477130635,11.89210477130635,927.0587431693989,361.92498758072526,24.64622688293457,-34.22612762451172,7.447134849193324,0.8257087508546181,24.636563531325503,-34.6954729680051,0.00966335160906695,0.4693453434933801,0.46944481232967034
553,18.425423801689153,11.925423801689153,926.7926222545807,361.8532945030943,24.598318099975586,-34.213829040527344,7.534029074901095,0.8061133515669081,24.588421940367162,-34.69448178075482,0.009896159608423716,0.4806527402274767,0.48075460545186416
554,18.458742832071955,11.958742832071955,926.7523499638467,361.8389973487587,24.591068267822266,-34.211341857910156,7.5600392462868,0.8182270477055695,24.58112399325968,-34.69433152331666,0.009944274562585065,0.4829896654065067,0.48309202589782557
555,18.492061862454754,11.992061862454754,928.4151284835324,361.48739293038966,24.888317108154297,-34.143741607666016,7.555938329659423,0.8239498410618649,24.876855649287272,-34.700420342591734,0.011461458867024987,0.5566787349257183,0.5567967124165324
556,18.525380892837557,12.025380892837557,930.5690789473684,361.22173489278754,25.27389144897461,-34.0904655456543,7.518929429619227,0.8320319245233386,25.36954610019276,-34.67780713026976,-0.09565465121815109,0.5873415846154657,0.5950797839939385
557,18.55869992322036,12.05869992322036,930.9127963231737,360.86550556361874,25.334598541259766,-34.02526092529297,7.5463608575786925,0.7896727418506989,25.439029496991626,-34.666491040518345,-0.10443095573186056,0.6412301152253761,0.6496782936092439
558,18.59201895360316,12.092018953603159,934.0465390975667,360.49598393574297,25.89560317993164,-33.950809478759766,7.6361854479813065,0.8292610528655693,25.933116694397366,-34.58602383067462,-0.037513514465725706,0.6352143519148541,0.6363210955533207
559,18.62533798398596,12.125337983985961,939.735361583967,361.6082337317397,26.918601989746094,-34.13780212402344,7.553203148273999,0.7885192229588261,26.99508545872713,-34.649564964624076,-0.07648346898103497,0.5117628406006389,0.5174465441444246
560,18.658657014368764,12.158657014368764,941.0027727546715,361.7840867992767,27.146318435668945,-34.16645812988281,7.558672521292121,0.8022854682004595,27.08011843783335,-34.63685670074895,0.06619999783559649,0.4703985708661378,0.47503395161434286
561,18.691976044751563,12.191976044751563,940.753028100775,361.66000484496124,27.101226806640625,-34.1446533203125,7.540882554963675,0.8140856264111027,27.08011843783335,-34.63685670074895,0.02110836880727618,0.4922033804364503,0.49265579357881606
562,18.725295075134365,12.225295075134365,940.5771449170873,361.78370583994234,27.06999969482422,-34.16743087768555,7.570964164191861,0.8244714522851287,27.08011843783335,-34.63685670074895,-0.010118743009130071,0.4694258230634034,0.46953486805437417
563,18.758614105517168,12.258614105517168,941.1895924308589,361.5902474526929,27.179325103759766,-34.1309814453125,7.535400269575277,0.8261311462375547,27.08011843783335,-34.63685670074895,0.0992066659264168,0.5058752554364503,0.5155111411280356
564,18.791933135899967,12.291933135899967,941.9107688546632,361.5925925925926,27.308652877807617,-34.129634857177734,7.5065525826609205,0.80938303798736,27.093588507041268,-34.64250516954992,0.2150643707663491,0.5128703123721863,0.556137250043431
565,18.82525216628277,12.32525216628277,942.2914402994084,361.6788603163105,27.377134323120117,-34.144287109375,7.553203148273999,0.8140351632054579,27.157054232154014,-34.66911855680853,0.22008009096610337,0.5248314474335274,0.5691074544010294
566,18.858571196665572,12.358571196665572,942.2655855855855,361.6562162162162,27.3724365234375,-34.1402587890625,7.5723286706757165,0.8051870444352194,27.151622366016905,-34.66684078629875,0.22081415742059463,0.5265819972362493,0.5710056846745787
567,18.89189022704837,12.391890227048371,942.1254077564334,361.5152833152108,27.346948623657227,-34.115142822265625,7.550466976060227,0.7968239986839796,27.120989076285593,-34.65399518182206,0.22595954737163382,0.5388523595564365,0.5843112034249667
568,18.925209257431174,12.425209257431174,942.4867609720711,361.6123806069399,27.411989212036133,-34.13179397583008,7.547729811940535,0.8355946994434617,27.18224136732958,-34.67968039914424,0.22974784470655152,0.5478864233141607,0.5941074019058249
569,18.958528287813973,12.458528287813973,945.4745040769136,360.99756602166235,27.94618034362793,-34.01339340209961,7.523050520325806,0.7910478163608997,28.0436012341677,-34.729228568627455,-0.09742089053976954,0.715835166527846,0.7224339523800849
570,18.991847318196776,12.491847318196776,949.513101767215,361.20487507617304,28.670902252197266,-34.04093551635742,7.517555230680652,0.760448081326331,28.746878997869544,-34.63816153399891,-0.07597674567227841,0.5972260176414892,0.6020393525599987
571,19.025166348579578,12.525166348579578,950.9287990196077,360.9800245098039,28.924184799194336,-33.99684143066406,7.4969120194539265,0.8008438927263849,28.96572475957781,-34.61032083669569,-0.041539960383474295,0.6134794060316295,0.6148841760312113
572,19.058485378962377,12.558485378962377,951.112252384446,361.05172413793105,28.957263946533203,-34.00934982299805,7.505176117520045,0.7935842258745326,28.96572475957781,-34.61032083669569,-0.008460813044607107,0.6009710136976452,0.6010305688250398
573,19.09180440934518,12.59180440934518,951.0751416605074,361.19881744271987,28.950979232788086,-34.036014556884766,7.477593605551959,0.8189937870319199,28.96572475957781,-34.61032083669569,-0.014745526789724295,0.5743062798109264,0.574495547058959
574,19.125123439727982,12.625123439727982,952.4338624338624,361.8239202657807,29.19618034362793,-34.145606994628906,7.481737464892216,0.7912467429098669,28.983279751437433,-34.61822878391176,0.21290059219049695,0.47262178928285437,0.5183608953808062
575,19.15844247011078,12.658442470110781,953.8350327749454,362.1045156591406,29.448129653930664,-34.19286346435547,7.532657630623801,0.7994065619178268,29.210424240332163,-34.72054991530072,0.23770541359850128,0.5276864509452537,0.578754571614974
576,19.191761500493584,12.691761500493584,955.2904049616928,362.07491183266444,29.709020614624023,-34.18394470214844,7.525796660413736,0.8005933294082597,29.772707025919797,-34.74291316025476,-0.06368641129577313,0.558968458106321,0.5625848346174045
577,19.225080530876387,12.725080530876387,956.7912507701785,362.04251386321624,29.978055953979492,-34.174407958984375,7.476211808699073,0.8028533605310569,30.039367336331065,-34.71253105557815,-0.06131138235157252,0.5381230965937718,0.5416046091878562
578,19.258399561259186,12.758399561259186,957.5894736842105,361.6346037507562,30.12017059326172,-34.09876251220703,7.544991654835394,0.7868056741163669,30.183032469252442,-34.69685331065896,-0.06286187599072335,0.5980907984519277,0.6013852497741672
579,19.291718591641988,12.791718591641988,959.3910162002945,361.6313205694649,30.443191528320312,-34.093746185302734,7.491397556023336,0.7869923636301329,30.5030454895931,-34.663218586880994,-0.059853961272786194,0.5694724015782597,0.5726092147698594
580,19.32503762202479,12.82503762202479,959.5488905145086,361.6866617898073,30.47163963317871,-34.10335922241211,7.516180780494436,0.7959131584812533,30.53018343337898,-34.6603662740527,-0.05854380020026895,0.5570070516405892,0.560075202199875
581,19.35835665240759,12.85835665240759,959.5850289801454,361.65408805031444,30.478038787841797,-34.097381591796875,7.473447448534798,0.7894942584294463,30.537134079244883,-34.65963573173436,-0.05909529140308578,0.5622541399374867,0.5653511929260064
582,19.391675682790392,12.891675682790392,960.4487320837927,361.4319490383437,30.632360458374023,-34.05513381958008,7.498290001639896,0.8114250864447566,30.6941615032746,-34.64313148441598,-0.061801044900576585,0.5879976648359033,0.5912365203565139
583,19.424994713173195,12.924994713173195,961.0898466033601,361.3070367664962,30.74700927734375,-34.0309944152832,7.521677074304259,0.8326401336133996,30.810067078541913,-34.63094931756448,-0.06305780119816262,0.5999549022812758,0.6032596216085427
584,19.458313743555994,12.958313743555994,965.0995151515151,360.7909090909091,31.464706420898438,-33.92791748046875,7.538141910659106,0.8005710236720178,31.383643146599304,-34.68460632488015,0.08106327429913307,0.7566888444113999,0.7610185685623948
585,19.491632773938797,12.991632773938797,967.6899563318777,360.5465793304221,31.92860221862793,-33.877418518066406,7.535400269575277,0.8129023597595463,31.836926883351595,-34.7331661314097,0.09167533527633509,0.8557476133432971,0.8606441453009354
586,19.5249518043216,13.0249518043216,967.7076848835806,360.44649535529015,31.931541442871094,-33.85929489135742,7.555938329659423,0.8334358966324013,31.837913222831332,-34.733271796913286,0.09362822003976135,0.8739769055558639,0.8789777443330505
587,19.5582708347044,13.058270834704398,967.9597784200384,360.5145712909441,31.97690773010254,-33.8709716796875,7.562771955302954,0.8321437510445467,31.88400149490605,-34.738209184676776,0.09290623519648733,0.8672375049892764,0.8721997813565481
588,19.5915898650872,13.091589865087201,968.5443928018115,360.7051602907877,32.08219528198242,-33.90397262573242,7.602285851272585,0.838046539375853,32.1511988409695,-34.734404396954716,-0.06900355898707744,0.830431771222294,0.8332937164099339
589,19.624908895470004,13.124908895470004,971.8921216475095,362.23503352490417,32.68618392944336,-34.17213821411133,7.584598182374478,0.8369538236289438,32.724429307819534,-34.686791940887744,-0.0382453783761747,0.514653726776416,0.5160728315383311
590,19.658227925852803,13.158227925852803,971.9537003718362,362.3248170804846,32.69743347167969,-34.188209533691406,7.577784239589947,0.8063476731027402,32.73442932065974,-34.686048811566145,-0.03699584898005526,0.49783927787473914,0.4992120185217868
591,19.691546956235605,13.191546956235605,973.0486260454002,362.1240143369176,32.89327621459961,-34.14924621582031,7.592766841912027,0.8253266329837654,32.93207605439085,-34.67136112210996,-0.038799839791238355,0.5221149062896444,0.5235545844873005
592,19.724865986618404,13.224865986618404,976.6294959701671,362.2249488752556,33.53556823730469,-34.15869140625,7.566869168400964,0.8040264144612588,33.56614059910504,-34.625135510470486,-0.03057236180035261,0.46644410422048566,0.46744493971814793
593,19.758185017001207,13.258185017001207,979.4594725969132,362.29432494835334,34.04313659667969,-34.16427993774414,7.52854179880903,0.7959020007749867,34.07117307477366,-34.59203393318102,-0.02803647809397347,0.42775399543688053,0.42867181469759436
594,19.79150404738401,13.29150404738401,979.5016322089227,362.36114133720224,34.05085754394531,-34.17625045776367,7.547729811940535,0.8128558267391149,34.078079761953674,-34.59158124498666,-0.027222218008361665,0.41533078722299166,0.41622195036850795
595,19.82482307776681,13.324823077766808,979.4099892202659,362.17858426158824,34.03398513793945,-34.143497467041016,7.583235883632932,0.8205214964871079,34.063417090415406,-34.5925422872534,-0.029431952475952983,0.4490448202123858,0.4500083225742838
596,19.85814210814961,13.358142108149611,979.6888729703915,362.22134670487105,34.08408737182617,-34.150535583496094,7.595487776183891,0.8259182663298688,34.1128456792533,-34.5893025663789,-0.028758307427125374,0.4387669828828038,0.43970843238918184
597,19.891461138532414,13.391461138532414,983.968180193064,362.22452627815517,34.85136413574219,-34.14060974121094,7.602285851272585,0.8207859684578952,34.88457403224195,-34.77429231570826,-0.03320989649976269,0.6336825744973211,0.6345522062423846
598,19.924780168915213,13.424780168915213,986.1983183183182,361.9740540540541,35.250614166259766,-34.08989715576172,7.5723286706757165,0.8143300134522512,35.285380950351495,-34.75328691520886,-0.03476678409172962,0.6633897594471421,0.6643001597285808
599,19.958099199298015,13.458099199298015,987.6581626542101,362.0156905018565,35.512451171875,-34.093833923339844,7.583235883632932,0.7948022459332718,35.54073887278153,-34.74172879280721,-0.028287700906531654,0.6478948694673647,0.6485121092968974
600,19.991418229680818,13.491418229680818,989.8617500304246,362.07983448947306,35.907691955566406,-34.10001754760742,7.523050520325806,0.8129446835150385,35.93495818203578,-34.72451680605243,-0.027266226469372157,0.624499258445006,0.6250942096230307
601,20.024737260063617,13.524737260063617,990.3647201946471,361.9317518248175,35.997528076171875,-34.0720329284668,7.524423715649887,0.8067324494444912,36.025842885994024,-34.72054869418165,-0.028314809822148845,0.6485157657148548,0.6491335970630305
602,20.05805629044642,13.55805629044642,990.1576021271452,361.969784868262,35.96047592163086,-34.079410552978516,7.549098518056046,0.8158605237335969,35.98853972759818,-34.722177385250674,-0.028063805967320832,0.6427668322721587,0.6433791866967385
603,20.091375320829222,13.591375320829222,990.26481548263,361.87690828224544,35.97948455810547,-34.06237030029297,7.56959941174018,0.8099399133342225,36.00825477521217,-34.72131660768236,-0.02877021710670391,0.6589463073893924,0.6595740757598668
604,20.12469435121202,13.624694351212021,990.4586832177192,362.0915175854935,36.01474380493164,-34.10066223144531,7.523050520325806,0.8000091679128869,36.041778255148316,-34.71985294093878,-0.027034450216675054,0.6191907094934663,0.6197806032956663
605,20.158013381594824,13.658013381594824,990.309913845407,362.02827326780726,35.9879264831543,-34.089599609375,7.534029074901095,0.8023458138943776,36.015494042895476,-34.72100053442934,-0.027567559741179082,0.6314009250543435,0.6320024513477492
606,20.191332411977626,13.691332411977626,991.2836461783829,361.90295669243034,36.162208557128906,-34.0645751953125,7.492776552363782,0.7846940211759232,36.18490713860415,-34.71457752360066,-0.022698581475246726,0.65000232828816,0.6503985335015888
607,20.224651442360425,13.724651442360425,995.2115594329334,361.7712347025324,36.86614227294922,-34.03114700317383,7.539512357340851,0.8072871632279542,36.88341541413958,-34.690781652453495,-0.017273141190358388,0.659634649279667,0.6598607670841564
608,20.257970472743228,13.757970472743228,997.3009732360097,361.80985401459856,37.2408447265625,-34.03299331665039,7.524423715649887,0.776377360971152,37.25781279511717,-34.68097771199951,-0.016968068554668037,0.6479843953491198,0.648206519534045
609,20.29128950312603,13.79128950312603,998.2313624678663,361.69261843554904,37.407386779785156,-34.00953674316406,7.501045206583747,0.8308813286314758,37.4248545393937,-34.676603569985105,-0.017467759608543076,0.667066826821042,0.6672954923201834
610,20.32460853350883,13.82460853350883,998.6796282709709,361.8525311812179,37.488121032714844,-34.037322998046875,7.505176117520045,0.8156407106112988,37.50480636046966,-34.6745099578691,-0.01668532775481424,0.6371869598222233,0.6374053827273294
611,20.357927563891632,13.857927563891632,999.3935323383084,361.7268656716418,37.61582946777344,-34.01287078857422,7.441583499298339,0.8111246684691475,37.62733314711473,-34.67191613664958,-0.01150367934129548,0.6590453480753595,0.6591457391640783
612,20.391246594274435,13.891246594274435,1001.0289003183933,361.65086945873134,37.90885925292969,-33.99513244628906,7.4996677306366655,0.8144438777076941,37.920583208966164,-34.666797437779756,-0.01172395603647658,0.6716649914906938,0.6717673049050088
613,20.424565624657234,13.924565624657234,1001.8299369238233,361.7296215429403,38.05265426635742,-34.007389068603516,7.535400269575277,0.8090878726545482,38.06412054940039,-34.66429198418285,-0.011466283042970815,0.6569029155793373,0.6570029803155047
614,20.457884655040036,13.957884655040036,1001.905569589799,361.56826657043183,38.06584167480469,-33.978057861328125,7.566869168400964,0.8358490257412668,38.077815763326996,-34.66405293333456,-0.01197408852230808,0.6859950720064347,0.6860995682938837
615,20.49120368542284,13.991203685422839,1004.1301912069174,361.72305443916696,38.46503829956055,-34.00056076049805,7.520303377447894,0.8123510779213918,38.47078174128061,-34.658693994295426,-0.005743441720063913,0.6581332337973791,0.658158294448522
616,20.524522715805638,14.024522715805638,1005.4161227942953,361.3921924099589,38.6948356628418,-33.93763732910156,7.549098518056046,0.8727303946710285,38.701110687585704,-34.656683944032636,-0.006275024743906954,0.7190466149310737,0.7190739950654399
617,20.55784174618844,14.05784174618844,1008.176773113264,361.5561535701471,39.19015121459961,-33.960487365722656,7.588683611263451,0.8446871350036823,39.19015121459961,-34.653718373635925,0.0,0.6932310079132691,0.6932310079132691
618,20.59116077657124,14.09116077657124,1009.6163000360621,361.3962014665224,39.44786834716797,-33.928062438964844,7.56959941174018,0.8404439907045537,39.44786834716797,-34.653718373635925,0.0,0.7256559346710816,0.7256559346710816
619,20.624479806954042,14.124479806954042,1010.360758729008,361.54005074302285,39.58167266845703,-33.95221710205078,7.550466976060227,0.8322293286320047,39.58167266845703,-34.653718373635925,0.0,0.7015012715851441,0.7015012715851441
620,20.657798837336845,14.157798837336845,1010.4330047462578,361.5251308263356,39.59458541870117,-33.949344635009766,7.523050520325806,0.8129446861792925,39.59458541870117,-34.653718373635925,0.0,0.7043737386261597,0.7043737386261597
621,20.691117867719644,14.191117867719644,1012.1587760510781,361.54439224189855,39.904029846191406,-33.9485969543457,7.561405724245774,0.8346424618792159,39.897867596779605,-34.65472079620323,0.006162249411801213,0.7061238418575257,0.7061507299135541
622,20.724436898102446,14.224436898102446,1012.831677094835,361.63869463869463,40.02488327026367,-33.96398162841797,7.492776552363782,0.8064150033779452,40.01884606736335,-34.65577655932154,0.00603720290032328,0.6917949309035691,0.6918212733377991
623,20.75775592848525,14.257755928485249,1013.1915722810862,361.63183534283274,40.08939743041992,-33.961856842041016,7.520303377447894,0.8255932081106676,40.083336773292345,-34.656339361185914,0.006060657127576974,0.6944825191448984,0.6945089639181501
624,20.791074958868048,14.291074958868048,1013.1299660852712,361.6377180232558,40.0783576965332,-33.963069915771484,7.540882554963675,0.8368976069043372,40.072308465635984,-34.656243118603044,0.006049230897218649,0.6931732028315594,0.6931995977481594
625,20.82439398925085,14.32439398925085,1015.3586265884652,361.81769305962854,40.47832489013672,-33.9901123046875,7.507928795447745,0.8295990757585783,40.47248117815027,-34.65973537295863,0.005843711986450728,0.6696230682711288,0.6696485664366209
626,20.857713019633653,14.357713019633653,1017.212829736211,361.8167865707434,40.81074142456055,-33.98540115356445,7.579147518226432,0.8357513037674079,40.798879438052914,-34.66497390545143,0.011861986507632594,0.6795727518869796,0.6796762698749675
627,20.891032050016452,14.391032050016452,1016.7163636363637,361.79527272727273,40.72168731689453,-33.982730865478516,7.538141910659106,0.8005710262704633,40.70980585920989,-34.66341912034934,0.011881457684644658,0.6806882548708231,0.6807919427811985
628,20.924351080399255,14.424351080399255,1020.6851110302148,361.973182866157,41.43359375,-34.00513458251953,7.534029074901095,0.8286096246547329,41.41599911304916,-34.67704665956277,0.017594636950839515,0.6719120770432383,0.6721424034577721
629,20.957670110782058,14.457670110782058,1022.117149758454,362.06739130434784,41.690528869628906,-34.018638610839844,7.55183518608796,0.8297387058281117,41.67311154546981,-34.6837793855526,0.017417324159097802,0.6651407747127536,0.6653687799756952
630,20.990989141164857,14.490989141164857,1025.508254430687,362.1375333818888,42.29863357543945,-34.02299499511719,7.532657630623801,0.82162486842943,42.27492698513307,-34.70186291960527,0.023706590306382225,0.6788679244880811,0.6792817245611055
631,21.02430817154766,14.52430817154766,1025.9535788066594,362.20439907643697,42.37861633300781,-34.03398132324219,7.52854179880903,0.8049395386019703,42.35519550946737,-34.70466595824099,0.02342082354044095,0.6706846349987998,0.6710934469943705
632,21.057627201930462,14.557627201930462,1026.6448187477115,362.38496277309895,42.5029182434082,-34.06489944458008,7.512055921070722,0.7976725167447545,42.48042439282425,-34.709039047210396,0.022493850583956032,0.6441396026303181,0.6445322342527466
633,21.09094623231326,14.59094623231326,1027.2012940330696,362.1883537023724,42.60225296020508,-34.028018951416016,7.581873340115757,0.8190984199604615,42.5783517958558,-34.712458747478586,0.023901164349275916,0.6844397960625699,0.6848569924381465
634,21.124265262696063,14.624265262696063,1027.7695562809818,362.1779712247612,42.7041015625,-34.02475357055664,7.547729811940535,0.8182871471791293,42.67996245838549,-34.71600707000269,0.0241391041145107,0.6912534994460486,0.6916748490756762
635,21.157584293078866,14.657584293078866,1028.6764025800169,362.37677984665936,42.86711120605469,-34.05843734741211,7.523050520325806,0.8129446821829114,42.83812647941656,-34.72229673081713,0.028984726638128677,0.6638593834050184,0.6644918323901192
636,21.190903323461665,14.690903323461665,1031.9279081133918,362.4127565982405,43.45008087158203,-34.05696105957031,7.507928795447745,0.8162391210213831,43.41992262367188,-34.74769849905585,0.030158247910151204,0.6907374394855381,0.6913954947958857
637,21.224222353844468,14.724222353844468,1033.9201930215293,362.65330363771346,43.80775833129883,-34.095523834228516,7.460995153105952,0.8248194490762397,43.772643478484284,-34.765555140552316,0.035114852814544406,0.6700313063237999,0.6709508211055151
638,21.25754138422727,14.75754138422727,1035.6689950980392,362.61936274509804,44.121185302734375,-34.08510208129883,7.4969120194539265,0.8138454632658594,44.43996783261781,-34.67838522067521,-0.3187825298834355,0.593283139376382,0.6735036635588398
639,21.29086041461007,14.79086041461007,1037.5637739533747,362.7424630782375,44.461116790771484,-34.102691650390625,7.512055921070722,0.8105702505028897,44.61721005032846,-34.583149541765906,-0.15609325955697528,0.4804578913752806,0.5051780785662638
640,21.324179444992872,14.824179444992872,1039.5845445736434,362.56976744186045,44.82301712036133,-34.0665397644043,7.540882554963675,0.836897602739906,44.788421212802824,-34.5943713142271,0.03459590755850428,0.5278315498227997,0.5289641025704251
641,21.35749847537567,14.857498475375671,1039.3269577769759,362.5818597377601,44.776851654052734,-34.06935501098633,7.566869168400964,0.8358490229797122,44.74263695418449,-34.59137045537482,0.03421469986824377,0.5220154443884937,0.5231355176884767
642,21.390817505758474,14.890817505758474,1039.5666788454512,362.8152478382657,44.82032775878906,-34.11092758178711,7.520303377447894,0.7780608300112635,44.788640241553054,-34.59438567012984,0.03168751723600849,0.4834580883427293,0.4844954302494386
643,21.424136536141276,14.924136536141276,1043.3988029803345,363.3517772077684,45.50843048095703,-34.19843673706055,7.5093047560192625,0.8099766475637697,45.47558494645954,-34.6404267880108,0.03284553449748984,0.44199005095025257,0.44320879309354033
644,21.457455566524075,14.957455566524075,1043.4048480463098,363.1594307766522,45.509117126464844,-34.16367721557617,7.557305549127712,0.8176354183867326,45.47369892866244,-34.640286632678155,0.03541819780240729,0.476609417101983,0.47792361858968896
645,21.490774596906878,14.990774596906878,1045.1416129801955,363.13886900501075,45.82039260864258,-34.155704498291016,7.598207736083495,0.8399601302089824,45.7826756433025,-34.66324756883003,0.03771696534008129,0.5075430705390147,0.5089425683970994
646,21.52409362728968,15.02409362728968,1046.399179932465,363.1654606849976,46.04587936401367,-34.15742492675781,7.557305549127712,0.817635415711567,46.007051157767336,-34.67992154980517,0.038828206246336094,0.5224966230473598,0.5239373537897473
647,21.55741265767248,15.05741265767248,1046.479159071576,363.4681006197594,46.06085205078125,-34.211891174316406,7.52854179880903,0.8650023337358453,46.02596692550531,-34.68132723416492,0.034885125275941675,0.4694360598485119,0.4707304815407791
648,21.590731688055282,15.090731688055282,1046.4043221055172,363.4553905589762,46.04740905761719,-34.20977783203125,7.553203148273999,0.8853137381782825,46.01244157623877,-34.68032212709301,0.03496748137841621,0.47054429506175666,0.471841772598734
649,21.624050718438085,15.124050718438085,1046.7923058193328,363.52873143413683,46.11712646484375,-34.22207260131836,7.521677074304259,0.8326401322323176,46.082684732005966,-34.68554209525972,0.0344417328377844,0.4634694939413606,0.4647474634413083
650,21.657369748820884,15.157369748820884,1050.93352919574,363.8069531154364,46.86003112792969,-34.26216506958008,7.501045206583747,0.821370224948976,47.234548370183894,-34.55558605334262,-0.3745172422542069,0.29342098376254455,0.47577204463679423
651,21.690688779203686,15.190688779203686,1054.7237920489295,364.12428134556575,47.54010772705078,-34.3101806640625,7.503799399886245,0.8087894363667492,47.51388795615174,-34.58248339619936,0.02621977089903993,0.27230273213685763,0.27356215804675066
652,21.72400780958649,15.224007809586489,1057.8490612045841,364.46817849305046,48.10103988647461,-34.364627838134766,7.516180780494436,0.8180343750844371,48.07240172898981,-34.637101705742566,0.028638157484799365,0.27247386760780046,0.27397472984433685
653,21.757326839969288,15.257326839969288,1057.6944444444443,364.46352657004826,48.073307037353516,-34.36417007446289,7.55183518608796,0.8393304460005152,48.044924307305095,-34.63421371234932,0.028382730048420513,0.27004363788643104,0.2715311137382591
654,21.79064587035209,15.29064587035209,1057.7079849751606,364.6349206349206,48.07609176635742,-34.39509201049805,7.539512357340851,0.8533016265480063,48.0508931258062,-34.63484106045332,0.025198640551224116,0.2397490499552717,0.24106965474751307
655,21.823964900734893,15.323964900734893,1058.2616250611845,364.6398678414097,48.175331115722656,-34.39462661743164,7.5024224296205215,0.8150422961704487,48.14899978589914,-34.64515248593686,0.026331329823513272,0.2505258685052212,0.25190583502684094
656,21.857283931117692,15.357283931117692,1059.4004368401893,364.9035311248635,48.37999725341797,-34.439453125,7.534029074901095,0.8422277852254965,48.35608967800686,-34.666918510678094,0.02390757541110844,0.22746538567809438,0.22871832861343241
657,21.890602961500495,15.390602961500495,1060.641463710166,364.9283896764813,48.602508544921875,-34.440895080566406,7.539512357340851,0.8072871605972202,48.57631966642912,-34.69006561519379,0.02618887849275353,0.2491705346273818,0.2505430355911006
658,21.923921991883297,15.423921991883297,1064.06118987035,365.4843087362171,49.21659469604492,-34.53291320800781,7.539512357340851,0.8434541803045175,49.190855642615794,-34.75882198062772,0.025739053429127523,0.22590877261990983,0.22737034199310516
659,21.957241022266096,15.457241022266096,1066.4333699767924,365.77818492732376,49.64238357543945,-34.58016586303711,7.5093047560192625,0.8327121289013747,49.69008335982746,-34.68605545786592,-0.04769978438800848,0.10588959482880966,0.11613731408841851
660,21.9905600526489,15.490560052648899,1066.4472140762464,365.7639296187683,49.64484786987305,-34.577552795410156,7.507928795447745,0.8256522717391205,49.693110488466466,-34.68469183584405,-0.048262618593419404,0.10713904043389277,0.11750767778570549
661,22.0238790830317,15.523879083031701,1066.5706401766004,365.7536178562668,49.66694641113281,-34.57539367675781,7.494155294955702,0.7965086823276806,49.71228976946714,-34.67605219972184,-0.04534335833432834,0.10065852296402511,0.11039999270984792
662,22.0571981134145,15.5571981134145,1068.622359796067,366.173707210488,50.035526275634766,-34.64622497558594,7.532657630623801,0.8084990155325044,50.037197111867854,-34.63309112968628,-0.0016708362330888349,-0.013133845899659491,0.013239697951003448
663,22.090517143797303,15.590517143797303,1069.0907542579075,366.2304136253041,50.119590759277344,-34.65531539916992,7.524423715649887,0.8292841759721882,50.12106079957513,-34.64375993828447,-0.00147004029778941,-0.011555460885453783,0.011648591964369646
664,22.123836174180102,15.623836174180102,1071.5181422351234,366.7346395742622,50.55569076538086,-34.740421295166016,7.5463608575786925,0.8341267099260795,50.56086980585817,-34.699710710735246,-0.005179040477308661,-0.04071058443076936,0.04103869082902623
665,22.157155204562905,15.657155204562905,1072.023222060958,366.5917997097242,50.64591598510742,-34.713382720947266,7.5463608575786925,0.8114432971889399,50.64624299166716,-34.71097992218564,-0.0003270065597362759,-0.0024027987616221935,0.002424948489960911
666,22.190474234945707,15.690474234945707,1074.3212409918162,366.9307438622206,51.0584831237793,-34.768959045410156,7.5093047560192625,0.797088356548891,51.058733753760706,-34.76711745113313,-0.00025062998140867876,-0.001841594277024683,0.0018585706520740553
667,22.223793265328506,15.723793265328506,1075.2676972150655,366.6591829223408,51.227569580078125,-34.717594146728516,7.492776552363782,0.8156770976701606,51.229222322328226,-34.71553487256373,-0.0016527422501013689,-0.002059274164786018,0.002640486135359413
668,22.25711229571131,15.757112295711309,1073.5697932053176,365.1088133924175,50.92015838623047,-34.441768646240234,7.480356433507144,0.7973107579055332,51.001141779487995,-34.53248088391912,-0.0809833932575259,0.09071223767888625,0.12160189163090286
669,22.29043132609411,15.790431326094112,1074.43525356967,364.8679222058099,51.07480239868164,-34.39613723754883,7.480356433507144,0.7973107579055332,51.05458495386581,-34.539991832255325,0.020217444815827434,0.14385459470649664,0.14526833616811147
670,22.32375035647691,15.82375035647691,1077.0850958565243,365.3416202844774,51.550682067871094,-34.475189208984375,7.462379767603,0.8557394436020717,51.53214207558366,-34.60710810875963,0.018539992287436746,0.13191889977525761,0.1332153423293754
671,22.357069386859713,15.857069386859713,1077.815380792645,365.3043856379674,51.68151092529297,-34.466670989990234,7.44574739974501,0.851929098108199,51.6592629192962,-34.62497377824307,0.022248005996772235,0.15830278825283273,0.15985852038428733
672,22.390388417242516,15.890388417242516,1079.2330985045112,365.6378692374243,51.936275482177734,-34.52342224121094,7.465148226154038,0.832532692092568,51.91548814999939,-34.662513528594076,0.02078733217834383,0.13909128738313825,0.14063605300559157
673,22.423707447625315,15.923707447625315,1079.165371809101,365.5915649278579,51.92403793334961,-34.51522445678711,7.473447448534798,0.8247786366358433,51.90231956240902,-34.66054546999234,0.021718370940590148,0.14532101320523338,0.14693496695922548
674,22.457026478008117,15.957026478008117,1079.2422686713114,365.56985698569855,51.93777847290039,-34.51111602783203,7.5065525826609205,0.841793346359076,51.9151593096567,-34.66246438307558,0.0226191632436894,0.15134835524354884,0.1530292494288988
675,22.49034550839092,15.99034550839092,1081.2444526173838,364.75959298761796,52.2950439453125,-34.359867095947266,7.495533783939117,0.8296607877494862,52.24250892704098,-34.711387111184905,0.05253501827152007,0.3515200152376394,0.3554240414736448
676,22.52366453877372,16.02366453877372,1082.2567160583062,364.23960968558004,52.47544479370117,-34.26347732543945,7.561405724245774,0.8346424605004318,52.40487762512164,-34.73565327570081,0.0705671685795295,0.4721759502613594,0.4774199967392961
677,22.55698356915652,16.05698356915652,1084.9722928009678,364.7071990320629,52.96308517456055,-34.34125900268555,7.544991654835394,0.8406456322352011,52.922385362632,-34.59116521976163,0.04069981192854755,0.24990621707608085,0.2531987204238923
678,22.590302599539324,16.090302599539324,1086.781168677549,364.7159924296191,53.28730392456055,-34.33841323852539,7.6307716327329,0.8610748741770853,53.23777540556567,-34.64252974995107,0.04952851899487598,0.30411651142568275,0.3081232330019163
679,22.623621629922123,16.123621629922123,1090.0775475584635,365.67030170846965,53.87996292114258,-34.50267028808594,7.539512357340851,0.8821072384759783,53.83879413403793,-34.74225851629372,0.04116878710464533,0.23958822820777925,0.24309954365940412
680,22.656940660304926,16.156940660304926,1089.0957549445247,364.57416787264833,53.70187759399414,-34.3071174621582,7.557305549127712,0.840546869725141,53.63317772398268,-34.706927155174235,0.06869987001145716,0.39980969301603153,0.4056691543230327
681,22.69025969068773,16.19025969068773,1089.0712735166426,364.4030390738061,53.69717025756836,-34.276275634765625,7.557305549127712,0.8544182082608238,53.62719326609612,-34.70595047581634,0.06997699147223813,0.4296748410507121,0.4353357880618826
682,22.723578721070528,16.223578721070528,1090.1844048916332,364.5798522823586,53.89702606201172,-34.305477142333984,7.542252503663317,0.8304194786965962,53.822455704425366,-34.73945106062123,0.074570357586353,0.4339739182872435,0.44033407770026123
683,22.75689775145333,16.25689775145333,1091.0940325497288,364.7951778179626,54.06045913696289,-34.342132568359375,7.558672521292121,0.8340391703006876,53.98731955695153,-34.767779851633506,0.07313958001135745,0.4256472832741309,0.43188541063907915
684,22.790216781836133,16.290216781836133,1092.24230351322,365.2784015453338,54.26719665527344,-34.42658996582031,7.553203148273999,0.823353426943547,54.202224226662025,-34.80470722766232,0.06497242861141217,0.3781172618420072,0.38365880699204874
685,22.823535812218932,16.323535812218932,1094.8710885586563,365.6292134831461,54.739013671875,-34.48349380493164,7.550466976060227,0.8742935608449457,54.80759270474884,-34.67450223230899,-0.06857903287384204,0.1910084273773478,0.202946552271969
686,22.856854842601734,16.356854842601734,1095.2754150006058,365.5221131709681,54.81127166748047,-34.46316146850586,7.539512357340851,0.8394250969015541,54.87806620361322,-34.649199660785236,-0.06679453613275399,0.18603819227937635,0.19766567492553677
687,22.890173872984537,16.390173872984537,1097.6145379777454,364.75943396226415,55.22904586791992,-34.31968307495117,7.5463608575786925,0.811443295864605,55.194025826891334,-34.53575856455136,0.03502004102858791,0.2160754896001862,0.2188949987542067
688,22.923492903367336,16.423492903367336,1099.2145286686102,364.9840864917395,55.51622772216797,-34.3563346862793,7.529913992714312,0.8441672163059413,55.47213839068572,-34.588559884581116,0.044089331482247474,0.2322251983018191,0.2363734584865033
689,22.95681193375014,16.45681193375014,1100.5929150042316,365.3404666908475,55.763946533203125,-34.41730880737305,7.547729811940535,0.8316260384511958,55.72241230814631,-34.63607587246258,0.04153422505681448,0.21876706508952992,0.2226749213965433
690,22.990130964132938,16.490130964132938,1098.9727719803286,364.23545639918433,55.471492767333984,-34.221717834472656,7.577784239589947,0.824816824714222,55.40429119866607,-34.575678692699405,0.06720156866791172,0.35396085822674905,0.3602836937581894
691,23.02344999451574,16.52344999451574,1098.2960534304796,363.6485731633272,55.34908676147461,-34.11738204956055,7.531285936607034,0.8375942869276322,55.26702425001658,-34.54961774821612,0.08206251145802668,0.43223569865557465,0.4399567648974971
692,23.056769024898543,16.556769024898543,1100.348856799037,363.90938628158847,55.71751403808594,-34.159454345703125,7.5655036772469435,0.8288058564475799,55.6303432677374,-34.618596018977584,0.0871707703485356,0.4591416732744591,0.4673433634282478
693,23.090088055281342,16.590088055281342,1101.0608674814282,363.97651569614186,55.84525680541992,-34.16982650756836,7.581873340115757,0.8460207667628991,55.755542413883184,-34.64236581956805,0.08971439153673799,0.47253931199968946,0.4809803254125339
694,23.123407085664144,16.623407085664144,1102.8157357357356,364.00984984984984,56.15984344482422,-34.171546936035156,7.5723286706757165,0.8370555909781157,56.05468195406915,-34.700229451558904,0.10516149075506576,0.528682515523748,0.5390400183273463
695,23.156726116046947,16.656726116046947,1103.044428347217,363.5394180852348,56.19993591308594,-34.086021423339844,7.553203148273999,0.8424764408195022,56.076883895240925,-34.70464569223781,0.12305201784501207,0.6186242688979675,0.6307438348214542
696,23.190045146429746,16.690045146429746,1105.6357889618282,363.6579139314369,56.66459274291992,-34.101070404052734,7.527169354754457,0.8298894942621974,56.88093757646286,-34.757156756051664,-0.21634483354294076,0.6560863519989297,0.6908360067917612
697,23.22336417681255,16.72336417681255,1105.9109738372092,363.1065891472868,56.7129020690918,-34.000816345214844,7.540882554963675,0.8011532636446175,56.95432583051687,-34.73295693912368,-0.24142376142507516,0.7321405939088379,0.7709184663956478
698,23.25668320719535,16.75668320719535,1105.8796599878567,363.0638737097753,56.70719909667969,-33.99317932128906,7.531285936607034,0.8147255042894417,56.95145349548813,-34.73390409317098,-0.2442543988084438,0.740724771881915,0.7799573058935914
699,23.29000223757815,16.79000223757815,1107.5700957227673,363.16357688113413,57.01035690307617,-34.00703811645508,7.539512357340851,0.8298161899015475,57.21553484995499,-34.64801384044059,-0.20517794687881974,0.6409757239855125,0.6730140181483293
700,23.323321267960953,16.823321267960953,1110.5480062643053,363.9901216720877,57.54560470581055,-34.149017333984375,7.561405724245774,0.8443072466042835,57.50767880764393,-34.55449782230038,0.03792589816661973,0.4054804883160017,0.40725029178225025
701,23.356640298343756,16.856640298343756,1113.3197303478992,364.7063921993499,58.04367446899414,-34.27157974243164,7.56413793959212,0.8087715903434772,57.96088217693889,-34.65289791954916,0.0827922920552524,0.3813181771175209,0.3902026599396668
702,23.389959328726555,16.889959328726555,1113.0254389107847,364.4611250447868,57.990478515625,-34.228004455566406,7.594127430909941,0.8151973654674286,57.90104588308277,-34.63990618662447,0.089432632542227,0.41190173105806593,0.42149879218339914
703,23.423278359109357,16.923278359109357,1112.5710811139486,363.59284932506387,57.90745544433594,-34.072303771972656,7.525796660413736,0.8363737501942252,57.789476447025464,-34.615682087463185,0.11797899731047323,0.5433783154905285,0.5560387014873236
704,23.45659738949216,16.95659738949216,1112.6253514240311,362.31597604204865,57.91484832763672,-33.841552734375,7.5065525826609205,0.8186792189970348,57.74869105940393,-34.606826711752866,0.1661572682327872,0.7652739773778663,0.7831043980455744
705,23.48991641987496,16.98991641987496,1114.5597529967308,362.46821649110063,58.261810302734375,-33.86430740356445,7.542252503663317,0.8264847427991202,58.495766394275826,-34.64165838869822,-0.23395609154145092,0.777350985133765,0.8117943131469859
706,23.52323545025776,17.02323545025776,1114.5387120115774,362.3535938253738,58.25783920288086,-33.84365463256836,7.557305549127712,0.8503200414193895,58.4978246364971,-34.641038928100954,-0.23998543361624058,0.7973842955325949,0.832715271332277
707,23.556554480640564,17.056554480640564,1117.023522242535,363.2450944546008,58.70481491088867,-33.99857711791992,7.517555230680652,0.8483387743206345,58.66772945481749,-34.589903381882465,0.037085456071181966,0.591326263962543,0.5924880433425695
708,23.589873511023363,17.089873511023363,1120.1011691720353,363.73669768551656,59.25728225708008,-34.07981491088867,7.598207736083495,0.8265098956216056,59.161757117187705,-34.48549567547443,0.09552513989237355,0.4056807645857603,0.41677564121040545
709,23.623192541406166,17.123192541406166,1120.989844683393,363.331541218638,59.41582107543945,-34.00446319580078,7.592766841912027,0.8624554258542708,59.29515655922304,-34.516907074471874,0.12066451621641505,0.5124438786710925,0.5264585969107304
710,23.65651157178897,17.15651157178897,1122.3122959738846,364.05634143392575,59.65412139892578,-34.13212203979492,7.547729811940535,0.8412559026944468,59.54941884340776,-34.57677789504405,0.1047025555180241,0.4446558552491311,0.45681665330780263
711,23.689830602171767,17.189830602171767,1125.3772946859901,364.80591787439613,60.20476531982422,-34.25997543334961,7.55183518608796,0.8297387044597289,60.250524497727675,-34.527973244202215,-0.04575917790345585,0.26799781085260577,0.2718763119217803
712,23.72314963255457,17.22314963255457,1124.3218265503876,363.6796269379845,60.013587951660156,-34.05915832519531,7.540882554963675,0.8606820426602818,60.14895128432305,-34.55566528059029,-0.1353633326628909,0.49650695539497747,0.5146283985413111
713,23.75646866293737,17.25646866293737,1126.2616356786973,364.05577834487787,60.36190414428711,-34.122337341308594,7.52854179880903,0.836984019256753,60.26016825579219,-34.530377703140346,0.10173588849492177,0.40804036183175185,0.42053195822866796
714,23.78978769332017,17.28978769332017,1126.7313109425786,364.2446129770073,60.4464225769043,-34.1552848815918,7.56413793959212,0.8489729616443977,60.347474112029914,-34.55214549791261,0.09894846487438258,0.39686061632081504,0.40900996013243257
715,23.823106723702974,17.323106723702974,1126.539653929344,364.31771208844026,60.41220474243164,-34.1689567565918,7.570964164191861,0.8435879178780884,60.31846819576458,-34.54491351073953,0.09373654666705988,0.37595675414773666,0.38746615487080627
716,23.856425754085773,17.356425754085773,1126.6434136839541,364.21633795958115,60.43062210083008,-34.150394439697266,7.521677074304259,0.8423213724335343,60.33145041613545,-34.54815034181708,0.09917168469462467,0.3977559021198118,0.40993265387904315
717,23.889744784468576,17.389744784468576,1125.9782088122604,362.5912356321839,60.30849838256836,-33.858524322509766,7.584598182374478,0.8466289730221958,60.250524497727675,-34.527973244202215,0.057973884840684775,0.6694489216924495,0.6719544851243306
718,23.92306381485138,17.42306381485138,1128.2678936605316,362.25718753759173,60.718284606933594,-33.792572021484375,7.566869168400964,0.8738321119125902,60.518283402908025,-34.59473303727431,0.2000012040255683,0.8021610157899346,0.826718075806267
719,23.956382845234177,17.456382845234177,1128.8318220287752,361.7363075807037,60.818416595458984,-33.697105407714844,7.547729811940535,0.8551627045279739,60.59014561610893,-34.61265029937158,0.22827097935005725,0.9155448916567366,0.9435730436231101
720,23.98970187561698,17.48970187561698,1130.5969077185293,361.45020696372046,61.1342658996582,-33.6411018371582,7.521677074304259,0.8664016724159619,61.381447516439415,-34.61438178132447,-0.2471816167812122,0.973279944166265,1.0041775746305341
721,24.023020905999783,17.523020905999783,1130.5227739519148,361.41959647215174,61.120933532714844,-33.6357536315918,7.550466976060227,0.8557830633823147,61.37019894842552,-34.617238553669175,-0.24926541571067418,0.981484922077378,1.0126430268039435
722,24.05633993638258,17.55633993638258,1132.4040367849038,361.55738683864803,61.45833206176758,-33.656028747558594,7.594127430909941,0.8801390891769193,61.415789595212246,-34.605660004403475,0.042542466555332226,0.9496312568448815,0.950583707748771
723,24.089658966765384,17.589658966765384,1134.4444444444443,362.3044685990338,61.825321197509766,-33.78596496582031,7.55183518608796,0.8631840267943807,61.59695590317537,-34.65335711278327,0.22836529433439523,0.8673921469629562,0.8969503020064387
724,24.122977997148187,17.622977997148187,1134.7343600764086,362.0138490926456,61.876773834228516,-33.732765197753906,7.595487776183891,0.8490618205319773,61.63197485966042,-34.662576834604586,0.24479897456809852,0.9298116368506797,0.9614968632151292
725,24.156297027530986,17.656297027530986,1135.6343738787227,362.0550173424231,62.03814697265625,-33.73799133300781,7.588683611263451,0.8311068443037316,61.78417418003908,-34.70264757160337,0.2539727926171693,0.964656238595559,0.9975288657733649
726,24.18961605791379,17.68961605791379,1139.862274734455,362.97589211123045,62.797447204589844,-33.893943786621094,7.596847877864805,0.8604514614691052,62.96066414905938,-34.615258890939174,-0.16321694446953927,0.7213151043180801,0.7395507086599102
727,24.22293508829659,17.72293508829659,1140.894490457328,362.37510502940825,62.98140335083008,-33.782901763916016,7.5750569462716,0.8655348304624432,63.152966803530745,-34.573075117253445,-0.17156345270066709,0.7901733533374298,0.808583914400412
728,24.25625411867939,17.75625411867939,1141.8199809251312,362.3667143538388,63.14723587036133,-33.779117584228516,7.600926722656866,0.8643101687055704,63.31211828528173,-34.538519943257384,-0.1648824149203989,0.7594023590288685,0.7770959745414933
729,24.289573149062193,17.789573149062193,1141.8442935430069,362.37574457946147,63.151607513427734,-33.78068923950195,7.603644736948159,0.8411626500804342,63.31596724234435,-34.53768425275963,-0.1643597289166152,0.7569950132576793,0.7746325390703241
730,24.322892179444995,17.822892179444995,1143.5719489981784,363.08184578020644,63.462432861328125,-33.90398406982422,7.531285936607034,0.841614584180254,63.43411061587044,-34.51203281185717,0.028322245457687245,0.608048742032949,0.6087079942596592
731,24.356211209827794,17.856211209827794,1144.7876127773714,363.2655449890271,63.68061065673828,-33.93417739868164,7.516180780494436,0.8451444939888177,63.50877422379301,-34.53344225691307,0.17183643294526973,0.5992648582314288,0.6234148939498387
732,24.389530240210597,17.889530240210597,1145.149554109424,362.96469028681605,63.74496078491211,-33.87895584106445,7.5600392462868,0.8411550815904806,63.55360380613139,-34.54629693279409,0.19135697878071767,0.6673410917296394,0.694234561253609
733,24.4228492705934,17.9228492705934,1147.2967230824631,362.8086664265994,64.12950134277344,-33.84550857543945,7.5750569462716,0.8281247588233076,63.90006635386136,-34.6456434696939,0.22943498891207526,0.8001348942544482,0.8323798791060852
734,24.4561683009762,17.9561683009762,1147.3985688729874,362.30590339892666,64.14689636230469,-33.75445556640625,7.5995673509706565,0.87114507141858,63.89201439844848,-34.64333460863293,0.25488196385620654,0.8888790422266766,0.9247003661776124
735,24.489487331359,17.989487331359,1147.8086441681467,362.4960331557134,64.22069549560547,-33.78779220581055,7.626708749332235,0.8491212585570791,64.39832194518516,-34.680780670628565,-0.17762644957969087,0.8929884648180177,0.9104831431104733
736,24.522806361741804,18.022806361741804,1147.8819419775014,362.3825932504441,64.23365020751953,-33.76712417602539,7.626708749332235,0.8394566798403318,64.41473825402488,-34.67751526377362,-0.18108804650535149,0.9103910877482306,0.928226703579751
737,24.556125392124603,18.056125392124603,1149.2539510194233,361.70104958378573,64.4783706665039,-33.64065933227539,7.555938329659423,0.8570237710476705,64.60443512619332,-34.639782209846075,-0.1260644596894167,0.9991228775706844,1.0070445732349236
738,24.589444422507405,18.089444422507405,1150.5200145560407,361.1478651140223,64.704345703125,-33.53763961791992,7.535400269575277,0.8356811845779433,64.60443512619332,-34.639782209846075,0.09991057693167704,1.1021425919261532,1.1066618346724169
739,24.622763452890204,18.122763452890204,1153.7225680458928,361.8509703405346,65.27945709228516,-33.65678405761719,7.512055921070722,0.8470980552199482,64.95211521443892,-34.74442203935465,0.32734187784623714,1.0876379817374655,1.1358296898346372
740,24.656082483273007,18.156082483273007,1155.7841787439613,362.2903381642512,65.64965057373047,-33.731082916259766,7.55183518608796,0.825813778902122,65.8291854055979,-34.77591409283429,-0.17953483186742858,1.044831176574526,1.0601438314661715
741,24.68940151365581,18.18940151365581,1157.3440471891176,362.16323582520766,65.92897033691406,-33.70429992675781,7.56413793959212,0.8312881398616755,66.1049646590224,-34.7285265502282,-0.17599432210833754,1.0242266234703905,1.0392373057391322
742,24.72272054403861,18.22272054403861,1157.2984230167328,361.5513422414831,65.9197998046875,-33.593894958496094,7.56413793959212,0.8352457396718957,66.11448409867268,-34.72689081133047,-0.19468429398517628,1.1329958528343766,1.1496006162421812
743,24.75603957442141,18.25603957442141,1159.605409995148,362.0958272683163,66.3341293334961,-33.686580657958984,7.535400269575277,0.8453977849923116,66.49337282998695,-34.66437239497892,-0.15924349649085912,0.9777917370199347,0.990674099872958
744,24.789358604804214,18.289358604804214,1159.1343247491234,360.97847902309275,66.24785614013672,-33.485923767089844,7.547729811940535,0.8316260425725993,66.44116346117711,-34.67287523062795,-0.19330732104039328,1.186951463538108,1.2025894965294974
745,24.822677635187013,18.322677635187013,1160.2210236126093,361.69531343641376,66.44379425048828,-33.61273193359375,7.580510551690959,0.8388654464475961,66.61192047800334,-34.64506568450453,-0.16812622751506012,1.0323337509107802,1.045934702382499
746,24.855996665569815,18.355996665569815,1161.325856246985,361.68837433671007,66.64176177978516,-33.60877227783203,7.557305549127712,0.8365479762048861,66.79684893327416,-34.6163896936396,-0.15508715348900637,1.007617415807566,1.0194826540044906
747,24.889315695952618,18.389315695952618,1161.470944741533,360.5941770647653,66.66598510742188,-33.41078186035156,7.613150145277579,0.8364745957201173,66.85028012956919,-34.60816584596596,-0.1842950221473103,1.197383985614394,1.2114838274587443
748,24.922634726335417,18.422634726335417,1165.0649116480347,361.67520134631565,67.31181335449219,-33.597225189208984,7.56959941174018,0.8744628025512304,67.44559713487158,-34.51991586103045,-0.13378378037938887,0.9226906718214636,0.9323390884002153
749,24.95595375671822,18.45595375671822,1166.322109582428,362.3427468018344,67.5381851196289,-33.71470642089844,7.554570862752983,0.8399386620413827,67.49877453906,-34.51220550437425,0.039410580568912223,0.7974990834758131,0.7984722800483062
750,24.989272787101022,18.489272787101022,1167.024280136652,361.2701317715959,67.66228485107422,-33.51926040649414,7.513431125827519,0.8645030580881374,67.49877453906,-34.51220550437425,0.16351031201422472,0.99294509788011,1.0063178372358956
751,25.02259181748382,18.52259181748382,1166.447622495776,360.82066135650496,67.55821990966797,-33.43948745727539,7.554570862752983,0.85379996064269,67.49877453906,-34.51220550437425,0.059445370607974723,1.07271804709886,1.0743638865199776
752,25.055910847866624,18.555910847866624,1166.888888888889,360.9718875502008,67.6375503540039,-33.465721130371094,7.523050520325806,0.8397749908593506,67.49877453906,-34.51220550437425,0.13877581494391222,1.0464843740031569,1.0556459026804994
753,25.089229878249427,18.589229878249427,1168.6593630268198,361.0028735632184,67.95488739013672,-33.466976165771484,7.584598182374478,0.8506857507889471,67.59444756502253,-34.54421725106392,0.3604398251141845,1.0772410852924352,1.1359424384053831
754,25.122548908632226,18.622548908632226,1169.9408602150538,360.668458781362,68.18400573730469,-33.4034309387207,7.592766841912027,0.8525191323390475,67.78137652648797,-34.60676280664964,0.40262921081671266,1.203331867928938,1.2689041988173244
755,25.155867939015028,18.655867939015028,1170.177644003777,360.5810906515581,68.22628021240234,-33.38706970214844,7.638890916781156,0.8629082429041925,67.81447149354433,-34.617836227725775,0.41180871885801196,1.2307665255773372,1.2978338342827973
756,25.18918696939783,18.68918696939783,1170.9820438659917,360.8817787418655,68.37091827392578,-33.43940734863281,7.5600392462868,0.8795403438652101,67.96029586128992,-34.6666283786428,0.41062241263585975,1.2272210300099857,1.294095136478638
757,25.22250599978063,18.72250599978063,1175.2661339145175,361.9777212737619,69.14037322998047,-33.62685012817383,7.542252503663317,0.8539219925473501,69.25115896284079,-34.63842743379715,-0.11078573286032167,1.0115773056233195,1.0176257287714052
758,25.255825030163432,18.755825030163432,1172.8718968426126,359.8400819474572,68.70794677734375,-33.246620178222656,7.5600392462868,0.8550364558789577,68.87775815312914,-34.68134924804963,-0.16981137578538608,1.4347290698269717,1.4447433706899966
759,25.289144060546235,18.789144060546235,1172.4440028901734,358.368978805395,68.62891387939453,-32.98194122314453,7.562771955302954,0.8844893410905791,68.83071113529729,-34.686917629559865,-0.2017972559027612,1.7049764064153337,1.7168770133363744
760,25.322463090929034,18.822463090929034,1174.379070881226,358.32399425287355,68.97563934326172,-32.96907043457031,7.584598182374478,0.860600685881351,69.15956229303093,-34.6484589006322,-0.18392294976921164,1.6793884660618872,1.6894298657812068
761,25.355782121311837,18.855782121311837,1177.4409975669098,359.40328467153284,69.52608489990234,-33.15652084350586,7.524423715649887,0.8569290686370539,69.67079280006233,-34.593616268696096,-0.14470790015998602,1.4370954251902361,1.444362709803676
762,25.389101151694636,18.889101151694636,1181.908503767492,361.0956823346489,70.32929229736328,-33.451255798339844,7.588683611263451,0.8586030200948568,69.97501780538688,-34.56298242147551,0.3542744919763976,1.1117266231356666,1.1668103960171794
763,25.42242018207744,18.92242018207744,1182.2092404450893,361.3059990324141,70.3835220336914,-33.48850631713867,7.5463608575786925,0.851945219213004,69.9904061531948,-34.568583322032126,0.39311588049660884,1.0800770048934538,1.1493939411699707
764,25.45573921246024,18.95573921246024,1181.2227074235807,360.13076176613293,70.20490264892578,-33.278656005859375,7.535400269575277,0.8594310484279379,69.97501780538688,-34.56298242147551,0.2298848435388976,1.2843264156161354,1.3047380515407274
765,25.48905824284304,18.98905824284304,1178.5299422799424,357.9890572390572,69.71900939941406,-32.89838790893555,7.56823441318761,0.8568911987333587,69.88751250640243,-34.57179374175874,-0.1685031069883678,1.6734058328231924,1.6818681215813014
766,25.522377273225842,19.022377273225842,1178.1169082125602,357.60797101449276,69.64440155029297,-32.830562591552734,7.55183518608796,0.8776324546835442,69.82041464129959,-34.578550141503705,-0.17601309100662377,1.7479875499509703,1.756826992902062
767,25.555696303608645,19.055696303608645,1176.4196694018312,356.57640623141873,69.33860778808594,-32.64836883544922,7.610435525777736,0.8635322057015392,69.54088226801541,-34.60669757142078,-0.20227447992947134,1.9583287359715627,1.9687474198999515
768,25.589015333991444,19.089015333991444,1176.5583932853715,356.51270983213425,69.36335754394531,-32.63652038574219,7.579147518226432,0.8694389820478138,69.56153455255402,-34.6046179957178,-0.19817700860870957,1.9680976099756151,1.9780501331191849
769,25.622334364374247,19.122334364374247,1174.6332851289467,354.9544468546638,69.0158920288086,-32.359718322753906,7.5600392462868,0.8550364587387269,69.26528187180897,-34.63688072371235,-0.24938984300037248,2.2771624009584457,2.2907780106615707
770,25.65565339475705,19.15565339475705,1174.2855255255254,354.5523123123123,68.95291900634766,-32.28791809082031,7.5723286706757165,0.8649114722961831,69.21082541262624,-34.64284467595406,-0.25790640627857897,2.3549265851337466,2.3690071624562936
771,25.68897242513985,19.18897242513985,1172.450867052023,353.3214113680154,68.62215423583984,-32.07001876831055,7.562771955302954,0.8556547020661727,68.57186382340103,-29.765241795945602,0.05029041243881238,-2.3047769723649445,2.305325577424366
772,25.72229145552265,19.22229145552265,1170.8044267053701,352.15771649733915,68.32518768310547,-31.863784790039062,7.5463608575786925,0.8763605235897999,68.27953649373762,-29.771620400969944,0.04565118936784529,-2.0921643890691186,2.092662386047892
773,25.755610485905454,19.255610485905454,1170.5325796255772,351.99221979090686,68.27619934082031,-31.83454704284668,7.527169354754457,0.8575545628651143,68.23120913078617,-29.77267490778082,0.044990210034143274,-2.061872135065858,2.062362921592598
774,25.788929516288253,19.288929516288253,1170.51833030853,352.0235934664247,68.27368927001953,-31.84025001525879,7.544991654835394,0.854542345675712,68.2285758744196,-29.772732365639136,0.045113395599926776,-2.067517649619653,2.0680097799457644
775,25.822248546671055,19.322248546671055,1168.8697428502762,350.5898822398462,67.97589874267578,-31.585214614868164,7.570964164191861,0.8339475336023721,67.92080044131649,-29.78183268110139,0.055098301359294055,-1.8033819337667758,1.8042234401118602
776,25.855567577053858,19.355567577053858,1166.9400762889134,349.72745170419586,67.62860870361328,-31.434093475341797,7.481737464892216,0.8362369518390116,67.56418573450212,-29.794419419514686,0.0644229691111633,-1.6396740558271112,1.6409391604509982
777,25.888886607436657,19.388886607436657,1166.7993172396975,349.3997805413314,67.60285186767578,-31.37522315979004,7.516180780494436,0.8180343737385513,67.54077805429097,-29.795339109774986,0.06207381338481355,-1.5798840500150533,1.5811030231455825
778,25.92220563781946,19.42220563781946,1166.5864287448408,348.9219470745326,67.56391906738281,-31.28938865661621,7.532657630623801,0.8123107277655437,67.5052725111637,-29.79673412636382,0.05864655621911652,-1.4926545302523913,1.4938062006965123
779,25.955524668202262,19.455524668202262,1165.0431472081218,347.97474014986705,67.28572845458984,-31.121984481811523,7.549098518056046,0.8291374541007002,67.22264711665348,-29.80870498223586,0.06308133793636728,-1.313279499575664,1.314793633693725
780,25.98884369858506,19.48884369858506,1164.5800315036956,347.96910214467465,67.20272064208984,-31.12210464477539,7.539512357340851,0.8298161912723588,67.13982462134999,-29.81268323196614,0.06289602073985634,-1.3094214128092503,1.310931098779902
781,26.022162728967864,19.522162728967864,1164.1158844765343,347.70312876052947,67.11907196044922,-31.07516860961914,7.5655036772469435,0.8423714997383198,67.05861780048286,-29.816583875288078,0.06045415996635484,-1.2585847343310625,1.2600358085976877
782,26.055481759350666,19.555481759350666,1162.4029225056893,346.3302191879267,66.80976867675781,-30.831228256225586,7.583235883632932,0.8260040372141881,66.88591971752594,-29.824879159068484,-0.07615104076812429,-1.006349097157102,1.009226181962687
783,26.088800789733465,19.588800789733465,1159.5766387980127,344.4978795589482,66.30008697509766,-30.50695037841797,7.539512357340851,0.8165063237258815,66.53697470359289,-29.719858630138948,-0.23688772849523332,-0.7870917482790212,0.8219666757968704
784,26.122119820116268,19.622119820116268,1157.5356882738529,343.1825685846079,65.9320068359375,-30.274179458618164,7.532657630623801,0.8216248670776369,65.88798193907421,-29.60248933160432,0.044024896863291474,-0.6716901270138429,0.6731313529109277
785,26.155438850499067,19.655438850499067,1156.8554701792903,342.94450542749115,65.8096694946289,-30.23281478881836,7.51480607892272,0.8243866428548836,65.76886749064334,-29.610296505025808,0.04080200398556144,-0.6225182837925516,0.6238540031010954
786,26.18875788088187,19.68875788088187,1154.0207801676995,340.84299428849187,65.29793548583984,-29.859834671020508,7.52854179880903,0.814131898698713,65.28201269836426,-29.64556768601706,0.015922787475588507,-0.21426698500344799,0.21485780419491532
787,26.222076911264672,19.722076911264672,1150.667751265365,339.18197155941186,64.69395446777344,-29.567731857299805,7.5600392462868,0.8182270477055695,64.70553878460264,-29.6938030672916,-0.011584316829200247,0.126071209991796,0.1266023158761119
788,26.25539594164747,19.75539594164747,1149.7192088338793,338.43975245722606,64.52262878417969,-29.435853958129883,7.534029074901095,0.842227775406588,64.54766395234114,-29.708309726475676,-0.025035168161451793,0.2724557683457931,0.27360355507516465
789,26.288714972030274,19.788714972030274,1147.5957966764418,337.3252688172043,64.13999938964844,-29.23952865600586,7.507928795447745,0.8490600515600849,64.1906572932256,-29.742612740565228,-0.05065790357716082,0.5030840845593687,0.5056281433343787
790,26.322034002413076,19.822034002413076,1147.6431459022417,337.4079382579934,64.14862823486328,-29.254362106323242,7.498290001639896,0.8399412157840286,64.19772086795719,-29.74190147599009,-0.0490926330939061,0.4875393696668482,0.49000481997551876
791,26.355353032795875,19.855353032795875,1147.9193469785573,337.4834307992203,64.19827270507812,-29.267337799072266,7.518929429619227,0.832031917622973,64.24557355593977,-29.737082963681452,-0.04730085086164593,0.46974516460918636,0.47212063094716294
792,26.388672063178678,19.888672063178678,1147.9542579075426,337.5553527980535,64.20465087890625,-29.280258178710938,7.524423715649887,0.8469992354267749,64.25059975320589,-29.736576852229547,-0.0459488742996399,0.45631867351860933,0.45862624309037014
793,26.42199109356148,19.92199109356148,1147.96809158446,337.51090001217875,64.20706939697266,-29.272184371948242,7.520303377447894,0.8255932081106676,64.2537988241286,-29.736254722726123,-0.0467294271559382,0.46407035077788095,0.4664171200046452
794,26.45531012394428,19.95531012394428,1147.8921356421356,337.4877344877345,64.19339752197266,-29.2681827545166,7.56823441318761,0.8429797074109808,64.24066307969393,-29.737577422639337,-0.04726555772127483,0.4693946681227352,0.47176836202606454
795,26.488629154327082,19.988629154327082,1151.1869475723452,339.5034507809662,64.78758239746094,-29.62458610534668,7.542252503663317,0.8343823693620348,64.7932023782369,-29.685747914627388,-0.005619980775961153,0.06116180928070847,0.06141946839896882
796,26.521948184709885,20.021948184709885,1154.2830485883921,341.4820065430753,65.34603118896484,-29.97471809387207,7.539512357340851,0.8072871619125872,65.32135383106171,-29.6426441348457,0.02467735790312986,-0.3320739590263706,0.33298961884197953
797,26.555267215092684,20.055267215092684,1156.9747787074086,343.19607129865403,65.83146667480469,-30.277997970581055,7.536771214782576,0.8067002534532429,65.78762263753616,-29.609067227752842,0.04384403726852781,-0.6689307428282127,0.6703660479952043
798,26.588586245475486,20.088586245475486,1155.0296322323727,342.76891543687043,65.48202514648438,-30.205541610717773,7.6685880777496145,0.8458708513556361,65.43954195642566,-29.633861239980785,0.04248319005871792,-0.5716803707369884,0.57325672060914
799,26.62190527585829,20.12190527585829,1145.1050244659266,340.31316386203605,63.69843292236328,-29.785871505737305,7.596847877864805,0.8424851393656934,63.71789222442442,-29.71324840176532,-0.01945930206113644,-0.0726231039719849,0.07518496968964129
800,26.655224306241088,20.155224306241088,1143.766355140187,340.2365204888569,63.458282470703125,-29.775287628173828,7.581873340115757,0.8229601076964709,63.49118283326947,-29.652501803488803,-0.032900362566344654,-0.12278582468502464,0.12711723958841514
801,26.68854333662389,20.18854333662389,1141.6835488505747,340.0116139846743,63.084442138671875,-29.739727020263672,7.584598182374478,0.8369538277697894,63.06409317599394,-29.56779950268819,0.020348962677935845,-0.17192751757548308,0.1731275587009072
802,26.721862367006693,20.221862367006693,1140.4573419850997,340.27024753664983,62.865020751953125,-29.78948402404785,7.570964164191861,0.83000268664366,62.84189533353955,-29.59409835040602,0.023125418413577847,-0.19538567364183024,0.19674945093004667
803,26.755181397389492,20.255181397389492,1141.3435288473072,341.43420894806286,63.02590560913086,-29.99775505065918,7.577784239589947,0.8619866376003814,62.976247607218,-29.578196710916703,0.04965800191286007,-0.41955833974247625,0.4224868253584255
804,26.788500427772295,20.288500427772295,1141.2575378381598,342.296031462281,63.01197814941406,-30.153770446777344,7.602285851272585,0.8575577369878586,62.94430202045456,-29.581977720274256,0.06767612895950492,-0.5717927265030873,0.5757837966743923
805,26.821819458155097,20.321819458155097,1141.3305923012751,342.4286735788345,63.02529525756836,-30.177574157714844,7.602285851272585,0.8436917115562584,62.9546567192492,-29.58075216090898,0.07063853831915878,-0.5968219968058648,0.6009877693990178
806,26.855138488537897,20.355138488537897,1138.9425695677915,342.01870929544106,62.596431732177734,-30.109304428100586,7.626708749332235,0.8531733998380415,62.53569363012408,-29.631863936439157,0.06073810205365504,-0.47744049166142943,0.4812884167720928
807,26.8884575189207,20.3884575189207,1135.9270090347122,341.1816452686638,62.05427169799805,-29.965354919433594,7.611792956543152,0.8201179981383334,62.01815610482612,-29.699982559262825,0.03611559317192814,-0.26537236017076893,0.26781864313890574
808,26.9217765493035,20.4217765493035,1133.1150750750749,340.5417417417417,61.54895782470703,-29.856548309326172,7.5723286706757165,0.8275283447187045,61.5361632521554,-29.768305678494116,0.012794572551634076,-0.08824263083205608,0.08916536874225084
809,26.9550955796863,20.4550955796863,1130.9032102341298,340.33393676080135,61.151973724365234,-29.82438850402832,7.554570862752983,0.8170437837175643,61.17467976474211,-29.729811039266878,-0.022706040376874626,-0.0945774647614428,0.09726490173900457
810,26.988414610069103,20.488414610069103,1129.1916240564888,340.163623082542,60.84477233886719,-29.79779052734375,7.521677074304259,0.8192312026064676,60.87818223827031,-29.658628281041196,-0.03340989940312511,-0.13916224630255414,0.14311656848212817
811,27.021733640451902,20.521733640451902,1129.6005116959063,340.91045321637426,60.91939926147461,-29.931814193725586,7.518929429619227,0.7964953971253388,60.97916497267449,-29.68287209060547,-0.059765711199879945,-0.24894210312011467,0.256015841191699
812,27.055052670834705,20.555052670834705,1128.8415972976231,340.4958378574014,60.7825813293457,-29.85871124267578,7.555938329659423,0.8471333669279418,60.83320914889386,-29.647831197551696,-0.05062781954815421,-0.2108800451240853,0.21687224244641526
813,27.088371701217508,20.588371701217508,1128.4988362121767,340.6253828249418,60.72134780883789,-29.882972717285156,7.498290001639896,0.8302710554305051,60.780819894995375,-29.635253650486614,-0.05947208615748423,-0.24771906679854183,0.2547580520561885
814,27.121690731600307,20.621690731600307,1128.9834353619012,341.2575921257952,60.809364318847656,-29.99608612060547,7.5750569462716,0.8187524931016649,60.88971599757807,-29.66139729166333,-0.08035167873041615,-0.3346888289421379,0.34419907683411305
815,27.15500976198311,20.65500976198311,1125.0765066762901,340.54360639961504,60.10755157470703,-29.876564025878906,7.566869168400964,0.822442392964165,60.07525443183542,-29.688605725890305,0.032297142871613005,-0.18795829998860114,0.1907129465250704
816,27.188328792365912,20.688328792365912,1123.4018281535648,340.9062766605728,59.80790710449219,-29.94623374938965,7.517555230680652,0.811757470995618,59.772575425833175,-29.740615491363204,0.035331678659012766,-0.20561825802644407,0.20863172230198618
817,27.22164782274871,20.72164782274871,1121.6505980427692,340.8371390600459,59.49376678466797,-29.938018798828125,7.550466976060227,0.8058507789367498,59.33533788301031,-29.819610103148133,0.15842890165765766,-0.11840869567999235,0.19778861467002795
818,27.254966853131513,20.754966853131513,1123.4468704512374,341.8000970402717,59.817588806152344,-30.10772132873535,7.535400269575277,0.8222232815056877,59.76470527427118,-29.741967830735472,0.05288353188116446,-0.36575349799987933,0.3695568822838696
819,27.288285883514316,20.788285883514316,1122.4048756584589,341.372289599412,59.62997817993164,-30.032926559448242,7.498290001639896,0.8263143951772925,59.69777185582248,-29.727129049112946,-0.06779367589084018,-0.3057975103352959,0.31322212536482424
820,27.321604913897115,20.821604913897115,1119.1487235067436,340.42678227360307,59.04438781738281,-29.869953155517578,7.562771955302954,0.8149764253592856,59.0679246662727,-29.761549002292846,-0.02353684888988994,-0.10840415322473262,0.11092990440831013
821,27.354923944279918,20.854923944279918,1116.244141823089,340.17016317016316,58.5230827331543,-29.830665588378906,7.492776552363782,0.8156770976701606,58.48939241599587,-29.661292926426114,0.033690317158423966,-0.16937266195279221,0.1726908685692733
822,27.38824297466272,20.88824297466272,1115.1497113997114,339.9179894179894,58.326358795166016,-29.787752151489258,7.56823441318761,0.8161541409526956,58.30836696773229,-29.69730112689619,0.017991827433725405,-0.09045102459306875,0.09222306492597653
823,27.42156200504552,20.92156200504552,1113.5301321692737,340.44149387656114,58.03690719604492,-29.886367797851562,7.536771214782576,0.7902546532971283,58.07001498081378,-29.723637836761714,-0.033107784768859005,-0.16272996108984827,0.16606373971642524
824,27.454881035428322,20.954881035428322,1113.3208756652152,341.07039187227866,58.00054168701172,-30.000587463378906,7.5463608575786925,0.8023177227852447,58.05740950191909,-29.721073223095253,-0.05686781490737047,-0.27951424028365324,0.2852405281401765
825,27.488200065811125,20.988200065811125,1111.7120511908995,340.59485721056996,57.71116256713867,-29.918546676635742,7.623998957543259,0.7908277379825904,57.763504555223946,-29.661277585878132,-0.05234198808527424,-0.2572690907576103,0.26253965181657135
826,27.521519096193924,21.021519096193924,1108.1513087128003,340.09334289470536,57.07172775268555,-29.836589813232422,7.591406009059102,0.8184383477187225,57.02930087265546,-29.641183451695067,0.0424268800300851,-0.1954063615373549,0.19995921153663987
827,27.554838126576726,21.054838126576726,1108.3504181600956,340.2757467144564,57.10776901245117,-29.869081497192383,7.592766841912027,0.8122156944253677,57.05698253691807,-29.635173173219673,0.05078647553310134,-0.23390832397270955,0.23935824640232548
828,27.58815715695953,21.08815715695953,1108.4157316926046,340.79804560260584,57.12044906616211,-29.96335220336914,7.555938329659423,0.8108085850459475,57.04954503025237,-29.636788014213312,0.07090403590974148,-0.3265641891558282,0.33417293718566354
829,27.621476187342328,21.121476187342328,1107.3494643072108,340.6147827133742,56.92890167236328,-29.932828903198242,7.56413793959212,0.8125692972617046,56.910297521407216,-29.667021612064385,0.01860415095606527,-0.26580729113385715,0.26645755844545893
830,27.65479521772513,21.15479521772513,1107.3574107683,340.7392619479734,56.93055725097656,-29.9553165435791,7.544991654835394,0.8176935335538122,56.910297521407216,-29.667021612064385,0.02025972956934652,-0.2882949315147165,0.2890059241249185
831,27.688114248107933,21.188114248107933,1106.24496844111,340.22257949267595,56.73011016845703,-29.864620208740234,7.605003379813812,0.8083763556021025,56.77258916961596,-29.640876864576185,-0.042479001158930885,-0.22374334416404906,0.22774009220418912
832,27.721433278490732,21.221433278490732,1102.961515477471,340.3650053782718,56.141571044921875,-29.898408889770508,7.591406009059102,0.818438349052259,56.17717312323048,-29.706317264814984,-0.03560207830860662,-0.19209162495552334,0.19536299638863447
833,27.754752308873535,21.254752308873535,1101.6709508508866,340.36832083779603,55.910133361816406,-29.902170181274414,7.6077199376356965,0.8352817607000663,55.95409539938913,-29.664972252532728,-0.043962037572725876,-0.23719792874168633,0.2412374725180395
834,27.788071339256334,21.288071339256334,1101.3757641136283,340.24116025410524,55.85696029663086,-29.879899978637695,7.580510551690959,0.8254104289358607,55.89869773693187,-29.65470490268146,-0.041737440301012896,-0.22519507595623622,0.229030207959159
835,27.821390369639136,21.321390369639136,1101.4741784037558,340.45828819068254,55.87501525878906,-29.91891860961914,7.56413793959212,0.8257390928873458,55.92314461103644,-29.659235862979564,-0.04812935224737913,-0.2596827466395766,0.2641052128414485
836,27.85470940002194,21.35470940002194,1103.4630232838701,341.8652430932561,56.23431396484375,-30.168424606323242,7.555938329659423,0.8200679652688515,56.31521855990205,-29.73190247420485,-0.08090459505829983,-0.43652213211839097,0.44395622006086755
837,27.888028430404738,21.388028430404738,1103.3562552780793,342.6471226927253,56.21662521362305,-30.31004524230957,7.555938329659423,0.8070191058573591,56.32349339680315,-29.733436124573068,-0.10686818318010438,-0.5766091177365027,0.5864289242807558
838,27.92134746078754,21.42134746078754,1101.1485857500895,342.69196801527625,55.82084655761719,-30.32355499267578,7.596847877864805,0.8196121594218453,55.9432791963328,-29.662967587788483,-0.12243263871561538,-0.6605874048872984,0.6718373839841036
839,27.954666491170343,21.454666491170343,1097.1999038345955,341.96826541651643,55.111412048339844,-30.2023868560791,7.56959941174018,0.826931927893682,54.85261134288598,-29.828870752504354,0.258800705453865,-0.3735161035747474,0.45441400151522576
840,27.987985521553142,21.487985521553142,1097.0400866738894,341.911279643674,55.0826301574707,-30.19247817993164,7.56413793959212,0.8257390915310546,54.85261134288598,-29.828870752504354,0.2300188145847244,-0.36360742742728647,0.4302545947962104
841,28.021304551935945,21.521304551935945,1097.067437379576,342.42642100192677,55.0885124206543,-30.28554344177246,7.562771955302954,0.8188186837181276,54.85261134288598,-29.828870752504354,0.23590107776831815,-0.4566726892681068,0.5140031747135604
842,28.054623582318747,21.554623582318747,1094.6205596107054,341.9855231143552,54.64891052246094,-30.21182632446289,7.524423715649887,0.819829614339793,54.71679854728592,-29.806143484941998,-0.06788802482498113,-0.40568283952089246,0.4113238993741689
843,28.087942612701546,21.587942612701546,1093.1947040498442,341.97507788161994,54.393192291259766,-30.213424682617188,7.581873340115757,0.8229601036575902,54.46830645008251,-29.76456016905987,-0.07511415882274264,-0.44886451355731793,0.45510601884252844
844,28.12126164308435,21.62126164308435,1093.065493295019,341.86087164750955,54.369815826416016,-30.19309425354004,7.584598182374478,0.8235517369988541,54.44225730665284,-29.760201037434012,-0.07244148023682584,-0.43289321610602727,0.43891263892661153
845,28.15458067346715,21.65458067346715,1092.9254480286738,341.8195937873357,54.3446044921875,-30.185972213745117,7.592766841912027,0.8253266329837654,54.41657339244823,-29.755903024219588,-0.07196890026072822,-0.4300691895255291,0.4360493439782751
846,28.18789970384995,21.68789970384995,1094.4426801395405,342.8229279441838,54.61859893798828,-30.36365509033203,7.566869168400964,0.8636647545071102,54.71202797751098,-29.805345165349056,-0.09342903952269666,-0.558309924982975,0.5660732794971237
847,28.221218734232753,21.721218734232753,1090.064442026357,342.6048845363317,53.83308029174805,-30.3349552154541,7.547729811940535,0.8221605946439156,53.937310522266756,-29.676871439641662,-0.10423023051870928,-0.6580837758124396,0.6662868728569854
848,28.254537764615556,21.754537764615556,1088.4932702801018,342.37771310779675,53.5508918762207,-30.297733306884766,7.536771214782576,0.8292129120729905,53.65627664764244,-29.632360046697055,-0.10538477142173974,-0.6653732601877103,0.6736672215719233
849,28.287856794998355,21.787856794998355,1087.6512390670555,342.6938775510204,53.400508880615234,-30.35695457458496,7.529913992714312,0.7988243245531216,53.51872397495832,-29.610573843618837,-0.11821509434308552,-0.7463807309661235,0.7556844606633574
850,28.321175825381157,21.821175825381157,1086.715815085158,342.74464720194646,53.23286437988281,-30.368425369262695,7.524423715649887,0.8237261105859179,53.02870132041195,-29.644517765308265,0.204163059470865,-0.7239076039544301,0.7521467768431558
851,28.35449485576396,21.85449485576396,1086.7676509903997,342.705310487301,53.242088317871094,-30.361186981201172,7.52854179880903,0.8179856755183447,53.03913666309375,-29.641574694290767,0.202951654777344,-0.7196122869104045,0.7476839022269267
852,28.38781388614676,21.88781388614676,1084.7931943445963,342.5255212077642,52.887664794921875,-30.333513259887695,7.581873340115757,0.8098867631632244,52.862050331972114,-29.69151820497468,0.02561446294976122,-0.6419950549130142,0.642505837518204
853,28.42113291652956,21.92113291652956,1080.3850554165176,341.7745203193898,52.095672607421875,-30.20853042602539,7.602285851272585,0.8436917031938601,52.15682951551687,-29.773376413851633,-0.06115690809499341,-0.4351540121737578,0.4394305197851629
854,28.454451946912364,21.954451946912364,1078.7676099473233,341.39372779615337,51.80486297607422,-30.143646240234375,7.498290001639896,0.8168779472802751,51.86271036742793,-29.73204066327726,-0.057847391353710975,-0.41160557695711475,0.41565066061372824
855,28.487770977295163,21.987770977295163,1079.6269026548673,341.9368731563422,51.960052490234375,-30.23973846435547,7.6402432919208625,0.8329045082661206,52.02813729558038,-29.75528990184206,-0.06808480534600392,-0.4844485625134105,0.48920951589305073
856,28.521090007677966,22.021090007677966,1081.9717106055134,343.8041410858312,52.38420104980469,-30.57158088684082,7.56413793959212,0.7997120859815011,52.44315088762593,-29.813616258480973,-0.05894983782124541,-0.7579646283598471,0.7602535506157353
857,28.554409038060765,22.054409038060765,1081.4633284600388,343.77534113060426,52.29299545288086,-30.567617416381836,7.518929429619227,0.8320319259034118,52.39981927904806,-29.80752639804244,-0.10682382616720076,-0.760091018339395,0.7675608679428745
858,28.587728068443568,22.087728068443568,1078.8179808400885,343.19049373618276,51.81745910644531,-30.468366622924805,7.488638801536112,0.821415056054204,51.9198150552672,-29.74006620377161,-0.10235594882188792,-0.728300419153193,0.7354578443377605
859,28.62104709882637,22.12104709882637,1076.548327820654,343.0330760749724,51.41013717651367,-30.445466995239258,7.498290001639896,0.8263143965469244,51.24165681419824,-29.8327115711062,0.16848036231543517,-0.6127554241330593,0.6354957452968711
860,28.65436612920917,22.15436612920917,1075.5522058823528,342.93284313725485,51.2313117980957,-30.42978286743164,7.4969120194539265,0.8232310013556151,51.24165681419824,-29.8327115711062,-0.010345016102533577,-0.5970712963254421,0.5971609098508588
861,28.68768515959197,22.18768515959197,1072.148214929679,342.2493088111552,50.61949157714844,-30.31454086303711,7.56959941174018,0.8364523090510764,50.68972050261943,-29.762496403760128,-0.07022892547099246,-0.5520444592769813,0.5564936540439835
862,28.721004189974774,22.221004189974774,1072.02813697318,342.1878591954023,50.59782791137695,-30.303728103637695,7.584598182374478,0.8329947696543792,50.66704820691326,-29.75961212344783,-0.06922029553630438,-0.544115980189865,0.5485012754881349
863,28.754323220357573,22.254323220357573,1071.734999396354,342.34842448388264,50.545589447021484,-30.333473205566406,7.553203148273999,0.797401614082674,50.619365491104915,-29.75354611583108,-0.07377604408343075,-0.5799270897353246,0.5846010041810428
864,28.787642250740376,22.287642250740376,1069.7884958913899,341.99368822198403,50.195796966552734,-30.274105072021484,7.605003379813812,0.8213728702992845,50.26257741702843,-29.709879894818126,-0.06678045047569725,-0.5642251772033582,0.5681634264504343
865,28.82096128112318,22.32096128112318,1069.3136615978758,342.0231716147719,50.1107177734375,-30.280595779418945,7.554570862752983,0.8170437797077194,50.17943120912737,-29.700038892602485,-0.06871343568987243,-0.5805568868164599,0.5846091301667516
866,28.854280311505978,22.354280311505978,1069.2872609166366,342.0222543004932,50.10596466064453,-30.28049659729004,7.566869168400964,0.8131562030989218,50.174732183972736,-29.699482726324725,-0.06876752332820502,-0.5810138709653145,0.5850693040305519
867,28.88759934188878,22.38759934188878,1066.422696575012,341.90267727930535,49.59201431274414,-30.265892028808594,7.557305549127712,0.8046466566685112,49.25848688501032,-29.780194401491382,0.33352742773382005,-0.48569762731721156,0.589188195937688
868,28.920918372271583,22.420918372271583,1063.4634645479714,342.4182015167931,49.06236267089844,-30.36634635925293,7.56413793959212,0.803446096870801,49.12543948552187,-29.766210556314064,-0.06307681462343595,-0.6001358029388655,0.6034415187175275
869,28.954237402654382,22.454237402654382,1062.4885450401823,342.20858822118265,48.8870849609375,-30.330835342407227,7.577784239589947,0.7812692061300397,48.94838531703368,-29.74760141333451,-0.061300356096182895,-0.5832339290727155,0.586446544604976
870,28.987556433037184,22.487556433037184,1062.4641666666666,342.4009523809524,48.88310241699219,-30.365671157836914,7.606361779999659,0.8189480736528901,48.948067673802065,-29.747568027685567,-0.0649652568098773,-0.6181031301513471,0.6215078149913051
871,29.020875463419987,22.520875463419987,1063.830381881701,343.3386338995302,49.130027770996094,-30.531850814819336,7.561405724245774,0.8119823927494173,49.20957041882502,-29.775053073721075,-0.07954264782892295,-0.7567977410982607,0.7609663946292675
872,29.054194493802786,22.554194493802786,1062.2850206360768,343.15962612284534,48.8525390625,-30.503276824951172,7.532657630623801,0.8123107251077994,48.93214317408043,-29.745894295320333,-0.07960411158043001,-0.7573825296308385,0.7615544043405681
873,29.08751352418559,22.58751352418559,1060.294434470377,342.60754039497306,48.49441909790039,-30.40833854675293,7.585960236472262,0.8172645413497455,48.56806671073487,-29.70762831706217,-0.07364761283447763,-0.7007102296907597,0.7045699375289115
874,29.12083255456839,22.62083255456839,1060.3154654110829,342.72039116262226,48.498416900634766,-30.42868995666504,7.553203148273999,0.8102216871334459,48.57413648070115,-29.708266275592713,-0.07571958006638368,-0.7204236810723259,0.7243919761118491
875,29.15415158495119,22.65415158495119,1059.9497716894978,342.571377072819,48.43254470825195,-30.40264320373535,7.570964164191861,0.8075578279542782,48.506276308821626,-29.70113388412232,-0.07373160056967265,-0.7015093196130309,0.7053734290618716
876,29.187470615333993,22.687470615333993,1061.7538571941154,343.76055495754093,48.758522033691406,-30.613218307495117,7.588683611263451,0.8178514365397099,48.850582453860866,-29.737321918193942,-0.09206042016946014,-0.8758963893011753,0.88072107148212
877,29.220789645716795,22.720789645716795,1058.3397412646596,343.37286906057307,48.14544677734375,-30.551488876342773,7.547729811940535,0.7873768553775747,48.22991673794333,-29.6742347941727,-0.08446996059957712,-0.8772540821700723,0.8813114653331988
878,29.254108676099595,22.754108676099595,1056.9946062567421,342.92233009708735,47.903289794921875,-30.473331451416016,7.580510551690959,0.8428686439812922,47.98252773856316,-29.65041394288784,-0.07923794364128156,-0.8229175085281746,0.8267235798951891
879,29.287427706482397,22.787427706482397,1055.0359869138495,342.8808917969223,47.55194854736328,-30.47063446044922,7.539512357340851,0.8574311539804976,47.29267416398397,-29.76784049193749,0.25927438337931363,-0.7027939685117275,0.7490944987471115
880,29.3207467368652,22.8207467368652,1053.3650622605362,342.6568486590038,47.25182342529297,-30.434223175048828,7.584598182374478,0.8369538263895075,47.278515457132556,-29.773063914665666,-0.02669203183958757,-0.6611592603831618,0.6616978405240076
881,29.354065767248,22.854065767248,1051.0997869318182,342.2204071969697,46.84463119506836,-30.360858917236328,7.628063284242008,0.8330178461928868,46.89611350485228,-29.741288762768338,-0.05148230978392121,-0.6195701544679899,0.6217054001118025
882,29.3873847976308,22.8873847976308,1051.481243301179,342.5940216744075,46.91382598876953,-30.42747688293457,7.605003379813812,0.8346853438770032,46.97033138394018,-29.747455792950724,-0.05650539517064601,-0.6800210899838461,0.6823646697376771
883,29.4207038280136,22.9207038280136,1051.2911407621107,342.60355811996635,46.8797607421875,-30.429664611816406,7.56959941174018,0.8364523104328505,46.93668026924793,-29.744659600947823,-0.05691952706042969,-0.6850050108685828,0.6873657668780503
884,29.454022858396403,22.954022858396403,1050.1970077797725,342.49443447037703,46.683311462402344,-30.41261863708496,7.585960236472262,0.8305104274796887,46.74017138265363,-29.728330971652195,-0.05685992025128428,-0.6842876654327661,0.6866459492303203
885,29.487341888779206,22.987341888779206,1046.0733021918793,342.168762726075,45.94304656982422,-30.363834381103516,7.583235883632932,0.8434748062567191,45.99455115612495,-29.670756461334268,-0.05150458630073018,-0.693077919769248,0.6949890109071348
886,29.520660919162005,23.020660919162005,1045.1037010334053,342.09192501802454,45.76900863647461,-30.352313995361328,7.570964164191861,0.8205935810512682,45.82061764027913,-29.6578309683674,-0.05160900380452205,-0.6944830269939288,0.6963979925705884
887,29.553979949544807,23.053979949544807,1044.8688327316486,342.1206979542719,45.726924896240234,-30.35809326171875,7.5655036772469435,0.7973752925145187,45.30281470644846,-29.811153873827475,0.42411018979177584,-0.5469393878912747,0.6921070344333298
888,29.58729897992761,23.08729897992761,1044.923499224251,342.0064446831364,45.73649215698242,-30.33730125427246,7.596847877864805,0.8234698296606786,45.30281470644846,-29.811153873827475,0.43367745053396334,-0.5261473804449857,0.6818410350299832
889,29.62061801031041,23.12061801031041,1045.162293488824,343.0369290573372,45.78152084350586,-30.523027420043945,7.529913992714312,0.8210264458935738,45.30281470644846,-29.811153873827475,0.47870613705740084,-0.71187354621647,0.8578598437152958
890,29.65393704069321,23.15393704069321,1045.4731807724907,343.70771279815955,45.838680267333984,-30.643537521362305,7.542252503663317,0.8304194773247882,45.91142941872457,-29.66457944923319,-0.0727491513905889,-0.9789580721291138,0.9816574484079474
891,29.687256071076014,23.187256071076014,1042.5591596019167,343.4822459761641,45.315608978271484,-30.609912872314453,7.487259043108643,0.7961359774036495,45.30281470644846,-29.811153873827475,0.012794271823025838,-0.7987589984869778,0.7988614592377087
892,29.720575101458813,23.220575101458813,1041.682320106783,343.59131173401283,45.15858840942383,-30.631778717041016,7.534029074901095,0.8153191125502606,45.2091304353097,-29.80542389833774,-0.050542025885874864,-0.8263548187032761,0.8278990172567985
893,29.753894131841616,23.253894131841616,1041.2275853598624,343.5647261115205,45.076961517333984,-30.62808609008789,7.488638801536112,0.8253416038648637,45.12758275144656,-29.800436228325466,-0.05062123411257602,-0.8276498617624242,0.8291964803461481
894,29.78721316222442,23.28721316222442,1041.3046228710461,343.5201946472019,45.09067916870117,-30.619848251342773,7.524423715649887,0.8332483427014427,45.14074730816771,-29.801241407107653,-0.05006813946653921,-0.81860684423512,0.8201365642490419
895,29.820532192607217,23.320532192607217,1041.1684914841849,343.5352798053528,45.06629943847656,-30.622907638549805,7.524423715649887,0.797659858902207,45.11664486210424,-29.799767238354374,-0.050345423627675245,-0.823140400195431,0.8246785920066947
896,29.85385122299002,23.35385122299002,1034.8939886760631,342.89591615468015,43.939632415771484,-30.52267837524414,7.561405724245774,0.7814789939168701,43.98091250232144,-29.73500740130305,-0.04128008654995341,-0.7876709739410899,0.788751931049856
897,29.887170253372823,23.387170253372823,1032.2054927694737,342.6552436505043,43.4569091796875,-30.48575210571289,7.52854179880903,0.7922030523103133,43.49071639508024,-29.711439570512137,-0.03380721539274134,-0.7743125352007532,0.7750502112648113
898,29.92048928375562,23.42048928375562,1031.4610829103215,342.602973168963,43.32328796386719,-30.478124618530273,7.549098518056046,0.8158605157255214,43.35701702413835,-29.70560212991054,-0.03372906027116329,-0.7725224886197317,0.7732584593329705
899,29.953808314138424,23.453808314138424,1030.7462217386046,342.68782493047996,43.19526672363281,-30.49521827697754,7.547729811940535,0.8182871404747223,43.22998426888798,-29.700055760036044,-0.03471754525516957,-0.7951625169414953,0.7959200564738136
900,29.987127344521227,23.487127344521227,1028.4616324535677,342.5274926686217,42.78517532348633,-30.471824645996094,7.507928795447745,0.812387159234425,42.81272096046139,-29.683020808739027,-0.027545636975062848,-0.7888038372570669,0.7892846481389558
901,30.020446374904026,23.520446374904026,1027.3009779065555,342.4912471326814,42.576927185058594,-30.46811294555664,7.553203148273999,0.810221684493149,42.60459700546588,-29.675752960080917,-0.02766982040728294,-0.7923599854757235,0.7928429639874848
902,30.05376540528683,23.55376540528683,1027.2843664158604,342.3107607786934,42.57355499267578,-30.435522079467773,7.594127430909941,0.8060658850062203,42.600092208381334,-29.67559564910032,-0.02653721570555234,-0.7599264303674538,0.7603896391906084
903,30.08708443566963,23.58708443566963,1027.4072474202062,342.3647708183345,42.595699310302734,-30.44498634338379,7.576420715649159,0.808722296214032,42.622539651624585,-29.676379531091495,-0.026840341321850758,-0.768606812292294,0.7690753121927625
904,30.12040346605243,23.62040346605243,1024.3740185581728,342.2353081132524,42.0513916015625,-30.42901039123535,7.609077852851801,0.8195330418950799,42.071582936676336,-29.657934412087773,-0.020191335113835862,-0.7710759791475787,0.771340298203119
905,30.153722496435233,23.653722496435233,1024.0173661360348,342.1798118668596,41.9872932434082,-30.419845581054688,7.557305549127712,0.8046466631976961,42.00728867625582,-29.65625080762705,-0.01999543284761529,-0.7635947734276378,0.7638565279820347
906,30.18704152681803,23.68704152681803,1019.9542624521072,342.0457375478927,41.25825119018555,-30.40555763244629,7.584598182374478,0.8235517396933769,41.271650603701715,-29.637905746230885,-0.013399413516168579,-0.767651886215404,0.7677688211256335
907,30.220360557200834,23.720360557200834,1019.9753395282345,342.0864903502502,41.26211929321289,-30.412872314453125,7.603644736948159,0.8276931609636473,41.275645167917425,-29.63797547160863,-0.013525874704534147,-0.7748968428444947,0.7750148813647956
908,30.253679587583637,23.753679587583637,1020.0863755666904,342.17131949415415,41.28221893310547,-30.427940368652344,7.598207736083495,0.8042839606067975,41.296001619485146,-29.638330794792452,-0.0137826863796775,-0.7896095738598916,0.7897298535417286
909,30.286998617966436,23.786998617966436,1020.1396882494004,342.1749400479616,41.29179382324219,-30.42845916748047,7.579147518226432,0.8262547331780175,41.30558264614868,-29.638498032234946,-0.013788822906491305,-0.7899611352455231,0.7900814684800184
910,30.32031764834924,23.82031764834924,1020.1163870046412,342.0849696536951,41.28741455078125,-30.412250518798828,7.6077199376356965,0.8352817634439968,41.30092187071436,-29.638416678097123,-0.013507319933111717,-0.7738338407017054,0.7739517172969692
911,30.35363667873204,23.85363667873204,1020.0619765494137,342.20818377602296,41.277923583984375,-30.43466567993164,7.587322046058042,0.8241433703420539,41.29182493365877,-29.638257890470168,-0.013901349674398489,-0.7964077894614725,0.7965291047021942
912,30.38695570911484,23.88695570911484,1020.0712495524525,342.18188327962764,41.2795295715332,-30.429885864257812,7.596847877864805,0.8234698296606786,41.29334702546482,-29.638284458681472,-0.013817453931615375,-0.7916014055763405,0.7917219886700068
913,30.420274739497643,23.920274739497643,1015.4106367583213,342.1424264351182,40.443511962890625,-30.434165954589844,7.557305549127712,0.7795807394090364,40.45057520140401,-29.6247989877998,-0.007063238513381975,-0.8093669667900443,0.8093977861776085
914,30.453593769880445,23.953593769880445,1009.3397880891487,342.067592254293,39.35445022583008,-30.435504913330078,7.520303377447894,0.8031788289911276,39.35445022583008,-29.619164866710445,0.0,-0.8163400466196329,0.8163400466196329
915,30.486912800263244,23.986912800263244,1009.2388546574846,341.98211912528694,39.33614730834961,-30.42029571533203,7.550466976060227,0.8096347799770368,39.33614730834961,-29.619164866710445,0.0,-0.801130848621586,0.801130848621586
916,30.520231830646047,24.020231830646047,1009.6785329018338,341.91118302768785,39.41485595703125,-30.406394958496094,7.580510551690959,0.8199318336007467,39.41485595703125,-29.619164866710445,0.0,-0.7872300917856485,0.7872300917856485
917,30.55355086102885,24.05355086102885,1009.0098738995955,341.913871044492,39.29492950439453,-30.408517837524414,7.609077852851801,0.8327934410651655,39.29492950439453,-29.619164866710445,0.0,-0.7893529708139688,0.7893529708139688
918,30.58686989141165,24.08686989141165,1007.5459110473457,341.8523433763749,39.03219985961914,-30.40097999572754,7.590044932220003,0.828632447357945,39.03219985961914,-29.619164866710445,0.0,-0.7818151290170938,0.7818151290170938
919,30.62018892179445,24.12018892179445,1007.404556354916,341.9538369304556,39.007076263427734,-30.419673919677734,7.579147518226432,0.8130984511685818,39.00009176402344,-29.619329561110693,0.006984499404296685,-0.8003443585670418,0.8003748343882497
920,30.653507952177254,24.153507952177254,1007.4616216216216,342.02054054054054,39.01746368408203,-30.431596755981445,7.5723286706757165,0.8051870418261008,39.01037435255797,-29.619239826320005,0.00708933152406388,-0.8123569296614406,0.8123878629019643
921,30.686826982560053,24.186826982560053,1007.459209120057,341.8228238926493,39.01658630371094,-30.395851135253906,7.615863797171021,0.8144720829073019,39.00980896255216,-29.619244760403834,0.006777341158780814,-0.776606374850072,0.7766359467671794
922,30.720146012942855,24.220146012942855,1001.8171659533998,341.750951022349,38.00440216064453,-30.39667510986328,7.611792956543152,0.8201180008064552,37.99102411654228,-29.630247476551272,0.013378044102253739,-0.7664276333120092,0.7665443817341886
923,30.753465043325658,24.253465043325658,1000.8705853894533,342.0354378326076,37.83527755737305,-30.45043182373047,7.5463608575786925,0.8152688917366906,37.82101298521098,-29.633215031887183,0.014264572162069555,-0.8172167918432862,0.8173412768786366
924,30.786784073708457,24.286784073708457,1001.0184309445858,341.96180429247,37.86162567138672,-30.43675422668457,7.536771214782576,0.7939359088011091,37.847591744571574,-29.63275109791683,0.014033926815145037,-0.8040031287677394,0.8041256009916404
925,30.82010310409126,24.32010310409126,1000.8321167883212,341.97919708029195,37.82823944091797,-30.44035530090332,7.524423715649887,0.8105358357614414,37.81415284525868,-29.63333477607547,0.01408659565928616,-0.8070205248278519,0.8071434566857925
926,30.853422134474062,24.353422134474062,996.9578781257586,341.91794124787566,37.1331787109375,-30.438770294189453,7.532657630623801,0.7994065606204939,37.11248485826987,-29.648503943893083,0.0206938526676268,-0.7902663502963705,0.7905372476670376
927,30.88674116485686,24.38674116485686,996.0829059829059,341.91709401709403,36.97622299194336,-30.440759658813477,7.510680464514091,0.8302072917328637,36.95558463280475,-29.6526125208913,0.020638359138608564,-0.7881471379221772,0.7884173088427558
928,30.920060195239664,24.420060195239664,996.1313168124392,341.9432701652089,36.98496627807617,-30.445375442504883,7.529913992714312,0.8623504187755344,36.96420114202603,-29.652386889656633,0.020765136050144406,-0.7929885528482501,0.7932603833695105
929,30.953379225622466,24.453379225622466,996.2515173585821,341.9204904102937,37.0064811706543,-30.440963745117188,7.532657630623801,0.8216248670776369,36.9858167370986,-29.651820865379392,0.020664433555694472,-0.7891428797377955,0.7894133919911914
930,30.986698256005266,24.486698256005266,996.1266375545852,341.9438379427462,36.984134674072266,-30.445491790771484,7.535400269575277,0.8356811887363215,36.963367063265416,-29.65240873077764,0.020767610806849746,-0.7930830599938439,0.7933549229114444
931,31.020017286388068,24.520017286388068,996.1058908565233,341.9765088543549,36.980491638183594,-30.451446533203125,7.561405724245774,0.8251426760633028,36.959570700134115,-29.652508142044844,0.020920938049478366,-0.7989383911582806,0.7992122612394357
932,31.053336316770867,24.553336316770867,993.578797580932,342.048381358947,36.52736282348633,-30.470630645751953,7.621288202272667,0.7902654728099285,36.499263722032566,-29.665977659499816,0.028099101453761932,-0.8046529862521368,0.8051434578924368
933,31.08665534715367,24.58665534715367,990.9175704989154,342.2067968185105,36.05037307739258,-30.50579261779785,7.5600392462868,0.7925380288373435,36.02162854987294,-29.682657047247954,0.028744527519634744,-0.8231355705498977,0.8236373081440839
934,31.119974377536472,24.619974377536472,990.9763113367173,342.0852066715011,36.060630798339844,-30.483665466308594,7.549098518056046,0.7902457989928258,36.03264553320482,-29.68227232571253,0.02798526513502253,-0.8013931405960655,0.8018816252160307
935,31.15329340791927,24.65329340791927,990.6759956942949,342.13598851811986,36.00688552856445,-30.493581771850586,7.588683611263451,0.8086689317367001,35.97861986056381,-29.68415894377346,0.028265668000642563,-0.8094228280771247,0.8099162071473154
936,31.186612438302074,24.686612438302074,989.3054050800529,342.1261586613699,35.761009216308594,-30.495162963867188,7.56413793959212,0.803446096870801,35.72604227857329,-29.694288420030723,0.03496693773530524,-0.8008745438364642,0.801637525132057
937,31.219931468684877,24.719931468684877,988.0724375226367,342.19896172884216,35.540016174316406,-30.511348724365234,7.553203148273999,0.7974016127937343,35.50476436821423,-29.703949622241822,0.035251806102174044,-0.8073991021234121,0.8081682992688821
938,31.253250499067676,24.753250499067676,987.9575317604356,342.2469449485783,35.51951599121094,-30.52030372619629,7.544991654835394,0.7956687614446927,35.48391294988376,-29.70486001482711,0.035603041327178175,-0.8154437113691806,0.8162205724945238
939,31.286569529450478,24.786569529450478,987.7460717284393,342.20570948782535,35.48149490356445,-30.51336669921875,7.577784239589947,0.7812692061300397,35.446266503965305,-29.706503694153064,0.035228399599148474,-0.8068630050656864,0.8076316914794436
940,31.31988855983328,24.81988855983328,987.6798118668596,342.20851423058366,35.469608306884766,-30.5140380859375,7.557305549127712,0.7831777453607697,35.43437326572606,-29.707022964148823,0.03523504115870679,-0.8070151217886767,0.8077839531217791
941,31.35320759021608,24.85320759021608,987.8368357487922,342.17512077294685,35.49769973754883,-30.507610321044922,7.55183518608796,0.8034821949426669,35.462691356514476,-29.70578656960363,0.035008381034352,-0.8018237514412903,0.8025876370328853
942,31.386526620598882,24.886526620598882,986.391885497989,342.12053465814995,35.23838424682617,-30.501283645629883,7.6307716327329,0.8111926287213745,35.204144955705125,-29.717074949248566,0.03423929112104673,-0.7842086963813166,0.7849558003713049
943,31.419845650981685,24.919845650981685,980.6733909702208,342.15009606147936,34.212677001953125,-30.520631790161133,7.573692931324687,0.8119285213773442,34.30565697800835,-29.7631694166277,-0.09297997605522568,-0.757462373533432,0.7631477728894521
944,31.453164681364484,24.953164681364484,978.3050077686147,342.3703836500538,33.788360595703125,-30.566267013549805,7.591406009059102,0.784080539536411,34.14397712125305,-29.697024440855824,-0.3556165255499266,-0.869242572693981,0.9391729145518691
945,31.486483711747287,24.986483711747287,977.3365637712371,342.1078009093084,33.614009857177734,-30.521156311035156,7.587322046058042,0.8148533346101228,33.55498987782131,-29.620685435353895,0.059019979356421004,-0.9004708756812612,0.902402989752034
946,31.51980274213009,25.01980274213009,975.2562243171379,342.4598743050519,33.24168395996094,-30.589914321899414,7.549098518056046,0.781477648952606,33.17976926976555,-29.645278693325512,0.06191469019538687,-0.9446356285739022,0.9466625056656686
947,31.55312177251289,25.05312177251289,974.9701818181818,342.4598787878788,33.19036865234375,-30.590614318847656,7.538141910659106,0.8005710301681315,33.12862778296541,-29.648630683463914,0.061740869378340335,-0.9419836353837425,0.9440048221711396
948,31.58644080289569,25.08644080289569,974.4922354640664,342.5095702419646,33.10476303100586,-30.60077476501465,7.56413793959212,0.7908039593924648,33.03451788840378,-29.655512200933913,0.07024514260208292,-0.9452625640807355,0.9478690284589288
949,31.619759833278493,25.119759833278493,971.6516636418631,342.69134906231096,32.59565353393555,-30.640596389770508,7.544991654835394,0.8215641764684797,32.52526145002056,-29.69335649149888,0.07039208391498875,-0.9472398982716292,0.949851814945648
950,31.653078863661293,25.153078863661293,971.8605601634811,342.58107945666546,32.63285446166992,-30.620149612426758,7.56959941174018,0.8137431102639373,32.56376918077762,-29.690494872789856,0.06908528089230259,-0.9296547396369021,0.9322181670431684
951,31.686397894044095,25.186397894044095,971.5946271533548,342.6155884833152,32.585235595703125,-30.62704086303711,7.561405724245774,0.8119823980414862,32.51590254502866,-29.69405197827762,0.06933305067446582,-0.9329888847594887,0.9355615057282887
952,31.719716924426898,25.219716924426898,971.7650828194896,342.7064442026357,32.61603546142578,-30.643051147460938,7.547729811940535,0.8090478728244528,32.545350020428195,-29.691863652845814,0.07068544099758611,-0.9511874946151231,0.9538102963803745
953,31.753035954809697,25.253035954809697,971.6361350574713,342.58441091954023,32.59260177612305,-30.621299743652344,7.584598182374478,0.8014053494378398,32.5236525656202,-29.69347605226266,0.06894921050284353,-0.9278236913896833,0.9303820698685803
954,31.7863549851925,25.2863549851925,971.7021632604277,342.58467790127884,32.60445022583008,-30.62118911743164,7.591406009059102,0.7965157985882204,32.53544411863024,-29.6925997885089,0.06900610719984002,-0.9285893289227403,0.9311498185684519
955,31.8196740155753,25.3196740155753,971.8652147610404,342.7765275257108,32.63417053222656,-30.655475616455078,7.544991654835394,0.8046824598758685,32.56246726545836,-29.690591621810427,0.07170326676820338,-0.9648839946446515,0.9675445631011793
956,31.8529930459581,25.3529930459581,971.7524119633381,342.7203328509407,32.613800048828125,-30.645591735839844,7.557305549127712,0.830941229802729,32.54293912343314,-29.692042813440608,0.07086092539498168,-0.9535489223992357,0.9561782355589239
957,31.886312076340904,25.386312076340904,971.8079605579605,342.6017316017316,32.623477935791016,-30.624013900756836,7.56823441318761,0.806975594480627,32.55415856232818,-29.69120906510967,0.06931937346283235,-0.9328048356471648,0.9353769491194519
958,31.919631106723703,25.419631106723703,971.6934642900447,342.58954771432036,32.602909088134766,-30.622087478637695,7.536771214782576,0.8197749219539273,32.53384505184802,-29.692718619697626,0.06906403628674695,-0.9293688589400695,0.9319314980596932
959,31.952950137106505,25.452950137106505,965.3965781710914,343.12318584070795,31.474658966064453,-30.7340030670166,7.6402432919208625,0.7768857358565371,31.54541728700887,-29.773063914665666,-0.07075832094441736,-0.9609391523509352,0.9635407591294761
960,31.986269167489308,25.486269167489308,963.2113791423001,343.3095760233918,31.083120346069336,-30.773054122924805,7.518929429619227,0.8280735407684158,31.463222985206187,-29.742740835823213,-0.38010263913685094,-1.0303132871015919,1.0981910060899636
961,32.01958819787211,25.51958819787211,958.8005594065426,343.5225586768819,30.29241371154785,-30.822368621826172,7.525796660413736,0.8097144768034329,30.176130613527263,-29.716008847392168,0.11628309802058823,-1.1063597744340044,1.1124539133694153
962,32.05290722825491,25.55290722825491,958.8638980766874,343.60896729143695,30.303991317749023,-30.837841033935547,7.498290001639896,0.8168779459340378,30.18597327281046,-29.71497434221523,0.11801804493856238,-1.1228666917203185,1.1290517553708745
963,32.08622625863771,25.58622625863771,959.0375243664716,343.6017300194932,30.33512306213379,-30.836101531982422,7.518929429619227,0.8320319190030461,30.21694569693728,-29.711719009263053,0.11817736519650879,-1.124382522719369,1.1305759359908387
964,32.119545289020515,25.619545289020515,958.8250426725189,343.65801024140455,30.29714012145996,-30.8468017578125,7.516180780494436,0.8087609371245931,30.178265414433675,-29.715784470775457,0.11887470702628633,-1.131017287037043,1.1372472464452128
965,32.152864319403314,25.652864319403314,957.1713201077638,342.8163115356356,29.99839973449707,-30.698665618896484,7.4996677306366655,0.8144438777076941,29.898188742133833,-29.745221715233285,0.1002109923632375,-0.9534439036631994,0.9586957392327063
966,32.18618334978611,25.686183349786113,954.99003524122,342.17499088589136,29.605501174926758,-30.588045120239258,7.52854179880903,0.8011774869965586,29.565445859131113,-29.780194401491382,0.040055315795644475,-0.8078507187478756,0.8088431319513989
967,32.21950238016892,25.71950238016892,955.0071178670527,342.08915430088064,29.608352661132812,-30.572481155395508,7.555938329659423,0.7979792346371277,29.565445859131113,-29.780194401491382,0.04290680200169916,-0.7922867539041256,0.7934477261105167
968,32.25282141055172,25.752821410551718,954.9141961918534,342.0974933718968,29.591697692871094,-30.574220657348633,7.5600392462868,0.7925380262853225,29.565445859131113,-29.780194401491382,0.026251833739980412,-0.7940262558572506,0.7944601020601322
969,32.28614044093452,25.786140440934517,954.6798561151079,342.11282973621104,29.549701690673828,-30.577564239501953,7.579147518226432,0.7877113345213558,29.565445859131113,-29.780194401491382,-0.015744168457285213,-0.7973698380105709,0.7975252581639126
970,32.31945947131732,25.819459471317323,953.2157721796276,341.6839479128636,29.285974502563477,-30.503602981567383,7.523050520325806,0.7910478163608997,29.535042034205105,-29.769873693634512,-0.24906753164162865,-0.7337292879328707,0.7748505038318882
971,32.35277850170012,25.852778501700122,953.1682680463167,341.5490268539049,29.277118682861328,-30.47932243347168,7.477593605551959,0.771765422007838,29.519710696705243,-29.764669405826112,-0.2425920138439146,-0.7146530276455678,0.754705131229292
972,32.38609753208292,25.88609753208292,952.8505364409915,341.2932544086817,29.21947479248047,-30.43384552001953,7.473447448534798,0.8022597614978562,29.45418046961428,-29.742424891155796,-0.2347056771338103,-0.6914206288637352,0.7301706929870326
973,32.41941656246573,25.919416562465727,950.8987451857372,340.87812150577713,28.8682861328125,-30.363557815551758,7.44574739974501,0.8054698720018793,28.787746831490434,-29.683084694502654,0.08053930132206588,-0.6804731210491042,0.6852227721900049
974,32.452735592848526,25.952735592848526,943.3643738977072,341.4238683127572,27.517995834350586,-30.48069953918457,7.653753900690992,0.7560150954544693,27.41139139965635,-29.670958465921114,0.10660443469423697,-0.8097410732634565,0.8167282970647779
975,32.486054623231325,25.986054623231325,940.2261904761904,342.04166666666663,26.956579208374023,-30.600101470947266,7.529913992714312,0.786234397732077,26.965392083755475,-29.70135839840702,-0.00881287538145159,-0.8987430725402454,0.8987862800530334
976,32.51937365361413,26.01937365361413,939.7591320072332,342.03520192887277,26.872774124145508,-30.60007667541504,7.558672521292121,0.811395493525374,26.881594813770622,-29.70053670094949,-0.008820689625114397,-0.8995399744655508,0.8995832202897887
977,32.55269268399693,26.05269268399693,939.747247428917,342.00399274047186,26.870559692382812,-30.594465255737305,7.544991654835394,0.8349885385486705,26.87932557586491,-29.700514449305512,-0.008765883482098502,-0.8939508064317927,0.8939937835540437
978,32.58601171437973,26.08601171437973,939.7319908905669,341.8878101402373,26.867525100708008,-30.57349395751953,7.580510551690959,0.816090729654273,26.87608565581661,-29.700482679367582,-0.008560555108601875,-0.8730112781519495,0.8730532485961369
979,32.619330744762536,26.119330744762536,939.8680985317316,342.0310641912389,26.892309188842773,-30.599063873291016,7.534029074901095,0.8061133515669081,26.901118069929428,-29.700728141672453,-0.008808881086654452,-0.8983357316185625,0.8983789195482365
980,32.652649775145335,26.152649775145335,939.9694333695783,342.06125407756434,26.91056251525879,-30.604272842407227,7.550466976060227,0.7879480391682004,26.919420714482655,-29.700907613348537,-0.008858199223865881,-0.9033652290586893,0.9034086587839126
981,32.685968805528134,26.185968805528134,935.819068255688,340.62838569880824,26.162294387817383,-30.355335235595703,7.56413793959212,0.8163938268279337,26.168783736255385,-29.693547033503254,-0.006489348438002196,-0.661788202092449,0.6618200178839455
982,32.71928783591094,26.21928783591094,934.5426719481454,340.3812267434882,25.932653427124023,-30.313764572143555,7.5750569462716,0.8187524931016649,25.929542121248804,-29.691679952322133,0.003111305875219017,-0.6220846198214218,0.6220924002450215
983,32.75260686629374,26.25260686629374,934.4637318062514,340.3243855881651,25.91834831237793,-30.30367660522461,7.598207736083495,0.8171931889115437,25.915287817212654,-29.691751244070044,0.003060495165275512,-0.6119253611545652,0.6119330145161329
984,32.78592589667654,26.285925896676538,934.32315247335,340.4901185770751,25.893556594848633,-30.333993911743164,7.583235883632932,0.80750830045818,25.890345094050733,-29.6918759930811,0.003211500797899447,-0.6421179186620627,0.6421259496424937
985,32.819244927059344,26.319244927059344,928.2380087209302,341.3825096899225,24.804140090942383,-30.51027488708496,7.540882554963675,0.7797775512959608,24.800074207360264,-29.697328894675607,0.004065883582118346,-0.8129459924093538,0.8129561599395951
986,32.85256395744214,26.352563957442143,927.3223334569274,341.68186874304786,24.640634536743164,-30.566650390625,7.465148226154038,0.7789178401511201,24.756069361593845,-29.697548981350007,-0.11543482485068068,-0.8691014092749931,0.8767339724181369
987,32.88588298782494,26.385882987824942,926.7333333333333,341.2076543209876,24.53372573852539,-30.48233985900879,7.469298990014461,0.7823561775997759,24.741363289619596,-29.69367719571457,-0.207637551094205,-0.7886626632942182,0.8155379507409376
988,32.91920201820775,26.41920201820775,925.0193812896011,341.2304634116039,24.226287841796875,-30.49066734313965,7.44574739974501,0.7712816386098108,24.078464716283456,-29.63038742670996,0.14782312551341903,-0.8602799164296897,0.8728878570863671
989,32.95252104859055,26.452521048590548,924.503793441018,340.92180616740086,24.13296890258789,-30.436113357543945,7.5024224296205215,0.7805038263200356,23.996927341972608,-29.644398110077773,0.13604156061528272,-0.791715247466172,0.8033183299819964
990,32.98584007897335,26.485840078973347,924.0155888442333,340.7107538667641,24.04482078552246,-30.39914321899414,7.520303377447894,0.7694616110751777,23.917477690103507,-29.6580500571196,0.12734309541895428,-0.7410931618745416,0.7519543460397622
991,33.019159109356146,26.519159109356146,922.5481589856132,340.2654230675445,23.78037452697754,-30.322200775146484,7.516180780494436,0.7711192986773897,23.673457510858057,-29.699980392694687,0.1069170161194819,-0.6222203824517969,0.6313394116276553
992,33.05247813973895,26.55247813973895,920.790606172384,339.9639739333579,23.4642391204834,-30.271989822387695,7.484498763183275,0.7955490702940983,23.548415978516772,-29.721466457609917,-0.08417685803337349,-0.5505233647777779,0.5569216449327652
993,33.08579717012175,26.58579717012175,920.5407704459836,339.9756957102928,23.419448852539062,-30.27472686767578,7.52854179880903,0.8049395438481377,23.548415978516772,-29.721466457609917,-0.12896712597770943,-0.5532604100658638,0.5680929509589061
994,33.11911620050455,26.61911620050455,920.5028788435623,340.0576993752297,23.412864685058594,-30.289648056030273,7.498290001639896,0.7858492558588054,23.548415978516772,-29.721466457609917,-0.13555129345817818,-0.568181598420356,0.584127111116832
995,33.152435230887356,26.652435230887356,920.5339936414771,340.13230618733184,23.41864585876465,-30.30306053161621,7.505176117520045,0.7935842245866485,23.548415978516772,-29.721466457609917,-0.1297701197521235,-0.5815940740062935,0.5958959228755626
996,33.185754261270155,26.685754261270155,920.4760858955588,340.1336017569546,23.40825843811035,-30.30344009399414,7.513431125827519,0.770555201397734,23.548415978516772,-29.721466457609917,-0.14015754040642037,-0.5819736363842232,0.5986129380317915
997,33.219073291652954,26.719073291652954,918.0750244379276,339.4076246334311,22.975536346435547,-30.178030014038086,7.507928795447745,0.7816499406024437,22.88009437613533,-29.663071224132363,0.09544197030021806,-0.5149587899057231,0.5237286749796638
998,33.25239232203576,26.75239232203576,913.5932777173256,340.0710917664128,22.173175811767578,-30.308996200561523,7.547729811940535,0.7750842778592256,22.29872286753588,-29.754158049886406,-0.12554705576830116,-0.554838150675117,0.5688650425686859
999,33.28571135241856,26.78571135241856,912.2377802278575,340.2627710400588,21.93048667907715,-30.346975326538086,7.498290001639896,0.761463848126882,22.076029698861653,-29.703767730416224,-0.14554301978450468,-0.6432075961218615,0.6594685605219225
1000,33.31903038280136,26.81903038280136,912.1244166052567,340.28236305576024,21.910192489624023,-30.35079574584961,7.488638801536112,0.7776385418660366,22.05754635221003,-29.699585376066523,-0.14735386258600514,-0.6512103697830867,0.6676736527166844
1001,33.352349413184164,26.852349413184164,911.9322533136966,340.3576337751595,21.875919342041016,-30.36488151550293,7.491397556023336,0.7746174745651472,22.027974599161556,-29.692893971510752,-0.1520552571205407,-0.6719875439921772,0.6889760957381845
1002,33.38566844356696,26.885668443566964,910.9068806224167,340.0088743009968,21.69100570678711,-30.304323196411133,7.527169354754457,0.764861512483047,21.656427167687752,-29.68129689838252,0.03457853909935693,-0.6230262980286128,0.6239851307535169
1003,33.41898747394976,26.918987473949763,907.8239755351681,339.634373088685,21.136852264404297,-30.244144439697266,7.503799399886245,0.7660880124880742,21.107305191948967,-29.71177367884665,0.029547072455329726,-0.5323707608506147,0.533190075394641
1004,33.45230650433257,26.95230650433257,907.6306666666666,339.58642424242424,21.102039337158203,-30.235946655273438,7.538141910659106,0.8134939917535488,21.073052758957743,-29.71367472074036,0.02898657820045969,-0.5222719345330766,0.5230757070603582
1005,33.48562553471537,26.985625534715368,907.278144078144,339.4871794871795,21.038516998291016,-30.218862533569336,7.510680464514091,0.803788169120079,21.01067076332074,-29.71713697952792,0.027846234970276385,-0.5017255540414176,0.5024977058456956
1006,33.51894456509817,27.018944565098167,905.4071621290163,339.2986264410105,20.702301025390625,-30.189342498779297,7.494155294955702,0.787571885450441,20.70154127537827,-29.734293953670754,0.0007597500123566192,-0.45504854510854287,0.4550491793482138
1007,33.55226359548097,27.052263595480973,902.6784456587734,339.0052216150577,20.21189308166504,-30.142963409423828,7.531285936607034,0.7717106780306375,20.17473633730878,-29.656724406135172,0.03715674435625971,-0.4862390032886559,0.48765663326802183
1008,33.58558262586377,27.085582625863772,900.8950458715597,338.73565749235473,19.891151428222656,-30.09857940673828,7.503799399886245,0.7782379159785001,19.859228766346956,-29.680834430377168,0.0319226618757007,-0.41774497636111363,0.41896291198169044
1009,33.61890165624657,27.11890165624657,898.0149145143689,338.492057717958,19.373689651489258,-30.06157684326172,7.536771214782576,0.785092122738981,19.34758236029898,-29.71993272274315,0.02610729119027866,-0.34164412051856985,0.3426401840680703
1010,33.65222068662938,27.152220686629377,897.8339906776622,338.4150830644197,19.34101676940918,-30.048093795776367,7.591406009059102,0.784080539536411,19.316123511199297,-29.722336701868297,0.02489325820988242,-0.32575709390807006,0.32670683882608736
1011,33.685539717012176,27.185539717012176,897.9631375392796,338.4950447183949,19.364410400390625,-30.062244415283203,7.549098518056046,0.781477648952606,19.338306263374065,-29.720641570778234,0.026104137016560003,-0.341602844504969,0.3425987877142378
1012,33.718858747394975,27.218858747394975,897.2450132179764,338.3049747656813,19.235029220581055,-30.02962303161621,7.570964164191861,0.7737876862246434,19.21215456261985,-29.730281658190655,0.02287465796120358,-0.29934137342555545,0.3002141033015269
1013,33.75217777777778,27.25217777777778,897.2968562514998,338.20974322054235,19.244077682495117,-30.01227378845215,7.576420715649159,0.7996781827364651,19.222468566536353,-29.729493496804544,0.021609115958764136,-0.28278029164760454,0.28360473768402317
1014,33.78549680816058,27.28549680816058,895.2057225642883,338.0243872992877,18.86833953857422,-29.983869552612305,7.553203148273999,0.7762088082493845,18.91418828913951,-29.717045541364225,-0.04584875056529114,-0.26682401124807953,0.27073448414805523
1015,33.81881583854338,27.31881583854338,895.3119980822246,338.0274481601342,18.887414932250977,-29.984161376953125,7.580510551690959,0.8031777938297416,18.932765321230534,-29.720237659294696,-0.04535038897955701,-0.2639237176584288,0.2677916849404462
1016,33.852134868926186,27.352134868926186,894.716401734104,338.16269267822736,18.780916213989258,-30.01008415222168,7.562771955302954,0.7843111429662122,18.833647506906367,-29.70320610383509,-0.052731292917108874,-0.30687804838659005,0.31137553827215175
1017,33.885453899308985,27.385453899308985,892.1119630035292,337.96677619569186,18.313024520874023,-29.98102569580078,7.523050520325806,0.75809532660048,18.370844180790204,-29.62599966993989,-0.057819659916180655,-0.3550260258608908,0.3597034780362858
1018,33.918772929691784,27.418772929691784,889.8356213872833,337.7780587668593,17.904035568237305,-29.952468872070312,7.562771955302954,0.7843111417104722,17.870860973691002,-29.63184301545178,0.03317459454630267,-0.32062585661853404,0.32233754614639654
1019,33.95209196007459,27.45209196007459,888.9229651162791,337.6624273255814,17.73994255065918,-29.933788299560547,7.540882554963675,0.7676509417772959,17.710418448115398,-29.64844372192658,0.029524102543781794,-0.2853445776339676,0.2868679149297165
1020,33.98541099045739,27.48541099045739,886.1415994130595,338.3148691611641,17.242656707763672,-30.058610916137695,7.505176117520045,0.7486644265476519,17.205621620309486,-29.700674163561377,0.0370350874541856,-0.3579367525763182,0.35984762962623446
1021,34.01873002084019,27.518730020840188,885.3233633633632,338.3472672672672,17.095918655395508,-30.066471099853516,7.5723286706757165,0.7765755893245488,17.059633193565205,-29.71577932980334,0.036285461830303234,-0.35069177005017593,0.352563969119313
1022,34.052049051222994,27.552049051222994,883.4965661025263,338.38361540348296,16.76821517944336,-30.0775203704834,7.494155294955702,0.8040278798495075,16.819344521868903,-29.70182906703852,-0.051129342425543456,-0.3756913034448779,0.3791545399187247
1023,34.08536808160579,27.585368081605793,881.3710807819992,338.26767490470917,16.38648223876953,-30.061758041381836,7.484498763183275,0.7706696797746543,16.438736044968806,-29.65100956424103,-0.05225380619927478,-0.41074847714080676,0.41405889887285746
1024,34.11868711198859,27.618687111988592,879.7135056425191,338.21684261618736,16.088890075683594,-30.056621551513672,7.534029074901095,0.7603095517238111,16.031983928982577,-29.620970885624715,0.056906146701017235,-0.4356506658889572,0.4393515815629318
1025,34.1520061423714,27.6520061423714,879.0527726995733,338.13382084095065,15.970094680786133,-30.04322624206543,7.517555230680652,0.7898925804114862,15.916901857205842,-29.636003290650013,0.053192823580291204,-0.40722295141541665,0.41068236952653175
1026,34.1853251727542,27.685325172754197,877.11826783115,338.1289422610383,15.622936248779297,-30.047080993652344,7.535400269575277,0.7999887927968121,15.575072356142433,-29.68065420308362,0.047863892636863525,-0.36642679056872396,0.3695396393688351
1027,34.218644203136996,27.718644203136996,874.838335773548,337.9737676915568,15.213357925415039,-30.02459716796875,7.513431125827519,0.7741105632778216,15.17525284879845,-29.732879964043768,0.03810507661658846,-0.291717203924982,0.29419538393687555
1028,34.2519632335198,27.751963233519803,874.4128157732594,338.04768946395563,15.137215614318848,-30.03901481628418,7.476211808699073,0.7776059780725426,15.09853623034556,-29.74290094527004,0.038679383973287074,-0.2961138710141391,0.2986294013514597
1029,34.2852822639026,27.7852822639026,872.6023022651318,337.8694145315014,14.81180477142334,-30.011201858520508,7.459610281603888,0.774156337225576,14.836786785828657,-29.763105254435754,-0.024982014405317443,-0.2480966040847541,0.24935121014772457
1030,34.3186012942854,27.8186012942854,872.8641384388807,337.9120029455081,14.85891342163086,-30.018266677856445,7.491397556023336,0.7782115977552191,14.88412682522128,-29.767872145745763,-0.02521340359042057,-0.25039453211068263,0.25166075862466347
1031,34.35192032466821,27.851920324668207,872.8399901380669,337.92418639053255,14.854610443115234,-30.02052879333496,7.474829756407257,0.7747732549079942,14.880092535133192,-29.76746591409472,-0.025482092017957925,-0.2530628792402396,0.25434259938707043
1032,34.385239355051006,27.885239355051006,872.6683829839401,338.00281966409216,14.82404613494873,-30.035167694091797,7.495533783939117,0.7693881028268375,14.851294284426954,-29.764566082730056,-0.027248149478223738,-0.2706016113617409,0.27197002357163974
1033,34.418558385433805,27.918558385433805,870.7367968558093,337.933554409236,14.477222442626953,-30.027374267578125,7.488638801536112,0.7864128392614044,14.50717500646607,-29.72991509348786,-0.029952563839117374,-0.2974591740902639,0.298963402996083
1034,34.45187741581661,27.95187741581661,869.4935590725064,337.9714145503619,14.254219055175781,-30.037263870239258,7.492776552363782,0.7603444598900176,14.284377233240567,-29.709054787577582,-0.030158178064786156,-0.3282090826616759,0.3295917438981234
1035,34.48519644619941,27.98519644619941,868.9909712054659,337.9568081991215,14.16399097442627,-30.035856246948242,7.513431125827519,0.7827960536245265,14.19477633178223,-29.700821621331748,-0.030785357355959775,-0.335034625616494,0.3364460411262383
1036,34.51851547658221,28.01851547658221,868.7031114416759,338.0887566629478,14.112713813781738,-30.060422897338867,7.454068222680156,0.7981045090872031,14.146166949756884,-29.696355046589662,-0.03345313597514554,-0.3640678507492048,0.3656015758386673
1037,34.551834506965015,28.051834506965015,866.2288093462589,338.1784737757892,13.66894817352295,-30.082712173461914,7.444359691709522,0.7771404697491107,13.704189522025798,-29.6585958541432,-0.03524134850284888,-0.4241163193187134,0.42557796577918844
1038,34.585153537347814,28.085153537347814,862.7463343108504,337.98106060606057,13.04343032836914,-30.05553436279297,7.507928795447745,0.8031993146294059,13.072537698671116,-29.6114417095863,-0.02910737030197552,-0.44409265320667046,0.4450455298483925
1039,34.61847256773061,28.118472567730613,861.1485427381826,338.00036737692875,12.756752967834473,-30.062942504882812,7.4996677306366655,0.7677347211583574,12.787570098705837,-29.592763946294422,-0.030817130871364284,-0.4701785585883904,0.471187406995772
1040,34.65179159811341,28.151791598113412,861.1155407899594,338.0019687461548,12.750832557678223,-30.06331443786621,7.481737464892216,0.7701011284254705,12.781699287012433,-29.5923791529665,-0.03086672933421042,-0.4709352848997099,0.47194575699264674
1041,34.68511062849622,28.18511062849622,859.1955832113225,338.1699609565641,12.406763076782227,-30.098400115966797,7.513431125827519,0.7953309250076022,12.329090496747941,-29.658078801848227,0.07767258003428523,-0.44032131411857023,0.44711954705233703
1042,34.71842965887902,28.218429658879018,855.1704133430022,338.3153251148175,11.684840202331543,-30.13455581665039,7.549098518056046,0.7693246017981056,11.622768307726211,-29.78267387593998,0.06207189460533158,-0.3518819407104097,0.35731473562955623
1043,34.75174868926182,28.251748689261817,852.504333828628,338.45022288261515,11.206781387329102,-30.165483474731445,7.45822515295364,0.7557940534946758,11.221419700112412,-29.79291353542206,-0.01463831278331007,-0.3725699393093862,0.372857398851279
1044,34.78506771964462,28.285067719644623,849.870170386369,338.5040796736261,10.734212875366211,-30.181676864624023,7.576420715649159,0.7871446369798184,10.746575361480321,-29.777049433929736,-0.012362486114110283,-0.40462743069428697,0.4048162406983959
1045,34.81838675002742,28.318386750027422,849.7370464749423,338.50564251911175,10.710328102111816,-30.18228530883789,7.534029074901095,0.8061133515669081,10.722731435499632,-29.77632093610314,-0.012403333387815962,-0.4059643727347506,0.40615380659184874
1046,34.85170578041022,28.35170578041022,849.7270734380709,338.4911703811959,10.708489418029785,-30.1796932220459,7.520303377447894,0.7780608312590294,10.720815344619329,-29.776262394232017,-0.012325926589543457,-0.4034308278138816,0.40361907945101483
1047,34.88502481079303,28.385024810793027,850.0490625760895,338.42634526418306,10.76608943939209,-30.16717529296875,7.521677074304259,0.809944201114534,10.77797954751218,-29.778008918592153,-0.011890108120089948,-0.38916637437659674,0.38934796983743586
1048,34.918343841175826,28.418343841175826,849.7994422214138,338.429974536195,10.72130012512207,-30.16844367980957,7.536771214782576,0.7850921202150718,10.733270720374088,-29.776642940379247,-0.011970595252018157,-0.3918007394303231,0.3919835641565034
1049,34.951662871558625,28.451662871558625,842.0606278456745,340.62748622094415,9.338990211486816,-30.58485221862793,7.581873340115757,0.7882780333231697,9.342604824359471,-29.756449227169057,-0.0036146128726546323,-0.8284029914588729,0.8284108773333608
1050,34.98498190194143,28.48498190194143,839.7476635514018,341.6418691588785,8.926942825317383,-30.773975372314453,7.434638482853681,0.7939492606204046,8.922510185421144,-29.758095586712894,0.004432639896238655,-1.015879785601559,1.0158894561369947
1051,35.01830093232423,28.51830093232423,841.0966605950211,341.6193078324226,9.168956756591797,-30.766586303710938,7.531285936607034,0.8280063440815632,9.164551749605828,-29.757039474455166,0.004405006985969351,-1.0095468292557719,1.009556439505454
1052,35.05161996270703,28.55161996270703,846.2514187021958,341.49111769059954,10.093598365783691,-30.730775833129883,7.472064884939852,0.8046444676885497,10.106269538422435,-29.762824837272728,-0.0126711726387434,-0.967950995857155,0.9680339296723535
1053,35.084938993089835,28.584938993089835,847.7806727828745,341.9524159021407,10.369389533996582,-30.810453414916992,7.503799399886245,0.778237914727563,10.392129447626097,-29.768297927514052,-0.022739913629514774,-1.0421554874029404,1.042403551219938
1054,35.118258023472634,28.618258023472634,843.3700072621641,344.0791575889615,9.584197044372559,-31.205848693847656,7.543622203575393,0.8017354958199909,9.590516562775477,-29.75753095305634,-0.006319518402918334,-1.4483177407913175,1.4483315278636002
1055,35.15157705385543,28.651577053855434,841.3016457872758,344.98747236551213,9.215747833251953,-31.375158309936523,7.488638801536112,0.7776385418660366,9.20868657282775,-29.75684689873804,0.007061260424203297,-1.6183114111984835,1.6183268165033928
1056,35.18489608423824,28.68489608423824,842.1663601814391,345.56638470025746,9.372633934020996,-31.47771644592285,7.495533783939117,0.8070086155894279,9.380143712056077,-29.756613022505498,-0.007509778035080572,-1.721103423417354,1.7211198072374483
1057,35.21821511462104,28.71821511462104,844.3300712818653,346.16104868913857,9.762636184692383,-31.57993507385254,7.550466976060227,0.8227570074157384,9.786478262342644,-29.758638540151374,-0.023842077650261473,-1.8212965337011653,1.821452581962693
1058,35.25153414500384,28.751534145003838,840.3171673301965,347.66702859211,9.047064781188965,-31.862056732177734,7.555938329659423,0.7942792288168451,9.03788226404874,-29.75759217785893,0.009182517140224888,-2.104464554318806,2.104484587495304
1059,35.284853175386644,28.784853175386644,833.6391526661797,350.01667884100317,7.855899333953857,-32.303218841552734,7.521677074304259,0.8061435936419771,8.325668043977037,-34.66697172610612,-0.46976871002318,2.363752884553385,2.409981398299848
1060,35.31817220576944,28.818172205769443,834.2157221206581,349.7625837903717,7.9585795402526855,-32.255863189697266,7.517555230680652,0.7988408423250224,8.43350058073126,-34.645541249163884,-0.4749210404785753,2.3896780594666183,2.4364135984240023
1061,35.35149123615224,28.851491236152242,835.9363961961219,349.83351858713104,8.267522811889648,-32.26447296142578,7.467915658399668,0.7637287555009643,8.72905908707796,-34.58680239402798,-0.46153627518831186,2.3223294326021957,2.367747817409011
1062,35.38481026653505,28.884810266535048,835.8443390490088,349.8796059832178,8.25114631652832,-32.27302932739258,7.525796660413736,0.7916254343356065,8.711668969690402,-34.59025847992667,-0.46052265316208185,2.3172291525340896,2.362547789872048
1063,35.41812929691785,28.918129296917847,838.1733477789816,350.01540869146504,8.669416427612305,-32.2918701171875,7.56413793959212,0.803446096870801,8.848914938754541,-34.562982421475525,-0.1794985111422367,2.2711123042880246,2.278194639224388
1064,35.451448327300646,28.951448327300646,840.63824383164,349.85982099661345,9.111202239990234,-32.2577018737793,7.5463608575786925,0.802317726691417,8.878769981943899,-34.56598866624771,0.2324322580463356,2.308286792468415,2.319959626990229
1065,35.48476735768345,28.984767357683452,840.1364782138999,349.9603889088945,9.021474838256836,-32.27710723876953,7.5750569462716,0.8187524957760328,8.848914938754541,-34.562982421475525,0.17255989950229456,2.2858751827059933,2.292379172350726
1066,35.51808638806625,29.01808638806625,832.5500296033155,352.31379514505625,7.667398452758789,-32.72113037109375,7.626708749332235,0.7826915402245245,8.064430161674204,-34.718889751793384,-0.3970317089154154,1.9977593806996339,2.036830066809129
1067,35.55140541844905,29.05140541844905,828.040763863386,354.85334802301384,6.866061210632324,-33.19121551513672,7.501045206583747,0.8174783720853321,6.778421674605813,-34.73459672006662,0.08763953602651142,1.5433812049299007,1.5458674690948815
1068,35.58472444883186,29.084724448831857,828.70116194626,354.73202614379085,6.984172344207764,-33.16766357421875,7.543622203575393,0.7927695172103143,6.88104272799138,-34.741117459422945,0.10312961621638372,1.573453885204195,1.5768299992723105
1069,35.618043479214656,29.118043479214656,828.7567865003668,355.43323550990465,6.996267318725586,-33.29425811767578,7.505176117520045,0.7847094046578849,6.901347917274004,-34.74244833184164,0.09491940145158217,1.4481902141658622,1.4512975536318156
1070,35.651362509597455,29.151362509597455,829.7058535390643,355.5094293411707,7.166766166687012,-33.305702209472656,7.4996677306366655,0.8014327472218633,7.071864321458303,-34.75362456743869,0.09490184522870848,1.4479223579660356,1.4510291227007603
1071,35.68468153998026,29.18468153998026,827.9133210558624,356.5232658072437,6.848251819610596,-33.49332809448242,7.490018305794206,0.784116401931884,6.7777695817028025,-34.73455969154814,0.07048223790779318,1.2412315970657204,1.2432311222837085
1072,35.71800057036306,29.21800057036306,823.1263093037584,358.65532963647564,5.995960712432861,-33.89037322998047,7.476211808699073,0.8159406778654384,5.957477092781971,-34.69155707309895,0.03848361965088998,0.8011838431184799,0.8021075610262823
1073,35.75131960074586,29.25131960074586,824.5730377906976,358.3168604651163,6.2544684410095215,-33.82565689086914,7.540882554963675,0.8049089664374823,6.21228836909593,-34.70379653639399,0.04218007191359163,0.8781396455248469,0.8791520889522697
1074,35.784638631128665,29.284638631128665,827.8468632447517,358.1437932289771,6.8412322998046875,-33.78635025024414,7.534029074901095,0.8286096273923694,6.7873581480088,-34.73510416980117,0.05387415179588739,0.9487539195570278,0.950282286537295
1075,35.817957661511464,29.317957661511464,830.3184652278177,358.3569544364508,7.285256862640381,-33.818809509277344,7.579147518226432,0.7965494262737514,7.2233351362686875,-34.76355248915681,0.06192172637169335,0.9447429798794644,0.9467700873117935
1076,35.85127669189426,29.351276691894263,830.3392684108527,358.3791182170542,7.28905725479126,-33.82276153564453,7.540882554963675,0.792193793697175,7.2273771934553555,-34.76381741958172,0.06168006133590431,0.9410558839371888,0.9430750800753908
1077,35.88459572227707,29.38459572227707,830.3903476780937,358.45647945538536,7.298443794250488,-33.83661651611328,7.527169354754457,0.7982420936713016,7.237267601567911,-34.76446567117807,0.061176192682577124,0.9278491550647914,0.9298637433009114
1078,35.91791475265987,29.41791475265987,830.3780294726586,358.5353793691389,7.296481132507324,-33.85090255737305,7.520303377447894,0.7780608300112635,7.23660588522562,-34.7644222999976,0.05987524728170435,0.9135197426245512,0.915479855268193
1079,35.95123378304267,29.451233783042667,831.080153587713,358.5069594432445,7.4223408699035645,-33.84404373168945,7.576420715649159,0.7996781866079553,7.353300922436569,-34.773088436408315,0.0690399474669956,0.9290447047188621,0.931606450016531
1080,35.98455281342547,29.484552813425474,833.5766494971792,358.38189845474614,7.869806289672852,-33.8153190612793,7.494155294955702,0.8132470488220556,8.049952404055155,-34.721767039671136,-0.18014611438230332,0.9064479783918387,0.9241756110489463
1081,36.01787184380827,29.517871843808273,834.0729431721797,358.4362050163577,7.958994388580322,-33.823917388916016,7.539512357340851,0.8337762139917939,8.134107799178425,-34.70504212241481,-0.1751134105981027,0.8811247334987939,0.8983571130428146
1082,36.05119087419107,29.55119087419107,836.6902356902356,358.34066859066854,8.428214073181152,-33.800228118896484,7.56823441318761,0.8107585981917064,8.590027977907202,-34.61443322855177,-0.16181390472604917,0.8142051096552834,0.830128725169454
1083,36.08450990457388,29.584509904573878,840.3567652006728,358.33621725546743,9.085911750793457,-33.790428161621094,7.570964164191861,0.8205935770240019,9.006521586784496,-34.578852576433846,0.07939016400896115,0.7884244148127522,0.7924114184022089
1084,36.11782893495668,29.617828934956677,842.0247180225581,358.4311255099592,9.385397911071777,-33.80348587036133,7.576420715649159,0.8125134856106901,9.2972614743932,-34.60825392885284,0.08813643667857818,0.8047680584915113,0.8095799277641422
1085,36.151147965339476,29.651147965339476,842.0475676971002,358.3787443086508,9.389336585998535,-33.793968200683594,7.581873340115757,0.8008296284964033,9.300123467783427,-34.60856736810599,0.08921311821510791,0.8145991674223936,0.8194698188627325
1086,36.184466995722275,29.684466995722275,842.0905379442843,358.48667146974066,9.397364616394043,-33.81336212158203,7.573692931324687,0.799102463081809,9.31015515636727,-34.60966601668718,0.08720946002677366,0.7963038951051473,0.8010651554510351
1087,36.21778602610508,29.71778602610508,843.2694704049844,358.53091301222145,9.608978271484375,-33.81846618652344,7.581873340115757,0.8136834101123096,9.519813128093524,-34.632627298952585,0.08916514339085069,0.8141611124291472,0.8190291446510175
1088,36.25110505648788,29.75110505648788,845.5948940269749,358.6335500963391,10.02641773223877,-33.83130645751953,7.562771955302954,0.80958867236459,9.92608989578475,-34.67897206771604,0.10032783645401899,0.8476656101965077,0.8535822523209828
1089,36.28442408687068,29.78442408687068,847.6440840840839,358.80948948948947,10.394516944885254,-33.858070373535156,7.5723286706757165,0.7925175107670964,10.284536420327392,-34.7225879324095,0.10998052455786222,0.864517558874347,0.8714851263125967
1090,36.317743117253485,29.817743117253485,848.5457767999021,358.6356191174673,10.555745124816895,-33.824440002441406,7.5065525826609205,0.8170729081751288,10.438986665049447,-34.742236485244845,0.11675845976744803,0.9177964828034391,0.9251934510001842
1091,36.351062147636284,29.851062147636284,849.7203287406332,358.80819434372734,10.76694107055664,-33.852745056152344,7.549098518056046,0.8066638564846234,10.642294934737379,-34.768627541899356,0.12464613581926187,0.9158824857470123,0.924325368510894
1092,36.38438117801908,29.884381178019083,850.2474948690087,358.88566944343836,10.861727714538574,-33.86545181274414,7.553203148273999,0.8408099524961892,10.73705577157597,-34.78152392579439,0.12467194296260509,0.916072113050248,0.9245167438561713
1093,36.41770020840189,29.91770020840189,850.3202023852548,358.8885676424527,10.874775886535645,-33.86579513549805,7.561405724245774,0.8426371409924864,10.749912540029657,-34.78327365518851,0.12486334650598785,0.9174785196904622,0.9259361151797009
1094,36.45101923878469,29.95101923878469,852.790606172384,359.1823435386696,11.318760871887207,-33.912818908691406,7.484498763183275,0.840894483850322,11.55862250305934,-34.64022219354502,-0.23986163117213266,0.7274032848536152,0.7659302454691196
1095,36.48433826916749,29.984338269167488,855.0506006552603,359.5391336002912,11.725183486938477,-33.97174072265625,7.534029074901095,0.8191785078228743,11.756973713558692,-34.57481577335692,-0.03179022662021502,0.6030750507006672,0.6039123572888512
1096,36.517657299550294,30.017657299550294,855.3510560815732,359.5827870842437,11.779207229614258,-33.9788932800293,7.532657630623801,0.8161494621394966,11.756973713558692,-34.57481577335692,0.022233516055566227,0.5959224933276204,0.5963371087648336
1097,36.55097632993309,30.050976329933093,855.5269482884195,359.5645787812576,11.81070613861084,-33.97517013549805,7.532657630623801,0.8294628169883485,11.756973713558692,-34.57481577335692,0.05373242505214826,0.5996456378588704,0.6020482244016307
1098,36.58429536031589,30.084295360315892,855.5495923086283,359.6000973591335,11.814870834350586,-33.98153305053711,7.523050520325806,0.8206683831145072,11.756973713558692,-34.57481577335692,0.05789712079189435,0.5932827228198079,0.5961010533395124
1099,36.6176143906987,30.117614390698698,855.454909090909,359.6233939393939,11.797947883605957,-33.9859733581543,7.538141910659106,0.8306710726772464,11.756973713558692,-34.57481577335692,0.040974170047265446,0.5888424152026204,0.5902662725861249
1100,36.6509334210815,30.150933421081497,855.5389374090247,359.63100436681225,11.813044548034668,-33.98714828491211,7.535400269575277,0.8167438900070418,11.756973713558692,-34.57481577335692,0.05607083447597638,0.5876674884448079,0.5903363578959547
1101,36.684252451464296,30.184252451464296,857.8281611293659,359.7701107460143,12.224068641662598,-34.00666427612305,7.523050520325806,0.8167928432098964,12.127836127773651,-34.631896958392375,0.09623251388894616,0.6252326822693277,0.632595134115877
1102,36.7175714818471,30.217571481847102,860.8792565947241,359.6599520383693,12.771015167236328,-33.979270935058594,7.579147518226432,0.8169191108168385,12.644469163893191,-34.71572529429666,0.1265460033431367,0.736454359238067,0.7472475588470484
1103,36.7508905122299,30.2508905122299,862.0770628862232,360.1457651762995,12.987263679504395,-34.06411361694336,7.539512357340851,0.7982232632981786,12.868676364637103,-34.754251137506074,0.11858731486729113,0.6901375205627147,0.7002519179094661
1104,36.7842095426127,30.2842095426127,863.4036363636363,360.18387878787877,13.225306510925293,-34.067745208740234,7.538141910659106,0.8043240048341965,13.410831864253717,-34.67457129646969,-0.18552535332842446,0.6068260877294591,0.6345530375600434
1105,36.817528572995506,30.317528572995506,864.2606946983547,360.36258379037173,13.379544258117676,-34.097930908203125,7.517555230680652,0.7810938361917471,13.543445367151298,-34.634027279858195,-0.1639011090336222,0.53609637165507,0.5605915565223777
1106,36.850847603378305,30.350847603378305,865.3318814277071,360.2940108892922,13.571484565734863,-34.08291244506836,7.544991654835394,0.7993838919751018,13.7231774933141,-34.57907765444642,-0.15169292757923714,0.49616520937806285,0.518835869302361
1107,36.884166633761104,30.384166633761104,866.7033357861172,360.24724061810156,13.817327499389648,-34.071102142333984,7.494155294955702,0.791255291976148,13.790824123728205,-34.558396004031536,0.02650337566144323,0.48729386169755173,0.48801407415110915
1108,36.91748566414391,30.41748566414391,869.0167522621667,360.60454878943506,14.233283042907715,-34.129981994628906,7.505176117520045,0.7724104668723798,14.13938222907946,-34.624571828016336,0.09390081382825421,0.4945898333874297,0.5034247373022247
1109,36.95080469452671,30.45080469452671,869.2712701855868,360.48011569052784,14.27857780456543,-34.10687255859375,7.5600392462868,0.7962238480487938,14.17886631257237,-34.63206811549126,0.09971149199305884,0.5251955568975077,0.534577173680625
1110,36.98412372490951,30.48412372490951,869.4576333089847,360.43474555636715,14.311881065368652,-34.09822082519531,7.521677074304259,0.7881637393325492,14.209425476983274,-34.63786995413489,0.1024555883853786,0.5396491289395797,0.5492889312162055
1111,37.017442755292315,30.517442755292315,870.2188405797101,360.51123188405796,14.44862174987793,-34.110172271728516,7.55183518608796,0.7820443465032165,14.338564757393458,-34.66346613643028,0.11005699248447165,0.5532938647017644,0.5641335323408293
1112,37.050761785675114,30.550761785675114,872.4231522271169,360.8624571708272,14.844986915588379,-34.16822052001953,7.5024224296205215,0.7893104560119594,14.89961141455891,-34.69895239131971,-0.05462449897053112,0.5307318713001763,0.5335355237484833
1113,37.08408081605791,30.584080816057913,872.2528274352426,360.95123434269726,14.814685821533203,-34.1846809387207,7.525796660413736,0.7791979302378053,14.86795154273511,-34.70221091926831,-0.05326572120190676,0.5175299805476072,0.5202638924822344
1114,37.11739984644072,30.61739984644072,872.5566472586123,360.91933527413875,14.869089126586914,-34.17817306518555,7.535400269575277,0.7873805107467785,14.922447375610089,-34.69660204644995,-0.053358249023174764,0.5184289812643996,0.5211676422742132
1115,37.15071887682352,30.650718876823518,873.3026862026861,361.03919413919414,15.003233909606934,-34.197994232177734,7.510680464514091,0.7947486928237248,15.053167370473503,-34.683147956709014,-0.049933460866569135,0.4851537245312798,0.4877166051516866
1116,37.18403790720632,30.684037907206317,873.563933626159,361.12457296242064,15.050329208374023,-34.2127799987793,7.513431125827519,0.7864365713592596,15.098263168297676,-34.67850656338966,-0.047933959923652125,0.4657265646103639,0.4681868190132372
1117,37.21735693758912,30.717356937589123,874.1420885302028,361.29738322328194,15.154519081115723,-34.24258804321289,7.505176117520045,0.763887492334288,15.198325138484497,-34.668207888516285,-0.04380605736877463,0.4256198453033946,0.4278682313262833
1118,37.25067596797192,30.750675967971922,874.3238911666045,361.54702447509004,15.187836647033691,-34.2872428894043,7.44574739974501,0.7836526434947113,15.226745632937277,-34.665282766898514,-0.0389089859035856,0.3780398774942171,0.3800369168382041
1119,37.28399499835472,30.78399499835472,876.2118403164009,361.99406748238783,15.527704238891602,-34.363380432128906,7.465148226154038,0.7877417739490258,15.555296538176801,-34.63146733286201,-0.027592299285199573,0.2680869007331026,0.26950310076977674
1120,37.31731402873753,30.817314028737528,877.373998767714,362.15563770794824,15.736593246459961,-34.38971710205078,7.476211808699073,0.7812283120536819,15.759313715585282,-34.6104692796077,-0.02272046912532133,0.22075217755691767,0.22191832644780735
1121,37.35063305912033,30.850633059120327,878.6828815447457,362.08491149894786,15.971131324768066,-34.373722076416016,7.459610281603888,0.7992917229348597,15.913885476727287,-34.62671232191717,0.057245848040778924,0.25299024550115234,0.2593861049413428
1122,37.383952089503126,30.883952089503126,878.7123169681308,361.9892949427833,15.976149559020996,-34.35637664794922,7.481737464892216,0.8171472431371678,15.914925586331885,-34.626947674692346,0.061223972689111505,0.27057102674312716,0.27741134682032587
1123,37.41727111988593,30.917271119885932,878.9191587648917,361.99185509360564,16.01324462890625,-34.35633087158203,7.527169354754457,0.8149606050680528,15.950203999757669,-34.634930364657684,0.06304062914858122,0.278599493075653,0.2856427812241363
1124,37.45059015026873,30.95059015026873,882.1838098774601,362.47864834756774,16.600122451782227,-34.4362678527832,7.459610281603888,0.7939864897111869,16.5222569673754,-34.76695074196395,0.07786548440682495,0.33068288918074984,0.3397266649217244
1125,37.48390918065153,30.98390918065153,883.0622657477934,362.43259581670895,16.75753402709961,-34.4257926940918,7.547729811940535,0.7750842753870167,16.843993361151945,-34.754188248272776,-0.08645933405233563,0.3283955541809789,0.33958630191838657
1126,37.517228211034336,31.017228211034336,883.020395848419,362.4134685010862,16.749971389770508,-34.42244338989258,7.554570862752983,0.7826110478110663,16.837745588398363,-34.75583314956546,-0.08777419862785507,0.3333897596728832,0.344750695139988
1127,37.550547241417135,31.050547241417135,882.92012012012,362.42006006006005,16.732004165649414,-34.42387771606445,7.5723286706757165,0.7925175031237559,16.82058989041085,-34.76034986790808,-0.08858572476143678,0.3364721518436298,0.34793812610547825
1128,37.583866271799934,31.083866271799934,883.1330180671758,362.4193039893294,16.770183563232422,-34.4232177734375,7.536771214782576,0.7976429444351294,16.856456902928233,-34.75090687156657,-0.0862733396958113,0.32768909812907054,0.3388557719368411
1129,37.61718530218274,31.11718530218274,883.5644866642309,362.6555839727195,16.84823226928711,-34.46484375,7.520303377447894,0.81619642370266,16.91919751810745,-34.73438864609924,-0.07096524882033961,0.2695448960992408,0.27873018773230007
1130,37.65050433256554,31.15050433256554,886.3765386509108,363.4711964549483,17.354814529418945,-34.605289459228516,7.480356433507144,0.82351697656139,17.35836263788751,-34.61876611920513,-0.0035481084685642372,0.01347665997661096,0.013935904629046692
1131,37.68382336294834,31.18382336294834,886.2095822800047,363.02744673167206,17.32364273071289,-34.52553176879883,7.56413793959212,0.8034460942673237,17.348848745189738,-34.62127091811736,-0.025206014476847116,0.09573914931853267,0.09900165593586463
1132,37.717142393331144,31.217142393331144,887.1765778912805,363.6158336373586,17.498695373535156,-34.629459381103516,7.525796660413736,0.8043526406426109,17.49888672405941,-34.62870593661202,-0.00019135052425411914,-0.0007534444914938376,0.0007773632515720908
1133,37.75046142371394,31.250461423713944,887.8398394746442,363.7646844217439,17.61805534362793,-34.65471649169922,7.525796660413736,0.8173892573507456,17.617040327037763,-34.658713129082976,0.00101501659016634,0.003996637383757218,0.004123514163375535
1134,37.78378045409674,31.283780454096743,888.357907542579,363.5317518248175,17.710317611694336,-34.611366271972656,7.524423715649887,0.8237261146613192,17.69336982253499,-34.67809835141103,0.016947789159345916,0.06673207943837411,0.06885054817181281
1135,37.81709948447954,31.31709948447954,888.1760571913243,363.59578335150854,17.677888870239258,-34.623382568359375,7.539512357340851,0.8203713414709599,17.665772825884446,-34.671089607121914,0.012116044354812061,0.0477070387625389,0.04922154079565331
1136,37.85041851486235,31.350418514862348,888.3106088224572,363.5404058816381,17.701858520507812,-34.6130485534668,7.52854179880903,0.8179856768619008,17.685824637571663,-34.67618211854367,0.01603388293614927,0.06313356507687473,0.06513779579726439
1137,37.88373754524515,31.383737545245147,892.8976545842218,362.3946932006633,18.521324157714844,-34.394805908203125,7.6253539738087435,0.8363600096360319,18.5379794748826,-34.670330732821526,-0.016655317167757033,0.275524824618401,0.2760277677534621
1138,37.917056575627946,31.417056575627946,901.6956468574223,361.6747370995353,20.097169876098633,-34.24314880371094,7.505176117520045,0.8063944091447114,20.156203289323926,-34.589903381882465,-0.05903341322529343,0.34675457817152733,0.35174377231152526
1139,37.95037560601075,31.450375606010752,903.344597868217,361.56080426356584,20.39258575439453,-34.2185173034668,7.540882554963675,0.7885266262968934,20.270461658709255,-34.624291247902455,0.12212409568527605,0.4057739444356585,0.4237532167781377
1140,37.98369463639355,31.48369463639355,905.2374314986894,360.7549440076245,20.729862213134766,-34.06827926635742,7.603644736948159,0.8054354076739558,20.745491259060994,-34.71148583984411,-0.015629045926228713,0.6432065734866868,0.6433964277590051
1141,38.01701366677635,31.51701366677635,907.5112080455591,360.4746152914092,21.13688850402832,-34.01205062866211,7.539512357340851,0.798223262004902,21.153642846978716,-34.70156831074013,-0.016754342950395795,0.6895176820780193,0.6897212059273979
1142,38.050332697159156,31.550332697159156,907.5331125827814,360.5029433406917,21.14089584350586,-34.01711654663086,7.494155294955702,0.787571885450441,21.1575247995339,-34.701473984566746,-0.01662895602803971,0.684357437935887,0.6845594386441209
1143,38.083651727541955,31.583651727541955,907.6363304093567,360.54276315789474,21.15951156616211,-34.02405548095703,7.518929429619227,0.8055547378394627,21.175961030319996,-34.70102600920465,-0.01644946415788695,0.6769705282476153,0.6771703485733386
1144,38.116970757924754,31.616970757924754,909.421729113617,360.8040499575603,21.480405807495117,-34.06688690185547,7.536771214782576,0.7763952852466485,21.495625788574436,-34.69325858985028,-0.015219981079319211,0.626371687994812,0.6265565731404666
1145,38.15028978830756,31.65028978830756,911.5784714480366,361.61513687600643,21.869359970092773,-34.208133697509766,7.456839767011912,0.8211170236310324,21.87382609699519,-34.68619283571413,-0.00446612690241821,0.4780591382043653,0.478079999487752
1146,38.18360881869036,31.68360881869036,915.5887413962635,360.6570796460177,22.585979461669922,-34.02519989013672,7.485879030371254,0.7858333161668859,22.592091905917915,-34.67948264863484,-0.006112444247992954,0.6542827584981197,0.6543113097315326
1147,38.21692784907316,31.71692784907316,916.7060539752006,360.5171407731583,22.785980224609375,-33.9971809387207,7.527169354754457,0.8111274624506022,22.792336950921683,-34.67761191819356,-0.006356726312308325,0.6804309794728596,0.6804606717480479
1148,38.250246879455965,31.750246879455965,916.7226435536295,360.62128325508604,22.789234161376953,-34.01594924926758,7.56413793959212,0.8034460955690624,22.795415281600814,-34.67758315979452,-0.006181120223860859,0.6616339105269446,0.661662782545912
1149,38.283565909838764,31.783565909838764,916.8726443404151,360.5940463329732,22.816055297851562,-34.01066589355469,7.5750569462716,0.8057673555057011,22.82228343130592,-34.67733215200778,-0.006228133454357021,0.6666662584530911,0.6666953500709067
1150,38.31688494022156,31.816884940221563,917.2627027027027,360.5033033033033,22.88576889038086,-33.993309020996094,7.5723286706757165,0.780144673267672,22.887422645403195,-34.67672360805739,-0.0016537550223354458,0.6834145870612929,0.6834165879709325
1151,38.35020397060437,31.85020397060437,921.4243973703433,360.6866325785245,23.63258171081543,-34.0162239074707,7.521677074304259,0.7637457419786152,23.628847574173207,-34.6808889871014,0.003734136642222552,0.6646650796306943,0.6646755688732211
1152,38.38352300098717,31.883523000987168,922.7270962261861,360.96032034947217,23.866924285888672,-34.062477111816406,7.534029074901095,0.819178510513905,23.863442598642788,-34.682206958969935,0.0034816872458840464,0.6197298471535291,0.6197396272621387
1153,38.41684203136997,31.916842031369967,922.7294436238305,361.29837518463813,23.868228912353516,-34.12354278564453,7.480356433507144,0.8064312469393747,23.865090244489608,-34.68221621556385,0.00313866786390804,0.5586734299193168,0.5586822464816416
1154,38.45016106175277,31.950161061752773,922.9368973513975,361.2849993897229,23.905397415161133,-34.12062072753906,7.512055921070722,0.8014181167514633,23.90224115837817,-34.68242493209357,0.0031562567829617194,0.5618042045545053,0.5618130705243519
1155,38.48348009213557,31.983480092135572,923.4600989979475,361.30653144995773,23.999277114868164,-34.12322235107422,7.553203148273999,0.823353426943547,23.996132510726714,-34.68295242052336,0.0031446041414504577,0.5597300694491381,0.5597389026865502
1156,38.51679912251837,32.01679912251837,927.2927879440258,360.5211099150819,24.68453598022461,-33.971923828125,7.588683611263451,0.8086689317367001,24.66962481156551,-34.69615366672734,0.014911168659100582,0.7242298386023407,0.7243833253690705
1157,38.55011815290118,32.05011815290118,928.1767386091126,360.23776978417266,24.84231948852539,-33.91856002807617,7.579147518226432,0.8130984472006544,24.82624322091711,-34.69937828326823,0.016076267608280403,0.7808182551920595,0.780983734799506
1158,38.583437183283976,32.083437183283976,928.6683710737765,360.3078889700511,24.930667877197266,-33.930023193359375,7.521677074304259,0.823124853366135,24.914790089074284,-34.70120137479933,0.015877788122981684,0.7711781814399572,0.7713416180167629
1159,38.616756213666775,32.116756213666775,933.3229129237034,360.43250688705234,25.765684127807617,-33.94111633300781,7.583235883632932,0.8338518137014279,25.87232635530813,-34.595924166076244,-0.10664222750051167,0.6548078330684319,0.6634348972838604
1160,38.65007524404958,32.15007524404958,936.2463030303029,361.07466666666664,26.291566848754883,-34.049964904785156,7.538141910659106,0.7916180727408729,26.057847741965574,-34.635786472781255,0.23371910678930874,0.5858215679960992,0.6307230219421205
1161,38.68339427443238,32.18339427443238,936.111437668381,361.277736958119,26.267911911010742,-34.08698272705078,7.4996677306366655,0.8277744484793166,26.050181623969138,-34.63272800182602,0.21773028704160424,0.5457452747752356,0.58757500188037
1162,38.71671330481518,32.21671330481518,936.2971172480619,361.38687015503876,26.301488876342773,-34.10624313354492,7.540882554963675,0.8409077564497082,26.085777036159246,-34.64692913131213,0.21571184018352696,0.5406859977672056,0.5821279465692075
1163,38.750032335197986,32.250032335197986,936.6146442495126,361.27826510721246,26.358144760131836,-34.08584213256836,7.518929429619227,0.8556780700993719,26.127631779902124,-34.66362748087263,0.23051298022971167,0.5777853483042676,0.6220708502811133
1164,38.783351365580785,32.283351365580785,938.6492838780756,361.1762761659934,26.722742080688477,-34.06242370605469,7.501045206583747,0.8213702276626945,26.81452388121159,-34.67655007318895,-0.09178180052311191,0.6141263671342614,0.6209469330923456
1165,38.816670395963584,32.316670395963584,938.4418716835503,360.8497346840328,26.684715270996094,-34.00394058227539,7.557305549127712,0.7831777453607697,26.785877272182365,-34.680831337593624,-0.10116200118627106,0.6768907553182331,0.6844083905967979
1166,38.84998942634639,32.34998942634639,938.6048573163326,360.821372191864,26.713865280151367,-33.998416900634766,7.531285936607034,0.783949755154057,26.815197907064587,-34.676449339350285,-0.10133262691321931,0.678032438715519,0.6855627536758745
1167,38.88330845672919,32.38330845672919,939.2774531288044,360.8143413683954,26.834461212158203,-33.9954948425293,7.521677074304259,0.8008142286612167,26.933586268286767,-34.65875608021754,-0.09912505612856393,0.6632612376882463,0.670627501801287
1168,38.91662748711199,32.41662748711199,941.5362371010318,360.4396448284137,27.238555908203125,-33.92225646972656,7.576420715649159,0.8256603039585232,27.08011843783335,-34.63685670074895,0.15843747036977618,0.7146002310223878,0.7319534972895639
1169,38.949946517494794,32.449946517494794,945.3176987907658,361.5260779284231,27.919404983520508,-34.1092643737793,7.5093047560192625,0.788159727761367,28.004502576524057,-34.73454966239969,-0.08509759300354958,0.6252852886203897,0.6310493582122414
1170,38.98326554787759,32.48326554787759,945.342504279775,361.53374908290533,27.923877716064453,-34.11058807373047,7.505176117520045,0.8026104588268916,28.008717101727548,-34.7339760906925,-0.0848393856630949,0.623388016962032,0.6291345969278325
1171,39.01658457826039,32.51658457826039,947.3430111478622,361.4481195638858,28.282381057739258,-34.090206146240234,7.498290001639896,0.7735124303455677,28.358377271559927,-34.68758519603165,-0.07599621382066957,0.5973790497914138,0.602193618070442
1172,39.0499036086432,32.5499036086432,949.2304084906823,361.247068986795,28.62031364440918,-34.04925537109375,7.4706820654804424,0.8108736938843346,28.69605451071417,-34.64462722541299,-0.0757408663049901,0.5953718543192394,0.6001702456338202
1173,39.083222639026,32.583222639026,949.2752938325456,361.03235187204655,28.627817153930664,-34.010353088378906,7.539512357340851,0.7856633002170794,28.708308694845737,-34.64306829629121,-0.08049154091507305,0.6327152079123053,0.6378145674742736
1174,39.1165416694088,32.6165416694088,949.5061088485746,361.28865852153524,28.66985321044922,-34.056095123291016,7.4706820654804424,0.7978981374299088,28.743948832126257,-34.638534298163364,-0.07409562167703854,0.5824391748723485,0.5871333354338596
1175,39.1498606997916,32.6498606997916,949.5670103092783,361.2491408934708,28.68067741394043,-34.048805236816406,7.491397556023336,0.7959225845196466,28.755513268308892,-34.637063116063565,-0.0748358543684624,0.5882578792471591,0.592998935576973
1176,39.1831797301744,32.6831797301744,949.4498834498834,361.3328425960005,28.65988540649414,-34.06421661376953,7.492776552363782,0.7898830558649333,28.73312304779982,-34.6399115118784,-0.07323764130567767,0.5756948981088712,0.5803347032640757
1177,39.2164987605572,32.7164987605572,949.318856315599,361.08637953914825,28.635766983032227,-34.02000427246094,7.555938329659423,0.7563973016311534,28.714923681784768,-34.64222676366295,-0.07915669875254139,0.6222224912020096,0.6272372848572025
1178,39.24981779094001,32.74981779094001,949.6124199589223,361.1658813579799,28.688610076904297,-34.033653259277344,7.550466976060227,0.775646543055202,28.76521647035485,-34.63582871285225,-0.07660639345055387,0.6021754535749082,0.6070286784046101
1179,39.283136821322806,32.783136821322806,953.4008209585899,360.51684172401303,29.366302490234375,-33.907100677490234,7.553203148273999,0.81947435968785,29.03538866190146,-34.64170213649042,0.33091382833291405,0.7346014590001886,0.8056942753595504
1180,39.316455851705605,32.816455851705605,956.5076441555315,360.32430480317805,29.922924041748047,-33.86469268798828,7.56413793959212,0.803446096870801,30.01977732614748,-34.71476305530505,-0.09685328439943319,0.8500703673167678,0.8555700953685922
1181,39.34977488208841,32.84977488208841,956.0833333333333,360.4305959302326,29.84710121154785,-33.88493728637695,7.540882554963675,0.7761961631163776,29.942649141184052,-34.72355070197606,-0.09554792963620073,0.8386134155991058,0.8440390202357726
1182,39.38309391247121,32.88309391247121,956.8609384521633,360.3528336380256,29.986352920532227,-33.868980407714844,7.517555230680652,0.7862300714117899,30.081911102368057,-34.70768380571528,-0.09555818183583042,0.8387033980004333,0.844129584799184
1183,39.41641294285401,32.91641294285401,956.8096965300447,360.36488937250635,29.977190017700195,-33.87128448486328,7.547729811940535,0.8221605905926751,30.072606469547093,-34.70874393471576,-0.09541645184689784,0.8374594498524814,0.8428775886392236
1184,39.44973197323681,32.94973197323681,957.045237219566,360.4195169792816,30.019559860229492,-33.880577087402344,7.495533783939117,0.807008612944628,30.106202679466023,-34.70492844696008,-0.0866428192365305,0.8243513595577383,0.8288921173047465
1185,39.483051003619615,32.983051003619615,960.6969047619046,360.0355952380952,30.67340850830078,-33.80225372314453,7.606361779999659,0.8321990104693537,30.761049418225344,-34.63610128126657,-0.08764090992456275,0.8338475581220379,0.8384406235855291
1186,39.51637003400241,33.01637003400241,963.8115259151866,359.75437960613743,31.23121452331543,-33.743812561035156,7.550466976060227,0.836200863105547,31.13330135907298,-34.65778747438346,0.09791316424244911,0.913974913348305,0.9192046181139489
1187,39.54968906438521,33.04968906438521,963.7604622871046,359.8104622871046,31.222190856933594,-33.754066467285156,7.524423715649887,0.8105358344354728,31.125466104960278,-34.65694809191069,0.09672475197331565,0.902881624625536,0.9080478543175722
1188,39.58300809476802,33.08300809476802,963.8071393762182,359.7836257309942,31.230497360229492,-33.74910354614258,7.518929429619227,0.7964953945401217,31.133152719495023,-34.65777155078294,0.09734464073446958,0.9086680046403615,0.913867343620954
1189,39.61632712515082,33.11632712515082,963.9582417582418,359.7433455433455,31.257497787475586,-33.741455078125,7.510680464514091,0.8075776731346522,31.159036713957136,-34.660544475689306,0.09846107351845035,0.9190893975643064,0.9243483670746248
1190,39.64964615553362,33.14964615553362,965.3163412870571,360.22487346348515,31.5022029876709,-33.82512283325195,7.5600392462868,0.8052288953664554,31.409826930635816,-34.68741136592604,0.09237605703508223,0.8622885326740857,0.86722249134497
1191,39.68296518591642,33.18296518591642,968.9225515306744,362.00439077936335,32.15317153930664,-34.137760162353516,7.51480607892272,0.8020050225743364,32.202395363356864,-34.73015029399898,-0.049223824050223186,0.5923901316454661,0.594431705854474
1192,39.71628421629922,33.21628421629922,973.3281885618568,362.0896147403685,32.94331359863281,-34.14234161376953,7.587322046058042,0.814853337261117,32.98234891227404,-34.667625203429566,-0.0390353136412287,0.5252835896600345,0.526732005176447
1193,39.74960324668202,33.24960324668202,976.0585029069767,362.031734496124,33.43272399902344,-34.12519073486328,7.540882554963675,0.8140856224157758,33.46592264171795,-34.631704142433904,-0.033198642694515,0.5065134075706226,0.5076002186027521
1194,39.78292227706483,33.28292227706483,976.8405375953505,362.0117447632885,33.5728874206543,-34.11966323852539,7.542252503663317,0.8209677569465487,33.60584724612237,-34.622532999328186,-0.032959825468076076,0.5028697608027954,0.5039487537684231
1195,39.816241307447626,33.316241307447626,977.2477865518065,361.93921990906915,33.64573669433594,-34.10555648803711,7.587322046058042,0.8280380194903997,33.679305552199345,-34.617718287575364,-0.033568857863407686,0.512161799538255,0.5132607301601374
1196,39.849560337830425,33.349560337830425,977.085535046447,361.9765954879961,33.616729736328125,-34.112709045410156,7.555938329659423,0.7979792346371277,33.649955875425704,-34.61964196702361,-0.033226139097578766,0.5069329216134548,0.5080206327846191
1197,39.88287936821323,33.38287936821323,978.4427950760319,361.7866280473087,33.85963439941406,-34.0750617980957,7.554570862752983,0.7950724048661327,33.89427847289858,-34.603628217941235,-0.03464407348451459,0.5285664198455322,0.5297005493823127
1198,39.91619839859603,33.41619839859603,983.5280898876405,361.6394829044339,34.771060943603516,-34.036006927490234,7.550466976060227,0.8227570060643453,34.80995778043353,-34.77820278776396,-0.03889683683001266,0.7421958602737249,0.7432144097922451
1199,39.94951742897883,33.44951742897883,984.5639995128486,361.478017293874,34.9564208984375,-34.004295349121094,7.520303377447894,0.8255932108383383,34.99646740593131,-34.768428232476715,-0.040046507493812555,0.7641328833556216,0.7651815380599744
1200,39.982836459361636,33.482836459361636,986.6578566256336,361.5028964518465,35.33189010620117,-34.00365447998047,7.554570862752983,0.8170437850541792,35.364451179974864,-34.74942567969831,-0.03256107377369233,0.7457711997178436,0.7464816848750461
1201,40.016155489744435,33.516155489744435,988.4043198640941,361.37519718480763,35.64472198486328,-33.976295471191406,7.534029074901095,0.8286096273923694,35.67788009613048,-34.73574107768417,-0.033158111267198365,0.7594456064927613,0.7601691190544154
1202,40.049474520127234,33.549474520127234,988.5807748538011,361.29922027290445,35.67618179321289,-33.96214294433594,7.518929429619227,0.8280735380279431,35.70989678444064,-34.734343198883735,-0.03371499122774679,0.7722002545477977,0.7729359182734172
1203,40.08279355051004,33.58279355051004,988.6000244110826,361.47735872085923,35.680057525634766,-33.9942741394043,7.512055921070722,0.810570253159362,35.71236493361075,-34.73423543716373,-0.03230740797598486,0.7399612977594359,0.7406662479092424
1204,40.11611258089284,33.61611258089284,988.6166727783889,361.39432832172105,35.6828498840332,-33.97923278808594,7.5065525826609205,0.8055787576188249,35.715807449198856,-34.73408513368718,-0.032957565165652625,0.7548523456012433,0.7555714822313948
1205,40.14943161127564,33.64943161127564,988.6300648794221,361.46615252784915,35.68541717529297,-33.9921760559082,7.501045206583747,0.8174783720853321,35.71780581573914,-34.733997883119756,-0.032388640446171735,0.7418218272115524,0.7425285498601638
1206,40.182750641658444,33.682750641658444,988.7502143819673,361.4129609212299,35.70684051513672,-33.98227310180664,7.498290001639896,0.8168779472802751,35.73961994410495,-34.733045457706574,-0.03277942896823305,0.7507723558999331,0.7514876055844296
1207,40.21606967204124,33.71606967204124,992.1806317843639,361.3712647883888,36.32178497314453,-33.96632766723633,7.51480607892272,0.833932671172985,36.34771589511154,-34.70889211654343,-0.02593092196701008,0.7425644493071033,0.7430170752336859
1208,40.24938870242404,33.74938870242404,992.1749235474006,361.42360856269113,36.32088851928711,-33.97579574584961,7.503799399886245,0.8314915963124947,36.346490303223796,-34.70893491515523,-0.025601783936686218,0.7331391693056233,0.7335860501065162
1209,40.28270773280685,33.78270773280685,996.4084870848709,361.2793357933579,37.07960510253906,-33.93934631347656,7.483118241403906,0.8202044195062378,37.09913421047438,-34.68513285697168,-0.0195291079353197,0.7457865434951145,0.7460421935220151
1210,40.31602676318965,33.81602676318965,997.1626165930289,361.51239567992144,37.21534729003906,-33.97959899902344,7.491397556023336,0.8126486317022332,37.2337300516045,-34.681608340832305,-0.01838276156544083,0.7020093418088678,0.7022499853397589
1211,40.349345793572446,33.849345793572446,997.3574177529484,361.5113594040968,37.250274658203125,-33.97893524169922,7.448522040198965,0.8288284309486633,37.268650855583616,-34.68069390739817,-0.018376197380490567,0.7017586656989536,0.7019992232999567
1212,40.38266482395525,33.88266482395525,997.962389380531,361.5651425762045,37.358863830566406,-33.98716735839844,7.485879030371254,0.8343227034476789,37.37695020125384,-34.67785798922646,-0.018086370687434794,0.6906906308280227,0.6909273943897835
1213,40.41598385433805,33.91598385433805,999.8526018654884,361.64457535591555,37.697940826416016,-33.99687576293945,7.491397556023336,0.8126486317022332,37.709698604918955,-34.67047844223576,-0.011757778502939686,0.6736026792963088,0.673705287874817
1214,40.44930288472085,33.94930288472085,999.4055926750804,361.71071516951247,37.61794662475586,-34.009925842285156,7.460995153105952,0.8060660541237044,37.62950104781139,-34.67187829580216,-0.011554423055528673,0.6619524535170029,0.662053287439407
1215,40.48262191510366,33.98262191510366,999.7267156862745,361.50575980392153,37.67505645751953,-33.972110748291016,7.4969120194539265,0.8046195144760899,37.68725334956561,-34.670870225625286,-0.012196892046077323,0.6987594773342707,0.698865917998615
1216,40.515940945486456,34.015940945486456,1002.698708576998,361.51120857699806,38.20791244506836,-33.96580505371094,7.518929429619227,0.8093525677955308,38.22005706916288,-34.66157010210572,-0.012144624094517553,0.695765048394783,0.6958710329236244
1217,40.549259975869255,34.049259975869255,1004.8955314009661,361.5274154589372,38.601802825927734,-33.963340759277344,7.55183518608796,0.8258137775434371,38.607860641992346,-34.657497724852014,-0.006057816064611643,0.6941569655746704,0.6941833979513676
1218,40.58257900625206,34.08257900625206,1008.0426174091513,361.7051792828685,39.16643524169922,-33.987735748291016,7.553203148273999,0.8233534296482924,39.16643524169922,-34.653718373635925,0.0,0.6659826253449097,0.6659826253449097
1219,40.61589803663486,34.11589803663486,1008.761056585484,361.75027262813524,39.295345306396484,-33.99412155151367,7.539512357340851,0.8203713428184346,39.295345306396484,-34.653718373635925,0.0,0.6595968221222535,0.6595968221222535
1220,40.64921706701766,34.14921706701766,1008.6648438449386,361.7281565196257,39.27804946899414,-33.990360260009766,7.52854179880903,0.8179856755183447,39.27804946899414,-34.653718373635925,0.0,0.6633581136261597,0.6633581136261597
1221,40.682536097400465,34.182536097400465,1008.6801212121211,361.79248484848483,39.28092956542969,-34.0019416809082,7.538141910659106,0.8267324129864392,39.28092956542969,-34.653718373635925,0.0,0.6517766927277222,0.6517766927277222
1222,40.715855127783264,34.215855127783264,1009.0269446476468,361.7393318702755,39.342987060546875,-33.99148941040039,7.516180780494436,0.795913163647908,39.342987060546875,-34.653718373635925,0.0,0.6622289632355347,0.6622289632355347
1223,40.74917415816606,34.24917415816606,1009.347502137535,361.6942714058874,39.400352478027344,-33.982566833496094,7.5093047560192625,0.8099766502182967,39.400352478027344,-34.653718373635925,0.0,0.6711515401398316,0.6711515401398316
1224,40.78249318854887,34.28249318854887,1011.3429300291546,361.73420796890184,39.758201599121094,-33.984886169433594,7.529913992714312,0.8249286318158369,39.758201599121094,-34.653718373635925,0.0,0.6688322042023316,0.6688322042023316
1225,40.81581221893167,34.31581221893167,1012.9616402116402,361.7771765271765,40.04850387573242,-33.988677978515625,7.56823441318761,0.8200019450290315,40.0426803794355,-34.65598455821188,0.005823496296919473,0.6673065796962518,0.6673319896535983
1226,40.84913124931447,34.34913124931447,1016.8672285330401,361.7141810186882,40.748558044433594,-33.96771240234375,7.5093047560192625,0.8231800748754152,40.73640633388603,-34.66388343336193,0.012151710547563255,0.6961710310181815,0.6962770773895616
1227,40.882450279697274,34.382450279697274,1017.0679951690821,361.8246376811594,40.784793853759766,-33.987178802490234,7.55183518608796,0.8258137734673818,40.77297079005807,-34.66452166831848,0.011823063701697833,0.6773428658282441,0.6774460441420506
1228,40.91576931008007,34.41576931008007,1017.1894106138419,361.7415015896307,40.80636978149414,-33.97186279296875,7.505176117520045,0.8156407106112988,40.794272885544444,-34.6648934977783,0.012096895949696318,0.6930307048095514,0.693136272821183
1229,40.94908834046287,34.44908834046287,1019.0254901960783,361.8816176470588,41.135860443115234,-33.99266815185547,7.4969120194539265,0.8271662380101913,41.12402623703821,-34.67064936393892,0.01183420607702601,0.6779812120834521,0.6780844876352948
1230,40.98240737084568,34.48240737084568,1021.8844717503914,362.11179375978793,41.6489143371582,-34.0272331237793,7.561405724245774,0.7865890791874424,41.6317504296609,-34.68269630661801,0.017163907497305786,0.6554631828387159,0.6556878706958333
1231,41.01572640122848,34.51572640122848,1023.2329839778339,362.10456571497406,41.890655517578125,-34.02261734008789,7.561405724245774,0.7991344680067942,41.873205175411094,-34.68901902165273,0.017450342167030897,0.6664016815648424,0.6666301190571845
1232,41.049045431611276,34.549045431611276,1022.9894430287586,362.2957165392549,41.847415924072266,-34.05774688720703,7.534029074901095,0.8061133476265449,41.83091448030573,-34.6879116008276,0.016501443766536283,0.6301647136205659,0.630380729352405
1233,41.082364461994075,34.582364461994075,1023.0708680429796,362.3163105155137,41.862060546875,-34.0612678527832,7.553203148273999,0.8328326036890409,41.845641204685336,-34.68829723367717,0.01641934218966412,0.6270293808939655,0.6272443218572895
1234,41.11568349237688,34.61568349237688,1025.9083913521436,362.3449370953951,42.370826721191406,-34.059478759765625,7.5093047560192625,0.8099766488910333,42.348304690833096,-34.704425325551846,0.02252203035831002,0.6449465657862206,0.6453396892884401
1235,41.14900252275968,34.64900252275968,1027.1307986609277,362.37302725968436,42.59003448486328,-34.06155014038086,7.590044932220003,0.824734999639598,42.56731771106124,-34.712073428746926,0.022716773802038404,0.6505232883660668,0.6509198111277409
1236,41.18232155314248,34.68232155314248,1030.9525370235494,362.45702840495267,43.275325775146484,-34.067352294921875,7.532657630623801,0.8216248657258436,43.245952853104875,-34.74010281483532,0.029372922041609684,0.6727505199134427,0.6733914393523799
1237,41.215640583525285,34.715640583525285,1032.0694856577645,362.7956231454006,43.476295471191406,-34.12577438354492,7.463764125238062,0.8120944573731124,43.44908608422927,-34.74897180324226,0.027209386962134374,0.6231974196973411,0.6237911306329059
1238,41.248959613908085,34.748959613908085,1033.4611151870872,362.73196380533136,43.72562789916992,-34.11085891723633,7.505176117520045,0.8026104535872155,43.691539482236145,-34.761304660217974,0.034088416933776955,0.6504457429816455,0.6513383795938912
1239,41.282278644290884,34.782278644290884,1033.455180014695,362.79365662503056,43.724708557128906,-34.12202072143555,7.4996677306366655,0.8014327485298602,43.6912060214412,-34.76128718427823,0.03350253568770967,0.6392664628426843,0.6401437576145715
1240,41.31559767467369,34.81559767467369,1033.5788510794,362.7567996097085,43.74679946899414,-34.11505889892578,7.51480607892272,0.8111638574237999,43.71287257083888,-34.76242268001689,0.033926898155257845,0.6473637810911086,0.648252188185288
1241,41.34891670505649,34.84891670505649,1038.133556547619,363.273685515873,44.56440734863281,-34.19724655151367,7.4526820640028655,0.8606699670659418,44.61721005032846,-34.583149541765906,-0.05280270169564716,0.38590299025223374,0.38949870756136673
1242,41.38223573543929,34.88223573543929,1039.2554128440368,363.0406116207951,44.765010833740234,-34.15239715576172,7.503799399886245,0.8087894323907951,44.73626637127726,-34.59095290531093,0.02874446246297424,0.4385557495492094,0.43949674581838966
1243,41.415554765822094,34.915554765822094,1039.5778512801664,363.0570868553228,44.82286071777344,-34.15458297729492,7.498290001639896,0.7947517092868829,44.794011451902556,-34.59473771785566,0.02884926587088188,0.440154740560736,0.441099167738251
1244,41.44887379620489,34.94887379620489,1040.5344869906726,363.53424153166424,44.9953727722168,-34.23842239379883,7.491397556023336,0.8594400768215408,44.97125719397279,-34.60635501756019,0.024115578244007452,0.36793262376136227,0.3687220860512196
1245,41.48219282658769,34.98219282658769,1042.4873949579833,363.54475703324806,45.34546661376953,-34.235530853271484,7.520303377447894,0.848959134586725,45.31966477396485,-34.62919085682394,0.02580183980467865,0.3936600035524549,0.3945046683300783
1246,41.5155118569705,35.0155118569705,1044.1926761246514,363.55668728022306,45.65116500854492,-34.23350524902344,7.536771214782576,0.8568077986791938,45.62012729432164,-34.651168139909664,0.031037714223280943,0.417662890886227,0.4188145533856798
1247,41.5488308873533,35.0488308873533,1043.8611721611721,363.48192918192916,45.59159851074219,-34.2208137512207,7.510680464514091,0.8302072931099103,45.55994997838608,-34.646696192855025,0.031648532356108205,0.42588244163432165,0.4270567687002596
1248,41.582149917736096,35.082149917736096,1043.9067205288286,363.4994491369813,45.599796295166016,-34.2238655090332,7.501045206583747,0.80819582811663,45.56832827928038,-34.64731880816155,0.03146801588563619,0.4234532991283473,0.4246209280834615
1249,41.6154689481189,35.1154689481189,1044.4038227416606,363.6495008522035,45.68921661376953,-34.24974822998047,7.521677074304259,0.8563035715261427,45.659170350255835,-34.65406954015118,0.030046263513696658,0.40432131017070816,0.40543618463241843
1250,41.6487879785017,35.1487879785017,1044.4057811928285,363.68203439443835,45.68963623046875,-34.255619049072266,7.51480607892272,0.8477184197389549,45.66002154354788,-34.654132794739326,0.029614686920872657,0.39851374566706,0.3996126063664802
1251,41.6821070088845,35.1821070088845,1048.9471264367814,364.1222020568663,46.504634857177734,-34.323978424072266,7.544991654835394,0.8446805697523087,46.47191763372308,-34.717717851744524,0.03271722345465378,0.39373942767225856,0.39509638522044144
1252,41.71542603926731,35.21542603926731,1053.5070355918174,364.3908005202791,47.322574615478516,-34.36130905151367,7.632125446569994,0.8684613956249083,47.30323107067835,-34.56219944520087,0.01934354480016509,0.20089039368719597,0.20181953077250125
1253,41.748745069650106,35.248745069650106,1055.8360263315378,364.6132854578097,47.74050521850586,-34.395774841308594,7.585960236472262,0.85798686866885,47.720610583917995,-34.60238852126786,0.01989463458786389,0.20661367995926838,0.2075692877852974
1254,41.782064100032905,35.282064100032905,1055.4461315979754,364.44805977343935,47.67027282714844,-34.36688995361328,7.5600392462868,0.8411550829856861,47.64826762778044,-34.59542268687758,0.022005199367995942,0.22853273326430212,0.22958971878652998
1255,41.81538313041571,35.31538313041571,1055.8403534253207,364.6197046719922,47.74128341674805,-34.39692306518555,7.543622203575393,0.8375058159853187,47.721491179035624,-34.60247331293358,0.01979223771242289,0.20555024774803599,0.2065009370994331
1256,41.84870216079851,35.34870216079851,1055.882452944748,364.55834851244686,47.74870300292969,-34.3857421875,7.531285936607034,0.8280063440815632,47.72777589985006,-34.60307846271899,0.02092710307962875,0.21733627521899024,0.21834147606300108
1257,41.88202119118131,35.38202119118131,1058.431464737794,365.1758890898131,48.20689392089844,-34.491024017333984,7.558672521292121,0.8436969761409818,48.19023880276666,-34.649486881267826,0.01665511813178,0.1584628639338419,0.15933572168882545
1258,41.915340221564115,35.415340221564115,1059.8706268221574,365.2758746355685,48.46504592895508,-34.50554656982422,7.529913992714312,0.8482357320794865,48.44707989466921,-34.676481967817054,0.017966034285869625,0.1709353979928352,0.17187695795228053
1259,41.948659251946914,35.448659251946914,1062.8867623604465,365.68874984664455,49.006507873535156,-34.572715759277344,7.492776552363782,0.8290505200664395,48.98793788886806,-34.73570242291927,0.018569984667095696,0.1629866636419237,0.16404114378917792
1260,41.98197828232971,35.48197828232971,1064.123465791712,365.91882367237815,49.228641510009766,-34.61123275756836,7.52854179880903,0.8274030594039318,49.2115571096746,-34.7611806148698,0.017084400335164673,0.14994785730144145,0.15091797985695946
1261,42.01529731271252,35.51529731271252,1064.1386054421769,365.8650388726919,49.23124313354492,-34.60148239135742,7.529913992714312,0.8344647636396931,49.21302871590873,-34.76134828322127,0.01821441763619447,0.15986589186384492,0.16090018145188112
1262,42.04861634309532,35.54861634309532,1064.829538609806,365.8103842910492,49.3549919128418,-34.58991622924805,7.561405724245774,0.8119823993645036,49.33389074842685,-34.77511877241679,0.021101164414943696,0.1852025431687423,0.1864007541182072
1263,42.08193537347812,35.58193537347812,1066.7141979857527,366.1277327437976,49.69343566894531,-34.64260482788086,7.488638801536112,0.8082180182482325,49.70914146695063,-34.677470406595404,-0.015705798005321014,0.034865578714544654,0.03823977863539556
1264,42.115254403860924,35.615254403860924,1070.0802536894741,366.5428710818392,50.29757308959961,-34.70931625366211,7.51480607892272,0.798256679533939,50.30296891838486,-34.66690157389691,-0.005395828785253798,-0.04241467976520141,0.042756520296492316
1265,42.14857343424372,35.64857343424372,1070.41565897154,366.51288628313176,50.357635498046875,-34.70307540893555,7.5093047560192625,0.7970883604360235,50.36129347075135,-34.674321394116895,-0.0036579727044738775,-0.02875401481865225,0.02898575740769851
1266,42.18189246462652,35.68189246462652,1070.3414663753338,366.49247390143233,50.34429168701172,-34.6995735168457,7.532657630623801,0.7956852126385517,50.34772377377227,-34.67259511062325,-0.003432086760554398,-0.02697840622245451,0.02719583831831159
1267,42.21521149500933,35.71521149500933,1073.8210475848016,366.9997602780774,50.968963623046875,-34.78264617919922,7.580510551690959,0.8160907323136956,50.972671008567076,-34.75540482555799,-0.003707385520201001,-0.027241353641230148,0.027492472708033358
1268,42.24853052539213,35.74853052539213,1072.5618518518518,365.4688888888889,50.74021911621094,-34.509273529052734,7.469298990014461,0.8171778389890347,50.71155833720878,-34.719868950590666,0.02866077900215913,0.21059542153793132,0.21253675405856182
1269,42.281849555774926,35.781849555774926,1072.1785757908879,364.48589226823015,50.66954803466797,-34.332679748535156,7.5093047560192625,0.8099766488910333,50.61857607570378,-34.70721462017524,0.05097195896419038,0.3745348716400869,0.37798744777453064
1270,42.31516858615773,35.81516858615773,1072.8058979937152,364.6368141165095,50.782291412353516,-34.358394622802734,7.549098518056046,0.8120321516671193,51.001141779487995,-34.53248088391912,-0.21885036713447903,0.17408626111638625,0.2796453280574858
1271,42.34848761654053,35.84848761654053,1074.526335040234,364.8015118263838,51.09099197387695,-34.38391876220703,7.516180780494436,0.8049658767818955,51.06877701660019,-34.54198639659816,0.022214957276766256,0.1580676343911307,0.15962105553095654
1272,42.38180664692333,35.88180664692333,1075.4058235867444,364.8940058479532,51.248817443847656,-34.398468017578125,7.518929429619227,0.8186327908672348,51.225550700188485,-34.56401950094904,0.02326674365917114,0.16555148337091197,0.16717845257930497
1273,42.415125677306136,35.915125677306136,1077.1261423761423,364.5735930735931,51.5565071105957,-34.33637619018555,7.56823441318761,0.8200019436875772,51.5187232654428,-34.60522221798172,0.03778384515290156,0.2688460277961724,0.2714881316306824
1274,42.448444707688935,35.948444707688935,1078.7070226773958,365.1566691050963,51.84102249145508,-34.437808990478516,7.516180780494436,0.808760938447658,51.80980076458243,-34.64671844301354,0.031221726872651345,0.2089094525350248,0.21122962762688907
1275,42.481763738071734,35.981763738071734,1078.7093704245974,364.7022938018545,51.84054183959961,-34.35573959350586,7.513431125827519,0.8174359579567382,51.797333229077786,-34.64485515734802,0.04320861052182323,0.2891155638421594,0.29232651826168005
1276,42.51508276845454,36.01508276845454,1080.7563963963964,364.4413213213213,52.2069206237793,-34.30358123779297,7.5723286706757165,0.8508125563608536,52.14808269437747,-34.69727501615972,0.058837929401825306,0.3936937783667531,0.3980661918085789
1277,42.54840179883734,36.04840179883734,1083.234779438571,365.04958075100257,52.65232849121094,-34.4073600769043,7.52854179880903,0.8274030635044072,52.890816049744046,-34.586023830674606,-0.23848755853310877,0.17866375377030863,0.2979883428699526
1278,42.58172082922014,36.08172082922014,1083.7591792656588,365.0226781857451,52.74626922607422,-34.401214599609375,7.576420715649159,0.8351500479685614,52.890816049744046,-34.586023830674606,-0.14454682366982752,0.1848092310652305,0.23462360520620676
1279,42.61503985960294,36.11503985960294,1087.405643092708,365.70941736899965,53.40116500854492,-34.516292572021484,7.5093047560192625,0.8707785639995046,53.37691549763103,-34.66519015290158,0.02424951091389005,0.14889758088009586,0.15085929991719954
1280,42.648358889985744,36.148358889985744,1089.2554985337244,365.847018572825,53.732975006103516,-34.53660583496094,7.507928795447745,0.8632373098439172,53.70168568197529,-34.718698975345326,0.03128932412822394,0.18209314038438862,0.1847618293356334
1281,42.68167792036854,36.18167792036854,1090.2435100548446,365.5854966483851,53.90955352783203,-34.48695373535156,7.517555230680652,0.848338771478429,53.864912957635575,-34.746746551019626,0.04464057019645651,0.2597928156680638,0.263600241995726
1282,42.71499695075134,36.21499695075134,1090.4000978234287,365.78894595255565,53.93801498413086,-34.52330780029297,7.505176117520045,0.8386296776563672,53.89862577870632,-34.75253947316668,0.039389205424541274,0.22923167287370916,0.23259120652435664
1283,42.74831598113415,36.24831598113415,1090.4900524838276,365.79860856829,53.954158782958984,-34.52483367919922,7.512055921070722,0.8333224076506883,53.91456125984263,-34.755277689627555,0.039597523116356115,0.23044401042833584,0.23382131164469444
1284,42.78163501151695,36.28163501151695,1091.1670923020795,364.8907941140703,54.07374572753906,-34.35922622680664,7.525796660413736,0.8267997788257792,54.00307808823529,-34.770487662548746,0.07066763930377107,0.41126143574210516,0.4172887295068315
1285,42.814954041899746,36.314954041899746,1092.1735159817351,365.01189617880317,54.25434494018555,-34.37862777709961,7.570964164191861,0.820593578366424,54.18173603539189,-34.801186712523204,0.072608904793654,0.422558935423595,0.42875180111768146
1286,42.84827307228255,36.34827307228255,1092.8495056755767,365.46503112413035,54.37637710571289,-34.45880126953125,7.512055921070722,0.8373221992904372,54.49800097100362,-34.788477182127544,-0.12162386529072933,0.3296759125962936,0.35139517918499746
1287,42.88159210266535,36.38159210266535,1094.5374984952448,365.56795473696883,54.67910385131836,-34.47325134277344,7.56413793959212,0.8732014079892657,54.759769669526214,-34.69190561074487,-0.08066581820785501,0.21865426797143073,0.23305935537812025
1288,42.91491113304815,36.41491113304815,1096.1859851211902,364.8243340532757,54.97315216064453,-34.33490753173828,7.576420715649159,0.8488523791487242,55.06225170216479,-34.58307030966976,-0.08909954152025534,0.24816277793147634,0.26367307911462434
1289,42.94823016343096,36.44823016343096,1098.1731663685152,365.06332737030414,55.32975769042969,-34.37319564819336,7.5995673509706565,0.8471117827147172,55.29524565971348,-34.55497575025949,0.034512030716207676,0.18178010206612782,0.18502725683349552
1290,42.981549193813755,36.481549193813755,1099.0505705705705,365.0813213213213,55.487030029296875,-34.37429428100586,7.5723286706757165,0.8410501613330529,55.44724762780365,-34.58383422559329,0.03978240149322687,0.20953994458743352,0.2132829759879419
1291,43.014868224196555,36.514868224196555,1099.1727761485824,365.0910312805474,55.508949279785156,-34.37574768066406,7.507928795447745,0.8392449584849152,55.46867061729226,-34.587901507231166,0.04027866249289502,0.21215382656710347,0.21594354998304804
1292,43.04818725457936,36.54818725457936,1099.5754934011381,365.17132824797187,55.581275939941406,-34.389259338378906,7.542252503663317,0.830419471837556,55.5409569645556,-34.60162549906943,0.04031897538580864,0.2123661606905216,0.21615967705054032
1293,43.08150628496216,36.58150628496216,1101.5883497506993,365.76590052292346,55.94316101074219,-34.49169921875,7.525796660413736,0.8746075557314271,55.90902378459847,-34.6715051682662,0.034137226143720056,0.17980594951620077,0.18301783981407393
1294,43.11482531534496,36.61482531534496,1101.878581661891,364.44173829990444,55.992671966552734,-34.25184631347656,7.595487776183891,0.8490618191236571,55.912859002042545,-34.672233307048884,0.07981296451018949,0.4203869935723219,0.42789640530002143
1295,43.148144345727765,36.648144345727765,1101.028191167574,363.5524500907441,55.838592529296875,-34.09332275390625,7.544991654835394,0.8406456336319192,55.735090636247186,-34.63848292826172,0.10350189304968893,0.5451601743554733,0.5548984209458153
1296,43.181463376110564,36.681463376110564,1103.1843588820918,363.6411179081204,56.22520065307617,-34.10404586791992,7.577784239589947,0.8479688609733661,56.10463588148083,-34.71016590552028,0.1205647715953404,0.6061200376003555,0.6179946311502171
1297,43.21478240649336,36.71478240649336,1105.6759496763161,364.3762061805301,56.67313003540039,-34.23069763183594,7.5093047560192625,0.8099766475637697,56.850084988834425,-34.76733041370284,-0.17695495343403422,0.5366327818668992,0.5650555708238334
1298,43.24810143687617,36.74810143687617,1106.4229893323743,364.14886731391584,56.806602478027344,-34.18780517578125,7.580510551690959,0.8485791314447795,56.98322428462294,-34.7234276580707,-0.17662180659559823,0.5356224822894475,0.5639917606658829
1299,43.28142046725897,36.78142046725897,1108.6046681254559,364.76063700461947,57.19873809814453,-34.292945861816406,7.527169354754457,0.8165563042277723,57.30339373822901,-34.61988998857452,-0.1046556400844807,0.32694412675811435,0.3432859813961507
1300,43.31473949764177,36.81473949764177,1108.6443236714974,364.52487922705313,57.20541000366211,-34.25026321411133,7.55183518608796,0.8258137802608071,57.32183851173719,-34.61398577002546,-0.11642850807508154,0.36372255591412994,0.3819027299893216
1301,43.34805852802457,36.84805852802457,1110.6510530137982,363.8143306705398,57.56374740600586,-34.11701583862305,7.543622203575393,0.8375058173744713,57.50767880764393,-34.55449782230038,0.05606859836193223,0.4374819836773298,0.4410602835945707
1302,43.38137755840737,36.88137755840737,1111.1982800387595,363.92744670542635,57.66203308105469,-34.136104583740234,7.540882554963675,0.8195342630323957,57.568331725346376,-34.567666861642756,0.09370135570831195,0.4315622779025219,0.44161741787432834
1303,43.41469658879017,36.91469658879017,1111.1728395061727,363.95182764463806,57.657527923583984,-34.140567779541016,7.543622203575393,0.8472436330978852,57.56495481577187,-34.566933662701516,0.09257310781211459,0.42636588316049995,0.43629995027873486
1304,43.44801561917298,36.94801561917298,1111.0164933667982,362.95553961993545,57.62766647338867,-33.96101379394531,7.591406009059102,0.8317032624938618,57.50767880764393,-34.55449782230038,0.11998766574474473,0.5934840283550642,0.6054918098896361
1305,43.48133464955578,36.98133464955578,1112.1133308669378,362.8887655691207,57.824119567871094,-33.94626235961914,7.473447448534798,0.834384824058886,57.68375803776534,-34.592728370750166,0.14036153010575703,0.6464660111310252,0.6615282780662427
1306,43.514653679938576,37.014653679938576,1113.4690860215053,362.90102639296185,58.067142486572266,-33.945152282714844,7.507928795447745,0.8031993146294059,57.91561004839713,-34.6430683768913,0.1515324381751384,0.6979160941764562,0.7141771169183608
1307,43.54797271032138,37.04797271032138,1114.5924848484847,363.5312727272727,58.2696418762207,-34.05622863769531,7.538141910659106,0.8419649192686538,58.449983286374575,-34.65543754018583,-0.18034141015387206,0.599208902490517,0.6257590055605887
1308,43.58129174070418,37.08129174070418,1117.4332601268911,364.3277208394338,58.78020477294922,-34.1931037902832,7.513431125827519,0.8043770288600388,59.08662889916368,-34.46780532837617,-0.30642412621445914,0.2747015380929696,0.4115296832027284
1309,43.61461077108698,37.11461077108698,1120.500060320907,364.95849921582817,59.33095932006836,-34.299495697021484,7.555938329659423,0.8334358911252373,59.280574259524265,-34.5134733986847,0.05038506054409453,0.21397770166321806,0.21982973214537024
1310,43.647929801469786,37.147929801469786,1120.3745754488111,364.4245511887433,59.30752944946289,-34.20337677001953,7.535400269575277,0.831705440886768,59.236931198561805,-34.503196821958106,0.07059825090108518,0.29982005193857475,0.30801976653251045
1311,43.681248831852585,37.181248831852585,1123.4532079112396,365.27110467920886,59.86077880859375,-34.34870910644531,7.557305549127712,0.8585460722454362,59.93323524121099,-34.61447622409715,-0.072456432617237,0.2657671176518406,0.2754670496676208
1312,43.714567862235384,37.214567862235384,1123.0310445580717,364.699780861943,59.78408432006836,-34.24656295776367,7.521677074304259,0.8326401336133996,59.69808608957535,-34.611784384696264,0.08599823049301136,0.3652214269325924,0.37520978976914776
1313,43.74788689261819,37.24788689261819,1122.85978353399,364.30001216101175,59.75267791748047,-34.17478942871094,7.525796660413736,0.8267997774599507,59.652316958005045,-34.60100718479508,0.10036095947542378,0.42621775608414225,0.4378742945049744
1314,43.78120592300099,37.28120592300099,1126.2967376911038,365.1221861081016,60.37010192871094,-34.31483840942383,7.56413793959212,0.8257390955999282,60.313073143659004,-34.54356837317282,0.05702878505193354,0.22872996374898946,0.23573221808041783
1315,43.81452495338379,37.31452495338379,1128.1042654028436,365.928545388261,60.69544982910156,-34.45602798461914,7.52854179880903,0.8752457224995639,60.65252191185813,-34.62820245661549,0.042927917243432034,0.1721744719963496,0.177445357465561
1316,43.847843983766595,37.347843983766595,1128.347277797987,365.8187219595004,60.73881149291992,-34.43559646606445,7.536771214782576,0.8771602317459283,60.68854977363972,-34.637185211440205,0.05026171928020062,0.20158874537575144,0.20776010850779617
1317,43.881163014149394,37.381163014149394,1127.4762422923468,365.08862289928663,60.5814094543457,-34.305885314941406,7.547729811940535,0.8593012342761813,60.50991203040327,-34.592645819686645,0.07149742394243219,0.2867605047452386,0.2955392845496989
1318,43.91448204453219,37.41448204453219,1126.4745269286755,363.37542455118876,60.39884948730469,-33.99893569946289,7.535400269575277,0.8738166584381472,60.26598454731951,-34.531827867490804,0.13286493998517557,0.5328921680279137,0.5492059313433847
1319,43.947801074915,37.447801074915,1128.6378645456734,362.969992769342,60.78583526611328,-33.920406341552734,7.5600392462868,0.8411550815904806,60.611887867467324,-34.61807125148009,0.1739473986459572,0.6976649099273544,0.719022964890301
1320,43.9811201052978,37.4811201052978,1131.1254208754208,363.49410774410774,61.23257064819336,-34.00896453857422,7.56823441318761,0.8669369935326233,61.386031383064584,-34.61321762750592,-0.15346073487122425,0.6042530889316993,0.6234356363175882
1321,44.0144391356806,37.5144391356806,1130.4801457194899,362.4809957498482,61.11514663696289,-33.82756805419922,7.531285936607034,0.8555610823110844,61.3189997229959,-34.630241500452875,-0.203853086033007,0.8026734462536567,0.8281550229310346
1322,44.0477581660634,37.5477581660634,1131.6933870180574,362.92752562225473,61.33336639404297,-33.905242919921875,7.513431125827519,0.8445262463706841,61.415789595212246,-34.605660004403475,-0.08242320116927715,0.7004170844816002,0.7052500806981139
1323,44.0810771964462,37.5810771964462,1133.3931316042265,363.40489913544667,61.63883972167969,-33.9872932434082,7.573692931324687,0.844196128345196,61.47213195152201,-34.62049370889022,0.16670777015767868,0.6332004654820196,0.6547780617259498
1324,44.114396226829,37.614396226829,1134.5074626865671,363.6260162601626,61.83891677856445,-34.02449035644531,7.534029074901095,0.8765220560358374,61.668397950421316,-34.672166234129705,0.17051882814313757,0.6476758776843923,0.6697467530981817
1325,44.14771525721181,37.64771525721181,1135.3983061101028,363.735632183908,61.99876403808594,-34.04210662841797,7.544991654835394,0.8406456322352011,61.822220900264774,-34.7126644370929,0.17654313782116304,0.6705578086749284,0.6934084325177075
1326,44.181034287594606,37.681034287594606,1137.2464653726336,363.08998322549724,62.328853607177734,-33.92096710205078,7.581873340115757,0.8363525664567566,62.51616390415449,-34.71644549211571,-0.1873102969767544,0.7954783900649289,0.8172337587335775
1327,44.214353317977405,37.714353317977405,1140.7611491765836,364.1846375766318,62.960601806640625,-34.110042572021484,7.56959941174018,0.8684809544342954,63.065270190383366,-34.59211591846267,-0.1046683837427409,0.48207334644118305,0.493305363749796
1328,44.247672348360204,37.747672348360204,1141.1999759065172,364.3069509697626,63.03945541381836,-34.13105773925781,7.561405724245774,0.8483597648184928,63.13621643434946,-34.57671197890996,-0.09676102053109759,0.4456542396521499,0.4560377138068247
1329,44.28099137874301,37.78099137874301,1141.2294945159751,363.3135431568908,63.04304504394531,-33.95157241821289,7.600926722656866,0.8643101701509636,63.17686013650575,-34.56788736612972,-0.13381509256043955,0.6163149479168268,0.6306747133211225
1330,44.31431040912581,37.81431040912581,1142.2550295145163,363.7124442838212,63.227508544921875,-34.02109909057617,7.561405724245774,0.8582644930695413,63.338603087276795,-34.53276952905375,-0.11109454235491967,0.5116704384775801,0.5235920501238422
1331,44.34762943950861,37.84762943950861,1144.0257051053195,364.2879923836725,63.54582595825195,-34.12070083618164,7.6077199376356965,0.8448982781798641,63.43411061587044,-34.51203281185717,0.11171534238151537,0.39133197567552713,0.4069656409447001
1332,44.380948469891415,37.880948469891415,1144.905639913232,364.6336466618462,63.7040901184082,-34.180965423583984,7.5600392462868,0.8550364587387269,63.59585867530086,-34.55841332155428,0.10823144310734278,0.3774478979702991,0.3926588353256492
1333,44.414267500274214,37.914267500274214,1146.0499037999036,364.4100529100529,63.90877151489258,-34.13778305053711,7.56823441318761,0.8429797130039088,63.773547622170234,-34.60936480716941,0.13522389272234392,0.47158175663230395,0.49058623538720847
1334,44.44758653065701,37.94758653065701,1145.954408757368,363.2020931071815,63.88961410522461,-33.919857025146484,7.566869168400964,0.8495861641280855,63.69810411542201,-34.5877317297239,0.19150998980259715,0.6678747045774145,0.6947896783981174
1335,44.48090556103982,37.98090556103982,1146.8143080062416,363.21966150522144,64.04373931884766,-33.920921325683594,7.5750569462716,0.8555222715755666,63.84080151590367,-34.62864955087179,0.20293780294398545,0.7077282251881982,0.7362492734066153
1336,44.51422459142262,38.01422459142262,1148.2715913267182,363.69263751071907,64.30569458007812,-34.00276565551758,7.498290001639896,0.8580646555214128,64.4389525558341,-34.6726987396763,-0.1332579757559813,0.6699330841587212,0.6830578491994642
1337,44.54754362180542,38.04754362180542,1148.8951554591467,363.0630272354784,64.41637420654297,-33.88752746582031,7.5600392462868,0.8090037055030868,64.5674695628314,-34.64713511756592,-0.15109535628843673,0.7596076517456041,0.7744892454272045
1338,44.58086265218822,38.08086265218822,1149.3144336102082,362.26929095943177,64.49018096923828,-33.74314498901367,7.56413793959212,0.8352457424314572,64.60443512619332,-34.639782209846075,-0.11425415695504171,0.8966372208324032,0.9038873370965892
1339,44.61418168257102,38.11418168257102,1151.4627773801003,362.5552374135051,64.87565612792969,-33.78952407836914,7.598207736083495,0.8496700267771504,64.61848484614669,-34.64401069560142,0.25717128178300186,0.8544866172322827,0.892347716533741
1340,44.64750071295382,38.14750071295382,1152.3560524101454,362.32059141723767,65.03535461425781,-33.74495315551758,7.56959941174018,0.8364523118146244,64.75261907069242,-34.68438051504825,0.2827355435653942,0.9394273595306686,0.9810520635674658
1341,44.68081974333663,38.18081974333663,1153.7677753675584,362.0838756326826,65.28795623779297,-33.698734283447266,7.5600392462868,0.8411550829856861,64.97148538625106,-34.750251799368236,0.3164708515419079,1.0515175159209704,1.098108777018137
1342,44.71413877371943,38.21413877371943,1157.21097811631,362.74235279893605,65.90608215332031,-33.80921936035156,7.547729811940535,0.8221605919430885,66.06522147816968,-34.735355677700895,-0.1591393248493631,0.9261363173493322,0.9397094247834774
1343,44.747457804102226,38.247457804102226,1158.2753834915998,363.045045045045,66.09733581542969,-33.86127853393555,7.521677074304259,0.8326401377566454,66.2349813989071,-34.70645411176029,-0.13764558347740774,0.8451755778247403,0.8563107286506573
1344,44.78077683448503,38.28077683448503,1158.0032258064516,362.1459976105137,66.04707336425781,-33.69956970214844,7.592766841912027,0.834790015629319,66.21167312026763,-34.710250105986056,-0.1645997560098209,1.0106804038376183,1.0239960734201394
1345,44.81409586486783,38.31409586486783,1156.9126165930288,361.32817869415805,65.85028076171875,-33.554534912109375,7.491397556023336,0.8594400797298372,66.05352813675844,-34.73736496124,-0.2032473750396946,1.1828300491306223,1.2001651638782374
1346,44.84741489525063,38.34741489525063,1160.2699045547904,362.4495590189682,66.45378112792969,-33.74884033203125,7.550466976060227,0.8188807527630491,66.60005539848368,-34.64699803541047,-0.14627427055398812,0.8981577033792192,0.9099908913640481
1347,44.880733925633436,38.380733925633436,1161.7588678328473,362.78790087463557,66.7211685180664,-33.806297302246094,7.529913992714312,0.8344647650238015,66.84471961837177,-34.60902169049586,-0.12355110030536309,0.8027243882497643,0.8121769006057882
1348,44.914052956016235,38.414052956016235,1161.971268565863,361.7980277574872,66.75762176513672,-33.62699508666992,7.521677074304259,0.8563035729665159,66.90728788977115,-34.59939151245623,-0.14966612463443596,0.9723964257863074,0.983846917840919
1349,44.947371986399034,38.447371986399034,1163.4363014535238,361.7293269818004,67.02003479003906,-33.61099624633789,7.5093047560192625,0.8564184836412211,67.15787073397172,-34.56163420370248,-0.1378359439326573,0.9506379573645916,0.9605786138688127
1350,44.98069101678184,38.48069101678184,1166.7304452466906,362.7767749699158,67.612060546875,-33.792091369628906,7.5655036772469435,0.8562729525471776,67.49877453906,-34.51220550437425,0.11328600781500597,0.7201141347453444,0.7289705663651294
1351,45.01401004716464,38.51401004716464,1166.3433140933141,362.39802789802786,67.54206085205078,-33.72464370727539,7.56823441318761,0.8294042722284084,67.49877453906,-34.51220550437425,0.043286312990787223,0.78756179709886,0.7887504606286594
1352,45.04732907754744,38.54732907754744,1165.9329977226416,361.48435814455235,67.4670639038086,-33.56062316894531,7.580510551690959,0.866781554066215,67.49877453906,-34.51220550437425,-0.031710635251400277,0.9515823354289381,0.9521105531861515
1353,45.080648107930244,38.580648107930244,1166.696991929567,361.7597212032282,67.60443115234375,-33.608489990234375,7.505176117520045,0.8525505975092275,67.49877453906,-34.51220550437425,0.10565661328375597,0.9037155141398756,0.9098708976704842
1354,45.11396713831304,38.61396713831304,1170.3042857142857,362.7235714285714,68.25240325927734,-33.77372360229492,7.606361779999659,0.8417639114043745,67.95431147634858,-34.66462603145132,0.2980917829287648,0.8909024291563981,0.9394497588090704
1355,45.14728616869584,38.64728616869584,1171.9511078998073,363.52926300578036,68.54877471923828,-33.915191650390625,7.562771955302954,0.8556547034970913,68.64970329940913,-34.708555112701205,-0.10092858017084438,0.7933634623105803,0.7997575642810352
1356,45.18060519907865,38.68060519907865,1172.0437964962803,362.21310295176386,68.56330871582031,-33.67726135253906,7.576420715649159,0.85874594158776,68.68485267936758,-34.7041811154627,-0.12154396354726771,1.0269197629236402,1.0340875855351543
1357,45.21392422946145,38.71392422946145,1173.2859393939393,361.66727272727275,68.78502655029297,-33.57563400268555,7.538141910659106,0.8848514653576708,68.9153696899645,-34.676897629308684,-0.1303431396715382,1.1012636266231368,1.1089503638047005
1358,45.24724325984425,38.74724325984425,1172.4650576368877,360.7066522574448,68.63641357421875,-33.404144287109375,7.573692931324687,0.8345487894111345,68.78882654759484,-34.691874997199186,-0.15241297337608728,1.2877307100898108,1.2967189734717959
1359,45.28056229022705,38.78056229022705,1173.8669558929862,360.15690527838035,68.88676452636719,-33.30140686035156,7.5600392462868,0.8550364573088424,69.04771067936063,-34.66123404100147,-0.1609461529934464,1.3598271806499085,1.3693186719670731
1360,45.31388132060985,38.81388132060985,1175.6890266131973,360.22615141572487,69.21340942382812,-33.309452056884766,7.52854179880903,0.8650023322748018,69.35767828998623,-34.626761670186205,-0.1442688661581002,1.3173096133014397,1.3251860711005576
1361,45.34720035099265,38.84720035099265,1176.2702475366498,360.25919250180243,69.31761169433594,-33.31399154663086,7.570964164191861,0.8717784496052873,69.46015429285087,-34.61553872260242,-0.142542598514936,1.3015471759715638,1.3093293870034932
1362,45.38051938137546,38.88051938137546,1179.1526190476188,361.2286904761904,69.83564758300781,-33.48203659057617,7.606361779999659,0.8947146605196492,69.9447995009601,-34.56602524473091,-0.10915191795228907,1.0839886541547372,1.0894703041060192
1363,45.413838411758256,38.913838411758256,1180.27121102248,360.9574570945129,70.03569030761719,-33.43030548095703,7.549098518056046,0.8525634639806735,69.97501780538688,-34.56298242147551,0.06067250223030385,1.1326769405184791,1.134300755579925
1364,45.447157442141055,38.947157442141055,1178.8827049670854,359.8957510472771,69.78520965576172,-33.241939544677734,7.585960236472262,0.8825326402990099,69.91880167790812,-34.56864308785854,-0.1335920221464022,1.3267035431808054,1.333412584262526
1365,45.48047647252386,38.98047647252386,1178.6272118603538,359.57747489239597,69.73892211914062,-33.18507766723633,7.590044932220003,0.8618371782371711,69.87864697679834,-34.572686453648515,-0.13972485765771125,1.387608786412187,1.394625820776229
1366,45.51379550290666,39.01379550290666,1178.3869912790697,359.6762354651163,69.69602966308594,-33.20350646972656,7.540882554963675,0.8606820426602818,69.83434800396294,-34.57714712565811,-0.13831834087700656,1.3736406559315455,1.380587054499286
1367,45.54711453328946,39.04711453328946,1176.832251862533,358.3965392934391,69.4154052734375,-32.97616195678711,7.570964164191861,0.8575094449174722,69.57920302604381,-34.60283887398871,-0.1637977526063139,1.6266769172015998,1.6349029013110778
1368,45.580433563672266,39.080433563672266,1174.1823010986357,356.47748400338037,68.93745422363281,-32.63597869873047,7.553203148273999,0.8465201729186733,69.1578768666595,-34.64864348484015,-0.22042264302669423,2.0126647861096814,2.0246989116421243
1369,45.613752594055065,39.113752594055065,1172.9383120825744,355.4301153612629,68.71286010742188,-32.44981002807617,7.531285936607034,0.880183343462291,68.9756094230692,-34.66976778704746,-0.2627493156473264,2.21995775897129,2.23545289695175
1370,45.647071624437864,39.147071624437864,1172.3592632981945,354.95225978432086,68.60830688476562,-32.364898681640625,7.539512357340851,0.8475123417477652,68.88241168742735,-34.68079846596954,-0.274104802661725,2.315899784328913,2.3320645904213135
1371,45.68039065482067,39.18039065482067,1172.1190819514538,354.9072338380197,68.56520080566406,-32.35734939575195,7.570964164191861,0.8575094477855129,68.84078229341982,-34.68572562944465,-0.2755814877557583,2.328376233692694,2.3446281244620972
1372,45.71370968520347,39.21370968520347,1169.8937861271677,353.3333333333333,68.1638412475586,-32.07843780517578,7.562771955302954,0.8556547034970913,68.09351239315447,-29.776555853718047,0.07032885440412429,-2.3018819514577338,2.302956071272021
1373,45.74702871558627,39.24702871558627,1168.683357348703,352.3138808837656,67.94524383544922,-31.897197723388672,7.573692931324687,0.8622734821070437,67.88065106631325,-29.783059355452448,0.06459276913597023,-2.1141383679362242,2.11512488156248
1374,45.780347745969074,39.280347745969074,1168.5454108023575,352.2162877420907,67.92036437988281,-31.879901885986328,7.566869168400964,0.8636647545071102,67.85632275615346,-29.78380265255421,0.06404162372935218,-2.096099233432117,2.0970773295147223
1375,45.81366677635187,39.31366677635187,1167.1602377486656,351.3848859776807,67.6707534790039,-31.733064651489258,7.535400269575277,0.8594310513192059,67.59453704668942,-29.793226913211026,0.07621643231448161,-1.9398377382782321,1.9413344367736216
1376,45.84698580673467,39.34698580673467,1165.1736936936936,349.9769369369369,67.31238555908203,-31.483505249023438,7.5723286706757165,0.8275283379225541,67.23191774414252,-29.80825968206502,0.08046781493951016,-1.6752455669584165,1.67717702668948
1377,45.88030483711747,39.38030483711747,1164.9811984473556,349.646288209607,67.27734375,-31.424226760864258,7.535400269575277,0.8222232815056877,67.19979739348237,-29.8098025331453,0.07754635651762953,-1.6144242277189562,1.6162855640186569
1378,45.91362386750028,39.41362386750028,1164.7225042301184,349.49951655789215,67.2307357788086,-31.398332595825195,7.549098518056046,0.8525634654064226,67.15453763208492,-29.811976515381797,0.07619814672366942,-1.586356080443398,1.5881850558180752
1379,45.946942897883076,39.446942897883076,1162.5895585227956,348.2326476602911,66.84632873535156,-31.174604415893555,7.566869168400964,0.8358490257412668,66.88591971752594,-29.824879159068484,-0.03959098217437429,-1.3497252568250708,1.3503057856578395
1380,45.980261928265875,39.480261928265875,1162.3977841315225,348.16666666666663,66.81184387207031,-31.163150787353516,7.603644736948159,0.8371836760017883,66.88591971752594,-29.824879159068484,-0.07407584545562429,-1.3382716282850318,1.3403201788948176
1381,46.01358095864868,39.51358095864868,1162.3976797033847,348.23394330821674,66.81193542480469,-31.175312042236328,7.588683611263451,0.8406752894422439,66.88591971752594,-29.824879159068484,-0.07398429272124929,-1.3504328831678443,1.3524580021244579
1382,46.04689998903148,39.54689998903148,1162.4055716353112,348.2659189580318,66.81338500976562,-31.181072235107422,7.557305549127712,0.8405468683309444,66.88591971752594,-29.824879159068484,-0.07253470776031179,-1.356193076038938,1.3581314160735074
1383,46.08021901941428,39.58021901941428,1159.126719768284,346.09497948346603,66.2220458984375,-30.796730041503906,7.554570862752983,0.8170437810443343,66.54538554840413,-29.722390007105375,-0.323339649966627,-1.0743400343985314,1.1219425291662575
1384,46.113538049797086,39.613538049797086,1160.4259997583665,345.2819862268938,66.45365142822266,-30.6466007232666,7.550466976060227,0.8322293272572069,66.71632363543938,-29.773836531909684,-0.262672207216724,-0.872764191356918,0.9114351442417614
1385,46.146857080179885,39.646857080179885,1160.3996623251326,345.0139893873613,66.44847869873047,-30.598222732543945,7.557305549127712,0.817635415711567,66.69822973662336,-29.768390886469337,-0.2497510378928922,-0.8298318460746081,0.8666005271681809
1386,46.180176110562684,39.680176110562684,1157.3345401882693,343.1576152546464,65.89591979980469,-30.270166397094727,7.554570862752983,0.8170437863907942,65.85231117255965,-29.604827317162957,0.043608627245035336,-0.6653390799317691,0.6667666785725345
1387,46.21349514094549,39.71349514094549,1154.8041485769415,341.526169802219,65.43953704833984,-29.981430053710938,7.557305549127712,0.8176354130364012,65.41385010445315,-29.635770474381996,0.025686943886697122,-0.34565957932894165,0.34661270009637446
1388,46.24681417132829,39.74681417132829,1152.334306569343,340.2273722627737,64.99453735351562,-29.75266456604004,7.524423715649887,0.8198296156886326,64.98763300725908,-29.66957336646818,0.006904346256547456,-0.08309119957185729,0.08337755959201804
1389,46.28013320171109,39.78013320171109,1152.2102471368294,340.22374924653406,64.9722671508789,-29.75231170654297,7.558672521292121,0.8340391716784753,64.96554463514636,-29.67140876865392,0.006722515732548118,-0.08090293788905001,0.08118175642873121
1390,46.313452232093894,39.813452232093894,1152.290723155588,340.3050888726564,64.98685455322266,-29.76681900024414,7.521677074304259,0.8192311999107578,64.97883481171952,-29.670304440140857,0.00801974150313356,-0.09651456010328374,0.09684718150626508
1391,46.34677126247669,39.84677126247669,1152.0974990938746,340.2584269662921,64.9521255493164,-29.75885581970215,7.550466976060227,0.8227570033615592,64.9450011034539,-29.67311580449969,0.007124445862501716,-0.08574001520245744,0.08603550392579422
1392,46.38009029285949,39.88009029285949,1152.091072714183,340.1606671466282,64.9508056640625,-29.741199493408203,7.576420715649159,0.8351500479685614,64.94514733610771,-29.673103653503183,0.0056583279547908205,-0.06809583990501977,0.06833052090840556
1393,46.4134093232423,39.9134093232423,1152.0670028818445,340.10122478386165,64.9463882446289,-29.730510711669922,7.573692931324687,0.8306011010569426,64.94164228671698,-29.67339490064806,0.004745957911922005,-0.057115811021862584,0.05731265117918429
1394,46.4467283536251,39.9467283536251,1152.1226608716647,340.1761439092116,64.95649719238281,-29.743919372558594,7.553203148273999,0.8328326064406297,64.95057538171339,-29.672652617694922,0.005921810669420324,-0.07126675486367162,0.07151236389886104
1395,46.4800473840079,39.9800473840079,1152.1925140209703,340.23213850280416,64.96910858154297,-29.75387191772461,7.516180780494436,0.8314237099150029,64.96227897018956,-29.671680124486258,0.006829611353410314,-0.08219179323835135,0.08247505360395063
1396,46.5133664143907,40.0133664143907,1156.4354256854258,342.56421356421356,65.73372650146484,-30.16509246826172,7.56823441318761,0.8294042735930007,65.69766911721166,-29.614963092967333,0.0360573842531835,-0.5501293752943859,0.5513097718351934
1397,46.5466854447735,40.0466854447735,1157.8208511650023,344.34522111269615,65.98504638671875,-30.483652114868164,7.611792956543152,0.8162913287343123,65.92712377540339,-29.59992384011036,0.05792261131536236,-0.8837282747578037,0.8856244647185367
1398,46.5800044751563,40.0800044751563,1146.8910761154855,341.46564065855404,64.02064514160156,-29.989856719970703,7.598207736083495,0.8265098915653033,63.99770540294694,-29.762041974271416,0.022939738654621067,-0.2278147456992876,0.22896678791382255
1399,46.61332350553911,40.11332350553911,1144.7970184853905,341.21097197376264,63.64474105834961,-29.948942184448242,7.5995673509706565,0.824059495217556,63.70856470298912,-29.71074909992935,-0.06382364463951262,-0.23819308451889043,0.2465956267408124
1400,46.646642535921906,40.146642535921906,1144.4351246671506,341.45642701525054,63.580284118652344,-29.994203567504883,7.543622203575393,0.8472436288575331,63.65974090529063,-29.69766680276462,-0.07945678663828915,-0.2965367647402637,0.306997449151463
1401,46.679961566304705,40.179961566304705,1140.7806165287273,340.61472951901163,62.9235725402832,-29.850975036621094,7.577784239589947,0.8287211783687495,62.8924608306814,-29.58811352942657,0.031111709601802318,-0.2628615071945255,0.2646962607195736
1402,46.71328059668751,40.21328059668751,1142.2431664891728,341.9815406460774,63.18815612792969,-30.09450340270996,7.629417578666215,0.8497245404631898,63.31895546798019,-29.606353620045002,-0.1307993400505012,-0.48814978266495856,0.5053698424653897
1403,46.74659962707031,40.24659962707031,1145.1088193456615,343.9549549549549,63.7053108215332,-30.44423484802246,7.622643700407401,0.8592414968538987,63.88890022728357,-29.75906985803069,-0.18358940575036797,-0.6851649899917724,0.7093349937893935
1404,46.77991865745311,40.27991865745311,1140.9417382999043,343.112106017192,62.95676040649414,-30.30207061767578,7.595487776183891,0.8166082206855302,62.87253711917316,-29.590471656081363,0.08422328732098094,-0.7115989615944187,0.716565868758349
1405,46.813237687835915,40.313237687835915,1140.06719462443,342.80885529157666,62.79941940307617,-30.24939727783203,7.576420715649159,0.835150052100483,62.72351796147243,-29.608109235691142,0.07590144160374024,-0.6412880421408893,0.6457641843819004
1406,46.846556718218714,40.346556718218714,1137.3255870249334,342.0165819414185,62.306488037109375,-30.112876892089844,7.543622203575393,0.8375058132070136,62.24607418075976,-29.66896427046421,0.06041385634961216,-0.4439126216256355,0.4480047429186171
1407,46.87987574860151,40.37987574860151,1135.0857622646035,341.87477509895643,61.90464782714844,-30.092727661132812,7.577784239589947,0.8661581944444486,61.85423366783833,-29.722291423841607,0.050414159310108175,-0.3704362372912051,0.3738510309701058
1408,46.91319477898432,40.41319477898432,1132.890736055897,341.4815082520178,61.5103759765625,-30.027000427246094,7.561405724245774,0.8624180381620293,61.474170300865524,-29.77729422864827,0.036205675696976414,-0.24970619859782417,0.25231733307652615
1409,46.94651380936712,40.44651380936712,1130.33188510741,341.19876900796527,61.05105972290039,-29.982147216796875,7.554570862752983,0.8170437837175643,61.11507572559016,-29.715501375511113,-0.06401600268976892,-0.2666458412857615,0.27422263450592116
1410,46.97983283974992,40.47983283974992,1129.756808869607,341.34345625451914,60.94820022583008,-30.00971221923828,7.5600392462868,0.8090037107670135,61.02407886018966,-29.69365496098558,-0.07587863435958297,-0.3160572582527017,0.3250380864552495
1411,47.013151870132724,40.513151870132724,1129.5322716853661,341.68198817710214,60.90852355957031,-30.07146644592285,7.555938329659423,0.8334358938788193,61.00058235892881,-29.688013950120148,-0.09205879935849737,-0.3834524958027039,0.3943483727323478
1412,47.04647090051552,40.54647090051552,1127.732057416268,340.8883572567783,60.58433151245117,-29.93239402770996,7.492776552363782,0.7935833875937475,60.532330256298096,-29.613094340742514,0.05200125615307627,-0.31929968696744737,0.3235064462093572
1413,47.07978993089832,40.57978993089832,1127.7921160282633,341.16412544936156,60.5955924987793,-29.98210334777832,7.454068222680156,0.8165966247694303,60.535413779957906,-29.612592157025357,0.060178718821390476,-0.3695111907529629,0.3743794843346207
1414,47.11310896128113,40.61310896128113,1123.2744460500962,339.76866570327553,59.783016204833984,-29.740863800048828,7.562771955302954,0.8188186823786091,59.78267532750509,-29.738880010848074,0.0003408773288953171,-0.001983789200753705,0.002012862873218598
1415,47.14642799166393,40.64642799166393,1122.21164021164,340.0959595959596,59.59303665161133,-29.80263900756836,7.56823441318761,0.806975594480627,59.613899031833455,-29.70853489169379,-0.02086238022212683,-0.09410411587456835,0.09638891810299965
1416,47.179747022046726,40.679747022046726,1125.8575713942882,342.50599952003836,60.251094818115234,-30.22943687438965,7.576420715649159,0.8351500479685614,60.15578527340565,-29.674767996479464,0.09530954470958619,-0.5546688779101849,0.5627978975039728
1417,47.21306605242953,40.71306605242953,1122.7492721979622,342.31174187287723,59.69341278076172,-30.201927185058594,7.535400269575277,0.7873805120144852,59.76470527427118,-29.741967830735472,-0.07129249350946054,-0.4599593543231215,0.4654516379390444
1418,47.24638508281233,40.74638508281233,1122.5544626593808,342.34936247723135,59.65855026245117,-30.209205627441406,7.531285936607034,0.8147255029543964,59.76225482417017,-29.741424579027004,-0.10370456171899889,-0.4677810484144018,0.479138545075437
1419,47.27970411319513,40.77970411319513,1120.0632834367773,341.8318120968723,59.21091842651367,-30.12173843383789,7.523050520325806,0.7910478176395691,59.279164999960294,-29.807413774679823,-0.068246573446622,-0.31432465915806773,0.3216482335441011
1420,47.31302314357794,40.81302314357794,1117.3703570140642,341.0914773410266,58.72671127319336,-29.99448585510254,7.56959941174018,0.7919463282485246,58.79037115274264,-29.70128622718244,-0.06365987954927732,-0.29319962792009946,0.30003100185932996
1421,47.346342173960736,40.846342173960736,1116.1308309037902,340.77417395529636,58.503868103027344,-29.940149307250977,7.529913992714312,0.7988243271458978,58.449960296519826,-29.669136462661893,0.053907806507517364,-0.2710128445890838,0.2763223001039164
1422,47.379661204343535,40.879661204343535,1114.8113321277876,340.41506931886676,58.2665901184082,-29.878454208374023,7.558672521292121,0.7985568461596664,58.23351801355685,-29.712189509567118,0.03307210485134959,-0.16626469880690564,0.16952201682569054
1423,47.41298023472634,40.91298023472634,1112.3778740820994,340.4788732394366,57.83035659790039,-29.89594841003418,7.56413793959212,0.787157630561244,57.873545989408605,-29.68366576869488,-0.043189391508214214,-0.21228264133929997,0.21663158438427135
1424,47.44629926510914,40.94629926510914,1111.0328519855595,340.92358604091453,57.58997344970703,-29.979644775390625,7.5655036772469435,0.7936841367341635,57.659068875654924,-29.64002990672794,-0.06909542594789286,-0.33961486866268586,0.3465724122080321
1425,47.47961829549194,40.97961829549194,1109.8317140458198,341.68921674463235,57.375999450683594,-30.121007919311523,7.577784239589947,0.8026001758550348,57.481217314211854,-29.603845597596255,-0.10521786352826012,-0.5171623217152685,0.5277572034632768
1426,47.51293732587474,41.01293732587474,1108.9881838591516,341.77868368190946,57.224910736083984,-30.139249801635742,7.634832354066551,0.8412459316942218,57.11283212947299,-29.623047037998614,0.11207860661099289,-0.5162027636371285,0.5282299757174623
1427,47.546256356257544,41.046256356257544,1107.2774342185037,341.317327513035,56.917293548583984,-30.060026168823242,7.536771214782576,0.8029299740845437,56.910297521407216,-29.667021612064385,0.0069960271767683935,-0.39300455675885715,0.3930668213287454
1428,47.57957538664034,41.07957538664034,1106.7551045510454,341.51389913899135,56.82399368286133,-30.09684181213379,7.483118241403906,0.8202044222206679,56.905761113648744,-29.666160348140984,-0.08176743078741566,-0.43068146399280494,0.43837476679726967
1429,47.61289441702314,41.11289441702314,1106.093857072932,341.1382770435634,56.70471954345703,-30.03055191040039,7.5024224296205215,0.8020216017154195,56.4847255011191,-29.763318728799288,0.2199940423379303,-0.2672331816011031,0.34613718669456944
1430,47.64621344740595,41.14621344740595,1105.5649492017417,341.0913159167876,56.60978317260742,-30.02335548400879,7.5463608575786925,0.802317726691417,56.4847255011191,-29.763318728799288,0.12505767148832092,-0.26003675520950154,0.2885455514437314
1431,47.67953247778875,41.17953247778875,1103.3715886939572,341.52229532163744,56.2172737121582,-30.10664939880371,7.518929429619227,0.8186327868266235,56.28767508314863,-29.72679759252928,-0.07040137099042454,-0.3798518062744307,0.3863207835041742
1432,47.712851508171546,41.212851508171546,1102.8260869565217,341.57910628019323,56.11955642700195,-30.118253707885742,7.55183518608796,0.8258137775434371,56.19528227442015,-29.709673597601,-0.0757258474181981,-0.40858011028474195,0.41553833816808783
1433,47.74617053855435,41.24617053855435,1102.8414545454546,341.5364848484848,56.12223434448242,-30.11051368713379,7.538141910659106,0.8134939864303176,56.196484371149,-29.70989639306064,-0.07425002666657576,-0.4006172940731503,0.40743991307980637
1434,47.77948956893715,41.27948956893715,1102.166909090909,341.21248484848485,56.00065994262695,-30.053585052490234,7.538141910659106,0.8323107509152939,56.068746730219765,-29.686221620689007,-0.0680867875928115,-0.3673634318012269,0.37361972869414073
1435,47.81280859931995,41.31280859931995,1102.491507430998,341.7410945977825,56.05986022949219,-30.148359298706055,7.641595427723312,0.8399265754640107,56.142963014325616,-29.699976795903556,-0.0831027848334287,-0.4483825028024988,0.4560185760103463
1436,47.84612762970276,41.34612762970276,1101.6768621806405,342.41285834232934,55.91505432128906,-30.271806716918945,7.577784239589947,0.8287211756463707,56.02508587852507,-29.678129560135016,-0.110031557236006,-0.5936771567839294,0.6037876365700368
1437,47.879446660085556,41.379446660085556,1101.552807081363,343.1436886140415,55.89419174194336,-30.40423011779785,7.536771214782576,0.781472133197362,56.02864429231292,-29.678789073147925,-0.13445255036955928,-0.7254410446499264,0.7377954984707181
1438,47.912765690468355,41.412765690468355,1102.4964487781388,344.38521728662573,56.065731048583984,-30.626361846923828,7.56413793959212,0.8125693025575986,56.23428926130844,-29.71690311529653,-0.1685582127244558,-0.9094587316272964,0.9249470555712871
1439,47.94608472085116,41.44608472085116,1097.9232690935046,342.97406614323097,55.243019104003906,-30.38245391845703,7.609077852851801,0.8065868469386722,55.27551676562466,-29.721466457609917,-0.03249766162075218,-0.6609874608471138,0.661785857666913
1440,47.97940375123396,41.47940375123396,1096.1667856293122,342.53152510111823,54.92721176147461,-30.30674934387207,7.609077852851801,0.8288764222416438,54.85261134288598,-29.828870752504354,0.07460041858863065,-0.47787859136771615,0.48366638351366903
1441,48.01272278161676,41.51272278161676,1093.3414841849149,342.42007299270074,54.42036056518555,-30.293519973754883,7.524423715649887,0.7976598601967054,54.5077728789355,-29.771164584235255,-0.08741231374995095,-0.5223553895196282,0.5296187926757531
1442,48.046041811999565,41.546041811999565,1092.7553140096618,342.5586956521739,54.31553268432617,-30.32001304626465,7.55183518608796,0.8297387085648776,54.41011323457064,-29.754821964545275,-0.09458055024446566,-0.565191081719373,0.573050119395905
1443,48.079360842382364,41.579360842382364,1093.13391032576,342.9770405096766,54.38421630859375,-30.39472198486328,7.56959941174018,0.850199358122035,54.48908729362717,-29.768037689637545,-0.10487098503342196,-0.6266842952257363,0.6353984020946685
1444,48.11267987276516,41.61267987276516,1093.4252082578776,343.1086562839551,54.43669509887695,-30.41779899597168,7.553203148273999,0.8328326078164241,54.54389309424612,-29.777209035305916,-0.10719799536916952,-0.6405899606657641,0.64949742718269
1445,48.14599890314797,41.64599890314797,1091.15422705314,342.55628019323666,54.02839660644531,-30.323497772216797,7.55183518608796,0.8164521530592089,54.13136620584818,-29.708175709485168,-0.10296959940286854,-0.6153220627316287,0.623878176638271
1446,48.17931793353077,41.67931793353077,1092.3072179905694,343.4992141216298,54.23698043823242,-30.49114418029785,7.547729811940535,0.8412559026944468,54.36155823134409,-29.746696643621387,-0.12457779311166917,-0.7444475366764642,0.7547991530203444
1447,48.21263696391357,41.71263696391357,1090.2983792936623,343.34712143202705,53.8764533996582,-30.46856689453125,7.5463608575786925,0.8478589110861877,54.000266354417704,-29.686842663882057,-0.12381295475950083,-0.7817242306491927,0.7914685215157646
1448,48.245955994296374,41.745955994296374,1089.0483460559797,342.9050042408821,53.65144729614258,-30.391700744628906,7.539512357340851,0.8298161899015475,53.76889006887653,-29.65019626039225,-0.11744277273395198,-0.7415044842366569,0.7507474309050344
1449,48.27927502467917,41.77927502467917,1087.1516826332595,343.24183247359366,53.3120002746582,-30.457237243652344,7.488638801536112,0.8253416038648637,53.07880445051428,-29.63038722119617,0.2331958241439196,-0.8268500224561741,0.859104913287043
1450,48.31259405506197,41.81259405506197,1086.292000972526,343.5491125699003,53.15842819213867,-30.514894485473633,7.527169354754457,0.843551934078313,52.921484633366134,-29.674755998383905,0.2369435587725377,-0.8401384870897282,0.8729117524316031
1451,48.34591308544478,41.84591308544478,1083.1028240405503,342.70625150856864,52.58488082885742,-30.37032699584961,7.554570862752983,0.8170437863907942,52.44315088762593,-29.813616258480973,0.14172994123148897,-0.5567107373686362,0.5744686426107277
1452,48.37923211582758,41.87923211582758,1082.8529019750392,342.77777777777777,52.54021072387695,-30.38387107849121,7.539512357340851,0.8203713414709599,52.44315088762593,-29.813616258480973,0.09705983625102022,-0.5702548200102378,0.5784558510015985
1453,48.412551146210376,41.912551146210376,1082.7453265355668,342.9026462733673,52.52117156982422,-30.40671157836914,7.532657630623801,0.8350729754939353,52.44315088762593,-29.813616258480973,0.07802068219828584,-0.5930953198881674,0.5982050529073902
1454,48.44587017659318,41.94587017659318,1081.0819672131147,342.87176684881604,52.222808837890625,-30.405200958251953,7.531285936607034,0.8319577202683565,52.30860809774406,-29.79470750248779,-0.08579925985343806,-0.6104934557641641,0.6164931244728276
1455,48.47918920697598,41.97918920697598,1080.8446317332357,342.9618908024918,52.1804313659668,-30.422075271606445,7.5093047560192625,0.8099766502182967,52.26937703707374,-29.78919393647492,-0.0889456711069414,-0.6328813351315254,0.6391010223482094
1456,48.51250823735878,42.01250823735878,1080.7621825252156,343.1968647466278,52.16611862182617,-30.464757919311523,7.52854179880903,0.8049395464712215,52.2612239847267,-29.788048099692695,-0.09510536290052585,-0.6767098196188286,0.6833602344451923
1457,48.545827267741586,42.045827267741586,1080.9004756677643,344.0468349798756,52.192596435546875,-30.618080139160156,7.51480607892272,0.8243866401311994,52.30831961128153,-29.794666958359546,-0.11572317573465796,-0.8234131808006104,0.8315053335477129
1458,48.579146298124385,42.079146298124385,1078.439349474199,343.4512105649303,51.75007247924805,-30.51642608642578,7.505176117520045,0.8386296734591269,51.860357141617655,-29.731709938957643,-0.1102846623696081,-0.7847161474681386,0.7924280023139111
1459,48.612465328507184,42.112465328507184,1074.6969362745097,342.8892156862745,51.07783508300781,-30.423992156982422,7.4969120194539265,0.8008438927263849,51.15446655510021,-29.821619569175752,-0.0766314720923944,-0.6023725878066699,0.6072274014370166
1460,48.64578435888999,42.14578435888999,1074.948965688096,343.41397250092905,51.124088287353516,-30.51824378967285,7.456839767011912,0.80405272425369,51.21178248468426,-29.828911076371263,-0.08769419733074102,-0.6893327133015887,0.6948883808736575
1461,48.67910338927279,42.17910338927279,1073.8730392156863,343.5115196078431,50.931339263916016,-30.538511276245117,7.4969120194539265,0.8327798474220868,51.024640503537476,-29.805103609371837,-0.09330123962146075,-0.7334076668732799,0.7393185559306685
1462,48.71242241965559,42.21242241965559,1072.9824947974048,343.2959970620639,50.771217346191406,-30.50172996520996,7.501045206583747,0.8043971173691871,50.862464063863165,-29.78447216039406,-0.0912467176717584,-0.7172578048159011,0.7230385342809847
1463,48.745741450038395,42.245741450038395,1072.087067395264,343.10613236187004,50.61024475097656,-30.469600677490234,7.531285936607034,0.8375942827526867,50.70003288154958,-29.76380830405936,-0.08978813057301949,-0.7057923734308744,0.7114806974085696
1464,48.779060480421194,42.279060480421194,1070.3960443801254,342.78859141341053,50.30635070800781,-30.41633415222168,7.557305549127712,0.8137987137619456,50.38820521383425,-29.724748924421775,-0.08185450582643483,-0.6915852277999051,0.6964124406091095
1465,48.81237951080399,42.31237951080399,1067.9888727624575,342.5891388485728,49.87427520751953,-30.386167526245117,7.5463608575786925,0.8023177253893596,49.958577724093615,-29.6738991600709,-0.08430251657408405,-0.712268366174218,0.7172399457317011
1466,48.8456985411868,42.3456985411868,1065.2547260110073,342.0399617133285,49.38283157348633,-30.29357147216797,7.587322046058042,0.8241433703420539,49.25848688501032,-29.780194401491382,0.12434468847600755,-0.5133770706765866,0.5282211830745416
1467,48.8790175715696,42.3790175715696,1063.2395273899033,341.9239766081871,49.021183013916016,-30.277538299560547,7.596847877864805,0.8328960906717201,49.07547764876802,-29.76095935566958,-0.05429463485200614,-0.5165789438909663,0.5194244051305432
1468,48.9123366019524,42.4123366019524,1060.7338699841443,341.6354433467496,48.571231842041016,-30.231504440307617,7.51480607892272,0.8243866428548836,48.625657244466005,-29.71368132606852,-0.0544254024249895,-0.5178231142390963,0.5206754287167757
1469,48.9456556323352,42.4456556323352,1059.382629107981,341.41153941191004,48.32842254638672,-30.1943302154541,7.466532070493694,0.8034532841686556,48.37713707423011,-29.688410500229082,-0.04871452784339425,-0.5059197152250192,0.5082596417938073
1470,48.978974662718,42.478974662718,1059.3121112330773,341.4677399682888,48.3159065246582,-30.204666137695312,7.51480607892272,0.8477184168988279,48.36572212325676,-29.687311365464637,-0.04981559859855622,-0.517354772230675,0.5197475870204556
1471,49.0122936931008,42.5122936931008,1061.5484412470023,342.90587529976017,48.71992492675781,-30.459205627441406,7.579147518226432,0.7965494275562203,48.79639654826422,-29.731626750024027,-0.07647162150640696,-0.727578877417379,0.7315865852787028
1472,49.04561272348361,42.54561272348361,1060.2390096618358,342.8056763285024,48.48488998413086,-30.444292068481445,7.55183518608796,0.8164521490522675,48.56237929271143,-29.707030545340178,-0.07748930858056724,-0.7372615231412674,0.7413225657221529
1473,49.07893175386641,42.57893175386641,1059.1265365148229,342.74849361291876,48.28527069091797,-30.436683654785156,7.5600392462868,0.8052288940596734,48.357503237465984,-29.686519976774598,-0.07223254654801536,-0.7501636780105585,0.7536332560251969
1474,49.112250784249206,42.612250784249206,1058.9065555957986,342.81528431727634,48.2459602355957,-30.44929313659668,7.553203148273999,0.8102216818528524,48.31975690531417,-29.68288541837875,-0.07379666971846888,-0.7664077182179305,0.7699524264560451
1475,49.145569814632005,42.645569814632005,1058.888888888889,342.6886012225818,48.242523193359375,-30.426433563232422,7.580510551690959,0.829317592469434,48.3141705310369,-29.682347511716717,-0.07164733767752551,-0.7440860515157048,0.7475275199325504
1476,49.17888884501481,42.67888884501481,1061.636917562724,344.1664277180406,48.73838424682617,-30.68688201904297,7.592766841912027,0.8031325213234994,48.83832246988501,-29.73603334195379,-0.09993822305883526,-0.95084867708918,0.9560862174251865
1477,49.21220787539761,42.71220787539761,1058.2003888686352,344.00887106574305,48.12178039550781,-30.666812896728516,7.52854179880903,0.8179856701441204,48.21747019538965,-29.673036328436858,-0.09568979988183912,-0.9937765682916577,0.9983728789820817
1478,49.24552690578041,42.74552690578041,1057.0417117442,343.7110229594903,47.91337203979492,-30.61580467224121,7.56959941174018,0.8404439962712609,48.00610994988532,-29.652684651570446,-0.09273791009039911,-0.9631200206707646,0.967574541926765
1479,49.278845936163215,42.778845936163215,1054.733067247218,343.62530237058536,47.49916076660156,-30.605960845947266,7.5463608575786925,0.7933452394450349,47.278515457132556,-29.773063914665666,0.22064530946900618,-0.8328969312815993,0.8616273270556004
1480,49.312164966546014,42.812164966546014,1052.4263120057512,343.06326383896476,47.08429718017578,-30.509998321533203,7.581873340115757,0.8363525664567566,47.14644360336018,-29.762089589900967,-0.062146423184401556,-0.7479087316322364,0.7504862748687382
1481,49.34548399692881,42.84548399692881,1050.6604136604135,343.04954304954305,46.767578125,-30.5118408203125,7.56823441318761,0.8333462681673335,46.83204840385228,-29.735965363388566,-0.06447027885228351,-0.7758754569239343,0.7785493828346505
1482,49.37880302731162,42.87880302731162,1050.980646712345,343.101454501743,46.825111389160156,-30.52044105529785,7.56959941174018,0.8046067216265245,46.889896875054745,-29.74077220066679,-0.0647854858945891,-0.779668854631062,0.7823558538569965
1483,49.41212205769442,42.91212205769442,1050.9195148842336,342.98297194658824,46.81391525268555,-30.49917221069336,7.498290001639896,0.8342562108598748,46.87702232677787,-29.739702408201904,-0.06310707409232208,-0.7594698024914557,0.7620871890386982
1484,49.44544108807722,42.94544108807722,1047.9841555635578,342.539911175129,46.286537170410156,-30.426258087158203,7.5750569462716,0.828124761543727,46.34076868848175,-29.696484868293233,-0.054231518071595985,-0.7297732188649704,0.7317854935190297
1485,49.47876011846002,42.97876011846002,1044.5108734402852,342.26916221033866,45.66305160522461,-30.385812759399414,7.613150145277579,0.8270078324277175,45.30281470644846,-29.811153873827475,0.36023689877615084,-0.5746588855719388,0.6782355475840538
1486,49.51207914884282,43.01207914884282,1043.6234344894026,342.03383911368013,45.503387451171875,-30.345439910888672,7.562771955302954,0.8556547006352541,45.30281470644846,-29.811153873827475,0.20057274472341646,-0.5342860370611966,0.5706934337491918
1487,49.54539817922562,43.04539817922562,1043.8791922106022,342.1714148335136,45.54954528808594,-30.369686126708984,7.56959941174018,0.8269319292519324,45.30281470644846,-29.811153873827475,0.24673058163747896,-0.5585322528815091,0.6106015537353822
1488,49.57871720960843,43.07871720960843,1043.8033939393938,342.3452121212121,45.536319732666016,-30.401294708251953,7.538141910659106,0.8402966316267068,45.30281470644846,-29.811153873827475,0.2335050262175571,-0.5901408344244778,0.6346580195066324
1489,49.61203623999123,43.11203623999123,1044.686605504587,343.39302752293577,45.69696044921875,-30.588573455810547,7.503799399886245,0.8219735136892122,45.30281470644846,-29.811153873827475,0.39414574277029146,-0.7774195819830716,0.8716261084861321
1490,49.645355270374026,43.145355270374026,1044.948838896952,344.1121190130624,45.74551010131836,-30.71793556213379,7.5463608575786925,0.8152688904029792,45.30281470644846,-29.811153873827475,0.44269539486990084,-0.9067816883063138,1.0090749441377813
1491,49.67867430075683,43.17867430075683,1044.5998550199347,343.92110668116464,45.68251419067383,-30.68425750732422,7.550466976060227,0.8134454923142901,45.30281470644846,-29.811153873827475,0.3796994842253696,-0.8731036334967435,0.952093300651899
1492,49.71199333113963,43.21199333113963,1044.7475622968582,344.10713855784275,45.70940017700195,-30.717529296875,7.56413793959212,0.8257390928873458,45.30281470644846,-29.811153873827475,0.4065854705534946,-0.9063754230475247,0.9933922449716356
1493,49.74531236152243,43.24531236152243,1044.731698521457,343.969347277317,45.706260681152344,-30.692657470703125,7.56959941174018,0.8269319292519324,45.30281470644846,-29.811153873827475,0.4034459747038852,-0.8815035968756497,0.9694417186244235
1494,49.778631391905236,43.278631391905236,1038.5766094681755,343.4659851527321,44.6013298034668,-30.61672592163086,7.523050520325806,0.8261964941491444,44.65303145277883,-29.771411427503132,-0.05170164931203658,-0.8453144941277273,0.8468941223813047
1495,49.811950422288035,43.311950422288035,1035.6286810195495,343.20094036129666,44.072044372558594,-30.576026916503906,7.460995153105952,0.7769921639725346,44.11574999634939,-29.742073934929145,-0.043705623790799564,-0.833952981574761,0.8350974536114791
1496,49.845269452670834,43.345269452670834,1032.5442886251947,342.6923169123816,43.51776885986328,-30.491626739501953,7.580510551690959,0.8069279854740204,43.5517162845631,-29.714102883204273,-0.03394742469981793,-0.7775238562976803,0.7782645917397023
1497,49.87858848305364,43.37858848305364,1031.6812822402358,342.8987963645296,43.36343002319336,-30.53107261657715,7.488638801536112,0.8349379842844389,43.39939006818543,-29.70745217696754,-0.03596004499207339,-0.8236204396096092,0.8244050905826321
1498,49.91190751343644,43.41190751343644,1031.4545343137254,342.88492647058825,43.3227424621582,-30.529117584228516,7.4969120194539265,0.823231006804508,43.35869472522889,-29.70567537992207,-0.03595226307068344,-0.8234422043064455,0.8242266854773398
1499,49.94522654381924,43.44522654381924,1031.1558770343581,342.741169379144,43.268856048583984,-30.503860473632812,7.558672521292121,0.8113954922033131,43.30381018757405,-29.703279069256965,-0.0349541389900665,-0.8005814043758477,0.8013441064018263
1500,49.978545574202045,43.478545574202045,1029.3313974591651,342.73756805807625,42.941627502441406,-30.50767707824707,7.544991654835394,0.8046824520275357,42.97737056264197,-29.68902640742973,-0.03574306020056639,-0.8186506708173411,0.8194305871653705
1501,50.011864604584844,43.511864604584844,1026.942383867483,342.44184371624056,42.51249694824219,-30.460058212280273,7.5750569462716,0.8020225591767375,42.53996430816363,-29.673495936556794,-0.027467359921445222,-0.7865622757234796,0.7870417202743152
1502,50.04518363496764,43.54518363496764,1027.014734299517,342.51074879227053,42.525630950927734,-30.472339630126953,7.55183518608796,0.7908188561349525,42.55351066816475,-29.673968985871845,-0.027879717237013324,-0.7983706442551082,0.7988572865296607
1503,50.07850266535045,43.57850266535045,1027.123277737491,342.56780275562,42.54521942138672,-30.482391357421875,7.549098518056046,0.8158605197295592,42.573425866884534,-29.67466443993572,-0.02820644549781548,-0.8077269174861534,0.808219262823712
1504,50.11182169573325,43.61182169573325,1024.2353721799975,342.29569308722404,42.026649475097656,-30.440263748168945,7.555938329659423,0.8108085890092616,42.04715224192174,-29.657294671831046,-0.020502766824080254,-0.7829690763378991,0.7832374722578495
1505,50.14514072611605,43.64514072611605,1023.0988505747125,342.3765275257108,41.822994232177734,-30.45766258239746,7.544991654835394,0.808460968310253,41.84409184253148,-29.651977348138807,-0.02109761035374902,-0.8056852342586538,0.8059614171069608
1506,50.17845975649885,43.67845975649885,1019.636855391273,342.28176463517246,41.201839447021484,-30.44900894165039,7.56959941174018,0.8046067255373817,41.21601425720367,-29.63693461019039,-0.01417481018218325,-0.8120743314599999,0.812198033154419
1507,50.21177878688165,43.71177878688165,1019.0127975122592,342.03815333094127,41.08937072753906,-30.4064884185791,7.588683611263451,0.8178514458677705,41.10283782174644,-29.63495910816114,-0.013467094207378238,-0.7715293104179608,0.7716468359686344
1508,50.24509781726445,43.74509781726445,1019.0801627183536,342.1989710457047,41.101802825927734,-30.43540382385254,7.587322046058042,0.8241433636009073,41.11577070003139,-29.635184852391312,-0.013967874103656186,-0.8002189714612271,0.8003408672518477
1509,50.27841684764726,43.77841684764726,1016.7300959232614,341.9717026378897,40.67979049682617,-30.400068283081055,7.579147518226432,0.8223684716635875,40.69327031388976,-29.62781008071901,-0.01347981706359036,-0.7722582023620461,0.7723758389434038
1510,50.311735878030056,43.811735878030056,1016.6748897628411,342.0357525920629,40.67002868652344,-30.411785125732422,7.602285851272585,0.8115705053472978,40.683715932858306,-29.627643308377753,-0.013687246334868064,-0.7841418173546693,0.7842612641438533
1511,50.345054908412855,43.845054908412855,1016.4320405944183,342.23873384076353,40.62693405151367,-30.449077606201172,7.550466976060227,0.8134454962998401,40.64128516829175,-29.62690267662729,-0.014351116778080097,-0.8221749295738832,0.8223001698726553
1512,50.37837393879566,43.87837393879566,1015.4793082886106,342.0060822898032,40.45552444458008,-30.409343719482422,7.5995673509706565,0.8072211209575012,40.462370164446,-29.624901920882866,-0.006845719865921751,-0.7844417985995555,0.7844716688769507
1513,50.41169296917846,43.91169296917846,1012.2801495417268,341.82030873130725,39.881290435791016,-30.383590698242188,7.557305549127712,0.7831777428529192,39.887955158870554,-29.61988907707218,-0.006664723079538248,-0.7637016211700072,0.7637307016949261
1514,50.44501199956126,43.94501199956126,1009.3493158978084,341.8683860031481,39.35570526123047,-30.399459838867188,7.542252503663317,0.8170999319886459,39.35570526123047,-29.619164866710445,0.0,-0.7802949721567423,0.7802949721567423
1515,50.478331029944066,43.978331029944066,1009.5505454545455,341.8849696969697,39.39183807373047,-30.40196990966797,7.538141910659106,0.8134939930843565,39.39183807373047,-29.619164866710445,0.0,-0.7828050429575235,0.7828050429575235
1516,50.511650060326865,44.011650060326865,1009.2673899939722,341.96829415310424,39.34123992919922,-30.417726516723633,7.558672521292121,0.7985568513228948,39.34123992919922,-29.619164866710445,0.0,-0.7985616500131876,0.7985616500131876
1517,50.544969090709664,44.044969090709664,1007.3535864978902,341.9839662447257,38.99800109863281,-30.425249099731445,7.558672521292121,0.8022854669006013,38.990968640170166,-29.6194091774064,0.007032458462646218,-0.8058399223250454,0.80587060740845
1518,50.57828812109247,44.07828812109247,1006.91242834492,341.9574338333943,38.9188117980957,-30.42152976989746,7.51480607892272,0.8020050225743364,38.91181782571804,-29.620099916099655,0.006993972377664193,-0.8014298537978064,0.8014603709529204
1519,50.61160715147527,44.11160715147527,1007.0437894226103,341.85783600194077,38.942142486572266,-30.4032039642334,7.535400269575277,0.7873805145498987,38.93530665221054,-29.619894932216294,0.006835834361723414,-0.7833090320171046,0.783338859160577
1520,50.64492618185807,44.14492618185807,1007.0730309680565,341.8923433308949,38.94747543334961,-30.409366607666016,7.516180780494436,0.7833691132873043,38.94058541639212,-29.619848865139183,0.006890016957491696,-0.7895177425268329,0.789547806087979
1521,50.67824521224087,44.17824521224087,1006.76683624031,341.984253875969,38.89276123046875,-30.42673683166504,7.540882554963675,0.7885266288359974,38.885723804025744,-29.62032763517709,0.0070374264430057565,-0.8064091964879481,0.8064399032483938
1522,50.71156424262367,44.21156424262367,1001.5785343474586,341.88808402752625,37.9619255065918,-30.422056198120117,7.553203148273999,0.7762088107251802,37.948117506701564,-29.630996414211893,0.013807999890232736,-0.7910597839082243,0.7911802844977213
1523,50.74488327300647,44.24488327300647,999.3051676811074,341.7542666189283,37.553836822509766,-30.40342903137207,7.596847877864805,0.797658163608838,37.54047816029186,-29.638111785470777,0.013358662217903827,-0.7653172459012936,0.7654338251803307
1524,50.77820230338927,44.27820230338927,999.298068849706,341.80124745112147,37.552677154541016,-30.411937713623047,7.577784239589947,0.7936598757987314,37.53917037117823,-29.638134613014667,0.013506783362785768,-0.7738031006083794,0.773920972521065
1525,50.81152133377208,44.31152133377208,999.0043557168784,341.7243799153055,37.49980545043945,-30.398757934570312,7.544991654835394,0.7956687627308314,37.48654475491126,-29.639053196563495,0.013260695528195754,-0.7597047380068176,0.7598204623435058
1526,50.84484036415488,44.34484036415488,997.4063197026022,341.83630731102846,37.21342468261719,-30.422910690307617,7.455454123635271,0.801070917128867,37.19309085655932,-29.64639320154387,0.020333826057864712,-0.7765174887637478,0.7767836731279235
1527,50.878159394537676,44.378159394537676,996.5473311347257,341.8722364724563,37.059425354003906,-30.431509017944336,7.5093047560192625,0.8367089982615349,37.0389720524604,-29.65042894446034,0.020453301543504665,-0.7810800734839951,0.7813478218679519
1528,50.91147842492048,44.41147842492048,996.4382445903233,341.7962557743739,37.0396842956543,-30.41804313659668,7.527169354754457,0.8338565573198666,37.01959689621647,-29.650936300782135,0.020087399437827003,-0.7671068358145448,0.7673697942775554
1529,50.94479745530328,44.44479745530328,996.2544815891472,341.7205668604651,37.00654220581055,-30.404808044433594,7.540882554963675,0.8234201144201226,36.98682385201603,-29.65179449314715,0.019718353794516474,-0.7530135512864433,0.753271678677346
1530,50.97811648568608,44.47811648568608,996.3763164339945,341.86149889786924,37.02873229980469,-30.42999267578125,7.4996677306366655,0.7887309341935278,37.00833970975176,-29.65123108058399,0.020392590052928483,-0.7787615951972597,0.7790285488242696
1531,51.011435516068886,44.511435516068886,996.1710303030302,341.8204848484848,36.9918098449707,-30.423078536987305,7.538141910659106,0.7879535704243186,36.97162348442103,-29.652192528780816,0.0201863605496726,-0.7708860082064888,0.7711502621414169
1532,51.044754546451685,44.544754546451685,992.8439106011712,341.5876658300466,36.39447021484375,-30.389129638671875,7.591406009059102,0.805488268332591,36.36937558467799,-29.670513453204087,0.025094630165760634,-0.7186161854677877,0.7190542138666808
1533,51.078073576834484,44.578073576834484,991.6743309002433,341.8670316301703,36.185325622558594,-30.442506790161133,7.524423715649887,0.8198296224328302,36.158624024317255,-29.677873059863472,0.02670159824133833,-0.7646337302976605,0.7650998084286502
1534,51.11139260721729,44.61139260721729,991.5181554103123,341.80416364076495,36.157161712646484,-30.431522369384766,7.543622203575393,0.8146772597397846,36.1308775345694,-29.67884198863616,0.026284178077084164,-0.752680380748604,0.7531391727835243
1535,51.14471163760009,44.64471163760009,991.5783205735811,341.82950540770446,36.16801452636719,-30.435955047607422,7.52854179880903,0.8274030594039318,36.14156252583469,-29.678468860519164,0.02645200053249397,-0.7574861870882579,0.7579479084750338
1536,51.17803066798289,44.67803066798289,987.5681107099879,341.9225030084236,35.44889831542969,-30.462596893310547,7.5655036772469435,0.8063933596983042,35.4159443758316,-29.70782758685837,0.032953939598087345,-0.7547693064521752,0.7554883639721607
1537,51.211349698365694,44.711349698365694,986.4917503586801,341.98601147776185,35.255977630615234,-30.476715087890625,7.590044932220003,0.8025567964957073,35.22277551087474,-29.716261521642952,0.03320211974049414,-0.7604535662476728,0.7611780390776298
1538,51.24466872874849,44.74466872874849,986.713212121212,342.0802424242424,35.29591751098633,-30.493207931518555,7.538141910659106,0.8005710275696861,35.26192067657613,-29.71455240679812,0.033996834410196186,-0.7786555247204348,0.7793973382861722
1539,51.27798775913129,44.77798775913129,986.3472625968992,341.9798934108527,35.230045318603516,-30.47595977783203,7.540882554963675,0.814085621084,35.19692545380579,-29.71739015950882,0.033119864797725995,-0.7585696183232109,0.759292296343932
1540,51.3113067895141,44.8113067895141,986.3652673125224,341.9390025116613,35.23318099975586,-30.468521118164062,7.588683611263451,0.7835182718547754,35.2003793298056,-29.717239360025978,0.03280166995025979,-0.7512817581380844,0.7519974931225349
1541,51.3446258198969,44.8446258198969,986.1389188541291,341.99676375404533,35.192710876464844,-30.479522705078125,7.580510551690959,0.816090729654273,35.15950678129383,-29.719023894033075,0.033204095171015524,-0.7604988110450499,0.7612233269790544
1542,51.3779448502797,44.8779448502797,986.3142719266497,342.0586319218241,35.22431182861328,-30.490278244018555,7.555938329659423,0.8200679666126511,35.19057890436801,-29.717667255841487,0.03373292424527108,-0.7726109881770675,0.773347043202521
1543,51.4112638806625,44.9112638806625,981.5164572112507,342.08043087971276,34.36374282836914,-30.50597381591797,7.585960236472262,0.8080886167516002,34.32476162700305,-29.762168184399908,0.03898120136609151,-0.743805631518061,0.7448263901997064
1544,51.4445829110453,44.9445829110453,979.7110471392588,342.1176682259806,34.039974212646484,-30.517127990722656,7.577784239589947,0.7936598796259106,34.30565697800835,-29.7631694166277,-0.2656827653618663,-0.7539585740949555,0.7994003147745359
1545,51.4779019414281,44.9779019414281,976.6789321789322,342.257215007215,33.49640655517578,-30.54978370666504,7.56823441318761,0.8069755957902436,33.436021319622746,-29.628483046624368,0.06038523555303499,-0.9213006600406715,0.9232774679716669
1546,51.51122097181091,45.01122097181091,974.6489835197882,342.23036208348367,33.1322021484375,-30.54990577697754,7.566869168400964,0.7913751457281166,33.06556576591113,-29.653204945081548,0.06663638252636872,-0.8967008318959913,0.8991733922882523
1547,51.544540002193706,45.044540002193706,974.4901465993751,342.36133141071855,33.10403060913086,-30.573972702026367,7.570964164191861,0.7737876862246434,33.03577028761343,-29.655419131595913,0.06826032151742822,-0.9185535704304542,0.9210863875034729
1548,51.577859032576505,45.077859032576505,974.5833932422718,342.3628085310328,33.12075424194336,-30.57401466369629,7.581873340115757,0.8008296272040484,33.052398971927126,-29.65418340689329,0.06835527001623376,-0.9198312568030005,0.9223675969648867
1549,51.61117806295931,45.11117806295931,971.5197679924241,342.1995738636364,32.57080078125,-30.552003860473633,7.628063284242008,0.8369544388759955,32.507092595143604,-29.694706670645125,0.06370818610639617,-0.8572971898285076,0.8596610987271806
1550,51.64449709334211,45.14449709334211,970.1343659942363,342.5893371757925,32.32322311401367,-30.62586784362793,7.573692931324687,0.8119285253395624,32.24751292112268,-29.71472426632606,0.07571019289099468,-0.9111435773018712,0.9142836823251538
1551,51.67781612372491,45.17781612372491,970.2864135625597,342.56518624641836,32.35044860839844,-30.621129989624023,7.595487776183891,0.8166082273272888,32.2749427105984,-29.712445026583936,0.07550589780003492,-0.9086849630400877,0.9118165948576253
1552,51.711135154107716,45.211135154107716,969.9949220166848,342.6109297545641,32.29827117919922,-30.630115509033203,7.547729811940535,0.8090478767791602,32.222381553193635,-29.71681252196537,0.07588962600558347,-0.9133029870678335,0.916450534138256
1553,51.744454184490515,45.244454184490515,969.8250240847784,342.53841522157995,32.26761245727539,-30.617422103881836,7.562771955302954,0.8095886657799238,32.19298057229944,-29.71925555508346,0.07463188497595041,-0.8981665487983754,0.9012619306480486
1554,51.777773214873314,45.277773214873314,969.8236636636636,342.55135135135134,32.26740264892578,-30.61976432800293,7.5723286706757165,0.801444936019195,32.1925789134057,-29.7192889303638,0.07482373552008426,-0.9004753976391306,0.9035787365528972
1555,51.81109224525612,45.31109224525612,969.7908187984495,342.51489825581393,32.26142120361328,-30.613250732421875,7.540882554963675,0.8011532623444498,32.187176010733495,-29.719737876955396,0.07424519287978626,-0.8935128554664793,0.8965921991349346
1556,51.84441127563892,45.34441127563892,969.9604438012542,342.6095031355523,32.29207992553711,-30.629940032958984,7.557305549127712,0.821499312947403,32.216247235144344,-29.717322244488074,0.0758326903927653,-0.9126177884709108,0.9157629741181618
1557,51.87773030602172,45.37773030602172,968.4111151122314,342.9145360700996,32.0149040222168,-30.688894271850586,7.5750569462716,0.8281247601835173,31.93610685422304,-29.74060011507233,0.07879716799375558,-0.9482941567782568,0.9515622951040154
1558,51.911049336404524,45.411049336404524,963.2880794701987,343.26833455972525,31.09678077697754,-30.765411376953125,7.494155294955702,0.7875718867255894,31.472765154010325,-29.746261127748927,-0.3759843770327862,-1.0191502492041984,1.086292539892322
1559,51.94436836678732,45.44436836678732,963.5171821305842,343.22852233676974,31.137784957885742,-30.75765037536621,7.491397556023336,0.7869923623559227,31.506336972686142,-29.758646425540437,-0.36855201480040023,-0.9990039498257737,1.064818989021576
1560,51.97768739717012,45.47768739717012,963.5845251191786,343.2631707615206,31.149946212768555,-30.76375389099121,7.5065525826609205,0.8225767929254546,31.51902330366389,-29.76332666013119,-0.3690770908953347,-1.0004272308600193,1.0663360367492085
1561,52.01100642755293,45.51100642755293,959.690405904059,343.6189421894219,30.45228385925293,-30.837614059448242,7.483118241403906,0.7643501448711052,30.332669135726512,-29.6995559857268,0.11961472352641778,-1.1380580737214423,1.1443268157510167
1562,52.04432545793573,45.54432545793573,959.6824638746019,343.4619152583884,30.450462341308594,-30.80924415588379,7.4996677306366655,0.8014327472218633,30.33381673736008,-29.69943536793471,0.11664560394851264,-1.1098087879490777,1.1159219250151482
1563,52.077644488318526,45.577644488318526,959.5894559054168,343.3620460851731,30.43353843688965,-30.791418075561523,7.555938329659423,0.7803492808790432,30.31893087214962,-29.700999935413925,0.1146075647400302,-1.090418140147598,1.0964244681046602
1564,52.11096351870133,45.61096351870133,959.7483483483483,343.37165165165163,30.46206283569336,-30.792760848999023,7.5723286706757165,0.7837384187397428,30.35656259497898,-29.697098957130255,0.10550024071438102,-1.0956618918687688,1.100729431824298
1565,52.14428254908413,45.64428254908413,957.5136592379583,342.49496764917325,30.05901336669922,-30.639720916748047,7.581873340115757,0.8008296259116935,29.964267744034267,-29.73827653227142,0.09474562266495212,-0.9014443844766262,0.9064097921572852
1566,52.17760157946693,45.67760157946693,956.038768115942,342.13888888888886,29.793540954589844,-30.578948974609375,7.55183518608796,0.807248818084103,29.708013535118845,-29.765209934933086,0.08552741947099918,-0.8137390396762889,0.818221341798573
1567,52.21092060984974,45.71092060984974,956.2498184458968,342.08763011377386,29.831275939941406,-30.56916046142578,7.543622203575393,0.7803442488483862,29.7463537936506,-29.761180211380218,0.08492214629080763,-0.8079802500455635,0.8124308311446142
1568,52.244239640232536,45.744239640232536,956.4359348407487,342.05871626549964,29.864587783813477,-30.563478469848633,7.527169354754457,0.789315181254444,29.779892341904386,-29.757655167914084,0.08469544190909062,-0.8058233019345487,0.8102620019603998
1569,52.277558670615335,45.777558670615335,956.3682815136177,342.09725234996387,29.85255241394043,-30.570613861083984,7.5600392462868,0.7962238467638714,29.767246707257037,-29.758984277673143,0.08530570668339266,-0.8116295834108413,0.8161002660582883
1570,52.310877700998134,45.810877700998134,955.1408708379071,341.4796926454446,29.630821228027344,-30.461952209472656,7.51480607892272,0.7893149624367796,29.565445859131113,-29.780194401491382,0.06537536889623041,-0.681757807981274,0.6848851346041539
1571,52.34419673138094,45.84419673138094,953.7349294045425,341.1235113566605,29.377708435058594,-30.400985717773438,7.490018305794206,0.7929992273902874,29.565445859131113,-29.780194401491382,-0.1877374240725196,-0.6207913162820553,0.6485577836774391
1572,52.37751576176374,45.87751576176374,953.5110619469026,341.09279744346117,29.33746910095215,-30.39598274230957,7.485879030371254,0.7858333161668859,29.548458513898318,-29.774427974805327,-0.21098941294616935,-0.621554767504243,0.6563892605631377
1573,52.41083479214654,45.91083479214654,953.5088490174538,341.08531673379713,29.337055206298828,-30.394636154174805,7.512055921070722,0.7976725180414149,29.547677508760184,-29.774162859284992,-0.21062230246135627,-0.6204732948898126,0.6552471777623643
1574,52.444153822529344,45.944153822529344,943.064590124351,342.1783170348907,27.46613121032715,-30.61785888671875,7.553203148273999,0.7848834313705145,27.342660672059285,-29.68000703787027,0.12347053826786336,-0.9378518488484815,0.9459445354822189
1575,52.47747285291214,45.97747285291214,943.0980890179002,342.22278664731493,27.47225570678711,-30.625818252563477,7.5463608575786925,0.7773243539722382,27.347650807207334,-29.67935007411473,0.12460489957977572,-0.9464681784487468,0.9546352150509506
1576,52.51079188329494,46.01079188329494,943.5843889492097,342.1517674025817,27.559322357177734,-30.611785888671875,7.555938329659423,0.7854519814837855,27.435050017024516,-29.66784374985513,0.12427234015321886,-0.9439421388167446,0.9520873783225402
1577,52.54411091367775,46.04411091367775,941.3069259392629,341.8192293842276,27.1498966217041,-30.55723762512207,7.5750569462716,0.8057673581167002,27.158270637805842,-29.703249722760482,-0.008374016101740267,-0.8539879023615882,0.8540289582476801
1578,52.57742994406055,46.07742994406055,938.3465465465465,340.7384984984985,26.616025924682617,-30.369056701660156,7.5723286706757165,0.7925175094932063,26.622606186254373,-29.697997115867555,-0.006580261571755841,-0.6710595857926016,0.6710918473104042
1579,52.61074897444335,46.11074897444335,938.6956415875334,340.91392744095447,26.67909812927246,-30.399927139282227,7.521677074304259,0.7970776254285559,26.68597500639324,-29.698618496473443,-0.006876877120777891,-0.7013086428087831,0.7013423585647965
1580,52.64406800482615,46.14406800482615,938.5402877697842,340.7466426858513,26.650800704956055,-30.370054244995117,7.579147518226432,0.7754613438011928,26.657387403888183,-29.69833817277913,-0.0065866989321285985,-0.6717160722159861,0.6717483652946945
1581,52.67738703520895,46.17738703520895,938.6040028591851,340.62842506552295,26.661930084228516,-30.348520278930664,7.603644736948159,0.7804823177706959,26.668304576139953,-29.698445224150664,-0.006374491911437019,-0.6500750547800003,0.6501063074562108
1582,52.71070606559175,46.21070606559175,938.5470545977012,340.9110392720306,26.65243911743164,-30.39976692199707,7.584598182374478,0.8235517383461155,26.659316986753506,-29.698357093841057,-0.006877869321865404,-0.701409828156013,0.7014435487765616
1583,52.74402509597456,46.24402509597456,938.5858366509832,341.0160453613222,26.6596622467041,-30.41866111755371,7.555938329659423,0.8239498410618649,26.666724676046396,-29.6984297320005,-0.007062429342294507,-0.7202313855532125,0.7202660110293385
1584,52.777344126357356,46.277344126357356,936.1208605269518,340.3183466279913,26.215633392333984,-30.29853057861328,7.549098518056046,0.7814776477014026,26.22156065222112,-29.6940645522443,-0.005927259887137382,-0.6044660263689821,0.6044950863688443
1585,52.810663156740155,46.310663156740155,928.5267112833156,340.7097569566749,24.85418128967285,-30.387910842895508,7.659151471108462,0.7981372003384263,24.850726132936718,-29.697075563169545,0.0034551567361340574,-0.6908352797259631,0.6908439200153107
1586,52.84398218712296,46.34398218712296,926.177850717238,341.31862387551666,24.434356689453125,-30.503772735595703,7.527169354754457,0.843551934078313,24.65371258284947,-29.670600690444996,-0.21935589339634376,-0.8331720451507074,0.8615640804886893
1587,52.87730121750576,46.37730121750576,925.6829327506675,341.3063850449138,24.34552764892578,-30.502771377563477,7.532657630623801,0.795685208773698,24.570395085748288,-29.648665024073868,-0.22486743682250676,-0.854106353489609,0.8832117680457167
1588,52.91062024788856,46.41062024788856,925.3216842616187,341.32459652954736,24.280759811401367,-30.50694465637207,7.534029074901095,0.7933582882597268,24.128657731007618,-29.621762689373,0.15210208039374962,-0.8851819669990704,0.8981548627939672
1589,52.943939278271365,46.443939278271365,924.8281077093324,341.10377474486654,24.19163703918457,-30.46822166442871,7.484498763183275,0.7793307947339534,24.04855393361324,-29.635527039173788,0.14308310557133197,-0.8326946252549234,0.844898286202768
1590,52.977258308654164,46.477258308654164,923.2221007893138,340.8739526411658,23.902891159057617,-30.430599212646484,7.531285936607034,0.8017616484890824,23.774368386288014,-29.682640732986883,0.12852277276960322,-0.7479584796596015,0.7589202793542215
1591,53.01057733903696,46.51057733903696,921.8856340778713,340.51727084096177,23.662166595458984,-30.36937141418457,7.512055921070722,0.7976725193380755,23.550766753253317,-29.72106252063278,0.11139984220566745,-0.6483088935517891,0.6578102661875935
1592,53.04389636941977,46.54389636941977,921.7820701496198,340.51079224920284,23.643566131591797,-30.368453979492188,7.494155294955702,0.8002550356168348,23.548415978516772,-29.721466457609917,0.09515015307502495,-0.64698752188227,0.6539467907265556
1593,53.07721539980257,46.57721539980257,920.8483859267319,340.4974005561601,23.47601890563965,-30.368318557739258,7.547729811940535,0.7750842741509124,23.548415978516772,-29.721466457609917,-0.07239707287712349,-0.6468521001293404,0.6508909091413965
1594,53.11053443018537,46.61053443018537,920.8605664488017,340.5070200919874,23.478233337402344,-30.370027542114258,7.543622203575393,0.7927695159309666,23.548415978516772,-29.721466457609917,-0.07018264111442818,-0.6485610845043404,0.6523473640992525
1595,53.143853460568174,46.643853460568174,920.5467249969619,340.40940576011667,23.421667098999023,-30.35314178466797,7.52854179880903,0.7922030523103133,23.548415978516772,-29.721466457609917,-0.1267488795177485,-0.6316753270580513,0.6442662471935813
1596,53.17717249095097,46.67717249095097,918.6222140582904,340.1433994611805,23.07566261291504,-30.30975341796875,7.4996677306366655,0.7799307691788315,22.953292747569943,-29.64950470788013,0.12236986534509597,-0.6602487100886201,0.6714929211229732
1597,53.21049152133377,46.71049152133377,916.6804059908403,339.6198786978586,22.72587776184082,-30.219829559326172,7.459610281603888,0.7620309516725072,22.631237091227238,-29.70919419564148,0.0946406706135825,-0.5106353636846919,0.5193316196608735
1598,53.24381055171658,46.74381055171658,916.6581415174765,339.67628790646694,22.722030639648438,-30.23008918762207,7.520303377447894,0.7780608312590294,22.625679370164722,-29.710224258355204,0.09635126948371564,-0.5198649292668662,0.5287183671982347
1599,53.27712958209938,46.77712958209938,913.8910926794085,340.1028969828104,22.226701736450195,-30.31401824951172,7.56959941174018,0.7675057833746372,22.339207243022344,-29.763318728799273,-0.1125055065721483,-0.5506995207124454,0.5620742398669173
1600,53.310448612482176,46.810448612482176,913.055372203887,340.2879843539909,22.07724380493164,-30.349536895751953,7.5065525826609205,0.7666502789192582,22.216190064859678,-29.735482783292543,-0.1389462599280371,-0.6140541124594101,0.6295780461359048
1601,53.34376764286498,46.84376764286498,912.8190857281435,340.295986419304,22.03487205505371,-30.351560592651367,7.536771214782576,0.7728352096622813,22.176317742950616,-29.726460597964735,-0.14144568789690481,-0.6250999946866322,0.6409031798812176
1602,53.37708667324778,46.87708667324778,910.3579790511398,339.9279112754159,21.59230613708496,-30.291025161743164,7.476211808699073,0.7689640294321062,21.558766480695148,-29.68671715735767,0.03353965638981293,-0.6043080043854943,0.605238029799124
1603,53.41040570363058,46.91040570363058,908.2493573264782,339.6459786999633,21.21320343017578,-30.24519920349121,7.501045206583747,0.762023543457806,21.183363530796953,-29.707552370288717,0.02983989937882825,-0.5376468332024942,0.5384742675816637
1604,53.44372473401339,46.94372473401339,907.8275015346838,339.60073664825046,21.13739585876465,-30.238054275512695,7.490018305794206,0.7893016169287362,21.108184088774127,-29.711724899255277,0.02921176999052122,-0.5263293762574186,0.5271393931565942
1605,53.477043764396186,46.977043764396186,907.5149957155097,339.7634961439589,21.081764221191406,-30.268253326416016,7.501045206583747,0.7620235422453139,21.051052361685233,-29.71489576325445,0.030711859506173056,-0.5533575631615655,0.5542091762344186
1606,53.510362794778985,47.010362794778985,906.299486803519,339.4982893450635,20.862951278686523,-30.223268508911133,7.507928795447745,0.7729771656741936,20.835400402612585,-29.726864647589256,0.02755087607393847,-0.49640386132187686,0.4971678230816136
1607,53.54368182516179,47.04368182516179,904.6881878209831,339.19760332599657,20.57301902770996,-30.172834396362305,7.505176117520045,0.781076885976355,20.661821695417622,-29.726393237989456,-0.08880266770766099,-0.44644115837284915,0.4551874577372367
1608,53.57700085554459,47.07700085554459,902.4220942785174,338.70253088640993,20.16507339477539,-30.088850021362305,7.577784239589947,0.7656748612734919,20.132299622221726,-29.65996727674642,0.032773772553664315,-0.4288827446158834,0.4301331524035928
1609,53.61031988592739,47.11031988592739,899.250667637776,338.5666423889293,19.59563636779785,-30.072040557861328,7.532657630623801,0.7659772842007465,19.56744558336426,-29.70313151692147,0.028190784433590466,-0.3689090409398581,0.36998459537411427
1610,53.643638916310195,47.143638916310195,899.5491993643808,338.60958318054026,19.64931869506836,-30.07907485961914,7.5065525826609205,0.7875821085126593,19.620281835685034,-29.69909394875654,0.02903685938332501,-0.37998091086259933,0.3810887453373789
1611,53.676957946692994,47.176957946692994,899.7180994366887,338.6966691158462,19.679861068725586,-30.09440803527832,7.4996677306366655,0.8052111438375128,19.64948198548445,-29.69686257181244,0.030379083241136584,-0.3975454634658817,0.3987045073997466
1612,53.71027697707579,47.21027697707579,899.5872957815167,338.71738600341376,19.65644645690918,-30.09847640991211,7.516180780494436,0.7833691120260562,19.6258942229614,-29.698665069053668,0.030552233947780394,-0.3998113408584416,0.4009769909586146
1613,53.7435960074586,47.2435960074586,899.3288271830471,338.5017659237608,19.60948944091797,-30.06011390686035,7.520303377447894,0.7694616110751777,19.582124334342193,-29.70200981628893,0.0273651065757754,-0.35810409057142323,0.3591481431692076
1614,53.7769150378414,47.2769150378414,896.6477422445802,338.2284105880944,19.127653121948242,-30.017242431640625,7.583235883632932,0.7618724914051105,19.106342437663216,-29.738367463834003,0.021310684285026582,-0.27887496780662246,0.2796880278700552
1615,53.8102340682242,47.3102340682242,896.9229934924078,338.2748855145818,19.17716407775879,-30.02496910095215,7.5600392462868,0.783744444163491,19.154978934606184,-29.73465082680762,0.02218514315260478,-0.2903182741445285,0.2911646971714792
1616,53.843553098607,47.343553098607,896.8622094416486,338.32830098250656,19.166400909423828,-30.03478240966797,7.581873340115757,0.8045626935432915,19.143532706581265,-29.735525508940665,0.02286820284256308,-0.29925690072730404,0.3001293843230951
1617,53.8768721289898,47.3768721289898,894.7973762671437,338.22742993440664,18.795616149902344,-30.02159309387207,7.5995673509706565,0.7893869851816596,18.849846741449657,-29.70598964142022,-0.05423059154731291,-0.3156034524518496,0.32022881859554486
1618,53.9101911593726,47.4101911593726,884.926101777453,339.4661553445337,17.027751922607422,-30.26980972290039,7.521677074304259,0.7808919914455805,16.981358805450338,-29.723878243335943,0.04639311715708416,-0.5459314795644481,0.547899171106307
1619,53.9435101897554,47.4435101897554,881.1079145423645,340.00194221898516,16.3441219329834,-30.37606430053711,7.532657630623801,0.778077454890519,16.43639837825029,-29.6507121754728,-0.09227644526689005,-0.7253521250643082,0.7311980905926938
1620,53.97682922013821,47.47682922013821,880.7240407012381,340.1430673041559,16.2756404876709,-30.402524948120117,7.495533783939117,0.7978966883547226,16.372320189274106,-29.642560400226625,-0.09667970160320749,-0.7599645478934924,0.7660894717701358
1621,54.010148250521006,47.510148250521006,879.9613192676125,340.0438947496059,16.138492584228516,-30.386455535888672,7.536771214782576,0.760863108004644,16.23534479825281,-29.625134929567988,-0.09685221402429534,-0.7613206063206839,0.767456459331669
1622,54.043467280903805,47.543467280903805,878.734375,339.95239825581393,15.918075561523438,-30.372915267944336,7.540882554963675,0.7558050263606522,15.823412807944337,-29.648215142871926,0.09466275357910092,-0.7247001250724097,0.7308565578792762
1623,54.07678631128661,47.57678631128661,877.8996232835095,339.9016891481346,15.768139839172363,-30.365793228149414,7.52854179880903,0.7711484115985571,15.676907137092995,-29.667352203482142,0.09123270207936862,-0.6984410246672716,0.7043743826027258
1624,54.11010534166941,47.61010534166941,876.2324888226527,339.7051664182812,15.468435287475586,-30.334333419799805,7.447134849193324,0.790244485684356,15.386270938669684,-29.70531607554545,0.08216434880590207,-0.6290173442543541,0.6343609379426657
1625,54.14342437205221,47.64342437205221,875.411743119266,339.54287461773697,15.320700645446777,-30.306991577148438,7.503799399886245,0.7833553727960247,15.244526291631832,-29.7238312353053,0.0761743538149453,-0.5831603418431364,0.5881143736363941
1626,54.176743402435015,47.676743402435015,873.69985196151,339.5693313594868,15.013582229614258,-30.315969467163086,7.472064884939852,0.7468578057509757,14.94140711203863,-29.76342567610944,0.07217511757562711,-0.5525437910536475,0.5572377308016682
1627,54.210062432817814,47.710062432817814,871.7512696643131,339.6067137371485,14.664031982421875,-30.327505111694336,7.456839767011912,0.7649841774060321,14.722027651138637,-29.75154961720104,-0.05799566871676198,-0.5759554944932965,0.5788680585650948
1628,54.24338146320061,47.74338146320061,870.7680674352298,339.534523366803,14.48739242553711,-30.31685447692871,7.454068222680156,0.7817429286789865,14.546099442367197,-29.733834578085357,-0.05870701683008761,-0.5830198988433537,0.5859681870822021
1629,54.27670049358342,47.77670049358342,868.9723046488624,339.74319980217604,14.165742874145508,-30.35899543762207,7.463764125238062,0.7811971339403934,14.225957283749889,-29.703686748323495,-0.06021440960438085,-0.6553086892985753,0.6580693378316762
1630,54.31001952396622,47.81001952396622,868.9772173489279,339.47880116959067,14.165874481201172,-30.3111629486084,7.518929429619227,0.8186327868266235,14.221729399533894,-29.703298260338975,-0.05585491833272194,-0.607864688269423,0.6104254673150833
1631,54.34333855434902,47.84333855434902,869.0956253850893,339.67233518176215,14.187675476074219,-30.345876693725586,7.476211808699073,0.7689640294321062,14.246510903361383,-29.705575360652844,-0.058835427287164066,-0.6403013330727418,0.6429987594379895
1632,54.376657584731824,47.876657584731824,868.3640794900638,339.6160479940007,14.05623722076416,-30.337491989135742,7.4235129420408645,0.7631354546104914,14.115409125395212,-29.693528799563033,-0.05917190463105193,-0.6439631895727089,0.6466760424063372
1633,54.40997661511462,47.90997661511462,867.0254038722406,339.4740411888025,13.815607070922852,-30.315082550048828,7.473447448534798,0.7894942597128124,13.869018837311472,-29.672292114057935,-0.05341176638862066,-0.6427904359908929,0.6450057064787216
1634,54.44329564549742,47.94329564549742,867.0855839191021,339.40276236280675,13.826202392578125,-30.302047729492188,7.473447448534798,0.78581299227196,13.878465821772387,-29.673077097932694,-0.0522634291942623,-0.6289706315594934,0.6311382743864388
1635,54.47661467588023,47.97661467588023,866.2439811367584,339.22449739389424,13.674664497375488,-30.271865844726562,7.449908972906302,0.7871310979454236,13.725476328197795,-29.660364651335502,-0.05081183082230645,-0.6115011933910601,0.6136086307005512
1636,54.50993370626303,48.00993370626303,863.6488473520249,339.37744548286605,13.209415435791016,-30.305885314941406,7.434638482853681,0.7776728638248137,13.260042153770364,-29.62462054024741,-0.05062671797934826,-0.6812647746939966,0.6831432922983453
1637,54.543252736645826,48.043252736645826,861.1980499695308,339.3394271785496,12.769505500793457,-30.305011749267578,7.517555230680652,0.824989927527532,12.816066270182738,-29.594631684049997,-0.046560769389280665,-0.7103800652175813,0.7119043069856067
1638,54.57657176702863,48.07657176702863,858.5990924699532,339.47510424331614,12.303513526916504,-30.335918426513672,7.494155294955702,0.8002550356168348,12.188323015551273,-29.682910153633593,0.11519051136523117,-0.6530082728800792,0.6630902339489004
1639,54.60989079741143,48.10989079741143,857.271178129214,339.5795022679907,12.06551456451416,-30.35805320739746,7.495533783939117,0.7941675490862714,11.953719608882782,-29.72429414140909,0.1117949556313782,-0.6337590659883716,0.6435438336485518
1640,54.64320982779423,48.14320982779423,856.8162062615102,339.62308164518106,11.98399829864502,-30.367050170898438,7.490018305794206,0.7804806754389195,11.873124159618586,-29.73851116039647,0.11087413902643384,-0.6285390105019673,0.6382431843957639
1641,54.676528858177036,48.176528858177036,856.5139246718193,339.6249539933751,11.929753303527832,-30.368125915527344,7.492776552363782,0.793583390173774,11.820332126747388,-29.747823663032346,0.10942117678044383,-0.6203022524949979,0.6298792569837376
1642,54.709847888559835,48.209847888559835,851.8875166485045,339.7814505388061,11.099985122680664,-30.40777015686035,7.542252503663317,0.7862344877963232,11.124292841078573,-29.789097410737302,-0.024307718397908573,-0.6186727461230497,0.6191500884027616
1643,54.743166918942634,48.243166918942634,847.7115244347192,340.0389010454656,10.351343154907227,-30.464561462402344,7.527169354754457,0.8019841531837698,10.366547859082157,-29.767739735266325,-0.015204704174930583,-0.6968217271360189,0.6969875913083902
1644,54.77648594932544,48.27648594932544,847.1959706959707,340.0141636141636,10.258749961853027,-30.461347579956055,7.510680464514091,0.7947486928237248,10.27392863633768,-29.765718776636735,-0.015178674484651822,-0.6956288033193196,0.6957943835405541
1645,54.80980497970824,48.30980497970824,847.3159240321403,340.1166301436571,10.280574798583984,-30.479589462280273,7.521677074304259,0.8099441997895335,10.296140936730033,-29.766203450755462,-0.015566138146049013,-0.7133860115248112,0.7135558184865848
1646,54.84312401009104,48.34312401009104,847.3293113954905,339.9909811090798,10.28260326385498,-30.45682716369629,7.517555230680652,0.7988408410264628,10.297671997916666,-29.7662368586294,-0.015068734061685518,-0.6905903050668876,0.6907546859765764
1647,54.876443040473845,48.376443040473845,847.2258498410368,340.0424309122035,10.264188766479492,-30.466386795043945,7.505176117520045,0.8026104575169727,10.279474756433181,-29.76583979340772,-0.015285989953689239,-0.7005470016362239,0.7007137525340628
1648,54.909762070856644,48.409762070856644,847.2937173411107,340.09733868027706,10.276531219482422,-30.476154327392578,7.52854179880903,0.7797664803510763,10.292024362684472,-29.76611362679025,-0.015493143202050419,-0.7100407006023275,0.7102097112811985
1649,54.94308110123944,48.44308110123944,847.2765801972963,340.13055657045425,10.273550987243652,-30.482202529907227,7.520303377447894,0.8031788289911276,10.289177458150242,-29.766051507112333,-0.015626470906589418,-0.7161510227948931,0.7163214879110956
1650,54.97640013162225,48.47640013162225,847.1828426026899,340.0882103477523,10.256612777709961,-30.474769592285156,7.539512357340851,0.7945135242091402,10.272085199234988,-29.765678552696063,-0.015472421525027258,-0.7090910395890937,0.7092598242205672
1651,55.00971916200505,48.50971916200505,842.5638718963656,342.41561712846345,9.43460464477539,-30.907001495361328,7.577784239589947,0.7936598770744577,9.439623060845319,-29.75687255177085,-0.0050184160699284774,-1.1501289435904773,1.1501398920933046
1652,55.04303819238785,48.54303819238785,844.4146730462519,343.587657956079,9.770200729370117,-31.114408493041992,7.492776552363782,0.7810556139034124,9.787948478309206,-29.758657786332645,-0.01774774893908848,-1.3557507067093475,1.3558668671131764
1653,55.07635722277065,48.57635722277065,845.261370601937,343.60022066936375,9.922167778015137,-31.114606857299805,7.495533783939117,0.82016365833135,9.939892085583633,-29.76064683710832,-0.0177243075684963,-1.353960020191483,1.3540760271697094
1654,55.10967625315345,48.60967625315345,846.0541498594304,343.7827893900501,10.06496524810791,-31.145675659179688,7.5065525826609205,0.7965041950563672,10.083071732323527,-29.7625211613561,-0.018106484215616447,-1.3831544978235861,1.3832730061778358
1655,55.14299528353625,48.64299528353625,848.1272749480884,344.00219860754856,10.437612533569336,-31.180273056030273,7.5093047560192625,0.8008312109305031,10.46838563370007,-29.76996184341336,-0.030773100130733866,-1.4103112126169144,1.41064690838092
1656,55.17631431391906,48.67631431391906,840.601011883751,346.93787504412285,9.095830917358398,-31.729528427124023,7.651053687553265,0.8001192577620508,9.08722572826495,-29.757376875013847,0.008605189093447763,-1.9721515521101765,1.9721703257502663
1657,55.20963334430186,48.70963334430186,839.9411054791213,348.0048274197441,8.980599403381348,-31.924049377441406,7.554570862752983,0.8170437850541792,8.97114766113032,-29.757883364343343,0.009451742251027184,-2.1661660130980636,2.1661866336335702
1658,55.242952374684656,48.742952374684656,839.8520266182697,348.1255898366606,8.964981079101562,-31.94610023498535,7.544991654835394,0.8349885371660273,8.955433420403937,-29.757951931088513,0.00954765869762575,-2.1881483038968383,2.188169133689902
1659,55.27627140506746,48.77627140506746,840.9515284374618,348.25161368895385,9.16263198852539,-31.9661922454834,7.520303377447894,0.8069591577021972,9.152992900035846,-29.757089909770926,0.009639088489544534,-2.2091023357124726,2.2091233649747157
1660,55.30959043545026,48.80959043545026,840.279569892473,348.6305424670774,9.04318618774414,-32.036346435546875,7.550466976060227,0.7968239973959735,9.033243271804666,-29.757612419409547,0.009942915939474162,-2.278734016137328,2.278755708249293
1661,55.34290946583306,48.84290946583306,831.3503781058696,352.0480134437642,7.451366901397705,-32.676029205322266,7.5750569462716,0.8057673555057011,7.295845771316162,-34.76881878114317,0.1555211300815431,2.092789575820902,2.0985602280054936
1662,55.376228496215866,48.876228496215866,831.3779069767442,352.06710271317826,7.456363201141357,-32.67941665649414,7.540882554963675,0.8049089677468032,7.301064979621752,-34.7692066353179,0.15529822151960548,2.0897899788237595,2.095552359927893
1663,55.409547526598665,48.909547526598665,833.7301181342101,351.94470831810986,7.878005504608154,-32.651519775390625,7.520303377447894,0.7868050111349429,8.280343588104115,-34.675979440621056,-0.4023380834959607,2.024459665230431,2.064052535565922
1664,55.442866556981464,48.942866556981464,835.2312378167641,351.75925925925924,8.14677619934082,-32.614315032958984,7.518929429619227,0.8320319217631924,8.54601507297851,-34.623180287395286,-0.39923887363768884,2.0088652544363015,2.0481531409308524
1665,55.47618558736427,48.97618558736427,836.1961586121437,351.76790582403964,8.319918632507324,-32.61351776123047,7.455454123635271,0.7920110530890155,8.71273117027012,-34.590047379773445,-0.39281253776279534,1.9765296185429762,2.01518510881787
1666,55.50950461774707,49.00950461774707,836.1056338028169,351.91536940943905,8.304120063781738,-32.6403923034668,7.466532070493694,0.8072628883377511,8.692394819927872,-34.5940889955994,-0.38827475614613327,1.9536966921326027,1.9919056330836091
1667,55.54282364812987,49.04282364812987,836.3425187333817,352.3119410200628,8.34780502319336,-32.71149826049805,7.549098518056046,0.8158605210642383,8.720825366776987,-34.5884387512757,-0.3730203435836277,1.8769404907776561,1.9136482912614627
1668,55.57614267851267,49.07614267851267,831.8767705382436,354.28470254957506,7.552537441253662,-33.07902526855469,7.638890916781156,0.8129197980492678,7.4262439810523135,-34.778509042014626,0.12629346020134857,1.6994837734599386,1.704169925313571
1669,55.60946170889547,49.10946170889547,821.2103942652329,358.1654719235364,5.650771141052246,-33.806549072265625,7.592766841912027,0.829226869786502,5.616534696179701,-34.67792478182741,0.03423644487254496,0.8713757095617822,0.8720480269869374
1670,55.64278073927827,49.14278073927827,821.5835769980506,357.95175438596493,5.717062950134277,-33.76701354980469,7.518929429619227,0.8320319203831193,5.6811733668292135,-34.68046444211406,0.035889583305063866,0.9134508923093705,0.9141556732037472
1671,55.67609976966107,49.17609976966107,825.3906099903937,357.829851104707,6.399653434753418,-33.73564529418945,7.573692931324687,0.7865779369177279,6.352825546774537,-34.71054702111612,0.046827887978881044,0.9749017269266673,0.9760257313499274
1672,55.70941880004388,49.20941880004388,825.0951166180758,358.3923712342079,6.348345756530762,-33.83802032470703,7.529913992714312,0.8155550302599669,6.306542079657892,-34.70832386676779,0.041803676872869566,0.8703035420607605,0.8713069509211994
1673,55.74273783042668,49.24273783042668,823.8937180423667,358.98064280496715,6.134624481201172,-33.9472770690918,7.521677074304259,0.7881637393325492,6.098548666948206,-34.69833322672511,0.0360758142529658,0.7510561576333146,0.751922081264364
1674,55.776056860809476,49.276056860809476,825.4271369091354,358.8842762674504,6.409402847290039,-33.92609786987305,7.4996677306366655,0.831740877190231,6.366241726508836,-34.711191446440594,0.043161120781203266,0.7850935765675473,0.7862790893281552
1675,55.80937589119228,49.30937589119228,828.306514817536,358.83957874112167,6.9257941246032715,-33.910953521728516,7.4996677306366655,0.7799307691788315,6.871423628549572,-34.740486990336365,0.054370496053699924,0.829533468607849,0.8313133743551193
1676,55.84269492157508,49.34269492157508,830.3393272171253,358.87535168195717,7.290565013885498,-33.91243362426758,7.503799399886245,0.7996573992943204,7.234730781143754,-34.76429939918293,0.05583423274174404,0.8518657749153533,0.8536935984403272
1677,55.87601395195788,49.37601395195788,830.5029925491632,358.79296445584464,7.3196702003479,-33.89714431762695,7.5093047560192625,0.767212545350442,7.255118510381494,-34.765792222850415,0.06455168996640648,0.8686479052234617,0.8710431125533495
1678,55.909332982340686,49.409332982340686,830.3787656135195,358.782757776145,7.297358512878418,-33.89560317993164,7.4996677306366655,0.7924197563533517,7.237267601567911,-34.76446567117807,0.06009091131050681,0.868862491246432,0.870937969270535
1679,55.942652012723485,49.442652012723485,830.279565959522,358.75286515484026,7.279465675354004,-33.890445709228516,7.516180780494436,0.7711192974456094,7.222243921389704,-34.76348096715496,0.05722175396430007,0.8730352579264462,0.8749085041931227
1680,55.975971043106284,49.475971043106284,832.1288209606987,358.767224648229,7.611247539520264,-33.88850021362305,7.535400269575277,0.7786441524456664,7.5444556469255595,-34.78729368624157,0.0667918925947042,0.8987934726185216,0.901271803252517
1681,56.00929007348909,49.50929007348909,834.7522847522846,358.64309764309763,8.081474304199219,-33.85963439941406,7.56823441318761,0.7979510173227999,8.245105302043216,-34.68298264484534,-0.16363099784399715,0.8233482454312764,0.8394506755671732
1682,56.04260910387189,49.54260910387189,836.8313967562333,358.6055434519487,8.454330444335938,-33.84774398803711,7.543622203575393,0.80549393065941,8.60606759953731,-34.61124553815838,-0.15173715520137243,0.7635015501212692,0.7784335432817541
1683,56.07592813425469,49.57592813425469,840.676622286194,358.65179321098714,9.144231796264648,-33.84667205810547,7.577784239589947,0.8063476704898607,9.069862850918836,-34.585230706351794,0.07436894534581207,0.7385586482463253,0.742293484365374
1684,56.109247164637495,49.609247164637495,842.6968489677653,358.76590607267894,9.50695514678955,-33.86233139038086,7.553203148273999,0.8011248356324236,9.423746265003494,-34.62210626633169,0.08320888178605657,0.759774875950832,0.7643177219809757
1685,56.142566195020294,49.642566195020294,842.8659656756103,358.7719361856418,9.537311553955078,-33.86301040649414,7.549098518056046,0.7939209642421674,9.45381637113207,-34.62539947855198,0.0834951828230075,0.7623890720578359,0.7669475488896588
1686,56.17588522540309,49.67588522540309,842.7347940613026,358.7249760536398,9.513644218444824,-33.85484313964844,7.584598182374478,0.8142683730239647,9.429545680756522,-34.622741405654004,0.08409853768830189,0.7678982660055667,0.7724896834105079
1687,56.2092042557859,49.7092042557859,844.7421451787649,358.65872156013,9.873520851135254,-33.837947845458984,7.56413793959212,0.8163938281612656,9.776080491791172,-34.66121728473393,0.09744035934408224,0.8232694392749451,0.829015797963577
1688,56.2425232861687,49.7425232861687,846.6455742501829,358.7948061448427,10.21535873413086,-33.85786819458008,7.516180780494436,0.8125828975991348,10.115521027402002,-34.70139271963772,0.09983770672885761,0.8435245250576386,0.849412262719695
1689,56.2758423165515,49.7758423165515,847.124481833699,358.99548890514507,10.301861763000488,-33.8929557800293,7.516180780494436,0.787012293593051,10.19772418563946,-34.71154402125812,0.10413757736102802,0.8185882412288237,0.8251856419598701
1690,56.3091613469343,49.8091613469343,848.6371171171171,359.0154954954955,10.573250770568848,-33.892860412597656,7.5723286706757165,0.8051870405215414,10.464779064025612,-34.74551769282691,0.10847170654323612,0.852657280229252,0.8595292599140224
1691,56.3424803773171,49.8424803773171,850.7071402682132,358.91579074543915,10.944267272949219,-33.86976623535156,7.550466976060227,0.8005445245393767,11.233660434775127,-34.74737861336158,-0.2893931618259078,0.8776123780100207,0.924095172667837
1692,56.3757994076999,49.8757994076999,850.8540225700765,359.19051086033244,10.971413612365723,-33.91904830932617,7.534029074901095,0.7970626307433061,11.243487439784447,-34.74413815308301,-0.27207382741872443,0.8250898437568353,0.8687907790929601
1693,56.40911843808271,49.90911843808271,853.0176463429474,359.5021297310454,11.360422134399414,-33.97004699707031,7.523050520325806,0.7910478176395691,11.579177694656654,-34.63344410786923,-0.21875556025723952,0.6633971107989183,0.6985339803902249
1694,56.442437468465506,49.942437468465506,854.6133819951338,359.3793187347932,11.6462984085083,-33.943939208984375,7.524423715649887,0.846999236843219,11.756973713558692,-34.57481577335692,-0.1106753050503908,0.6308765643725422,0.6405109387219703
1695,56.475756498848305,49.975756498848305,854.509431666058,359.5708896190824,11.628211975097656,-33.97880935668945,7.523050520325806,0.8397749922579667,11.756973713558692,-34.57481577335692,-0.12876173846103534,0.5960064166674641,0.6097567006604346
1696,56.50907552923111,50.00907552923111,854.4980997915899,359.606227779821,11.6262788772583,-33.98522186279297,7.495533783939117,0.8336430056739319,11.756973713558692,-34.57481577335692,-0.1306948363003908,0.5895939105639485,0.6039057207956182
1697,56.54239455961391,50.04239455961391,855.4975880366617,359.65762180414856,11.805699348449707,-33.99205780029297,7.557305549127712,0.8084187465374736,11.756973713558692,-34.57481577335692,0.048725634891015446,0.5827579730639485,0.5847914522846023
1698,56.57571358999671,50.07571358999671,858.000854387892,359.80507750518734,12.255141258239746,-34.01255798339844,7.512055921070722,0.7961287361130105,12.159075812608235,-34.63670520576968,0.09606544563151154,0.6241472223712421,0.631496892342407
1699,56.609032620379516,50.109032620379516,857.5715497394885,359.6790258087968,12.17776870727539,-33.9908332824707,7.539512357340851,0.798223262004902,12.080227408656656,-34.624569275669465,0.09754129861873473,0.6337359931987621,0.6411985761149588
1700,56.642351650762315,50.142351650762315,857.3744242424242,359.670303030303,12.142393112182617,-33.98973846435547,7.538141910659106,0.8134939957459721,12.04550584969055,-34.61922511660644,0.0968872624920678,0.6294866522509679,0.6368991968870253
1701,56.675670681145114,50.175670681145114,858.4489081915791,359.7193871395826,12.335259437561035,-33.995975494384766,7.555938329659423,0.8200679666126511,12.22909528602243,-34.64784783096171,0.10616415153860537,0.6518723365769432,0.6604607257560403
1702,56.70898971152792,50.20898971152792,860.760492040521,359.9760009647853,12.75062370300293,-34.03667449951172,7.557305549127712,0.830941229802729,12.63424336343069,-34.713968180412714,0.11638033957224003,0.6772936809009948,0.6872198437380637
1703,56.74230874191072,50.24230874191072,862.5860234554467,360.2775964212308,13.078923225402832,-34.08668518066406,7.547729811940535,0.8128558293942222,13.271666050700532,-34.717118555483054,-0.19274282529769948,0.6304333748189919,0.6592389830625939
1704,56.77562777229352,50.27562777229352,864.8759521218716,360.3333333333333,13.48982048034668,-34.09114074707031,7.547729811940535,0.8090478741426885,13.646193549018882,-34.60261400819718,-0.15637306867220246,0.5114732611268664,0.5348433728239633
1705,56.808946802676324,50.308946802676324,864.7894609620497,360.28656030940294,13.474173545837402,-34.0828971862793,7.549098518056046,0.8028999601650683,13.634189003809327,-34.6062841659847,-0.16001545797192485,0.5233869797053998,0.5473014501306437
1706,56.84226583305912,50.34226583305912,866.4737945492662,359.82944876063635,13.774968147277832,-33.99617004394531,7.473447448534798,0.7984889529608533,13.790824123728205,-34.558396004031536,-0.015855976450373177,0.5622259600862236,0.5624495018968998
1707,56.87558486344192,50.37558486344192,867.791757840992,359.91648431801605,14.011605262756348,-34.008663177490234,7.527169354754457,0.8111274664314112,13.9031851408087,-34.579728409661804,0.10842012194764727,0.5710652321715699,0.5812662232044038
1708,56.90890389382473,50.40890389382473,870.1837464545566,360.4165741768405,14.442068099975586,-34.0931510925293,7.473447448534798,0.8153373945546322,14.329003679298847,-34.661564319751776,0.11306442067673927,0.5684132272224787,0.5795491006846959
1709,56.94222292420753,50.44222292420753,870.004044117647,360.39252450980393,14.409760475158691,-34.08924865722656,7.4969120194539265,0.770710370466938,14.297178991566092,-34.655233995773735,0.11258148359259934,0.565985338547172,0.5770736468582391
1710,56.97554195459033,50.47554195459033,869.8359633027522,360.3897247706422,14.37960433959961,-34.08915710449219,7.503799399886245,0.799657401900191,14.268153087717899,-34.64946038452396,0.11145125188171079,0.5603032800317749,0.5712802702355176
1711,57.00886098497313,50.50886098497313,869.9811620795107,360.32428134556574,14.405460357666016,-34.07697677612305,7.503799399886245,0.7660880124880742,14.29069441475918,-34.65394413324962,0.1147659429068355,0.5769673571265699,0.5882708159010728
1712,57.04218001535593,50.54218001535593,871.9303573606537,360.6876448347359,14.756103515625,-34.137847900390625,7.51480607892272,0.7930004284238177,14.814752971852593,-34.70768627403321,-0.05864945622759343,0.5698383736425825,0.5728486107091609
1713,57.07549904573873,50.57549904573873,871.8620732006877,360.789240972734,14.744142532348633,-34.1563720703125,7.488638801536112,0.7776385418660366,14.801030787029486,-34.70909860201138,-0.05688825468085312,0.5527265316988803,0.5556463734827277
1714,57.10881807612153,50.60881807612153,873.7411143131603,360.847502401537,15.08132266998291,-34.16228485107422,7.573692931324687,0.7865779356583588,15.134074387182523,-34.67482076648374,-0.05275171719961236,0.5125359154095221,0.5152434456178795
1715,57.142137106504336,50.642137106504336,874.3800565596949,360.8678224517398,15.19598388671875,-34.164390563964844,7.484498763183275,0.782961167246201,15.247319259235848,-34.66316526823424,-0.051335372517097966,0.49877470426939396,0.5014095392894821
1716,57.175456136887135,50.675456136887135,874.5291102160381,361.0700598071524,15.223289489746094,-34.200565338134766,7.512055921070722,0.7799514673531317,15.270654454246895,-34.66076354072401,-0.047364964500800966,0.4601982025892468,0.4626292527808154
1717,57.208775167269934,50.708775167269934,874.5578882750153,361.0109269490485,15.228278160095215,-34.1898078918457,7.490018305794206,0.7718067800030196,15.276686415494435,-34.660142713374505,-0.048408255399220224,0.4703348215288017,0.4728194195814358
1718,57.24209419765274,50.74209419765274,874.7320644216691,361.1366520253782,15.259876251220703,-34.21209716796875,7.513431125827519,0.795330926298321,15.305683260627003,-34.65715827203464,-0.04580700940629967,0.4450611040658927,0.4474121907850749
1719,57.27541322803554,50.77541322803554,874.785237388724,361.2686696340257,15.269783973693848,-34.23582077026367,7.463764125238062,0.7937776243801846,15.313071020011229,-34.65639790191801,-0.04328704631738134,0.4205771316543405,0.42279887895957763
1720,57.30873225841834,50.80873225841834,875.2525326498229,361.50823874038815,15.354270935058594,-34.2779541015625,7.512055921070722,0.7887373444620728,15.392381348710439,-34.64823504756037,-0.038110413651844866,0.37028094599786954,0.3722369978895057
1721,57.342051288801144,50.842051288801144,878.094554159186,361.8053859964093,15.86483097076416,-34.324668884277344,7.585960236472262,0.795373428446335,15.816218284288178,-34.60461249255077,0.04861268647598216,0.27994360827342746,0.28413309750811916
1722,57.37537031918394,50.87537031918394,878.8025235820163,361.7522969496509,15.99166202545166,-34.31333541870117,7.498290001639896,0.8076022198684565,15.920417618103583,-34.62819039460676,0.07124440734807713,0.31485497590558964,0.32281484078475725
1723,57.40868934956674,50.90868934956674,878.7926605504587,361.605749235474,15.989476203918457,-34.28688430786133,7.503799399886245,0.8180787955421731,15.912644513792209,-34.62643152067337,0.07683169012624802,0.33954721281204314,0.34813132340552566
1724,57.44200837994955,50.94200837994955,879.2446886446886,361.68888888888887,16.070781707763672,-34.30080032348633,7.510680464514091,0.7822229977436479,15.992985340943447,-34.64461079384439,0.07779636682022506,0.3438104703580649,0.3525023605853737
1725,57.47532741033235,50.97532741033235,881.3038112522686,361.62105263157895,16.439895629882812,-34.28348922729492,7.544991654835394,0.8084609696275326,16.336362567850262,-34.72317842128719,0.1035330620325503,0.43968919399226536,0.4517141598925186
1726,57.50864644071515,51.00864644071515,884.4852550157118,362.0491902344694,17.01166534423828,-34.35303497314453,7.549098518056046,0.8066638564846234,17.09956514740239,-34.686901812264566,-0.08789980316410961,0.33386683912003434,0.3452440320415287
1727,57.54196547109795,51.04196547109795,884.4094657583363,361.98948249073743,16.997913360595703,-34.342430114746094,7.591406009059102,0.8356495511158673,17.089315637997682,-34.68960028289309,-0.09140227740197915,0.3471701681469952,0.35900069911558846
1728,57.57528450148075,51.07528450148075,884.407768157768,361.95093795093794,16.997499465942383,-34.33546829223633,7.56823441318761,0.8107585955540337,17.090642655599037,-34.6892509083153,-0.09314318965665436,0.35378261607897343,0.3658384796861831
1729,57.60860353186355,51.10860353186355,885.1473544012591,361.8524034386729,17.129863739013672,-34.31585693359375,7.542252503663317,0.8209677569465487,17.219255339158572,-34.65539001455572,-0.0893916001449,0.33953308096197077,0.351103362621314
1730,57.64192256224636,51.14192256224636,888.8057675996607,361.45862110747606,17.784894943237305,-34.23573303222656,7.539512357340851,0.7945135254934117,17.6738100604,-34.673130804656,0.11108488283730367,0.4373977724294349,0.45128335059163127
1731,57.675241592629156,51.175241592629156,892.3737816764132,361.05080409356725,18.423669815063477,-34.153297424316406,7.518929429619227,0.7875880209107865,18.455226571280306,-34.67533309824525,-0.03155675621682974,0.5220356739288405,0.5229885980757775
1732,57.708560623011955,51.208560623011955,895.4371069182389,360.76753749395255,18.972288131713867,-34.0946044921875,7.5463608575786925,0.8023177279934746,18.994374795200557,-34.642741898224486,-0.022086663486689417,0.5481374060369859,0.548582205873404
1733,57.74187965339476,51.24187965339476,895.9251330430575,361.09784712143204,19.06070899963379,-34.153079986572266,7.5463608575786925,0.8060788909495686,18.994374795200557,-34.642741898224486,0.06633420443323246,0.4896619116522203,0.4941346116198466
1734,57.77519868377756,51.27519868377756,896.2350458273033,361.03485287023636,19.116121292114258,-34.14094161987305,7.557305549127712,0.7831777453607697,18.994374795200557,-34.642741898224486,0.12174649691370121,0.501800278351439,0.5163581401162758
1735,57.80851771416036,51.30851771416036,897.6964611455674,361.38550407393893,19.37917709350586,-34.200706481933594,7.525796660413736,0.8173892573507456,19.235343456505845,-34.710702089359295,0.1438336370000144,0.5099956074257008,0.5298902100682381
1736,57.841836744543166,51.341836744543166,901.2143980641258,360.5022383545069,20.0076847076416,-34.03248977661133,7.544991654835394,0.7868056728516579,20.137377210681603,-34.59424972460461,-0.12969250304000113,0.5617599479932807,0.5765365422193064
1737,57.875155774925965,51.375155774925965,901.1868357487922,360.5868357487923,20.002965927124023,-34.04784393310547,7.55183518608796,0.7820443465032165,20.129531804910158,-34.5960609792437,-0.1265658777861347,0.5482170461382339,0.5626374064140289
1738,57.908474805308764,51.408474805308764,901.3034141633489,360.66546024852215,20.02408790588379,-34.061767578125,7.555938329659423,0.7890904080178333,20.14653308655036,-34.59213592410462,-0.12244518066657051,0.5303683459796176,0.5443192121224681
1739,57.94179383569157,51.44179383569157,902.764861612515,361.1252707581227,20.287429809570312,-34.14125442504883,7.5655036772469435,0.7642120617306946,20.156203289323926,-34.589903381882465,0.13122652024638626,0.4486489568336367,0.4674465596021492
1740,57.97511286607437,51.47511286607437,904.249696969697,360.73927272727275,20.55267906188965,-34.06787109375,7.538141910659106,0.7792108524941468,20.375684474700932,-34.6559597210133,0.17699458718871597,0.5880886272633035,0.6141460065900785
1741,58.00843189645717,51.50843189645717,906.2697613050258,360.16180880412617,20.913402557373047,-33.958580017089844,7.577784239589947,0.7936598770744577,20.931587270480467,-34.70696395958192,-0.01818471310741998,0.748383942492076,0.7486048418029247
1742,58.041750926839974,51.541750926839974,906.1797302223843,360.24547332604203,20.89748191833496,-33.97392272949219,7.52854179880903,0.8049395412250541,20.915303438739105,-34.70735963457131,-0.01782152040414431,0.7334369050791238,0.733653392496456
1743,58.07506995722277,51.57506995722277,906.2426541425818,360.30575626204234,20.9089298248291,-33.984657287597656,7.562771955302954,0.7967995715675074,20.926483908836776,-34.707087964336836,-0.01755408400767422,0.7224306767391795,0.7226439154654091
1744,58.10838898760557,51.60838898760557,907.5896317829457,360.52955426356584,21.15110206604004,-34.021785736083984,7.540882554963675,0.7676509417772959,21.16761161161185,-34.701228888736395,-0.016509545571810946,0.6794431526524107,0.6796437028187893
1745,58.14170801798838,51.64170801798838,909.6802546211286,360.9179826172114,21.527067184448242,-34.08683395385742,7.501045206583747,0.7864268725632457,21.54177523152472,-34.692137221081566,-0.014708047076478437,0.6053032672241443,0.6054819336371877
1746,58.17502704837118,51.67502704837118,912.2744163305218,360.68610194352766,21.99167823791504,-34.03857421875,7.5065525826609205,0.783930313783401,21.997717611524347,-34.68503541567589,-0.006039373609308285,0.6464611969258911,0.6464894068462751
1747,58.208346078753976,51.708346078753976,915.6382797270954,360.22173489278754,22.59370994567871,-33.94642639160156,7.518929429619227,0.8055547365247385,22.60055756931353,-34.6794035606643,-0.0068476236348189445,0.7329771690627354,0.7330091543198256
1748,58.24166510913678,51.74166510913678,916.7447973713034,360.22258731897284,22.79214859008789,-33.94386672973633,7.523050520325806,0.8037657361255423,22.799002806943374,-34.6775496443941,-0.006854216855483486,0.7336829146577699,0.7337149307118007
1749,58.27498413951958,51.77498413951958,918.5824535857299,360.48792622254575,23.122407913208008,-33.9872932434082,7.534029074901095,0.8061133502534537,23.1185273491002,-34.67802197105059,0.00388056410780635,0.6907287276423872,0.6907396282017313
1750,58.30830316990238,51.80830316990238,919.6393542121874,360.4088370963826,23.31173324584961,-33.97041320800781,7.532657630623801,0.7994065554311619,23.30775187603379,-34.67908504817211,0.003981369815818425,0.7086718401642997,0.7086830238883003
1751,58.34162220028519,51.84162220028519,923.0074608904933,360.7488567990373,23.916641235351562,-34.023582458496094,7.5655036772469435,0.810173636596033,23.912939472864384,-34.682485036000564,0.0037017624871786836,0.6589025775044703,0.6589129758075386
1752,58.374941230667986,51.874941230667986,923.17779399246,360.99087924115287,23.947824478149414,-34.06688690185547,7.525796660413736,0.7828073850525689,23.944365011290913,-34.68266158695553,0.0034594668585015143,0.6157746851000638,0.6157844027912918
1753,58.408260261050785,51.908260261050785,923.1062713518788,361.00671059053195,23.935039520263672,-34.06992721557617,7.513431125827519,0.7741105657566377,23.931597537084702,-34.682589858359094,0.0034419831789698208,0.6126626427829223,0.6126723113622476
1754,58.44157929143359,51.94157929143359,923.1349263818488,361.20890658942795,23.94071388244629,-34.10638427734375,7.554570862752983,0.7862303804896115,23.93747653212829,-34.6826228869798,0.003237350317998988,0.5762386096360501,0.5762477033987812
1755,58.47489832181639,51.97489832181639,923.7628701314658,361.1260597124954,24.053102493286133,-34.08987808227539,7.487259043108643,0.7748108119838085,24.04088641142677,-34.68320857136229,0.01221608185936418,0.5933304890869024,0.5934562342212757
1756,58.50821735219919,52.00821735219919,926.3265500416518,360.33702249196716,24.51077651977539,-33.941036224365234,7.6077199376356965,0.8258285053640366,24.495303302319964,-34.69256456105022,0.01547321745542618,0.7515283366849843,0.7516876088501939
1757,58.541536382581995,52.041536382581995,928.9941839331152,360.1744820065431,24.988746643066406,-33.90511703491211,7.539512357340851,0.8203713401234853,24.972331669753572,-34.70238609844463,0.016414973312834036,0.7972690635325179,0.7974380295765177
1758,58.574855412964794,52.074855412964794,928.7519798416126,360.16222702183825,24.94527244567871,-33.90350341796875,7.576420715649159,0.8351500479685614,24.928842684888426,-34.701490703704486,0.016429760790284575,0.7979872857357364,0.7981564039932987
1759,58.60817444334759,52.10817444334759,933.9137806637807,360.4368686868687,25.871644973754883,-33.94045639038086,7.56823441318761,0.7979510186105094,25.933116694397366,-34.58602383067462,-0.06147172064248352,0.6455674402937603,0.6484875422135612
1760,58.6414934737304,52.1414934737304,935.6807410080595,360.93179357632624,26.189783096313477,-34.02553939819336,7.566869168400964,0.8002897065434242,25.96163349842859,-34.597400881863535,0.22814959788488665,0.5718614836701761,0.6156929393134946
1761,58.6748125041132,52.1748125041132,935.839448441247,360.9357314148681,26.21826171875,-34.02585983276367,7.579147518226432,0.7877113383049074,25.98631192736679,-34.60724657666807,0.2319497913832116,0.581386743904396,0.6259482819774099
1762,58.708131534496,52.208131534496,935.9821643769583,360.9548083875633,26.243900299072266,-34.02895736694336,7.5600392462868,0.8090037081350502,26.009496102978357,-34.61649612484383,0.23440419609390872,0.5875387579004681,0.6325718292665715
1763,58.7414505648788,52.2414505648788,936.0134162702768,360.9920722039273,26.24959945678711,-34.035614013671875,7.51480607892272,0.82832075348585,26.016703759924305,-34.61937168838652,0.23289569686280487,0.5837576747146471,0.6285009374738142
1764,58.7747695952616,52.2747695952616,938.4203320004846,360.46019629225736,26.679851531982422,-33.933616638183594,7.539512357340851,0.7733974773268795,26.79140016000873,-34.680005936477635,-0.11154862802630916,0.7463892982940408,0.7546787932772607
1765,58.8080886256444,52.3080886256444,938.1495044718394,360.6635242929659,26.631799697875977,-33.971012115478516,7.549098518056046,0.7939209603985496,26.73893145448832,-34.68784743705715,-0.10713175661234331,0.7168353215786354,0.7247965863175626
1766,58.8414076560272,52.3414076560272,938.2038904899135,360.5863352545629,26.64136505126953,-33.95693588256836,7.573692931324687,0.799102463081809,26.750345573762466,-34.686141585502114,-0.108980522492935,0.7292057029337542,0.7373043547097383
1767,58.87472668641001,52.37472668641001,938.1610067437379,360.6529383429672,26.633840560913086,-33.96907043457031,7.562771955302954,0.7967995728533587,26.741211575799785,-34.687506670643955,-0.10737101488669865,0.7184362360736429,0.7264152807736515
1768,58.908045716792806,52.408045716792806,938.4337866857552,360.95347172512527,26.68352508544922,-34.022701263427734,7.598207736083495,0.7953394980679628,26.781970543194316,-34.681415202152884,-0.09844545774509683,0.6587139387251497,0.6660296999544705
1769,58.941364747175605,52.441364747175605,940.5004901960783,361.7123774509804,27.05607032775879,-34.15473556518555,7.4969120194539265,0.8008438927263849,27.08011843783335,-34.63685670074895,-0.02404811007455976,0.4821211355634034,0.48272052054486325
1770,58.97468377755841,52.47468377755841,943.4486297235301,361.4893154654111,27.584152221679688,-34.10720443725586,7.553203148273999,0.7974016153716138,27.675621557233264,-34.77930840474584,-0.09146933555357606,0.6721039674899814,0.6782996258751633
1771,59.00800280794121,52.50800280794121,946.2938676381299,360.9744990892532,28.093055725097656,-34.0072135925293,7.531285936607034,0.7839497501135837,28.188631461245016,-34.70949082097587,-0.09557573614736015,0.7022772284465759,0.7087510331101564
1772,59.04132183832401,52.54132183832401,948.005061460593,360.60954446854663,28.39898109436035,-33.93708801269531,7.5600392462868,0.7837444454183236,28.492289174480725,-34.670549450283524,-0.09330808012037295,0.7334614375882111,0.7393727600099392
1773,59.074640868706815,52.574640868706815,947.9844516206194,360.60961607463224,28.395280838012695,-33.93714904785156,7.588683611263451,0.8086689356673021,28.488640208089674,-34.67101365744006,-0.09335937007697837,0.733864609588494,0.7397791813694429
1774,59.107959899089614,52.607959899089614,949.441973508324,361.50747356908494,28.658903121948242,-34.09578323364258,7.52854179880903,0.7922030535908501,28.728204582088324,-34.64053721974682,-0.06930146014008187,0.5447539861042401,0.549144423402447
1775,59.14127892947241,52.64127892947241,951.1155668975574,361.8913598250091,28.959962844848633,-34.16102600097656,7.52854179880903,0.8049395399135123,28.96572475957781,-34.61032083669569,-0.00576191472917742,0.44929483571912954,0.4493317806089682
1776,59.17459795985522,52.67459795985522,950.9217051422986,361.7803835348723,28.924924850463867,-34.141456604003906,7.5093047560192625,0.8061695718202622,28.96572475957781,-34.61032083669569,-0.040799909113943045,0.4688642326917858,0.47063606032832106
1777,59.20791699023802,52.70791699023802,950.9102564102565,361.77521367521365,28.922866821289062,-34.14054489135742,7.510680464514091,0.8129827523278094,28.96572475957781,-34.61032083669569,-0.04285793828874773,0.46977594533827016,0.47172687192148327
1778,59.24123602062082,52.74123602062082,950.9068165337201,361.8612521150592,28.92245864868164,-34.15610122680664,7.549098518056046,0.802899962771073,28.96572475957781,-34.61032083669569,-0.04326611089616961,0.4542196098890514,0.45627558597830076
1779,59.274555051003624,52.774555051003624,956.5424505547514,361.5460684997588,29.932212829589844,-34.08533477783203,7.557305549127712,0.8084187452224434,30.00413024310248,-34.71654581522993,-0.07191741351263659,0.6312110373978967,0.6352948040864781
1780,59.30787408138642,52.80787408138642,958.1584515807816,361.2550410754294,30.221250534057617,-34.02879333496094,7.4388062708010585,0.8066724644011359,30.290281695409483,-34.68558096276089,-0.06903116135186593,0.6567876277999503,0.6604053976677305
1781,59.34119311176922,52.84119311176922,957.5118004866179,361.1457420924574,30.105024337768555,-34.01063537597656,7.524423715649887,0.772811586823719,30.17721303572079,-34.69746495776998,-0.07218869795223526,0.6868295817934182,0.6906128311424288
1782,59.37451214215203,52.87451214215203,958.2261186525892,361.17621920563096,30.233192443847656,-34.01438522338867,7.402607485322109,0.7897546723935832,30.303590932928397,-34.684182105529494,-0.0703984890807412,0.6697968821408224,0.6734863106184252
1783,59.40783117253483,52.90783117253483,958.6471471471472,361.15778278278276,30.308639526367188,-34.0100212097168,7.4193365631212576,0.8062821318008259,30.37866733029322,-34.67629125819796,-0.07002780392603114,0.6662700484811666,0.6699400501729977
1784,59.441150202917626,52.941150202917626,960.088748607501,360.93179848991207,30.566574096679688,-33.965660095214844,7.459610281603888,0.7655527287470099,30.63839525315954,-34.64899275348796,-0.07182115647985299,0.6833326582731161,0.6870966455897647
1785,59.47446923330043,52.97446923330043,964.1043238711222,360.57587735058087,31.28573226928711,-33.89150619506836,7.583235883632932,0.8037554105052381,31.20284326230184,-34.665237424806755,0.08288900698526902,0.7737312297383951,0.7781584693052522
1786,59.50778826368323,53.00778826368323,964.9751062537947,360.698482088646,31.442174911499023,-33.911521911621094,7.531285936607034,0.8185820909988314,31.359630777867256,-34.68203390525553,0.08254413363176738,0.770511993634436,0.7749208129425433
1787,59.54110729406603,53.04110729406603,964.6209412623131,360.67007174996957,31.37860679626465,-33.907257080078125,7.525796660413736,0.7916254381744157,31.29633222850739,-34.67525279871828,0.08227456775725983,0.767995718640158,0.7723901399870772
1788,59.57442632444884,53.07442632444884,964.5671011344435,360.650736181511,31.368896484375,-33.90389633178711,7.554570862752983,0.8170437850541792,31.286376145296924,-34.674186214070986,0.08252033907807643,0.7702898822838762,0.7746974306853409
1789,59.607745354831636,53.107745354831636,967.0983825854311,361.4672260732093,31.82478141784668,-34.04519271850586,7.525796660413736,0.8228821953308467,31.752053612355027,-34.724073747798826,0.07272780549165248,0.6788810292929668,0.6827655422072131
1790,59.641064385214435,53.141064385214435,968.057845263919,361.8522535550735,31.997758865356445,-34.112396240234375,7.5600392462868,0.8182270517212216,32.05014151238553,-34.74280161340967,-0.05238264702908424,0.630405373175293,0.6325779606009476
1791,59.67438341559724,53.17438341559724,970.4093419788663,361.7753362151777,32.41920471191406,-34.09273147583008,7.573692931324687,0.8250658828585218,32.47032023195043,-34.70788745421518,-0.05111552003636888,0.6151559783851042,0.6172760113041192
1792,59.70770244598004,53.20770244598004,973.5684326710817,361.7132695609517,32.98548126220703,-34.07376480102539,7.494155294955702,0.8132470461460368,33.029353137313485,-34.664132186128064,-0.04387187510645418,0.5903673851026738,0.5919952624965212
1793,59.74102147636284,53.24102147636284,973.4873857404021,361.6466788543571,32.970787048339844,-34.06193542480469,7.517555230680652,0.8249899261646931,33.01561387163936,-34.665153189935054,-0.04482682329951615,0.603217765130367,0.6048810761265396
1794,59.774340506745645,53.274340506745645,973.5016441359153,361.73730361709903,32.97356414794922,-34.07827377319336,7.520303377447894,0.8255932122021735,33.01716823840087,-34.66503768053167,-0.0436040904516517,0.5867639073383089,0.5883818485125415
1795,59.807659537128444,53.307659537128444,974.1394730481024,361.63657239545563,33.087684631347656,-34.058509826660156,7.549098518056046,0.8291374458963522,33.13212261295721,-34.65649509486258,-0.04443798160955481,0.5979852682024216,0.5996341511260456
1796,59.84097856751124,53.34097856751124,976.6303642264695,361.6266378170453,33.53428268432617,-34.05060958862305,7.56959941174018,0.8046067229301435,33.571914299220026,-34.62475708217169,-0.03763161489385425,0.5741474935486437,0.5753794250646345
1797,59.87429759789405,53.37429759789405,979.9648807383434,361.4123217068201,34.131649017333984,-34.00371170043945,7.580510551690959,0.7732380697903984,34.16978605771697,-34.58557049680038,-0.03813704038298482,0.5818587963609261,0.5831072737942471
1798,59.90761662827685,53.40761662827685,982.6144505160898,361.3160898603521,34.60647964477539,-33.979827880859375,7.531285936607034,0.7927806715664905,34.26537080289207,-34.61466230749995,0.3411088418833188,0.6348344266405732,0.7206732902356271
1799,59.94093565865965,53.44093565865965,983.1276259866422,361.4323011536126,34.698768615722656,-33.99956130981445,7.531285936607034,0.7839497538939385,34.34521184988,-34.65756244953687,0.3535567658426544,0.6580011397224155,0.7469724804496585
1800,59.97425468904245,53.47425468904245,984.9826401446654,361.1404460518384,35.03068161010742,-33.942283630371094,7.558672521292121,0.8152144916910706,35.07376570845972,-34.76437720009885,-0.04308409835229554,0.8220935697277554,0.8232217665480877
1801,60.00757371942525,53.50757371942525,986.0917209751386,361.0905141202027,35.22941589355469,-33.930545806884766,7.554570862752983,0.8078337836239152,35.272569116633235,-34.75395835496258,-0.04315322307854785,0.8234125480778118,0.8245425549928043
1802,60.04089274980805,53.54089274980805,986.6106906906906,361.00468468468466,35.322265625,-33.91376876831055,7.5723286706757165,0.80518704313066,35.35876203878353,-34.74967407296707,-0.03649641378353152,0.8359053046565208,0.8367016592382076
1803,60.07421178019086,53.57421178019086,986.7315644795027,360.97382574399427,35.3438606262207,-33.907894134521484,7.591406009059102,0.8092492480329407,35.38057195629018,-34.74872183140397,-0.036711330069479686,0.840827696882485,0.8416287409542134
1804,60.10753081057366,53.60753081057366,986.7667865707433,361.01654676258994,35.350276947021484,-33.915523529052734,7.579147518226432,0.8002539075531083,35.386643596298526,-34.748456737876204,-0.03636664927704203,0.8329332088234693,0.8337267319335517
1805,60.140849840956456,53.640849840956456,986.8863170584689,360.85690174804097,35.3713264465332,-33.886390686035156,7.558672521292121,0.811395494847435,35.40892259324569,-34.74748401586243,-0.03759614671248812,0.8610933298272769,0.8619136806668372
1806,60.17416887133926,53.67416887133926,987.6245803357313,361.06570743405274,35.50419235229492,-33.92230224609375,7.579147518226432,0.8130984511685818,35.53997075221997,-34.7417623296752,-0.03577839992505005,0.819460083581447,0.8202407710450078
1807,60.20748790172206,53.70748790172206,991.4857487922704,360.89408212560386,36.19609069824219,-33.8818244934082,7.55183518608796,0.8034821962466141,36.225122034390566,-34.71317318849477,-0.029031336148378273,0.8313486950865681,0.8318554389439908
1808,60.24080693210486,53.74080693210486,993.0401839748245,360.7946017913338,36.474552154541016,-33.860042572021484,7.543622203575393,0.8146772570742976,36.50400404664698,-34.703434414029374,-0.02945189210596766,0.8433918420078896,0.843905926696858
1809,60.274125962487666,53.774125962487666,994.5965555148406,360.94967631611087,36.75396728515625,-33.884239196777344,7.5093047560192625,0.7970883591403126,36.78223492104507,-34.69371837779903,-0.028267635888816756,0.8094791810216861,0.8099725944414924
1810,60.307444992870465,53.807444992870465,994.4145553899651,361.1717585692995,36.72185134887695,-33.9248046875,7.447134849193324,0.8084797949508942,36.748743248374836,-34.69488793278024,-0.026891899497883287,0.7700832452802402,0.7705526451320187
1811,60.340764023253264,53.840764023253264,994.4912536443148,360.95420310981535,36.73509979248047,-33.885311126708984,7.529913992714312,0.786234397732077,36.76335302147516,-34.69437774826148,-0.028253228994692847,0.8090666215524962,0.8095597834990302
1812,60.37408305363606,53.87408305363606,996.3376084035665,360.8478074996946,37.065887451171875,-33.86156463623047,7.5093047560192625,0.8008312135401989,37.08746134811784,-34.685438521629834,-0.021573896945966453,0.8238738853993652,0.8241563031807022
1813,60.40740208401887,53.90740208401887,998.4097960180774,360.83999022841084,37.437400817871094,-33.855072021484375,7.5093047560192625,0.7970883578446019,37.45889004033905,-34.67571231902678,-0.021489222467955926,0.8206402975424041,0.8209216068741051
1814,60.44072111440167,53.94072111440167,998.2484207968902,360.84888241010685,37.408485412597656,-33.85707092285156,7.529913992714312,0.8079101597309513,37.42994214163736,-34.67647034643178,-0.021456729039705635,0.8193994235802151,0.8196803075496398
1815,60.47404014478447,53.97404014478447,998.3509028794533,360.8800634455832,37.42693328857422,-33.86245346069336,7.513431125827519,0.817435952577133,37.44823652639501,-34.67599129110736,-0.021303237820788468,0.8135378304139991,0.813816705073302
1816,60.507359175167274,54.007359175167274,1001.5243844696969,361.03231534090907,37.99626922607422,-33.88217544555664,7.628063284242008,0.8016020138007813,38.00993762945104,-34.66523775056857,-0.013668403376819072,0.7830623050119314,0.7831815873611117
1817,60.54067820555007,54.04067820555007,1004.932845825716,361.20658135283367,38.607765197753906,-33.90529251098633,7.517555230680652,0.8289269143916822,38.61432910058054,-34.657441275469104,-0.00656390282663466,0.7521487644827758,0.7521774050935613
1818,60.57399723593287,54.07399723593287,1005.9796836982968,361.1575425790754,38.79533386230469,-33.893863677978516,7.524423715649887,0.8105358344354728,38.801983211642636,-34.655803642851474,-0.0066493493379482516,0.7619399648729583,0.7619689783168493
1819,60.60731626631568,54.10731626631568,1006.7775346462436,361.1122052030148,38.93827819824219,-33.88372039794922,7.527169354754457,0.8019841518792067,38.94500517434561,-34.654555509091786,-0.006726976103422544,0.7708351111425671,0.7708644632992688
1820,60.64063529669848,54.14063529669848,1007.1536199926497,360.8924415043489,39.00520706176758,-33.843101501464844,7.498290001639896,0.8076022158983387,39.0122833898212,-34.65396838100013,-0.007076328053621239,0.8108668795352898,0.8108977560371102
1821,60.673954327081276,54.173954327081276,1007.360705596107,361.0261557177615,39.042640686035156,-33.86674499511719,7.524423715649887,0.833248339937261,39.042640686035156,-34.653718373635925,0.0,0.7869733785187378,0.7869733785187378
1822,60.70727335746408,54.20727335746408,1007.4167585446527,360.927355139042,39.052459716796875,-33.84876251220703,7.498290001639896,0.830271052671543,39.052459716796875,-34.653718373635925,0.0,0.8049558614288941,0.8049558614288941
1823,60.74059238784688,54.24059238784688,1007.8130818522548,360.6841977995405,39.12297058105469,-33.80385971069336,7.547729811940535,0.8090478741426885,39.12297058105469,-34.653718373635925,0.0,0.849858662942566,0.849858662942566
1824,60.77391141822968,54.27391141822968,1009.7758122743683,360.7488567990373,39.475006103515625,-33.81072998046875,7.5655036772469435,0.8464078756348861,39.475006103515625,-34.653718373635925,0.0,0.8429883931671753,0.8429883931671753
1825,60.807230448612486,54.307230448612486,1011.6019210245464,361.0637969880232,39.80311584472656,-33.86314010620117,7.621288202272667,0.7851598077310209,39.79621556633703,-34.65383369237289,0.006900278389530001,0.7906935861717201,0.7907236945070942
1826,60.840549478995285,54.340549478995285,1013.6637308868501,361.22214067278287,40.173126220703125,-33.886688232421875,7.503799399886245,0.7959200322700315,40.16640325086219,-34.65706427135351,0.006722969840936344,0.7703760389316372,0.7704053736076103
1827,60.873868509378084,54.373868509378084,1013.3990320629158,361.0283121597096,40.1252326965332,-33.852325439453125,7.544991654835394,0.7956687601585539,40.11821351718552,-34.65664372591885,0.007019179347686588,0.8043182864657226,0.80434891360769
1828,60.90718753976089,54.40718753976089,1014.9651035986914,361.1483097055616,40.40626525878906,-33.87015914916992,7.539512357340851,0.8203713387760108,40.399380298706284,-34.659097431248334,0.006884960082778946,0.7889382820784121,0.7889683235746399
1829,60.94050657014369,54.44050657014369,1018.937148447053,361.3428711176327,41.11881637573242,-33.89556121826172,7.505176117520045,0.842671497879456,41.10529286949369,-34.67032237179211,0.013523506238733773,0.7747611535303918,0.7748791713814047
1830,60.97382560052649,54.47382560052649,1021.3168784029039,361.43315184513006,41.545658111572266,-33.906036376953125,7.544991654835394,0.8406456350286375,41.525393484789895,-34.679911252001276,0.020264626782370954,0.7738748750481506,0.7741401535441883
1831,61.007144630909295,54.507144630909295,1021.8876183450141,361.4785442026312,41.6480827331543,-33.91283416748047,7.484498763183275,0.8272197142563097,41.62792580611364,-34.68259615532577,0.02015692704065941,0.7697619878452997,0.7700258564744886
1832,61.040463661292094,54.540463661292094,1022.313431013431,361.36007326007325,41.724151611328125,-33.89038848876953,7.510680464514091,0.8129827496589798,41.70335520138114,-34.68457134355425,0.020796409946981953,0.7941828547847223,0.7944550947037184
1833,61.07378269167489,54.57378269167489,1022.2316672747172,361.57375653654384,41.7099723815918,-33.92919158935547,7.525796660413736,0.8005933281068512,41.69020108640277,-34.68422689093112,0.019771295189023874,0.7550353015756528,0.7552941220073731
1834,61.1071017220577,54.6071017220577,1024.4777046783627,361.49865984405454,42.11246109008789,-33.91011428833008,7.518929429619227,0.8280735393981795,42.08504417316056,-34.69523206569793,0.027416916927329282,0.7851177773678515,0.7855963414329494
1835,61.1404207524405,54.6404207524405,1024.3775671406001,361.5498845546239,42.094627380371094,-33.91961669921875,7.52854179880903,0.8103052923169919,42.06756361179187,-34.69462163104379,0.02706376857922521,0.7750049318250376,0.7754773316627901
1836,61.1737397828233,54.6737397828233,1028.0194945848375,361.78880866425993,42.74806594848633,-33.95384216308594,7.5655036772469435,0.8063933623156475,42.72140003198781,-34.71745410195875,0.026665916498515685,0.7636119388728133,0.7640773941766652
1837,61.2070588132061,54.7070588132061,1029.8814407814407,362.03369963369965,43.0823974609375,-33.993507385253906,7.510680464514091,0.8168375381431747,43.05017361016187,-34.731554908486515,0.032223850775629614,0.7380475232326091,0.7387506501578179
1838,61.2403778435889,54.7403778435889,1029.887067395264,361.96417729204614,43.083251953125,-33.98093795776367,7.531285936607034,0.828006339978098,43.050478727654585,-34.73156823020395,0.0327732254704145,0.7506302724402758,0.7513453867639684
1839,61.2736968739717,54.7736968739717,1031.7210092188257,362.24599708879185,43.41264724731445,-34.027347564697266,7.535400269575277,0.82222328015291,43.38126972945473,-34.74601087724819,0.03137751785972398,0.7186633125509232,0.7193479724262127
1840,61.30701590435451,54.80701590435451,1033.4410641851587,362.1249105225483,43.72072219848633,-34.00125503540039,7.598207736083495,0.8359868499437902,43.68091885585513,-34.760748056774744,0.03980334263119545,0.7594930213743538,0.7605353085826857
1841,61.34033493473731,54.84033493473731,1037.321293931655,362.5798370424419,44.41730880737305,-34.073909759521484,7.525796660413736,0.8005933242026261,44.61721005032846,-34.583149541765906,-0.19990124295541278,0.5092397822444212,0.5470700711567619
1842,61.373653965120106,54.873653965120106,1037.7082418922214,362.5369422092173,44.4865837097168,-34.065216064453125,7.516180780494436,0.8180343750844371,44.61721005032846,-34.583149541765906,-0.13062634061166278,0.5179334773127806,0.5341519706814745
1843,61.40697299550291,54.90697299550291,1038.2901391409557,362.4429522081064,44.5906982421875,-34.046810150146484,7.544991654835394,0.82546236367019,44.61721005032846,-34.583149541765906,-0.02651180814095966,0.5363393916194212,0.5369942448235306
1844,61.44029202588571,54.94029202588571,1039.9887774594079,362.6131805157593,44.895565032958984,-34.07339096069336,7.595487776183891,0.8127979305362051,44.861105926957705,-34.59913532208654,0.03445910600127888,0.5257443613931798,0.5268724357215224
1845,61.47361105626851,54.97361105626851,1040.790168301247,362.7715219760262,45.03956604003906,-34.10002517700195,7.542252503663317,0.8304194786965962,45.006229191167606,-34.608647203357904,0.03333684887145694,0.5086220263559511,0.5097133617898517
1846,61.506930086651316,55.006930086651316,1042.8529807810012,363.17468478393926,45.41021728515625,-34.167789459228516,7.501045206583747,0.8081958294409753,45.37564616619539,-34.63300005374892,0.03457111896086218,0.46521059452040703,0.46649336492627275
1847,61.540249117034115,55.040249117034115,1043.0300048590864,363.0087463556851,45.441593170166016,-34.13738250732422,7.529913992714312,0.8344647650238015,45.4046025158735,-34.63515188223517,0.03699065429251647,0.49776937491095197,0.4991419228077605
1848,61.573568147416914,55.073568147416914,1043.0076474872542,363.0393299344501,45.43765640258789,-34.14296340942383,7.532657630623801,0.8350729741088181,45.40109982421833,-34.63489158728204,0.03655657836956294,0.4919281778582132,0.4932846192544339
1849,61.60688717779972,55.10688717779972,1045.7582874617735,363.1004281345566,45.93085861206055,-34.14725112915039,7.503799399886245,0.8219735041842219,45.891910216125396,-34.67136509980671,0.03894839593515087,0.524113970656316,0.5255591610685242
1850,61.64020620818252,55.14020620818252,1046.3969362745097,363.18186274509804,46.0455207824707,-34.1603889465332,7.4969120194539265,0.8271662393821938,46.00691360058749,-34.67991132754092,0.03860718188321499,0.5195223810077181,0.5209549105833367
1851,61.67352523856532,55.17352523856532,1049.2406333091612,363.7313270485859,46.55641555786133,-34.252662658691406,7.549098518056046,0.8525634668321718,46.51745801565763,-34.72150196567178,0.03895754220369696,0.4688393069803709,0.4704550837905647
1852,61.706844268948124,55.206844268948124,1051.7574889604964,363.9628833989736,47.008056640625,-34.28831100463867,7.596847877864805,0.8328960920397668,47.234548370183894,-34.55558605334262,-0.2264917295588944,0.2672750487039508,0.35033477591908946
1853,61.74016329933092,55.24016329933092,1053.7666906820364,364.11191162343897,47.368534088134766,-34.310298919677734,7.573692931324687,0.8211852063321925,47.3439017448498,-34.56611558570639,0.024632343284963554,0.2558166660286574,0.2569998423223756
1854,61.77348232971372,55.27348232971372,1054.3872672672671,364.1817417417417,47.47990036010742,-34.321388244628906,7.5723286706757165,0.8508125606118503,47.45530293225659,-34.576842300009865,0.024597427850828524,0.2554540553809588,0.2566355545661097
1855,61.80680136009653,55.30680136009653,1054.0361372975585,364.18443316412856,47.41697692871094,-34.32273864746094,7.549098518056046,0.8291374458963522,47.39308637569492,-34.570851526996414,0.023890553016016725,0.24811287953547634,0.24926042508749138
1856,61.84012039047933,55.34012039047933,1054.0513565891472,364.1655765503876,47.419673919677734,-34.31929397583008,7.540882554963675,0.8368976013517623,47.395429953834935,-34.57107718790489,0.024243965842799753,0.25178321207481247,0.25294773326222325
1857,61.87343942086213,55.37343942086213,1056.2146020347097,364.3693596648713,47.8078498840332,-34.350791931152344,7.585960236472262,0.853878548977052,47.78304502190457,-34.608400273876335,0.024804862128632976,0.2576083427239908,0.25879980569200894
1858,61.90675845124493,55.40675845124493,1058.3373202851274,364.61725262776366,48.18885040283203,-34.390357971191406,7.550466976060227,0.805850775006886,48.16192760785001,-34.646511254776655,0.026922794982020548,0.2561532835852489,0.2575642474823493
1859,61.94007748162773,55.44007748162773,1060.6424085703732,365.1828592537865,48.60320281982422,-34.486854553222656,7.478975147107498,0.8126749696269425,48.58178411137981,-34.69063995150148,0.02141870844440774,0.20378539827882491,0.20490790522350727
1860,61.97339651201053,55.47339651201053,1061.4914264866836,365.20235923628843,48.75542068481445,-34.4882926940918,7.525796660413736,0.8267997788257792,48.730572845575225,-34.70637938015612,0.02484783923922862,0.2180866860643249,0.21949764862835766
1861,62.00671554239333,55.50671554239333,1061.3771575468234,365.1240053862162,48.734779357910156,-34.474422454833984,7.501045206583747,0.821370224948976,48.71063062864539,-34.704182266165326,0.02414872926476619,0.22975981133134127,0.23102539260461502
1862,62.040034572776136,55.540034572776136,1061.5386105059306,365.0504720406681,48.76355743408203,-34.46074676513672,7.543622203575393,0.8240185288452198,48.735507079783844,-34.70694156513218,0.028050354298187585,0.24619479999546456,0.2477876145433033
1863,62.073353603158935,55.573353603158935,1065.4421867440735,365.6706579583938,49.464500427246094,-34.563175201416016,7.5463608575786925,0.8478589096717106,49.54856994222501,-34.74980260430235,-0.08406951497891413,0.18662740288633728,0.20468871697504268
1864,62.106672633541734,55.606672633541734,1068.2954077305221,365.96946564885496,49.97652053833008,-34.610137939453125,7.539512357340851,0.8258843179950525,49.97461337441873,-34.62512947268719,0.001907163911347709,0.014991533234066878,0.015112357291067427
1865,62.13999166392454,55.63999166392454,1068.437334297421,365.95083152566883,50.00192642211914,-34.60643005371094,7.5600392462868,0.8411550815904806,49.99915044931073,-34.6282509828752,0.0027759728084078006,0.021820929164263703,0.0219967946443302
1866,62.17331069430734,55.67331069430734,1068.9346045715681,365.9200586725339,50.090980529785156,-34.599647521972656,7.5065525826609205,0.8093830393136507,50.08593716008309,-34.6392916469744,0.0050433697020650925,0.03964412500174319,0.03996363628482208
1867,62.20662972469014,55.70662972469014,1072.4622157006604,366.5140621178772,50.72443771362305,-34.69826889038086,7.505176117520045,0.8156407119532464,50.72131732257465,-34.72119709020934,0.003120391048398119,0.022928199828477602,0.023139558934204506
1868,62.239948755072945,55.739948755072945,1072.7697344488904,366.3583121134958,50.77926254272461,-34.66938781738281,7.536771214782576,0.815912720813025,50.77128610905884,-34.727997543590384,0.007976433665767502,0.0586097262075711,0.0591500084543598
1869,62.273267785455744,55.773267785455744,1073.825104396954,366.23556865634976,50.96815872192383,-34.644630432128906,7.488638801536112,0.8214150519765488,51.03582640864183,-34.56031824186383,-0.0676676867180035,-0.08431219026507364,0.10810856234850154
1870,62.30658681583854,55.80658681583854,1072.3137897547947,364.91199320223353,50.694644927978516,-34.4093017578125,7.532657630623801,0.8123107237789273,50.6534547583621,-34.711961400557534,0.04119016961641364,0.3026596427450343,0.3054496512022574
1871,62.33990584622135,55.83990584622135,1074.2068002428657,365.2044930176077,51.034515380859375,-34.45748519897461,7.531285936607034,0.8055264431142575,51.0235331563527,-34.535627786713825,0.01098222450667663,0.07814258773921523,0.07891053968701518
1872,62.37322487660415,55.87322487660415,1073.923133504965,365.0351845041069,50.98332977294922,-34.42760467529297,7.495533783939117,0.7941675529591601,51.001141779487995,-34.53248088391912,-0.017812006538775904,0.10487620862615188,0.1063780367967633
1873,62.40654390698695,55.90654390698695,1076.2278220933042,364.7440174039159,51.395835876464844,-34.369361877441406,7.549098518056046,0.8252153631203089,51.365710140680314,-34.58371762570718,0.03012573578453015,0.21435574826577408,0.216462344926639
1874,62.43986293736975,55.93986293736975,1078.5302918812852,365.15857247976453,51.80934524536133,-34.43858337402344,7.494155294955702,0.7787846574041574,51.778928794906484,-34.64210459623185,0.03041645045484387,0.2035212222084155,0.20578155492531203
1875,62.47318196775255,55.97318196775255,1079.6469009272814,365.2309663250366,52.00961685180664,-34.448917388916016,7.513431125827519,0.8308155022029976,51.976335629768535,-34.67160724537515,0.033281222038105795,0.22268985645913375,0.22516307847899772
1876,62.50650099813535,56.00650099813535,1079.6173065204143,364.50054844606944,52.00288009643555,-34.317073822021484,7.517555230680652,0.8483387743206345,51.95047239227758,-34.667741958634,0.052407704157964474,0.35066813661251217,0.3545627017755819
1877,62.53982002851816,56.03982002851816,1081.4723521650474,363.9479429051217,52.33429718017578,-34.21271896362305,7.577784239589947,0.8619866361564162,52.25939359691877,-34.71391054200559,0.07490358325701152,0.5011915783825458,0.506757876136452
1878,62.573139058900956,56.073139058900956,1083.9636999517606,364.47925711529183,52.78187561035156,-34.30256652832031,7.557305549127712,0.840546869725141,52.890816049744046,-34.586023830674606,-0.10894043939248377,0.283457302354293,0.30367097588179304
1879,62.606458089283755,56.106458089283755,1085.2430099683927,364.89326525650375,53.01197814941406,-34.374202728271484,7.527169354754457,0.8338565587029663,52.97524163113613,-34.59977340971597,0.03673651827793378,0.22557068144448778,0.2285425651875719
1880,62.63977711966656,56.13977711966656,1085.7204656862746,364.8069852941176,53.09737777709961,-34.357444763183594,7.4969120194539265,0.823231006804508,53.05577599834177,-34.61288926428495,0.04160177875783688,0.2554445011013584,0.25880997109604936
1881,62.67309615004936,56.17309615004936,1087.4171727998094,365.1152792664046,53.402069091796875,-34.40896224975586,7.605003379813812,0.8483241044601355,53.36076801550989,-34.66256036844428,0.04130107628698454,0.25359811868842286,0.25693926267655304
1882,62.70641518043216,56.20641518043216,1089.8925045703838,365.739183424741,53.846927642822266,-34.51557159423828,7.517555230680652,0.8624795416578698,53.80885955511389,-34.73711481488564,0.038068087708374776,0.2215432206473622,0.22479007521814287
1883,62.739734210814966,56.239734210814966,1089.5625307730181,365.7310438207779,53.787776947021484,-34.51490783691406,7.480356433507144,0.8569085963629968,53.75129447379526,-34.72722332482707,0.03648247322622211,0.2123154879130098,0.21542710428458492
1884,62.773053241197765,56.273053241197765,1089.5361151781356,364.820766227428,53.78129196166992,-34.35057830810547,7.513431125827519,0.8308155049591086,53.717568311043244,-34.721428110159884,0.0637236506266774,0.37084980205441553,0.3762848380322944
1885,62.806372271580564,56.306372271580564,1090.863575999034,364.7264276228419,54.01901626586914,-34.330284118652344,7.553203148273999,0.8368070226126761,53.945087689611434,-34.76052308961076,0.07392857625770688,0.43023897095841335,0.4365443923804841
1886,62.83969130196337,56.33969130196337,1092.3152762730228,365.30131214638254,54.28032302856445,-34.4305419921875,7.56413793959212,0.8257390969562195,54.215633752108,-34.807011405552814,0.0646892764564555,0.3764694133653137,0.3819868082644781
1887,62.87301033234617,56.37301033234617,1093.7832369942196,365.49723025048166,54.543785095214844,-34.46232604980469,7.562771955302954,0.8656860036561198,54.644209401873105,-34.73453804426212,-0.10042430665826174,0.27221199445743594,0.2901455002137509
1888,62.90632936272897,56.40632936272897,1097.9738562091504,366.22173807794724,55.29623031616211,-34.5828857421875,7.543622203575393,0.8146772597397846,55.30131058190665,-34.556127211715626,-0.005080265744538792,-0.0267585304718736,0.02723652057531068
1889,62.939648393111774,56.439648393111774,1099.2556372549018,365.9533088235294,55.52543640136719,-34.53126525878906,7.4969120194539265,0.8367838323664036,55.51308282344597,-34.59633342802739,0.012353577921217607,0.06506816923833014,0.06623048796048213
1890,62.97296742349457,56.47296742349457,1100.1362046085171,366.14247798286885,55.683616638183594,-34.563270568847656,7.555938329659423,0.820067963925052,55.67162477017403,-34.62643355710145,0.011991868009566531,0.06316298825379363,0.06429127455189963
1891,63.00628645387737,56.50628645387737,1098.7232681631667,364.77926623219884,55.42780303955078,-34.3205451965332,7.554570862752983,0.8303399698679946,55.380231664354106,-34.57111084738656,0.04757137519667509,0.25056565085335336,0.2550415282373979
1892,63.03960548426018,56.53960548426018,1098.8572793502926,364.7641227755882,55.45179748535156,-34.317481994628906,7.594127430909941,0.8458994595605587,55.4028299805802,-34.5754012717777,0.0489675047713618,0.2579192771487939,0.26252651303913993
1893,63.07292451464298,56.57292451464298,1100.4923189465983,365.57095830285294,55.74635314941406,-34.45918273925781,7.516180780494436,0.8509274842632086,55.71310444327475,-34.63430871910147,0.03324870613931097,0.1751259798436564,0.1782542714106425
1894,63.10624354502578,56.60624354502578,1100.8642865729053,365.13907921625196,55.81220245361328,-34.380271911621094,7.56959941174018,0.8501993623699678,55.76220231254219,-34.64363024083569,0.05000014107108797,0.2633583292145971,0.2680627233947921
1895,63.13956257540858,56.63956257540858,1102.2971145720148,364.5309670409272,56.0678596496582,-34.266937255859375,7.553203148273999,0.81947435968785,55.98445123115022,-34.686259692200316,0.08340841850798597,0.41932243634094135,0.42753744853159487
1896,63.17288160579138,56.67288160579138,1102.4934876989869,364.48130728412923,56.102970123291016,-34.25748062133789,7.557305549127712,0.8365479720521084,56.016415943271035,-34.69261786876088,0.08655418001998072,0.4351372474229862,0.44366209007958335
1897,63.20620063617418,56.70620063617418,1103.9656880512262,364.59586806814065,56.36703109741211,-34.27456283569336,7.550466976060227,0.8459069718591334,56.273695235205295,-34.74379390179728,0.09333586220681411,0.46923106610392296,0.4784238461562232
1898,63.23951966655699,56.73951966655699,1105.3492580528412,364.3238026299915,56.61448669433594,-34.22203063964844,7.555938329659423,0.8334358911252373,56.501681013722774,-34.789143092731095,0.11280568061316387,0.5671124530826575,0.5782228428729087
1899,63.272838696939786,56.772838696939786,1107.5322755138839,364.48070681572307,57.00602340698242,-34.245018005371094,7.56959941174018,0.8230360012366563,57.14250630625214,-34.671390461582085,-0.13648289926971557,0.4263724562109914,0.4476840997941083
1900,63.306157727322585,56.806157727322585,1108.2298518250814,364.7283459824117,57.13151168823242,-34.28802490234375,7.561405724245774,0.8212551750792734,57.24384430935189,-34.63895191104304,-0.11233262111947084,0.35092700869928706,0.3684676148621478
1901,63.33947675770539,56.83947675770539,1109.3887276245766,364.3049104983067,57.33841323852539,-34.20871353149414,7.5463608575786925,0.8246169473384957,57.45454413966805,-34.57150636361547,-0.116130901142661,0.36279283212132896,0.3809265352253913
1902,63.37279578808819,56.87279578808819,1110.238611713666,363.92082429501085,57.49003982543945,-34.137264251708984,7.5600392462868,0.8276090262475615,57.50767880764393,-34.55449782230038,-0.01763898220447402,0.4172335705913923,0.417606257282685
1903,63.40611481847099,56.90611481847099,1111.1433871932973,364.1070017953321,57.65254211425781,-34.16866683959961,7.585960236472262,0.8265976427854627,57.56601970957903,-34.56716487381177,0.08652240467878158,0.39849803421216023,0.40778279731047373
1904,63.439433848853795,56.939433848853795,1112.7500608716825,364.28207937667395,57.940792083740234,-34.19634246826172,7.521677074304259,0.8286788590554203,57.847031296696635,-34.628178470298096,0.09376078704359969,0.43183600203637695,0.4418975196148956
1905,63.472752879236594,56.972752879236594,1112.9951550387595,364.2991763565891,57.98475646972656,-34.198829650878906,7.540882554963675,0.8368976096806247,57.88953214287481,-34.6374063085721,0.0952243268517492,0.4385766576931971,0.44879522847029524
1906,63.50607190961939,57.00607190961939,1112.089127218935,362.60145463510844,57.81925964355469,-33.89442443847656,7.474829756407257,0.8145042359001761,57.66836848634789,-34.58938697159321,0.15089115720680013,0.6949625331166445,0.7111547396728158
1907,63.53939094000219,57.03939094000219,1114.0986235786954,362.64069419509275,58.17949295043945,-33.89658737182617,7.585960236472262,0.8497996681579074,58.01283279558493,-34.66417750455061,0.1666601548545259,0.7675901327244361,0.7854745184104014
1908,63.572709970385,57.072709970385,1116.757486859797,363.65591003544796,58.657867431640625,-34.073429107666016,7.5065525826609205,0.8417933449523297,58.66772945481749,-34.589903381882465,-0.00986202317686491,0.5164742742164492,0.5165684227946468
1909,63.6060290007678,57.1060290007678,1117.8554941682014,363.67980356046655,58.85470199584961,-34.075050354003906,7.490018305794206,0.8520249903837656,59.08662889916368,-34.46780532837617,-0.2319269033140685,0.3927549743722665,0.4561212101788438
1910,63.6393480311506,57.1393480311506,1121.18916605527,364.7297627781854,59.454063415527344,-34.25649642944336,7.505176117520045,0.8156407079274035,59.38761826021451,-34.53867891502467,0.06644515531283446,0.2821824855813091,0.28989983413826304
1911,63.6726670615334,57.1726670615334,1123.4495926061047,365.2963638574729,59.86016845703125,-34.353275299072266,7.525796660413736,0.8307454053508371,59.931508358112126,-34.61494702646728,-0.07133990108087573,0.26167172739501154,0.2712221864157104
1912,63.7059860919162,57.2059860919162,1124.8247410115782,365.56465569774525,60.107086181640625,-34.39835739135742,7.517555230680652,0.8483387728995316,60.14990253063484,-34.555405941079435,-0.04281634899421505,0.15704854972201332,0.16278048627210237
1913,63.739305122299,57.239305122299,1124.0882103477522,364.3505391978674,59.97293472290039,-34.1808967590332,7.539512357340851,0.8394250941121735,60.08021720355067,-34.574404341825534,-0.10728248065027657,0.39350758279233133,0.40786976888406484
1914,63.77262415268181,57.27262415268181,1125.514440433213,364.4389891696751,60.22867965698242,-34.19337463378906,7.5655036772469435,0.8562729468193675,60.250524497727675,-34.527973244202215,-0.021844840745252725,0.33459861041315264,0.3353109410049099
1915,63.805943183064606,57.305943183064606,1126.3842980220847,364.27387452979,60.38427734375,-34.16141891479492,7.534029074901095,0.8662637327011814,60.29040588051917,-34.53791678972424,0.09387146323083329,0.37649787492932063,0.38802384132343215
1916,63.839262213447405,57.339262213447405,1127.4971035481535,364.43808834178134,60.5839958190918,-34.18834686279297,7.554570862752983,0.8264121906049262,60.48475654463094,-34.586373852658475,0.09923927446085656,0.39802698986550666,0.41021204060450656
1917,63.87258124383021,57.37258124383021,1127.4201640135068,364.4000241196334,60.57014846801758,-34.181663513183594,7.557305549127712,0.8405468683309444,60.470150805151725,-34.58273223280408,0.09999766286585299,0.40106871962048274,0.41334688874678394
1918,63.90590027421301,57.40590027421301,1127.3096797671033,364.3341824357108,60.55023193359375,-34.170040130615234,7.535400269575277,0.8356811887363215,60.4486714860864,-34.577376837079086,0.10156044750735305,0.4073367064638518,0.4198067614161448
1919,63.93921930459581,57.43921930459581,1127.9804983748645,362.9510051763573,60.66799545288086,-33.9185905456543,7.56413793959212,0.8530576730745895,60.50051853886379,-34.590303759201376,0.16747691401707243,0.6717132135470791,0.6922767928960394
1920,63.972538334978616,57.472538334978616,1130.0772859216256,363.3049104983067,61.044403076171875,-33.97736358642578,7.5463608575786925,0.8619330340013578,61.21680449145867,-34.65619578288735,-0.17240141528679231,0.6788321964615704,0.7003823234103851
1921,64.00585736536142,57.50585736536142,1130.5268933912203,361.9125663289918,61.12252426147461,-33.724788665771484,7.557305549127712,0.8544182096896746,61.35045136936881,-34.62225379984578,-0.22792710789420312,0.8974651340742952,0.925955956507656
1922,64.03917639574422,57.53917639574422,1130.2364798426745,361.29338741396265,61.06938552856445,-33.61366271972656,7.485879030371254,0.8343227034476789,61.32704474832417,-34.62819832430442,-0.2576592197597165,1.0145356045778584,1.0467429323780248
1923,64.07249542612702,57.57249542612702,1132.9045207956601,361.9370705244123,61.54869842529297,-33.72338104248047,7.558672521292121,0.8617946770920837,61.415789595212246,-34.605660004403475,0.13290883008072285,0.8822789619230065,0.8922336710556066
1924,64.10581445650982,57.60581445650982,1134.2056097267364,362.34103767906583,61.78257369995117,-33.793155670166016,7.56413793959212,0.8352457451910188,61.558749826519204,-34.64329829224691,0.22382387343196797,0.8501426220808952,0.8791129644116673
1925,64.13913348689262,57.63913348689262,1135.1746089049338,362.565944645006,61.956626892089844,-33.83140182495117,7.5655036772469435,0.8423715039299893,61.730937170025534,-34.688631436567114,0.2256897220643097,0.8572296116159421,0.8864414575575108
1926,64.17245251727542,57.67245251727542,1136.4161298019565,362.49725602481504,62.17901611328125,-33.815948486328125,7.598207736083495,0.8359868471929452,62.39762733456974,-34.74435714921266,-0.21861122128849075,0.9284086628845358,0.9537995132061544
1927,64.20577154765823,57.70577154765823,1138.9747929420237,362.5928459968791,62.63774490356445,-33.82693862915039,7.5750569462716,0.8376588742869288,62.82316375707278,-34.64637205314674,-0.18541885350832388,0.819433423996351,0.8401495626367516
1928,64.23909057804103,57.73909057804103,1140.3679345894063,362.53003910415924,62.88729476928711,-33.81217575073242,7.623998957543259,0.8485179766489753,63.05702506826946,-34.59390610995903,-0.16973029898235126,0.7817303592266072,0.7999442036349776
1929,64.27240960842383,57.77240960842383,1141.2086633069355,363.15406767458603,63.03902816772461,-33.922821044921875,7.576420715649159,0.8587459401516718,63.17898559761046,-34.56742588328653,-0.1399574298858539,0.644604838364657,0.6596237411004695
1930,64.30572863880663,57.80572863880663,1142.33297140789,363.39896248039565,63.24095153808594,-33.96429443359375,7.555938329659423,0.8570237739189736,63.363219139131814,-34.52742486027915,-0.12226760104587697,0.5631304266853974,0.5762510249226386
1931,64.33904766918943,57.839047669189426,1144.8874628639333,364.0613190730838,63.699859619140625,-34.07765197753906,7.613150145277579,0.8501425983250995,63.56457569958548,-34.54944307261509,0.13528391955514252,0.47179109507602845,0.4908040100521189
1932,64.37236669957223,57.872366699572225,1145.7546829971182,364.14637367915464,63.85540771484375,-34.090885162353516,7.573692931324687,0.8724069775418904,63.71181214042811,-34.59166244264227,0.14359557441564164,0.5007772802887516,0.5209583221766948
1933,64.40568572995502,57.905685729955024,1146.218761188686,363.6552094522019,63.937744140625,-34.00104522705078,7.596847877864805,0.8563313433626019,63.764089021675595,-34.606652597121844,0.1736551189494051,0.6056073700710627,0.6300130054385553
1934,64.43900476033784,57.93900476033784,1147.2465166130762,363.2128141002739,64.12117004394531,-33.91862106323242,7.605003379813812,0.8723917848024039,63.911739891261206,-34.64899080267879,0.20943015268410647,0.7303697394463669,0.7598032279164402
1935,64.47232379072064,57.97232379072064,1147.2952996053104,362.50747518239444,64.12872314453125,-33.791114807128906,7.588683611263451,0.8544917457937655,63.88493512713041,-34.64130466024793,0.24378801740083844,0.8501898531190264,0.8844520245749813
1936,64.50564282110344,58.005642821103436,1147.447529751172,362.5373241976199,64.15605926513672,-33.79613494873047,7.56959941174018,0.8230360025853194,63.911524494822956,-34.648929038744015,0.2445347703137628,0.8527940900135462,0.8871612107471996
1937,64.53896185148623,58.038961851486235,1147.5542802486848,362.0500956480153,64.17437744140625,-33.7078742980957,7.590044932220003,0.8478453995856564,63.90506542069038,-34.647076929040225,0.2693120207158728,0.9392026309445214,0.9770519671313177
1938,64.57228088186903,58.072280881869034,1150.2297780959198,362.4195895967549,64.65446472167969,-33.76804733276367,7.598207736083495,0.8226315574549703,64.60443512619332,-34.639782209846075,0.05002959548636454,0.8717348770824032,0.8731693171123237
1939,64.60559991225183,58.10559991225183,1149.7688538305247,361.6908091311103,64.57063293457031,-33.63754653930664,7.591406009059102,0.8412785741398069,64.60443512619332,-34.639782209846075,-0.03380219162301046,1.0022356705394344,1.0028055282357333
1940,64.63891894263465,58.138918942634646,1151.7888489208633,361.4961630695443,64.93231964111328,-33.59743881225586,7.579147518226432,0.8552422949764545,64.61743257152393,-34.64369399688658,0.3148870695893464,1.0462551846307235,1.0926132792352632
1941,64.67223797301745,58.172237973017445,1155.2378722382323,362.0581171950048,65.5513687133789,-33.69047927856445,7.573692931324687,0.8401798776934746,65.75014377547532,-34.78971977227952,-0.19877506209641638,1.0992404937150653,1.1170681216176455
1942,64.70555700340024,58.205557003400244,1155.859605325725,361.84058487874466,65.66242218017578,-33.64966583251953,7.611792956543152,0.8389789219609751,65.85517952239783,-34.77144748665537,-0.19275734222205188,1.1217816541358374,1.1382220664423286
1943,64.73887603378304,58.23887603378304,1157.9670132664037,362.09453806621246,66.04051208496094,-33.690364837646484,7.591406009059102,0.8277848566350647,66.20674174562039,-34.711053231346604,-0.16622966065945377,1.0206883937001194,1.0341359181060714
1944,64.77219506416584,58.27219506416584,1159.790976721862,362.37640988720904,66.36784362792969,-33.73680114746094,7.576420715649159,0.8311995195708941,66.51824841108578,-34.660321149338934,-0.15040478315609107,0.9235200018779963,0.9356873370228781
1945,64.80551409454864,58.30551409454864,1159.6532462821908,362.0790714544795,66.34265899658203,-33.68343734741211,7.547729811940535,0.8276855924072555,66.50218079570412,-34.662937926671745,-0.1595217991220892,0.9795005792596356,0.9924054560335256
1946,64.83883312493145,58.338833124931455,1160.90941363692,362.4263679764965,66.56834411621094,-33.743080139160156,7.501045206583747,0.8405585912376946,66.70493668995934,-34.63053634093138,-0.13659257374840195,0.8874562017712222,0.8979064769035898
1947,64.87215215531425,58.372152155314254,1160.8924652523774,362.37503048037064,66.56522369384766,-33.73385238647461,7.516180780494436,0.8509274856910822,66.70327589830148,-34.63079196121613,-0.13805220445382815,0.8969395747415234,0.907501521702342
1948,64.90547118569705,58.40547118569705,1162.4102749638205,362.0753738543174,66.83673858642578,-33.67601013183594,7.557305549127712,0.8270106091050942,66.97720427301985,-34.58863035183099,-0.14046568659406944,0.9126202199950555,0.9233668150059146
1949,64.93879021607985,58.43879021607985,1164.192522456907,361.61046370478266,67.15536499023438,-33.58767318725586,7.532657630623801,0.8447824999429142,67.29372652073721,-34.54193605209548,-0.13836153050283428,0.9542628648396203,0.964241426373606
1950,64.97210924646265,58.47210924646265,1165.4996353026988,362.0218818380744,67.39027404785156,-33.65877151489258,7.527169354754457,0.8435519383001886,67.49877453906,-34.51220550437425,-0.10850049120843153,0.8534339894816725,0.8603033947364583
1951,65.00542827684545,58.50542827684545,1166.2126022126022,361.8401875901876,67.51775360107422,-33.62420654296875,7.56823441318761,0.8711499084379657,67.49877453906,-34.51220550437425,0.018979062014224723,0.8879989614055006,0.8882017565014086
1952,65.03874730722826,58.53874730722826,1166.3127259580622,361.65184381778744,67.53539276123047,-33.58994674682617,7.5600392462868,0.8650605094438415,67.49877453906,-34.51220550437425,0.036618222170474723,0.9222587575480787,0.9229854332919085
1953,65.07206633761106,58.57206633761106,1166.8651315789473,361.4526072124756,67.6340560913086,-33.55260467529297,7.518929429619227,0.8700008666454684,67.49877453906,-34.51220550437425,0.13528155224859972,0.9596008290812819,0.9690897014994402
1954,65.10538536799386,58.60538536799386,1168.413135337438,361.66195822769527,67.91179656982422,-33.58662033081055,7.553203148273999,0.8706786203231837,67.59169705321347,-34.54329694268637,0.3200995166107532,0.956676611875821,1.0088081285579722
1955,65.13870439837666,58.63870439837666,1172.406156425919,363.15043717810516,68.62972259521484,-33.845664978027344,7.583235883632932,0.8818988631215607,68.73069252556155,-34.698755612131315,-0.10096993034670732,0.853090634103971,0.8590451424867813
1956,65.17202342875946,58.67202342875946,1170.3097122302158,361.60551558752996,68.2515869140625,-33.571781158447266,7.579147518226432,0.8736640495878588,67.89281132434286,-34.644048368441545,0.35877558971964163,1.0722672099942798,1.130697525162054
1957,65.20534245914226,58.70534245914226,1169.9871566179095,360.5182542513973,68.19205474853516,-33.37618637084961,7.610435525777736,0.8736385040375627,67.78041705007587,-34.60644177033297,0.41163769845928755,1.2302553994833616,1.2972948557482316
1958,65.23866148952507,58.73866148952507,1173.3771546491867,360.96758922068466,68.80027770996094,-33.44903564453125,7.532657630623801,0.86893315866647,68.9451870541461,-34.67336851169306,-0.14490934418516588,1.224332867161813,1.2328786183744287
1959,65.27198051990787,58.77198051990787,1174.1487839771103,360.27622794468283,68.93746185302734,-33.322269439697266,7.600926722656866,0.8934364921617041,69.09527248422201,-34.655604730431136,-0.1578106311946641,1.3333352907338707,1.3426418706544325
1960,65.30529955029067,58.80529955029067,1173.6751546016733,359.200194009943,68.85088348388672,-33.12907028198242,7.536771214782576,0.866894427794327,69.03244092253168,-34.6630413358208,-0.18155743864495832,1.5339710538383784,1.54467805627624
1961,65.33861858067347,58.83861858067347,1175.4145345345344,359.5535135135135,69.16315460205078,-33.188629150390625,7.5723286706757165,0.8649114635819857,69.32109451979592,-34.63076824464057,-0.15793991774513927,1.4421390942499457,1.4507619324966434
1962,65.37193761105627,58.87193761105627,1178.1748226950356,360.4982269503546,69.65929412841797,-33.35249710083008,7.633479020305309,0.8759406410453398,69.78312923046434,-34.5823045849554,-0.12383510204637105,1.229807484125324,1.2360265290476147
1963,65.40525664143907,58.90525664143907,1179.5282455511763,360.8120148095067,69.90231323242188,-33.40585708618164,7.594127430909941,0.8458994623619797,69.97501780538688,-34.56298242147551,-0.07270457296500865,1.1571253352938697,1.1594071745978523
1964,65.43857567182188,58.93857567182188,1178.159378036929,359.5546647230321,69.65505981445312,-33.18210220336914,7.529913992714312,0.8344647636396931,69.79592305842229,-34.58101631422101,-0.1408632439691644,1.3989141108518695,1.4059883154002357
1965,65.47189470220468,58.97189470220468,1177.323108384458,359.12763142066643,69.5045166015625,-33.107017517089844,7.566869168400964,0.8885202348757772,69.65437568466966,-34.59526938529052,-0.14985908310715956,1.4882518682006776,1.4957778471392487
1966,65.50521373258748,59.00521373258748,1177.3784207353826,359.1473176612417,69.51445770263672,-33.110435485839844,7.558672521292121,0.8719400119502779,69.66387628378885,-34.59431272526315,-0.14941858115213336,1.4838772394233075,1.4913810961897205
1967,65.53853276297028,59.03853276297028,1177.1925630810092,359.0970662803332,69.48106384277344,-33.1018180847168,7.553203148273999,0.8465201700989732,69.63167663645685,-34.597555059258255,-0.15061279368340763,1.4957369745414582,1.5033008051057364
1968,65.57185179335308,59.071851793353076,1174.3671950048029,356.549711815562,68.97071075439453,-32.64857482910156,7.573692931324687,0.8581276925345721,69.1893760903397,-34.64519375879297,-0.21866533594517534,1.996618929691408,2.008557113837214
1969,65.60517082373588,59.105170823735875,1171.7602089268755,354.3961301044634,68.50006866455078,-32.26588439941406,7.617220260588521,0.8824635495644004,68.78722599510344,-34.69206443507028,-0.2871573305526596,2.426180035656216,2.4431145895980664
1970,65.63848985411869,59.13848985411869,1171.3929222911347,354.2086829624225,68.4339370727539,-32.2329216003418,7.525796660413736,0.8501998465860545,67.65392916170613,-34.56411951491076,0.7800079110477753,2.3311979145689605,2.458230269561374
1971,65.67180888450149,59.17180888450149,1171.128,354.1260606060606,68.3863296508789,-32.21864318847656,7.538141910659106,0.860056539756313,68.33291001173771,-29.770455786664215,0.05341963914119674,-2.4481874018123477,2.4487701427938617
1972,65.70512791488429,59.20512791488429,1170.3982572410407,353.6786941580756,68.25482177734375,-32.13959884643555,7.491397556023336,0.8494231220193978,68.18254117830308,-29.773835778318645,0.07228059904066697,-2.3657630681169017,2.366866996572383
1973,65.73844694526709,59.238446945267086,1167.6860747210092,351.72392042697714,67.76553344726562,-31.79303741455078,7.535400269575277,0.8695660335381411,67.68681822306662,-29.78960117591637,0.07871522419900145,-2.0034362386344107,2.004982007099888
1974,65.77176597564988,59.271765975649885,1167.5904898790272,351.3812432626662,67.74785614013672,-31.731355667114258,7.583235883632932,0.8532653535793798,67.67158790962029,-29.790199576561438,0.07626823051643328,-1.9411560905528198,1.942653806234249
1975,65.80508500603268,59.305085006032684,1167.8250836920133,351.5112386417982,67.79011535644531,-31.7542667388916,7.590044932220003,0.8618371782371711,67.71288319941169,-29.78857708020662,0.0772321570336203,-1.9656896586849832,1.967206303451967
1976,65.8384040364155,59.3384040364155,1165.9534632034631,350.2738095238095,67.45264434814453,-31.535242080688477,7.56823441318761,0.8294042667700386,67.38452458466995,-29.801478325316715,0.06811976347458426,-1.7337637553717613,1.735101455712785
1977,65.8717230667983,59.371723066798296,1164.3911143481428,349.19288662296674,67.17082977294922,-31.343734741210938,7.532657630623801,0.825529887667237,67.09738601014008,-29.81472170464172,0.07344376280913423,-1.5290130365692178,1.5307758987827658
1978,65.9050420971811,59.405042097181095,1163.5917698470503,348.39815489196405,67.02625274658203,-31.202064514160156,7.532657630623801,0.8447824971242245,66.95993103050863,-29.821324140775058,0.06632171607340354,-1.3807403733850983,1.3823322859278595
1979,65.9383611275639,59.438361127563894,1163.3443716642405,348.3897379912664,66.98188781738281,-31.201148986816406,7.535400269575277,0.8129023624192262,66.91571209967975,-29.823448128334217,0.06617571770306085,-1.3777008584821893,1.3792892666428158
1980,65.9716801579467,59.47168015794669,1163.3925222262817,348.40323955669226,66.99055480957031,-31.203468322753906,7.520303377447894,0.8351532092939845,66.92424799206172,-29.82303812002136,0.06630681750858969,-1.3804302027325477,1.382021757666767
1981,66.00499918832949,59.50499918832949,1163.3360195360194,348.25909645909644,66.98018646240234,-31.17755889892578,7.510680464514091,0.826257584552191,66.91514516591265,-29.823475360115847,0.06504129648969581,-1.3540835388099346,1.3556447175883126
1982,66.03831821871229,59.53831821871229,1159.9691866714438,345.9457780962618,66.37284851074219,-30.767698287963867,7.594127430909941,0.8418818588393633,66.67565108545865,-29.761595483775064,-0.3028025747164662,-1.006102804188803,1.050681803331291
1983,66.0716372490951,59.571637249095104,1156.9153883613342,344.28098368638905,65.82262420654297,-30.47425651550293,7.521677074304259,0.8326401280890717,65.76600955326568,-29.610483824138047,0.056614653277293314,-0.8637726913648827,0.8656260632128869
1984,66.1049562794779,59.6049562794779,1157.5847653869591,343.9343083485679,65.94204711914062,-30.409950256347656,7.517555230680652,0.8345429360737485,65.88911845164886,-29.602414840634644,0.05292866749176994,-0.8075354157130121,0.8092681208803678
1985,66.1382753098607,59.6382753098607,1162.0151681957186,345.2938226299694,66.73855590820312,-30.64484977722168,7.503799399886245,0.8354825989989205,66.88591971752594,-29.824879159068484,-0.1473638093228118,-0.8199706181531958,0.8331073801933723
1986,66.1715943402435,59.6715943402435,1159.7993928354583,343.92434729811777,66.3390884399414,-30.402729034423828,7.531285936607034,0.8055264496767482,66.54397501309664,-29.721965484162933,-0.2048865731552354,-0.6807635502608953,0.7109272249837632
1987,66.2049133706263,59.7049133706263,1157.3519736842106,341.89485867446393,65.89694213867188,-30.041845321655273,7.518929429619227,0.8280735380279431,65.86823007859182,-29.60378393693738,0.028712060080053448,-0.43806138471789424,0.43900132024288896
1988,66.2382324010091,59.7382324010091,1155.5808043424622,341.1411300271404,65.57814025878906,-29.90991973876953,7.472064884939852,0.8216923396992957,65.55697704537194,-29.625134305388233,0.02116321341712535,-0.28478543338129825,0.2855706999471631
1989,66.27155143139191,59.77155143139191,1153.2091384129299,339.913112164297,65.1508560180664,-29.69370460510254,7.52854179880903,0.8049395425365959,65.14774536378063,-29.656269055601644,0.003110654285777059,-0.037435549500894894,0.0375645649052345
1990,66.30487046177471,59.80487046177471,1152.261287223823,339.1256003842459,64.97958374023438,-29.553640365600586,7.573692931324687,0.8250658774468261,64.98920616777875,-29.66944264690942,-0.009622427544371703,0.11580228130883441,0.11620137463979116
1991,66.33818949215751,59.83818949215751,1152.3723647753282,339.15215034333215,64.99954223632812,-29.558168411254883,7.561405724245774,0.8251426747079913,65.00865413294119,-29.667826645622174,-0.009111896613063664,0.10965823436729139,0.11003615326082136
1992,66.37150852254031,59.87150852254031,1152.3275488069414,339.08423716558207,64.99140167236328,-29.545995712280273,7.5600392462868,0.8315424842520326,65.00157392785661,-29.6684149652965,-0.01017225549333034,0.12241925301622558,0.1228411506412743
1993,66.40482755292311,59.90482755292311,1152.3138034960818,339.20723327305603,64.98915100097656,-29.56827163696289,7.558672521292121,0.8380193430025523,64.9975003957534,-29.66875344971209,-0.008349394776843155,0.10048181274919799,0.1008281066295726
1994,66.43814658330591,59.93814658330591,1152.3807971014494,339.1559178743961,65.00106048583984,-29.558826446533203,7.55183518608796,0.8297387044597289,65.01010766793989,-29.667705866177677,-0.009047182100047735,0.10887941964447378,0.10925465448240111
1995,66.47146561368872,59.97146561368872,1153.7476769120801,340.3927805575411,65.24822235107422,-29.779109954833984,7.603644736948159,0.8276931636717202,65.23853852791268,-29.648798374948285,0.00968382316153793,-0.1303115798856993,0.13067090067544085
1996,66.50478464407152,60.00478464407152,1157.722554188635,342.8685413005272,65.96499633789062,-30.216955184936523,7.667240702165509,0.838801175981263,65.92456495941923,-29.600091553770667,0.04043137847139633,-0.616863631165856,0.6181872174513336
1997,66.53810367445432,60.03810367445432,1155.106247793858,342.57053771031883,65.49542236328125,-30.16948890686035,7.651053687553265,0.8448244326443566,65.455530059256,-29.632673118705352,0.03989230402524413,-0.5368157881549998,0.5382960025236264
1998,66.57142270483712,60.07142270483712,1146.4304699770448,340.47118521203333,63.93635940551758,-29.811195373535156,7.550466976060227,0.8096347786578447,63.93207536918654,-29.768650571172095,0.004284036331036134,-0.042544802363060796,0.04275994826233471
1999,66.60474173521992,60.10474173521992,1143.68910371166,340.15443370330587,63.44428634643555,-29.760635375976562,7.596847877864805,0.8328960920397668,63.47446120850124,-29.648021257636017,-0.03017486206569231,-0.11261411834054513,0.11658671429584874
2000,66.63806076560272,60.13806076560272,1145.3691821606512,341.29456799125046,63.747467041015625,-29.9626522064209,7.52854179880903,0.8608119797403331,63.80783685512404,-29.7373489929248,-0.060369814108412356,-0.2253032134960975,0.23325105030235632
2001,66.67137979598553,60.17137979598553,1143.3046773238602,340.6176435760805,63.37615203857422,-29.845325469970703,7.626708749332235,0.8167933362346436,63.432063557330515,-29.63666084124385,-0.05591151875629663,-0.20866462872685432,0.2160255198150248
2002,66.70469882636833,60.20469882636833,1140.1418054549843,339.7288196958726,62.8075065612793,-29.69236946105957,7.554570862752983,0.8399386620413827,62.79651117594526,-29.59946991943743,0.010995385334034324,-0.09289954162214187,0.09354797342672884
2003,66.73801785675113,60.23801785675113,1142.469065431659,341.5770098563116,63.22797393798828,-30.020814895629883,7.615863797171021,0.8410427757504607,63.33768386375637,-29.611371878568757,-0.10970992576808669,-0.4094430170611254,0.4238866027986213
2004,66.77133688713393,60.27133688713393,1143.2827815355404,342.9734187729915,63.37626266479492,-30.271270751953125,7.618576482492013,0.8281871621773232,63.5386530934952,-29.66522142138078,-0.1623904287002773,-0.6060493305723433,0.6274284360950222
2005,66.80465591751673,60.304655917516726,1141.3317627159597,342.77697233297084,63.0261116027832,-30.240535736083984,7.550466976060227,0.8227570047129522,62.94811274233675,-29.58152669161724,0.07799886044645632,-0.659009044466746,0.6636088779694854
2006,66.83797494789953,60.337974947899525,1140.5109672779577,342.62998921251346,62.878692626953125,-30.21596908569336,7.580510551690959,0.829317595193772,62.80559785084479,-29.598394440590273,0.07309477610833426,-0.6175746451030868,0.6218852696185456
2007,66.87129397828234,60.37129397828234,1138.4565532223028,342.1685976345643,62.50953674316406,-30.13759422302246,7.554570862752983,0.839938659255007,62.44664094684649,-29.643192868650676,0.06289579631756936,-0.4944013543717851,0.49838597532342
2008,66.90461300866514,60.40461300866514,1134.5016762452108,341.2130028735632,61.798763275146484,-29.974515914916992,7.584598182374478,0.8142683716994191,61.764072870171724,-29.73526035657397,0.034690404974760725,-0.2392555583430216,0.2417574122862501
2009,66.93793203904794,60.437932039047936,1132.4020970495,341.24481833699093,61.42234420776367,-29.98540496826172,7.516180780494436,0.8509274828353353,61.410758430213825,-29.786488512318623,0.01158577754984691,-0.19891645594309537,0.1992535738359439
2010,66.97125106943074,60.471251069430735,1131.2140068326012,341.0269643728648,61.20892333984375,-29.948930740356445,7.513431125827519,0.8404755257444908,61.2567963080067,-29.749525477073792,-0.04787296816294884,-0.19940526328265307,0.20507140245669286
2011,67.00457009981353,60.504570099813535,1128.668718320058,340.3021964759836,60.75124740600586,-29.824119567871094,7.554570862752983,0.8264121919645958,60.795730676296124,-29.638833412358213,-0.04448327029026444,-0.1852861555128804,0.19055109750526242
2012,67.03788913019633,60.537889130196334,1128.219138056976,340.291088385683,60.67060852050781,-29.823211669921875,7.521677074304259,0.8192312026064676,60.71928025848424,-29.62047929091878,-0.04867173797642721,-0.20273237900309482,0.20849305881467725
2013,67.07120816057915,60.57120816057915,1128.9212474214294,341.74153622133235,60.79907989501953,-30.08373260498047,7.534029074901095,0.8153191112142427,60.89988737692073,-29.663839223794053,-0.10080748190119948,-0.41989338118641584,0.4318247329315696
2014,67.10452719096195,60.604527190961946,1127.3765251342118,341.2225475841874,60.52116394042969,-29.993680953979492,7.513431125827519,0.826862906936883,60.461071505351356,-29.624699565277254,0.06009243507833162,-0.3689813887022382,0.37384270216533005
2015,67.13784622134474,60.637846221344745,1126.5728250244379,341.18291788856305,60.37700271606445,-29.988487243652344,7.507928795447745,0.8256522717391205,60.32145913778963,-29.647436883176518,0.055543578274821925,-0.34105036047582615,0.34554368387840956
2016,67.17116525172754,60.671165251727544,1123.5896971890456,340.50355893352634,59.84087371826172,-29.87296485900879,7.555938329659423,0.8471333739822984,59.81682541078671,-29.733011953311426,0.02404830747500597,-0.1399529056973634,0.14200400313212133
2017,67.20448428211034,60.70448428211034,1123.3961630695442,341.66606714628296,59.80824279785156,-30.083614349365234,7.579147518226432,0.8130984458780119,59.76470527427118,-29.741967830735472,0.04353752358038321,-0.34164651862976214,0.3444094360660707
2018,67.23780331249314,60.73780331249314,1123.329724527848,341.9350415012631,59.796817779541016,-30.132400512695312,7.566869168400964,0.8358490285028217,59.76470527427118,-29.741967830735472,0.03211250526983633,-0.39043268195984027,0.3917510588844133
2019,67.27112234287596,60.771122342875955,1121.872676804248,341.7872314747767,59.53529357910156,-30.109249114990234,7.554570862752983,0.8170437823809493,59.33533788301031,-29.819610103148133,0.1999556960912514,-0.2896390118421017,0.35195601654213277
2020,67.30444137325875,60.804441373258754,1119.4562861271677,341.00361271676303,59.100589752197266,-29.973487854003906,7.562771955302954,0.814976428019488,59.14306399561604,-29.77786334992467,-0.04247424341877348,-0.19562450407923748,0.2001824366677677
2021,67.33776040364155,60.83776040364155,1116.994575045208,340.45846895720314,58.65818405151367,-29.88095474243164,7.558672521292121,0.8206615681583632,58.70138869041022,-29.681966240747723,-0.043204638896547465,-0.19898850168391746,0.2036248133813546
2022,67.37107943402435,60.87107943402435,1116.8642685851319,340.46618705035974,58.63481903076172,-29.88266944885254,7.579147518226432,0.8317979312461309,58.67943108662843,-29.677198777631023,-0.044612055866714684,-0.20547067122151574,0.210258013547344
2023,67.40439846440715,60.90439846440715,1114.688241639698,340.2330097087379,58.24419021606445,-29.845836639404297,7.580510551690959,0.8215308055099925,58.218211758356524,-29.71523411302473,0.025978457707928726,-0.13060252637956538,0.1331611811362745
2024,67.43771749478995,60.93771749478995,1113.3889500061116,341.8448844884488,58.014156341552734,-30.14044189453125,7.5065525826609205,0.809383043292523,58.09780574683533,-29.729291932011545,-0.08364940528259268,-0.4111499625197048,0.41957301472340436
2025,67.47103652517276,60.971036525172764,1111.6289285280911,341.30566678801114,57.697566986083984,-30.047264099121094,7.534029074901095,0.8382045587744709,57.7755963173954,-29.663737682696,-0.07802933131141288,-0.3835264164250951,0.39138355693715815
