frame,video_time_s,tracking_time_s,x_px,y_px,x_measured_mm,y_measured_mm,dot_diameter_mm,dot_circularity,nearest_commanded_x_mm,nearest_commanded_y_mm,x_path_deviation_mm,y_path_deviation_mm,path_deviation_mm
195,6.504009239888425,0.004009239888424609,1087.28715784088,339.80148375543615,61.8212890625,-29.711618423461914,7.365522351758726,0.7724023490526812,61.94983203541848,-27.813325341565353,-0.12854297291848127,-1.8982930818965613,1.9026402499324633
196,6.537363133426314,0.03736313342631359,1085.6317338451695,339.88918746001275,61.5232048034668,-29.723472595214844,7.364109030753341,0.7820533060092686,61.91333919662894,-27.80590078960112,-0.3901343931621426,-1.917571805613722,1.9568562733151005
197,6.5707170269642035,0.07071702696420346,1081.5574603174603,340.1813333333333,60.78932571411133,-29.766481399536133,7.392324111232714,0.7754470976503186,60.35190459398768,-27.833358206241122,0.43742112012364487,-1.9331231932950104,1.981994580412702
198,6.604070920502092,0.10407092050209243,1077.5229276895943,340.4462081128748,60.062652587890625,-29.804641723632812,7.421834504462938,0.7428792974495172,60.31216606777441,-27.842350116693886,-0.24951347988378814,-1.9622916069389262,1.9780913344197915
199,6.637424814039981,0.1374248140399814,1075.629529683886,340.91840143921866,59.720558166503906,-29.88564682006836,7.348544559641971,0.7688456229634134,60.106331363696086,-27.80420090922624,-0.3857731971921794,-2.0814459108421204,2.116893487975543
200,6.670778707577871,0.17077870757787128,1073.2070552147238,341.34125766871165,59.28342819213867,-29.95640754699707,7.368348180503304,0.7855869244530298,59.10295733227998,-27.800497845504516,0.18047085985869415,-2.155909701492554,2.1634501085645237
201,6.70413260111576,0.20413260111576026,1070.9115413819286,341.24715261959,58.870704650878906,-29.933725357055664,7.40498582324253,0.784394347850348,58.91302754395188,-27.796736301615315,-0.04232289307297066,-2.136989055440349,2.137408115065979
202,6.73748649465365,0.23748649465365013,1061.019175694185,340.39534304569787,57.093353271484375,-29.755016326904297,7.465184259755785,0.798303921603831,56.689490898627426,-27.77054959286928,0.40386237285694904,-1.984466734035017,2.0251451885485277
203,6.770840388191539,0.2708403881915391,1052.7003831417624,339.0491698595147,55.600440979003906,-29.490463256835938,7.371172925932163,0.8162718514251208,55.583682213941,-27.781392907751613,0.01675876506290308,-1.7090703490843246,1.7091525134772638
204,6.804194281729429,0.304194281729429,1043.9951892644638,338.244841119129,54.03620147705078,-29.323230743408203,7.40358003569816,0.7569081455309846,54.21603483661849,-27.803826360143727,-0.1798333595677093,-1.519404383264476,1.5300097114386926
205,6.837548175267318,0.33754817526731795,1036.8055449573953,337.7977871041587,52.743534088134766,-29.224510192871094,7.386689717036624,0.7831371957390535,52.672885093034616,-27.75879637684096,0.0706489951001501,-1.465713816030135,1.4674155072815205
206,6.870902068805207,0.37090206880520693,1033.2790132924335,337.42165132924333,52.10990524291992,-29.147628784179688,7.368348180503304,0.7855869231561858,52.2424509797543,-27.77108867587543,-0.13254573683438053,-1.3765401083042583,1.3829067365962422
207,6.904255962343097,0.4042559623430968,1031.9907233295723,337.51711169612634,51.87774658203125,-29.16179084777832,7.440044185237402,0.7766427005231279,52.01377614767326,-27.74906979394761,-0.13602956564201207,-1.4127210538307118,1.419255022420323
208,6.937609855880986,0.4376098558809858,1024.7900811770673,337.14320142059864,50.58272933959961,-29.076297760009766,7.3965470902182435,0.7916113640577311,50.68734305156166,-27.817311246936686,-0.10461371196205249,-1.2589865130730793,1.2633254010073534
209,6.970963749418876,0.47096374941887564,1016.6209377007063,336.9898522800257,49.1126594543457,-29.028446197509766,7.349960873533824,0.8010464710307253,48.99338397241801,-27.78030792643647,0.11927548192769422,-1.2481382710732944,1.2538244631155178
210,7.004317642956765,0.5043176429567646,1014.439544989775,337.0778374233129,48.7197380065918,-29.039066314697266,7.368348180503304,0.8078047893885003,48.603012599572,-27.81761287469909,0.11672540701979983,-1.2214534399981751,1.227018062918111
211,7.037671536494654,0.5376715364946536,1011.3493840985442,336.9564514122185,48.16378402709961,-29.009462356567383,7.467972377223586,0.808097993490023,48.22528837733617,-27.835889442813453,-0.06150435023656087,-1.1735729137539295,1.1751834618453876
212,7.0710254300325435,0.5710254300325435,1006.2924812030075,336.5177944862155,47.254638671875,-28.917469024658203,7.441443084222263,0.783178216065718,47.303871701779464,-27.78984725048736,-0.049233029904463876,-1.1276217741708443,1.1286960427049333
213,7.1043793235704324,0.6043793235704324,1001.7018815153825,335.9124078311721,46.42985534667969,-28.796361923217773,7.38809871842608,0.7771446505050386,46.466186393965366,-27.75597685111155,-0.03633104728567815,-1.040385072106222,1.0410192328955037
214,7.137733217108322,0.6377332171083223,995.7399211496883,335.6680656238077,45.357112884521484,-28.737394332885742,7.386689717036624,0.7959463555124914,45.383663411317194,-27.723470621032995,-0.026550526795709573,-1.0139237118527475,1.0142712772874833
215,7.171087110646211,0.6710871106462113,990.6552944149607,335.4495830174375,44.44220733642578,-28.685274124145508,7.410606306650001,0.7523714646181363,44.45930465116246,-27.705769618892734,-0.017097314736680858,-0.9795045052527733,0.9796537112580574
216,7.204441004184101,0.7044410041841012,985.9527213443691,335.26348131427136,43.59596633911133,-28.639963150024414,7.438645023177971,0.7915414476704918,43.595966339111314,-27.698196254605044,1.4210854715202004e-14,-0.9417668954193701,0.9417668954193701
217,7.23779489772199,0.7377948977219901,978.2824880629759,335.2641631178216,42.21479415893555,-28.62126350402832,7.332947052397441,0.8481980362434864,42.20678738518514,-27.7037781080764,0.00800677375040948,-0.9174853959519211,0.9175203323147361
218,7.271148791259879,0.7711487912598791,971.2088736333587,335.1299262649377,40.94133758544922,-28.57954216003418,7.38809871842608,0.8160687125070407,40.919041321749866,-27.728082201275473,0.022296263699352892,-0.8514599587587064,0.8517518328388435
219,7.304502684797769,0.804502684797769,968.67263264788,335.2055090124397,40.48439025878906,-28.5870361328125,7.393732038892606,0.8173136699616628,40.45482978110222,-27.740534806607794,0.029560477686843,-0.8465013262047059,0.8470173062620386
220,7.337856578335658,0.837856578335658,964.5074984247005,335.1891619407687,39.734336853027344,-28.5738468170166,7.420431908871756,0.8032346853607554,39.699107487943394,-27.766961698713672,0.035229365083949915,-0.8068851183029295,0.8076538257836403
221,7.371210471873548,0.8712104718735478,959.0649383657388,335.1447452026941,38.75425720214844,-28.55242919921875,7.389507451152856,0.7837347823058136,38.71543627201674,-27.811681725031207,0.03882093013169907,-0.7407474741875433,0.741764036019215
222,7.404564365411437,0.9045643654114368,954.2805534204458,335.3809889828337,37.8919563293457,-28.58356285095215,7.359867439330648,0.7712167749524695,38.13309754466367,-27.8422008045223,-0.24114121531796684,-0.7413620464298489,0.779593977408548
223,7.437918258949327,0.9379182589493267,948.2902564102563,335.44974358974355,36.8128547668457,-28.581340789794922,7.357038353145271,0.7922396264532617,36.75054214984556,-27.742823250528136,0.062312617000145565,-0.8385175392667854,0.840829665208972
224,7.471272152487216,0.9712721524872157,941.5359602142311,335.56095383830655,35.59597396850586,-28.58494758605957,7.376819171820143,0.8003259255655696,35.5339662594341,-27.838708226383616,0.06200770907175723,-0.746239359675954,0.7488111496992452
225,7.504626046025105,1.0046260460251046,935.7673769660071,335.824200913242,34.55622863769531,-28.61857032775879,7.3965470902182435,0.8084808471035035,34.47243665911616,-27.748357358084032,0.08379197857914988,-0.8702129696747569,0.8742377870261432
226,7.5379799395629945,1.0379799395629945,929.6909458775922,336.48128477491144,33.459999084472656,-28.722929000854492,7.407796597996723,0.797807693659942,33.39288642578643,-27.85922578938598,0.06711265868622718,-0.8637032114685113,0.8663067276992336
227,7.5713338331008835,1.0713338331008835,921.2192008170559,337.1254947019022,31.932281494140625,-28.81907081604004,7.372584892792338,0.7555357026118387,32.19429344581316,-27.811932164477447,-0.2620119516725339,-1.0071386515625917,1.0406625419849442
228,7.604687726638773,1.1046877266387733,917.7017410090227,337.4457999745838,31.29783058166504,-28.868579864501953,7.389507451152856,0.771222816618815,31.152069217917365,-27.76141238633937,0.145761363747674,-1.1071674781625838,1.1167211826872798
229,7.638041620176662,1.1380416201766623,912.5075613165585,336.5919430677341,30.364137649536133,-28.700847625732422,7.389507451152856,0.7540334469152195,30.220192681024848,-27.70807645927023,0.1439449685112848,-0.992771166462191,1.003152402638011
230,7.671395513714552,1.1713955137145522,908.0101282051281,335.71474358974353,29.555957794189453,-28.53057289123535,7.357038353145271,0.7922396264532617,29.44708651356798,-27.823224822955765,0.10887128062147156,-0.7073480682795861,0.7156774730582354
231,7.704749407252441,1.2047494072524412,905.3104550102249,335.5607106339468,29.069908142089844,-28.49597930908203,7.368348180503304,0.7855869244530298,29.004476477035972,-27.891349023266876,0.06543166505387177,-0.6046302858151549,0.6081604108429272
232,7.73810330079033,1.2381033007903302,900.844494892168,335.62151595409256,28.26508903503418,-28.496055603027344,7.417625922040904,0.7597828441467498,28.462873040596506,-27.744819327306605,-0.19778400556232612,-0.7512362757207391,0.7768361827406371
233,7.77145719432822,1.27145719432822,895.7176621708412,335.60693641618496,27.341339111328125,-28.48082160949707,7.349960873533824,0.8143664204119779,27.375856545172056,-27.80049784550453,-0.03451743384393069,-0.6803237639925399,0.6811988528265056
234,7.804811087866109,1.304811087866109,890.1921730432607,335.4581145286321,26.346031188964844,-28.44023323059082,7.449830961862573,0.8436182829294939,26.232942832394468,-27.830063060499832,0.11308835657037619,-0.6101701700909885,0.6205615302777432
235,7.838164981403999,1.3381649814039989,883.9000486973459,335.71329437545654,25.211572647094727,-28.471113204956055,7.549758643533505,0.7722474895413601,25.09299139649902,-27.87496500081064,0.11858125059570668,-0.5961482041454147,0.6078274379284344
236,7.871518874941888,1.3715188749418878,879.5786327979081,335.48748599178185,24.433330535888672,-28.41950798034668,7.465184259755785,0.7871000686574791,24.52898184203358,-27.813325341565353,-0.09565130614490869,-0.6061826387813269,0.6136827877064174
237,7.904872768479777,1.4048727684797768,876.4663928304705,334.82101070450585,23.873971939086914,-28.29085922241211,7.4665784486296,0.7553246093116496,23.767528970457956,-27.800612633545065,0.10644296862895786,-0.49024658886704486,0.5016690377792102
238,7.938226662017667,1.4382266620176667,875.4247311827955,334.0840210052513,23.687923431396484,-28.15448570251465,7.449830961862573,0.7725042849929639,23.61813283695077,-27.833049713808986,0.06979059444571334,-0.32143598870566237,0.32892525276766565
239,7.971580555555556,1.4715805555555557,866.6604609929077,335.23543566362713,22.105749130249023,-28.34202003479004,7.4021739811729566,0.7801085889127617,21.991457893899273,-27.856642507993808,0.11429123634975014,-0.48537752679623125,0.4986520131566508
240,8.004934449093446,1.5049344490934455,863.9545983701979,335.06958996248864,21.618425369262695,-28.30525779724121,7.324425321392623,0.778863873199692,21.671867576113925,-27.93189603855216,-0.05344220685122991,-0.3733617586890503,0.37716716761206864
241,8.038288342631335,1.5382883426313345,859.8631687242797,335.2620884773662,20.88055992126465,-28.330162048339844,7.345711112627194,0.8162218807410742,20.80879937210565,-27.80290963123054,0.07176054915899854,-0.5272524171093025,0.5321134162593563
242,8.071642236169223,1.5716422361692235,855.7818090199042,334.77311665406904,20.145986557006836,-28.23134994506836,7.421834504462938,0.7266933501999584,20.210659599269672,-27.72297829611673,-0.06467304226283588,-0.5083716489516306,0.5124688633013038
243,8.104996129707114,1.6049961297071142,854.1767523953605,333.4873928391326,19.8594913482666,-27.993940353393555,7.419029048114562,0.8189554703675368,19.789865640724454,-27.72948339146846,0.06962570754214781,-0.26445696192509516,0.27346887183260166
244,8.138350023245003,1.6383500232450032,849.9387703252031,333.3612804878049,19.095827102661133,-27.96061897277832,7.390915915370575,0.8033876148389208,19.103591651463766,-27.889721383762442,-0.007764548802633442,-0.07089758901587828,0.07132149988869317
245,8.171703916782892,1.6717039167828922,840.3881774673391,334.9170870521278,17.37080955505371,-28.219676971435547,7.324425321392623,0.7916772347127726,17.287095479136095,-27.92773129392764,0.08371407591761582,-0.2919456775079077,0.303710923613708
246,8.205057810320781,1.7050578103207812,834.8409983529709,335.1904218928164,16.37021255493164,-28.255685806274414,7.400767659514749,0.7989831596159346,16.404080380163766,-27.659254477618507,-0.03386782523212517,-0.5964313286559069,0.5973921320106285
247,8.23841170385867,1.7384117038586702,828.5447904652057,335.8679994873766,15.2337007522583,-28.363262176513672,7.35845303219943,0.7990502460438751,15.263470434581203,-27.60557316545842,-0.029769682322902113,-0.7576890110552519,0.7582736125301289
248,8.271765597396561,1.771765597396561,825.724517906336,335.09328825444527,14.72685718536377,-28.215646743774414,7.444240093561486,0.8018529113857229,14.740508842483349,-27.59000015552941,-0.013651657119579497,-0.6256465882450044,0.6257955106300497
249,8.30511949093445,1.80511949093445,819.92743849132,336.1285125515174,13.679533004760742,-28.389400482177734,7.454021361160008,0.7795635117731733,13.683085969189861,-27.575126183573392,-0.003552964429118788,-0.8142742986043423,0.814282049982577
250,8.338473384472339,1.8384733844723389,817.4640397857689,337.1893649579189,13.233222007751465,-28.57599449157715,7.376819171820143,0.7873942550346127,13.035392725285737,-27.676073342820235,0.19782928246572773,-0.8999211487569134,0.921408974875363
251,8.371827278010228,1.8718272780102279,809.3428318135764,341.5362208713272,11.76020336151123,-29.345352172851562,7.4021739811729566,0.8288178974191772,11.714710020859862,-27.85634313603378,0.045493340651368896,-1.4890090368177837,1.4897038483432357
252,8.405181171548117,1.9051811715481168,804.1617386909275,344.873262572656,10.819433212280273,-29.938495635986328,7.410606306650001,0.8115572568877293,10.721268073130933,-27.89481252724025,0.09816513914934077,-2.0436831087460767,2.0460393553199894
253,8.438535065086008,1.9385350650860076,801.2318672839506,347.0379372427983,10.286927223205566,-30.324277877807617,7.345711112627194,0.8439899812611004,10.531857968976418,-27.903910546963097,-0.2449307457708514,-2.4203673308445204,2.4327287326052804
254,8.471888958623897,1.9718889586238966,794.9407350883886,350.9136461910212,9.145147323608398,-31.012372970581055,7.386689717036624,0.8363175496432217,9.092206451027602,-32.745141691480406,0.052940872580796494,1.732768720899351,1.7335772772267146
255,8.505242852161786,2.0052428521617855,792.3526897938661,352.8529411764706,8.674805641174316,-31.358015060424805,7.430244517930989,0.8391881779983534,8.644790795358611,-32.73357596975869,0.030014845815705016,1.3755609093338848,1.3758883334983274
256,8.538596745699675,2.0385967456996745,789.3478260869565,355.786011342155,8.12744426727295,-31.882957458496094,7.420431908871756,0.8728827644596943,8.116421921948234,-32.724954520484225,0.011022345324715133,0.8419970619881312,0.8420692040996999
257,8.571950639237564,2.0719506392375635,800.9188538100672,353.0813997717763,10.218531608581543,-31.42041015625,7.397954214189923,0.863303379634986,10.15282904445073,-32.78826051208107,0.0657025641308131,1.3678503558310666,1.3694274069407766
258,8.605304532775454,2.1053045327754543,810.2818664643399,351.4178047546788,11.909564018249512,-31.141387939453125,7.407796597996723,0.8481703471722565,11.803718494124366,-32.56571149870303,0.10584552412514547,1.4243235592499062,1.4282509850903824
259,8.638658426313343,2.1386584263133432,815.454738684671,352.14428607151785,12.840471267700195,-31.285871505737305,7.449830961862573,0.820171210796726,12.703638286572541,-32.64476104097587,0.13683298112765385,1.3588895352385677,1.3657613384867693
260,8.672012319851232,2.172012319851232,820.4736388272973,351.8079576250308,13.74575424194336,-31.237102508544922,7.505510592738211,0.8096565527931674,13.568338033250733,-32.73608448718164,0.17741620869262675,1.4989819786367207,1.5094447599645786
261,8.705366213389121,2.205366213389121,825.1821764556317,351.59280447495547,14.594826698303223,-31.20956802368164,7.38809871842608,0.8256688918560369,14.387827841927457,-32.83671198142489,0.20699885637576543,1.6271439577432503,1.6402579022096626
262,8.738720106927012,2.238720106927012,831.3373493975904,351.33709839357425,15.704668045043945,-31.178211212158203,7.435845909241358,0.826650841988118,15.584414280214009,-32.653847161251505,0.12025376482993622,1.4756359490933022,1.4805277512469208
263,8.772074000464901,2.272074000464901,837.4127465857359,351.2831310065756,16.799663543701172,-31.183271408081055,7.407796597996723,0.830077501889099,17.276215416627075,-32.74200234948413,-0.47655187292590284,1.558730941403077,1.6299520960066614
264,8.80542789400279,2.30542789400279,839.3141951837769,352.62002534854247,17.139484405517578,-31.430505752563477,7.399361070571223,0.8462397636073363,17.51786213326278,-32.66812353413485,-0.3783777277452032,1.2376177815713731,1.294166711871106
265,8.838781787540679,2.338781787540679,844.3714641744548,351.4221806853582,18.053377151489258,-31.225509643554688,7.462395100585104,0.8493888697127961,17.779504266460734,-32.668039681934744,0.27387288502852414,1.4425300383800561,1.4682980858063575
266,8.872135681078568,2.372135681078568,850.8821446636316,350.08320687910975,19.229494094848633,-30.998456954956055,7.407796597996723,0.8204260587980774,19.64365885094348,-32.68364388044536,-0.4141647560948485,1.6851869254893046,1.735334958741741
267,8.905489574616459,2.4054895746164586,853.7226718047526,351.2292870905588,19.73883819580078,-31.213361740112305,7.349960873533824,0.8337782289349569,19.64365885094348,-32.68364388044536,0.09517934485729995,1.4702821403330546,1.4733596573375467
268,8.938843468154348,2.4388434681543476,857.0257757757757,352.6192442442442,20.330955505371094,-31.4736328125,7.447036052380657,0.8195559258335522,20.037017505286205,-32.772651856651805,0.29393800008488924,1.2990190441518052,1.3318596115818566
269,8.972197361692237,2.4721973616922366,857.9828244274809,353.5067430025445,20.501447677612305,-31.63699722290039,7.385280446830717,0.8348022246730159,20.80699060187368,-32.79753054227765,-0.3055429242613741,1.160533319377258,1.2000808572554553
270,9.005551255230126,2.5055512552301256,864.5824613851519,352.2158694569008,21.69337272644043,-31.41891098022461,7.4637898104562845,0.7754019017209999,21.36364552328397,-32.71721494820285,0.32972720315645887,1.2983039679782422,1.3395197728176427
271,9.038905148768015,2.5389051487680145,872.6121258244546,351.26648909183155,23.142173767089844,-31.26627540588379,7.3965470902182435,0.7665372990583749,22.82181536185587,-32.721773286119074,0.32035840523397496,1.455497880235285,1.490336736168529
272,9.072259042305905,2.5722590423059053,875.5464102564102,352.1323076923077,23.668846130371094,-31.430530548095703,7.357038353145271,0.7831771499040153,23.956216171816063,-32.675266949606566,-0.28737004144496936,1.2447364015108633,1.2774780819905664
273,9.105612935843794,2.6056129358437943,879.8290532771176,352.7012904050083,24.439069747924805,-31.544221878051758,7.369760688554333,0.7671064920161983,24.090858077699576,-32.701202587984056,0.34821167022522914,1.1569807099322986,1.2082448967144406
274,9.138966829381683,2.6389668293816833,885.9258975341766,352.70985051743963,25.537351608276367,-31.5606632232666,7.369760688554333,0.7923021905883594,25.773811117799657,-32.72289884406352,-0.2364595095232893,1.1622356207969204,1.1860458413961905
275,9.172320722919572,2.6723207229195722,889.7432569974553,352.01055979643763,26.226621627807617,-31.443126678466797,7.385280446830717,0.8154462344654639,26.301688309455272,-32.61550101560785,-0.07506668164765529,1.1723743371410507,1.1747751244729812
276,9.205674616457463,2.705674616457463,895.6978133740147,351.94406305619117,27.29937171936035,-31.445608139038086,7.38809871842608,0.7808207972906653,27.55417429116043,-32.820399791246224,-0.25480257180007726,1.3747916522081383,1.398204719480347
277,9.239028509995352,2.739028509995352,899.5055936943808,352.9726671751843,27.982816696166992,-31.641504287719727,7.38809871842608,0.7989431911967496,28.17101087899371,-32.70880653534264,-0.18819418282671663,1.0673022476229121,1.0837671051617759
278,9.272382403533241,2.772382403533241,905.6232376636455,352.9388217522659,29.084758758544922,-31.65030288696289,7.424638900748345,0.8107356722917158,28.70019116589402,-32.66535169662078,0.3845675926509031,1.0150488096578911,1.08545673304154
279,9.30573629707113,2.80573629707113,911.6481689788776,352.1674790651168,30.171741485595703,-31.525096893310547,7.451228023471079,0.754673801749193,29.760557261052707,-32.66505521856918,0.4111842245429962,1.1399583252586325,1.2118487735024908
280,9.339090190609019,2.839090190609019,917.0976796407185,353.15581337325347,31.15078353881836,-31.717681884765625,7.4582094060795265,0.7830284029358215,30.90755900448864,-32.71588808864355,0.2432245343297197,0.9982062038779276,1.027411212494925
281,9.37244408414691,2.8724440841469097,923.0443174603173,352.5635555555555,32.2231559753418,-31.624773025512695,7.392324111232714,0.7971610771538686,32.36550871884868,-32.7437570166364,-0.14235274350688343,1.1189839911237058,1.1280024272913043
282,9.405797977684799,2.9057979776847986,928.7857692307692,351.98782051282046,33.25851058959961,-31.534358978271484,7.357038353145271,0.805326861934794,32.79316532623312,-32.68935222459028,0.46534526336648696,1.1549932463187957,1.2452130794284388
283,9.439151871222688,2.9391518712226876,934.6031927023945,352.30178639300647,34.30530548095703,-31.605512619018555,7.400767659514749,0.7936191940545915,34.423751101775125,-32.73244742348847,-0.11844562081809329,1.1269348044699186,1.1331422764227963
284,9.472505764760577,2.9725057647605766,937.4147212654675,352.88774078326315,34.81010055541992,-31.71865463256836,7.375408015581155,0.7973165288677242,34.9030611449956,-32.68408726811555,-0.0929605895756751,0.9654326355471881,0.9698978528658813
285,9.505859658298466,3.0058596582984656,943.6495201535508,352.56826615483044,35.93354415893555,-31.675933837890625,7.364109030753341,0.7695389280292353,35.45217649514664,-32.65205089865866,0.48136766378890883,0.9761170607680327,1.0883562578788322
286,9.539213551836356,3.0392135518363563,949.0391117840019,352.3152914458743,36.90460205078125,-31.643205642700195,7.416222530500194,0.7778785151212941,36.98563155112241,-32.733589268121044,-0.08102950034115963,1.0903836254208485,1.0933902462119605
287,9.572567445374245,3.0725674453742453,955.8877059569074,352.84993662864383,38.136268615722656,-31.756895065307617,7.399361070571223,0.7671206607775972,38.03416326046826,-32.662180929660494,0.10210535525439468,0.9052858643528765,0.9110257953366419
288,9.605921338912134,3.1059213389121343,961.1874761359297,353.3330787832506,39.08915710449219,-31.857446670532227,7.383870907654442,0.8084549946571878,39.14017283937404,-32.830884881037726,-0.05101573488185096,0.9734382105054991,0.9747741045379097
289,9.639275232450023,3.1392752324500233,967.5173545374225,353.22403130127475,40.228965759277344,-31.853118896484375,7.414818873341696,0.8113386018146808,40.26150455745049,-32.7849081624926,-0.03253879817314953,0.9317892660082236,0.932357232843022
290,9.672629125987912,3.1726291259879122,971.1992823273099,353.2135076252723,40.891807556152344,-31.86019515991211,7.35845303219943,0.7861175530432281,40.91548642302392,-32.76445460363721,-0.023678866871577497,0.9042594437251026,0.9045694170722078
291,9.705983019525803,3.205983019525803,975.796008589112,353.12984716432993,41.71949768066406,-31.856243133544922,7.412010761567691,0.8146287618690113,41.73502941579174,-32.74605564306888,-0.01553173512768069,0.8898125095239564,0.8899480529229767
292,9.739336913063692,3.239336913063692,981.2290538798658,353.4876256767208,42.696510314941406,-31.93438148498535,7.337204206342343,0.7917531918563746,42.70349012644657,-32.73418866351802,-0.006979811505161138,0.7998071785326673,0.7998376338989266
293,9.772690806601581,3.272690806601581,986.0553218610579,353.45978330146585,43.56528854370117,-31.941104888916016,7.378230058162168,0.7941242743667014,43.56528854370117,-32.73274976153051,0.0,0.7916448726144978,0.7916448726144978
294,9.80604470013947,3.30604470013947,992.042669723602,353.8418035918991,44.64190673828125,-32.02498245239258,7.381051021774383,0.7985370656639962,44.629355223139335,-32.74405827328081,0.012551515141915104,0.7190758208882286,0.7191853563014458
295,9.83939859367736,3.3393985936773607,995.5345888261141,353.79661016949154,45.270511627197266,-32.025306701660156,7.434445957066805,0.7718584872728526,45.25137026802707,-32.75628571722117,0.01914135917019877,0.7309790155610116,0.7312295896785279
296,9.87275248721525,3.3727524872152497,1001.5886471617903,354.29744936234056,46.35869598388672,-32.13088607788086,7.449830961862573,0.7976882358444939,46.3357126412965,-32.7890428975826,0.022983342590215727,0.6581568197017376,0.658557995438917
297,9.906106380753139,3.4061063807531387,1007.1832567636549,355.1639867279224,47.36310958862305,-32.301639556884766,7.373996589290252,0.8225198876918263,47.33538196777036,-32.83071408040038,0.027727620852687096,0.5290745235156109,0.5298005968205596
298,9.939460274291028,3.4394602742910276,1012.498794569217,355.15594467707143,48.319679260253906,-32.313140869140625,7.395139698503435,0.810924500731297,48.44465061698381,-32.66218092966048,-0.12497135672990112,0.3490400605198545,0.37073818774253064
299,9.972814167828917,3.4728141678289166,1017.7745435975997,355.78807608834416,49.26723861694336,-32.44060516357422,7.372584892792338,0.7967062598062106,49.246826611249865,-32.71528187608606,0.020412005693493995,0.274676712511841,0.2754341053187564
300,10.006168061366807,3.5061680613668074,1020.3772363913209,356.11483314300216,49.734642028808594,-32.50618362426758,7.395139698503435,0.7760379132179659,49.71650956847351,-32.75018534900634,0.018132460335081646,0.2440017247387587,0.24467453441928172
301,10.039521954904696,3.5395219549046963,1025.3472541507024,356.6904214559387,50.62725830078125,-32.62263870239258,7.371172925932163,0.8123338442575805,50.610641560800964,-32.822614892263424,0.0166167399802859,0.19997618987084564,0.20066537459869088
302,10.072875848442585,3.5728758484425853,1030.3290895061727,357.42515432098764,51.521480560302734,-32.76795959472656,7.345711112627194,0.7807673727692689,51.51814366361523,-32.73681117985907,0.0033368966875073625,-0.031148414867494978,0.03132664406317216
303,10.106229741980474,3.6062297419804743,1035.1152184959349,357.8344766260162,52.381378173828125,-32.853816986083984,7.390915915370575,0.7904064787463909,52.3904298621311,-32.76769592464352,-0.00905168830297498,-0.0861210614404655,0.08659544032318703
304,10.139583635518363,3.6395836355183633,1042.1971326164874,358.31093189964156,53.65403366088867,-32.95742416381836,7.362695438451086,0.7843820365320897,53.55897976974238,-32.74641235004351,0.09505389114629281,-0.2110118137748529,0.23143298765431966
305,10.172937529056254,3.672937529056254,1048.5559815950921,356.78041922290384,54.80243682861328,-32.695499420166016,7.368348180503304,0.8252649997469333,54.806340497520736,-32.76128059560711,-0.0039036689074549713,0.06578117544109574,0.06589690184941359
306,10.206291422594143,3.706291422594143,1054.5436447166921,355.8072996426748,55.88242721557617,-32.53369903564453,7.373996589290252,0.8129563222991573,55.848995377848595,-32.75739668521384,0.03343183772757641,0.22369764956930993,0.22618206426831636
307,10.239645316132032,3.739645316132032,1059.5413505311078,355.9361406170966,56.781044006347656,-32.5692253112793,7.407796597996723,0.7978076949800964,56.78960246895132,-32.80978418946749,-0.008558462603666328,0.240558878188196,0.2407110740229906
308,10.272999209669921,3.772999209669921,1068.1224747474746,356.73977272727274,58.32211685180664,-32.73579025268555,7.413414950414535,0.7990183274894714,58.32278338435353,-32.76816348713099,-0.0006665325468873107,0.032373234445444155,0.03238009533796576
309,10.306353103207812,3.8063531032078117,1075.0146187775676,357.2055450535602,59.560325622558594,-32.83699035644531,7.420431908871756,0.7603577850961113,59.55987567757492,-32.75690150404023,0.0004499449836714575,-0.08008885240508334,0.08009011630689242
310,10.3397069967457,3.8397069967457007,1079.3778621125869,357.56571790006325,60.343936920166016,-32.91289138793945,7.406391343958091,0.7784011805593224,60.34535417765014,-32.761186587275596,-0.0014172574841211372,-0.1517048006638575,0.15171142067503368
311,10.37306089028359,3.8730608902835897,1083.5662589194699,357.433995922528,61.09760284423828,-32.89921951293945,7.3796406747620305,0.8009382623546559,61.10071954934173,-32.77095287276052,-0.0031167051034515225,-0.12826664017893563,0.1283045004413112
312,10.406414783821479,3.9064147838214787,1089.3748562667688,357.6498019675482,62.14152526855469,-32.95247268676758,7.369760688554333,0.8187599207841502,62.09265044069761,-32.79007941317242,0.04887482785707675,-0.16239327359515698,0.16958869097616858
313,10.439768677359368,3.9397686773593676,1095.6704516780217,358.1298258894777,63.272125244140625,-33.054786682128906,7.416222530500194,0.8401104845682622,63.237049528659085,-32.84021114963427,0.03507571548153976,-0.214575532494635,0.2174234692067489
314,10.473122570897258,3.9731225708972584,1100.0752853661663,358.1675003206361,64.06407928466797,-33.07233810424805,7.355623402011282,0.8292977180117285,64.0837114604449,-32.74756783819214,-0.01963217577693399,-0.3247702660559071,0.3253631018412523
315,10.506476464435147,4.006476464435147,1102.974378585086,358.12109623964307,64.58551025390625,-33.070980072021484,7.378230058162168,0.8384988792542052,64.60316219536503,-32.77896833633274,-0.01765194145878013,-0.29201173568874594,0.2925447740384679
316,10.539830357973036,4.039830357973036,1108.7724927645652,358.80885868881336,65.6258544921875,-33.209716796875,7.426040701742758,0.8121810686679393,65.73031939911037,-32.81293128635237,-0.10446490692287114,-0.39678551052263344,0.41030678539248044
317,10.573184251510925,4.073184251510925,1111.9374206651435,358.8937547600914,66.19462585449219,-33.23280334472656,7.393732038892606,0.8212758154163882,66.10488506512199,-32.85168783851269,0.0897407893701967,-0.3811155062138738,0.391538552831574
318,10.606538145048814,4.106538145048814,1115.9389100126741,358.8356147021546,66.91426086425781,-33.23200225830078,7.399361070571223,0.8090961293311316,66.9692787446397,-32.69744829148447,-0.05501788038188238,-0.5345539668163113,0.5373778099259116
319,10.639892038586705,4.139892038586705,1120.2756979287276,358.54534928598997,67.69488525390625,-33.18996047973633,7.344293979188208,0.7943983197125823,67.73743884438548,-32.7765096082186,-0.0425535904792298,-0.41345087151772475,0.4156349735301881
320,10.673245932124594,4.173245932124594,1125.788914198937,359.0950392305745,68.68425750732422,-33.30297088623047,7.40498582324253,0.7791793361013992,68.75189589564653,-32.75857441923792,-0.06763838832230817,-0.5443964669925521,0.5485822316196654
321,10.706599825662483,4.206599825662483,1132.3678335870115,360.0398274987316,69.86384582519531,-33.49014663696289,7.3965470902182435,0.8356587285899835,69.7518856628328,-32.838576872177185,0.11196016236250728,-0.6515697647857053,0.6611189275305452
322,10.739953719200372,4.239953719200372,1136.2730759712942,360.42316258351894,70.56459045410156,-33.569091796875,7.488850171320808,0.8271390504829209,70.42729437467423,-32.72606225439705,0.1372960794273297,-0.8430295424779501,0.8541364193831671
323,10.773307612738261,4.273307612738261,1139.69249091137,360.4586937445155,71.17911529541016,-33.583839416503906,7.440044185237402,0.8191695053372962,71.31569676053368,-32.72049668742107,-0.13658146512352687,-0.8633427290828379,0.8740796099186228
324,10.806661506276152,4.306661506276152,1144.8963468588042,360.5727468082417,72.11410522460938,-33.617156982421875,7.4092015855101625,0.8598864246226501,72.06843638705081,-32.83958065903853,0.045668837558565656,-0.777576323383343,0.7789162865226967
325,10.84001539981404,4.340015399814041,1148.375425330813,360.879143037177,72.73839569091797,-33.681121826171875,7.420431908871756,0.8481183735983144,72.63046569235557,-32.76922587263119,0.1079299985623976,-0.9118959535406859,0.9182609186247425
326,10.87336929335193,4.37336929335193,1154.2687969924812,361.2604010025062,73.79634857177734,-33.76451110839844,7.441443084222263,0.8222693307427816,74.15782696050006,-32.77135739776195,-0.3614783887227162,-0.9931537106364843,1.0568921035113228
327,10.906723186889819,4.406723186889819,1159.2385448136959,361.6932275931521,74.68804931640625,-33.8549919128418,7.424638900748345,0.818559843671298,74.60924032248872,-32.90655543553732,0.0788089939175336,-0.948436477304476,0.951705106114293
328,10.94007708042771,4.440077080427709,1163.43929772133,361.8864400448263,75.44233703613281,-33.90019607543945,7.465184259755785,0.7908083353942489,75.36408695808154,-32.84721409436068,0.07825007805126916,-1.0529819810787728,1.055885470679281
329,10.973430973965598,4.473430973965598,1169.0659490225191,362.5331601088839,76.45126342773438,-34.031005859375,7.488850171320808,0.8192595019115645,76.39141911733368,-32.78511747801716,0.059844310400691825,-1.2458883813578367,1.2473248174752976
330,11.006784867503487,4.506784867503487,1174.6043138713276,363.33606049336805,77.44374084472656,-34.189876556396484,7.481897379763993,0.8381070100576035,77.39958808529644,-32.74474509648244,0.044152759430119204,-1.4451314599140446,1.4458057969860931
331,11.040138761041376,4.540138761041376,1165.2724877230805,357.54150197628456,75.78651428222656,-33.117576599121094,7.611547277667039,0.8166776368317203,75.7670339993788,-32.820364916810775,0.01948028284776626,-0.29721168231031925,0.29784940074064126
332,11.073492654579265,4.573492654579265,1157.5530614789873,353.6955979548572,74.41205596923828,-32.401973724365234,7.459604898543059,0.8156245993579906,74.26359920034099,-32.809855344675725,0.1484567688972902,0.4078816203104907,0.4340585541358847
333,11.106846548117156,4.606846548117156,1149.143396226415,349.85018867924526,72.91319274902344,-31.684614181518555,7.427442238171533,0.828781759280606,73.02692739718535,-32.72311784054742,-0.11373464816190904,1.038503659028862,1.0447130802324858
334,11.140200441655045,4.640200441655045,1143.5348097238132,345.9537991599847,71.91777038574219,-30.96468734741211,7.383870907654442,0.8397814865041735,71.63208171850864,-32.7705490242829,0.28568866723354347,1.8058616768707907,1.8283201061565402
335,11.173554335192934,4.673554335192934,1141.0323065364387,344.30090157776107,71.4732894897461,-30.658939361572266,7.444240093561486,0.8002769718114868,71.15126489437152,-32.69448344327493,0.32202459537457173,2.0355440817026675,2.060858934663145
336,11.206908228730823,4.706908228730823,1140.3758244545916,343.8883815322171,71.35660552978516,-30.58254623413086,7.3965470902182435,0.8497644762302803,71.02563956941346,-32.6746094229567,0.33096596037169945,2.09206318882584,2.1180809363584063
337,11.240262122268712,4.740262122268712,1132.1344389998742,342.892951375801,69.87789916992188,-30.38193130493164,7.431645261560726,0.7911469183923326,70.26399637068069,-32.752657023141126,-0.3860972007588117,2.370725718209485,2.4019599246060848
338,11.273616015806603,4.773616015806603,1124.5973782771537,342.3248439450686,68.52434539794922,-30.260496139526367,7.4554176375347465,0.7736633311820006,68.43187569284864,-32.71881359774066,0.09246970510058361,2.458317458214296,2.4600559692256163
339,11.306969909344492,4.806969909344492,1120.2279224093925,342.06725370086775,67.73934936523438,-30.203107833862305,7.373996589290252,0.7654454298160052,67.7541231129104,-27.848224987781897,-0.014773747676031235,-2.3548828460804074,2.354929188401247
340,11.34032380288238,4.840323802882381,1115.184137757667,341.8701608848668,66.83284759521484,-30.155029296875,7.430244517930989,0.8026502289780599,67.14457055245471,-27.76860319412184,-0.31172295723986565,-2.386426102753159,2.4066991390641244
341,11.37367769642027,4.87367769642027,1110.761796618723,341.4258137774413,66.03888702392578,-30.063640594482422,7.416222530500194,0.8088986592747647,65.7301021250789,-27.794732065083366,0.30878489884688065,-2.268908529399056,2.289824016935726
342,11.40703158995816,4.9070315899581605,1107.1401986671697,341.44234879919526,65.38743591308594,-30.05777931213379,7.42884351018441,0.7958630791032741,65.23819899686914,-27.865519900213222,0.14923691621679325,-2.192259411920567,2.1973331532373983
343,11.44038548349605,4.9403854834960494,1103.577632590315,341.5803228285934,64.7461929321289,-30.074081420898438,7.359867439330648,0.8098439334502081,65.23819899686914,-27.865519900213222,-0.492006064740238,-2.2085615206852154,2.2627005896478143
344,11.473739377033938,4.973739377033938,1097.723369011213,341.4680173292558,63.69350051879883,-30.039392471313477,7.3796406747620305,0.7879967002949104,63.592145840926506,-27.82099921863007,0.10135467787232244,-2.2183932526834056,2.2207074085250094
345,11.507093270571827,5.007093270571827,1096.294493420212,341.9045611345343,63.435089111328125,-30.115060806274414,7.369760688554333,0.8227455636504174,63.592145840926506,-27.82099921863007,-0.15705672959838068,-2.294061587644343,2.2994315350141266
346,11.540447164109716,5.040447164109716,1094.1732422862924,341.89339908952957,63.05355453491211,-30.107845306396484,7.407796597996723,0.7761119477137514,63.23041989745383,-27.79335734227351,-0.1768653625417187,-2.314487964122975,2.3212358545690974
347,11.573801057647607,5.073801057647607,1086.5691523263224,340.9830465264499,61.68846130371094,-29.924144744873047,7.378230058162168,0.7850554326122452,61.94983203541848,-27.813325341565353,-0.26137073170754377,-2.110819403307694,2.1269398705119964
348,11.607154951185496,5.107154951185496,1078.8677557370672,340.10060936081936,60.305667877197266,-29.745258331298828,7.315893664074852,0.7681975303070372,60.31216606777441,-27.842350116693886,-0.006498190577147511,-1.9029082146049419,1.9029193098215553
349,11.640508844723385,5.140508844723385,1072.7086889061288,339.6648564778898,59.19886779785156,-29.65114402770996,7.32584629828472,0.7893038393680331,59.10295733227998,-27.800497845504516,0.09591046557158478,-1.8506461822054447,1.8531298144268649
350,11.673862738261274,5.173862738261274,1069.9447016460904,339.9032921810699,58.70082473754883,-29.687620162963867,7.345711112627194,0.7935902049018608,58.73834205515012,-27.79327666982865,-0.03751731760129218,-1.8943434931352172,1.894714970412102
351,11.707216631799163,5.207216631799163,1068.9539034411914,339.958782742681,58.522377014160156,-29.69525718688965,7.351376914559107,0.769438410644958,58.5601154890519,-27.789746907296394,-0.03773847489174642,-1.9055102795932548,1.9058839466564377
352,11.740570525337054,5.240570525337054,1060.2498104624715,339.60967904978514,56.95725631713867,-29.610624313354492,7.410606306650001,0.8388385520560769,56.689490898627426,-27.77054959286928,0.2677654185112459,-1.8400747204852124,1.859455107368617
353,11.773924418874943,5.273924418874943,1054.5803671787187,339.1407518421381,55.93846130371094,-29.511680603027344,7.454021361160008,0.7921684411470018,55.921462007415414,-27.778080713958733,0.016999296295523436,-1.7335998890686106,1.733683232731182
354,11.807278312412832,5.307278312412832,1046.6589937106917,338.5993710691824,54.51454162597656,-29.39406967163086,7.427442238171533,0.8020449120632953,54.475468476833,-27.80723040192908,0.039073149143561636,-1.5868392697017804,1.5873202508793474
355,11.84063220595072,5.340632205950721,1039.9924471299094,338.2274672708962,53.31585693359375,-29.310272216796875,7.424638900748345,0.7672885783846067,53.239757077036835,-27.731472532593752,0.07609985655691531,-1.5787996842031227,1.5806326679554181
356,11.87398609948861,5.37398609948861,1036.7228778073847,337.8325085649029,52.72855758666992,-29.230607986450195,7.395139698503435,0.7760379132179659,52.65765006752091,-27.759530721588956,0.07090751914901006,-1.4710772648612398,1.47278518306761
357,11.9073399930265,5.4073399930265005,1032.7716333845365,337.3821044546851,52.01868438720703,-29.139209747314453,7.362695438451086,0.7843820326475247,52.15126490208215,-27.762308455247506,-0.1325805148751158,-1.3769012920669468,1.3832695908680195
358,11.94069388656439,5.4406938865643895,1027.5767052767053,337.3217503217503,51.083805084228516,-29.115524291992188,7.342876572250531,0.8252434191725929,51.10595602378787,-27.85209530256025,-0.022150939559352878,-1.2634289894319366,1.2636231540535994
359,11.974047780102278,5.474047780102278,1020.8715515059478,337.07238673753477,49.87757873535156,-29.053844451904297,7.40498582324253,0.8064493067864233,49.97364936694142,-27.761057958979972,-0.09607063158986051,-1.292786492924325,1.2963512188221409
360,12.007401673640167,5.507401673640167,1018.6585827965139,337.35164835164835,49.47843933105469,-29.099088668823242,7.412010761567691,0.775927187593234,49.349163996867105,-27.74630862134352,0.1292753341875823,-1.3527800474797225,1.3589429601306124
361,12.040755567178058,5.540755567178058,1013.3097043214557,336.80856709628506,48.51709747314453,-28.987436294555664,7.410606306650001,0.8115572568877293,48.40709513486657,-27.836335279549875,0.11000233827795824,-1.1511010150057892,1.1563451306482753
362,12.074109460715947,5.574109460715947,1008.9025758735015,336.5786789084417,47.724361419677734,-28.934917449951172,7.376819171820143,0.8080496382521019,47.78317333915829,-27.812719175474918,-0.05881191948055431,-1.1221982744762542,1.1237383187871053
363,12.107463354253836,5.607463354253836,1006.3217259651778,336.50201867272267,47.25994873046875,-28.9146785736084,7.416222530500194,0.7778785125821847,47.309050055268244,-27.790073342283392,-0.04910132479949425,-1.1246052313250061,1.1256766260434814
364,12.140817247791725,5.640817247791725,997.7478161792632,335.6757817445246,45.718605041503906,-28.74372100830078,7.40358003569816,0.7867227151396139,45.74507341838464,-27.732934475132378,-0.02646837688073589,-1.0107865331684032,1.0111330232018436
365,12.174171141329614,5.674171141329614,995.4999365079364,335.5624126984127,45.31419372558594,-28.717634201049805,7.392324111232714,0.7718108629906172,45.34025657929193,-27.722333973134013,-0.02606285370599437,-0.9953002279157914,0.99564140936008
366,12.207525034867505,5.707525034867505,989.2500631791761,335.3843821076573,44.18936538696289,-28.66999053955078,7.410606306650001,0.79462358254832,44.19780304783568,-27.70313036988987,-0.008437660872786523,-0.9668601696609116,0.9668969861354058
367,12.240878928405394,5.740878928405394,980.8439716312057,335.1861391066318,42.67626190185547,-28.613388061523438,7.467972377223586,0.8080979921550888,42.66828870893059,-27.69975064703882,0.007973192924879413,-0.9136374144846187,0.913672204322511
368,12.274232821943283,5.774232821943283,974.2139793086045,335.1001766338632,41.48258590698242,-28.58152198791504,7.416222530500194,0.8127878226969011,41.467467788114426,-27.715405538039157,0.015118118867995634,-0.8661164498758822,0.8662483837004883
369,12.307586715481172,5.807586715481172,972.1725280326197,334.97566258919466,41.11528778076172,-28.55391502380371,7.3796406747620305,0.7917545258224327,41.093542931054,-27.72351271582054,0.02174484970771573,-0.8304023079831708,0.8306869636587468
370,12.34094060901906,5.840940609019061,967.3815109093201,334.9600201790894,40.25252914428711,-28.53931427001953,7.417625922040904,0.780764447900679,40.22491552204555,-27.748563589451177,0.027613622241560165,-0.7907506805683546,0.7912326781374841
371,12.374294502556952,5.8742945025569515,961.0261713264393,334.97025405336393,39.107933044433594,-28.525571823120117,7.372584892792338,0.7676945383880007,39.075999228628326,-27.794167192849446,0.03193381580526733,-0.7314046302706707,0.732101428610313
372,12.40764839609484,5.9076483960948405,956.7364429275692,335.08608266970043,38.33503723144531,-28.536067962646484,7.4092015855101625,0.8008052407506506,38.29821967420325,-27.833547120402642,0.036817557242059706,-0.7025208422438425,0.7034849439101524
373,12.44100228963273,5.9410022896327295,948.5876693252309,335.3301683757437,36.86671829223633,-28.56036949157715,7.40358003569816,0.7867227138461412,36.80565973069493,-27.73872730674091,0.06105856154140099,-0.8216421848362394,0.8239077787228217
374,12.474356183170618,5.9743561831706185,941.3724742661075,335.50285932138775,35.566680908203125,-28.574005126953125,7.389507451152856,0.7965537176534829,35.505777080820835,-27.841050566497092,0.06090382738229039,-0.732954560456033,0.7354805666250526
375,12.50771007670851,6.007710076708509,934.4914794732765,335.8661244513297,34.3262825012207,-28.623050689697266,7.331527451754501,0.809136879533797,34.244175455052535,-27.770336412163747,0.08210704616816855,-0.8527142775335186,0.8566581617774808
376,12.541063970246398,6.041063970246398,928.6455664405927,336.1886460688269,33.27241516113281,-28.667247772216797,7.433045741222939,0.8070952952064843,33.39288642578643,-27.85922578938598,-0.12047126465361657,-0.8080219828308159,0.8169533954547745
377,12.574417863784287,6.074417863784287,923.4814673775069,336.8929931454684,32.34039306640625,-28.78242301940918,7.393732038892606,0.7947811090861182,32.22509639895863,-27.80828639472071,0.11529666744762324,-0.9741366246884695,0.980936024970014
378,12.607771757322176,6.107771757322176,919.1195596518176,337.2875064004096,31.55364227294922,-28.843326568603516,7.362695438451086,0.8065658249875977,31.406790640163557,-27.72787767491164,0.14685163278566193,-1.1154488936918767,1.1250740582247227
379,12.641125650860065,6.141125650860065,911.0720409468969,337.4708893154191,30.10338592529297,-28.856868743896484,7.364109030753341,0.791087468946982,29.942653673522408,-27.74831770019784,0.16073225177056116,-1.1085510436986432,1.1201429700018593
380,12.674479544397956,6.174479544397956,910.2596807953951,335.79343275771845,29.961074829101562,-28.550376892089844,7.283096392541945,0.8118610934562805,29.84679697613709,-27.76221625985877,0.11427785296447368,-0.7881606322310724,0.7964022914815435
381,12.707833437935845,6.207833437935845,907.2569631626234,335.5372866127583,29.42068099975586,-28.496509552001953,7.35279268287547,0.8016638492266961,29.320061752233066,-27.84277580366432,0.10061924752279339,-0.6537337483376326,0.6614318155997823
382,12.741187331473734,6.241187331473734,903.4978607545702,335.5434979904058,28.743364334106445,-28.488405227661133,7.315893664074852,0.7936379487552967,29.004476477035972,-27.891349023266876,-0.26111214292952667,-0.5970562043942564,0.651656092115255
383,12.774541225011623,6.274541225011623,897.2378764675854,335.67023991832565,27.6151123046875,-28.496044158935547,7.373996589290252,0.7997135874434843,27.492161562711765,-27.780512988393177,0.12295074197573541,-0.7155311705423699,0.7260177277244116
384,12.807895118549512,6.307895118549512,890.9515197186636,335.4572971615172,26.482864379882812,-28.441953659057617,7.433045741222939,0.7994431368635604,26.364923549010545,-27.80560188053283,0.11794083087226781,-0.6363517785247872,0.647189018462536
385,12.841249012087403,6.3412490120874025,886.2116594097726,335.52539912917274,25.628578186035156,-28.442676544189453,7.574534581703983,0.7737624113786502,25.499566726628267,-27.79409213937646,0.12901145940688963,-0.6485844048129934,0.6612909244991348
386,12.874602905625292,6.3746029056252915,882.6278452200304,335.44473950429943,24.982938766479492,-28.419233322143555,7.407796597996723,0.7688707471842504,24.95616966206169,-27.902180535916564,0.026769104417802225,-0.5170527862269907,0.5177452739489037
387,12.90795679916318,6.4079567991631805,877.5425350635732,335.7031065670468,24.065908432006836,-28.453651428222656,7.275946988254181,0.7903622795183601,23.917070190577046,-27.768144051889745,0.14883824142978952,-0.6855073763329109,0.7014792834565704
388,12.94131069270107,6.4413106927010695,874.6436781609195,335.31621966794376,23.54435920715332,-28.376293182373047,7.371172925932163,0.7861893684135001,23.435040751322887,-27.87280290244766,0.10931845583043298,-0.5034902799253871,0.5152212988265285
389,12.974664586238958,6.4746645862389585,868.6397012280034,335.4318268135207,22.4620304107666,-28.382537841796875,7.40358003569816,0.7741630484778268,22.31998323588421,-27.779285058514187,0.14204717488239282,-0.6032527832826879,0.6197510148683734
390,13.00801847977685,6.508018479776849,865.2231873111782,335.1662890231621,21.846860885620117,-28.3259334564209,7.424638900748345,0.7723709162505998,21.749758676662566,-27.91355511897744,0.09710220895755128,-0.4123783374434602,0.42365638455836857
391,13.041372373314738,6.541372373314738,858.5565152084116,335.68281386906995,20.644119262695312,-28.403343200683594,7.4456382042121,0.7829837440548624,20.727343379189467,-27.791823957124606,-0.08322411649415429,-0.6115192435589876,0.6171564135688691
392,13.074726266852627,6.574726266852627,856.9374763167866,335.1476569407604,20.353477478027344,-28.302196502685547,7.412010761567691,0.775927187593234,20.428471709855664,-27.751149308064214,-0.07499423182832032,-0.5510471946213329,0.5561269149282032
393,13.108080160390516,6.608080160390516,855.9578719613083,333.6704849179076,20.18014907836914,-28.03156089782715,7.383870907654442,0.8045800068733998,20.219266450944822,-27.724073225944707,-0.039117372575681486,-0.3074876718824413,0.3099658645672271
394,13.141434053928407,6.641434053928407,854.2437303087586,333.0355387523629,19.87255096435547,-27.912052154541016,7.420431908871756,0.7903082345401743,19.82224054359847,-27.720959790868942,0.05031042075700043,-0.19109236367207316,0.1976042253863168
395,13.174787947466296,6.674787947466296,845.2530320439167,333.976381973701,18.24981689453125,-28.06080436706543,7.372584892792338,0.8193875621177936,18.273510962211496,-27.802943689899955,-0.023694067680246178,-0.2578606771654748,0.2589469784945816
396,13.208141841004185,6.708141841004185,837.1494208985616,334.98841797123583,16.786794662475586,-28.22467041015625,7.383870907654442,0.808454993306154,17.071610567515876,-27.989520598035377,-0.28481590504028986,-0.2351498121208735,0.3693447358558147
397,13.241495734542074,6.741495734542074,827.8318640603039,337.0769132490098,15.102643013000488,-28.581031799316406,7.369760688554333,0.7707205629598787,15.132573558095663,-27.601397165200968,-0.029930545095174566,-0.9796346341154383,0.9800917578921796
398,13.274849628079963,6.774849628079963,825.107464839524,335.57494891212883,14.614604949951172,-28.301599502563477,7.597859895116236,0.7523035070092483,14.630184630038654,-27.587592872650255,-0.015579680087482117,-0.7140066299132215,0.7141765846005205
399,13.308203521617854,6.808203521617854,819.949892717405,336.1315158399596,13.683576583862305,-28.390003204345703,7.414818873341696,0.7928609537713317,13.68713210114607,-27.575143838266584,-0.0035555172837646865,-0.8148593660791192,0.8148671230268277
400,13.341557415155743,6.841557415155743,819.6258106355382,336.7810635538262,13.623808860778809,-28.507160186767578,7.314470753692031,0.7868544842605725,13.627876703231449,-27.57488528617746,-0.004067842452640136,-0.9322749005901194,0.9322837752597309
401,13.374911308693632,6.8749113086936315,814.9226393629124,339.0342560991025,12.771261215209961,-28.904760360717773,7.4092015855101625,0.8008052434053505,12.525786227049563,-27.788099922065754,0.2454749881603977,-1.1166604386520191,1.1433234472636635
402,13.40826520223152,6.9082652022315205,808.8328209069946,342.2834998718934,11.666749954223633,-29.479778289794922,7.359867439330648,0.8233663811637446,11.617240509236272,-27.859321098951245,0.049509444987361206,-1.620457190843677,1.6212133396009105
403,13.44161909576941,6.9416190957694095,803.5636221701795,345.6419463960447,10.710065841674805,-30.076574325561523,7.303077490150316,0.8342215829956117,10.605535327410475,-27.900371569656937,0.10453051426432936,-2.176202755904587,2.178711789847176
404,13.4749729893073,6.9749729893073,797.9765684051398,349.4662383471907,9.695270538330078,-30.757091522216797,7.421834504462938,0.8658455243493719,9.616429422684925,-32.76373191211643,0.07884111564515273,2.00664038989963,2.008188630555584
405,13.50832688284519,7.008326882845189,794.7288222478534,351.41086761501987,9.105972290039062,-31.102100372314453,7.35845303219943,0.8299358847820337,9.055806815541523,-32.74402958203325,0.05016547449753972,1.6419292097187963,1.6426953778955349
406,13.541680776383078,7.041680776383078,791.5871313672923,354.06842844376354,8.534444808959961,-31.576732635498047,7.372584892792338,0.843051398931682,8.509266922665054,-32.73061882833686,0.025177886294907026,1.1538861928388116,1.1541608518669857
407,13.575034669920967,7.075034669920967,796.9796339262696,354.5444702242846,9.505566596984863,-31.67629623413086,7.337204206342343,0.8668168490331352,9.463077863552863,-32.757706712948334,0.0424887334320001,1.0814104788174745,1.0822448503757804
408,13.608388563458858,7.108388563458858,804.8370144706778,352.948210205636,10.925060272216797,-31.40581512451172,7.393732038892606,0.8408182087258858,11.354800955272895,-32.540096268148424,-0.4297406830560977,1.1342811436367057,1.2129595077673923
409,13.641742456996747,7.141742456996747,814.1531973816716,350.7705186304129,12.60867691040039,-31.033376693725586,7.424638900748345,0.8052706611216862,12.46266813751718,-32.62237869860827,0.14600877288321001,1.589002004882687,1.595696065446067
410,13.675096350534636,7.175096350534636,818.559272074843,351.3606305267205,13.401634216308594,-31.1512451171875,7.35845303219943,0.8357060412937314,13.11049104278133,-32.68572895931537,0.2911431735272636,1.5344838421278695,1.5618594716692775
411,13.708450244072525,7.208450244072525,823.9562634306661,351.05915813424343,14.374979972839355,-31.109725952148438,7.4092015855101625,0.8008052420780006,14.158983205806532,-32.807599266634455,0.21599676703282356,1.6978733144860172,1.7115573012354468
412,13.741804137610414,7.241804137610414,832.1307040829224,350.17760080900007,15.850079536437988,-30.969736099243164,7.4092015855101625,0.8140113850127256,15.590720655691301,-32.65481780527399,0.2593588807466869,1.6850817060308287,1.7049244514118338
413,13.775158031148305,7.275158031148305,834.450370938859,351.16206190841643,16.266063690185547,-31.154054641723633,7.365522351758726,0.8206304851932997,16.015666975745027,-32.720223299590444,0.2503967144405195,1.566168657866811,1.5860588827300628
414,13.808511924686194,7.308511924686194,840.2499041778459,350.4002810783186,17.312829971313477,-31.02999496459961,7.369760688554333,0.8424056313948731,17.618264690383533,-32.637427391926124,-0.3054347190700568,1.6074324273265148,1.6361935631318858
415,13.841865818224083,7.341865818224083,842.8456410256409,350.9315384615385,17.77947235107422,-31.132749557495117,7.357038353145271,0.8187410826947733,17.618264690383533,-32.637427391926124,0.16120766069068537,1.504677834431007,1.5132889001421204
416,13.875219711761972,7.3752197117619716,849.9558879938627,349.63482930571536,19.063556671142578,-30.914823532104492,7.366935401623382,0.8237730300165339,19.568401598703478,-32.704868620703316,-0.5048449275608995,1.7900450885988235,1.859873603259302
417,13.90857360529986,7.4085736052998605,852.2534539060537,350.36812358703844,19.475984573364258,-31.053510665893555,7.433045741222939,0.8260283611722677,19.64365885094348,-32.68364388044536,-0.16767427757922349,1.6301332145518046,1.6387339505077432
418,13.941927498837751,7.441927498837751,857.7969743198576,351.41647597254007,20.472564697265625,-31.257286071777344,7.38809871842608,0.8082419025488708,20.111673785387936,-32.789934976846446,0.3608909118776893,1.5326489050691023,1.5745649927790941
419,13.97528139237564,7.47528139237564,861.6509470429069,351.1749774513593,21.167503356933594,-31.22288703918457,7.338622708860447,0.8040374428289412,21.235583715584475,-32.68469139229809,-0.06808035865088158,1.4618043531135214,1.463388841701232
420,14.00863528591353,7.508635285913529,863.8185750636131,351.2802798982188,21.557830810546875,-31.24728775024414,7.385280446830717,0.8115216825912082,21.235583715584475,-32.68469139229809,0.32224709496239967,1.437403642053951,1.4730826251102376
421,14.041989179451418,7.541989179451418,867.1805289382905,352.3958093777948,22.161060333251953,-31.457904815673828,7.369760688554333,0.7707205616999135,22.490184170099376,-32.80292292246808,-0.3291238368474225,1.3450181067942495,1.384700764636734
422,14.075343072989307,7.575343072989307,873.9344751524587,351.1533670688984,23.38066291809082,-31.248985290527344,7.313047566451458,0.8117655966760084,23.72240798933267,-32.72924582176686,-0.3417450712418493,1.4802605312395158,1.519197463815547
423,14.108696966527198,7.608696966527198,879.4378531073446,350.67026194144836,24.373245239257812,-31.17477798461914,7.351376914559107,0.7948148811439933,23.983643855979274,-32.66893476977704,0.38960138327853855,1.494156785157898,1.5441158429618989
424,14.142050860065087,7.642050860065087,884.0515477104118,351.6712714249168,25.202104568481445,-31.367666244506836,7.365522351758726,0.7724023490526812,25.502032005565713,-32.77871389567233,-0.2999274370842677,1.4110476511654966,1.4425712950754295
425,14.175404753602976,7.675404753602976,886.8599846977812,351.73858709512876,25.707862854003906,-31.386741638183594,7.376819171820143,0.8135787989755321,25.9715232438977,-32.68267385738492,-0.2636603898937935,1.295932219201326,1.322481424430234
426,14.208758647140865,7.708758647140865,893.9517772806363,351.31058911260254,26.986345291137695,-31.326417922973633,7.472152602783079,0.7986885500890787,26.523232219190728,-32.69070503929279,0.4631130719469674,1.3642871163191543,1.4407473939461388
427,14.242112540678756,7.742112540678756,902.4979407979407,350.5419562419562,28.527551651000977,-31.207857131958008,7.342876572250531,0.7589983396720724,28.610395517372428,-32.63133116868764,-0.08284386637145147,1.4234740367296297,1.425882687824885
428,14.275466434216645,7.775466434216645,904.3853812224321,351.3747952110901,28.865535736083984,-31.363555908203125,7.420431908871756,0.777691326708641,28.610395517372428,-32.63133116868764,0.25514021871155634,1.2677752604845125,1.2931939693258527
429,14.308820327754534,7.808820327754534,908.3211149293624,351.80845106274654,29.573375701904297,-31.451839447021484,7.383870907654442,0.7825396078856982,29.760557261052707,-32.66505521856918,-0.18718155914841006,1.213215771547695,1.2275705455969927
430,14.342174221292423,7.842174221292423,918.3453024453023,350.8976833976834,31.380971908569336,-31.311107635498047,7.342876572250531,0.8022294495844385,30.90755900448864,-32.71588808864355,0.47341290408069625,1.4047804531455057,1.482406118204391
431,14.375528114830312,7.875528114830312,924.54508144158,350.84134923688595,32.49766540527344,-31.316036224365234,7.355623402011282,0.7984358296540536,32.67429702300096,-32.704474182737435,-0.1766316177275229,1.3884379583722009,1.3996280551024287
432,14.408882008368202,7.908882008368202,928.7055065797879,350.5055576849368,33.24773025512695,-31.265287399291992,7.369760688554333,0.8187599207841502,32.79316532623312,-32.68935222459028,0.4545649288938307,1.424064825298288,1.4948544749346329
433,14.442235901906091,7.942235901906091,932.0738332058148,351.6419280795715,33.85148239135742,-31.47964859008789,7.376819171820143,0.8231496885246682,33.98797087538465,-32.778249770927154,-0.13648848402722535,1.2986011808392632,1.3057542391848393
434,14.47558979544398,7.97558979544398,936.8503220917014,351.73335859542755,34.711368560791016,-31.507898330688477,7.412010761567691,0.8052500266674032,34.82534324189476,-32.69157065103303,-0.1139746811037412,1.1836723203445558,1.189146916862069
435,14.50894368898187,8.00894368898187,942.4816227902835,351.488363220145,35.72598648071289,-31.47721290588379,7.386689717036624,0.8363175524850868,35.41682494061283,-32.63461744123721,0.3091615401000638,1.1574045353534217,1.1979841886826859
436,14.542297582519758,8.042297582519758,948.2085090072825,351.30637536731825,36.75762176513672,-31.458187103271484,7.369760688554333,0.7885354463244068,36.8531322319287,-32.74343566839661,-0.09551046679197839,1.2852485651251229,1.2887925059616885
437,14.575651476057649,8.075651476057649,954.0271107668474,351.3249419054996,37.80521774291992,-31.475767135620117,7.331527451754501,0.809136879533797,37.88362611070685,-32.67204765573819,-0.07840836778692761,1.1962805201180728,1.1988473443074297
438,14.609005369595538,8.109005369595538,957.1838992750859,352.07948620119544,38.37162780761719,-31.62032699584961,7.386689717036624,0.7742654627119485,38.03416326046826,-32.662180929660494,0.33746454714892593,1.0418539338108843,1.0951447118895494
439,14.642359263133427,8.142359263133427,963.8429014740109,352.54266873545384,39.56926727294922,-31.720582962036133,7.32584629828472,0.8078833754601582,39.616828054314354,-32.80990394772335,-0.047560781365135085,1.0893209856872161,1.0903587656283735
440,14.675713156671316,8.175713156671316,969.7075887075886,352.67650867650866,40.62469482421875,-31.759172439575195,7.320160735691122,0.8201453917207416,40.651200285783744,-32.7713751796988,-0.026505461564994448,1.0122027401236053,1.0125497156221557
441,14.709067050209207,8.209067050209207,971.5099987262769,352.49000127372307,40.94965744018555,-31.729745864868164,7.381051021774383,0.8078376164498684,40.97671026072804,-32.762851401024925,-0.027052820542493805,1.0331055361567607,1.0334596769768294
442,14.742420943747096,8.242420943747096,978.3658879101237,352.60296182816285,42.183502197265625,-31.7669677734375,7.372584892792338,0.8059854858810113,42.19198196164991,-32.7386525276461,-0.008479764384283328,0.9716847542086029,0.9717217543954885
443,14.775774837284985,8.275774837284985,983.0196900406504,352.8579776422764,43.0205192565918,-31.824567794799805,7.390915915370575,0.7814163890506123,43.0205192565918,-32.73274976153051,0.0,0.9081819667307087,0.9081819667307087
444,14.809128730822874,8.309128730822874,989.2616337885685,353.1263277693475,44.143310546875,-31.888463973999023,7.407796597996723,0.7724786190639316,44.13590255828153,-32.737335387097275,0.0074079885934708045,0.8488714130982515,0.8489037367513605
445,14.842482624360763,8.342482624360763,995.9959115880923,353.33754950811294,45.354793548583984,-31.943195343017578,7.369760688554333,0.7795516776201757,45.33344574845526,-32.75843493931441,0.021347800128722838,0.8152395962968342,0.8155190543087029
446,14.875836517898653,8.375836517898653,997.4291554874153,353.4336271879392,45.61248016357422,-31.964111328125,7.369760688554333,0.7795516750568106,45.59150311721115,-32.765192409333004,0.02097704636307185,0.8010810812080038,0.8013556857872183
447,14.909190411436542,8.409190411436542,1004.9250253292806,353.67629179331306,46.96085739135742,-32.026397705078125,7.4021739811729566,0.7837987573769134,46.926525739011225,-32.81272182130562,0.034331652346196506,0.7863241162274974,0.787073235546588
448,14.942544304974431,8.442544304974431,1010.9027088897367,354.08660816482256,48.035457611083984,-32.11537170410156,7.386689717036624,0.8090723715145053,48.35511796727488,-32.710288557683384,-0.3196603561908944,0.5949168535818217,0.6753582797269788
449,14.97589819851232,8.47589819851232,1014.6876030960536,354.75624920695344,48.71467971801758,-32.24601364135742,7.395139698503435,0.8284218486052009,48.686364284086984,-32.67802368041219,0.02831543393059377,0.43201003905476654,0.4329369903840266
450,15.00925209205021,8.50925209205021,1018.7820414428243,355.2592734714761,49.45002365112305,-32.347190856933594,7.365522351758726,0.7978765730772281,49.42170402070632,-32.72827751246472,0.028319630416724806,0.38108665553112786,0.38213746282043637
451,15.0426059855881,8.5426059855881,1022.7232268821341,355.43811722457355,50.15867614746094,-32.38922119140625,7.355623402011282,0.8022812247432969,50.12601006798511,-32.782345120609214,0.032666079475824006,0.39312392920296446,0.39447876553789085
452,15.075959879125989,8.575959879125989,1028.4270516717324,355.92084599797363,51.183570861816406,-32.49063491821289,7.4021739811729566,0.7965970637848664,51.21344042416001,-32.769453715112796,-0.02986956234360605,0.2788187968999054,0.2804141798470778
453,15.109313772663878,8.609313772663878,1035.0685938886775,355.58640801318626,52.379486083984375,-32.44619369506836,7.397954214189923,0.7855275420060936,52.34618362181281,-32.76304545739148,0.0333024621715623,0.3168517623231182,0.3185970704101877
454,15.142667666201767,8.642667666201767,1044.866488821138,355.29471544715443,54.1430549621582,-32.417198181152344,7.390915915370575,0.7904064761367907,54.10169926016119,-32.74228055987096,0.04135570199701277,0.3250823787186192,0.3277023757024375
455,15.176021559739656,8.676021559739656,1051.0051282051281,355.3480769230769,55.247230529785156,-32.44183349609375,7.357038353145271,0.8092214581233668,55.264573835258176,-32.7340875389174,-0.017343305473019655,0.2922540428236502,0.29276819463783704
456,15.209375453277547,8.709375453277547,1050.950650689344,355.38513078211565,55.237327575683594,-32.44841766357422,7.338622708860447,0.7985769662746349,55.25431627847673,-32.734696255700065,-0.016988702793135246,0.2862785921258464,0.2867822315488709
457,15.242729346815436,8.742729346815436,1057.2658653224764,355.2278660979708,56.37382888793945,-32.435302734375,7.3272669996067705,0.8189061289679631,56.38766072809039,-32.8240842368568,-0.013831840150935193,0.3887815024817982,0.3890274752173238
458,15.276083240353325,8.776083240353325,1063.9024705730176,355.5568490492821,57.56663513183594,-32.511104583740234,7.324425321392623,0.7954900793241539,57.572245875845795,-32.78361630442437,-0.0056107440098571715,0.2725117206841361,0.2725694743704305
459,15.309437133891214,8.809437133891214,1071.493817718292,355.7848311026131,58.93138885498047,-32.5709228515625,7.378230058162168,0.7813444347541432,58.932453499706384,-32.76042640735819,-0.0010646447259148317,0.18950355579568878,0.1895065463977489
460,15.342791027429104,8.842791027429104,1079.590425531915,356.6799645390071,60.384891510009766,-32.75288391113281,7.4021739811729566,0.7875151649790608,60.38481050107762,-32.761555196373195,8.100893214901816e-05,0.008671285240382076,0.008671663633188038
461,15.376144920966993,8.876144920966993,1081.5734301362884,356.7167239842058,60.74142074584961,-32.76437759399414,7.381051021774383,0.7856558548277375,60.741415989879435,-32.764886678275346,4.755970174130653e-06,0.0005090842812052188,0.0005091064963468169
462,15.409498814504882,8.909498814504882,1085.9048340275149,356.6140350877193,61.520687103271484,-32.75631332397461,7.414818873341696,0.7801736310653399,61.520083779427274,-32.78114285383658,0.0006033238442100242,0.02482952986196807,0.02483685875523224
463,15.442852708042771,8.942852708042771,1092.9685485949985,356.9981954111884,62.78978729248047,-32.843135833740234,7.337204206342343,0.8183034071068533,62.81306114162664,-32.74232571766185,-0.0232738491461717,-0.10081011607838519,0.10346183623837465
464,15.47620660158066,8.97620660158066,1098.345627376426,357.31787072243344,63.755714416503906,-32.914161682128906,7.399361070571223,0.8322265881862598,63.7669424346835,-32.72841933278874,-0.011228018179593846,-0.18574234934016687,0.18608140350568586
465,15.509560495118551,9.009560495118551,1102.4454120913795,357.09466111321467,64.49363708496094,-32.88369369506836,7.414818873341696,0.871562723946187,64.50034338625822,-32.77275299846307,-0.006706301297285222,-0.11094069660529016,0.11114320780127325
466,15.54291438865644,9.04291438865644,1105.601217656012,357.3704972095383,65.06021118164062,-32.94135665893555,7.3965470902182435,0.8455962309418324,65.01006552565617,-32.74390766619786,0.05014565598445131,-0.19744899273768368,0.2037171852034992
467,15.576268282194329,9.076268282194329,1110.842319949012,357.8025493945188,66.00120544433594,-33.03240966796875,7.378230058162168,0.8246376618811027,65.98486753061844,-32.879948216558205,0.016337913717492825,-0.15246145141054512,0.15333434576392288
468,15.609622175732218,9.109622175732218,1114.9454705364994,357.91895966830003,66.73856353759766,-33.0634880065918,7.431645261560726,0.813407465147619,66.66150469812915,-32.72293693813202,0.07705883946850633,-0.34055106845977434,0.34916055757964265
469,15.642976069270107,9.142976069270107,1120.6306882286574,358.0003760812335,67.76045989990234,-33.092079162597656,7.440044185237402,0.7892004065229965,67.79235749400156,-32.78216199859054,-0.03189759409922033,-0.30991716400711766,0.31155433724397624
470,15.676329962807998,9.176329962807998,1124.4789693065554,357.7893141341417,68.45298767089844,-33.063201904296875,7.412010761567691,0.8052500253294941,68.4948046815569,-32.72663219252048,-0.04181701065846255,-0.3365697117763915,0.3391575345848198
471,15.709683856345887,9.209683856345887,1129.7162513945705,358.1383413908516,69.39339447021484,-33.13918685913086,7.481897379763993,0.7981045103950124,69.43021255195657,-32.84285168440543,-0.03681808174172829,-0.2963351747254279,0.2986136415549204
472,15.743037749883776,9.243037749883776,1135.2328162441668,359.41013999243285,70.38091278076172,-33.38302993774414,7.417625922040904,0.8103414739484196,70.27788174386441,-32.75039564651854,0.1030310368973062,-0.6326342912255996,0.6409692200087699
473,15.776391643421665,9.276391643421665,1138.4018350930114,359.4614127702363,70.95040130615234,-33.4000358581543,7.430244517930989,0.847422599892182,71.06419925876543,-32.68070959463706,-0.11379795261308345,-0.7193262635172388,0.7282720970932511
474,15.809745536959554,9.309745536959554,1142.7449198535908,359.4634608102991,71.7310562133789,-33.41096878051758,7.414818873341696,0.8328367333349439,71.82748075281076,-32.80146129757795,-0.09642453943185103,-0.6095074829396268,0.6170875655561728
475,15.843099430497444,9.343099430497444,1148.0864567716142,359.69002998500747,72.69042205810547,-33.465003967285156,7.452624823187814,0.8247423184527337,72.60838067329156,-32.77183980689263,0.08204138481390544,-0.6931641603925272,0.6980023940323274
476,15.876453324035333,9.376453324035333,1152.1035429141716,359.9887724550898,73.41143798828125,-33.528892517089844,7.4582094060795265,0.839723149727948,73.31967999016844,-32.69105621719931,0.09175799811281138,-0.8378362998905331,0.8428458907961348
477,15.909807217573222,9.409807217573222,1157.7403115264797,360.23613707165106,74.4237060546875,-33.58740997314453,7.462395100585104,0.8201526457858578,74.5441422590522,-32.911964667476596,-0.12043620436469382,-0.6754453056679353,0.6860985645449382
478,15.943161111111111,9.443161111111111,1163.1965940395692,360.90934134735784,75.40201568603516,-33.722618103027344,7.444240093561486,0.8189406463394164,75.33711090335925,-32.849218761511175,0.06490478267591016,-0.8733993415161692,0.8758076504433407
479,15.976515004649002,9.476515004649002,1167.5439193446755,361.2836798991808,76.18201446533203,-33.800994873046875,7.420431908871756,0.820422688964995,76.12513456960902,-32.79930812323678,0.05687989572301433,-1.0016867498100979,1.0033003873629167
480,16.00986889818689,9.509868898186891,1172.6511168702948,361.9564358879427,77.09748077392578,-33.93525314331055,7.49857324899431,0.8186221543197532,77.05116016396681,-32.756314894301525,0.04632060995896836,-1.1789382490090219,1.1798478689574472
481,16.04322279172478,9.54322279172478,1177.3762873649837,361.8216528510424,77.94702911376953,-33.922325134277344,7.433045741222939,0.8340663321025351,77.92104908027481,-32.73167705572323,0.02598003349471867,-1.190648078554112,1.1909314879979394
482,16.07657668526267,9.576576685262669,1159.6498493975903,354.0608684738956,74.7877197265625,-32.473270416259766,7.435845909241358,0.8170947969271452,74.8222521852736,-32.88885551466725,-0.034532458711098,0.41558509840748314,0.4170173434318903
483,16.109930578800558,9.609930578800558,1155.0965930363159,350.9938849369774,73.97956085205078,-31.90640640258789,7.456813652458981,0.8324967706752558,73.8024583720422,-32.6420138093701,0.17710248000858542,0.7356074067822078,0.7566264238962553
484,16.143284472338447,9.643284472338447,1145.256109851348,345.8362307886117,72.22765350341797,-30.947582244873047,7.421834504462938,0.804662453321913,72.46197706829861,-32.789515960971734,-0.23432356488063988,1.841933716098687,1.8567787556840178
485,16.176638365876336,9.676638365876336,1147.22875569044,344.43942842690944,72.58697509765625,-30.69919204711914,7.407796597996723,0.8016213996365672,72.82919582174836,-32.74570461179393,-0.24222072409210682,2.046512564674792,2.060797068260604
486,16.20999225941423,9.709992259414228,1142.9771392081736,342.933588761175,71.82750701904297,-30.41581153869629,7.371172925932163,0.8029433057153045,71.45930983287569,-32.74321638282199,0.36819718616727926,2.3274048441257023,2.3563493960703887
487,16.243346152952117,9.743346152952117,1135.6893252769385,342.40344914400805,70.5187759399414,-30.301876068115234,7.424638900748345,0.8052706611216862,70.88109411804297,-32.65589507037038,-0.3623181781015603,2.354019002255143,2.3817388448696746
488,16.276700046490006,9.776700046490006,1131.4545921644187,341.84624277456646,69.75907135009766,-30.190494537353516,7.349960873533824,0.8010464723693785,69.59514123972824,-27.689404370184445,0.16393011036942085,-2.501090167169071,2.506456683327191
489,16.310053940027895,9.810053940027895,1123.2258105369806,341.1941489361702,68.28133392333984,-30.052127838134766,7.4021739811729566,0.8058369700054898,68.05634818750111,-27.817792522996946,0.22498573583872883,-2.2343353151378196,2.245634182542409
490,16.343407833565784,9.843407833565784,1119.3998465080583,340.8733691481197,67.59428405761719,-29.984601974487305,7.365522351758726,0.7797357624196365,67.7541231129104,-27.848224987781897,-0.15983905529321873,-2.1363769867054074,2.1423480466351648
491,16.376761727103673,9.876761727103673,1114.9583174482145,340.6534502478078,66.79615020751953,-29.93385124206543,7.389507451152856,0.7785154818765777,67.0800824728147,-27.760179545524924,-0.2839322652951637,-2.173671696540506,2.192137353273495
492,16.410115620641562,9.910115620641562,1110.7296647691335,340.287413029728,66.0367202758789,-29.857128143310547,7.406391343958091,0.7910596793591288,65.75556880489981,-27.791266202070126,0.281151470979097,-2.0658619412404207,2.084905683693953
493,16.44346951417945,9.943469514179451,1107.4666412988329,340.57648401826486,65.44889831542969,-29.901561737060547,7.3965470902182435,0.7991885577560315,65.23819899686914,-27.865519900213222,0.21069931856054325,-2.0360418368473248,2.0469148893479927
494,16.47682340771734,9.97682340771734,1102.3099763945831,340.2497204621692,64.5223617553711,-29.82968521118164,7.473545491713582,0.8000931694535027,65.0072287454531,-27.81006884886883,-0.4848669900820113,-2.01961636231281,2.077004152377365
495,16.51017730125523,10.01017730125523,1098.3596127247579,340.4768012070917,63.81105422973633,-29.861196517944336,7.42884351018441,0.7868259788237922,63.592145840926506,-27.82099921863007,0.21890838880982244,-2.040197299314265,2.0519078689893786
496,16.543531194793122,10.043531194793122,1095.82270841192,340.62969948447125,63.35422897338867,-29.882715225219727,7.42884351018441,0.777941934839415,63.51224493702873,-27.81489346109132,-0.15801596364006087,-2.067821764128407,2.0738504991846
497,16.57688508833101,10.07688508833101,1093.3332077367495,340.8166289876915,62.90581512451172,-29.910520553588867,7.433045741222939,0.8070952938677729,63.068546852874626,-27.780987550268097,-0.16273172836290684,-2.12953300332077,2.135741657515805
498,16.6102389818689,10.1102389818689,1085.5127528583992,340.18306319889433,61.50088882446289,-29.776479721069336,7.431645261560726,0.8189503998630113,61.90226599068722,-27.803647920390286,-0.4013771662243286,-1.9728318006790495,2.0132483560993695
499,16.64359287540679,10.143592875406789,1077.967420467612,339.3413823942762,60.14599609375,-29.605348587036133,7.369760688554333,0.7549569697871646,60.31216606777441,-27.842350116693886,-0.16616997402441314,-1.7629984703422465,1.7708122618438058
500,16.676946768944678,10.176946768944678,1071.9899987340168,339.12571211545765,59.07118606567383,-29.551591873168945,7.40358003569816,0.7778103637239834,59.10295733227998,-27.800497845504516,-0.031771266606149595,-1.7510940276644291,1.7513822275859119
501,16.710300662482567,10.210300662482567,1069.4356261022926,338.98626858150664,58.61201095581055,-29.52004623413086,7.421834504462938,0.810123336867221,58.64624560891657,-27.791452707260184,-0.0342346531060258,-1.7285935268706751,1.7289325008838514
502,16.743654556020456,10.243654556020456,1063.7946360153258,338.71519795657724,57.59781265258789,-29.457061767578125,7.371172925932163,0.8029433057153045,57.864741438210004,-27.771739743046084,-0.2669287856221132,-1.6853220245320415,1.7063297755611238
503,16.777008449558345,10.277008449558345,1058.7417965285695,338.2630178639301,56.68993377685547,-29.362661361694336,7.400767659514749,0.8200295796797326,56.67432334011977,-27.77069832258643,0.01561043673569884,-1.591963039107906,1.5920395735096409
504,16.810362343096234,10.310362343096234,1051.4599670092628,337.7742672249714,55.380977630615234,-29.256155014038086,7.395139698503435,0.7977684379745573,55.3447733257193,-27.78582528632582,0.03620430489593218,-1.470329727712265,1.47077539409912
505,16.843716236634126,10.343716236634126,1044.7662687716595,337.6083943011167,54.176822662353516,-29.20966148376465,7.35279268287547,0.7886580256642274,54.28452043163891,-27.811932164477433,-0.10769776928539443,-1.3977293192872153,1.4018723406587892
506,16.877070130172015,10.377070130172015,1040.7224990417785,337.5143733231123,53.449337005615234,-29.182693481445312,7.369760688554333,0.7923021905883594,53.620874035086594,-27.73338443724198,-0.1715370294713594,-1.449309044203332,1.459425112189534
507,16.910424023709904,10.410424023709904,1035.2058596761758,337.4088923156001,52.45673370361328,-29.15003776550293,7.348544559641971,0.7688456229634134,52.39033083115349,-27.772415798616784,0.06640287245978982,-1.3776219668861458,1.3792213836502696
508,16.943777917247793,10.443777917247793,1032.258416859419,337.21395528141863,51.92680358886719,-29.107444763183594,7.348544559641971,0.7904113811614466,52.05719763591351,-27.75325080772158,-0.13039404704632318,-1.3541939554620122,1.360457230682012
509,16.977131810785682,10.477131810785682,1025.3982700748772,336.5857216627937,50.693809509277344,-28.976646423339844,7.331527451754501,0.7905285103495071,50.78943791511617,-27.82579467589942,-0.09562840583882348,-1.1508517474404236,1.154817966863155
510,17.01048570432357,10.510485704323571,1022.4213547646383,336.12055109070036,50.15925979614258,-28.884944915771484,7.375408015581155,0.7719021966324886,50.24130094561447,-27.780947907049416,-0.08204114947189112,-1.103997008722068,1.1070411670186178
511,17.04383959786146,10.54383959786146,1018.7576333460026,336.6442417331813,49.49827194213867,-28.970983505249023,7.400767659514749,0.8028089477536415,49.38094842242845,-27.743271215340926,0.1173235197102187,-1.2277122899080979,1.2333054265138783
512,17.07719349139935,10.577193491399349,1012.465145754119,335.86603295310516,48.367706298828125,-28.81434440612793,7.399361070571223,0.8225268026067901,48.3457163327884,-27.8422008045223,0.021989966039726028,-0.9721436016056302,0.9723922771953686
513,17.110547384937238,10.610547384937238,1008.9906266050333,335.63893168977916,47.742828369140625,-28.764617919921875,7.351376914559107,0.8079764993223445,47.7926891325959,-27.813217877077097,-0.049860763455278345,-0.951400042844778,0.9527056928859975
514,17.143901278475127,10.643901278475127,1002.4353195823784,335.4144385026738,46.56327438354492,-28.707796096801758,7.382461099353734,0.7885991455571969,46.596353909924,-27.760522400931656,-0.033079526379076185,-0.947273695870102,0.9478511011508435
515,17.17725517201302,10.67725517201302,997.1845102505695,334.9190078461149,45.6192626953125,-28.605010986328125,7.40498582324253,0.7718925199599378,45.642169383989454,-27.730239838158553,-0.022906688676954445,-0.8747711481695717,0.875071013150392
516,17.21060906555091,10.710609065550909,993.127062082861,334.51681148469964,44.88981246948242,-28.522066116333008,7.423236835038413,0.7326317376821725,44.903925511077276,-27.713530504870995,-0.014113041594853826,-0.8085356114620126,0.8086587741101364
517,17.243962959088798,10.743962959088798,989.1529888551164,334.6205673758865,44.17396545410156,-28.531143188476562,7.4021739811729566,0.7837987560904008,44.18119267751469,-27.702985413384123,-0.0072272234131247615,-0.8281577750924392,0.8281893100036503
518,17.277316852626686,10.777316852626686,980.1931487801794,334.3859183415497,42.561214447021484,-28.466567993164062,7.4092015855101625,0.7826707290676661,42.55453119699199,-27.700743393805713,0.006683250029496435,-0.7658245993583499,0.7658537607228509
519,17.310670746164575,10.810670746164575,975.8475462077755,334.3108986615679,41.77885818481445,-28.44228744506836,7.378230058162168,0.8111173249359811,41.76607943314762,-27.710193252386777,0.012778751666836285,-0.7320941926815827,0.7322057111579102
520,17.344024639702464,10.844024639702464,969.5957339391643,334.4595481509529,40.65260696411133,-28.453914642333984,7.414818873341696,0.8058602957289168,40.63379596618752,-27.735551613784203,0.018810997923807804,-0.7183630285497813,0.7186092780016853
521,17.377378533240353,10.877378533240353,964.7350917431193,334.2689857288481,39.77773666381836,-28.407398223876953,7.3796406747620305,0.7879967015957324,39.7553023259911,-27.764962843620868,0.022434337827256456,-0.6424353802560852,0.6428269730794813
522,17.410732426778242,10.910732426778242,959.5373484552209,334.18328770694825,38.841835021972656,-28.37908363342285,7.295947665654396,0.8079737787931282,38.81183398441421,-27.806629734996488,0.030001037558449184,-0.5724538984263638,0.5732395032428638
523,17.44408632031613,10.944086320316131,955.8401229823213,334.5388162951576,38.17502212524414,-28.434537887573242,7.359867439330648,0.7800684259196224,38.143949249110726,-27.841632090790792,0.031072876133414695,-0.5929057967824498,0.5937194686798086
524,17.477440213854024,10.977440213854024,946.4570302568013,334.76913297737093,36.4843864440918,-28.453306198120117,7.38809871842608,0.7808207972906653,36.43334015636069,-27.766395430483954,0.0510462877311042,-0.6869107676361637,0.6888048534858261
525,17.510794107391913,11.010794107391913,938.7337150127225,335.28206106870226,35.091915130615234,-28.52745246887207,7.385280446830717,0.8021629385967883,35.34487592763407,-27.841772225040707,-0.25296079701883656,-0.6856802438313636,0.7308533105959385
526,17.544148000929802,11.044148000929802,933.8122664605075,335.4857621440536,34.20488739013672,-28.55234146118164,7.338622708860447,0.8118558481911198,34.1239618798703,-27.78238666286299,0.08092551026641814,-0.7699547983186505,0.7741959245990604
527,17.57750189446769,11.07750189446769,928.2168750789439,335.6151319944423,33.19660949707031,-28.56209373474121,7.412010761567691,0.7922605276615969,33.39288642578643,-27.85922578938598,-0.19627692871611657,-0.70286794535523,0.7297588515078897
528,17.61085578800558,11.11085578800558,923.0805662805662,336.0693693693693,32.270198822021484,-28.63193702697754,7.342876572250531,0.7891925509669031,32.19429344581316,-27.811932164477447,0.07590537620832549,-0.8200048625000917,0.8235105346388241
529,17.64420968154347,11.144209681543469,924.0817245817245,334.5065637065637,32.45440673828125,-28.3507080078125,7.342876572250531,0.7838854046203527,32.387925901400926,-27.78901425309504,0.06648083688032358,-0.5616937547174601,0.5656143348262193
530,17.677563575081358,11.177563575081358,917.3934063070105,334.30727130570756,31.24993324279785,-28.29810905456543,7.297374187843344,0.7831804568437346,31.178812265315937,-27.75789159735625,0.0711209774819146,-0.5402174572091809,0.5448789723521511
531,17.710917468619247,11.210917468619247,910.3695680206317,334.96234687298517,29.98287010192871,-28.399776458740234,7.335785429531952,0.7687381644235424,29.88952989840259,-27.75602028100916,0.09334020352612171,-0.6437561777310741,0.6504878246064411
532,17.744271362157136,11.244271362157136,905.670954723168,334.5420607895069,29.13730239868164,-28.311941146850586,7.417625922040904,0.7844515511245882,29.070991358951193,-27.881111403770568,0.06631103973044716,-0.4308297430800181,0.43590299553057366
533,17.77762525569503,11.277625255695028,902.6889238020424,334.17648599109714,28.60085678100586,-28.238248825073242,7.280237473337565,0.8072737141201105,28.583509928249157,-27.776580369244606,0.017346852756702447,-0.4616684558286366,0.4619942385006121
534,17.810979149232917,11.310979149232917,897.8176394293124,333.9760051880674,27.72357749938965,-28.18988800048828,7.314470753692031,0.8092940702021413,27.64861456933884,-27.753629445032583,0.074962930050809,-0.4362585554556979,0.44265219765646113
535,17.844333042770806,11.344333042770806,889.7143761073146,334.91521133890154,26.261186599731445,-28.34050178527832,7.40498582324253,0.8198035821321478,26.168786190657435,-27.841953791205388,0.09240040907400981,-0.4985479940729327,0.507038398931668
536,17.877686936308695,11.377686936308695,884.1029596187609,335.0939302733885,25.24957275390625,-28.35916519165039,7.438645023177971,0.7915414476704918,25.15096553535212,-27.863433227604574,0.0986072185541289,-0.49573196404581665,0.5054439273823602
537,17.911040829846584,11.411040829846584,880.3369106937524,334.2626804650568,24.572792053222656,-28.19899559020996,7.369760688554333,0.7707205616999135,24.52898184203358,-27.813325341565353,0.04381021118907569,-0.3856702486446082,0.38815058327152535
538,17.944394723384473,11.444394723384473,879.2715215215214,333.2052052052052,24.383211135864258,-28.004369735717773,7.447036052380657,0.7806840065198459,24.425313965258322,-27.792704518774762,-0.0421028293940644,-0.2116652169430111,0.21581198369533988
539,17.977748616922362,11.477748616922362,874.657196969697,333.3368686868687,23.551292419433594,-28.01694107055664,7.413414950414535,0.7952260278205516,23.516172281044188,-27.855187520578507,0.03512013838940575,-0.1617535499781333,0.16552230982867377
540,18.01110251046025,11.511102510460251,870.2482133741704,333.2483409903012,22.75684928894043,-27.99003028869629,7.373996589290252,0.7741807120973153,22.78878425914118,-27.804179709498587,-0.03193497020075142,-0.18585057919770165,0.18857433576667865
541,18.04445640399814,11.54445640399814,866.5110177047509,333.7205451534836,22.08220863342285,-28.06658935546875,7.381051021774383,0.7694586775034078,22.030602329124978,-27.84742521701685,0.051606304297873606,-0.21916413845190164,0.22515801168656877
542,18.07781029753603,11.577810297536029,860.4257197696737,334.0985284708893,20.984533309936523,-28.120271682739258,7.364109030753341,0.7695389292872686,20.901334550738827,-27.780266417075083,0.08319875919769615,-0.34000526566417477,0.35003658981798214
543,18.11116419107392,11.611164191073922,859.4404071640251,332.8465403942791,20.809703826904297,-27.890501022338867,7.338622708860447,0.7818862398011652,20.80879937210565,-27.80290963123054,0.0009044547986469809,-0.08759139110832592,0.08759606061219027
544,18.14451808461181,11.64451808461181,855.7736327877171,332.20301992132977,20.150156021118164,-27.764631271362305,7.395139698503435,0.7760379132179659,20.156334148038443,-27.71606722581871,-0.00617812692027897,-0.04856404554359628,0.04895544680424814
545,18.1778719781497,11.6778719781497,847.8447924624395,333.14909600203714,18.71881103515625,-27.916946411132812,7.382461099353734,0.801550600475722,18.726317740857663,-27.848403170667705,-0.007506705701413097,-0.0685432404651074,0.06895307421678286
546,18.21122587168759,11.711225871687589,841.6085743277523,333.4309994926433,17.593994140625,-27.952808380126953,7.3965470902182435,0.8046122910810535,17.564032807140936,-27.848320792977884,0.0299613334840636,-0.10448758714906958,0.10869837796571613
547,18.244579765225478,11.744579765225478,834.4361757105942,334.631007751938,16.29840850830078,-28.15310287475586,7.328687425519039,0.8085101274969776,16.32670075815746,-27.654860544253967,-0.028292249856679774,-0.49824233050189193,0.49904495920298536
548,18.277933658763367,11.777933658763367,829.660150760189,334.8532004599463,15.436905860900879,-28.181718826293945,7.369760688554333,0.7795516763384931,15.459240472910125,-27.61326499121326,-0.022334612009245802,-0.5684538350806854,0.5688924305275493
549,18.311287552301255,11.811287552301255,828.3632585203657,332.9302933143332,15.207111358642578,-27.829317092895508,7.644297004865003,0.7942892244131925,15.21399893398928,-27.60388493543714,-0.00688757534670259,-0.22543215745836775,0.22553735014513854
550,18.344641445839144,11.844641445839144,819.5695817490495,336.5361216730038,13.614176750183105,-28.462543487548828,7.399361070571223,0.7959917442327973,13.618050101411596,-27.574842409266342,-0.003873351228490307,-0.8877010782824861,0.8877095286373959
551,18.377995339377033,11.877995339377033,814.016885795308,339.8476411446249,12.606307029724121,-29.050228118896484,7.337204206342343,0.7826747707908233,12.337931990090201,-27.82939583888819,0.26837503963391995,-1.2208322800082954,1.249982647003054
552,18.411349232914926,11.911349232914926,808.9489206827308,342.89131526104416,11.686455726623535,-29.59041404724121,7.435845909241358,0.813185024775981,11.63355082831107,-27.85882277363323,0.05290489831246603,-1.7315912736079824,1.7323992805068833
553,18.444703126452815,11.944703126452815,805.3146369573569,345.09975669099754,11.026827812194824,-29.982439041137695,7.361281574695669,0.8404683244618071,10.926079376879104,-27.884974734851717,0.10074843531572064,-2.0974643062859784,2.099882559421428
554,18.478057019990704,11.978057019990704,801.2025894897182,347.66641279512567,10.280400276184082,-30.438289642333984,7.393732038892606,0.8550608418994833,11.111610952085552,-32.63223271832961,-0.8312106759014704,2.1939430759956267,2.346123911570259
555,18.511410913528593,12.011410913528593,796.2565679866717,351.0738177623991,9.382046699523926,-31.04466438293457,7.35845303219943,0.8541088195360732,9.32185931614201,-32.752158221109084,0.06018738338191554,1.7074938381745142,1.7085542802387916
556,18.544764807066482,12.044764807066482,792.4512148091014,353.63491451343356,8.691052436828613,-31.500173568725586,7.347127972725746,0.8372394795733638,8.664130292858603,-32.73399795909531,0.026922143970010026,1.2338243903697261,1.2341180770522602
557,18.57811870060437,12.07811870060437,787.8934971838197,357.47145417306706,7.862026691436768,-32.18524932861328,7.362695438451086,0.8437237869686385,7.859680586719635,-32.72293351068379,0.002346104717132924,0.5376841820705067,0.5376893004851162
558,18.61147259414226,12.11147259414226,804.7672181608311,352.3233294856996,10.913721084594727,-31.29224395751953,7.355623402011282,0.8786772760798612,11.37189156660492,-32.533621214737835,-0.4581704820101926,1.2413772572183035,1.323230019809213
559,18.64482648768015,12.144826487680149,815.1180502665651,350.37382584412285,12.783394813537598,-30.9637451171875,7.393732038892606,0.8408182101569395,12.629578533464617,-32.63771560946103,0.15381628007298076,1.6739704922735328,1.6810225034240271
560,18.678180381218038,12.178180381218038,819.82656641604,350.82092731829573,13.631153106689453,-31.056398391723633,7.441443084222263,0.8183253627455553,13.544228567794,-32.73323094389967,0.08692453889545249,1.6768325521760374,1.6790840608794397
561,18.711534274755927,12.211534274755927,823.9085980837115,351.2914775592536,14.365907669067383,-31.151771545410156,7.419029048114562,0.8229159723452538,14.155319077081401,-32.80713313058539,0.21058859198598157,1.6553615851752355,1.6687029492238896
562,18.74488816829382,12.24488816829382,828.971268751589,351.3039664378337,15.278315544128418,-31.166414260864258,7.38809871842608,0.8354394811164862,15.584414280214009,-32.653847161251505,-0.3060987360855911,1.4874329003872475,1.5186023407685159
563,18.77824206183171,12.278242061831708,834.8441591137964,351.1160624370594,16.337129592895508,-31.146671295166016,7.424638900748345,0.7938590309910971,16.07917589732466,-32.73056638426564,0.2579536955708477,1.5838950890996273,1.6047628367869733
564,18.811595955369597,12.311595955369597,838.9740796393689,351.4738292011019,17.08062744140625,-31.22168731689453,7.444240093561486,0.8382649085128794,17.522421227549682,-32.66672967913168,-0.4417937861434318,1.445042362237146,1.5110688859661094
565,18.844949848907486,12.344949848907486,845.7026143790848,349.964303670186,18.296398162841797,-30.964210510253906,7.430244517930989,0.8254058845157386,17.966187054864214,-32.70348251673536,0.3302111079775827,1.7392720064814569,1.7703407831154474
566,18.878303742445375,12.378303742445375,848.2579830872144,351.0735832386722,18.75448226928711,-31.1717529296875,7.414818873341696,0.8097282757085796,18.43153573277579,-32.79531480653605,0.32294653651132066,1.623561876848548,1.6553693344388851
567,18.911657635983264,12.411657635983264,850.1645997745209,351.80508580734056,19.09645652770996,-31.309146881103516,7.442841720280892,0.8214199072881543,19.495860704599597,-32.72532726873533,-0.3994041768896359,1.4161803876318118,1.4714246792921057
568,18.945011529521153,12.445011529521153,857.5703422053232,351.5614702154626,20.431400299072266,-31.283039093017578,7.399361070571223,0.8185586246733474,20.078417339961483,-32.78210412342916,0.3529829591107827,1.499065030411579,1.540062639903154
569,18.978365423059042,12.478365423059042,861.0822825117818,351.8889313463253,21.063461303710938,-31.351041793823242,7.381051021774383,0.7985370656639962,21.235583715584475,-32.68469139229809,-0.17212241187353783,1.3336495984748495,1.344710889441032
570,19.01171931659693,12.511719316596931,861.8901239299859,352.71866615561515,21.207178115844727,-31.503555297851562,7.369760688554333,0.8187599194045666,21.235583715584475,-32.68469139229809,-0.028405599739748766,1.1811360944465292,1.1814776137113117
571,19.045073210134824,12.545073210134824,869.8705414421349,351.2632794457275,22.64824867248535,-31.25899314880371,7.354208178640413,0.8008438073310322,22.82181536185587,-32.721773286119074,-0.17356668937051722,1.462780137315363,1.4730414541971975
572,19.078427103672713,12.578427103672713,876.9936628643852,350.63282636248414,23.9329891204834,-31.162010192871094,7.399361070571223,0.7743453790424204,23.983643855979274,-32.66893476977704,-0.050654735495875514,1.506924576905945,1.507775707030498
573,19.1117809972106,12.611780997210602,880.9285625078055,351.4140127388535,24.640098571777344,-31.31336212158203,7.454021361160008,0.8105230165524765,24.211480013636674,-32.73750567015119,0.42861855814066985,1.4241435485691554,1.4872453446939187
574,19.14513489074849,12.64513489074849,884.4909203980098,352.8512437810945,25.278526306152344,-31.582815170288086,7.4693660456834605,0.7801928546926696,25.531395764141553,-32.77247243611175,-0.2528694579892097,1.1896572658236622,1.2162349168276614
575,19.17848878428638,12.67848878428638,889.7744877561219,352.69815092453774,26.230640411376953,-31.567941665649414,7.452624823187814,0.7982866529387179,26.301688309455272,-32.61550101560785,-0.07104789807831935,1.0475593499584335,1.049965902068578
576,19.21184267782427,12.711842677824269,894.1536438767844,351.88868019033305,27.02134895324707,-31.431787490844727,7.444240093561486,0.8018529113857229,26.586691650729485,-32.71224661359367,0.4346573025175857,1.280459122748944,1.3522213338292142
577,19.245196571362158,12.745196571362158,901.5768651092691,350.97852298417484,28.360607147216797,-31.284805297851562,7.433045741222939,0.8125726880072769,28.59840867386547,-32.63344477261145,-0.23780152664867416,1.348639474759885,1.3694444125108032
578,19.278550464900047,12.778550464900047,905.5151061173532,352.03283395755307,29.067441940307617,-31.485692977905273,7.4554176375347465,0.7861224950734839,28.630511078794743,-32.63895227316793,0.43693086151287375,1.1532592952626572,1.2332540613564194
579,19.311904358437936,12.811904358437936,909.6736974262398,352.6752040175769,29.81490707397461,-31.612375259399414,7.434445957066805,0.784309348912714,29.760557261052707,-32.66505521856918,0.05434981292190244,1.0526799591697653,1.0540820644533824
580,19.345258251975824,12.845258251975824,914.7409240924092,352.74854023863924,30.72733497619629,-31.638050079345703,7.393732038892606,0.7659539373391523,30.88883711074173,-32.71868609441118,-0.16150213454544016,1.0806360150654797,1.0926376968233034
581,19.378612145513717,12.878612145513717,919.6783756851021,352.78998505231687,31.616443634033203,-31.657623291015625,7.4637898104562845,0.7842006011438092,31.774820580976254,-32.82135508982175,-0.1583769469430507,1.1637317988061255,1.1744594317708648
582,19.411966039051606,12.911966039051606,927.486740261388,351.83060525314045,33.02497482299805,-31.502668380737305,7.395139698503435,0.7977684379745573,32.79316532623312,-32.68935222459028,0.23180949676492446,1.1866838438529754,1.2091129757190104
583,19.445319932589495,12.945319932589495,935.2917788893163,351.28741823778375,34.43183898925781,-31.423202514648438,7.355623402011282,0.8116801189955124,34.56785428073031,-32.717301569065036,-0.13601529147249636,1.2940990544165984,1.3012273137912078
584,19.478673826127384,12.978673826127384,938.978736949325,352.39241151005854,35.09296798706055,-31.63263702392578,7.382461099353734,0.8284293552035027,35.19153650766603,-32.65631025001557,-0.09856852060548249,1.023673226089791,1.0284078116522812
585,19.512027719665273,13.012027719665273,942.9822273366576,353.03528960490985,35.81221008300781,-31.75900650024414,7.366935401623382,0.8008935018769782,35.41682494061283,-32.63461744123721,0.3953851423949857,0.8756109409930701,0.9607413443864445
586,19.545381613203162,13.045381613203162,947.5771048933179,353.20863677015456,36.63908004760742,-31.801664352416992,7.369760688554333,0.8108750258439346,36.70985696864442,-32.7540828596461,-0.07077692103699462,0.9524185072291047,0.9550447033851311
587,19.57873550674105,13.078735506741051,952.714830346931,353.1973567162282,37.56413650512695,-31.812156677246094,7.389507451152856,0.771222816618815,37.62162229163309,-32.689220293311095,-0.05748578650613467,0.8770636160650014,0.8789455058621354
588,19.61208940027894,13.11208940027894,958.9291398256915,353.4129089301503,38.682376861572266,-31.866413116455078,7.412010761567691,0.775927187593234,38.73403816441389,-32.852169497442226,-0.05166130284162307,0.9857563809871479,0.9871091798115206
589,19.64544329381683,13.145443293816829,965.0686684403902,353.3003927530723,39.7879524230957,-31.860990524291992,7.400767659514749,0.7989831596159346,39.82897846026336,-32.80064126096119,-0.041026037167654295,0.9396507366692006,0.940545927984728
590,19.67879718735472,13.178797187354721,971.4952741020794,353.3386263390044,40.944766998291016,-31.883607864379883,7.420431908871756,0.8125674372585502,40.96779691248688,-32.763084805262885,-0.023029914195866752,0.8794769408830021,0.8797784189742281
591,19.71215108089261,13.21215108089261,975.6255551325972,353.1866514401725,41.68865966796875,-31.866127014160156,7.395139698503435,0.8204246527900004,41.70402832470902,-32.74659676912657,-0.015368656740271547,0.8804697549664127,0.8806038752019066
592,19.7455049744305,13.2455049744305,981.6347705496721,353.1572112960161,42.770423889160156,-31.875450134277344,7.419029048114562,0.8095109973968501,42.77791231890986,-32.7335391908837,-0.007488429749706427,0.858089056606353,0.8581217312524473
593,19.77885886796839,13.278858867968388,985.8644646924829,353.31245254365984,43.531333923339844,-31.913921356201172,7.40498582324253,0.8064493081285944,43.531333923339844,-32.73274976153051,0.0,0.8188284053293415,0.8188284053293415
594,19.812212761506277,13.312212761506277,989.7963453056079,353.5301827347196,44.23844909667969,-31.962997436523438,7.420431908871756,0.7903082332408065,44.231684257195816,-32.738171261320474,0.006764839483871299,0.7751738247970366,0.7752033421649505
595,19.845566655044166,13.345566655044166,996.4359357489727,354.0,45.43217086791992,-32.06438446044922,7.465184259755785,0.7695568194403516,45.413941320501245,-32.76054279005068,0.018229547418677328,0.6961583296014595,0.6963969674493019
596,19.878920548582055,13.378920548582055,999.557015896858,354.1837526599073,45.993377685546875,-32.10531234741211,7.4456382042121,0.7535419337358839,45.96994732483463,-32.776270091278356,0.023430360712247023,0.6709577438662464,0.67136672233377
597,19.912274442119944,13.412274442119944,1005.6440742143128,354.56430644957715,47.08779525756836,-32.18915939331055,7.414818873341696,0.7966356119196387,47.06031489468428,-32.81856318199324,0.02748036288407718,0.6294037886826942,0.6300034123339096
598,19.945628335657833,13.445628335657833,1011.8743521678674,355.19567690557454,48.20719909667969,-32.31882095336914,7.4092015855101625,0.7753391412214315,48.40355722674187,-32.68426120471529,-0.19635813006217973,0.36544025134615055,0.4148530975483413
599,19.978982229195722,13.478982229195722,1015.8582796513831,355.4841480358722,48.923282623291016,-32.380836486816406,7.412010761567691,0.8146287618690113,48.90287383229522,-32.69221446593432,0.020408790995794845,0.3113779791179141,0.31204609375774306
600,20.012336122733615,13.512336122733615,1020.6624968410412,355.9255749305029,49.7864990234375,-32.47256851196289,7.410606306650001,0.7855855300807967,49.76559744596769,-32.75383320843253,0.020901577469807364,0.28126469646964125,0.28204025496529
601,20.045690016271504,13.545690016271504,1025.5803447841952,356.5568138920347,50.6695671081543,-32.5989875793457,7.426040701742758,0.7737218968479342,50.693792758254055,-32.82512301906959,-0.02422565009975841,0.22613543972389039,0.22742937194186943
602,20.079043909809393,13.579043909809393,1030.455098934551,357.09107052257735,51.54510498046875,-32.70771026611328,7.3965470902182435,0.8179361452592574,51.54788124392088,-32.7336254243836,-0.0027762634521266705,0.02591515827031543,0.026063443113508864
603,20.11239780334728,13.612397803347282,1032.8853170047198,357.27363184079604,51.98182678222656,-32.74672317504883,7.375408015581155,0.7561144354365125,51.984111021133636,-32.72499009358643,-0.0022842389070731883,-0.021733081462400605,0.02185279335087228
604,20.14575169688517,13.64575169688517,1044.9015812776722,356.7108159392789,54.145233154296875,-32.67397689819336,7.406391343958091,0.7873203017063738,54.135988890127116,-32.74664275176844,0.009244264169758765,0.07266585357508148,0.07325150302782509
605,20.17910559042306,13.67910559042306,1052.271675565726,355.8328248156623,55.47365188598633,-32.53278732299805,7.38809871842608,0.7973639263456295,55.48482206461162,-32.721017292618455,-0.011170178625292237,0.1882299696204086,0.18856111569944872
606,20.21245948396095,13.712459483960949,1054.2793481028773,355.8516679399032,55.83473587036133,-32.54109191894531,7.382461099353734,0.8148237564238872,55.80342671006429,-32.75058640218333,0.03130916029704167,0.2094944832380179,0.2118211557556752
607,20.245813377498838,13.745813377498838,1061.6672918229558,355.95061265316326,57.163394927978516,-32.577030181884766,7.449830961862573,0.8068874487165923,57.171192714733635,-32.79620819562745,-0.007797786755119773,0.21917801374268464,0.219316682417154
608,20.279167271036727,13.779167271036727,1067.5949082740547,355.991264195682,58.2294807434082,-32.59884262084961,7.456813652458981,0.7890358835954271,58.23300494854671,-32.7700119354093,-0.003524205138504044,0.1711693145596911,0.1712055906467214
609,20.31252116457462,13.812521164574619,1075.6415839062897,357.03743315508024,59.67359924316406,-32.80805587768555,7.382461099353734,0.7759590751419491,59.67330827393795,-32.75626423148374,0.0002909692261141572,-0.05179164620180643,0.051792463538468954
610,20.345875058112508,13.845875058112508,1079.7768888888888,357.40888888888884,60.41618347167969,-32.885440826416016,7.392324111232714,0.8103071198126247,60.41733799784765,-32.76185907494549,-0.0011545261679657415,-0.12358175147052464,0.12358714426345095
611,20.379228951650397,13.879228951650397,1083.4010654490107,357.23021308980213,61.06852722167969,-32.86188888549805,7.3965470902182435,0.8315937190701461,61.07075453531352,-32.77022476362772,-0.0022273136338313293,-0.09166412187032336,0.09169117822495762
612,20.412582845188286,13.912582845188286,1088.438087973557,357.4182557843885,61.97378158569336,-32.908226013183594,7.38809871842608,0.8296950990617206,61.97659999570006,-32.792235577705235,-0.0028184100067036866,-0.11599043547835919,0.11602467219270776
613,20.445936738726175,13.945936738726175,1096.0395136778116,357.7293566362715,63.33975601196289,-32.983116149902344,7.4021739811729566,0.8328594587072649,63.29485477794778,-32.82390838325388,0.04490123401510715,-0.15920776664846414,0.16541835985546233
614,20.479290632264064,13.979290632264064,1100.8702435312025,358.589802130898,64.2056884765625,-33.150794982910156,7.3965470902182435,0.839753617087728,64.2295304834286,-32.756382514257176,-0.02384200686610427,-0.3944124686529804,0.3951324293453293
615,20.512644525801953,14.012644525801953,1104.0464069931866,358.0644041650598,64.77845001220703,-33.063316345214844,7.347127972725746,0.827383214889307,64.79493791182219,-32.790561068084195,-0.016487899615157176,-0.2727552771306492,0.2732531647325182
616,20.545998419339842,14.045998419339842,1108.779584120983,358.73245116572144,65.62737274169922,-33.19588851928711,7.420431908871756,0.810954662733941,65.72833454758145,-32.8124087185551,-0.10096180588223547,-0.3834798007320117,0.39654765642538553
617,20.57935231287773,14.079352312877731,1112.6528779253636,358.5905123339658,66.32422637939453,-33.179595947265625,7.406391343958091,0.8173209032303005,66.23954782127572,-32.81997896852717,0.08467855811881009,-0.3596169787384582,0.36945206671780495
618,20.612706206415623,14.112706206415623,1116.9459630473298,358.65325234117944,67.09587860107422,-33.201412200927734,7.40498582324253,0.784394347850348,67.1458773289569,-32.71562434178196,-0.04999872788268078,-0.4857878591457734,0.48835408965556965
619,20.646060099953512,14.146060099953512,1123.106169116723,359.27880386983287,68.20137786865234,-33.329742431640625,7.431645261560726,0.8095219087529926,68.093254498175,-32.78616954121813,0.10812337047734388,-0.5435728904224959,0.5542221129165162
620,20.6794139934914,14.179413993491401,1127.2246130615326,359.08770605259843,68.94237518310547,-33.305137634277344,7.426040701742758,0.7952626529876025,69.00635476024806,-32.79018959042199,-0.0639795771425895,-0.5149480438553553,0.5189073849559297
621,20.71276788702929,14.21276788702929,1130.5308734939758,359.6733182730923,69.53482818603516,-33.41927719116211,7.435845909241358,0.8038608628075895,69.60246127037205,-32.864252678736946,-0.06763308433689019,-0.5550245124251632,0.5591300774325336
622,20.74612178056718,14.24612178056718,1136.6460638433166,360.5318580694391,70.63128662109375,-33.589691162109375,7.386689717036624,0.8404227844133569,70.496668597266,-32.71506381716903,0.13461802382775545,-0.8746273449403432,0.8849265533685179
623,20.77947567410507,14.279475674105068,1141.0649286157666,360.504034761018,71.4256591796875,-33.595394134521484,7.4763304910618675,0.8409200688353885,71.55800426447307,-32.75882991567866,-0.1323450847855696,-0.836564218842824,0.8469680712488541
624,20.812829567642957,14.312829567642957,1144.8642857142856,360.85225563909773,72.10740661621094,-33.66771697998047,7.441443084222263,0.8499789217129516,72.06843638705081,-32.83958065903853,0.038970229160128156,-0.8281363209419368,0.8290527394708007
625,20.846183461180846,14.346183461180846,1150.194660734149,360.75318254851067,73.06581115722656,-33.662723541259766,7.493018749529135,0.8546465174279629,72.96366635948284,-32.730046050961406,0.1021447977437191,-0.9326774902983601,0.9382541556611156
626,20.879537354718735,14.379537354718735,1155.2609465957985,361.1709693748418,73.97496795654297,-33.7507209777832,7.40498582324253,0.8237777925558911,74.31111978390167,-32.82715142260677,-0.3361518273587052,-0.9235695551764351,0.9828421919542297
627,20.912891248256624,14.412891248256624,1160.5507191521574,361.7380772142316,74.92371368408203,-33.866302490234375,7.416222530500194,0.8401104874180884,74.84235530078384,-32.887185074584146,0.08135838329819478,-0.9791174156502294,0.9824917812187947
628,20.946245141794517,14.446245141794517,1164.5253554800554,361.8457279476532,75.63764953613281,-33.89546203613281,7.426040701742758,0.825639819029631,75.56803882051642,-32.83340774991696,0.06961071561639187,-1.0620542862158544,1.0643331050935576
629,20.979599035332406,14.479599035332406,1170.4808944587787,362.5138223368964,76.70558166503906,-34.030941009521484,7.515212115419422,0.7871972760125916,76.6451550470718,-32.77292966732219,0.06042661796726634,-1.2580113421992962,1.259461755378478
630,21.012952928870295,14.512952928870295,1175.6108786610878,363.5850133130468,77.62373352050781,-34.23741149902344,7.397954214189923,0.8154598282328298,77.5779619303541,-32.73929528261573,0.04577159015370569,-1.498116216407709,1.4988152775872512
631,21.046306822408184,14.546306822408184,1179.3929772132985,362.9071099489478,78.30564880371094,-34.123817443847656,7.465184259755785,0.8303484063063088,78.28734954472407,-32.72593687945311,0.01829925898687179,-1.3978805643945478,1.3980003344747411
632,21.079660715946073,14.579660715946073,1161.1216931216932,354.8270345175107,75.0496826171875,-32.61567687988281,7.421834504462938,0.8140183857941362,75.06852103697076,-32.86917843640243,-0.018838419783264726,0.25350155651961614,0.2542005610099998
633,21.11301460948396,14.613014609483962,1157.1986913300616,351.74380269284006,74.35492706298828,-32.04743194580078,7.426040701742758,0.82166340380653,74.09920557544012,-32.750020958508685,0.2557214875481577,0.7025890127079037,0.7476796105095481
634,21.14636850302185,14.64636850302185,1150.2756073127973,347.4222389181067,73.12483978271484,-31.24732208251953,7.444240093561486,0.8464701385797105,73.28338965752967,-32.69503065501516,-0.15854987481482397,1.4477085724956282,1.4563647117673257
635,21.17972239655974,14.67972239655974,1146.8008838383837,344.9944444444444,72.50819396972656,-30.79876136779785,7.413414950414535,0.8028378205768351,72.73988106008923,-32.75627571045934,-0.23168709036266932,1.95751434266149,1.9711776453597898
636,21.21307629009763,14.713076290097629,1143.7845468053492,343.89834076275383,71.96949005126953,-30.59268569946289,7.486069829598355,0.8186512941581973,71.6251245652348,-32.76944839743423,0.34436548603473227,2.1767626979713413,2.203833803001354
637,21.24643018363552,14.746430183635521,1142.7937821236053,343.8202331703648,71.7916030883789,-30.576101303100586,7.440044185237402,0.8287566157468083,71.44902135734313,-32.741588738301694,0.3425817310357786,2.1654874352011078,2.1924183164837276
638,21.27978407717341,14.77978407717341,1133.9497334348819,342.64331048489464,70.20516204833984,-30.341110229492188,7.393732038892606,0.7985803499350729,70.56883876010455,-32.703955766686896,-0.36367671176471106,2.3628455371947084,2.3906693170158313
639,21.3131379707113,14.8131379707113,1126.4733055660733,341.7579199798056,68.86354064941406,-30.16229820251465,7.414818873341696,0.7928609498513616,68.66402113857168,-27.761156243833106,0.19951951084237862,-2.401141958681542,2.4094170956784993
640,21.346491864249188,14.846491864249188,1121.8608128834355,341.508691206544,68.03482818603516,-30.105823516845703,7.368348180503304,0.7729951354684363,67.80696418966508,-27.84290417113651,0.22786399637007548,-2.262919345709193,2.2743627604290975
641,21.379845757787077,14.879845757787077,1116.86578115117,341.20695762175836,67.1374282836914,-30.038890838623047,7.406391343958091,0.7873203004119186,67.42912563799311,-27.805772730886186,-0.2916973543017036,-2.2331181077368605,2.2520887703660506
642,21.413199651324966,14.913199651324966,1112.4876684464784,341.13806254767354,66.3502197265625,-30.015684127807617,7.38809871842608,0.8027752767178546,66.04218121720581,-27.752259964667683,0.30803850935669175,-2.263424163139934,2.2842890941236846
643,21.446553544862855,14.946553544862855,1109.0248346437038,340.70772494696115,65.7287368774414,-29.929176330566406,7.456813652458981,0.7592986762733229,65.42558159124319,-27.838350717064145,0.3031552861982192,-2.090825613502261,2.1126890148876694
644,21.479907438400744,14.979907438400744,1103.5396283655668,340.79067121729236,64.74185180664062,-29.93079376220703,7.4092015855101625,0.782670730350185,65.23770846572964,-27.86540213410596,-0.49585665908901433,-2.0653916281010716,2.1240801312080753
645,21.513261331938633,15.013261331938633,1099.1909298780488,341.1387195121951,63.95851516723633,-29.98326873779297,7.390915915370575,0.7814163877680099,63.592145840926506,-27.82099921863007,0.36636932630982244,-2.162269519162898,2.1930882236612512
646,21.546615225476522,15.046615225476522,1096.838515674984,341.04081893793983,63.53566360473633,-29.959758758544922,7.364109030753341,0.7986907073914616,63.592145840926506,-27.82099921863007,-0.05648223619017756,-2.138759539914851,2.1395052261169702
647,21.579969119014415,15.079969119014415,1094.6047765793528,341.17141756548534,63.13343048095703,-29.97797393798828,7.351376914559107,0.8079764993223445,63.29996540060926,-27.79867177502036,-0.16653491965222855,-2.1793021629679217,2.185655919164825
648,21.613323012552303,15.113323012552303,1087.1000253871541,340.1904036557502,61.78641891479492,-29.781694412231445,7.393732038892606,0.7731676699630466,61.94983203541848,-27.813325341565353,-0.1634131206235594,-1.9683690706660926,1.975140664951949
649,21.646676906090192,15.146676906090192,1081.8930501930502,339.4925353925354,60.85181427001953,-29.642375946044922,7.342876572250531,0.7801649300966923,60.43806388489449,-27.813862349138876,0.4137503851250415,-1.8285135969060455,1.8747403434239645
650,21.68003079962808,15.180030799628081,1075.7838939857288,339.2919215086646,59.753299713134766,-29.591033935546875,7.3796406747620305,0.8009382610216568,60.085195662877624,-27.800283638622584,-0.33189594974285797,-1.7907502969242906,1.8212472504825226
651,21.71338469316597,15.21338469316597,1071.8940845790212,339.11077041011885,59.0539665222168,-29.54865074157715,7.369760688554333,0.7671064920161983,59.08859418075413,-27.800213384465902,-0.03462765853733174,-1.7484373571112464,1.7487802224630566
652,21.74673858670386,15.24673858670386,1066.0353959765723,338.8539597657245,58.000587463378906,-29.487720489501953,7.382461099353734,0.7708122454911233,58.03442188630442,-27.779335588585337,-0.03383442292551564,-1.7083849009166165,1.7087199120553902
653,21.78009248024175,15.280092480241748,1060.5437179487178,338.30192307692306,57.014060974121094,-29.374128341674805,7.357038353145271,0.8037219022297865,56.689490898627426,-27.77054959286928,0.3245700754936678,-1.6035787488055249,1.636096127226838
654,21.813446373779637,15.313446373779637,1054.6230945121952,337.3762703252032,55.951385498046875,-29.19171142578125,7.390915915370575,0.8033876161759964,55.93752220434809,-27.77792323122702,0.013863293698783252,-1.413788194554229,1.4138561631131665
655,21.846800267317526,15.346800267317526,1047.3015262280364,336.89739643452606,54.63518524169922,-29.086891174316406,7.355623402011282,0.811680117631167,54.60359814162952,-27.80407543242593,0.031587100069700114,-1.2828157418904773,1.2832045715835136
656,21.88015416085542,15.380154160855419,1041.6308173640984,337.2535523399817,53.61357498168945,-29.13759994506836,7.295947665654396,0.7947134678444541,53.77757961848095,-27.75193176528396,-0.16400463679149624,-1.3856681797843997,1.3953400393295257
657,21.913508054393308,15.413508054393308,1037.0466254507985,337.1356259659969,52.78884506225586,-29.104970932006836,7.340040937245291,0.754870065900167,52.723839604252696,-27.756340314153956,0.0650054580031636,-1.34863061785288,1.3501963757100082
658,21.946861947931197,15.446861947931197,1033.276717557252,336.5478371501272,52.11201095581055,-28.989091873168945,7.385280446830717,0.767789828732286,52.22941221434657,-27.769833185564647,-0.11740125853602024,-1.2192586876042988,1.224897874438681
659,21.980215841469086,15.480215841469086,1024.8912903640808,335.8707062910073,50.60457229614258,-28.84566879272461,7.344293979188208,0.799811717318154,50.69000384715355,-27.817532342000654,-0.08543155101097,-1.0281364507239559,1.0316797522561898
660,22.013569735006975,15.513569735006975,1024.020792722547,335.79298245614035,50.44810104370117,-28.829431533813477,7.307352045675894,0.8010617565307769,50.5332655889096,-27.80450839708059,-0.08516454520842842,-1.0249231367328875,1.028455364112094
661,22.046923628544864,15.546923628544864,1018.6673015873015,335.90133333333335,49.48411178588867,-28.83596420288086,7.392324111232714,0.8103071238750112,49.37970245575279,-27.7433902832993,0.10440933013587994,-1.092573919581561,1.0975514010602139
662,22.080277522082753,15.580277522082753,1012.5520476733865,335.68226195004434,48.38386917114258,-28.781211853027344,7.397954214189923,0.785527540714586,48.3457163327884,-27.8422008045223,0.03815283835417915,-0.9390110485050442,0.939785820434115
663,22.11363141562064,15.613631415620642,1008.3228406909789,335.571465131158,47.62279510498047,-28.750736236572266,7.364109030753341,0.8002790828198575,47.67225913031187,-27.806906408098342,-0.04946402533140315,-0.9438298284739233,0.9451250895617475
664,22.14698530915853,15.64698530915853,1003.7233663869819,335.4010933129926,46.79521560668945,-28.70853614807129,7.38809871842608,0.7898040321763208,46.83621790830557,-27.76942904490955,-0.04100230161611762,-0.9391071031617386,0.9400017765656891
665,22.18033920269642,15.68033920269642,997.4062697509795,334.8328909113892,45.659423828125,-28.58992576599121,7.4092015855101625,0.7789919973946616,45.68190824736785,-27.73128043691823,-0.022484419242850606,-0.8586453290729814,0.8589396662441063
666,22.213693096234312,15.713693096234312,994.02190622598,334.8267998975147,45.05008316040039,-28.58051872253418,7.359867439330648,0.7504579079899868,45.06516736897667,-27.716344991969777,-0.015084208576276126,-0.8641737305644028,0.8643053684583764
667,22.2470469897722,15.747046989772201,988.0001266945394,334.62941847206383,43.966346740722656,-28.52992057800293,7.400767659514749,0.7648812366509532,43.973579106056164,-27.701173597194437,-0.007232365333507573,-0.8287469808084929,0.8287785381557065
668,22.28040088331009,15.78040088331009,979.5218223583461,334.3759571209801,42.44034957885742,-28.46310806274414,7.373996589290252,0.7905438919908999,42.43370572503631,-27.701797821725222,0.006643853821110213,-0.7613102410189185,0.7613392304839414
669,22.31375477684798,15.81375477684798,974.8208590534979,334.18441358024694,41.59430694580078,-28.41680908203125,7.345711112627194,0.8067315418833902,41.582028996971545,-27.7134058647003,0.012277948829236607,-0.7034032173309512,0.7035103653671257
670,22.347108670385868,15.847108670385868,971.786599535244,334.10147172734315,41.04810333251953,-28.394306182861328,7.331527451754501,0.8130728765715485,41.030581160445266,-27.725161427807556,0.01752217207426554,-0.6691447550537717,0.6693741328511076
671,22.380462563923757,15.880462563923757,966.0014124293784,334.04583975346685,40.006378173828125,-28.370004653930664,7.351376914559107,0.8079764979665437,39.9849695781775,-27.75694268644747,0.021408595650626694,-0.6130619674831941,0.6134356559102975
672,22.413816457461646,15.913816457461646,958.9767142673356,334.4796089026116,38.74008560180664,-28.43149185180664,7.344293979188208,0.7705224696407731,38.70762418596801,-27.81209113911259,0.03246141583863249,-0.619400712694052,0.6202507447832273
673,22.447170350999535,15.947170350999535,952.9569685292228,334.6712909441233,37.65538787841797,-28.451505661010742,7.349960873533824,0.7544153576169688,37.93741310388112,-27.762144186126818,-0.28202522546315123,-0.6893614748839241,0.7448204285944904
674,22.480524244537424,15.980524244537424,944.4187254529329,334.9182820220449,36.116859436035156,-28.475374221801758,7.400767659514749,0.7898588284492843,36.060322322254244,-27.794971410322777,0.05653711378091231,-0.6804028114789809,0.682747706772551
675,22.513878138075317,16.013878138075317,939.1926664111409,335.094672288233,35.17506408691406,-28.49456214904785,7.369760688554333,0.8148031654096631,35.372857853664186,-27.852095302560265,-0.19779376675012372,-0.6424668464875865,0.6722246819337314
676,22.547232031613206,16.047232031613206,935.8976630713918,335.423343605547,34.58069610595703,-28.546133041381836,7.351376914559107,0.7948148811439933,34.50359020214564,-27.74535761307774,0.07710590381139326,-0.800775428304096,0.8044790904543014
677,22.580585925151095,16.080585925151095,927.6215500945179,335.611468178954,33.08937072753906,-28.559967041015625,7.420431908871756,0.8032346853607554,33.334023102998785,-27.839244383774865,-0.2446523754597223,-0.7207226572407599,0.7611149279039708
678,22.613939818688984,16.113939818688984,923.4695506630616,335.6281704647869,32.34135818481445,-28.552806854248047,7.341458891655745,0.773575809399035,32.25284959882923,-27.805001587051038,0.08850858598522393,-0.747805267197009,0.7530248916474765
679,22.647293712226872,16.147293712226872,923.4943292921392,334.155260070395,32.34944534301758,-28.28549575805664,7.295947665654396,0.7947134678444541,32.29202630067647,-27.800364718823214,0.057419042341109616,-0.48513103923342626,0.48851721735377385
680,22.68064760576476,16.18064760576476,916.296714712375,333.77158810544086,31.05364227294922,-28.198163986206055,7.310200360750218,0.767002357175482,30.998799365347303,-27.781590745235075,0.054842907601916124,-0.4165732409709797,0.4201678350460661
681,22.71400149930265,16.21400149930265,911.6947207345065,333.60418260647793,30.224899291992188,-28.156471252441406,7.376819171820143,0.7624537670238172,30.161126881375452,-27.716640592635347,0.06377241061673544,-0.4398306598060593,0.44442989285297063
682,22.74735539284054,16.24735539284054,907.0793275545047,334.2692408720777,29.3917179107666,-28.265869140625,7.268790551990935,0.795348334723771,29.32644636793145,-27.84179311732003,0.06527154283515202,-0.42407602330496985,0.4290697470647848
683,22.78070928637843,16.28070928637843,901.5974793225679,334.28305106997504,28.403942108154297,-28.254915237426758,7.270222402798085,0.7762736210087455,28.53335376004414,-27.76337535216562,-0.12941165188984272,-0.4915398852611368,0.5082901085476574
684,22.81406317991632,16.31406317991632,897.2713707637834,333.61330298431966,27.625999450683594,-28.122695922851562,7.407796597996723,0.797807693659942,27.565049574521396,-27.767988537325117,0.060949876162197825,-0.35470738552644576,0.3599058442859658
685,22.84741707345421,16.34741707345421,889.357698289269,334.21099015033695,26.19856071472168,-28.211769104003906,7.317316297761429,0.8195081367227448,26.16664780967762,-27.842350116693886,0.031912905044059414,-0.36941898731002,0.37079485122303396
686,22.8807709669921,16.3807709669921,885.4905324691828,333.85360274494855,25.502490997314453,-28.137380599975586,7.389507451152856,0.8096897470187256,25.4366942956919,-27.80659824345693,0.06579670162255269,-0.3307823565186574,0.33726276599773564
687,22.914124860529988,16.414124860529988,884.3595274781715,333.2149460708783,25.30013656616211,-28.018640518188477,7.351376914559107,0.7857013553646469,25.264761452517224,-27.84079781232312,0.03537511364488566,-0.17784270586535555,0.18132685045215985
688,22.947478754067877,16.447478754067877,881.8935902279309,332.29920664903665,24.857845306396484,-27.846303939819336,7.423236835038413,0.7731377353554102,24.838330899293766,-27.75038756454122,0.01951440710271868,-0.09591637527811514,0.09788137274815292
689,22.980832647605766,16.480832647605766,875.5757907542578,332.13296836982965,23.719581604003906,-27.80059051513672,7.55251553924107,0.7643036266241973,23.721744750151316,-27.810553362224205,-0.002163146147410089,0.009962847087486182,0.010194975396914257
690,23.014186541143655,16.514186541143655,870.7760690172543,332.8815953988497,22.85280990600586,-27.92473030090332,7.449830961862573,0.7725042862437166,22.871094005335646,-27.818323110629212,-0.018284099329786585,-0.10640719027410839,0.10796665425181892
691,23.047540434681544,16.547540434681544,867.0574670119619,332.993834011592,22.182327270507812,-27.935972213745117,7.501348956381248,0.764860625943708,22.154601993445375,-27.81822717186697,0.027725277062437215,-0.11774504187814827,0.12096522589188927
692,23.080894328219433,16.580894328219433,862.8738910012673,332.4989860583016,21.429359436035156,-27.835830688476562,7.399361070571223,0.750089822572289,21.386700527477235,-27.661498118170854,0.04265890855792165,-0.17433257030570815,0.1794759804228627
693,23.11424822175732,16.61424822175732,859.5391481764855,331.8941596531497,20.829599380493164,-27.717798233032227,7.376819171820143,0.7747734997788598,20.84807432772865,-27.793299110731702,-0.018474947235485928,0.07550087769947567,0.07772841313667204
694,23.147602115295214,16.647602115295214,855.7804375804375,331.6962676962677,20.152502059936523,-27.672616958618164,7.342876572250531,0.7764708774526603,20.147123551421767,-27.71489548993319,0.005378508514755964,0.042278531315027124,0.04261927455974622
695,23.180956008833103,16.680956008833103,848.7035905271199,332.02279093455564,18.87607192993164,-27.714515686035156,7.382461099353734,0.7923598427381989,18.85980776607336,-27.86302270611086,0.016264163858281222,0.14850702007570504,0.1493949732680952
696,23.214309902370992,16.714309902370992,842.4438962681846,332.5244781783681,17.746524810791016,-27.790233612060547,7.406391343958091,0.7784011805593224,17.748050565182137,-27.795554549961892,-0.0015257543911211258,0.005320937901345246,0.005535368697024414
697,23.24766379590888,16.74766379590888,837.0680195415257,333.3914568457973,16.77550506591797,-27.934465408325195,7.442841720280892,0.7860817994187314,16.79196120228881,-27.683393285126286,-0.016456136370841534,-0.2510721231989095,0.2516108413241848
698,23.28101768944677,16.78101768944677,832.6679551604175,333.10810462569253,15.982843399047852,-27.872188568115234,7.338622708860447,0.8174533303628558,15.99413865940702,-27.63703448994667,-0.011295260359167614,-0.23515407816856282,0.23542519700721912
699,23.31437158298466,16.81437158298466,824.752451941938,334.5123577873676,14.552799224853516,-28.107759475708008,7.284525431384805,0.7830753866056878,14.564180726009461,-27.586152662340968,-0.011381501155945273,-0.5216068133670397,0.5217309712097612
700,23.347725476522548,16.847725476522548,820.7432273262662,335.46839418924225,13.82797622680664,-28.271526336669922,7.281667073247926,0.8087452153863521,13.831012048646677,-27.575771636953597,-0.00303582184003659,-0.6957546997163249,0.6957613228626595
701,23.381079370060437,16.881079370060437,815.5200398307194,338.0598705501618,12.880945205688477,-28.72929573059082,7.4665784486296,0.8012787305294654,12.667208304601726,-27.75701116705027,0.21373690108675092,-0.9722845635405513,0.995500243789728
702,23.414433263598326,16.914433263598326,809.237166991553,342.16270305393107,11.739893913269043,-29.458833694458008,7.307352045675894,0.8422872441791726,11.690955572645995,-27.857068900067347,0.048938340623047694,-1.601764794390661,1.6025122207747102
703,23.44778715713622,16.94778715713622,803.5574002574002,345.44208494208493,10.709342002868652,-30.0402774810791,7.342876572250531,0.8725258240783295,10.606552603996226,-27.90032270635853,0.10278939887242622,-2.1399547747205716,2.142422016870142
704,23.481141050674108,16.981141050674108,799.3942051086542,348.561570720549,9.952625274658203,-30.59635353088379,7.389507451152856,0.8511080971573308,9.84804363684581,-32.77362061912499,0.10458163781239271,2.1772670882412015,2.1797773492964465
705,23.514494944211997,17.014494944211997,795.6970284237726,350.7968992248062,9.28171443939209,-30.9930362701416,7.328687425519039,0.8691570000200941,9.228055965550727,-32.749292269541854,0.05365847384136302,1.7562559994002527,1.7570755155212778
706,23.547848837749886,17.047848837749886,792.0445736434109,353.4980620155039,8.61800765991211,-31.474340438842773,7.328687425519039,0.8501929688352527,8.590556864513605,-32.73239258117789,0.02745079539850437,1.2580521423351172,1.2583515959389049
707,23.581202731287775,17.081202731287775,786.8939336131248,357.41294671245066,7.681957721710205,-32.17218780517578,7.386689717036624,0.8225257770698573,7.679558054306404,-32.72214757288415,0.0023996674038011534,0.5499597677083656,0.5499650029788153
708,23.614556624825664,17.114556624825664,803.9937154348918,351.986802413273,10.774964332580566,-31.229280471801758,7.430244517930989,0.8391881794182361,11.282033079171113,-32.56766555020513,-0.5070687465905461,1.3383850784033697,1.4312209234991298
709,23.647910518363553,17.147910518363553,813.9318181818181,350.73959938366716,12.568838119506836,-31.027225494384766,7.351376914559107,0.7782696516861414,12.422602415219512,-32.61869717591077,0.14623570428732435,1.5914716815260022,1.5981761462077984
710,23.68126441190144,17.18126441190144,819.6711610486891,350.5676654182272,13.603665351867676,-31.010055541992188,7.4554176375347465,0.7988850660917708,13.544228567794,-32.73323094389967,0.05943678407367514,1.7231754019074828,1.7242001615357874
711,23.71461830543933,17.21461830543933,824.7198567958061,350.44431658355705,14.513880729675293,-31.00001335144043,7.366935401623382,0.8237730286237267,14.281936883508175,-32.82324095005793,0.23194384616711794,1.8232275986174997,1.8379218765049101
712,23.74797219897722,17.24797219897722,827.4818122977346,351.62783171521033,15.009206771850586,-31.221548080444336,7.321582540256476,0.8515353261342612,15.491600340447595,-32.68445260867173,-0.48239356859700955,1.4629045282273907,1.5403873583394414
713,23.781326092515112,17.281326092515112,835.2353091140853,350.68413001912046,16.408527374267578,-31.06924819946289,7.378230058162168,0.797926797929238,16.13644553612293,-32.73989333721454,0.27208183814464704,1.6706451377516487,1.692655813489971
714,23.814679986053,17.314679986053,842.8541351487644,349.1817952597075,17.784753799438477,-30.815242767333984,7.419029048114562,0.8229159723452538,17.618264690383533,-32.637427391926124,0.16648910905494319,1.8221846245921398,1.8297746936532666
715,23.84803387959089,17.34803387959089,844.2616212063004,350.6848508131643,18.035165786743164,-31.09144401550293,7.361281574695669,0.7942651822404975,17.737358888668073,-32.66003813194993,0.2978068980750912,1.5685941164470023,1.5966140581534598
716,23.88138777312878,17.38138777312878,849.8727639203828,349.45817586293776,19.048959732055664,-30.882566452026367,7.421834504462938,0.8235384503878749,19.56330729991033,-32.706305361555025,-0.5143475678546672,1.8237389095286574,1.8948817986055984
717,23.914741666666668,17.414741666666668,850.0647970290689,351.3565117172493,19.079448699951172,-31.227506637573242,7.361281574695669,0.8129293367425654,19.50143446722624,-32.72375530509742,-0.42198576727506776,1.4962486675241777,1.55461637160124
718,23.948095560204557,17.448095560204557,858.829334365325,350.0761093911249,20.661531448364258,-31.016597747802734,7.334366378270096,0.8137026774054537,21.10944705720735,-32.71790040302928,-0.44791560884309334,1.7013026552265487,1.7592780102434589
719,23.981449453742446,17.481449453742446,862.170865139949,350.8240458015267,21.26195526123047,-31.160478591918945,7.385280446830717,0.8250390924157464,21.235583715584475,-32.68469139229809,0.02637154564599342,1.5242128003791464,1.5244409202259688
720,24.014803347280335,17.514803347280335,861.7126525369299,352.2141297366731,21.17631721496582,-31.411584854125977,7.349960873533824,0.8143664231563391,21.235583715584475,-32.68469139229809,-0.059266500618655016,1.2731065381721152,1.2744852983193524
721,24.048157240818224,17.548157240818224,869.0045871559633,351.2916666666667,22.49216651916504,-31.262027740478516,7.3796406747620305,0.7753662874604045,22.82181536185587,-32.721773286119074,-0.3296488426908297,1.4597455456405584,1.4965043994271634
722,24.081511134356116,17.581511134356116,876.5045385779123,350.77723146747354,23.84453773498535,-31.1870174407959,7.419029048114562,0.7540826961525218,23.983643855979274,-32.66893476977704,-0.1391061209939224,1.4819173289811403,1.4884318871996034
723,24.114865027894005,17.614865027894005,880.2849421820009,351.2869532428356,24.524431228637695,-31.288738250732422,7.430244517930989,0.7988406929020957,24.098624250784965,-32.70353994078355,0.42580697785273003,1.414801690051128,1.4774895615738215
724,24.148218921431894,17.648218921431894,885.9299935773923,351.5396274887604,25.54079246520996,-31.34837532043457,7.349960873533824,0.7972069942101843,25.81858895493925,-32.713788690134244,-0.2777964897292904,1.3654133696996738,1.3933860053339613
725,24.181572814969783,17.681572814969783,889.4781273983116,351.6046303402405,26.179805755615234,-31.368837356567383,7.365522351758726,0.8344144157155309,26.301688309455272,-32.61550101560785,-0.1218825538400381,1.2466636590404647,1.2526075345864442
726,24.214926708507672,17.714926708507672,893.7034090909091,351.54103535353534,26.941070556640625,-31.36762237548828,7.413414950414535,0.8216710148812307,26.495177261717338,-32.681181664496215,0.44589329492328744,1.3135592890079337,1.387176569942188
727,24.24828060204556,17.74828060204556,900.4163512490537,351.7321473631087,28.1497859954834,-31.418689727783203,7.416222530500194,0.7867767135987357,28.37104897174689,-32.67353442242079,-0.22126297626349256,1.2548446946375904,1.2742026967186526
728,24.28163449558345,17.78163449558345,906.4479286169534,351.5900573613767,29.236520767211914,-31.40764808654785,7.378230058162168,0.7688706323855958,29.449551481475744,-32.71570572612986,-0.21303071426383013,1.3080576395820103,1.3252912410819813
729,24.31498838912134,17.81498838912134,912.0116801437555,351.1508150429983,30.239656448364258,-31.341556549072266,7.35279268287547,0.751484572839121,29.760557261052707,-32.66505521856918,0.4790991873115509,1.3234986694969137,1.4075456509267077
730,24.348342282659228,17.848342282659228,916.7278310940499,351.3100447856686,31.088668823242188,-31.38196563720703,7.364109030753341,0.774685848480978,30.90755900448864,-32.71588808864355,0.1811098187535478,1.3339224514365213,1.3461611615610374
731,24.381696176197117,17.881696176197117,921.3646788990826,351.51618246687053,31.923240661621094,-31.430681228637695,7.3796406747620305,0.8009382623546559,32.094668262786605,-32.77821227451223,-0.1714276011655116,1.3475310458745327,1.3583914539031352
732,24.41505006973501,17.91505006973501,927.6220863584257,351.21169277799004,33.050872802734375,-31.390735626220703,7.381051021774383,0.7947316351883968,32.79316532623312,-32.68935222459028,0.2577074765012526,1.298616598369577,1.3239404114255349
733,24.4484039632729,17.9484039632729,933.0623029385798,352.2503468280994,34.02796173095703,-31.592418670654297,7.417625922040904,0.8064705634504936,34.150798857426565,-32.76113586039478,-0.12283712646953404,1.1687171897404838,1.1751548107522627
734,24.481757856810788,17.981757856810788,938.6025885039969,352.0170029184114,35.026180267333984,-31.563623428344727,7.395139698503435,0.7760379144866237,35.13194653462078,-32.662048111802214,-0.10576626728679628,1.0984246834574876,1.103505001585613
735,24.515111750348677,18.015111750348677,944.3343488194973,351.8013455191673,36.05879592895508,-31.538501739501953,7.393732038892606,0.7820119795269795,36.163458685626075,-32.798078487123654,-0.10466275667099723,1.2595767476217006,1.2639176697013272
736,24.548465643886566,18.048465643886566,949.7343870470316,351.5496016448214,37.03173828125,-31.50602912902832,7.348544559641971,0.8034684139853412,37.12220753058092,-32.72343991965678,-0.09046924933092271,1.2174107906284561,1.220767675773365
737,24.581819537424455,18.081819537424455,955.7233294255568,351.52129738178974,38.110107421875,-31.515522003173828,7.298800431224078,0.7953350661767532,38.03416326046826,-32.662180929660494,0.07594416140673843,1.1466589264866656,1.1491710966358861
738,24.615173430962344,18.115173430962344,959.4452259997394,352.78937084798747,38.776912689208984,-31.75459098815918,7.298800431224078,0.7823884191261834,38.83415935108803,-32.84692236838945,-0.05724666187904859,1.09233138023027,1.0938304368283327
739,24.648527324500233,18.148527324500233,964.9968266057374,352.98591012947446,39.77584457397461,-31.803783416748047,7.393732038892606,0.7910089200972609,39.81938661212717,-32.80106005009505,-0.04354203815255886,0.9972766333470062,0.9982267239993217
740,24.68188121803812,18.18188121803812,971.8519517205957,353.0170775552131,41.00981521606445,-31.826169967651367,7.351376914559107,0.7819722619810862,41.03430359072439,-32.76134326660273,-0.024488374659938472,0.9351732989513621,0.9354938693359028
741,24.715235111576014,18.215235111576014,975.3938457576927,352.9578988026265,41.64756393432617,-31.824077606201172,7.341458891655745,0.8085570712117667,41.663678859858926,-32.74730107165534,-0.0161149255327544,0.9232234654541713,0.9233640982787537
742,24.748589005113903,18.248589005113903,981.1749112125824,352.9987316083206,42.688079833984375,-31.84558868408203,7.3965470902182435,0.8084808471035035,42.69583511151612,-32.73425546782126,-0.007755277531742877,0.8886667837392253,0.8887006227358082
743,24.781942898651792,18.281942898651792,983.404214559387,353.15415070242653,43.08893585205078,-31.879213333129883,7.371172925932163,0.8123338442575805,43.08893585205078,-32.73274976153051,0.0,0.8535364284006306,0.8535364284006306
744,24.81529679218968,18.31529679218968,989.1721343110768,353.38016209957544,44.12650680541992,-31.93427085876465,7.344293979188208,0.7741733959648127,44.11949981665734,-32.73719224253971,0.007006988762583433,0.8029213837750646,0.8029519577252325
745,24.84865068572757,18.34865068572757,995.2171968825859,353.40769132490095,45.214454650878906,-31.954011917114258,7.369760688554333,0.7795516750568106,45.193486063415435,-32.754769965979115,0.020968587463471522,0.8007580488648571,0.8010325427110101
746,24.88200457926546,18.38200457926546,998.2679888126112,353.673531655225,45.76279830932617,-32.0096549987793,7.38809871842608,0.7898040347839319,45.7429100458431,-32.769157139291195,0.019888263483075264,0.7595021405118985,0.7597624921424642
747,24.915358472803348,18.415358472803348,1006.1964195663136,354.023575390822,47.18869400024414,-32.09246826171875,7.419029048114562,0.7873723053577053,47.15680806857554,-32.82277616494957,0.03188593166859732,0.7303079032308233,0.7310036567348867
748,24.948712366341237,18.448712366341237,1011.2002266717038,354.574738697897,48.0876350402832,-32.2046012878418,7.423236835038413,0.8022557755130056,48.3584023659663,-32.70852378660781,-0.2707673256830958,0.5039224987660162,0.5720601624131515
749,24.982066259879126,18.482066259879126,1015.9073579870377,354.8943957300801,48.933773040771484,-32.27403259277344,7.389507451152856,0.8003678755050905,48.90634902348594,-32.692442241998904,0.02742401728554711,0.41840964922546675,0.41930741859530235
750,25.01542015341702,18.51542015341702,1019.9184560327197,355.4932259713701,49.653846740722656,-32.39237594604492,7.368348180503304,0.839160957623514,49.62774709067954,-32.743589157485296,0.026099650043114764,0.3512132114403741,0.3521816457776214
751,25.048774046954907,18.548774046954907,1025.1883610145487,355.81781897772623,50.60115051269531,-32.46406173706055,7.341458891655745,0.8085570712117667,50.57162642478308,-32.81937298445968,0.02952408791223604,0.3553112473991362,0.3565357686058716
752,25.082127940492796,18.582127940492796,1030.8921456667936,356.67110772744576,51.62493896484375,-32.63264846801758,7.395139698503435,0.7797026944485245,51.63475945190484,-32.724318253997204,-0.009820487061091399,0.09166978597962583,0.0921943145083658
753,25.115481834030685,18.615481834030685,1032.9021558872305,356.95458604413824,51.98575210571289,-32.68893051147461,7.375408015581155,0.7682825847598029,51.981985570551636,-32.72476669972841,0.0037665351612545805,0.035836188253803414,0.03603358399719635
754,25.148835727568574,18.648835727568574,1040.1762305534303,357.8853608773272,53.291725158691406,-32.875370025634766,7.376819171820143,0.7821294255429508,53.28851653814979,-32.86824715215703,0.003208620541613527,-0.007122873477733549,0.007812206625522926
755,25.182189621106463,18.682189621106463,1048.4022551628025,356.13036868110987,54.77667999267578,-32.577293395996094,7.400767659514749,0.7772195468886441,54.78766416251409,-32.76238891007218,-0.010984169838309299,0.18509551407608882,0.18542114582249894
756,25.215543514644352,18.715543514644352,1052.8652346247281,355.2881984400971,55.582027435302734,-32.43551254272461,7.366935401623382,0.7916948297676707,55.571254872963415,-32.71588808864354,0.010772562339319336,0.280375545918929,0.2805824207763059
757,25.24889740818224,18.74889740818224,1059.7526181353767,355.44329501915706,56.82050323486328,-32.480411529541016,7.371172925932163,0.7991012493213989,56.83216758518103,-32.808269832740294,-0.01166435031775137,0.3278583031992781,0.32806573128726046
758,25.28225130172013,18.78225130172013,1064.1284226764365,356.27625658825036,57.60511779785156,-32.64204788208008,7.347127972725746,0.8042933919830815,57.60801738640737,-32.78287980476812,-0.0028995885558060763,0.14083192268804368,0.14086176934074085
759,25.31560519525802,18.81560519525802,1073.954632100648,357.08361926547207,59.37004470825195,-32.812313079833984,7.389507451152856,0.8096897470187256,59.36973940322039,-32.75796970342491,0.0003053050315600103,-0.054343376409072164,0.0543442340152145
760,25.34895908879591,18.84895908879591,1081.3841269841269,357.2587936507936,60.70570755004883,-32.862152099609375,7.392324111232714,0.8103071225208823,60.70661926058964,-32.764561600065605,-0.0009117105408122939,-0.09759049954377019,0.09759475814465056
761,25.3823129823338,18.8823129823338,1084.1334838790615,356.93501442729894,61.201133728027344,-32.81017303466797,7.437245597895495,0.779702649655305,61.20202691038521,-32.77341450400572,-0.000893182357863509,-0.036758530662247324,0.03676938061990949
762,25.41566687587169,18.91566687587169,1085.5440917107583,356.70962459057694,61.45552062988281,-32.77275848388672,7.421834504462938,0.791704075431077,61.45535511843687,-32.77957003530974,0.0001655114459424567,0.006811551423020035,0.006813561977936667
763,25.44902076940958,18.94902076940958,1093.707310934944,357.1312444947779,62.92222595214844,-32.869049072265625,7.426040701742758,0.8452518872693608,62.94447781891003,-32.772665648229996,-0.022251866761592964,-0.09638342403562916,0.09891870401095833
764,25.482374662947468,18.982374662947468,1100.813171533308,357.64505119453923,64.19841003417969,-32.97945785522461,7.4092015855101625,0.8414228837883158,64.21195901869783,-32.755320329321215,-0.01354898451813824,-0.22413752590339442,0.2245466666409625
765,25.515728556485357,19.015728556485357,1103.6450581767037,357.51617440225033,64.7080078125,-32.96299743652344,7.366935401623382,0.8047507335132832,64.71871003857173,-32.78595313699208,-0.01070222607172866,-0.17704429953136014,0.17736747627296376
766,25.549082450023246,19.049082450023246,1107.307981927711,357.74673694779113,65.36590576171875,-33.013694763183594,7.435845909241358,0.8346948645793816,65.43895817092357,-32.73622227663228,-0.07305240920481992,-0.27747248655131074,0.28692792698445335
767,25.582436343561135,19.082436343561135,1112.089182389937,357.9021383647799,66.22509002685547,-33.053489685058594,7.427442238171533,0.8152489570477108,66.17375355002875,-32.83547146290609,0.05133647682671949,-0.21801822215250155,0.22398075596693084
768,25.615790237099024,19.115790237099024,1115.9469982416476,358.0491082642552,66.91822814941406,-33.08951187133789,7.433045741222939,0.843926273542396,66.95869263647124,-32.6963587378209,-0.040464487057178644,-0.39315313351698933,0.3952300103825976
769,25.649144130636916,19.149144130636916,1121.2228011412976,358.62994665674233,67.8648681640625,-33.20759582519531,7.4791144533594585,0.779653183744895,67.9074360330847,-32.79400622329157,-0.042567869022192895,-0.4135896019037446,0.41577443677550513
770,25.682498024174805,19.182498024174805,1125.7791995985447,358.5987956341739,68.68411254882812,-33.213035583496094,7.437245597895495,0.7923397507409453,68.74074902187863,-32.7571894789927,-0.0566364730505029,-0.4558461045033937,0.45935102162781705
771,25.715851917712694,19.215851917712694,1132.5277566539924,359.5949302915082,69.89404296875,-33.409934997558594,7.399361070571223,0.8322265867781559,69.79460437253547,-32.83123645533664,0.09943859621452589,-0.5786985422219573,0.5871797315873002
772,25.749205811250583,19.249205811250583,1136.080472777568,360.0088017100465,70.53131866455078,-33.493553161621094,7.42884351018441,0.864451619076705,70.40686664771009,-32.72938912099243,0.12445201684069218,-0.764164040628664,0.7742318680380202
773,25.782559704788472,19.282559704788472,1140.382122905028,359.99093730602107,71.30461120605469,-33.50077819824219,7.4763304910618675,0.8694487297647189,71.42530900644658,-32.73783742666395,-0.12069780039189482,-0.7629407715782364,0.7724290128910464
774,25.81591359832636,19.31591359832636,1144.6168224299065,360.3556386292835,72.06458282470703,-33.5771484375,7.462395100585104,0.8240986979135274,72.06843638705081,-32.83958065903853,-0.003853562343778094,-0.737567778461468,0.7375778452253854
775,25.84926749186425,19.34926749186425,1149.5800475654023,360.4144448616848,72.95647430419922,-33.59986877441406,7.4456382042121,0.8357062754779695,72.85501561503055,-32.74264863787387,0.10145868916866618,-0.8572201365401924,0.8632034685390287
776,25.88262138540214,19.38262138540214,1153.6280157557853,360.4934761201378,73.68375396728516,-33.6240234375,7.508283735486723,0.8510367792388208,74.01325155562213,-32.718736253779404,-0.3294975883369773,-0.9052871837205956,0.9633864986227757
777,25.915975278940028,19.415975278940028,1158.8846249379035,361.00322901142573,74.62677764892578,-33.72914505004883,7.474938121091499,0.8201295056497353,74.55877416874392,-32.91074884953887,0.06800348018185787,-0.8183962005099588,0.8212166671019171
778,25.949329172477917,19.449329172477917,1163.514168530947,361.1502609992543,75.4582748413086,-33.767032623291016,7.472152602783079,0.838789694191452,75.38977863746545,-32.845304872785015,0.06849620384313937,-0.9217277505060011,0.9242693200543736
779,25.98268306601581,19.48268306601581,1167.5120754716982,361.9389937106918,76.17405700683594,-33.919612884521484,7.427442238171533,0.8426543453178938,76.11048871690392,-32.80013977502293,0.06356828993202157,-1.119473109498557,1.1212764914931777
780,26.0160369595537,19.5160369595537,1173.1961442786069,362.68134328358207,77.19293975830078,-34.067874908447266,7.4693660456834605,0.8422372866343457,77.14126932236309,-32.75277449582577,0.05167043593769449,-1.3151004126214971,1.3161150896586602
781,26.049390853091587,19.549390853091587,1175.824,361.03381818181816,77.67079162597656,-33.775856018066406,7.566284950014944,0.8173383138538296,77.64813749747996,-32.7376320076438,0.022654128496597536,-1.0382240104226028,1.0384711384318455
782,26.082744746629476,19.582744746629476,1160.3881619937692,354.5976323987539,74.91860961914062,-32.572322845458984,7.462395100585104,0.8146202948667395,74.94407035663393,-32.87873320520793,-0.025460737493304464,0.3064103597489449,0.30746635216748647
783,26.116098640167365,19.616098640167365,1155.539435371566,351.6009621471072,74.05712890625,-32.01749801635742,7.40358003569816,0.8401465531069185,73.82662260602305,-32.65080887127298,0.23050630022694918,0.6333108549155568,0.6739553348688546
784,26.149452533705254,19.649452533705254,1147.06815920398,347.0287313432836,72.54947662353516,-31.168161392211914,7.4693660456834605,0.8189072600985555,72.73747603083851,-32.75656036442953,-0.18799940730335152,1.5883989722176182,1.5994858774269929
785,26.182806427243143,19.682806427243143,1148.42006615215,345.0394462820041,72.79916381835938,-30.810876846313477,7.5262842571366315,0.8022418237828819,73.00880562275914,-32.725102497626395,-0.20964180439976587,1.9142256513129183,1.9256711895586838
786,26.216160320781032,19.716160320781032,1143.7941176470588,343.80292876644324,71.97151184082031,-30.575408935546875,7.477722601769596,0.8168266600350639,71.624430527824,-32.769338600197024,0.34708131299630907,2.193929664650149,2.2212142650503477
787,26.24951421431892,19.74951421431892,1136.907930607187,342.65204460966544,70.73709106445312,-30.349925994873047,7.483288454867538,0.8180430796164441,70.89439959723802,-32.653847161251505,-0.15730853278489576,2.3039211663784585,2.309285325674074
788,26.282868107856814,19.782868107856814,1131.569872276484,342.2463060355622,69.77848815917969,-30.2633113861084,7.444240093561486,0.7785856366795022,70.18597328506472,-32.76536388953208,-0.4074851258850316,2.502052503423684,2.5350169344022664
789,26.316222001394703,19.816222001394703,1123.7773955147807,341.6679408766564,68.37899017333984,-30.139385223388672,7.3796406747620305,0.779034022010824,68.14432603613857,-27.808933619465723,0.23466413720127832,-2.330451603922949,2.3422365242467436
790,26.349575894932592,19.849575894932592,1120.4215309779825,341.3069636456733,67.77661895751953,-30.065725326538086,7.362695438451086,0.7843820378269446,67.7541231129104,-27.848224987781897,0.022495844609125015,-2.2175003387561887,2.2176144424602957
791,26.38292978847048,19.88292978847048,1115.4541412601625,341.31084857723573,66.8832015991211,-30.05427360534668,7.390915915370575,0.8166911905486173,67.1811395539776,-27.773379959379678,-0.29793795485650776,-2.2808936459670015,2.300270168731647
792,26.41628368200837,19.91628368200837,1110.953552947116,341.087593083428,66.07445526123047,-30.002777099609375,7.414818873341696,0.7765152352314946,65.77315609281428,-27.788872677232394,0.3012991684161932,-2.213904422376981,2.234312865358977
793,26.44963757554626,19.94963757554626,1107.1827834660598,341.10074579699153,65.39616394042969,-29.995935440063477,7.4092015855101625,0.8046397562689942,65.23819899686914,-27.865519900213222,0.15796494356054325,-2.1304155398502544,2.136263863812131
794,26.482991469084148,19.982991469084148,1102.3226535996985,341.40206056037186,64.52101135253906,-30.038686752319336,7.431645261560726,0.8229041200265607,65.053394292224,-27.821152216049843,-0.5323829396849362,-2.2175345362694934,2.2805462095768925
795,26.516345362622037,20.016345362622037,1098.796908653237,341.48752058786266,63.886539459228516,-30.045555114746094,7.400767659514749,0.8121592585155405,63.592145840926506,-27.82099921863007,0.29439361830200994,-2.224555896116023,2.24395109961013
796,26.549699256159926,20.049699256159926,1096.7154160285859,341.3289943848902,63.51262664794922,-30.01171112060547,7.373996589290252,0.7997135861125234,63.592145840926506,-27.82099921863007,-0.07951919297728693,-2.190711901975398,2.192154634032103
797,26.583053149697815,20.083053149697815,1093.6438962681846,341.26337760910815,62.96030807495117,-29.99229621887207,7.406391343958091,0.8001978812573118,63.12893618026665,-27.785602298950483,-0.16862810531547723,-2.2066939199215874,2.2131275367952
798,26.616407043235707,20.116407043235707,1085.1915608663182,340.4436146377894,61.44230270385742,-29.82294464111328,7.4665784486296,0.792195239969456,61.85508617152531,-27.7940490776954,-0.4127834676678859,-2.02889556341788,2.070460672999292
799,26.649760936773596,20.149760936773596,1080.1446540880502,339.9119496855346,60.53596878051758,-29.71416664123535,7.427442238171533,0.7474272634348446,60.31216606777441,-27.842350116693886,0.223802712743165,-1.8718165245414653,1.8851484704865262
800,26.683114830311485,20.183114830311485,1073.5412063492063,339.46006349206345,59.349281311035156,-29.61603546142578,7.392324111232714,0.7843323675830309,59.10295733227998,-27.800497845504516,0.24632397875517853,-1.815537615921265,1.8321714814216634
801,26.716468723849374,20.216468723849374,1068.2746505477899,339.0554086387105,58.40290069580078,-29.52974510192871,7.423236835038413,0.7909058211069342,58.43740934703337,-27.787316722211997,-0.03450865123259206,-1.7424283797167135,1.7427700667191022
802,26.749822617387263,20.249822617387263,1065.3337169159954,339.4198951540724,57.87263107299805,-29.588651657104492,7.366935401623382,0.7916948310799199,57.90851381494899,-27.77684198955289,-0.03588274195094243,-1.8118096675516036,1.8121649600970025
803,26.783176510925152,20.283176510925152,1059.718007370695,339.17117804041175,56.862884521484375,-29.529783248901367,7.389507451152856,0.8096897470187256,56.689490898627426,-27.77054959286928,0.17339362285694904,-1.7592336560320874,1.7677580165179516
804,26.81653040446304,20.31653040446304,1052.4997453526864,338.5017825311943,55.565948486328125,-29.390674591064453,7.382461099353734,0.7923598427381989,55.55017144897596,-27.78172150688589,0.015777037352165735,-1.6089530841785624,1.609030435385024
805,26.84988429800093,20.34988429800093,1045.8034983252699,338.30157548691227,54.3614616394043,-29.33795166015625,7.4791144533594585,0.743702863298828,54.32386221799919,-27.810963441610927,0.03759942140510475,-1.5269882185453234,1.5274510584847618
806,26.88323819153882,20.38323819153882,1041.096965020576,337.75694444444446,53.51601028442383,-29.227619171142578,7.345711112627194,0.7935902062226305,53.6918700668837,-27.741787371348714,-0.17585978245987377,-1.4858317997938641,1.4962027938636888
807,26.91659208507671,20.41659208507671,1038.1317619783617,337.5094023699124,52.983055114746094,-29.17544174194336,7.340040937245291,0.7795624835614299,52.91421058991115,-27.747164226239725,0.06884452483494385,-1.428277515703634,1.4299357434739135
808,26.9499459786146,20.4499459786146,1034.5992880752606,337.27943046020846,52.34793472290039,-29.125059127807617,7.38809871842608,0.789804028264904,52.300967722540186,-27.7767231973419,0.046967000360204736,-1.3483359304657156,1.3491536904695782
809,26.98329987215249,20.48329987215249,1026.4579676968078,337.28704056975704,50.88254928588867,-29.106487274169922,7.386689717036624,0.7831371944514759,50.98759842626259,-27.842260544612124,-0.10504914037392155,-1.264226729557798,1.2685836770279308
810,27.01665376569038,20.51665376569038,1021.4674242424243,337.1489898989899,49.98462677001953,-29.069204330444336,7.413414950414535,0.7899088293941103,50.081244653790584,-27.769053669965714,-0.09661788377105296,-1.3001506604786215,1.3037356923116712
811,27.050007659228267,20.550007659228267,1017.0017764243116,336.84722750919934,49.18162155151367,-29.00350570678711,7.395139698503435,0.8015884122983206,49.064083803300115,-27.77355165864459,0.11753774821355734,-1.2299540481425204,1.2355573976134362
812,27.083361552766156,20.583361552766156,1013.7134324564746,336.6553564620663,48.5902099609375,-28.960630416870117,7.389507451152856,0.8135987573365527,48.48208444529193,-27.829169097446734,0.10812551564556827,-1.1314613194233836,1.1366159617412224
813,27.116715446304045,20.616715446304045,1009.0182911230493,335.8852647735994,47.74713134765625,-28.80937957763672,7.365522351758726,0.8110888840913565,47.79931975867538,-27.813565373465178,-0.052188411019130854,-0.9958142041715412,0.9971808058093085
814,27.150069339841934,20.650069339841934,1003.5208970438327,335.5603975535168,46.7583122253418,-28.73694610595703,7.3796406747620305,0.775366288730077,46.80062278670213,-27.7678749283374,-0.04231056136033118,-0.9690711776196324,0.9699943973527514
815,27.183423233379823,20.683423233379823,997.5148539778448,335.3746223564955,45.677486419677734,-28.68850326538086,7.424638900748345,0.7723709175052713,45.7025380356909,-27.731820646937244,-0.0250516160131653,-0.9566826184436152,0.9570105620613615
816,27.216777126917716,20.716777126917716,995.4779874213835,335.0701886792453,45.31158447265625,-28.628257751464844,7.427442238171533,0.785443679332838,45.335310313330154,-27.722204450601478,-0.023725840673904486,-0.9060533008633662,0.9063638891312281
817,27.250131020455605,20.750131020455605,987.9427519675044,334.9228230515359,43.955223083496094,-28.583024978637695,7.393732038892606,0.7910089214030556,43.96291969571478,-27.701080573929662,-0.007696612218687449,-0.8819444047080331,0.8819779877272742
818,27.283484913993494,20.783484913993494,981.9525449674703,334.76323510651866,42.877010345458984,-28.539363861083984,7.375408015581155,0.7844550013431706,42.87701034545897,-27.698196254605058,1.4210854715202004e-14,-0.8411676064789262,0.8411676064789262
819,27.316838807531383,20.816838807531383,976.4939276485787,334.6687338501292,41.89431381225586,-28.508813858032227,7.328687425519039,0.8124430771089346,41.880339025199724,-27.708198843788832,0.013974787056135085,-0.8006150142433945,0.8007369703624375
820,27.350192701069272,20.850192701069272,972.3665014614309,334.610115643665,41.151187896728516,-28.4880428314209,7.389507451152856,0.8096897470187256,41.131142189179265,-27.72252814459621,0.020045707549250835,-0.7655146868246874,0.7657770995109799
821,27.38354659460716,20.88354659460716,966.5976967856237,334.5473297899266,40.11245346069336,-28.46249008178711,7.40498582324253,0.7972023793834832,40.087689939349,-27.75335561239289,0.02476352134436155,-0.7091344693942183,0.7095667182671354
822,27.41690048814505,20.91690048814505,962.9260675589547,334.7244104525175,39.45074462890625,-28.485614776611328,7.378230058162168,0.7688706311316054,39.41989980534594,-27.779152169403176,0.030844823560308043,-0.7064626072081523,0.7071356436524796
823,27.45025438168294,20.95025438168294,955.3996702181632,334.9074074074074,38.09473419189453,-28.500356674194336,7.3965470902182435,0.7789230135496725,38.13309754466367,-27.8422008045223,-0.038363352769138714,-0.6581558696720364,0.6592730053774718
824,27.483608275220828,20.983608275220828,947.0915082382762,335.024588086185,36.59801483154297,-28.501232147216797,7.399361070571223,0.8090961293311316,36.5428025357881,-27.758260970552264,0.05521229575487041,-0.7429711766645326,0.7450198433309031
825,27.516962168758717,21.016962168758717,940.7163013353488,335.4423028470647,35.44863510131836,-28.561399459838867,7.421834504462938,0.8235384490059608,35.38958100514105,-27.850705715830358,0.05905409617730584,-0.710693744008509,0.7131430319705512
826,27.55031606229661,21.05031606229661,935.2368853495133,335.64087978763746,34.461124420166016,-28.583993911743164,7.4092015855101625,0.8179412592819251,34.38150485335971,-27.757113095111205,0.07961956680630777,-0.8268808166319594,0.8307052186740854
827,27.583669955834498,21.083669955834498,929.088752869166,336.1207600102015,33.3524169921875,-28.6560115814209,7.376819171820143,0.8041738701685079,33.39288642578643,-27.85922578938598,-0.04046943359892907,-0.7967857920349175,0.7978128686882212
828,27.617023849372387,21.117023849372387,924.2445548337791,335.9420455992867,32.48020935058594,-28.611682891845703,7.381051021774383,0.7947316351883968,32.382910361209454,-27.789607881396112,0.09729898937648329,-0.8220750104495913,0.8278130321149701
829,27.650377742910276,21.150377742910276,924.8106615285806,333.9179190751445,32.58717727661133,-28.24563980102539,7.349960873533824,0.7933950557375717,32.5311260523411,-27.77206539832153,0.05605122427022735,-0.47357440270386064,0.47687991637152183
830,27.683731636448165,21.183731636448165,917.6078889321395,333.83547424419356,31.289724349975586,-28.21298599243164,7.313047566451458,0.7801549754677078,31.228941182773443,-27.751292000171613,0.06078316720214261,-0.4616939922600274,0.46567793151933434
831,27.717085529986054,21.217085529986054,911.6265277241733,334.43934130966164,30.210599899291992,-28.307918548583984,7.344293979188208,0.7778503323877217,30.12561523705736,-27.721789536013073,0.08498466223463197,-0.5861290125709111,0.5922580621591282
832,27.750439423523943,21.250439423523943,910.0777096114518,333.8444529652351,29.932973861694336,-28.196117401123047,7.368348180503304,0.7729951367342258,29.869582177094795,-27.758912562949376,0.06339168459954081,-0.4372048381736704,0.44177661345846836
833,27.783793317061832,21.283793317061832,906.3475501396293,333.4452906829144,29.261831283569336,-28.114486694335938,7.393732038892606,0.7820119795269795,29.22232630508718,-27.85781872774944,0.039504978482156616,-0.25666796658649815,0.2596903702421855
834,27.81714721059972,21.31714721059972,900.6932321315622,333.27881087919036,28.243391036987305,-28.070371627807617,7.406391343958091,0.7873203004119186,28.33777314419942,-27.71188327322547,-0.09438210721211604,-0.35848835458214623,0.37070457581855387
835,27.850501104137614,21.350501104137614,890.650939777522,334.1460171333589,26.431753158569336,-28.203149795532227,7.366935401623382,0.8141785558539639,26.358299545915038,-27.806829566940173,0.07345361265429773,-0.39632022859205307,0.4030696674313571
836,27.883854997675503,21.383854997675503,887.8805151747002,333.65085437388416,25.93365478515625,-28.1064395904541,7.376819171820143,0.8003259242335896,26.001849984274386,-27.805060175922467,-0.06819519911813643,-0.30137941453163464,0.30899860304893473
837,27.91720889121339,21.41720889121339,885.4356206630687,333.34489848368025,25.49376678466797,-28.044883728027344,7.348544559641971,0.7776700602749811,25.446000638838072,-27.804747096710077,0.0477661458298968,-0.2401366313172666,0.24484118605301639
838,27.95056278475128,21.45056278475128,883.5571889103803,332.3744680851064,25.15748405456543,-27.864063262939453,7.335785429531952,0.7941349056005111,25.157115406158272,-27.862209942243442,0.0003686484071572238,-0.0018533206960107407,0.00188962939497704
839,27.98391667828917,21.48391667828917,874.944054124382,333.803408795212,23.6019229888916,-28.102354049682617,7.303077490150316,0.747286362324032,23.546813401798456,-27.848534681111044,0.05510958709314551,-0.2538193685715733,0.2597332062937836
840,28.01727057182706,21.51727057182706,870.5347355003186,333.45595920968765,22.80801773071289,-28.028432846069336,7.378230058162168,0.7688706311316054,22.84489474668366,-27.813821254633147,-0.03687701597077009,-0.21461159143618858,0.2177568586421148
841,28.050624465364947,21.550624465364947,865.8623440113212,333.8919336163643,21.964908599853516,-28.096115112304688,7.344293979188208,0.7497483743650991,21.91287723294587,-27.875145797490596,0.052031366907645094,-0.22096931481409143,0.22701255743171353
842,28.083978358902836,21.583978358902836,863.8001026430587,333.37965101360015,21.59434700012207,-27.998023986816406,7.354208178640413,0.8008438073310322,21.671867576113925,-27.93189603855216,-0.07752057599185491,-0.06612794826424562,0.10189379394127837
843,28.117332252440725,21.617332252440725,861.6398539778448,332.1895770392749,21.207605361938477,-27.776609420776367,7.424638900748345,0.7723709162505998,21.191147026533606,-27.709349755419748,0.016458335404870184,-0.06725966535661954,0.06924405669935615
844,28.150686145978614,21.650686145978614,856.7438436151306,331.76618431073877,20.326007843017578,-27.687681198120117,7.393732038892606,0.7910089200972609,20.31975194237702,-27.736856595055865,0.006255900640557144,0.04917539693574824,0.04957172537458143
845,28.184040039516507,21.684040039516507,846.8833208676141,333.4171029668412,18.544906616210938,-27.9632511138916,7.461000129996119,0.7963061830492901,18.558177486735307,-27.83145798236407,-0.013270870524369371,-0.13179313152753025,0.13245959958533568
846,28.217393933054396,21.717393933054396,841.9541809851088,333.55657375588646,17.656023025512695,-27.976463317871094,7.383870907654442,0.7953389946918026,17.615081384850214,-27.833682848870197,0.040941640662481404,-0.14278046900089691,0.14853444135368685
847,28.250747826592285,21.750747826592285,837.581674802854,333.65102015271,16.8675594329834,-27.982868194580078,7.4456382042121,0.7956865123328043,17.071610567515876,-27.989520598035377,-0.20405113453247736,0.0066524034552983835,0.20415954539458409
848,28.284101720130174,21.784101720130174,833.3590926566706,333.3328207099833,16.10696792602539,-27.914701461791992,7.35845303219943,0.7990502487081014,16.122381576671017,-27.64325846032966,-0.01541365064562683,-0.2714430014623339,0.2718802745127091
849,28.317455613668063,21.817455613668063,826.7308026299467,333.94318322788735,14.910665512084961,-28.009254455566406,7.4791144533594585,0.7848209664816582,14.923322009661474,-27.59500395217181,-0.012656497576513104,-0.414250503394598,0.4144438037823489
850,28.350809507205952,21.850809507205952,821.4788461538461,335.58153846153846,13.960369110107422,-28.293882369995117,7.357038353145271,0.7831771486111494,13.969757752151917,-27.57668391679494,-0.009388642044495299,-0.7171984532001758,0.7172599025960983
851,28.38416340074384,21.88416340074384,816.735662409216,338.47420485850233,13.09926986694336,-28.80751609802246,7.444240093561486,0.792732633790784,12.859066271621533,-27.714835111955562,0.24020359532182667,-1.092680986066899,1.1187714263948925
852,28.41751729428173,21.91751729428173,811.0017941817249,342.2324746892221,12.057883262634277,-29.475831985473633,7.35845303219943,0.8028986015995826,12.022375568582454,-27.848537405376415,0.03550769405182308,-1.6272945800972174,1.6276819243177265
853,28.45087118781962,21.95087118781962,806.5609346759618,344.98734830880454,11.25173282623291,-29.9650821685791,7.331527451754501,0.826729860978765,11.169614940552101,-27.875042412137844,0.08211788568080891,-2.090039756441257,2.0916523445959454
854,28.48422508135751,21.98422508135751,801.3405139833711,348.0895691609977,10.304428100585938,-30.515438079833984,7.421834504462938,0.8372895636276971,11.107062701870413,-32.633955896189995,-0.8026346012844758,2.118517816356011,2.26546684844359
855,28.5175789748954,22.0175789748954,797.8402128764278,350.50259605399793,9.668649673461914,-30.944860458374023,7.3116241021914625,0.8222472062768548,9.597215679906169,-32.76297700210663,0.07143399355574509,1.8181165437326072,1.8195193271931804
856,28.55093286843329,22.05093286843329,793.759669211196,353.41157760814247,8.927350044250488,-31.462841033935547,7.385280446830717,0.863374258155238,8.88836249827171,-32.73891369544201,0.038987545978777405,1.2760726615064613,1.276668111212006
857,28.58428676197118,22.08428676197118,788.376273372018,357.4501611863314,7.949094295501709,-32.18256378173828,7.335785429531952,0.8591143582743687,7.9467348153907205,-32.72331335882391,0.002359480110988521,0.5407495770856272,0.5407547246808657
858,28.617640655509067,22.117640655509067,805.9337680603502,351.6129650939778,11.125418663024902,-31.16617774963379,7.366935401623382,0.8277969297548977,11.37189156660492,-32.533621214737835,-0.24647290358001683,1.3674434651040457,1.389478507374232
859,28.650994549046956,22.150994549046956,817.3505128205127,349.8320512820512,13.186897277832031,-30.870878219604492,7.357038353145271,0.8465948915167475,13.005218817337532,-32.675128603610304,0.1816784604944992,1.8042503840058117,1.8133743439215109
860,28.684348442584845,22.184348442584845,821.6854674796747,350.5235010162601,13.966817855834961,-31.00696563720703,7.390915915370575,0.807250283994977,13.759485451684764,-32.758708275034515,0.20733240415019694,1.7517426378274834,1.763969669521982
861,28.717702336122734,22.217702336122734,825.7005843495933,350.9198424796748,14.68964958190918,-31.088708877563477,7.390915915370575,0.7941757921713534,15.242890518153619,-32.76646480865233,-0.553240936244439,1.6777559310888535,1.7666183792320427
862,28.751056229660623,22.251056229660623,831.1306526368533,351.0949517725166,15.667930603027344,-31.13376235961914,7.442841720280892,0.8214199086608541,15.584414280214009,-32.653847161251505,0.08351632281333465,1.5200848016323647,1.5223773449214115
863,28.784410123198512,22.284410123198512,837.5431772406847,350.5031470292044,16.824825286865234,-31.04204559326172,7.424638900748345,0.824160929813455,17.338712540163026,-32.72289506131628,-0.5138872532977921,1.6808494680545607,1.757650432640475
864,28.817764016736405,22.317764016736405,840.8378239671541,351.0348986399795,17.417430877685547,-31.14659881591797,7.354208178640413,0.8561245491658012,17.618264690383533,-32.637427391926124,-0.2008338126979865,1.4908285760081554,1.5042952048601745
865,28.851117910274294,22.351117910274294,846.3020913032389,349.6573578168834,18.405080795288086,-30.909975051879883,7.376819171820143,0.83697593206758,18.046938184603405,-32.71881359774066,0.35814261068468056,1.8088385458607803,1.8439530944630291
866,28.884471803812183,22.384471803812183,851.2077954948113,349.30308782586684,19.289880752563477,-30.85768699645996,7.40498582324253,0.8198035807565008,19.64365885094348,-32.68364388044536,-0.35377809838000474,1.8259568839853983,1.8599133004167259
867,28.91782569735007,22.41782569735007,854.0215701028341,350.1676699272636,19.795015335083008,-31.021455764770508,7.438645023177971,0.8410867937856801,19.64365885094348,-32.68364388044536,0.15135648413952651,1.6621881156748515,1.6690650428254112
868,28.95117959088796,22.45117959088796,858.978175358457,350.80040603984264,20.68674659729004,-31.148387908935547,7.395139698503435,0.8015884122983206,21.100579415750193,-32.72023505818901,-0.4138328184601541,1.5718471492534647,1.6254110440903613
869,28.98453348442585,22.48453348442585,861.1639867279223,351.4956610515569,21.079057693481445,-31.279882431030273,7.373996589290252,0.7997135861125234,21.235583715584475,-32.68469139229809,-0.15652602210303002,1.4048089612678183,1.4135022508838693
870,29.01788737796374,22.51788737796374,862.8810511756569,352.09908210738087,21.387086868286133,-31.393564224243164,7.42884351018441,0.7868259775344645,21.235583715584475,-32.68469139229809,0.15150315270165748,1.2911271680549277,1.2999856035233925
871,29.051241271501627,22.551241271501627,870.0799650698602,350.99862774451094,22.686573028564453,-31.21148681640625,7.4582094060795265,0.7919643438405068,22.82181536185587,-32.721773286119074,-0.13524233329141566,1.510286469712824,1.5163296835819482
872,29.084595165039516,22.584595165039516,876.6902956785443,349.79858478645434,23.880237579345703,-31.009904861450195,7.410606306650001,0.7946235851718433,23.983643855979274,-32.66893476977704,-0.10340627663357083,1.6590299083268434,1.6622494081124508
873,29.11794905857741,22.61794905857741,880.8145593869732,350.93128991060024,24.62066650390625,-31.225505828857422,7.371172925932163,0.7991012506513405,24.16941634808199,-32.72484594375052,0.4512501558242583,1.4993401148931014,1.5657737650309114
874,29.151302952115298,22.651302952115298,887.497823860727,351.02918586789554,25.82440185546875,-31.259593963623047,7.362695438451086,0.7843820365320897,26.108270380045482,-32.65485233809604,-0.2838685245767323,1.395258374472995,1.423842431866109
875,29.184656845653187,22.684656845653187,890.9636132315521,351.08804071246817,26.448596954345703,-31.278743743896484,7.385280446830717,0.8021629385967883,26.301688309455272,-32.61550101560785,0.14690864489043065,1.3367572717113632,1.344805619194369
876,29.218010739191076,22.718010739191076,895.1143643643643,351.3743743743743,27.195615768432617,-31.340829849243164,7.447036052380657,0.8062821304666484,26.714863212058507,-32.755754995951975,0.4807525563741102,1.4149251467088106,1.4943681578677965
877,29.251364632728965,22.751364632728965,903.0461006530926,350.2538097067486,28.626972198486328,-31.15692138671875,7.361281574695669,0.8035159784558683,28.610395517372428,-32.63133116868764,0.016576681113900094,1.4744097819688875,1.4745029642297416
878,29.284718526266854,22.784718526266854,907.1028205128204,351.18538461538463,29.355445861816406,-31.33583641052246,7.357038353145271,0.8147776492370703,29.576796858577083,-32.69498250052389,-0.22135099676067682,1.3591460900014312,1.377052779574234
879,29.318072419804743,22.818072419804743,911.3291603439554,351.52061203844204,30.115842819213867,-31.406970977783203,7.407796597996723,0.7688707459352647,29.760557261052707,-32.66505521856918,0.35528555816116025,1.2580842407859762,1.3072887151474664
880,29.351426313342632,22.851426313342632,919.3174297806848,351.1322303450045,31.555484771728516,-31.356033325195312,7.355623402011282,0.7641662601571864,31.755268448122695,-32.82401601831983,-0.19978367639417982,1.4679826931245188,1.4815150031864983
881,29.38478020688052,22.88478020688052,924.0060790273557,350.6529888551165,32.401058197021484,-31.280550003051758,7.4021739811729566,0.7713064208559439,32.583670918636834,-32.71600327939289,-0.18261272161534947,1.4354532763411356,1.4470222923833156
882,29.418134100418413,22.918134100418413,930.199613899614,350.85289575289573,33.515926361083984,-31.331947326660156,7.342876572250531,0.8292913787509688,33.6845938764091,-32.81232310943191,-0.1686675153251187,1.4803757827717519,1.4899534183802614
883,29.451487993956302,22.951487993956302,935.8874693508839,351.53516582784874,34.53847885131836,-31.469594955444336,7.332947052397441,0.8106005641326162,34.66850620896562,-32.706722625119845,-0.1300273576472577,1.237127669675509,1.2439421147358436
884,29.48484188749419,22.98484188749419,940.3083333333333,351.5501282051282,35.334503173828125,-31.483108520507812,7.357038353145271,0.8187410826947733,35.41682494061283,-32.63461744123721,-0.08232176678470182,1.1515089207293983,1.15444777612759
885,29.51819578103208,23.01819578103208,944.8429668807454,351.4519581916635,36.15126419067383,-31.476375579833984,7.423236835038413,0.8038420488462109,36.2604197610089,-32.79002164306194,-0.10915557033506929,1.3136460632279565,1.318173326224394
886,29.55154967456997,23.05154967456997,951.5451547437848,351.1296296296296,37.35885238647461,-31.434280395507812,7.3965470902182435,0.8007714364855293,37.44187766611993,-32.70100137848965,-0.08302527964531947,1.2667209829818376,1.2694389492160134
887,29.58490356810786,23.08490356810786,957.0765853028541,351.05243445692884,38.3549690246582,-31.433786392211914,7.330107576181632,0.7967248330367254,38.03416326046826,-32.662180929660494,0.32080576418994156,1.2283945374485796,1.2695942178393071
888,29.618257461645747,23.118257461645747,960.4116064565719,351.97937483986675,38.952999114990234,-31.610048294067383,7.359867439330648,0.7875173061089412,39.01731787978194,-32.83732343664386,-0.0643187647917074,1.2272751425764739,1.2289593887067365
889,29.651611355183636,23.151611355183636,965.2898943026553,352.5150812064965,39.82984161376953,-31.719112396240234,7.337204206342343,0.787973719464071,39.876970697243586,-32.79854587464235,-0.04712908347405431,1.079433478402116,1.0804618386617806
890,29.684965248721525,23.184965248721525,971.5283411336453,352.7839313572543,40.95217514038086,-31.783098220825195,7.3059274717183715,0.8074046704291893,40.97783011242963,-32.762822076676095,-0.025654972048769764,0.9797238558508994,0.9800596978318091
891,29.718319142259414,23.218319142259414,975.4774498530726,352.6289766193944,41.663490295410156,-31.764633178710938,7.369760688554333,0.7960959894219969,41.68063766028907,-32.747005054692735,-0.017147364878915994,0.9823718759817979,0.982521518768056
892,29.751673035797307,23.251673035797307,982.1995412844037,352.72910295616714,42.87322998046875,-31.799196243286133,7.3796406747620305,0.7879967002949104,42.87322998046875,-32.73274976153051,0.0,0.9335535182443806,0.9335535182443806
893,29.785026929335196,23.285026929335196,986.2910011686794,353.0481755616154,43.608829498291016,-31.86704444885254,7.310200360750218,0.7795476133538974,43.608829498291016,-32.73274976153051,0.0,0.8657053126779743,0.8657053126779743
894,29.818380822873085,23.318380822873085,992.1189925469031,353.18272937548187,44.65744400024414,-31.905662536621094,7.348544559641971,0.794202544344716,44.64280565015863,-32.74429305135774,0.014638350085512286,0.8386305147366429,0.8387582616825139
895,29.851734716410974,23.351734716410974,995.811260396673,353.19744081893793,45.32194900512695,-31.917339324951172,7.364109030753341,0.7783565019252555,45.29994711143581,-32.75755774663275,0.02200189369114014,0.8402184216815769,0.8405064422472183
896,29.885088609948863,23.385088609948863,1000.5574402467232,353.378822924698,46.17564392089844,-31.96180534362793,7.348544559641971,0.7904113798491107,46.14698629322108,-32.78245242828444,0.02865762767735447,0.8206470846565068,0.8211473054083036
897,29.91844250348675,23.41844250348675,1006.5893886966551,353.8303216711521,47.25995635986328,-32.05838394165039,7.35845303219943,0.7898727473056046,47.22644951868236,-32.82581677632675,0.033506841180923175,0.7674328346763559,0.7681639565517967
898,29.95179639702464,23.45179639702464,1013.1498847040738,354.1931847296951,48.43954849243164,-32.140174865722656,7.359867439330648,0.7966518955071922,48.44465061698381,-32.66218092966048,-0.005102124552166742,0.5220060639378232,0.5220309976072346
899,29.98515029056253,23.48515029056253,1017.4175936580999,354.98286664109446,49.205284118652344,-32.29375457763672,7.366935401623382,0.8181322780698657,49.177985811705504,-32.71024625772682,0.027298306946839546,0.41649168009010396,0.4173853341295563
900,30.01850418410042,23.51850418410042,1022.7844112769485,355.2890674830973,50.17011260986328,-32.36235046386719,7.375408015581155,0.8066028667811126,50.135150633662235,-32.7831046430465,0.03496197620104624,0.4207541791793119,0.4222042385821571
901,30.05185807763831,23.55185807763831,1026.3647677700794,355.69232743135746,50.813175201416016,-32.444183349609375,7.354208178640413,0.8085989773649657,50.852167262250475,-32.808156526231386,-0.03899206083445961,0.3639731766220109,0.366055807368816
902,30.0852119711762,23.5852119711762,1030.5967783839958,356.2095349441413,51.57313537597656,-32.548255920410156,7.308776341965743,0.764144226757894,51.59248194966288,-32.72884739802547,-0.019346573686320312,0.1805914776153159,0.1816248102564277
903,30.11856586471409,23.61856586471409,1034.955437397139,356.6904671477402,52.35593795776367,-32.64605712890625,7.40358003569816,0.7569081455309846,52.34366975935113,-32.762781239799885,0.01226819841254212,0.11672411089363521,0.1173670599282403
904,30.151919758251978,23.651919758251978,1040.361464354528,357.4944123314066,53.326175689697266,-32.804954528808594,7.349960873533824,0.7880506661497476,53.34352465450088,-32.843467802554464,-0.017348964803616695,0.038513273745870436,0.04224048809355171
905,30.185273651789867,23.685273651789867,1051.0562854198865,356.44757856774856,55.25318908691406,-32.64125442504883,7.340040937245291,0.8054865885034824,55.25871872531745,-32.73443500018534,-0.005529638403388049,0.09318057513651468,0.09334450430338082
906,30.218627545327756,23.718627545327756,1053.8295572916666,355.4313802083333,55.75508117675781,-32.46381378173828,7.30022639596001,0.8100760706299716,55.71421531174211,-32.73725366937232,0.04086586501570366,0.2734398876340407,0.2764767459892396
907,30.251981438865645,23.751981438865645,1062.0977232028652,355.30928626247123,57.242759704589844,-32.46183395385742,7.365522351758726,0.8110888881744271,57.254550365006445,-32.7932425460619,-0.011790660416600929,0.3314085922044754,0.3316182664751926
908,30.285335332403534,23.785335332403534,1066.0402761795167,355.50441120061373,57.95132827758789,-32.506813049316406,7.366935401623382,0.7916948297676707,57.95686433756397,-32.775697394644084,-0.00553605997608031,0.26888434532767747,0.2689413302606211
909,30.318689225941423,23.818689225941423,1076.2973757254604,356.3734544536967,59.79356384277344,-32.689308166503906,7.416222530500194,0.7655500103377297,59.79294055266629,-32.75602582544795,0.0006232901071498986,0.06671765894404302,0.06672057033277905
910,30.352043119479312,23.852043119479312,1082.6142509291299,356.66371908240416,60.92876052856445,-32.75730514526367,7.35845303219943,0.7898727486148338,60.92853057182803,-32.76676891452924,0.00022995673642611791,0.009463769265565247,0.009466562671449713
911,30.385397013017204,23.885397013017204,1083.963358778626,356.5965648854962,61.17159652709961,-32.748416900634766,7.385280446830717,0.7714011000346546,61.171007433940126,-32.772660772868704,0.0005890931594834115,0.024243872233938646,0.024251028259562345
912,30.418750906555093,23.918750906555093,1090.1811094069528,357.21791922290384,62.28785705566406,-32.87616729736328,7.368348180503304,0.8491997974177516,62.24788621884186,-32.74335874693981,0.039970836822199374,-0.13280855042346928,0.1386931103618708
913,30.452104800092982,23.952104800092982,1096.4741943605236,357.15005035246725,63.419734954833984,-32.87919235229492,7.424638900748345,0.8379224398110998,63.39609089642542,-32.795356844957496,0.023644058408564206,-0.08383550733742595,0.08710587688871053
914,30.48545869363087,23.98545869363087,1101.9601084430674,357.6584043377227,64.40458679199219,-32.98467254638672,7.331527451754501,0.8267298637929166,64.41769919961547,-32.76775720491702,-0.013112407623282252,-0.2169153414697007,0.21731129882865263
915,30.51881258716876,24.01881258716876,1106.2028538372542,357.8783905386296,65.16678619384766,-33.03485870361328,7.347127972725746,0.7912138329942341,65.08787534415445,-32.72414648972121,0.07891084969320161,-0.3107122138920744,0.32057604723531236
916,30.55216648070665,24.05216648070665,1110.561336393777,357.95970415710275,65.95018005371094,-33.06020736694336,7.376819171820143,0.7784384289731624,65.98486753061844,-32.879948216558205,-0.034687476907507175,-0.1802591503851545,0.18356628871278785
917,30.58552037424454,24.08552037424454,1114.345029239766,358.173531655225,66.62979125976562,-33.108158111572266,7.38809871842608,0.8066350017663224,66.5484149426101,-32.74852653723529,0.08137631715553084,-0.3596315743369729,0.36872343870967467
918,30.618874267782427,24.118874267782427,1118.4592536176694,358.2947448591013,67.36910247802734,-33.140132904052734,7.393732038892606,0.8078655621803621,67.40999631025022,-32.74280825102488,-0.04089383222287779,-0.3973246530278516,0.39942356642738985
919,30.652228161320316,24.152228161320316,1123.0505127231295,358.37549056842636,68.19428253173828,-33.16593551635742,7.40358003569816,0.8167005458084939,68.11777230773524,-32.781292645675535,0.07651022400304441,-0.38464287068188696,0.3921784700151181
920,30.68558205485821,24.18558205485821,1127.6681823923202,358.12833143867624,69.02523803710938,-33.132389068603516,7.412010761567691,0.809115078816293,69.06682111249879,-32.79770221561693,-0.041583075389411306,-0.33468685298658585,0.3372601988389765
921,30.718935948396098,24.218935948396098,1130.0698843640018,358.091628959276,69.45709991455078,-33.13158416748047,7.430244517930989,0.833437798216136,69.49201930647939,-32.850530847509575,-0.03491939192861082,-0.2810533199708942,0.2832142874208958
922,30.752289841933987,24.252289841933987,1132.7677345537757,357.8338418510043,69.94293975830078,-33.0914421081543,7.38809871842608,0.8478243717862107,69.89525639416692,-32.813941274846364,0.047683364133860096,-0.27750083330793274,0.28156778171822033
923,30.785643735471876,24.285643735471876,1136.2293975289772,357.70857215641314,70.56564331054688,-33.07716751098633,7.381051021774383,0.8391401871635824,70.50960379014454,-32.71307290056528,0.05603952040233651,-0.3640946104210485,0.36838202071298076
924,30.818997629009765,24.318997629009765,1140.5979355488419,357.87651057401814,71.35037994384766,-33.118228912353516,7.424638900748345,0.8461444360914397,71.41091832371552,-32.735560809898296,-0.06053837986786448,-0.3826681024552201,0.3874271184025515
925,30.852351522547654,24.352351522547654,1145.5057211115302,358.1207091663523,72.23176574707031,-33.17441177368164,7.42884351018441,0.8792304765313146,72.18724702639328,-32.82446603666469,0.044518720677032775,-0.3499457370169523,0.35276611989682005
926,30.885705416085543,24.385705416085543,1149.6921910538288,358.3548142532221,72.98347473144531,-33.22701644897461,7.410606306650001,0.8388385534788326,72.92516335368796,-32.734346105876604,0.05831137775734874,-0.4926703430980055,0.49610914499157005
927,30.91905930962343,24.41905930962343,1154.6938073394494,358.65175840978594,73.88148498535156,-33.2929801940918,7.3796406747620305,0.8560286816696738,74.08145719089973,-32.74356107482967,-0.19997220554816408,-0.5494191192621258,0.5846796144920458
928,30.95241320316132,24.45241320316132,1160.1978691019788,359.0749619482496,74.86929321289062,-33.383033752441406,7.3965470902182435,0.8123773702277298,74.82818917568567,-32.888362188806774,0.04110403720495981,-0.4946715636346326,0.4963763670273587
929,30.98576709669921,24.48576709669921,1164.0235486714519,359.5246190656089,75.55532836914062,-33.47379684448242,7.423236835038413,0.8250164607932388,75.51358896395092,-32.83697658206606,0.041739405189701984,-0.6368202624163644,0.6381866690629296
930,31.019120990237102,24.519120990237102,1169.965573564518,360.1759014951627,76.6209716796875,-33.60622024536133,7.431645261560726,0.8366209270979379,76.58109366614053,-32.776006756106796,0.03987801354696785,-0.8302134892545325,0.8311706766390631
931,31.05247488377499,24.55247488377499,1175.4289637952559,360.7857677902622,77.60066223144531,-33.7299690246582,7.4554176375347465,0.8390946130213837,77.57040146857298,-32.739526275614956,0.030260762872330815,-0.9904427490432468,0.9909049161760978
932,31.08582877731288,24.58582877731288,1164.4198096580894,354.45999295029964,75.64371490478516,-32.55720520019531,7.685037906323071,0.836442506985012,75.66141702863769,-32.827287418805206,-0.017702123852529894,0.27008221860989323,0.2706617261419362
933,31.11918267085077,24.61918267085077,1157.736972397574,351.0887486075009,74.4538803100586,-31.930034637451172,7.487460129513694,0.8084720000094747,74.14885272388983,-32.768091042760574,0.30502758616876235,0.838056405309402,0.8918409986113323
934,31.152536564388658,24.652536564388658,1148.3648233486942,346.36341525857654,72.78483581542969,-31.050731658935547,7.362695438451086,0.8378738980809535,72.9686903937466,-32.72949582972302,-0.183854578316911,1.678764170787474,1.6888018377204133
935,31.185890457926547,24.685890457926547,1150.7200102092904,345.22817764165393,73.21204376220703,-30.850704193115234,7.373996589290252,0.8404480085712406,73.39653498509853,-32.68288814514545,-0.184491222891495,1.8321839520302134,1.8414491699205413
936,31.219244351464436,24.719244351464436,1146.7271562219657,343.6734589260541,72.49932861328125,-30.559110641479492,7.35845303219943,0.8202227757371885,72.75911085439793,-32.75399971431742,-0.2597822411166817,2.194889072837931,2.2102092332770122
937,31.252598245002325,24.752598245002325,1138.9203202439953,342.8509340449867,71.09829711914062,-30.390905380249023,7.389507451152856,0.8042094915500206,70.89439959723802,-32.653847161251505,0.20389752190260424,2.262941781002482,2.2721090870917067
938,31.285952138540214,24.785952138540214,1134.9808877153275,342.18684773041616,70.39207458496094,-30.260875701904297,7.42884351018441,0.7868259788237922,70.76348934953963,-32.67399617550987,-0.37141476457868805,2.4131204736055736,2.4415362679021237
939,31.319306032078106,24.819306032078106,1125.5187055016181,341.3203883495146,68.69328308105469,-30.080623626708984,7.321582540256476,0.791062816990838,68.48166034446925,-27.777550009467312,0.21162273658543995,-2.3030736172416724,2.312775879560004
940,31.352659925615995,24.852659925615995,1121.9353366298974,340.97540256117657,68.04994201660156,-30.009305953979492,7.397954214189923,0.7802963026509807,67.83154756649684,-27.840428755254024,0.21839445010472502,-2.1688771987254682,2.179845049306895
941,31.386013819153884,24.886013819153884,1117.4929470072436,340.84979031643155,67.25138092041016,-29.975658416748047,7.389507451152856,0.7148291000627348,67.53304551578668,-27.81934709280942,-0.281664595376526,-2.1563113239386276,2.174629501785207
942,31.419367712691773,24.919367712691773,1112.604214559387,340.65849297573436,66.37271881103516,-29.929004669189453,7.371172925932163,0.7562776407954105,66.07585319980595,-27.74767740895579,0.29686561122920807,-2.1813272602336617,2.2014353970464327
943,31.452721606229662,24.952721606229662,1108.5024099441907,340.5048198883815,65.63542938232422,-29.891101837158203,7.3965470902182435,0.7737565232408673,65.33960218000473,-27.850817138392074,0.29582720231948656,-2.040284698766129,2.061619602557991
944,31.48607549976755,24.98607549976755,1103.809614168248,340.81227071473745,64.79033660888672,-29.935367584228516,7.406391343958091,0.7574830852541375,65.23819899686914,-27.865519900213222,-0.4478623879824255,-2.0698476840152935,2.1177464800095396
945,31.51942939330544,25.01942939330544,1100.9804677460806,340.9600359804677,64.2809829711914,-29.95524024963379,7.348544559641971,0.7980210505651565,63.905015488151584,-27.76723838073554,0.3759674830398225,-2.1880018688982474,2.220068405839226
946,31.55278328684333,25.05278328684333,1098.784510485012,341.0012865045671,63.88584518432617,-29.95734977722168,7.344293979188208,0.799811717318154,63.592145840926506,-27.82099921863007,0.2936993433996662,-2.1363505585916087,2.1564445305891997
947,31.58613718038122,25.08613718038122,1095.0800924143243,341.10627647285327,63.21914291381836,-29.967321395874023,7.35279268287547,0.814994063125205,63.38437091606056,-27.80512175977821,-0.1652280022422019,-2.1621996360958136,2.1685035298698083
948,31.619491073919107,25.119491073919107,1086.8489953825033,340.1178085610882,61.741493225097656,-29.767913818359375,7.456813652458981,0.7592986762733229,61.94983203541848,-27.813325341565353,-0.20833881032082502,-1.9545884767940223,1.965660492939173
949,31.652844967457,25.152844967457,1079.8167821401078,339.3058763151142,60.47883605957031,-29.603439331054688,7.354208178640413,0.7825747046506794,60.31216606777441,-27.842350116693886,0.16666999179589936,-1.7610892143608012,1.7689584808873242
950,31.68619886099489,25.18619886099489,1075.4748631793304,339.2716049382716,59.697750091552734,-29.586591720581055,7.383870907654442,0.7825396091722934,60.030694858648076,-27.79018251161868,-0.3329447670953414,-1.7964092089623733,1.8270025352968153
951,31.719552754532778,25.219552754532778,1071.700165584002,338.4562476117692,59.02107238769531,-29.429452896118164,7.381051021774383,0.7643753129675515,59.05335316542587,-27.799515439046047,-0.0322807777305556,-1.629937457072117,1.6302570848113525
952,31.752906648070667,25.252906648070667,1067.469813251471,338.5766180608851,58.2595329284668,-29.440927505493164,7.365522351758726,0.7760560632110883,58.29233945593896,-27.78444362491032,-0.03280652747216095,-1.6564838805828437,1.6568087140269327
953,31.786260541608556,25.286260541608556,1061.311729571737,338.7065700851442,57.15106201171875,-29.449413299560547,7.389507451152856,0.8135987559736452,56.689490898627426,-27.77054959286928,0.46157111309132404,-1.678863706691267,1.7411580164033087
954,31.819614435146445,25.319614435146445,1055.6324786324785,337.8067355530042,56.13175582885742,-29.27227020263672,7.375408015581155,0.7935169122297366,56.117085328061975,-27.776162475032347,0.014670500795446628,-1.4961077276043717,1.4961796537151233
955,31.852968328684334,25.352968328684334,1048.196212987673,337.72258228491546,54.793766021728516,-29.238784790039062,7.389507451152856,0.7837347810172535,54.7583449825743,-27.800265061387616,0.03542103915421535,-1.4385197286514462,1.4389557532232167
