method,frame,time_s,x_px,y_px,marker_radius_px,marker_radius_mm,area_px2,x_mm,y_mm,motion_radius_px,motion_radius_mm,theta_rad,theta_unwrapped_rad,theta_unwrapped_deg,rev_float,rev_index
hough,0,0.0,1003.0,625.0,21.0,3.639509265479227,1298.0,9.548369728790934,-20.767696801747345,131.88838815795933,22.857571938572082,-1.1398472049166863,-1.1398472049166863,-65.30843413150963,0.0,1
hough,1,0.03335437139154,1000.0,627.0,21.0,3.639509265479227,1271.0,9.028439833722473,-21.114316731792986,132.50019259034977,22.96360374335048,-1.1667272004601057,-1.1667272004601057,-66.84854442947801,0.0042780841610232856,1
hough,2,0.06670874278308,995.0,630.0,21.0,3.639509265479227,1252.0,8.16189000860837,-21.634246626861447,133.41790741413257,23.122652867361197,-1.2100395237985335,-1.2100395237985335,-69.3301577576759,0.011171454517128549,1
hough,3,0.10006311417462001,992.0,631.0,20.0,3.466199300456407,1275.5,7.64196011353991,-21.807556591884268,133.33203869784623,23.107770963145057,-1.2337410150623072,-1.2337410150623072,-70.68815317525633,0.01494366401040751,1
hough,4,0.13341748556616,988.0,631.0,20.0,3.466199300456407,1279.5,6.948720253448628,-21.807556591884268,132.0631634283816,22.887862234575824,-1.262329188464511,-1.262329188464511,-72.32613485519076,0.019493613121336476,1
hough,5,0.1667718569577,983.0,634.0,20.0,3.466199300456407,1257.0,6.082170428334527,-22.32748648695273,133.52421547044455,23.14107711288227,-1.3048421176500564,-1.3048421176500564,-74.76194627226106,0.026259755946531745,1
hough,6,0.20012622834924002,979.0,633.0,20.0,3.466199300456407,1265.0,5.388930568243246,-22.15417652192991,131.55722377493322,22.800177850933025,-1.3321837304885291,-1.3321837304885291,-76.32850529298625,0.030611308781879506,1
hough,7,0.23348059974078,973.0,635.0,20.0,3.466199300456407,1293.0,4.349070778106324,-22.50079645197555,132.23271976513107,22.91724803736727,-1.379865570538347,-1.379865570538347,-79.06047348725866,0.038200109321525094,1
hough,8,0.26683497113232,970.0,636.0,20.0,3.466199300456407,1286.0,3.829140883037862,-22.67410641699837,132.68227726807223,22.995160832477747,-1.403497579373352,-1.403497579373352,-80.41448785492032,0.04196126034280749,1
hough,9,0.30018934252386004,964.0,635.0,22.0,3.8128192305020474,1277.0,2.78928109290094,-22.50079645197555,130.82353384275123,22.67302207444897,-1.4474618578527778,-1.4474618578527778,-82.93345546112927,0.048958392582276786,1
hough,10,0.3335437139154,960.0,636.0,21.0,3.639509265479227,1276.0,2.096041232809659,-22.67410641699837,131.38760664351204,22.77078151181915,-1.478616241561601,-1.478616241561601,-84.71847016097597,0.053916766748517614,1
hough,11,0.36689808530694,956.0,638.0,21.0,3.639509265479227,1262.5,1.4028013727183777,-23.02072634704401,133.07617718033663,23.063427612494785,-1.5099351318926244,-1.5099351318926244,-86.51291039597669,0.05890132295685295,1
hough,12,0.40025245669848003,951.0,638.0,20.0,3.466199300456407,1252.5,0.536251547604276,-23.02072634704401,132.8658239434305,23.026971300364146,-1.547506245641427,-1.547506245641427,-88.66557664538901,0.06488095142744273,1
hough,13,0.43360682809002005,948.0,637.0,21.0,3.639509265479227,1248.0,0.016321652535814895,-22.84741638202119,131.82982414723142,22.847422211921234,-1.5700819506270878,-1.5700819506270878,-89.95906926059983,0.06847398646969502,1
hough,14,0.46696119948156,943.0,638.0,20.0,3.466199300456407,1255.0,-0.8502281725782868,-23.02072634704401,132.92035342618377,23.036421803112827,-1.60771270766482,-1.60771270766482,-92.11515281874411,0.07446310746454023,1
hough,15,0.5003155708731001,938.0,638.0,21.0,3.639509265479227,1262.0,-1.7167779976923885,-23.02072634704401,133.19864336462265,23.084652222609872,-1.6452338550509238,-1.6452338550509238,-94.26495620645618,0.08043478354151819,1
hough,16,0.53366994226464,933.0,636.0,21.0,3.639509265479227,1297.0,-2.58332782280649,-22.67410641699837,131.6761849059109,22.820795000381842,-1.6842401035072925,-1.6842401035072925,-96.49984961764478,0.08664282079481987,1
hough,17,0.56702431365618,930.0,635.0,20.0,3.466199300456407,1285.5,-3.103257717874951,-22.50079645197555,131.05873886887102,22.71378544929898,-1.7078493991105295,-1.7078493991105295,-97.85256261298703,0.09040035689299278,1
hough,18,0.6003786850477201,925.0,635.0,20.0,3.466199300456407,1277.0,-3.9698075429890527,-22.50079645197555,131.83493950062422,22.84830875363882,-1.7454288193798269,-1.7454288193798269,-100.00570479096615,0.09638130738737923,1
hough,19,0.63373305643926,921.0,634.0,20.0,3.466199300456407,1268.5,-4.663047403080334,-22.32748648695273,131.60941563392566,22.80922322018948,-1.776684773184763,-1.776684773184763,-101.79653902864486,0.10135584693648675,1
hough,20,0.6670874278308,916.0,633.0,21.0,3.639509265479227,1272.0,-5.529597228194436,-22.15417652192991,131.7514210235336,22.833834169295482,-1.8153948623313194,-1.8153948623313194,-104.01446376131771,0.10751674897168913,1
hough,21,0.7004417992223401,913.0,631.0,20.0,3.466199300456407,1304.5,-6.049527123262897,-21.807556591884268,130.58159412117152,22.631091509764357,-1.8413971497186508,-1.8413971497186508,-105.50428508629805,0.11165514154107896,1
hough,22,0.73379617061388,908.0,629.0,20.0,3.466199300456407,1253.0,-6.916076948376999,-21.460936661838627,130.10108301019665,22.547814145928225,-1.882551184052678,-1.882551184052678,-107.8622375635743,0.11820500953351297,1
hough,23,0.7671505420054201,904.0,631.0,20.0,3.466199300456407,1320.5,-7.60931680846828,-21.807556591884268,133.26986738887442,23.09699605576173,-1.9065178477620457,-1.9065178477620457,-109.23542624313042,0.12201942253227997,1
hough,24,0.8005049133969601,901.0,628.0,20.0,3.466199300456407,1288.5,-8.12924670353674,-21.287626696815806,131.48122966544244,22.787007314475236,-1.9355821334897834,-1.9355821334897834,-110.90068714989211,0.12664514727328466,1
hough,25,0.8338592847885,897.0,626.0,20.0,3.466199300456407,1283.0,-8.822486563628022,-20.941006766770165,131.11537355966178,22.723600805579004,-1.9695305104550918,-1.9695305104550918,-112.84578587132341,0.13204819927726053,1
hough,26,0.8672136561800401,893.0,625.0,20.0,3.466199300456407,1267.0,-9.515726423719304,-20.767696801747345,131.8098182764084,22.843954995148646,-2.000447130341058,-2.000447130341058,-114.61717770759951,0.13696873215580524,1
hough,27,0.90056802757158,890.0,623.0,21.0,3.639509265479227,1295.0,-10.035656318787765,-20.421076871701704,131.2895425217324,22.753786022303522,-2.0275694511451445,-2.0275694511451445,-116.17117222027355,0.14128538357989978,1
hough,28,0.93392239896312,885.0,620.0,20.0,3.466199300456407,1291.0,-10.902206143901866,-19.901146976633246,130.93136931899917,22.69171103706572,-2.071962739317381,-2.071962739317381,-118.71472027125074,0.1483507948326142,1
hough,29,0.9672767703546601,882.0,618.0,21.0,3.639509265479227,1282.0,-11.422136038970327,-19.554527046587605,130.66804985632152,22.646075150199227,-2.0994554468572084,-2.0994554468572084,-120.28993638067034,0.15272639513655753,1
hough,30,1.0006311417462002,877.0,616.0,21.0,3.639509265479227,1255.0,-12.28868586408443,-19.207907116541964,131.57081108837866,22.80253266775101,-2.139947927217599,-2.139947927217599,-122.60998460733708,0.15917097354396514,1
hough,31,1.03398551313774,874.0,613.0,20.0,3.466199300456407,1251.0,-12.80861575915289,-18.687977221473503,130.72618150524582,22.656149944241015,-2.1716517715660015,-2.1716517715660015,-124.42648108284024,0.16421679708702946,1
hough,32,1.06733988452928,871.0,613.0,19.0,3.2928893354335864,1237.0,-13.328545654221351,-18.687977221473503,132.4453452352444,22.95409815015557,-2.1903364664821305,-2.1903364664821305,-125.49703524302399,0.16719055864309545,1
hough,33,1.1006942559208202,868.0,608.0,20.0,3.466199300456407,1259.5,-13.848475549289812,-17.8214273963594,130.22636642760594,22.56952701061737,-2.23139760833272,-2.23139760833272,-127.84966537305075,0.17372564233761423,1
hough,34,1.13404862731236,866.0,605.0,22.0,3.8128192305020474,1246.0,-14.195095479335453,-17.30149750129094,129.12997740872908,22.379511868104416,-2.257885819224558,-2.257885819224558,-129.36732806400553,0.17794137203471086,1
hough,35,1.1674029987039,860.0,602.0,21.0,3.639509265479227,1282.0,-15.234955269472374,-16.781567606222477,130.78012926132217,22.66549962795967,-2.307925319962791,-2.307925319962791,-132.23438026524803,0.18590540592705113,1
hough,36,1.2007573700954401,858.0,597.0,19.0,3.2928893354335864,1278.0,-15.581575199518015,-15.915017781108377,128.51368643150536,22.272702500397894,-2.345608261847086,-2.345608261847086,-134.3934537948549,0.19190283239818132,1
hough,37,1.23411174148698,854.0,596.0,19.0,3.2928893354335864,1239.5,-16.274815059609296,-15.741707816085556,130.64591310326333,22.64223863030099,-2.3728439553681904,-2.3728439553681904,-135.953944085726,0.196237527650601,1
hough,38,1.26746611287852,851.0,592.0,20.0,3.466199300456407,1222.5,-16.794744954677757,-15.048467955994274,130.11591459178533,22.550384606814593,-2.4109794632378123,-2.4109794632378123,-138.13894773624327,0.20230698223537122,1
hough,39,1.3008204842700601,845.0,591.0,17.0,2.946269405387946,1200.0,-17.83460474481468,-14.875157990971454,134.00134900858518,23.22376910968864,-2.4464247669158015,-2.4464247669158015,-140.16981404055159,0.20794827752511655,1
hough,40,1.3341748556616,845.0,585.0,19.0,3.2928893354335864,1247.0,-17.83460474481468,-13.835298200834533,130.23979441789965,22.5718542151455,-2.481810562947816,-2.481810562947816,-142.19727080789679,0.2135801018788532,1
hough,41,1.36752922705314,842.0,581.0,20.0,3.466199300456407,1266.5,-18.35453463988314,-13.142058340743251,130.25436909942061,22.574380152690118,-2.5202013334923286,-2.5202013334923286,-144.3968999323525,0.21969018278011912,1
hough,42,1.4008835984446801,841.0,578.0,22.0,3.8128192305020474,1233.0,-18.52784460490596,-12.62212844567479,129.3562274275306,22.41872325094932,-2.543560468179001,-2.543560468179001,-145.7352797629765,0.22340790453185239,1
hough,43,1.43423796983622,838.0,573.0,20.0,3.466199300456407,1235.5,-19.047774499974423,-11.755578620560689,129.15173484215006,22.383282648129594,-2.588648908896998,-2.588648908896998,-148.31865712094353,0.2305839527484275,1
hough,44,1.46759234122776,837.0,570.0,20.0,3.466199300456407,1234.5,-19.221084464997244,-11.235648725492227,128.4640164307965,22.26409419431236,-2.612612317481419,-2.612612317481419,-149.6916592955784,0.2343978476779688,1
hough,45,1.5009467126193001,835.0,565.0,20.0,3.466199300456407,1251.0,-19.567704395042885,-10.369098900378127,127.7784367886034,22.145276410503516,-2.654305270897578,-2.654305270897578,-152.0804895617599,0.24103348730625074,1
hough,46,1.5343010840108402,832.0,562.0,20.0,3.466199300456407,1231.0,-20.087634290111346,-9.849169005309665,129.08828416486048,22.372286013467864,-2.6857270095602668,-2.6857270095602668,-153.88082257209498,0.24603441233495932,1
hough,47,1.56765545540238,830.0,558.0,19.0,3.2928893354335864,1226.5,-20.434254220156983,-9.155929145218384,129.20050340556818,22.391734726149803,-2.7203467970452113,-2.7203467970452113,-155.86439028262214,0.2515443226419792,1
hough,48,1.6010098267939201,829.0,551.0,20.0,3.466199300456407,1226.5,-20.607564185179804,-7.942759390058641,127.43219632799983,22.085269488386825,-2.7737099689620184,-2.7737099689620184,-158.92187481488622,0.26003733523160166,1
hough,49,1.6343641981854602,827.0,547.0,20.0,3.466199300456407,1248.0,-20.954184115225445,-7.24951952996736,127.93728788981876,22.172806889298986,-2.808512516930789,-2.808512516930789,-160.9159139297984,0.26557633277302434,1
hough,50,1.667718569577,825.0,544.0,20.0,3.466199300456407,1242.0,-21.300804045271086,-6.729589634898899,128.8937321410322,22.338568209023062,-2.835584867969201,-2.835584867969201,-162.46704538579598,0.26988503126190655,1
hough,51,1.7010729409685401,823.0,539.0,20.0,3.466199300456407,1216.0,-21.647423975316727,-5.863039809784797,129.406026041492,22.427353846993157,-2.8770958435095175,-2.8770958435095175,-164.8454490877269,0.27649170821171465,1
hough,52,1.7344273123600802,822.0,537.0,19.0,3.2928893354335864,1243.0,-21.820733940339547,-5.516419879739156,129.86690133233927,22.50722812752978,-2.893974478495659,-2.893974478495659,-165.8125236363747,0.27917802640240297,1
hough,53,1.76778168375162,821.0,530.0,20.0,3.466199300456407,1230.5,-21.994043905362368,-4.303250124579414,129.31205141976986,22.41106710858946,-2.9483782085665062,-2.9483782085665062,-168.92962775920319,0.28783664896581546,1
hough,54,1.80113605514316,821.0,526.0,20.0,3.466199300456407,1211.5,-21.994043905362368,-3.6100102644881327,128.60392030696397,22.2883409301975,-2.978907435013792,-2.978907435013792,-170.67882358643183,0.2926955262636728,1
hough,55,1.8344904265347002,820.0,520.0,20.0,3.466199300456407,1221.0,-22.16735387038519,-2.5701504743512107,128.7626594943694,22.315852013214485,-3.0261649921529234,-3.0261649921529234,-173.3864821606024,0.3002168000808133,1
hough,56,1.86784479792624,820.0,516.0,20.0,3.466199300456407,1235.5,-22.16735387038519,-1.8769106142599294,128.36348451173197,22.246671010935607,-3.0571240868993077,-3.0571240868993077,-175.16030762711586,0.3051440930433506,1
hough,57,1.90119916931778,820.0,512.0,20.0,3.466199300456407,1224.0,-22.16735387038519,-1.183670754168648,128.0880393788756,22.198933624594567,-3.0882462909907327,-3.0882462909907327,-176.94347857069928,0.3100973456644157,1
hough,58,1.9345535407093202,819.0,509.0,19.0,3.2928893354335864,1234.0,-22.34066383540801,-0.663740859100187,128.96270289009655,22.350521527131004,-3.1118914022599715,-3.1118914022599715,-178.2982436525439,0.313860582002873,1
hough,59,1.96790791210086,820.0,501.0,19.0,3.2928893354335864,1195.5,-22.16735387038519,0.7227388610823757,127.97378810027436,22.17913273949637,3.109000448991834,-3.1741848581877523,-181.86739576848993,0.32377489343605637,1
hough,60,2.0012622834924003,819.0,498.0,19.0,3.2928893354335864,1214.5,-22.34066383540801,1.2426687561508367,129.10508644328792,22.375198015754425,3.086026286426004,-3.197159020753582,-183.18371832135944,0.32743134497180504,1
hough,61,2.03461665488394,821.0,493.0,20.0,3.466199300456407,1192.0,-21.994043905362368,2.109218581264938,127.48804706618004,22.094948977867336,3.0459854941150084,-3.237199813064578,-185.47788672913936,0.33380403499341593,1
hough,62,2.06797102627548,822.0,489.0,21.0,3.639509265479227,1214.5,-21.820733940339547,2.8024584413562197,126.93995498987861,21.99995915929425,3.0138608932237134,-3.269324413955873,-187.31849077875276,0.3389168240201198,1
hough,63,2.1013253976670203,821.0,484.0,20.0,3.466199300456407,1220.5,-21.994043905362368,3.6690082664703216,128.65949601794927,22.29797275472448,2.9762964777548753,-3.306888829424711,-189.47077324499313,0.34489538642634304,1
hough,64,2.13467976905856,822.0,480.0,20.0,3.466199300456407,1192.0,-21.820733940339547,4.362248126561603,128.39710255171872,22.252497352269845,2.944280760339461,-3.338904546840125,-191.30513873097985,0.3499908461096395,1
hough,65,2.1680341404501,823.0,475.0,20.0,3.466199300456407,1212.5,-21.647423975316727,5.228797951675705,128.49788477147447,22.26996391525064,2.904588600107103,-3.378596707072483,-193.57933199205098,0.3563080496126149,1
hough,66,2.2013885118416403,825.0,473.0,20.0,3.466199300456407,1240.5,-21.300804045271086,5.575417881721346,127.04630625490364,22.01839089331587,2.8855890731990357,-3.3975962339805506,-194.6679246966285,0.35933191823644123,1
hough,67,2.23474288323318,825.0,465.0,20.0,3.466199300456407,1215.0,-21.300804045271086,6.961897601903908,129.30385641919673,22.409646833326768,2.8256998644507774,-3.457485442728809,-198.09932359628166,0.36886358184658896,1
hough,68,2.26809725462472,827.0,462.0,20.0,3.466199300456407,1196.0,-20.954184115225445,7.481827496972369,128.38179483918492,22.249844373146036,2.7986453095758974,-3.484539997603689,-199.64943540721737,0.3731694479880771,1
hough,69,2.3014516260162603,828.0,456.0,19.0,3.2928893354335864,1204.5,-20.780874150202624,8.521687287109291,129.59597259243748,22.460273477093722,2.7524324400312805,-3.5307528671483057,-202.29723779131257,0.3805244546105638,1
hough,70,2.3348059974078,831.0,453.0,20.0,3.466199300456407,1179.0,-20.260944255134167,9.041617182177752,128.0183675321134,22.18685879926913,2.721854572477139,-3.561330734702447,-204.0492205486749,0.3853910733810147,1
hough,71,2.36816036879934,831.0,450.0,19.0,3.2928893354335864,1209.0,-20.260944255134167,9.561547077246214,129.26996434800822,22.403772999654535,2.700660227325791,-3.582525079853795,-205.26356707539068,0.3887642581774473,1
hough,72,2.4015147401908803,833.0,446.0,20.0,3.466199300456407,1209.5,-19.914324325088526,10.254786937337494,129.24574291934078,22.39957518469938,2.6660604460733133,-3.617124861106273,-207.24598851323353,0.39427098439367747,1
hough,73,2.43486911158242,835.0,442.0,20.0,3.466199300456407,1182.5,-19.567704395042885,10.948026797428776,129.37619735874654,22.422184239029864,2.6314890866222194,-3.651696220557367,-209.22678150181093,0.39977318713972587,1
hough,74,2.46822348297396,837.0,438.0,20.0,3.466199300456407,1168.0,-19.221084464997244,11.641266657520058,129.6608607994191,22.471519249976105,2.597028453584983,-3.6861568535946034,-211.20123033419367,0.40525776722967793,1
hough,75,2.5015778543655003,841.0,432.0,18.0,3.119579370410766,1207.0,-18.52784460490596,12.681126447656979,129.54819468350374,22.45199308936755,2.5413887834903823,-3.741796523689204,-214.38914860411455,0.4141130957572359,1
hough,76,2.53493222575704,844.0,430.0,20.0,3.466199300456407,1209.5,-18.0079147098375,13.02774637770262,128.24578215356541,22.22627201935866,2.515304085609751,-3.7678812215698354,-215.88369170254856,0.4182646043639971,1
hough,77,2.56828659714858,848.0,427.0,21.0,3.639509265479227,1207.5,-17.31467484974622,13.547676272771081,126.8532825974178,21.984937969988422,2.477651760152128,-3.805533547027458,-218.04101104012332,0.42425715807948244,1
hough,78,2.6016409685401203,847.0,422.0,21.0,3.639509265479227,1212.0,-17.48798481476904,14.414226097885182,130.76417341344163,22.662734320521583,2.4522473910245037,-3.8309379161550825,-219.49657417232865,0.428300389002275,1
hough,79,2.63499533993166,851.0,420.0,20.0,3.466199300456407,1203.5,-16.794744954677757,14.760846027930823,129.01435305840408,22.359473015993807,2.420559927010401,-3.8626253801691854,-221.31213212380945,0.4333436055341661,1
hough,80,2.6683497113232,855.0,417.0,20.0,3.466199300456407,1226.5,-16.101505094586475,15.280775922999284,128.083870805965,22.198211169369234,2.3823411597910216,-3.9008441473885647,-223.50190618367282,0.4394263112560089,1
hough,81,2.7017040827147403,857.0,414.0,19.0,3.2928893354335864,1223.0,-15.754885164540836,15.800705818067746,128.7473336496467,22.313195891601648,2.354742429879223,-3.928442877300363,-225.0831969275403,0.44381878554452975,1
hough,82,2.73505845410628,862.0,411.0,20.0,3.466199300456407,1206.5,-14.888335339426733,16.320635713136205,127.46701118174528,22.09130324947172,2.310332803583245,-3.972852503596341,-227.62768108405305,0.4508867970903984,1
hough,83,2.76841282549782,864.0,408.0,20.0,3.466199300456407,1227.0,-14.541715409381094,16.840565608204667,128.38316439806857,22.250081731348256,2.2830719694536135,-4.000113337725972,-229.1896118256871,0.45522549359493747,1
hough,84,2.8017671968893603,867.0,405.0,20.0,3.466199300456407,1217.5,-14.021785514312633,17.36049550327313,128.76266234537462,22.315852507322102,2.250204792923574,-4.032980514256012,-231.07276232536984,0.4604564672051672,1
hough,85,2.8351215682809,870.0,403.0,19.0,3.2928893354335864,1182.0,-13.501855619244171,17.70711543331877,128.4837309105465,22.267510910108278,2.2222559859125464,-4.060929321267039,-232.67411100952734,0.46490465799449365,1
hough,86,2.86847593967244,874.0,399.0,19.0,3.2928893354335864,1188.5,-12.80861575915289,18.40035529341005,129.360674832953,22.419494030627522,2.178904744907261,-4.104280562272326,-235.15795415578472,0.471804222289653,1
hough,87,2.9018303110639803,877.0,398.0,20.0,3.466199300456407,1206.0,-12.28868586408443,18.57366525843287,128.50326715176968,22.27089673539134,2.1552960973090505,-4.127889209870536,-236.51063002317383,0.47556165525462274,1
hough,88,2.93518468245552,881.0,396.0,19.0,3.2928893354335864,1236.5,-11.595446003993148,18.920285188478513,128.04110244471107,22.190798986176233,2.120616550791944,-4.162568756387643,-238.49762167403165,0.4810810765070056,1
hough,89,2.9685390538470604,885.0,393.0,21.0,3.639509265479227,1205.0,-10.902206143901866,19.440215083546974,128.6052043302198,22.288563464223056,2.081898679579102,-4.201286627600484,-240.71599228625854,0.4872432170965248,1
hough,90,3.0018934252386003,889.0,390.0,20.0,3.466199300456407,1216.5,-10.208966283810586,19.960144978615432,129.36024600462918,22.419419710405716,2.0435758259946786,-4.239609481184908,-242.9117300555438,0.49334248867787267,1
hough,91,3.03524779663014,893.0,389.0,21.0,3.639509265479227,1165.0,-9.515726423719304,20.133454943638252,128.49189497385973,22.268925823635534,2.0123112760634077,-4.270874031116179,-244.7030568149817,0.4983183963429779,1
hough,92,3.0686021680216804,896.0,386.0,19.0,3.2928893354335864,1194.5,-8.995796528650843,20.653384838706714,129.98366584837055,22.527464581719066,1.9815776159991572,-4.301607691180429,-246.463965825653,0.5032098102615093,1
hough,93,3.1019565394132202,902.0,385.0,20.0,3.466199300456407,1171.5,-7.955936738513921,20.826694803729534,128.63990018373903,22.29457660138291,1.9356956535795085,-4.3474896536000776,-249.09280862807668,0.510512151379353,1
hough,94,3.13531091080476,905.0,382.0,19.0,3.2928893354335864,1178.5,-7.43600684344546,21.346624698797996,130.42933041570748,22.60470269229614,1.9059967029602978,-4.377188604219288,-250.7944331545249,0.5152388861750424,1
hough,95,3.1686652821963004,910.0,382.0,19.0,3.2928893354335864,1173.0,-6.569457018331358,21.346624698797996,128.87106732488664,22.334640170529628,1.8693493838315653,-4.413835923348021,-252.89416987107035,0.5210714881654465,1
hough,96,3.2020196535878402,913.0,381.0,20.0,3.466199300456407,1179.0,-6.049527123262897,21.519934663820816,128.983167385894,22.35406822818187,1.8448365459009886,-4.438348761278598,-254.2986520283806,0.5249728274913081,1
hough,97,3.23537402497938,919.0,380.0,20.0,3.466199300456407,1196.5,-5.009667333125975,21.693244628843637,128.46450093624713,22.26417816393506,1.7977498383988133,-4.485435468780773,-256.9965216394222,0.5324669097442016,1
hough,98,3.2687283963709204,922.0,378.0,21.0,3.639509265479227,1164.5,-4.489737438057514,22.039864558889278,129.7820245458662,22.49251813463488,1.771756489049006,-4.511428818130581,-258.4858308525753,0.536603879780738,1
hough,99,3.3020827677624602,927.0,377.0,20.0,3.466199300456407,1154.5,-3.623187612943412,22.213174523912098,129.86399067860253,22.506723682232472,1.73248233647099,-4.550702970708596,-260.7360740392485,0.5428545552992746,1
hough,100,3.335437139154,931.0,376.0,21.0,3.639509265479227,1180.5,-2.9299477528521307,22.38648448893492,130.27183080991603,22.577406441125316,1.7009368132289773,-4.582248493950609,-262.54349938354767,0.5478751812556613,1
hough,101,3.3687915105455404,935.0,376.0,21.0,3.639509265479227,1214.0,-2.2367078927608497,22.38648448893492,129.81334026663023,22.49794546110516,1.6703791525367948,-4.612806154642792,-264.2943243730025,0.5527385840041469,1
hough,102,3.4021458819370802,941.0,378.0,19.0,3.2928893354335864,1190.5,-1.1968481026239275,22.039864558889278,127.3575776549372,22.072337328768292,1.6250468288490827,-4.658138478330503,-266.8916751958293,0.559953447400888,1
hough,103,3.43550025332862,946.0,377.0,19.0,3.2928893354335864,1189.0,-0.33029827750982577,22.213174523912098,128.1843780102775,22.215630069433175,1.585664707595371,-4.697520599584215,-269.14810453193945,0.5662213066678606,1
hough,104,3.4688546247201604,950.0,376.0,20.0,3.466199300456407,1192.0,0.3629415825814556,22.38648448893492,129.18718432366632,22.389426396531253,1.554585215644056,-4.72860009153553,-270.9288282501606,0.5711677614406973,1
hough,105,3.5022089961117002,956.0,375.0,19.0,3.2928893354335864,1181.5,1.4028013727183777,22.55979445395774,130.42162062088642,22.603366508025367,1.5086948052447955,-4.774490501934791,-273.55815508616155,0.5784714470962554,1
hough,106,3.53556336750324,960.0,376.0,19.0,3.2928893354335864,1185.0,2.096041232809659,22.38648448893492,129.73516144441442,22.484396292161414,1.4774387365942525,-4.805746570585334,-275.3489959040088,0.5834460049236089,1
hough,107,3.5689177388947804,965.0,377.0,20.0,3.466199300456407,1185.0,2.9625910579237607,22.213174523912098,129.3051176744032,22.409865421422484,1.4382078850924631,-4.844977422087123,-277.5967581217658,0.5896897888618227,1
hough,108,3.60227211028632,967.0,377.0,21.0,3.639509265479227,1181.5,3.309210987969401,22.213174523912098,129.58468335840283,22.458316940338044,1.4229088286749123,-4.860276478504674,-278.473329485024,0.5921247093153178,1
hough,109,3.63562648167786,973.0,379.0,21.0,3.639509265479227,1220.0,4.349070778106324,21.866554593866457,128.64151521204562,22.294856501882236,1.3744669060347643,-4.908718401144822,-281.2488472038037,0.5998344807563724,1
hough,110,3.6689808530694004,978.0,380.0,19.0,3.2928893354335864,1193.5,5.215620603220425,21.693244628843637,128.73709946178664,22.311422204861586,1.3348485613982166,-4.948336745781369,-283.5188111427726,0.6061399361423973,1
hough,111,3.70233522446094,982.0,381.0,20.0,3.466199300456407,1167.0,5.908860463311706,21.519934663820816,128.7658874370996,22.31641144785615,1.3028242234496663,-4.98036108372992,-285.3536705489252,0.6112367678261544,1
hough,112,3.73568959585248,987.0,382.0,20.0,3.466199300456407,1221.5,6.7754102884258085,21.346624698797996,129.22559773220934,22.396083823022252,1.263454006878974,-5.019731300300612,-287.6094177969419,0.6175027324039786,1
hough,113,3.7690439672440204,992.0,383.0,20.0,3.466199300456407,1203.5,7.64196011353991,21.173314733775175,129.88401152963274,22.510193495224243,1.2244228871088998,-5.058762420070686,-289.8457362294368,0.6237147280497978,1
hough,114,3.80239833863556,996.0,387.0,19.0,3.2928893354335864,1196.0,8.335199973631191,20.480074873683893,127.58231924413181,22.111287285730782,1.18427805045223,-5.098907256727356,-292.14586593910605,0.6301039772433235,1
hough,115,3.8357527100271,1000.0,387.0,20.0,3.466199300456407,1192.5,9.028439833722473,20.480074873683893,129.1433373903745,22.381827286056094,1.1555857685681337,-5.127599538611452,-293.78981259566444,0.6346704957337634,1
hough,116,3.8691070814186403,1005.0,390.0,20.0,3.466199300456407,1199.0,9.894989658836574,19.960144978615432,128.5454086933552,22.278200284489536,1.110564637576002,-5.172620669603584,-296.36933339041923,0.641835831274749,1
hough,117,3.90246145281018,1009.0,392.0,20.0,3.466199300456407,1212.0,10.588229518927855,19.61352504856979,128.6079105918018,22.289032486323176,1.0757844160870422,-5.207400891092544,-298.36209329226676,0.6473712754465476,1
hough,118,3.93581582420172,1013.0,394.0,21.0,3.639509265479227,1214.5,11.281469379019137,19.266905118524154,128.82572428453895,22.32678176979294,1.0410799043109462,-5.24210540286864,-300.3505153470992,0.6528946700433044,1
hough,119,3.9691701955932603,1019.0,396.0,20.0,3.466199300456407,1222.0,12.321329169156058,18.920285188478513,130.27861110861403,22.57858153445551,0.9935616735191054,-5.289623633660481,-303.07310942140026,0.6604574313608074,1
hough,120,4.002524566984801,1023.0,399.0,21.0,3.639509265479227,1218.0,13.01456902924734,18.40035529341005,130.04325689574975,22.53779230405603,0.9551878995365415,-5.3279974076430445,-305.27176471459006,0.6665648071752235,1
hough,121,4.0358789383763405,1025.0,402.0,20.0,3.466199300456407,1244.0,13.361188959292981,17.88042539834159,128.7928729061208,22.321088298548343,0.9290560681607025,-5.354129239018883,-306.7690083633732,0.6707238173107322,1
hough,122,4.06923330976788,1030.0,405.0,20.0,3.466199300456407,1221.0,14.227738784407082,17.36049550327313,129.5126426849124,22.445831573735198,0.884249716505733,-5.398935590673853,-309.33622320858194,0.6778549696585342,1
hough,123,4.10258768115942,1032.0,406.0,20.0,3.466199300456407,1246.5,14.574358714452723,17.187185538250308,130.02523178427094,22.534668372616103,0.8674771913210477,-5.415708115858538,-310.2972181134413,0.6805243999498103,1
hough,124,4.13594205255096,1036.0,409.0,19.0,3.2928893354335864,1221.0,15.267598574544005,16.667255643181846,130.41968046356297,22.603030259427502,0.8291986414694824,-5.4539866657101035,-312.49041746581713,0.6866166203730765,1
hough,125,4.1692964239425,1040.0,412.0,21.0,3.639509265479227,1252.5,15.960838434635287,16.147325748113385,131.00391293347823,22.704283568353713,0.7912061945097986,-5.491979112669788,-314.66722432998165,0.6926633061068668,1
hough,126,4.202650795334041,1043.0,415.0,20.0,3.466199300456407,1214.0,16.480768329703746,15.627395853044925,131.04796451450017,22.711918146319825,0.7588263663249746,-5.524358940854611,-316.5224518263308,0.6978167158189477,1
hough,127,4.2360051667255805,1046.0,419.0,20.0,3.466199300456407,1229.0,17.000698224772208,14.934155992953643,130.56711831055458,22.628582707532658,0.7207770798178541,-5.562408227361733,-318.7025153566729,0.7038724478476758,1
hough,128,4.26935953811712,1048.0,424.0,19.0,3.2928893354335864,1246.5,17.34731815481785,14.067606167839541,128.86988396563103,22.33443508257843,0.6813751922819279,-5.601810114897658,-320.9600772173306,0.7101434530161694,1
hough,129,4.30271390950866,1051.0,427.0,20.0,3.466199300456407,1253.5,17.86724804988631,13.547676272771081,129.37925178646904,22.422713601791614,0.6487543859907882,-5.634430921188798,-322.8291117421267,0.7153352155850475,1
hough,130,4.3360682809002,1054.0,431.0,20.0,3.466199300456407,1243.0,18.38717794495477,12.8544364126798,129.44958158818133,22.434902457266436,0.6101202322338403,-5.673065074945746,-325.0426856974593,0.7214840321276381,1
hough,131,4.36942265229174,1057.0,434.0,20.0,3.466199300456407,1234.0,18.907107840023233,12.334506517611338,130.25643159885257,22.574737604394528,0.5780423385767123,-5.705142968602874,-326.8806136196822,0.7265893874671461,1
hough,132,4.402777023683281,1057.0,438.0,21.0,3.639509265479227,1228.0,18.907107840023233,11.641266657520058,128.11469976913585,22.203554135898063,0.5518898557454273,-5.731295451434159,-328.3790405097032,0.7307516843838711,1
hough,133,4.4361313950748205,1062.0,441.0,19.0,3.2928893354335864,1213.5,19.773657665137332,11.121336762451596,130.9018594243544,22.686596678257004,0.5123377620890744,-5.770847545090512,-330.6452085471184,0.7370465955989133,1
hough,134,4.46948576646636,1063.0,445.0,20.0,3.466199300456407,1209.0,19.946967630160152,10.428096902360315,129.8734902779464,22.508370057462486,0.4817137961842846,-5.8014715109953015,-332.39983254541534,0.7419205511497381,1
hough,135,4.5028401378579,1065.0,451.0,20.0,3.466199300456407,1257.5,20.293587560205793,9.388237112223393,129.01727662365997,22.359979698986045,0.43329973413809864,-5.849885573041488,-335.1737539697463,0.7496258884395464,1
hough,136,4.53619450924944,1068.0,454.0,20.0,3.466199300456407,1267.0,20.813517455274255,8.868307217154932,130.54118686030606,22.624088528797095,0.40278846492248693,-5.880396842257099,-336.92192092338826,0.7544819077552185,1
hough,137,4.56954888064098,1069.0,461.0,19.0,3.2928893354335864,1264.5,20.986827420297075,7.6551374619951895,128.89843632167026,22.33938349040491,0.3497623093303326,-5.933422997849254,-339.96009584262276,0.7629212825308699,1
hough,138,4.602903252032521,1071.0,462.0,20.0,3.466199300456407,1259.5,21.333447350342716,7.481827496972369,130.44478974453241,22.607381948034067,0.33730611812741307,-5.945879189052173,-340.673783027358,0.7649037469329122,1
hough,139,4.6362576234240604,1072.0,465.0,20.0,3.466199300456407,1252.5,21.506757315365537,6.961897601903908,130.43393065725016,22.605499959996997,0.31306238940882186,-5.970122917770764,-342.0628463625934,0.768762256197455,1
hough,140,4.6696119948156,1073.0,470.0,20.0,3.466199300456407,1256.5,21.680067280388357,6.095347776789806,129.9442054265601,22.520625697395314,0.2740746448364161,-6.00911066234317,-344.29667957932634,0.7749673484661576,1
hough,141,4.70296636620714,1074.0,476.0,19.0,3.2928893354335864,1252.0,21.853377245411178,5.055487986652884,129.4242726933286,22.43051617358474,0.2273375497725793,-6.055847757407007,-346.97451787318596,0.7824057881713232,1
hough,142,4.73632073759868,1075.0,480.0,20.0,3.466199300456407,1252.5,22.026687210433998,4.362248126561603,129.5626066364037,22.454490824420557,0.19551386164537865,-6.087671445534207,-348.79788089141505,0.7874706854441818,1
hough,143,4.769675108990221,1076.0,485.0,19.0,3.2928893354335864,1240.0,22.19999717545682,3.495698301447501,129.67249244022108,22.473535129236648,0.15618149938373502,-6.127003807795851,-351.0514592472869,0.7937306253216037,1
hough,144,4.803029480381761,1077.0,487.0,21.0,3.639509265479227,1242.0,22.37330714047964,3.1490783714018606,130.3666476129802,22.593839137947942,0.13983299931544155,-6.143352307864145,-351.9881593025695,0.7963325699196108,1
hough,145,4.8363838517733,1078.0,491.0,19.0,3.2928893354335864,1257.0,22.54661710550246,2.455838511310579,130.86362934776548,22.67997102502056,0.1084949864176383,-6.174690320761948,-353.78369517994014,0.8013201695789737,1
hough,146,4.86973822316484,1077.0,496.0,19.0,3.2928893354335864,1241.5,22.37330714047964,1.5892886861964775,129.41946931973874,22.42968370107589,0.0709159164253215,-6.2122693907542645,-355.9368172885266,0.8073010643250471,1
hough,147,4.90309259455638,1077.0,499.0,20.0,3.466199300456407,1286.0,22.37330714047964,1.0693587911280165,129.24154820356625,22.398848198655216,0.04775984125851449,-6.235425465921072,-357.26356266567234,0.8109864681504521,1
hough,148,4.93644696594792,1078.0,505.0,20.0,3.466199300456407,1252.5,22.54661710550246,0.029499000991094367,130.09428742382104,22.54663640309116,0.0013083552189223284,-6.281876951960664,-359.9250367678518,0.8183794517676172,1
hough,149,4.969801337339461,1077.0,511.0,20.0,3.466199300456407,1274.5,22.37330714047964,-1.0103607891458277,129.22574338831456,22.396109066676754,-0.04512854511210869,-6.328313852291695,-362.58567517048954,0.8257701139971665,1
hough,150,5.003155708731001,1077.0,515.0,20.0,3.466199300456407,1258.5,22.37330714047964,-1.703600649237109,129.46787662710693,22.438073169822722,-0.07599768668784536,-6.359182993867432,-364.3543466999711,0.8306830904679485,1
hough,151,5.03651008012254,1078.0,518.0,21.0,3.639509265479227,1248.5,22.54661710550246,-2.22353054430557,130.7252774850253,22.655993268528217,-0.0983013905277495,-6.381486697707336,-365.63225479750736,0.834232835183327,1
hough,152,5.06986445151408,1076.0,521.0,22.0,3.8128192305020474,1251.5,22.19999717545682,-2.743460439374031,129.0685872405929,22.368872340211993,-0.12295592231626726,-6.406141229495853,-367.04485541486054,0.8381567257870859,1
hough,153,5.10321882290562,1076.0,527.0,20.0,3.466199300456407,1228.0,22.19999717545682,-3.783320229510953,129.9409777490782,22.52006630872382,-0.16879818775744876,-6.451983494937035,-369.6714237479586,0.8454527489345806,1
hough,154,5.13657319429716,1076.0,531.0,20.0,3.466199300456407,1277.5,22.19999717545682,-4.476560089602234,130.67247614725795,22.6468422705266,-0.1989785923031166,-6.482163899482702,-371.40063355242285,0.8502561095025367,1
hough,155,5.169927565688701,1075.0,536.0,21.0,3.639509265479227,1244.0,22.026687210433998,-5.343109914716337,130.7799892009062,22.66547535409387,-0.23797772303636053,-6.521163030215947,-373.6351191481167,0.8564630139350197,1
hough,156,5.203281937080241,1073.0,543.0,20.0,3.466199300456407,1283.5,21.680067280388357,-6.556279669876078,130.68911943311912,22.649726717817064,-0.2936667791934337,-6.5768520863730195,-376.825867030984,0.86532620249854,1
hough,157,5.23663630847178,1071.0,544.0,21.0,3.639509265479227,1257.0,21.333447350342716,-6.729589634898899,129.07334664800135,22.369697192943477,-0.30556817590599794,-6.5887534830855845,-377.50776683292486,0.8672203686150424,1
hough,158,5.26999067986332,1070.0,549.0,20.0,3.466199300456407,1279.5,21.160137385319896,-7.596139460013001,129.72292922937163,22.482276327400196,-0.344655383046247,-6.627840690225833,-379.7472988350147,0.8734412908430697,1
hough,159,5.30334505125486,1069.0,555.0,22.0,3.8128192305020474,1284.0,20.986827420297075,-8.635999250149922,130.94581895501406,22.69421530297805,-0.3903774218269975,-6.6735627290065835,-382.3669786878852,0.8807181793232655,1
hough,160,5.3366994226464,1066.0,559.0,20.0,3.466199300456407,1261.5,20.466897525228614,-9.329239110241204,129.78397732158305,22.492856570126065,-0.42768401051022276,-6.710869317689809,-384.5044887674645,0.886655707322097,1
hough,161,5.370053794037941,1066.0,562.0,21.0,3.639509265479227,1280.0,20.466897525228614,-9.849169005309665,131.0567034243618,22.713432686482285,-0.44851456470180245,-6.731699871881388,-385.69799160756054,0.8899709929890304,1
hough,162,5.4034081654294805,1064.0,566.0,21.0,3.639509265479227,1270.5,20.120277595182973,-10.542408865400946,131.06533154203717,22.714928025254814,-0.4826387055857565,-6.765824012765343,-387.65316085972097,0.895402018689476,1
hough,163,5.43676253682102,1061.0,570.0,20.0,3.466199300456407,1261.5,19.600347700114515,-11.235648725492227,130.35794720627499,22.592331270766177,-0.5205084908432959,-6.803693798022882,-389.82293972604475,0.901429182207042,1
hough,164,5.47011690821256,1060.0,575.0,21.0,3.639509265479227,1246.0,19.427037735091695,-12.10219855060633,132.06552901028874,22.88827221349341,-0.5571284496889471,-6.840313756868533,-391.92110881384326,0.907257429673149,1
hough,165,5.5034712796041,1057.0,577.0,20.0,3.466199300456407,1264.0,18.907107840023233,-12.44881848065197,130.61798520243164,22.637398446784694,-0.5822716420859891,-6.8654569492655755,-393.3617076216792,0.9112590930282489,1
hough,166,5.53682565099564,1054.0,581.0,20.0,3.466199300456407,1258.0,18.38717794495477,-13.142058340743251,130.40755854609236,22.60092941033466,-0.6205504760915254,-6.903735783271111,-395.5549232548783,0.9173513586760241,1
hough,167,5.570180022387181,1051.0,585.0,20.0,3.466199300456407,1253.0,17.86724804988631,-13.835298200834533,130.38866742766555,22.597655391260872,-0.6588966650171015,-6.9420819721966875,-397.7519980407251,0.9234543441922652,1
hough,168,5.6035343937787205,1048.0,590.0,21.0,3.639509265479227,1242.5,17.34731815481785,-14.701848025948635,131.20570659155624,22.73925642017704,-0.7030407558230487,-6.9862260630026345,-400.2812681343481,0.9304800944523292,1
hough,169,5.63688876517026,1046.0,591.0,19.0,3.2928893354335864,1277.5,17.000698224772208,-14.875157990971454,130.34270335887848,22.589689360107077,-0.7188149093784026,-7.002000216557989,-401.1850605584612,0.9329906289637544,1
hough,170,5.6702431365618,1042.0,596.0,20.0,3.466199300456407,1248.0,16.307458364680926,-15.741707816085556,130.78136264535033,22.665713385702446,-0.7677474141957871,-7.050932721375373,-403.98868656550087,0.940778478983309,1
hough,171,5.70359750795334,1039.0,599.0,21.0,3.639509265479227,1241.5,15.787528469612466,-16.261637711154016,130.77529775139942,22.66466227914395,-0.8001902693444389,-7.083375576524025,-405.8475252408729,0.9459419197482314,1
hough,172,5.73695187934488,1035.0,602.0,20.0,3.466199300456407,1276.0,15.094288609521184,-16.781567606222477,130.2359544688278,22.571188713706167,-0.8382816303111955,-7.121466937490782,-408.02999946017746,0.9520043481351885,1
hough,173,5.770306250736421,1031.0,606.0,20.0,3.466199300456407,1265.0,14.401048749429902,-17.47480746631376,130.65714198566917,22.644184707517994,-0.881529991813393,-7.164715298992979,-410.5079480451094,0.9588875386488883,1
hough,174,5.8036606221279605,1027.0,609.0,21.0,3.639509265479227,1266.0,13.707808889338622,-17.99473736138222,130.5239981241102,22.621109549528207,-0.9198063599624086,-7.202991667141995,-412.701022395137,0.9649794118434094,1
hough,175,5.8370149935195,1023.0,612.0,20.0,3.466199300456407,1272.0,13.01456902924734,-18.514667256450682,130.5823089884006,22.631215403378825,-0.958104673934156,-7.241289981113742,-414.89535414818505,0.9710747778240985,1
hough,176,5.87036936491104,1019.0,615.0,20.0,3.466199300456407,1259.5,12.321329169156058,-19.034597151519144,130.83181858852814,22.674457903449788,-0.9963128358937091,-7.279498143073296,-417.0845205714198,0.9771557956664171,1
hough,177,5.90372373630258,1016.0,616.0,20.0,3.466199300456407,1287.0,11.801399274087599,-19.207907116541964,130.07712819608008,22.543662537931556,-1.019853510400922,-7.303038817580508,-418.43330186757424,0.9809024103779573,1
hough,178,5.937078107694121,1011.0,619.0,20.0,3.466199300456407,1277.5,10.934849448973496,-19.727837011610426,130.14644160339432,22.5556752421288,-1.064669036353273,-7.347854343532859,-421.00104236130295,0.988035022860537,1
hough,179,5.970432479085661,1008.0,621.0,20.0,3.466199300456407,1256.5,10.414919553905035,-20.074456941656067,130.4908056822432,22.615356968589214,-1.0922106498675046,-7.375395957047091,-422.5790605766489,0.9924184067920535,1
hough,180,6.0037868504772005,1004.0,624.0,20.0,3.466199300456407,1240.5,9.721679693813753,-20.594386836724524,131.4042453729725,22.773665169439965,-1.1297537294001432,-7.412939036579729,-424.73012058379305,0.998393573478565,1
hough,181,6.03714122186874,999.0,626.0,20.0,3.466199300456407,1238.0,8.855129868699652,-20.941006766770165,131.1886165157226,22.736294539732075,-1.1707390361269865,-7.453924343306573,-427.07840568129035,1.0049165876382797,2
hough,182,6.07049559326028,996.0,628.0,21.0,3.639509265479227,1246.5,8.335199973631191,-21.287626696815806,131.90984500364087,22.86129062374665,-1.1975943786057444,-7.480779685785331,-428.61710346270155,1.0091907481421998,2
hough,183,6.10384996465182,991.0,628.0,20.0,3.466199300456407,1281.0,7.4686501485170895,-21.287626696815806,130.17014038603048,22.559782477318556,-1.2333692246978416,-7.516554531877428,-430.6668511565088,1.0148844917361088,2
hough,184,6.137204336043361,987.0,629.0,20.0,3.466199300456407,1262.5,6.7754102884258085,-21.460936661838627,129.85442472447238,22.505065807056766,-1.2649906573078749,-7.548175964487461,-432.47862578722106,1.0199171990436429,2
hough,185,6.170558707434901,982.0,633.0,20.0,3.466199300456407,1295.0,5.908860463311706,-22.15417652192991,132.29840582496547,22.928632086099658,-1.3101484203716398,-7.593333727551226,-435.06597502302657,1.0271042802542139,2
hough,186,6.2039130788264405,977.0,633.0,20.0,3.466199300456407,1300.5,5.042310638197605,-22.15417652192991,131.09891846640684,22.720748973942545,-1.3470076882895818,-7.630192995469168,-437.1778555106666,1.0329706149421027,2
hough,187,6.23726745021798,973.0,633.0,20.0,3.466199300456407,1256.0,4.349070778106324,-22.15417652192991,130.26961662048848,22.577022700033073,-1.376952027180542,-7.660137334360128,-438.89353974942804,1.037736404494218,2
hough,188,6.27062182160952,969.0,633.0,21.0,3.639509265479227,1274.5,3.655830918015042,-22.15417652192991,129.55855666777288,22.453788924498806,-1.4072524919434066,-7.690437799122993,-440.6296284976251,1.0425588732392097,2
hough,189,6.30397619300106,965.0,634.0,20.0,3.466199300456407,1248.5,2.9625910579237607,-22.32748648695273,129.95893881623263,22.523179140644125,-1.4388788417762897,-7.722064148955876,-442.4416848644535,1.0475923631470665,2
hough,190,6.337330564392601,960.0,636.0,20.0,3.466199300456407,1261.5,2.096041232809659,-22.67410641699837,131.38760664351204,22.77078151181915,-1.478616241561601,-7.761801548741188,-444.718470160976,1.0539167667485176,2
hough,191,6.370684935784141,957.0,635.0,20.0,3.466199300456407,1260.5,1.576111337741198,-22.50079645197555,130.14791024843058,22.555929772948662,-1.5008636407897347,-7.784048947969321,-445.99315224189064,1.057457550306614,2
hough,192,6.4040393071756805,950.0,636.0,21.0,3.639509265479227,1275.0,0.3629415825814556,-22.67410641699837,130.84655004232596,22.677011011192224,-1.5547908188804527,-7.837976126060039,-449.08295194753913,1.0660403272667487,2
hough,193,6.43739367856722,946.0,636.0,20.0,3.466199300456407,1276.5,-0.33029827750982577,-22.67410641699837,130.84367103290236,22.67651205016972,-1.5853624980451269,-7.868547805224713,-450.834580136303,1.070905961124426,2
hough,194,6.47074804995876,942.0,635.0,21.0,3.639509265479227,1267.5,-1.0235381376011072,-22.50079645197555,129.96404602710908,22.524064271182485,-1.6162539634030326,-7.899439270582619,-452.60453072428555,1.0758224905354887,2
hough,195,6.5041024213503,938.0,636.0,21.0,3.639509265479227,1290.0,-1.7167779976923885,-22.67410641699837,131.20426605923035,22.739006761570025,-1.6463674892394815,-7.929552796419068,-454.32990866097225,1.080615207026285,2
hough,196,6.537456792741841,932.0,634.0,21.0,3.639509265479227,1275.0,-2.7566377878293107,-22.32748648695273,129.80797416641195,22.49701546246402,-1.693638534789365,-7.976823841968951,-457.03834006415127,1.0881386275906713,2
hough,197,6.570811164133381,930.0,635.0,21.0,3.639509265479227,1263.5,-3.103257717874951,-22.50079645197555,131.05873886887102,22.71378544929898,-1.7078493991105295,-7.991034706290115,-457.852562612987,1.0904003568929928,2
hough,198,6.6041655355249205,927.0,636.0,23.0,3.986129195524868,1273.5,-3.623187612943412,-22.67410641699837,132.48957528219657,22.96176365804581,-1.7292507869440665,-8.012436094123652,-459.0787718115713,1.093806493555727,2
hough,199,6.63751990691646,920.0,633.0,21.0,3.639509265479227,1277.5,-4.836357368103155,-22.15417652192991,130.84032386971896,22.675931953435477,-1.785728871816887,-8.068914178996474,-462.31472770976563,1.1027952599396,2
hough,200,6.670874278308,916.0,631.0,20.0,3.466199300456407,1257.5,-5.529597228194436,-21.807556591884268,129.81185531254755,22.497688103765032,-1.8191259143352607,-8.102311221514848,-464.2282372942874,1.1081105643410494,2
hough,201,6.70422864969954,912.0,631.0,20.0,3.466199300456407,1243.0,-6.222837088285718,-21.807556591884268,130.8524526750387,22.678033996261213,-1.848761315647513,-8.1319466228271,-465.9262207136559,1.1128271849504063,2
hough,202,6.737583021091081,907.0,629.0,20.0,3.466199300456407,1254.0,-7.089386913399819,-21.460936661838627,130.4112857396665,22.60157537012263,-1.8898496721714486,-8.173034979351035,-468.28041012960625,1.1193665999947129,2
hough,203,6.770937392482621,904.0,628.0,20.0,3.466199300456407,1243.5,-7.60931680846828,-21.287626696815806,130.44109325974014,22.60674131038401,-1.9140949150864128,-8.197280222265999,-469.6695602219031,1.1232253502510932,2
hough,204,6.8042917638741605,899.0,625.0,20.0,3.466199300456407,1276.5,-8.475866633582381,-20.767696801747345,129.42549326534788,22.43072771087871,-1.9582894107065605,-8.241474717886147,-472.20171829864705,1.1302591226864929,2
hough,205,6.8376461352657,896.0,625.0,20.0,3.466199300456407,1250.0,-8.995796528650843,-20.767696801747345,130.58864135337043,22.63231286533026,-1.9795606882207746,-8.26274599540036,-473.42047272506295,1.1336445516487592,2
hough,206,6.87100050665724,890.0,624.0,19.0,3.2928893354335864,1234.0,-10.035656318787765,-20.594386836724524,132.18775872441097,22.90945584097268,-2.02423287010873,-8.307418177288316,-475.98000020888355,1.1407543502149275,2
hough,207,6.90435487804878,887.0,622.0,19.0,3.2928893354335864,1247.5,-10.555586213856225,-20.247766906678887,131.75249272058974,22.8340199050748,-2.0513548911932555,-8.334540198372842,-477.53397754889176,1.1450709539371726,2
hough,208,6.937709249440321,884.0,619.0,20.0,3.466199300456407,1238.0,-11.075516108924687,-19.727837011610426,130.5418535894818,22.624204079607225,-2.08236167284913,-8.365546980028716,-479.31053527405703,1.1500058365070762,2
hough,209,6.971063620831861,879.0,618.0,20.0,3.466199300456407,1228.5,-11.942065934038789,-19.554527046587605,132.2065588266888,22.912714086040875,-2.119050679274714,-8.4022359864543,-481.41266049677137,1.1558450732368382,2
hough,210,7.0044179922234004,875.0,614.0,21.0,3.639509265479227,1267.0,-12.635305794130069,-18.861287186496323,130.99306265643582,22.702403107219006,-2.161038792084132,-8.444224099263717,-483.81840215047015,1.162527688941557,2
hough,211,7.03777236361494,874.0,613.0,19.0,3.2928893354335864,1264.0,-12.80861575915289,-18.687977221473503,130.72618150524582,22.656149944241015,-2.1716517715660015,-8.454837078745587,-484.4264810828402,1.1642167970870294,2
hough,212,7.07112673500648,869.0,608.0,19.0,3.2928893354335864,1254.5,-13.675165584266992,-17.8214273963594,129.615179917671,22.46360229795813,-2.225305510804533,-8.50849081798412,-487.5006138963036,1.1727560549022056,2
hough,213,7.104481106398021,866.0,607.0,20.0,3.466199300456407,1242.5,-14.195095479335453,-17.64811743133658,130.68232561296693,22.64854928108412,-2.248178313160332,-8.531363620339919,-488.81112893692773,1.1763963744594947,2
hough,214,7.137835477789561,862.0,604.0,20.0,3.466199300456407,1252.5,-14.888335339426733,-17.12818753626812,130.9470812043897,22.69443406337319,-2.2863490316150994,-8.569534338794686,-490.998150005368,1.18247143298294,2
hough,215,7.171189849181101,859.0,601.0,21.0,3.639509265479227,1274.5,-15.408265234495195,-16.608257641199657,130.7195252303101,22.654996345464724,-2.3187316159257754,-8.601916923105362,-492.85353541609635,1.1876252813460744,2
hough,216,7.20454422057264,856.0,597.0,20.0,3.466199300456407,1231.5,-15.928195129563656,-15.915017781108377,129.92071003465543,22.516553711846115,-2.3566083098574664,-8.639793617037054,-495.023710120291,1.1936535444132816,2
hough,217,7.23789859196418,850.0,594.0,21.0,3.639509265479227,1231.5,-16.968054919700577,-15.395087886039915,132.1978896954799,22.91121163921428,-2.404759927147643,-8.687945234327229,-497.78259456774725,1.2013171123228823,2
hough,218,7.27125296335572,849.0,592.0,20.0,3.466199300456407,1246.5,-17.141364884723398,-15.048467955994274,131.61221267705557,22.809707975636492,-2.421120435231504,-8.70430574241109,-498.71998263164215,1.2039209680559237,2
hough,219,7.304607334747261,845.0,588.0,19.0,3.2928893354335864,1236.0,-17.83460474481468,-14.355228095902994,132.09989702141598,22.894228532299774,-2.4638657747647956,-8.747051081944381,-501.1691101807534,1.2107241001367883,2
hough,220,7.337961706138801,842.0,585.0,20.0,3.466199300456407,1268.5,-18.35453463988314,-13.835298200834533,132.62292031755808,22.98487368146028,-2.4956761375382075,-8.778861444717794,-502.9917097124501,1.2157868766137234,2
hough,221,7.371316077530341,840.0,583.0,19.0,3.2928893354335864,1236.0,-18.701154569928782,-13.488678270788892,133.0456430222969,23.058135738632917,-2.5167303026724506,-8.799915609852036,-504.19802451581364,1.2191377510675112,2
hough,222,7.40467044892188,838.0,576.0,20.0,3.466199300456407,1238.0,-19.047774499974423,-12.27550851562915,130.75224417113836,22.660666863955253,-2.5691225996443414,-8.852307906823928,-507.19988201129905,1.2274762441105262,2
hough,223,7.43802482031342,836.0,572.0,19.0,3.2928893354335864,1205.5,-19.394394430020064,-11.582268655537868,130.34237349156052,22.589632190813738,-2.6032369412643694,-8.886422248443957,-509.1544898069942,1.2329057102096794,2
hough,224,7.47137919170496,834.0,570.0,20.0,3.466199300456407,1197.5,-19.741014360065705,-11.235648725492227,131.06272719988914,22.71447666680823,-2.6241639891094355,-8.907349296289022,-510.35352132618476,1.236236353318542,2
hough,225,7.504733563096501,832.0,566.0,20.0,3.466199300456407,1235.0,-20.087634290111346,-10.542408865400946,130.89852341679423,22.686018514903438,-2.658286120403078,-8.941471427582664,-512.3085754373018,1.241667059182756,2
hough,226,7.538087934488041,830.0,561.0,20.0,3.466199300456407,1250.0,-20.434254220156983,-9.675859040286845,130.45592674656137,22.609312101466163,-2.699359313186755,-8.98254462036634,-514.6618960349336,1.2482040608428446,2
hough,227,7.571442305879581,827.0,557.0,20.0,3.466199300456407,1220.5,-20.954184115225445,-8.982619180195563,131.5467424255558,22.798361328639032,-2.7366099718659425,-9.019795279045528,-516.7962015613334,1.2541326873050662,2
hough,228,7.60479667727112,826.0,553.0,19.0,3.2928893354335864,1228.5,-21.127494080248265,-8.289379320104281,130.95311667369023,22.695480070346566,-2.7676981625623527,-9.050883469741938,-518.5774236809356,1.2590805265261833,2
hough,229,7.63815104866266,824.0,547.0,19.0,3.2928893354335864,1252.5,-21.474114010293906,-7.24951952996736,130.7760856431441,22.664798828634662,-2.816012936223427,-9.099198243403013,-521.345656299845,1.2667700615787094,2
hough,230,7.6715054200542,822.0,542.0,19.0,3.2928893354335864,1214.5,-21.820733940339547,-6.3829697048532585,131.1819727201498,22.73514310375373,-2.857013617930153,-9.14019892510974,-523.6948223187997,1.2732955227424723,2
hough,231,7.704859791445741,820.0,539.0,20.0,3.466199300456407,1215.5,-22.16735387038519,-5.863039809784797,132.30402306578551,22.929605609909704,-2.8830236709899553,-9.166208978169541,-525.1850885840377,1.2774351512570223,2
hough,232,7.738214162837281,820.0,535.0,21.0,3.639509265479227,1242.5,-22.16735387038519,-5.169799949693516,131.3381749352512,22.762214504189444,-2.9124712131583483,-9.195656520337934,-526.8723084673201,1.282121873155029,2
hough,233,7.7715685342288205,818.0,530.0,19.0,3.2928893354335864,1207.0,-22.51397380043083,-4.303250124579414,132.25748215480968,22.92153960625635,-2.9527336926516536,-9.23591899983124,-529.1791786150185,1.2885298457875247,2
hough,234,7.80492290562036,818.0,526.0,20.0,3.466199300456407,1254.5,-22.51397380043083,-3.6100102644881327,131.56520536167812,22.80156113945261,-2.982600712074399,-9.265786019253985,-530.8904327745771,1.2932833295640764,2
hough,235,7.8382772770119,817.0,520.0,20.0,3.466199300456407,1220.0,-22.68728376545365,-2.5701504743512107,131.74314943709032,22.832400620938316,-3.028787632807488,-9.311972939987074,-533.5367484012884,1.300634206304941,2
hough,236,7.87163164840344,817.0,516.0,20.0,3.466199300456407,1233.5,-22.68728376545365,-1.8769106142599294,131.35303231952528,22.764789436938315,-3.05905099045599,-9.342236297635576,-535.2707110684426,1.305450769269258,2
hough,237,7.904986019794981,815.0,512.0,19.0,3.2928893354335864,1189.0,-23.03390369549929,-1.183670754168648,133.08119352920878,23.064296995742357,-3.0902496206109937,-9.37343492779058,-537.0582609029138,1.310416185476123,2
hough,238,7.938340391186521,817.0,508.0,21.0,3.639509265479227,1214.5,-22.68728376545365,-0.4904308940773667,130.93640613441218,22.692583967368773,-3.1199790250621193,-9.403164332241705,-538.7616303054007,1.3151477671496974,2
hough,239,7.9716947625780605,816.0,501.0,19.0,3.2928893354335864,1230.0,-22.86059373047647,0.7227388610823757,131.97172815463693,22.872015590481283,3.1099881284128776,-9.456382485946294,-541.8108059061522,1.323617699374007,2
hough,240,8.005049133969601,815.0,497.0,21.0,3.639509265479227,1178.5,-23.03390369549929,1.415978721173657,133.1567135216959,23.077385362998825,3.0801962395881746,-9.486174374770998,-543.5177553995306,1.328359225744503,2
hough,241,8.03840350536114,818.0,493.0,20.0,3.466199300456407,1212.0,-22.51397380043083,2.109218581264938,130.4746607134471,22.612558884611868,3.0481804409875553,-9.518190173371618,-545.3521255370871,1.3334546983488262,2
hough,242,8.071757876752681,820.0,484.0,20.0,3.466199300456407,1196.5,-22.16735387038519,3.6690082664703216,129.64597010103927,22.46893854356073,2.9775656612174175,-9.588804953141755,-549.3980543891616,1.344693389604589,2
hough,243,8.10511224814422,819.0,480.0,19.0,3.2928893354335864,1203.0,-22.34066383540801,4.362248126561603,131.34021047347676,22.762567283248117,2.9487584769574298,-9.617612137401743,-551.0485844669147,1.3492781953761253,2
hough,244,8.13846661953576,820.0,477.0,19.0,3.2928893354335864,1233.0,-22.16735387038519,4.882178021630064,130.97122010700807,22.69861757574167,2.9248117186847242,-9.641558895674448,-552.4206326489607,1.353089440326253,2
hough,245,8.171820990927301,821.0,471.0,20.0,3.466199300456407,1236.5,-21.994043905362368,5.922037811766986,131.42561151604966,22.77736813494934,2.8785739927019427,-9.68779662165723,-555.0698592020564,1.360448402973741,2
hough,246,8.20517536231884,823.0,465.0,20.0,3.466199300456407,1226.5,-21.647423975316727,6.961897601903908,131.2063663873441,22.73937076936196,2.8304354024891674,-9.735935211870006,-557.8279972529583,1.3681098975595798,2
hough,247,8.238529733710381,826.0,459.0,17.0,2.946269405387946,1205.0,-21.127494080248265,8.00175739204083,130.35612049660534,22.592014683777226,2.779550003492133,-9.78682061086704,-560.7435158543275,1.3762085603411607,2
hough,248,8.27188410510192,825.0,457.0,20.0,3.466199300456407,1211.0,-21.300804045271086,8.34837732208647,132.00837335842647,22.878366569468298,2.7680643780889653,-9.798306236270207,-561.4015937149973,1.3780365543985769,2
hough,249,8.30523847649346,831.0,453.0,20.0,3.466199300456407,1201.0,-20.260944255134167,9.041617182177752,128.0183675321134,22.18685879926913,2.721854572477139,-9.844516041882034,-564.049220548675,1.3853910733810149,2
hough,250,8.338592847885,829.0,449.0,20.0,3.466199300456407,1232.5,-20.607564185179804,9.734857042269033,131.50546527506654,22.791207587131495,2.7002740203647986,-9.866096593994374,-565.2856951042742,1.388825724924346,2
hough,251,8.37194721927654,833.0,446.0,21.0,3.639509265479227,1189.0,-19.914324325088526,10.254786937337494,129.24574291934078,22.39957518469938,2.6660604460733133,-9.90031016828586,-567.2459885132336,1.3942709843936776,2
hough,252,8.405301590668081,833.0,442.0,20.0,3.466199300456407,1230.5,-19.914324325088526,10.948026797428776,131.1252215963926,22.725307568480368,2.6389365042799344,-9.927434110079238,-568.8000759017526,1.3985878938062306,2
hough,253,8.43865596205962,835.0,438.0,20.0,3.466199300456407,1214.0,-19.567704395042885,11.641266657520058,131.37565268701834,22.768709772037344,2.60491500998219,-9.961455604376983,-570.7493639377418,1.4040025827950895,2
hough,254,8.472010333451161,838.0,434.0,19.0,3.2928893354335864,1178.0,-19.047774499974423,12.334506517611338,130.93696518298495,22.692680856057365,2.5669372375836517,-9.99943337677552,-572.9253300114865,1.4100469329999359,2
hough,255,8.5053647048427,842.0,431.0,21.0,3.639509265479227,1232.0,-18.35453463988314,12.8544364126798,129.29525713223515,22.408156491204235,2.530637747327964,-10.035732867031209,-575.0051376016137,1.4158241763058446,2
hough,256,8.53871907623424,843.0,425.0,20.0,3.466199300456407,1236.5,-18.18122467486032,13.894296202816722,132.03217177241328,22.88249107176395,2.4890582202385385,-10.077312394120634,-577.3874690179875,1.4224417635735496,2
hough,257,8.572073447625781,846.0,425.0,19.0,3.2928893354335864,1245.5,-17.66129477979186,13.894296202816722,129.6613259202583,22.47159986005247,2.4750088021964047,-10.091361812162768,-578.1924413764168,1.4246777979025198,2
hough,258,8.60542781901732,849.0,420.0,20.0,3.466199300456407,1214.5,-17.141364884723398,14.760846027930823,130.52327988053423,22.62098507075918,2.4306757008344166,-10.135694913524755,-580.7325409771844,1.4317336301268742,2
hough,259,8.638782190408861,851.0,419.0,19.0,3.2928893354335864,1230.0,-16.794744954677757,14.934155992953643,129.67668916987827,22.474262464306747,2.4147676094454202,-10.151603004913753,-581.6440074738823,1.4342654815065907,2
hough,260,8.6721365618004,853.0,414.0,20.0,3.466199300456407,1195.5,-16.448125024632116,15.800705818067746,131.60213719116007,22.807961793528357,2.376267535727729,-10.190103078631443,-583.8498992088486,1.4403929585481636,2
hough,261,8.70549093319194,856.0,409.0,21.0,3.639509265479227,1225.0,-15.928195129563656,16.667255643181846,133.02401912682438,23.05438810206492,2.3335246425516947,-10.232845971807478,-586.2988865920139,1.4471957012791785,2
hough,262,8.73884530458348,861.0,408.0,20.0,3.466199300456407,1195.5,-15.061645304449554,16.840565608204667,130.36361395881175,22.59331337545012,2.3004905149682497,-10.265880099390923,-588.191602682442,1.4524532459748118,2
hough,263,8.77219967597502,864.0,404.0,20.0,3.466199300456407,1228.0,-14.541715409381094,17.53380546829595,131.43667135465748,22.77928491519162,2.263180992774364,-10.303189621584808,-590.3292808398013,1.4583912408563657,2
hough,264,8.805554047366561,867.0,401.0,20.0,3.466199300456407,1237.5,-14.021785514312633,18.05373536336441,131.8983885049385,22.85930509835726,2.2311485787909087,-10.335222035568265,-592.1646029686692,1.4634893578809987,2
hough,265,8.8389084187581,869.0,399.0,21.0,3.639509265479227,1204.0,-13.675165584266992,18.40035529341005,132.28092240558095,22.925602035297647,2.209931965649484,-10.356438648709688,-593.3802253572345,1.4668660867381245,2
hough,266,8.872262790149641,874.0,397.0,20.0,3.466199300456407,1241.0,-12.80861575915289,18.746975223455692,131.00711824630892,22.704839081008288,2.1701827264980724,-10.3961878878611,-595.6576889994666,1.4731923746332136,2
hough,267,8.90561716154118,878.0,395.0,21.0,3.639509265479227,1236.5,-12.11537589906161,19.093595153501333,130.4771983059886,22.612998674686477,2.1362162421235906,-10.430154372235581,-597.6038251990215,1.478598308520866,2
hough,268,8.93897153293272,882.0,392.0,20.0,3.466199300456407,1271.5,-11.422136038970327,19.61352504856979,130.96210880762752,22.697038496764716,2.0981443867030696,-10.468226227656103,-599.7851818328496,1.4846576325037222,2
hough,269,8.972325904324261,886.0,391.0,21.0,3.639509265479227,1226.0,-10.728896178879046,19.78683501359261,129.87366080516898,22.50839961152947,2.067649858950484,-10.498720755408689,-601.5323895713174,1.4895109873327992,2
hough,270,9.0056802757158,890.0,387.0,21.0,3.639509265479227,1216.0,-10.035656318787765,20.480074873683893,131.59514753773925,22.80675041693847,2.0264285024951385,-10.539942111864034,-603.8941993220129,1.4960715699736202,2
hough,271,9.039034647107341,893.0,390.0,18.0,3.119579370410766,1195.0,-9.515726423719304,19.960144978615432,127.58850518362033,22.11235937068717,2.0156604055704057,-10.550710208788766,-604.5111658291879,1.497785365826884,2
hough,272,9.07238901849888,896.0,385.0,19.0,3.2928893354335864,1218.0,-8.995796528650843,20.826694803729534,130.9010840534315,22.68646229874948,1.9785270197027023,-10.58784359465647,-606.638752118438,1.5036953277414675,2
hough,273,9.10574338989042,902.0,384.0,20.0,3.466199300456407,1199.5,-7.955936738513921,21.000004768752355,129.57455127556887,22.45656094941648,1.932941596559612,-10.63342901779956,-609.2506044718551,1.5109504731676262,2
hough,274,9.13909776128196,906.0,382.0,21.0,3.639509265479227,1237.5,-7.26269687842264,21.346624698797996,130.10379927136228,22.548284901055833,1.898738246937739,-10.667632367421433,-611.2103120503988,1.5163941053302474,2
hough,275,9.1724521326735,911.0,380.0,20.0,3.466199300456407,1221.5,-6.396147053308538,21.693244628843637,130.49759071942273,22.616532883145478,1.8575171785742979,-10.708853435784874,-613.5721052946443,1.5229546421198183,2
hough,276,9.205806504065041,916.0,381.0,20.0,3.466199300456407,1226.5,-5.529597228194436,21.519934663820816,128.2038319449031,22.219001630162694,1.8223075745128088,-10.744063039846363,-615.5894670056942,1.5285584246505126,2
hough,277,9.23916087545658,920.0,377.0,20.0,3.466199300456407,1198.0,-4.836357368103155,22.213174523912098,131.1729301719689,22.733575940044783,1.7851753652078444,-10.781195249151327,-617.7169858828651,1.5344681993093205,2
hough,278,9.272515246848121,925.0,377.0,20.0,3.466199300456407,1228.0,-3.9698075429890527,22.213174523912098,130.20091923894356,22.565116759240365,1.7476434441695745,-10.818727170189598,-619.8674065553763,1.5404415900662962,2
hough,279,9.30586961823966,929.0,377.0,20.0,3.466199300456407,1209.0,-3.2765676828977717,22.213174523912098,129.55706379537332,22.453530194835455,1.7172458773016388,-10.849124737057533,-621.6090588443757,1.5452795130912944,2
hough,280,9.3392239896312,934.0,376.0,20.0,3.466199300456407,1221.0,-2.4100178577836697,22.38648448893492,129.91656922435564,22.515836068157892,1.6780383407480322,-10.888332273611141,-623.8554852140023,1.5515195863402573,2
hough,281,9.372578361022741,937.0,376.0,20.0,3.466199300456407,1213.5,-1.8900879627152087,22.38648448893492,129.6297805887451,22.466132739751288,1.6550264332328237,-10.91134418112635,-625.173970393169,1.5551820451712761,2
hough,282,9.40593273241428,942.0,375.0,20.0,3.466199300456407,1212.0,-1.0235381376011072,22.55979445395774,130.30411426825535,22.583001486160917,1.6161352464029992,-10.950235367956173,-627.4022712587728,1.561371769797953,2
hough,283,9.439287103805821,947.0,376.0,19.0,3.2928893354335864,1185.5,-0.15698831248700545,22.38648448893492,129.1733855599424,22.387034933272904,1.5778088498746574,-10.988561764484515,-629.5982120237917,1.5674716052563389,2
hough,284,9.47264147519736,952.0,376.0,20.0,3.466199300456407,1185.0,0.7095615126270962,22.38648448893492,129.2350776599883,22.39772678897404,1.5391109570206065,-11.027259657338567,-631.8154379603783,1.5736305661913017,2
hough,285,9.5059958465889,958.0,377.0,21.0,3.639509265479227,1196.5,1.7494213027640182,22.213174523912098,128.56708362453944,22.281956766054947,1.4922025280177156,-11.074168086341457,-634.5030929658329,1.5810962745397867,2
hough,286,9.539350217980441,961.0,376.0,20.0,3.466199300456407,1201.0,2.269351197832479,22.38648448893492,129.83220119508647,22.50121424795621,1.4697699526232308,-11.096600661735941,-635.7883848595459,1.5846665298001006,2
hough,287,9.57270458937198,965.0,377.0,20.0,3.466199300456407,1202.5,2.9625910579237607,22.213174523912098,129.3051176744032,22.409865421422484,1.4382078850924631,-11.128162729266709,-637.5967581217658,1.5896897888618224,2
hough,288,9.606058960763521,971.0,378.0,19.0,3.2928893354335864,1217.5,4.002450848060683,22.039864558889278,129.2501572561031,22.40034023324926,1.3911535324385949,-11.175217081920577,-640.2927739365526,1.597178721680675,2
hough,289,9.63941333215506,974.0,381.0,19.0,3.2928893354335864,1226.0,4.522380743129144,21.519934663820816,126.88241387299789,21.98998671034028,1.3636619645443402,-11.202708649814832,-641.8679247490908,1.601554140604392,2
hough,290,9.6727677035466,980.0,378.0,19.0,3.2928893354335864,1193.5,5.562240533266066,22.039864558889278,131.15753245660574,22.730907362533763,1.3235866197370114,-11.242783994622162,-644.1640728690822,1.6079323298265904,2
hough,291,9.70612207493814,984.0,382.0,19.0,3.2928893354335864,1210.0,6.255480393357347,21.346624698797996,128.34987359864203,22.24431210406406,1.2857341959284312,-11.280636418430742,-646.3328569976544,1.6139567301837354,2
hough,292,9.73947644632968,990.0,383.0,20.0,3.466199300456407,1217.0,7.295340183494269,21.173314733775175,129.21872831259216,22.394893284148672,1.2389818185352506,-11.327388795823921,-649.0115709044865,1.6213976021471577,2
hough,293,9.772830817721221,993.0,385.0,20.0,3.466199300456407,1225.0,7.8152700785627305,20.826694803729534,128.3524988662766,22.244767089105984,1.211804271927915,-11.354566342431257,-650.5687296226068,1.6257230430308254,2
hough,294,9.80618518911276,998.0,387.0,19.0,3.2928893354335864,1229.0,8.681819903676832,20.480074873683893,128.34961974239673,22.244268108247066,1.1698446719389208,-11.39652594242025,-652.9728376120335,1.6324011207792328,2
hough,295,9.839539560504301,1001.0,389.0,20.0,3.466199300456407,1211.5,9.201749798745293,20.133454943638252,127.72826275539752,22.13658075056355,1.1421052065396502,-11.424265407819522,-654.5621919053608,1.6368159938162532,2
hough,296,9.87289393189584,1006.0,390.0,21.0,3.639509265479227,1258.0,10.068299623859394,19.960144978615432,128.9926759482679,22.35571615679431,1.1036188415221955,-11.462751772836977,-656.767298189661,1.6429412890504205,2
hough,297,9.90624830328738,1011.0,390.0,19.0,3.2928893354335864,1223.5,10.934849448973496,19.960144978615432,131.3204180965798,22.759137067100387,1.0696174621279162,-11.496753152231257,-658.7154337265763,1.6483527766529629,2
hough,298,9.939602674678921,1014.0,396.0,20.0,3.466199300456407,1226.0,11.454779344041958,18.920285188478513,127.61886518702404,22.11762106181516,1.0263987285188947,-11.539971885840277,-661.1916847582734,1.6552312517410104,2
hough,299,9.97295704607046,1018.0,397.0,19.0,3.2928893354335864,1259.5,12.148019204133238,18.746975223455692,128.8952588005225,22.33883279432593,0.9958291459148322,-11.57054146844434,-662.9431928229626,1.6600965519207025,2
hough,300,10.006311417462001,1023.0,400.0,20.0,3.466199300456407,1195.0,13.01456902924734,18.22704532838723,129.22812482223551,22.3965217929063,0.9507193886359602,-11.615651225723212,-665.5277915299016,1.667275992773311,2
hough,301,10.03966578885354,1028.0,403.0,20.0,3.466199300456407,1200.0,13.881118854361443,17.70711543331877,129.8222968094807,22.4994977192333,0.9059319684695472,-11.660438645889625,-668.0939216807162,1.6744041320811294,2
hough,302,10.07302016024508,1029.0,405.0,20.0,3.466199300456407,1225.0,14.054428819384263,17.36049550327313,128.88109350512457,22.336377807475976,0.8902509401468557,-11.676119674212316,-668.9923784220315,1.6768998452514494,2
hough,303,10.10637453163662,1032.0,409.0,19.0,3.2928893354335864,1220.0,14.574358714452723,16.667255643181846,127.75186747599946,22.140671683865445,0.8522888979149563,-11.714081716444216,-671.1674432236167,1.6829416919225195,2
hough,304,10.13972890302816,1037.0,412.0,20.0,3.466199300456407,1227.5,15.440908539566825,16.147325748113385,128.91260662721447,22.341839345563137,0.80775773796648,-11.758612876392693,-673.7188907454864,1.6900290461499354,2
hough,305,10.173083274419701,1039.0,413.0,20.0,3.466199300456407,1235.0,15.787528469612466,15.974015783090566,129.58972348433548,22.45919044438714,0.7912695772378026,-11.77510103712137,-674.663592767173,1.6926532184323981,2
hough,306,10.20643764581124,1044.0,419.0,21.0,3.639509265479227,1242.0,16.654078294726567,14.934155992953643,129.07128138984322,22.36933926312433,0.7310036799188578,-11.835366934440314,-678.1165743321172,1.7022448338905767,2
hough,307,10.239792017202781,1047.0,422.0,21.0,3.639509265479227,1262.5,17.17400818979503,14.414226097885182,129.37132402169902,22.421339641156614,0.6982520384376674,-11.868118575921505,-679.9931051611151,1.7074574195266816,2
hough,308,10.27314638859432,1049.0,425.0,20.0,3.466199300456407,1230.5,17.52062811984067,13.894296202816722,129.0243966329068,22.361213667539573,0.6704734022932202,-11.895897212065952,-681.5847037728215,1.7118785267814218,2
hough,309,10.30650075998586,1052.0,429.0,20.0,3.466199300456407,1247.5,18.04055801490913,13.20105634272544,128.98642683249395,22.354633122758102,0.6317140293654069,-11.934656584993766,-683.8054522581589,1.7180472725740257,2
hough,310,10.339855131377401,1054.0,431.0,19.0,3.2928893354335864,1230.5,18.38717794495477,12.8544364126798,129.44958158818133,22.434902457266436,0.6101202322338403,-11.956250382125333,-685.0426856974593,1.721484032127638,2
hough,311,10.37320950276894,1056.0,436.0,20.0,3.466199300456407,1243.0,18.733797875000413,11.987886587565697,128.33109047595622,22.241056801728366,0.5692471436326367,-11.997123470726535,-687.3845411699725,1.7279891862179524,2
hough,312,10.406563874160481,1060.0,441.0,21.0,3.639509265479227,1251.5,19.427037735091695,11.121336762451596,129.1623787967966,22.38512735153709,0.5199285310476711,-12.0464420833115,-690.2102895225319,1.7358384871972838,2
hough,313,10.43991824555202,1061.0,447.0,19.0,3.2928893354335864,1239.5,19.600347700114515,10.081476972314674,127.17730117715267,22.041093618709017,0.47506313268198147,-12.091307481677191,-692.780887495059,1.7429790371209704,2
hough,314,10.47327261694356,1063.0,448.0,20.0,3.466199300456407,1266.5,19.946967630160152,9.908167007291853,128.51109765319018,22.272253839318637,0.4610245607754262,-12.105346053583746,-693.5852384156956,1.7452133452338499,2
hough,315,10.506626988335102,1066.0,453.0,20.0,3.466199300456407,1263.5,20.466897525228614,9.041617182177752,129.10447390223842,22.375091856286563,0.41598701102084673,-12.150383603338327,-696.1656999362434,1.7523812939020382,2
hough,316,10.53998135972664,1067.0,457.0,20.0,3.466199300456407,1264.5,20.640207490251434,8.34837732208647,128.46708472521726,22.2646259603111,0.38435523323525483,-12.182015381123918,-697.9780673018536,1.7574156476953997,2
hough,317,10.573335731118181,1069.0,461.0,20.0,3.466199300456407,1255.5,20.986827420297075,7.6551374619951895,128.89843632167026,22.33938349040491,0.3497623093303326,-12.21660830502884,-699.9600958426228,1.7629212825308698,2
hough,318,10.60669010250972,1069.0,465.0,20.0,3.466199300456407,1272.5,20.986827420297075,6.961897601903908,127.58309139631687,22.111421107398968,0.3203041713607894,-12.246066442998384,-701.6479228205917,1.7676096908030057,2
hough,319,10.640044473901261,1071.0,469.0,20.0,3.466199300456407,1268.0,21.333447350342716,6.268657741812627,128.2983251590467,22.235378245800813,0.28579750233031753,-12.280573112028854,-703.6250093210924,1.773101597748841,2
hough,320,10.6733988452928,1071.0,473.0,21.0,3.639509265479227,1261.5,21.333447350342716,5.575417881721346,127.22852888674669,22.049971891266956,0.2556287127612665,-12.310741901597906,-705.3535536364174,1.7779031097358546,2
hough,321,10.70675321668434,1073.0,479.0,20.0,3.466199300456407,1254.5,21.680067280388357,4.535558091584424,127.80231904427984,22.149415443399466,0.2062297504922347,-12.360140863866938,-708.183905686759,1.7857651987645815,2
hough,322,10.740107588075881,1074.0,483.0,20.0,3.466199300456407,1264.5,21.853377245411178,3.8423182314931417,128.0283540053464,22.188589554595843,0.17404373903348866,-12.392326875325685,-710.0280283027048,1.7908877615866532,2
hough,323,10.77346195946742,1076.0,487.0,19.0,3.2928893354335864,1256.0,22.19999717545682,3.1490783714018606,129.3764834028728,22.42223381332738,0.14091030308227687,-12.425460311276895,-711.9264343434762,1.796161111699907,2
hough,324,10.806816330858961,1076.0,491.0,21.0,3.639509265479227,1281.5,22.19999717545682,2.455838511310579,128.87557092701115,22.335420689656306,0.1101754028042203,-12.456195211554952,-713.6874144131643,1.8010527230045963,2
hough,325,10.8401707022505,1076.0,494.0,20.0,3.466199300456407,1269.5,22.19999717545682,1.9359086162421182,128.58029213225106,22.28424593206445,0.08698306313284127,-12.479387551226331,-715.0162375933683,1.8047438985051627,2
hough,326,10.87352507364204,1076.0,501.0,19.0,3.2928893354335864,1281.0,22.19999717545682,0.7227388610823757,128.1620403705256,22.21175873386908,0.032544314246601196,-12.53382630011257,-718.1353481465222,1.813408094486146,2
hough,327,10.906879445033582,1076.0,502.0,20.0,3.466199300456407,1298.0,22.19999717545682,0.5494288960595554,128.1333999117855,22.206795056966595,0.024744001316893235,-12.541626613042279,-718.5822731562758,1.8146495528465727,2
hough,328,10.94023381642512,1077.0,508.0,20.0,3.466199300456407,1272.5,22.37330714047964,-0.4904308940773667,129.1251873617637,22.37868170523239,-0.021916847724642568,-12.588287462083816,-721.255742874853,1.8220758576203981,2
hough,329,10.973588187816661,1077.0,515.0,19.0,3.2928893354335864,1240.5,22.37330714047964,-1.703600649237109,129.46787662710693,22.438073169822722,-0.07599768668784536,-12.642368301047018,-724.3543466999711,1.8306830904679483,2
hough,330,11.0069425592082,1076.0,517.0,21.0,3.639509265479227,1286.5,22.19999717545682,-2.0502205792827497,128.6392703967699,22.294467453025316,-0.09209106967711486,-12.658461684036288,-725.2764296233439,1.8332444319217618,2
hough,331,11.040296930599741,1075.0,521.0,21.0,3.639509265479227,1271.5,22.026687210433998,-2.743460439374031,128.07619552488825,22.196880966674282,-0.12391352699423924,-12.69028414135341,-727.0997221213503,1.838309133305113,2
hough,332,11.07365130199128,1075.0,524.0,19.0,3.2928893354335864,1260.5,22.026687210433998,-3.263390334442492,128.48147961158196,22.267120737563474,-0.14708623691557673,-12.71345685127475,-728.4274205997239,1.8419971846339283,2
hough,333,11.10700567338282,1074.0,530.0,20.0,3.466199300456407,1271.0,21.853377245411178,-4.303250124579414,128.51560114294338,22.27303433897025,-0.1944271242810415,-12.760797738640214,-731.1398536441692,1.8495317208684987,2
hough,334,11.140360044774361,1074.0,534.0,21.0,3.639509265479227,1288.0,21.853377245411178,-4.996489984670696,129.34797277577013,22.41729263754144,-0.22477345594064743,-12.79114407029982,-732.8785703719689,1.854361489556831,2
hough,335,11.1737144161659,1072.0,541.0,19.0,3.2928893354335864,1268.5,21.506757315365537,-6.209659739830438,129.16322396106528,22.385273826926934,-0.28108613374993735,-12.84745674810911,-736.1050491435212,1.863323930588921,2
hough,336,11.207068787557441,1071.0,542.0,19.0,3.2928893354335864,1297.5,21.333447350342716,-6.3829697048532585,128.4858344444262,22.267875473491387,-0.29072278514813427,-12.857093399507306,-736.6571885972767,1.8648576512937973,2
hough,337,11.24042315894898,1069.0,547.0,20.0,3.466199300456407,1272.5,20.986827420297075,-7.24951952996736,128.11530296440313,22.203658675648736,-0.33259945434019206,-12.898970068699365,-739.0565450020472,1.8715225301959375,2
hough,338,11.27377753034052,1067.0,553.0,21.0,3.639509265479227,1278.0,20.640207490251434,-8.289379320104281,128.33982871836173,22.242571226214025,-0.38189627355773587,-12.948266887916908,-741.8810446866318,1.8793683626531168,2
hough,339,11.307131901732062,1066.0,558.0,21.0,3.639509265479227,1264.0,20.466897525228614,-9.155929145218384,129.37241277950977,22.421528333734713,-0.4206505459388293,-12.987021160298001,-744.1015009321688,1.8855362966684976,2
hough,340,11.3404862731236,1064.0,560.0,21.0,3.639509265479227,1295.0,20.120277595182973,-9.502549075264024,128.39066806477888,22.251382191563366,-0.4412325891268909,-13.007603203486063,-745.2807651406008,1.8888120305808087,2
hough,341,11.373840644515141,1061.0,564.0,21.0,3.639509265479227,1273.5,19.600347700114515,-10.195788935355306,127.48033932230526,22.093613149045993,-0.47966418430587526,-13.046034798665048,-747.4827333443119,1.8949286089244506,2
hough,342,11.40719501590668,1063.0,571.0,23.0,3.986129195524868,1273.5,19.946967630160152,-11.408958690515048,132.59046227069865,22.979248378494365,-0.5195500786606208,-13.085920693019792,-749.7680267529435,1.9012766461706494,2
hough,343,11.440549387298221,1057.0,575.0,19.0,3.2928893354335864,1279.0,18.907107840023233,-12.10219855060633,129.52891143025954,22.448651109422276,-0.5693750814323914,-13.135745695791563,-752.6227891259936,1.9092065416513442,2
hough,344,11.47390375868976,1056.0,577.0,21.0,3.639509265479227,1260.5,18.733797875000413,-12.44881848065197,129.78393469990618,22.49284918336474,-0.5865088715378061,-13.152879485896978,-753.6044829860969,1.9119334690405199,2
hough,345,11.5072581300813,1052.0,583.0,19.0,3.2928893354335864,1306.5,18.04055801490913,-13.488678270788892,129.9733579764748,22.525678124801356,-0.6420187026095767,-13.208389316968749,-756.7849620279934,1.9207681330457882,2
hough,346,11.540612501472841,1049.0,584.0,21.0,3.639509265479227,1301.0,17.52062811984067,-13.661988235811712,128.195820166801,22.21761310918005,-0.6622807247271365,-13.228651339086309,-757.9458903797304,1.9239929340228352,2
hough,347,11.57396687286438,1047.0,588.0,21.0,3.639509265479227,1289.5,17.17400818979503,-14.355228095902994,129.15273875532714,22.3834566362872,-0.6962331117323755,-13.262603726091548,-759.8912188595255,1.9293966242444882,2
hough,348,11.607321244255921,1044.0,591.0,21.0,3.639509265479227,1287.0,16.654078294726567,-14.875157990971454,128.84426108521217,22.329994382069252,-0.729036625313061,-13.295407239672233,-761.7707217408987,1.9346174655816362,2
hough,349,11.64067561564746,1041.0,595.0,20.0,3.466199300456407,1290.0,16.134148399658105,-15.568397851062736,129.36737178363092,22.42065467891527,-0.7675544703909143,-13.333925084750087,-763.9776316997985,1.9407477710230245,2
hough,350,11.674029987039,1038.0,598.0,21.0,3.639509265479227,1270.0,15.614218504589646,-16.088327746131196,129.36124059700697,22.419592083175925,-0.8003519749215776,-13.36672258928075,-765.8567902879666,1.9459676559901582,2
hough,351,11.707384358430541,1033.0,601.0,20.0,3.466199300456407,1291.5,14.747668679475543,-16.608257641199657,128.15758873778407,22.21098722155435,-0.8446663813196095,-13.411036995678781,-768.3958187462014,1.953020512818588,2
hough,352,11.74073872982208,1032.0,604.0,21.0,3.639509265479227,1275.0,14.574358714452723,-17.12818753626812,129.76578109032369,22.48970298192296,-0.8657805420457748,-13.432151156404947,-769.6055710437716,1.9563809358673945,2
hough,353,11.774093101213621,1026.0,605.0,22.0,3.8128192305020474,1267.5,13.534498924315802,-17.30149750129094,126.74654792174942,21.966439787081615,-0.9069582204466196,-13.473328834805791,-771.9648782262869,1.962934566929937,2
hough,354,11.80744747260516,1023.0,610.0,21.0,3.639509265479227,1262.5,13.01456902924734,-18.16804732640504,128.95123209456938,22.348533523959407,-0.9491853451956329,-13.515555959554806,-774.384314255378,1.9696552225663007,2
hough,355,11.8408018439967,1020.0,612.0,20.0,3.466199300456407,1274.5,12.494639134178879,-18.514667256450682,128.88046540993994,22.336268952321497,-0.9771491243744764,-13.543519738733648,-775.9865207815615,1.9741057962501438,2
hough,356,11.874156215388242,1016.0,615.0,21.0,3.639509265479227,1281.0,11.801399274087599,-19.034597151519144,129.22615717695135,22.396180780370923,-1.0158025333091278,-13.5821731476683,-778.2011979773102,1.980257677349446,2
hough,357,11.90751058677978,1011.0,617.0,20.0,3.466199300456407,1256.0,10.934849448973496,-19.381217081564785,128.40084540216662,22.25314602555006,-1.0571177104348215,-13.623488324793994,-780.568383256448,1.9868331920137174,2
hough,358,11.940864958171321,1007.0,619.0,20.0,3.466199300456407,1253.5,10.241609588882215,-19.727837011610426,128.2549915341044,22.22786809677775,-1.0919502210681629,-13.658320835427336,-782.564139105583,1.9923769582613147,2
hough,359,11.97421932956286,1003.0,623.0,20.0,3.466199300456407,1259.0,9.548369728790934,-20.421076871701704,130.07393193438077,22.543108593928245,-1.1334241468922668,-13.69979476125144,-784.9404200151428,1.9989777385656475,2
hough,360,12.007573700954401,998.0,624.0,21.0,3.639509265479227,1277.0,8.681819903676832,-20.594386836724524,128.95714632823402,22.34955851958896,-1.1718409253631923,-13.738211539722364,-787.1415392840158,2.0050919587569616,3
hough,361,12.04092807234594,994.0,625.0,22.0,3.8128192305020474,1280.5,7.98858004358555,-20.767696801747345,128.38945346688854,22.25117168964547,-1.2035803645783008,-13.769950978937473,-788.9600751951535,2.0101434473990105,3
hough,362,12.07428244373748,991.0,629.0,20.0,3.466199300456407,1280.5,7.4686501485170895,-21.460936661838627,131.1141679191696,22.723391856067476,-1.2358942053047524,-13.802264819663925,-790.8115218886372,2.0152863548809097,3
hough,363,12.107636815129021,987.0,628.0,20.0,3.466199300456407,1278.5,6.7754102884258085,-21.287626696815806,128.90117159865673,22.33985754116376,-1.2626550552878637,-13.829025669647036,-792.3448056488522,2.0195454764370626,3
hough,364,12.14099118652056,979.0,629.0,20.0,3.466199300456407,1276.5,5.388930568243246,-21.460936661838627,127.67405689214468,22.127186334299168,-1.324778720386708,-13.891149334745881,-795.9042294669002,2.0294327648205295,3
hough,365,12.174345557912101,975.0,632.0,21.0,3.639509265479227,1265.0,4.695690708151964,-21.98086655690709,129.69151914345827,22.476832646509187,-1.360333564175846,-13.926704178535019,-797.9413719572647,2.0350914939604303,3
hough,366,12.20769992930364,968.0,632.0,22.0,3.8128192305020474,1281.0,3.4825209529922216,-21.98086655690709,128.41172716175913,22.255031942924422,-1.413668154971477,-13.98003876933065,-800.9972189119117,2.0435799577233387,3
hough,367,12.24105430069518,965.0,634.0,21.0,3.639509265479227,1282.5,2.9625910579237607,-22.32748648695273,129.95893881623263,22.523179140644125,-1.4388788417762897,-14.005249456135463,-802.4416848644536,2.0475923631470665,3
hough,368,12.274408672086722,961.0,634.0,20.0,3.466199300456407,1274.0,2.269351197832479,-22.32748648695273,129.4935225006593,22.442517855271063,-1.4695048210272192,-14.03587543538639,-804.196424218987,2.0524666391318815,3
hough,369,12.30776304347826,957.0,634.0,20.0,3.466199300456407,1304.0,1.576111337741198,-22.32748648695273,129.15037344512876,22.38304670445945,-1.5003225993697114,-14.066693213728884,-805.9621528519815,2.0573714408901997,3
hough,370,12.341117414869801,952.0,634.0,21.0,3.639509265479227,1282.5,0.7095615126270962,-22.32748648695273,128.89482999814442,22.338758478600784,-1.5390272880588083,-14.10539790241798,-808.1797681612345,2.063531483415902,3
hough,371,12.37447178626134,947.0,635.0,20.0,3.466199300456407,1261.0,-0.15698831248700545,-22.50079645197555,129.8329504421054,22.501344099930854,-1.5777732249490632,-14.144143839308235,-810.3997468183263,2.069698090796713,3
hough,372,12.407826157652881,943.0,633.0,20.0,3.466199300456407,1273.5,-0.8502281725782868,-22.15417652192991,127.92389319378546,22.170485454997962,-1.6091552845072803,-14.175525898866454,-812.1978063834405,2.0746927006998077,3
hough,373,12.44118052904442,937.0,633.0,20.0,3.466199300456407,1275.0,-1.8900879627152087,-22.15417652192991,128.2941633003475,22.234656954215225,-1.6559054302927727,-14.222276044651945,-814.8763924285704,2.0821332174918354,3
hough,374,12.47453490043596,933.0,633.0,22.0,3.8128192305020474,1285.0,-2.58332782280649,-22.15417652192991,128.69591651767234,22.3042847902576,-1.686878899059064,-14.253249513418236,-816.6510414657591,2.087062798150693,3
hough,375,12.507889271827501,930.0,633.0,20.0,3.466199300456407,1282.5,-3.103257717874951,-22.15417652192991,129.077782254981,22.370465927833976,-1.7099663322909855,-14.276336946650158,-817.9738539497383,2.0907372772728574,3
hough,376,12.54124364321904,926.0,630.0,18.0,3.119579370410766,1274.5,-3.7964975779662327,-21.634246626861447,126.73729411739784,21.964836010573112,-1.7445130722213529,-14.310883686580524,-819.9532363436845,2.0962355617004857,3
hough,377,12.574598014610581,922.0,630.0,19.0,3.2928893354335864,1289.0,-4.489737438057514,-21.634246626861447,127.48956157892798,22.095211458018706,-1.7754208885972729,-14.341791502956445,-821.72412377599,2.10115469345689,3
hough,378,12.60795238600212,919.0,631.0,22.0,3.8128192305020474,1294.0,-5.009667333125975,-21.807556591884268,129.10725322825664,22.375573541181566,-1.7966003096923386,-14.362970924051512,-822.9376152172676,2.1045255030159944,3
hough,379,12.64130675739366,913.0,630.0,20.0,3.466199300456407,1261.5,-6.049527123262897,-21.634246626861447,129.61825929323794,22.464135984429927,-1.843459441212894,-14.409830055572066,-825.6224456850439,2.111983365426484,3
hough,380,12.674661128785202,908.0,629.0,20.0,3.466199300456407,1271.0,-6.916076948376999,-21.460936661838627,130.10108301019665,22.547814145928225,-1.882551184052678,-14.44892179841185,-827.8622375635744,2.118205009533513,3
hough,381,12.70801550017674,905.0,626.0,20.0,3.466199300456407,1275.5,-7.43600684344546,-20.941006766770165,128.2214802633113,22.222060259608728,-1.9120011969812347,-14.478371811340407,-829.5495990109863,2.122892124665213,3
hough,382,12.741369871568281,901.0,626.0,21.0,3.639509265479227,1278.0,-8.12924670353674,-20.941006766770165,129.61479310750835,22.463535259902365,-1.9410869218928888,-14.507457536252062,-831.2160882925026,2.127521261558314,3
hough,383,12.77472424295982,896.0,624.0,21.0,3.639509265479227,1298.5,-8.995796528650843,-20.594386836724524,129.67163787622138,22.473387024779754,-1.982625941525592,-14.548996555884765,-833.5960988025676,2.1341324018640497,3
hough,384,12.808078614351361,894.0,623.0,21.0,3.639509265479227,1268.5,-9.342416458696484,-20.421076871701704,129.57506466978248,22.456649925749684,-1.9998605627803538,-14.566231177139526,-834.5835698619719,2.1368753770290616,3
hough,385,12.841432985742902,890.0,619.0,19.0,3.2928893354335864,1256.5,-10.035656318787765,-19.727837011610426,127.71180701680058,22.13372880708289,-2.041383941433539,-14.607754555792711,-836.9626842099229,2.1434840279955925,3
hough,386,12.87478735713444,885.0,620.0,19.0,3.2928893354335864,1270.0,-10.902206143901866,-19.901146976633246,130.93136931899917,22.69171103706572,-2.071962739317381,-14.638333353676554,-838.7147202712507,2.148350794832614,3
hough,387,12.908141728525981,881.0,616.0,20.0,3.466199300456407,1276.5,-11.595446003993148,-19.207907116541964,129.45899636203873,22.436534131394357,-2.1139179516548117,-14.680288566013985,-841.1185768667608,2.1550281742645865,3
hough,388,12.94149609991752,877.0,614.0,20.0,3.466199300456407,1267.5,-12.28868586408443,-18.861287186496323,129.89056612556277,22.511329472015618,-2.1482460475072283,-14.714616661866401,-843.0854318778247,2.160491660406431,3
hough,389,12.974850471309061,873.0,610.0,21.0,3.639509265479227,1286.5,-12.98192572417571,-18.16804732640504,128.84163704229078,22.329539609282328,-2.191218878195353,-14.757589492554526,-845.5475937099845,2.167330998829097,3
hough,390,13.0082048427006,870.0,609.0,21.0,3.639509265479227,1288.0,-13.501855619244171,-17.99473736138222,129.80732952441738,22.49690373958249,-2.2145037785877637,-14.780874392946936,-846.8817202288521,2.171036905825951,3
hough,391,13.04155921409214,867.0,607.0,20.0,3.466199300456407,1282.0,-14.021785514312633,-17.64811743133658,130.05790471850085,22.540330917704683,-2.242186974884071,-14.808557589243243,-848.4678505400627,2.1754428233570917,3
hough,392,13.074913585483682,863.0,604.0,20.0,3.466199300456407,1269.0,-14.715025374403915,-17.12818753626812,130.29323247238193,22.581115562498713,-2.280556443854401,-14.846927058213574,-850.6662591742208,2.181549514007531,3
hough,393,13.10826795687522,859.0,599.0,20.0,3.466199300456407,1284.0,-15.408265234495195,-16.261637711154016,129.26049324678849,22.402131563433418,-2.329255158250604,-14.895625772609776,-853.4564899768362,2.189300155125907,3
hough,394,13.141622328266761,857.0,598.0,21.0,3.639509265479227,1282.5,-15.754885164540836,-16.088327746131196,129.9278216129227,22.517786219226878,-2.345723486653572,-14.912094101012745,-854.4000556899617,2.1919211709957,3
hough,395,13.1749766996583,853.0,594.0,21.0,3.639509265479227,1246.0,-16.448125024632116,-15.395087886039915,129.9917193378012,22.528860331690602,-2.389251880801828,-14.955622495161,-856.8940489636387,2.1988489300892473,3
hough,396,13.208331071049841,850.0,591.0,21.0,3.639509265479227,1258.0,-16.968054919700577,-14.875157990971454,130.20101112082932,22.565132683286773,-2.4218251506840183,-14.98819576504319,-858.7603598528289,2.2040331270036644,3
hough,397,13.241685442441382,847.0,588.0,20.0,3.466199300456407,1232.0,-17.48798481476904,-14.355228095902994,130.54792031041697,22.625255502800304,-2.454259592971556,-15.02063020733073,-860.6187165067655,2.209195228820155,3
hough,398,13.27503981383292,844.0,584.0,19.0,3.2928893354335864,1222.5,-18.0079147098375,-13.661988235811712,130.424522682072,22.603869464147934,-2.4925684905404517,-15.058939104899624,-862.8136546552621,2.2152922792326457,3
hough,399,13.308394185224461,841.0,581.0,19.0,3.2928893354335864,1238.5,-18.52784460490596,-13.142058340743251,131.06873127231745,22.715517232390777,-2.5246430403116578,-15.09101365467083,-864.6513909869345,2.22039710237618,3
hough,400,13.341748556616,840.0,577.0,20.0,3.466199300456407,1247.0,-18.701154569928782,-12.44881848065197,129.62710226303975,22.465668559216972,-2.554279592389017,-15.12065020674819,-866.349440340287,2.2251139061354923,3
hough,401,13.375102928007541,836.0,573.0,20.0,3.466199300456407,1226.5,-19.394394430020064,-11.755578620560689,130.85791496287402,22.678980665174894,-2.596675939059053,-15.163046553418226,-868.7785720712535,2.2318614942770663,3
hough,402,13.40845729939908,836.0,569.0,20.0,3.466199300456407,1233.5,-19.394394430020064,-11.062338760469407,128.8299483208835,22.327513837384068,-2.6232309750790392,-15.189601589438212,-870.3000635600166,2.2360878595236304,3
hough,403,13.44181167079062,833.0,565.0,20.0,3.466199300456407,1221.5,-19.914324325088526,-10.369098900378127,129.5490339749118,22.452138546932126,-2.6615339593979424,-15.227904573757115,-872.4946629042455,2.2421839688131553,3
hough,404,13.475166042182162,831.0,560.0,21.0,3.639509265479227,1262.5,-20.260944255134167,-9.502549075264024,129.12504634825888,22.378657266186803,-2.7030444247177656,-15.269415039076938,-874.8730373726955,2.2487905645588495,3
hough,405,13.5085204135737,828.0,559.0,19.0,3.2928893354335864,1247.0,-20.780874150202624,-9.329239110241204,131.43459573857746,22.77892519024139,-2.719625641399831,-15.285996255759004,-875.8230711077698,2.251429547156278,3
hough,406,13.541874784965241,825.0,553.0,18.0,3.119579370410766,1215.5,-21.300804045271086,-8.289379320104281,131.88453440187743,22.856904044240324,-2.7704675857513004,-15.336838200110472,-878.736099941348,2.2595212939162175,3
hough,407,13.57522915635678,826.0,548.0,22.0,3.8128192305020474,1265.5,-21.127494080248265,-7.4228294949901805,129.21076139960846,22.393512538738126,-2.803728962644771,-15.370099577003943,-880.6418364581378,2.264815006462856,3
hough,408,13.608583527748321,823.0,543.0,20.0,3.466199300456407,1252.5,-21.647423975316727,-6.556279669876078,130.50884222887188,22.618482881854565,-2.8475081160173037,-15.413878730376476,-883.1501971770399,2.271782675126473,3
hough,409,13.641937899139862,821.0,539.0,20.0,3.466199300456407,1242.0,-21.994043905362368,-5.863039809784797,131.33751509582112,22.762100147440897,-2.881076797473988,-15.44744741183316,-885.0735409483269,2.2771252967133813,3
hough,410,13.6752922705314,820.0,534.0,20.0,3.466199300456407,1225.0,-22.16735387038519,-4.996489984670696,131.11466971435854,22.72347882217412,-2.9198988737545806,-15.486269488113752,-887.2978820711398,2.283304022054528,3
hough,411,13.708646641922941,820.0,529.0,19.0,3.2928893354335864,1243.0,-22.16735387038519,-4.129940159556594,130.10672046139183,22.54879117239768,-2.9573971316659327,-15.523767746025104,-889.4463739885533,2.2892720551584547,3
hough,412,13.74200101331448,820.0,524.0,19.0,3.2928893354335864,1210.0,-22.16735387038519,-3.263390334442492,129.2844182573143,22.406278006170815,-2.9954264985493264,-15.561797112908499,-891.6252962085264,2.295324616880602,3
hough,413,13.775355384706021,818.0,521.0,20.0,3.466199300456407,1233.0,-22.51397380043083,-2.743460439374031,130.8667465660164,22.680511270006594,-3.020334581184513,-15.586705195543686,-893.0524242192857,2.2992888613549334,3
hough,414,13.80870975609756,818.0,517.0,21.0,3.639509265479227,1229.0,-22.51397380043083,-2.0502205792827497,130.44334798181433,22.607132076187824,-3.050778773734594,-15.617149388093766,-894.7967479630889,2.30413420508772,3
hough,415,13.8420641274891,817.0,510.0,19.0,3.2928893354335864,1253.0,-22.68728376545365,-0.8370508241230074,130.99489155471048,22.702720073515017,-3.1047142273220345,-15.671084841681207,-897.887021819773,2.312718299134065,3
hough,416,13.875418498880641,816.0,507.0,19.0,3.2928893354335864,1222.5,-22.86059373047647,-0.3171209290545463,131.91851469079418,22.86279316692395,-3.1277215969648715,-15.694092211324044,-899.205246998005,2.3163800357402646,3
hough,417,13.90877287027218,817.0,503.0,19.0,3.2928893354335864,1208.5,-22.68728376545365,0.37611893103673505,130.92381199120788,22.690401276850544,3.1250157692582285,-15.72454015228053,-900.9497855096752,2.3212259760504597,3
hough,418,13.942127241663721,817.0,497.0,20.0,3.466199300456407,1237.0,-22.68728376545365,1.415978721173657,131.1605392646937,22.731428472338322,3.0792606249884082,-15.770295296550351,-903.5713621673482,2.3285081334328845,3
hough,419,13.97548161305526,818.0,493.0,20.0,3.466199300456407,1212.5,-22.51397380043083,2.109218581264938,130.4746607134471,22.612558884611868,3.0481804409875553,-15.801375480551204,-905.3521255370871,2.333454698348826,3
hough,420,14.008835984446801,817.0,488.0,22.0,3.8128192305020474,1229.5,-22.68728376545365,2.97576840637904,132.02708370273663,22.88160925858626,3.011172579234201,-15.838383342304558,-907.4725198243578,2.339344682480134,3
hough,421,14.042190355838342,819.0,482.0,19.0,3.2928893354335864,1226.0,-22.34066383540801,4.015628196515962,130.97163833919083,22.69869005954664,2.963746481870166,-15.885809439668593,-910.1898350420936,2.3468927803071775,3
hough,422,14.07554472722988,820.0,480.0,20.0,3.466199300456407,1208.0,-22.16735387038519,4.362248126561603,130.35888630764802,22.59249402639229,2.947288371001059,-15.9022675505377,-911.1328153336517,2.34951217000595,3
hough,423,14.108899098621421,822.0,476.0,21.0,3.639509265479227,1206.0,-21.820733940339547,5.055487986652884,129.2407738277952,22.398713991617424,2.913926634458741,-15.935629287080017,-913.0443020347539,2.3548218552867892,3
hough,424,14.14225347001296,822.0,471.0,21.0,3.639509265479227,1234.0,-21.820733940339547,5.922037811766986,130.46026105493095,22.610063280298093,2.876581073557091,-15.972974847981668,-915.1840450579673,2.360765585906827,3
hough,425,14.175607841404501,823.0,466.0,20.0,3.466199300456407,1211.0,-21.647423975316727,6.788587636881088,130.90366748715365,22.686910033557503,2.8377078365819925,-16.011848084956767,-917.4113174726524,2.3669524537253963,3
hough,426,14.208962212796042,824.0,461.0,20.0,3.466199300456407,1258.5,-21.474114010293906,7.6551374619951895,131.5433791897329,22.7977784463562,2.799154838206045,-16.050401083332712,-919.6202415671687,2.3730883539879417,3
hough,427,14.24231658418758,826.0,458.0,20.0,3.466199300456407,1219.0,-21.127494080248265,8.17506735706365,130.71365104650766,22.653978290875386,2.772395561172965,-16.077160360365795,-921.1534352039857,2.3773472252013224,3
hough,428,14.275670955579121,827.0,454.0,20.0,3.466199300456407,1253.0,-20.954184115225445,8.868307217154932,131.28826527147066,22.75356466210534,2.7412275144002933,-16.108328407138465,-922.9392327397261,2.3823077739117124,3
hough,429,14.30902532697066,828.0,449.0,21.0,3.639509265479227,1237.0,-20.780874150202624,9.734857042269033,132.41034342172293,22.94803198707843,2.703499847439656,-16.146056074099103,-925.1008688274458,2.3883123185998225,3
hough,430,14.342379698362201,831.0,447.0,21.0,3.639509265479227,1240.5,-20.260944255134167,10.081476972314674,130.57850106155828,22.630555451710975,2.6798814807743954,-16.169674440764364,-926.4541015563577,2.3920712984023558,3
hough,431,14.37573406975374,834.0,442.0,21.0,3.639509265479227,1249.0,-19.741014360065705,10.948026797428776,130.249806490667,22.573589407126615,2.63523779680087,-16.21431812473789,-929.0119962299566,2.3991765613845746,3
hough,432,14.40908844114528,835.0,438.0,20.0,3.466199300456407,1216.5,-19.567704395042885,11.641266657520058,131.37565268701834,22.768709772037344,2.60491500998219,-16.24464091155657,-930.7493639377418,2.4040025827950893,3
hough,433,14.442442812536822,838.0,434.0,20.0,3.466199300456407,1229.5,-19.047774499974423,12.334506517611338,130.93696518298495,22.692680856057365,2.5669372375836517,-16.282618683955107,-932.9253300114865,2.4100469329999354,3
hough,434,14.47579718392836,839.0,429.0,20.0,3.466199300456407,1241.0,-18.874464534951603,13.20105634272544,132.89988449354186,23.032874333112602,2.531260384767535,-16.318295536771224,-934.9694631041594,2.4157250804795827,3
hough,435,14.509151555319901,842.0,426.0,21.0,3.639509265479227,1226.5,-18.35453463988314,13.720986237793902,132.2269473738399,22.916247624434497,2.4996595069256813,-16.349896414613077,-936.7800600334061,2.420754516394157,3
hough,436,14.54250592671144,845.0,423.0,20.0,3.466199300456407,1249.5,-17.83460474481468,14.240916132862361,131.68732636518854,22.82272592629955,2.4677675544657713,-16.381788367072986,-938.6073343097906,2.425830278273003,3
hough,437,14.575860298102981,849.0,420.0,21.0,3.639509265479227,1231.0,-17.141364884723398,14.760846027930823,130.52327988053423,22.62098507075918,2.4306757008344166,-16.41888022070434,-940.7325409771844,2.431733630126874,3
hough,438,14.609214669494522,851.0,417.0,20.0,3.466199300456407,1204.0,-16.794744954677757,15.280775922999284,131.01421507617636,22.706069032344384,2.4033596239319635,-16.446196297606797,-942.2976368965499,2.4360811187917784,3
hough,439,14.64256904088606,853.0,413.0,20.0,3.466199300456407,1224.0,-16.448125024632116,15.974015783090566,132.29687423466817,22.9283666462388,2.37081645656359,-16.47873946497517,-944.1622230387455,2.441260524742322,3
hough,440,14.675923412277601,856.0,411.0,19.0,3.2928893354335864,1237.0,-15.928195129563656,16.320635713136205,131.58536706901864,22.805055364246595,2.344025949407298,-16.505529972131463,-945.6972060298161,2.4455243663841846,3
hough,441,14.70927778366914,859.0,408.0,20.0,3.466199300456407,1242.5,-15.408265234495195,16.840565608204667,131.70533451647213,22.825846918368637,2.311809634633538,-16.53774628690522,-947.5430648978174,2.450651752128633,3
hough,442,14.742632155060681,863.0,407.0,20.0,3.466199300456407,1230.0,-14.715025374403915,17.013875573227487,129.79363993544155,22.49453119739591,2.2838679925985037,-16.565687928940257,-949.1440030590903,2.4550988025766127,3
hough,443,14.77598652645222,867.0,403.0,19.0,3.2928893354335864,1229.5,-14.021785514312633,17.70711543331877,130.32461030915965,22.58655365429315,2.240562060221667,-16.608993861317092,-951.6252502121619,2.4619911557795895,3
hough,444,14.80934089784376,870.0,399.0,19.0,3.2928893354335864,1233.0,-13.501855619244171,18.40035529341005,131.68686640901007,22.82264621131035,2.2038370782713974,-16.64571884326736,-953.7294366806065,2.4678361181919355,3
hough,445,14.842695269235302,872.0,398.0,20.0,3.466199300456407,1194.0,-13.15523568919853,18.57366525843287,131.32839718778806,22.760519923118604,2.18705344857258,-16.662502472966178,-954.6910678272591,2.4705073158215263,3
hough,446,14.87604964062684,877.0,396.0,20.0,3.466199300456407,1191.0,-12.28868586408443,18.920285188478513,130.17592137812758,22.560784380856703,2.146818509910553,-16.702737411628206,-956.996360001561,2.476910905194587,3
hough,447,14.909404012018381,881.0,393.0,20.0,3.466199300456407,1224.5,-11.595446003993148,19.440215083546974,130.60836562871862,22.635731278800954,2.108613954304988,-16.74094196723377,-959.1853197959327,2.482991349067842,3
hough,448,14.94275838340992,884.0,391.0,20.0,3.466199300456407,1205.0,-11.075516108924687,19.78683501359261,130.83879801736876,22.675667508018034,2.08108797033904,-16.768467951199717,-960.7624425041263,2.4873722454794907,3
hough,449,14.976112754801461,889.0,388.0,20.0,3.466199300456407,1235.5,-10.208966283810586,20.306764908661073,131.14402039110874,22.728565586935094,2.0366313034024035,-16.812924618136357,-963.3096218908145,2.4944477437758468,3
hough,450,15.009467126193002,892.0,387.0,20.0,3.466199300456407,1240.0,-9.689036388742124,20.480074873683893,130.72742466592703,22.656365396375193,2.012689820141642,-16.836866101397117,-964.6813678369392,2.4982581491817486,3
hough,451,15.04282149758454,897.0,384.0,20.0,3.466199300456407,1204.5,-8.822486563628022,21.000004768752355,131.42915421434984,22.77798211986783,1.9685248856344237,-16.881031035904336,-967.2118321866745,2.5052872168199025,3
hough,452,15.076175868976081,901.0,384.0,19.0,3.2928893354335864,1183.0,-8.12924670353674,21.000004768752355,129.93219764981998,22.51854463002848,1.9401387889236057,-16.909417132615154,-968.8382357250546,2.5098050044265134,3
hough,453,15.10953024036762,905.0,382.0,20.0,3.466199300456407,1193.0,-7.43600684344546,21.346624698797996,130.42933041570748,22.60470269229614,1.9059967029602978,-16.94355921857846,-970.7944331545249,2.5152388861750423,3
hough,454,15.142884611759161,910.0,379.0,20.0,3.466199300456407,1199.5,-6.569457018331358,21.866554593866457,131.7413118592779,22.832082150391923,1.8626512621343831,-16.986904659404374,-973.2779439749838,2.522137527342984,3
hough,455,15.176238983150702,915.0,381.0,18.0,3.119579370410766,1177.0,-5.702907193217256,21.519934663820816,128.4563512373126,22.26276573989777,1.829847463310528,-17.01970845822823,-975.1574631995869,2.5273584140779923,3
hough,456,15.20959335454224,918.0,378.0,19.0,3.2928893354335864,1179.0,-5.182977298148796,22.039864558889278,130.63927620211035,22.641088389194312,1.8017634659683273,-17.04779245557043,-976.7665577191517,2.5318281210767832,3
hough,457,15.242947725933782,926.0,377.0,22.0,3.8128192305020474,1187.5,-3.7964975779662327,22.213174523912098,130.0287188386436,22.535272713887466,1.7400727115376875,-17.10948321000107,-980.3011775830053,2.541646509587488,3
hough,458,15.27630209732532,928.0,375.0,20.0,3.466199300456407,1187.0,-3.4498776479205917,22.55979445395774,131.68342820981943,22.82205033712888,1.7225422570749993,-17.12701366446376,-981.3055986366637,2.544436568069872,3
hough,459,15.309656468716861,933.0,376.0,20.0,3.466199300456407,1209.5,-2.58332782280649,22.38648448893492,130.02740713739414,22.535045382989797,1.6856849192297392,-17.16387100230902,-983.4173685392849,2.550302595577153,3
hough,460,15.3430108401084,937.0,377.0,20.0,3.466199300456407,1236.5,-1.8900879627152087,22.213174523912098,128.6333533594748,22.293441971498666,1.6556804669458713,-17.193875454592888,-985.1364970217522,2.555077952472896,3
hough,461,15.376365211499941,941.0,375.0,21.0,3.639509265479227,1198.5,-1.1968481026239275,22.55979445395774,130.35326556355008,22.591519895429276,1.6237988990282082,-17.22575702251055,-986.9631763076939,2.560152061600512,3
hough,462,15.409719582891482,945.0,373.0,21.0,3.639509265479227,1200.5,-0.5036082425326461,22.90641438400338,132.2021485818567,22.911949746663282,1.5927782536089419,-17.256777667929818,-988.7405283679898,2.565089150656889,3
hough,463,15.44307395428302,952.0,374.0,21.0,3.639509265479227,1232.0,0.7095615126270962,22.73310441898056,131.23408907653746,22.744175387656394,1.5395937594642821,-17.309962162074477,-991.787775418017,2.5735537257958536,3
hough,464,15.476428325674561,956.0,377.0,20.0,3.466199300456407,1213.0,1.4028013727183777,22.213174523912098,128.42553596311387,22.25742514580422,1.5077283055270272,-17.34182761601173,-993.6135314408901,2.5786252703038346,3
hough,465,15.5097826970661,961.0,376.0,19.0,3.2928893354335864,1188.0,2.269351197832479,22.38648448893492,129.83220119508647,22.50121424795621,1.4697699526232308,-17.379785968915527,-995.7883848595459,2.5846665298001006,3
hough,466,15.543137068457641,964.0,377.0,20.0,3.466199300456407,1211.5,2.78928109290094,22.213174523912098,129.17672044388698,22.387612901892695,1.4458813478195016,-17.403674573719258,-997.1571010932556,2.5884685193381833,3
hough,467,15.576491439849182,970.0,376.0,20.0,3.466199300456407,1227.5,3.829140883037862,22.38648448893492,131.046158419618,22.71160513207897,1.4013887600124506,-17.448167161526307,-999.7063385942147,2.595549734618625,3
hough,468,15.60984581124072,973.0,378.0,20.0,3.466199300456407,1198.0,4.349070778106324,22.039864558889278,129.62245119975802,22.4648624836023,1.3759718201936566,-17.473584101345104,-1001.1626219739697,2.5995949662290556,3
hough,469,15.643200182632262,980.0,379.0,21.0,3.639509265479227,1208.0,5.562240533266066,21.866554593866457,130.1881634447729,22.56290605299881,1.3217070356967535,-17.527848885842005,-1004.2717651018291,2.608231474917554,3
hough,470,15.6765545540238,984.0,380.0,20.0,3.466199300456407,1220.5,6.255480393357347,21.693244628843637,130.27037610582366,22.57715432640995,1.2900516464100587,-17.5595042751287,-1006.0854853068004,2.6132695865980295,3
hough,471,15.709908925415341,988.0,381.0,19.0,3.2928893354335864,1206.0,6.948720253448628,21.519934663820816,130.48288730857624,22.613984635525956,1.258467781488022,-17.591088140050736,-1007.8951074675444,2.618296314822319,3
hough,472,15.74326329680688,993.0,384.0,19.0,3.2928893354335864,1263.0,7.8152700785627305,21.000004768752355,129.28922764174987,22.40711152041913,1.214521676623077,-17.63503424491568,-1010.413033802345,2.625290554641209,3
hough,473,15.776617668198421,997.0,385.0,20.0,3.466199300456407,1222.0,8.508509938654012,20.826694803729534,129.8118537493016,22.49768783283893,1.182950779261027,-17.66660514227773,-1012.2219129766313,2.6303152190142267,3
hough,474,15.809972039589962,1001.0,387.0,20.0,3.466199300456407,1199.0,9.201749798745293,20.480074873683893,129.54995154177882,22.45229757041376,1.148522554705533,-17.701033366833226,-1014.1945049397898,2.6357946411341113,3
hough,475,15.8433264109815,1006.0,388.0,19.0,3.2928893354335864,1226.0,10.068299623859394,20.306764908661073,130.78146384813186,22.665730925152975,1.110506233167891,-17.73904968837087,-1016.372679716509,2.641845126624998,3
hough,476,15.876680782373041,1010.0,391.0,20.0,3.466199300456407,1207.5,10.761539483950676,19.78683501359261,129.96354657335536,22.5239777108699,1.0726687610798091,-17.776887160458948,-1018.5406071745999,2.6478671473419175,3
hough,477,15.91003515376458,1014.0,393.0,20.0,3.466199300456407,1193.0,11.454779344041958,19.440215083546974,130.19445459992477,22.563996372878133,1.0383327658365842,-17.811223155702173,-1020.507914787418,2.6533318907108567,3
hough,478,15.943389525156121,1020.0,397.0,22.0,3.8128192305020474,1227.0,12.494639134178879,18.746975223455692,129.99370925379404,22.52920520396172,0.9829172369631298,-17.86663868457563,-1023.6829907113524,2.6621515460551186,3
hough,479,15.976743896547662,1024.0,399.0,20.0,3.466199300456407,1208.5,13.18787899427016,18.40035529341005,130.62326368686055,22.638313260736442,0.9489376532090423,-17.900618268329715,-1025.6298774500729,2.6675595647737866,3
hough,480,16.010098267939203,1027.0,402.0,20.0,3.466199300456407,1229.5,13.707808889338622,17.88042539834159,129.9999262142808,22.530282665166233,0.9167318219658095,-17.93282409957295,-1027.475135656021,2.672685282012531,3
hough,481,16.04345263933074,1029.0,403.0,20.0,3.466199300456407,1268.5,14.054428819384263,17.70711543331877,130.44162334562552,22.606833179550264,0.8998985779660883,-17.94965734357267,-1028.4396094927188,2.6753643760033587,3
hough,482,16.07680701072228,1036.0,407.0,20.0,3.466199300456407,1192.0,15.267598574544005,17.013875573227487,131.90137940970607,22.85982345195791,0.8394408194321671,-18.010115102106592,-1031.9035838955335,2.6849865271222884,3
hough,483,16.11016138211382,1036.0,411.0,20.0,3.466199300456407,1254.0,15.267598574544005,16.320635713136205,128.9519763875393,22.34866251734799,0.8187221948716543,-18.030833726667105,-1033.0906736401669,2.6882839986351588,3
hough,484,16.143515753505362,1040.0,413.0,20.0,3.466199300456407,1265.0,15.960838434635287,15.974015783090566,130.29460765856606,22.581353895968185,0.7858107955521955,-18.063745125986564,-1034.9763579190417,2.693522010520922,3
hough,485,16.1768701248969,1042.0,416.0,21.0,3.639509265479227,1241.0,16.307458364680926,15.454085888022105,129.6342556281243,22.466908308669574,0.7585365218373633,-18.091019399701395,-1036.539058692186,2.6978628460018785,3
hough,486,16.21022449628844,1046.0,420.0,20.0,3.466199300456407,1255.5,17.000698224772208,14.760846027930823,129.9093220863679,22.514580066926722,0.7149938359091113,-18.134562085629646,-1039.0338708245386,2.704792879702858,3
hough,487,16.243578867679982,1049.0,423.0,20.0,3.466199300456407,1276.0,17.52062811984067,14.240916132862361,130.27653574013635,22.578221852417236,0.6825023757889633,-18.167053545749795,-1040.8954943596407,2.7099640561892526,3
hough,488,16.27693323907152,1051.0,427.0,20.0,3.466199300456407,1232.0,17.86724804988631,13.547676272771081,129.37925178646904,22.422713601791614,0.6487543859907882,-18.20080153554797,-1042.8291117421268,2.7153352155850476,3
hough,489,16.31028761046306,1055.0,431.0,21.0,3.639509265479227,1259.0,18.560487909977592,12.8544364126798,130.27042076199933,22.577162065770192,0.605721936380776,-18.243833985157984,-1045.2946894868899,2.7221840426538337,3
hough,490,16.343641981854603,1056.0,435.0,20.0,3.466199300456407,1262.5,18.733797875000413,12.161196552588518,128.8728412107483,22.33494760262627,0.5757831444781304,-18.27377277706063,-1047.0100559066318,2.7269489493753394,3
hough,491,16.376996353246142,1059.0,441.0,20.0,3.466199300456407,1268.5,19.253727770068874,11.121336762451596,128.29548606359475,22.23488620226734,0.5238009927484192,-18.32575492879034,-1049.988413810753,2.7352221657756757,3
hough,492,16.41035072463768,1061.0,443.0,21.0,3.639509265479227,1260.0,19.600347700114515,10.774716832405955,129.0559088559487,22.36667504981276,0.5026287508561391,-18.34692717068262,-1051.2014939140106,2.738591832729169,3
hough,493,16.44370509602922,1063.0,446.0,21.0,3.639509265479227,1288.0,19.946967630160152,10.254786937337494,129.41322597784645,22.428601667710915,0.4748658937017413,-18.37469002783702,-1052.7921884561824,2.7430104286796464,3
hough,494,16.477059467420762,1065.0,453.0,20.0,3.466199300456407,1265.5,20.293587560205793,9.041617182177752,128.1903928904995,22.216672508114065,0.4191393036683038,-18.430416617870456,-1055.985086871754,2.7518795909451232,3
hough,495,16.5104138388123,1067.0,455.0,20.0,3.466199300456407,1244.0,20.640207490251434,8.694997252132111,129.23030873507005,22.396900286763266,0.3987028302294193,-18.45085309130934,-1057.1560105479334,2.755132156712288,3
hough,496,16.54376821020384,1069.0,460.0,20.0,3.466199300456407,1259.0,20.986827420297075,7.82844742701801,129.24452524248125,22.399364149165446,0.35703118560288927,-18.49252473593587,-1059.5436199104024,2.7617644049413688,3
hough,497,16.577122581595383,1071.0,462.0,20.0,3.466199300456407,1264.0,21.333447350342716,7.481827496972369,130.44478974453241,22.607381948034067,0.33730611812741307,-18.512249803411347,-1060.673783027358,2.764903746932912,3
hough,498,16.61047695298692,1071.0,468.0,19.0,3.2928893354335864,1231.5,21.333447350342716,6.441967706835447,128.5838273563171,22.284858621623687,0.29325914075336024,-18.5562967807854,-1063.1974889311996,2.7719140411102496,3
hough,499,16.64383132437846,1075.0,472.0,22.0,3.8128192305020474,1226.0,22.026687210433998,5.748727846744165,131.35140802549836,22.764507930597322,0.2552944152387064,-18.594261506300054,-1065.3727074735618,2.7779563148390336,3
hough,500,16.67718569577,1073.0,476.0,20.0,3.466199300456407,1274.0,21.680067280388357,5.055487986652884,128.45020050604805,22.261699756877448,0.2290921947246437,-18.620463726814116,-1066.8739841228887,2.7821265277538307,3
hough,501,16.710540067161542,1075.0,481.0,20.0,3.466199300456407,1247.5,22.026687210433998,4.188938161538783,129.37205501744492,22.421466330003767,0.18793140985182422,-18.661624511686934,-1069.2323233775471,2.788677470127882,3
hough,502,16.74389443855308,1076.0,487.0,19.0,3.2928893354335864,1231.5,22.19999717545682,3.1490783714018606,129.3764834028728,22.42223381332738,0.14091030308227687,-18.708645618456483,-1071.9264343434763,2.796161111699907,3
hough,503,16.77724880994462,1077.0,490.0,19.0,3.2928893354335864,1238.0,22.37330714047964,2.6291484763333997,129.98246632872798,22.52725669301177,0.11697625083154095,-18.732579670707217,-1073.297754524089,2.7999703344238314,3
hough,504,16.810603181336162,1078.0,492.0,21.0,3.639509265479227,1271.0,22.54661710550246,2.2825285462877587,130.75912613307975,22.661859576538603,0.10089223013965888,-18.7486636913991,-1074.219301027335,2.802530185821737,3
hough,505,16.8439575527277,1078.0,496.0,21.0,3.639509265479227,1281.5,22.54661710550246,1.5892886861964775,130.41697508819902,22.602561390917803,0.07037260912459316,-18.779183312414165,-1075.967946503837,2.8073875343675763,3
hough,506,16.87731192411924,1077.0,502.0,21.0,3.639509265479227,1233.5,22.37330714047964,0.5494288960595554,129.1330961647969,22.38005237960945,0.024552404605462142,-18.825003516933297,-1078.5932508392095,2.8146800464102775,3
hough,507,16.91066629551078,1077.0,505.0,21.0,3.639509265479227,1265.0,22.37330714047964,0.029499000991094367,129.09428828634762,22.373326587552793,0.0013184900967936899,-18.848237431441966,-1079.924456082124,2.818377838751706,3
hough,508,16.944020666902322,1078.0,511.0,20.0,3.466199300456407,1273.5,22.54661710550246,-1.0103607891458277,130.22473308252796,22.569243935639037,-0.044782119141540205,-18.8943380406803,-1082.5658264244623,2.825714978591535,3
hough,509,16.97737503829386,1077.0,515.0,21.0,3.639509265479227,1275.0,22.37330714047964,-1.703600649237109,129.46787662710693,22.438073169822722,-0.07599768668784536,-18.925553608226604,-1084.354346699971,2.8306830904679483,3
hough,510,17.0107294096854,1076.0,520.0,20.0,3.466199300456407,1272.5,22.19999717545682,-2.5701504743512107,128.949760105497,22.348278413584758,-0.11525943465749716,-18.964815356196254,-1086.6038791549383,2.8369317917317463,3
hough,511,17.044083781076942,1075.0,524.0,19.0,3.2928893354335864,1262.0,22.026687210433998,-3.263390334442492,128.48147961158196,22.267120737563474,-0.14708623691557673,-18.996642158454335,-1088.427420599724,2.8419971846339287,3
hough,512,17.07743815246848,1077.0,529.0,21.0,3.639509265479227,1282.5,22.37330714047964,-4.129940159556594,131.27515078099967,22.751291790220517,-0.1825375265095215,-19.03209344804828,-1090.458629871753,2.8476394326117873,3
hough,513,17.11079252386002,1076.0,531.0,19.0,3.2928893354335864,1276.5,22.19999717545682,-4.476560089602234,130.67247614725795,22.6468422705266,-0.1989785923031166,-19.048534513841876,-1091.400633552423,2.850256109502537,3
hough,514,17.144146895251563,1075.0,537.0,21.0,3.639509265479227,1292.5,22.026687210433998,-5.516419879739156,131.0193312317173,22.706955713082237,-0.24539514450429045,-19.09495106604305,-1094.0601060930987,2.8576435332266366,3
hough,515,17.1775012666431,1072.0,543.0,20.0,3.466199300456407,1290.5,21.506757315365537,-6.556279669876078,129.73225345322163,22.483892308309503,-0.2958980223581915,-19.14545394389695,-1096.953707847392,2.8656813158774512,3
hough,516,17.21085563803464,1071.0,549.0,19.0,3.2928893354335864,1269.0,21.333447350342716,-7.596139460013001,130.66455801020297,22.645469978470555,-0.3420695806811282,-19.191625502219885,-1099.5991432728383,2.873029747614802,3
hough,517,17.24421000942618,1069.0,551.0,20.0,3.466199300456407,1257.5,20.986827420297075,-7.942759390058641,129.47651979308858,22.439571116616687,-0.361804168528219,-19.21136009006698,-1100.729851866907,2.8761706048205484,3
hough,518,17.277564380817722,1067.0,556.0,21.0,3.639509265479227,1251.5,20.640207490251434,-8.809309215172743,129.48780011456822,22.44152610873777,-0.4033970890707565,-19.252953010609517,-1103.1129506716175,2.882790323722522,3
hough,519,17.31091875220926,1066.0,560.0,21.0,3.639509265479227,1255.0,20.466897525228614,-9.502549075264024,130.2019214544336,22.56529045317189,-0.43467266456650877,-19.284228586105268,-1104.9049091493666,2.887767986160714,3
hough,520,17.3442731236008,1065.0,563.0,20.0,3.466199300456407,1252.5,20.293587560205793,-10.022478970332486,130.59605944026532,22.633598493710547,-0.45873495698115435,-19.308290878519912,-1106.2835769501355,2.8915976189406276,3
hough,521,17.377627494992343,1062.0,567.0,20.0,3.466199300456407,1280.0,19.773657665137332,-10.715718830423766,129.77058221698465,22.49053506501664,-0.49661774887097343,-19.346173670409733,-1108.4541010415946,2.897626852528014,3
hough,522,17.41098186638388,1060.0,571.0,21.0,3.639509265479227,1269.0,19.427037735091695,-11.408958690515048,129.99486770137565,22.529405974471572,-0.531008234896554,-19.380564156435312,-1110.424530746264,2.903100268374318,3
hough,523,17.44433623777542,1058.0,575.0,20.0,3.466199300456407,1273.5,19.080417805046054,-12.10219855060633,130.37226410729068,22.59481253238044,-0.5652399429967981,-19.414795864535556,-1112.3858631459318,2.908548413928951,3
hough,524,17.47769060916696,1054.0,579.0,20.0,3.466199300456407,1278.5,18.38717794495477,-12.79543841069761,129.25483419941352,22.4011507941308,-0.6079617016560285,-19.457517623194786,-1114.8336396104821,2.915347792997146,3
hough,525,17.511044980558502,1052.0,584.0,22.0,3.8128192305020474,1280.5,18.04055801490913,-13.661988235811712,130.57462756867503,22.62988413679486,-0.648152310654514,-19.497708232193272,-1117.1363918821557,2.921744327085128,3
hough,526,17.54439935195004,1049.0,586.0,20.0,3.466199300456407,1288.0,17.52062811984067,-14.008608165857353,129.43526362731842,22.432421011970085,-0.6744661419175758,-19.524022063456336,-1118.6440633563489,2.9259323034023312,3
hough,527,17.57775372334158,1046.0,590.0,21.0,3.639509265479227,1256.0,17.000698224772208,-14.701848025948635,129.68639380398884,22.47594437410501,-0.7130117496662822,-19.56256767120504,-1120.8525639991165,2.932067027410019,3
hough,528,17.611108094733122,1043.0,593.0,20.0,3.466199300456407,1250.5,16.480768329703746,-15.221777921017095,129.4487328036695,22.434755354452374,-0.7457064245342718,-19.59526234607303,-1122.7258308816047,2.937270546528042,3
hough,529,17.64446246612466,1039.0,595.0,20.0,3.466199300456407,1277.5,15.787528469612466,-15.568397851062736,127.93568766336433,22.17252955410814,-0.7784097858563401,-19.6279657073951,-1124.5995954612504,2.9424754481381687,3
hough,530,17.6778168375162,1035.0,599.0,20.0,3.466199300456407,1285.5,15.094288609521184,-16.261637711154016,128.02119001694462,22.187347964016507,-0.8226099562718908,-19.67216587781065,-1127.1320786798206,2.9495101237453083,3
hough,531,17.711171208907743,1033.0,602.0,21.0,3.639509265479227,1280.0,14.747668679475543,-16.781567606222477,128.9070484190074,22.34087605269318,-0.8498172534162015,-19.69937317495496,-1128.690941978148,2.9538402995739954,3
hough,532,17.744525580299282,1028.0,605.0,21.0,3.639509265479227,1261.5,13.881118854361443,-17.30149750129094,127.98853118301888,22.181687862651152,-0.894650037978026,-19.744205959516783,-1131.2596713173596,2.9609756588495832,3
hough,533,17.77787995169082,1025.0,608.0,20.0,3.466199300456407,1294.5,13.361188959292981,-17.8214273963594,128.5203400282583,22.27385563501842,-0.9274705477902782,-19.777026469329037,-1133.1401480110694,2.966199205221,3
hough,534,17.81123432308236,1022.0,611.0,20.0,3.466199300456407,1234.0,12.84125906422452,-18.34135729142786,129.18936290411716,22.38980396623299,-0.959985878686016,-19.809541800224775,-1135.0031392408666,2.9713741808593253,3
hough,535,17.844588694473902,1017.0,615.0,20.0,3.466199300456407,1243.5,11.974709239110418,-19.034597151519144,129.75587867559324,22.487986794772382,-1.0092524656225523,-19.85880838716131,-1137.8259067433444,2.979215201699541,3
hough,536,17.87794306586544,1014.0,617.0,21.0,3.639509265479227,1283.0,11.454779344041958,-19.381217081564785,129.9012785019859,22.51318603359882,-1.037002399709527,-19.886558321248287,-1139.4158608482944,2.9836317408799577,3
hough,537,17.91129743725698,1010.0,619.0,20.0,3.466199300456407,1276.0,10.761539483950676,-19.727837011610426,129.66459775078388,22.472166900886425,-1.0714144022801413,-19.9209703238189,-1141.3875233601839,2.989108581190762,3
hough,538,17.944651808648523,1006.0,622.0,20.0,3.466199300456407,1253.0,10.068299623859394,-20.247766906678887,130.47656204971068,22.612888405133205,-1.1093472749897737,-19.95890319652853,-1143.5609168712526,2.9951457853881753,3
hough,539,17.97800618004006,1002.0,624.0,22.0,3.8128192305020474,1259.0,9.375059763768114,-20.594386836724524,130.56300776917672,22.62787030975024,-1.1436065967219473,-19.993162518260707,-1145.5238314154872,3.0005983257888267,4
hough,540,18.0113605514316,996.0,625.0,21.0,3.639509265479227,1279.5,8.335199973631191,-20.767696801747345,129.12098383234465,22.377953191695802,-1.1891231792649444,-20.0386791008037,-1148.1317394930595,3.0078425148931944,4
hough,541,18.04471492282314,992.0,625.0,19.0,3.2928893354335864,1292.0,7.64196011353991,-20.767696801747345,127.6850619971658,22.12909362866545,-1.2182001441580876,-20.067756065696848,-1149.797726862487,3.0124702575860485,4
hough,542,18.078069294214682,991.0,628.0,23.0,3.986129195524868,1279.5,7.4686501485170895,-21.287626696815806,130.17014038603048,22.559782477318556,-1.2333692246978416,-20.0829251462366,-1150.6668511565088,3.014884491736109,4
hough,543,18.11142366560622,985.0,630.0,20.0,3.466199300456407,1242.0,6.4287903583801675,-21.634246626861447,130.22463091610095,22.569226229179144,-1.2819488687136869,-20.131504790252446,-1153.4502597288647,3.0226161822148754,4
hough,544,18.14477803699776,979.0,631.0,20.0,3.466199300456407,1266.5,5.388930568243246,-21.807556591884268,129.61475211307246,22.463528155158116,-1.3285366875355706,-20.17809260907433,-1156.1195451240787,3.0300308638682476,4
hough,545,18.178132408389303,976.0,631.0,20.0,3.466199300456407,1243.5,4.869000673174784,-21.807556591884268,128.92796015168247,22.344500264351662,-1.3511279304409611,-20.20068385197972,-1157.4139279965125,3.0336263718472303,4
hough,546,18.21148677978084,971.0,633.0,21.0,3.639509265479227,1258.5,4.002450848060683,-22.15417652192991,129.8991774806245,22.512821905660164,-1.3920607954371516,-20.241616716975912,-1159.759208404173,3.0401410396462873,4
hough,547,18.24484115117238,966.0,633.0,20.0,3.466199300456407,1260.5,3.135901022946581,-22.15417652192991,129.1040454415628,22.375017599781856,-1.430181508861535,-20.279737430400292,-1161.9433643954178,3.0462081396219673,4
hough,548,18.27819552256392,962.0,634.0,20.0,3.466199300456407,1270.5,2.4426611628552997,-22.32748648695273,129.59845956562097,22.460704494329168,-1.4618281543833351,-20.311384075922092,-1163.7565836195636,3.051244859689039,4
hough,549,18.311549893955462,957.0,635.0,19.0,3.2928893354335864,1261.5,1.576111337741198,-22.50079645197555,130.14791024843058,22.555929772948662,-1.5008636407897347,-20.350419562328494,-1165.9931522418906,3.057457550306614,4
hough,550,18.344904265347,953.0,635.0,20.0,3.466199300456407,1279.5,0.8828714776499166,-22.50079645197555,129.92969303981673,22.51811055615642,-1.5315791009936406,-20.381135022532398,-1167.7530184773764,3.062346067627408,4
hough,551,18.37825863673854,948.0,635.0,21.0,3.639509265479227,1288.0,0.016321652535814895,-22.50079645197555,129.8298246654263,22.50080237168393,-1.5700709458196962,-20.419626867358456,-1169.958438731582,3.068472235000201,4
hough,552,18.411613008130082,944.0,634.0,21.0,3.639509265479227,1248.0,-0.6769182075554665,-22.32748648695273,128.88898472338695,22.337745434237018,-1.6011047505745601,-20.45066067211332,-1171.7365447662687,3.0734114184298864,4
hough,553,18.44496737952162,940.0,633.0,20.0,3.466199300456407,1249.0,-1.3701580676467477,-22.15417652192991,128.0740309094534,22.19650581724898,-1.63256414372857,-20.482120065267328,-1173.539035220036,3.0784183363570183,4
hough,554,18.47832175091316,936.0,634.0,22.0,3.8128192305020474,1287.5,-2.063397927738029,-22.32748648695273,129.37876010304166,22.422628388154013,-1.6629497206440709,-20.51250564218283,-1175.2800005353645,3.0832543511218193,4
hough,555,18.511676122304703,931.0,634.0,20.0,3.466199300456407,1273.0,-2.9299477528521307,-22.32748648695273,129.9342980318697,22.51890864716805,-1.7012768107872767,-20.550832732326036,-1177.4759810415876,3.089354296972439,4
hough,556,18.545030493696242,925.0,632.0,21.0,3.639509265479227,1280.0,-3.9698075429890527,-21.98086655690709,128.88162215801484,22.3364694282899,-1.7494731517434605,-20.599029073282217,-1180.2374279663504,3.097024982874558,4
hough,557,18.57838486508778,922.0,632.0,20.0,3.466199300456407,1271.5,-4.489737438057514,-21.98086655690709,129.4484742035297,22.434710536471197,-1.7722814170241303,-20.62183733856289,-1181.5442453049477,3.100655031037328,4
hough,558,18.61173923647932,918.0,631.0,20.0,3.466199300456407,1275.0,-5.182977298148796,-21.807556591884268,129.3348154364943,22.41501233953175,-1.804135973150201,-20.65369189468896,-1183.3693769292342,3.1057248411047906,4
hough,559,18.645093607870862,914.0,629.0,20.0,3.466199300456407,1277.5,-5.876217158240077,-21.460936661838627,128.38777945484097,22.25088156667606,-1.8380557851758357,-20.687611706714595,-1185.31283900018,3.111123346857418,4
hough,560,18.6784479792624,910.0,629.0,20.0,3.466199300456407,1263.0,-6.569457018331358,-21.460936661838627,129.50161583830663,22.44392051133564,-1.8678512740527113,-20.71740719559147,-1187.019994761354,3.1158654461940123,4
hough,561,18.71180235065394,905.0,628.0,20.0,3.466199300456407,1267.5,-7.43600684344546,-21.287626696815806,130.10790584337818,22.548996610908272,-1.906857401602509,-20.756413323141267,-1189.2548812451064,3.1220734642044357,4
hough,562,18.745156722045483,900.0,627.0,19.0,3.2928893354335864,1277.5,-8.30255666855956,-21.114316731792986,130.91014407281955,22.68803249039273,-1.9454436330126847,-20.794999554551442,-1191.4657094522245,3.1282146536686524,4
hough,563,18.77851109343702,897.0,623.0,22.0,3.8128192305020474,1263.0,-8.822486563628022,-20.421076871701704,128.35599884944105,22.245373671065796,-1.9786050562972597,-20.828160977836017,-1193.3657190490776,3.1334924581043557,4
hough,564,18.81186546482856,893.0,622.0,21.0,3.639509265479227,1273.5,-9.515726423719304,-20.247766906678887,129.0885333831315,22.372329205477698,-2.0101279253342454,-20.859683846873004,-1195.1718464030405,3.1385094785320304,4
hough,565,18.8452198362201,889.0,620.0,21.0,3.639509265479227,1240.5,-10.208966283810586,-19.901146976633246,129.0572620210141,22.366909566802914,-2.0447769527161865,-20.894332874254946,-1197.157089436259,3.144024042513193,4
hough,566,18.878574207611642,885.0,618.0,21.0,3.639509265479227,1248.0,-10.902206143901866,-19.554527046587605,129.18089761924372,22.388336848007665,-2.0794011961635825,-20.928957117702343,-1199.1409124546283,3.149534662008663,4
hough,567,18.91192857900318,882.0,617.0,20.0,3.466199300456407,1260.5,-11.422136038970327,-19.381217081564785,129.80554561434118,22.49659457018958,-2.1033410838937803,-20.95289700543254,-1200.5125669835857,3.153344813477989,4
hough,568,18.94528295039472,878.0,614.0,20.0,3.466199300456407,1286.0,-12.11537589906161,-18.861287186496323,129.34739085336173,22.417191784589193,-2.141768426302728,-20.991324347841488,-1202.7142915215225,3.159460714972258,4
hough,569,18.978637321786263,877.0,613.0,22.0,3.8128192305020474,1287.5,-12.28868586408443,-18.687977221473503,129.05386312467317,22.366320504196953,-2.15247599117762,-21.00203191271638,-1203.3277897977164,3.1611648768505747,4
hough,570,19.0119916931778,871.0,610.0,20.0,3.466199300456407,1261.0,-13.328545654221351,-18.16804732640504,130.0145789187933,22.53282212487278,-2.203735230096381,-21.05329115163514,-1206.264727848814,3.1693230381036233,4
hough,571,19.04534606456934,868.0,607.0,20.0,3.466199300456407,1236.5,-13.848475549289812,-17.64811743133658,129.43819734498692,22.4329294544766,-2.236138048631876,-21.085693970170635,-1208.1212725952262,3.1744801068436574,4
hough,572,19.078700435960883,863.0,604.0,21.0,3.639509265479227,1231.0,-14.715025374403915,-17.12818753626812,130.29323247238193,22.581115562498713,-2.280556443854401,-21.13011236539316,-1210.6662591742208,3.181549514007531,4
hough,573,19.112054807352422,861.0,600.0,19.0,3.2928893354335864,1245.5,-15.061645304449554,-16.434947676176836,128.62857924942898,22.292614570653612,-2.3126204724647237,-21.16217639400348,-1212.503392687779,3.186652662656304,4
hough,574,19.14540917874396,859.0,599.0,21.0,3.639509265479227,1276.0,-15.408265234495195,-16.261637711154016,129.26049324678849,22.402131563433418,-2.329255158250604,-21.178811079789362,-1213.4564899768363,3.189300155125908,4
hough,575,19.1787635501355,855.0,597.0,18.0,3.119579370410766,1234.0,-16.101505094586475,-15.915017781108377,130.6300216020647,22.639484474784098,-2.3620191453317156,-21.211575066870473,-1215.333728156605,3.194514705625265,4
hough,576,19.212117921527042,851.0,593.0,20.0,3.466199300456407,1247.5,-16.794744954677757,-15.221777921017095,130.7853616085305,22.66640644587133,-2.4052848705069265,-21.254840792045684,-1217.8126716067175,3.201400659653355,4
hough,577,19.24547229291858,847.0,588.0,22.0,3.8128192305020474,1240.5,-17.48798481476904,-14.355228095902994,130.54792031041697,22.625255502800304,-2.454259592971556,-21.303815514510315,-1220.6187165067654,3.209195228820155,4
hough,578,19.27882666431012,846.0,584.0,21.0,3.639509265479227,1241.0,-17.66129477979186,-13.661988235811712,128.8368457435705,22.328709229468704,-2.483185799827832,-21.33274172136659,-1222.2760660769525,3.2137989776262303,4
hough,579,19.312181035701663,842.0,581.0,20.0,3.466199300456407,1224.0,-18.35453463988314,-13.142058340743251,130.25436909942061,22.574380152690118,-2.5202013334923286,-21.369757255031086,-1224.3968999323524,3.219690182780119,4
hough,580,19.3455354070932,840.0,577.0,20.0,3.466199300456407,1228.5,-18.701154569928782,-12.44881848065197,129.62710226303975,22.465668559216972,-2.554279592389017,-21.403835513927774,-1226.3494403402867,3.2251139061354923,4
hough,581,19.37888977848474,838.0,573.0,20.0,3.466199300456407,1208.0,-19.047774499974423,-11.755578620560689,129.15173484215006,22.383282648129594,-2.588648908896998,-21.438204830435758,-1228.3186571209435,3.2305839527484275,4
hough,582,19.41224414987628,835.0,571.0,19.0,3.2928893354335864,1211.5,-19.567704395042885,-11.408958690515048,130.69539545922422,22.650814415681822,-2.6137293005590108,-21.46328522209777,-1229.755657711712,3.234575621056118,4
hough,583,19.445598521267822,833.0,565.0,20.0,3.466199300456407,1259.0,-19.914324325088526,-10.369098900378127,129.5490339749118,22.452138546932126,-2.6615339593979424,-21.5110898809367,-1232.4946629042456,3.2421839688131557,4
hough,584,19.47895289265936,832.0,563.0,20.0,3.466199300456407,1233.0,-20.087634290111346,-10.022478970332486,129.531635864159,22.4491232809661,-2.6787952090136264,-21.528351130552384,-1233.483659656346,3.2449311820134343,4
hough,585,19.5123072640509,829.0,558.0,20.0,3.466199300456407,1211.0,-20.607564185179804,-9.155929145218384,130.11372613256106,22.55000532502298,-2.7234894200362567,-21.573045341575014,-1236.0444493166096,3.252044486625278,4
hough,586,19.545661635442443,827.0,553.0,20.0,3.466199300456407,1232.5,-20.954184115225445,-8.289379320104281,130.02271770235484,22.53423265716716,-2.764889083443281,-21.614445004982038,-1238.4164753030943,3.2586334476988466,4
hough,587,19.57901600683398,825.0,549.0,20.0,3.466199300456407,1220.5,-21.300804045271086,-7.596139460013001,130.4871338114633,22.614720596792782,-2.79903888436943,-21.64859480590819,-1240.3731147673748,3.2640685573218478,4
hough,588,19.61237037822552,823.0,546.0,19.0,3.2928893354335864,1220.0,-21.647423975316727,-7.07620956494454,131.40980421175777,22.774628571595407,-2.8256571421004795,-21.675213063639237,-1241.8982285933553,3.268304984616238,4
hough,589,19.64572474961706,822.0,538.0,19.0,3.2928893354335864,1216.0,-21.820733940339547,-5.689729844761977,130.11560875882978,22.550331602915765,-2.8865233515632953,-21.736079273102053,-1245.3856055105339,3.277992142719512,4
hough,590,19.679079121008602,821.0,535.0,21.0,3.639509265479227,1223.0,-21.994043905362368,-5.169799949693516,130.36450647118556,22.593468056738406,-2.910729004847375,-21.760284926386134,-1246.7724872840688,3.2818445920904424,4
hough,591,19.71243349240014,819.0,533.0,19.0,3.2928893354335864,1236.0,-22.34066383540801,-4.823180019647875,131.87573196435682,22.85537849410151,-2.928963657963996,-21.778519579502756,-1247.8172559485363,3.2847467272695186,4
hough,592,19.74578786379168,819.0,525.0,19.0,3.2928893354335864,1211.5,-22.34066383540801,-3.4367002994653126,130.4221301505092,22.60345481458647,-2.988957532220831,-21.83851345375959,-1251.2546517400913,3.294295048912727,4
hough,593,19.779142235183222,820.0,523.0,21.0,3.639509265479227,1186.5,-22.16735387038519,-3.0900803694196717,129.1425616251856,22.38169283821834,-3.003087384297243,-21.852643305836,-1252.0642326292138,3.2965438847158453,4
hough,594,19.81249660657476,819.0,517.0,20.0,3.466199300456407,1185.0,-22.34066383540801,-2.0502205792827497,129.44750049675673,22.43454178338443,-3.0500781876879146,-21.899634109226675,-1254.7566073394285,3.30402270335533,4
hough,595,19.8458509779663,818.0,513.0,20.0,3.466199300456407,1208.5,-22.51397380043083,-1.3569807191914685,130.14157179254997,22.554831255381696,-3.081392660261956,-21.930948581800713,-1256.550794455599,3.309006556455804,4
hough,596,19.879205349357843,818.0,507.0,19.0,3.2928893354335864,1168.5,-22.51397380043083,-0.3171209290545463,129.91871005567884,22.516207095559636,-3.1275080694149793,-21.977063990953738,-1259.1930127705864,3.3163460517752132,4
hough,597,19.912559720749382,817.0,503.0,20.0,3.466199300456407,1200.5,-22.68728376545365,0.37611893103673505,130.92381199120788,22.690401276850544,3.1250157692582285,-22.007725459460115,-1260.9497855096752,3.32122597605046,4
hough,598,19.94591409214092,817.0,498.0,20.0,3.466199300456407,1193.5,-22.68728376545365,1.2426687561508367,131.10204667060913,22.721291122903427,3.086873531529864,-22.04586769718848,-1263.135174752695,3.3272965017255154,4
hough,599,19.97926846353246,818.0,492.0,19.0,3.2928893354335864,1211.0,-22.51397380043083,2.2825285462877587,130.57173318629043,22.629382511485023,3.04055513131854,-22.092186097399804,-1265.7890235986017,3.334668304075256,4
hough,600,20.012622834924002,817.0,490.0,20.0,3.466199300456407,1185.5,-22.68728376545365,2.6291484763333997,131.7819031319705,22.839117022442505,3.026220848364949,-22.106520380353395,-1266.6103175141889,3.336949676062998,4
hough,601,20.04597720631554,818.0,485.0,20.0,3.466199300456407,1191.5,-22.51397380043083,3.495698301447501,131.46239173296146,22.783742513055856,2.987554711696768,-22.14518651702158,-1268.8257239553518,3.343103582844006,4
hough,602,20.07933157770708,819.0,481.0,19.0,3.2928893354335864,1215.0,-22.34066383540801,4.188938161538783,131.1522415677082,22.72999039876399,2.9562419494579477,-22.176499279260398,-1270.6198130765329,3.3480871637361758,4
hough,603,20.112685949098623,819.0,480.0,18.0,3.119579370410766,1188.5,-22.34066383540801,4.362248126561603,131.34021047347676,22.762567283248117,2.9487584769574298,-22.183982751760915,-1271.0485844669147,3.3492781953761255,4
hough,604,20.14604032049016,821.0,473.0,19.0,3.2928893354335864,1196.0,-21.994043905362368,5.575417881721346,130.9198629864935,22.68971687498162,2.893325681827951,-22.239415546890395,-1274.2246496744472,3.358100598730382,4
hough,605,20.1793946918817,822.0,467.0,20.0,3.466199300456407,1172.0,-21.820733940339547,6.6152776718582675,131.56459018463696,22.80145452314112,2.8472349401558503,-22.285506288562495,-1276.8654546468863,3.3654361680982685,4
hough,606,20.21274906327324,823.0,463.0,20.0,3.466199300456407,1207.5,-21.647423975316727,7.308517531949549,131.83243689826622,22.847875027711687,2.8159926291900064,-22.31674859952834,-1278.6555072074643,3.3704085363220964,4
hough,607,20.246103434664782,825.0,459.0,20.0,3.466199300456407,1211.5,-21.300804045271086,8.00175739204083,131.29177353807188,22.754172679667285,2.7822477021127225,-22.35049352660562,-1280.5889491089695,3.375779208270722,4
hough,608,20.27945780605632,826.0,455.0,19.0,3.2928893354335864,1224.0,-21.127494080248265,8.694997252132111,131.82594519614196,22.846749951043595,2.751170132034396,-22.38157109668395,-1282.3695627119796,3.3807253571679725,4
hough,609,20.31281217744786,831.0,451.0,21.0,3.639509265479227,1173.0,-20.260944255134167,9.388237112223393,128.8463552590939,22.33035732327145,2.707679141726423,-22.42506208699192,-1284.8614129034709,3.387647163255448,4
hough,610,20.346166548839403,832.0,447.0,20.0,3.466199300456407,1160.0,-20.087634290111346,10.081476972314674,129.6839746909251,22.47552511770455,2.6764463482986023,-22.456294880419744,-1286.650920149289,3.392618016716054,4
hough,611,20.37952092023094,833.0,443.0,20.0,3.466199300456407,1191.5,-19.914324325088526,10.774716832405955,130.6464056900165,22.642324000493957,2.645644018414723,-22.487097210303624,-1288.415763650805,3.397520359775821,4
hough,612,20.41287529162248,835.0,438.0,20.0,3.466199300456407,1220.0,-19.567704395042885,11.641266657520058,131.37565268701834,22.768709772037344,2.60491500998219,-22.527826218736156,-1290.749363937742,3.4040025827950897,4
hough,613,20.446229663014023,838.0,434.0,18.0,3.119579370410766,1186.0,-19.047774499974423,12.334506517611338,130.93696518298495,22.692680856057365,2.5669372375836517,-22.565803991134693,-1292.9253300114865,3.410046932999936,4
hough,614,20.479584034405562,840.0,431.0,20.0,3.466199300456407,1196.0,-18.701154569928782,12.8544364126798,130.93848484148782,22.692944228019346,2.5393999875064504,-22.593341241211895,-1294.5030982203064,3.41442962246888,4
hough,615,20.5129384057971,842.0,427.0,20.0,3.466199300456407,1211.5,-18.35453463988314,13.547676272771081,131.63063926313487,22.812901486625385,2.5057442964580896,-22.626996932260255,-1296.4314272739737,3.4197860920624,4
hough,616,20.54629277718864,845.0,423.0,20.0,3.466199300456407,1189.5,-17.83460474481468,14.240916132862361,131.68732636518854,22.82272592629955,2.4677675544657713,-22.664973674252572,-1298.6073343097908,3.4258302782730032,4
hough,617,20.579647148580182,849.0,421.0,20.0,3.466199300456407,1214.0,-17.141364884723398,14.587536062908002,129.87296166558144,22.50827844367201,2.4365103884112886,-22.696230840307056,-1300.398238004252,3.4308050107576182,4
hough,618,20.61300151997172,850.0,419.0,19.0,3.2928893354335864,1192.0,-16.968054919700577,14.934155992953643,130.42566987333473,22.604068283825555,2.4198624903649093,-22.712878738353435,-1301.3520923000738,3.4334546060237896,4
hough,619,20.64635589136326,855.0,414.0,21.0,3.639509265479227,1222.0,-16.101505094586475,15.800705818067746,130.16719716421332,22.55927238764837,2.365623001712193,-22.76711822700615,-1304.4597860828221,3.442087088753646,4
hough,620,20.679710262754803,857.0,411.0,20.0,3.466199300456407,1206.0,-15.754885164540836,16.320635713136205,130.88887339587544,22.68434607011553,2.338558240635278,-22.794182988083065,-1306.0104826660593,3.446394579262638,4
hough,621,20.713064634146342,859.0,408.0,20.0,3.466199300456407,1196.0,-15.408265234495195,16.840565608204667,131.70533451647213,22.825846918368637,2.311809634633538,-22.820931594084808,-1307.5430648978174,3.450651752128633,4
hough,622,20.74641900553788,863.0,405.0,20.0,3.466199300456407,1166.0,-14.715025374403915,17.36049550327313,131.31286991630492,22.757828892240962,2.273904445988004,-22.858836782730343,-1309.714872228854,3.456684550270401,4
hough,623,20.77977337692942,867.0,402.0,20.0,3.466199300456407,1208.0,-14.021785514312633,17.88042539834159,131.11004717876128,22.72267769069144,2.2358270709520323,-22.89691415776631,-1311.8965451133515,3.462744752727339,4
hough,624,20.813127748320962,870.0,403.0,19.0,3.2928893354335864,1221.5,-13.501855619244171,17.70711543331877,128.4837309105465,22.267510910108278,2.2222559859125464,-22.910485242805798,-1312.6741110095272,3.4649046579944933,4
hough,625,20.8464821197125,873.0,399.0,20.0,3.466199300456407,1214.0,-12.98192572417571,18.40035529341005,129.93458292957988,22.518958022780236,2.1852212744693276,-22.947519954249017,-1314.7960436707087,3.4707989153866645,4
hough,626,20.87983649110404,876.0,396.0,20.0,3.466199300456407,1200.5,-12.46199582910725,18.920285188478513,130.7233037927489,22.655651207988832,2.1532339055876775,-22.97950732313067,-1316.6287849053554,3.475889863260683,4
hough,627,20.913190862495583,881.0,393.0,20.0,3.466199300456407,1184.0,-11.595446003993148,19.440215083546974,130.60836562871862,22.635731278800954,2.108613954304988,-23.024127274413356,-1319.1853197959326,3.482991349067842,4
hough,628,20.94654523388712,885.0,392.0,20.0,3.466199300456407,1191.5,-10.902206143901866,19.61352504856979,129.4783340941652,22.439885553072816,2.078120903248386,-23.05462032546996,-1320.932442925953,3.487844468873454,4
hough,629,20.97989960527866,889.0,390.0,21.0,3.639509265479227,1200.5,-10.208966283810586,19.960144978615432,129.36024600462918,22.419419710405716,2.0435758259946786,-23.089165402723665,-1322.9117300555438,3.493342488677873,4
hough,630,21.013253976670203,891.0,388.0,18.0,3.119579370410766,1159.5,-9.862346353764945,20.306764908661073,130.257939445739,22.574998929285677,2.0229127560313973,-23.10982847268695,-1324.0956367562235,3.496631118401983,4
hough,631,21.046608348061742,897.0,384.0,19.0,3.2928893354335864,1196.5,-8.822486563628022,21.000004768752355,131.42915421434984,22.77798211986783,1.9685248856344237,-23.164216343083922,-1327.2118321866744,3.5052872168199025,4
hough,632,21.07996271945328,901.0,383.0,20.0,3.466199300456407,1188.0,-8.12924670353674,21.173314733775175,130.86526049756128,22.68025371953462,1.937380205249193,-23.19536102346915,-1328.9962909270319,3.5102440466542286,4
hough,633,21.11331709084482,906.0,383.0,21.0,3.639509265479227,1226.0,-7.26269687842264,21.173314733775175,129.15749364965333,22.384280706856558,1.9012320677572914,-23.231509160961053,-1331.0674266425767,3.515997201419631,4
hough,634,21.146671462236363,909.0,381.0,20.0,3.466199300456407,1188.5,-6.742766983354178,21.519934663820816,130.12265006633172,22.55155193167264,1.8744340355812605,-23.258307193137085,-1332.602840785519,3.520262240705582,4
hough,635,21.1800258336279,914.0,378.0,19.0,3.2928893354335864,1170.5,-5.876217158240077,22.039864558889278,131.6125642862365,22.809768913011343,1.8313529666864174,-23.301388262031928,-1335.0712042101059,3.5271188057738785,4
hough,636,21.21338020501944,918.0,377.0,20.0,3.466199300456407,1164.5,-5.182977298148796,22.213174523912098,131.61292073954579,22.809830689921906,1.8000241291173644,-23.33271709960098,-1336.8662143798635,3.5321049451343165,4
hough,637,21.246734576410983,924.0,377.0,20.0,3.466199300456407,1182.0,-4.143117508011874,22.213174523912098,130.38056227257485,22.596250687115596,1.7551937461237086,-23.377547482594636,-1339.434806119355,3.5392399221884596,4
hough,638,21.280088947802522,930.0,376.0,19.0,3.2928893354335864,1189.5,-3.103257717874951,22.38648448893492,130.4053739322665,22.600550794988916,1.7085404356612304,-23.424200793057114,-1342.1078439091684,3.5466650271601634,4
hough,639,21.31344331919406,933.0,376.0,19.0,3.2928893354335864,1152.5,-2.58332782280649,22.38648448893492,130.02740713739414,22.535045382989797,1.6856849192297392,-23.447056309488605,-1343.4173685392848,3.550302595577153,4
hough,640,21.3467976905856,937.0,376.0,19.0,3.2928893354335864,1186.5,-1.8900879627152087,22.38648448893492,129.6297805887451,22.466132739751288,1.6550264332328237,-23.47771479548552,-1345.1739703931692,3.555182045171277,4
hough,641,21.380152061977142,942.0,376.0,19.0,3.2928893354335864,1184.5,-1.0235381376011072,22.38648448893492,129.3051498442806,22.409870996782814,1.6164857613588235,-23.51625546735952,-1347.382188231148,3.5613159836101067,4
hough,642,21.41350643336868,948.0,375.0,21.0,3.639509265479227,1177.0,0.016321652535814895,22.55979445395774,130.1702435587848,22.559800358184997,1.5700728428233834,-23.562668385894963,-1350.0414525781132,3.5687028290183433,4
hough,643,21.44686080476022,952.0,375.0,21.0,3.639509265479227,1205.0,0.7095615126270962,22.55979445395774,130.23457957380555,22.570950430697952,1.539354210913967,-23.59338701780438,-1351.8015005389386,3.5735918511317473,4
hough,644,21.480215176151763,955.0,376.0,19.0,3.2928893354335864,1185.5,1.2294914076955572,22.38648448893492,129.36487295337403,22.420221606730852,1.51593030011625,-23.616810928602096,-1353.1435917673386,3.5773198823217474,4
hough,645,21.5135695475433,960.0,375.0,20.0,3.466199300456407,1210.0,2.096041232809659,22.55979445395774,130.7308400263341,22.656957312367886,1.4781518204030522,-23.654589408315292,-1355.3081392113254,3.5833325141105994,4
hough,646,21.54692391893484,965.0,375.0,20.0,3.466199300456407,1190.5,2.9625910579237607,22.55979445395774,131.28782995676573,22.753489217729054,1.4402217868385787,-23.692519441879767,-1357.4813700513594,3.5893692664440273,4
hough,647,21.58027829032638,969.0,379.0,19.0,3.2928893354335864,1205.0,3.655830918015042,21.866554593866457,127.92140566550395,22.1700543415585,1.4051402093303604,-23.727601019387983,-1359.4913963812412,3.5949526729159214,4
hough,648,21.613632661717922,975.0,377.0,20.0,3.466199300456407,1193.0,4.695690708151964,22.213174523912098,131.00266019559527,22.704066456395033,1.3624711578571387,-23.770270070861205,-1361.9361529464834,3.6017436633749274,4
hough,649,21.64698703310946,980.0,379.0,20.0,3.466199300456407,1179.0,5.562240533266066,21.866554593866457,130.1881634447729,22.56290605299881,1.3217070356967535,-23.81103419302159,-1364.2717651018293,3.6082314749175546,4
hough,650,21.680341404501,984.0,380.0,20.0,3.466199300456407,1163.5,6.255480393357347,21.693244628843637,130.27037610582366,22.57715432640995,1.2900516464100587,-23.842689582308285,-1366.0854853068004,3.61326958659803,4
hough,651,21.713695775892543,989.0,381.0,20.0,3.466199300456407,1195.5,7.122030218471449,21.519934663820816,130.7936245867349,22.66783850233492,1.2511919754619816,-23.881549253256363,-1368.3119804453925,3.6194542953163413,4
hough,652,21.74705014728408,993.0,383.0,19.0,3.2928893354335864,1200.0,7.8152700785627305,21.173314733775175,130.22689738753243,22.56961903126366,1.2171999687254307,-23.915541259992914,-1370.259578968577,3.624864291214076,4
hough,653,21.78040451867562,997.0,384.0,19.0,3.2928893354335864,1187.5,8.508509938654012,21.000004768752355,130.7381267756761,22.65822017864148,1.1858435497060191,-23.946897679012327,-1372.056169439033,3.6298548202986765,4
hough,654,21.813758890067163,997.0,385.0,23.0,3.986129195524868,1192.0,8.508509938654012,20.826694803729534,129.8118537493016,22.49768783283893,1.182950779261027,-23.949790449457318,-1372.2219129766313,3.630315219014227,4
hough,655,21.847113261458702,1005.0,389.0,20.0,3.466199300456407,1203.5,9.894989658836574,20.133454943638252,129.44212032844797,22.43360934660302,1.1139959516737694,-24.018745277044577,-1376.1727335744336,3.6412897206747887,4
hough,656,21.88046763285024,1010.0,394.0,19.0,3.2928893354335864,1199.0,10.761539483950676,19.266905118524154,127.33617781674087,22.068628523558992,1.0614121430033636,-24.071329085714982,-1379.1855638819711,3.6496586937512823,4
hough,657,21.91382200424178,1015.0,393.0,20.0,3.466199300456407,1211.5,11.628089309064778,19.440215083546974,130.70495155396756,22.652470582127545,1.0317410853357616,-24.101000143382585,-1380.885590260014,3.6543809892458454,4
hough,658,21.947176375633322,1020.0,397.0,21.0,3.639509265479227,1239.0,12.494639134178879,18.746975223455692,129.99370925379404,22.52920520396172,0.9829172369631298,-24.149823991755216,-1383.6829907113524,3.662151546055119,4
hough,659,21.98053074702486,1021.0,398.0,21.0,3.639509265479227,1225.0,12.6679490992017,18.57366525843287,129.7235999297367,22.48239256645701,0.9722272573767882,-24.160513971341558,-1384.295481424731,3.6638529091478373,4
hough,660,22.0138851184164,1026.0,400.0,20.0,3.466199300456407,1245.0,13.534498924315802,18.22704532838723,130.99417277700059,22.702595502175257,0.932080066151368,-24.200661162566977,-1386.5957460412521,3.6702425330826185,4
hough,661,22.047239489807943,1031.0,405.0,21.0,3.639509265479227,1231.5,14.401048749429902,17.36049550327313,130.14881085658422,22.556085857316273,0.8783069486068676,-24.25443428011148,-1389.6767187278128,3.678800790545287,4
hough,662,22.080593861199482,1033.0,406.0,20.0,3.466199300456407,1214.5,14.747668679475543,17.187185538250308,130.67421035807533,22.6471428265427,0.861640507396757,-24.271100721321588,-1390.631635468655,3.6814533370476266,4
hough,663,22.11394823259102,1035.0,409.0,20.0,3.466199300456407,1229.0,15.094288609521184,16.667255643181846,129.74630900362726,22.48632827525868,0.8348819961031458,-24.2978592326152,-1392.1647852318322,3.685712086389785,4
hough,664,22.14730260398256,1040.0,412.0,20.0,3.466199300456407,1199.5,15.960838434635287,16.147325748113385,131.00391293347823,22.704283568353713,0.7912061945097986,-24.341535034208547,-1394.6672243299818,3.6926633061068674,4
hough,665,22.180656975374102,1042.0,417.0,19.0,3.2928893354335864,1227.0,16.307458364680926,15.280775922999284,128.9484385840914,22.34804938075618,0.7529075487630097,-24.379833679955336,-1396.8615750923393,3.698758724891194,4
hough,666,22.21401134676564,1046.0,419.0,19.0,3.2928893354335864,1247.5,17.000698224772208,14.934155992953643,130.56711831055458,22.628582707532658,0.7207770798178541,-24.41196414890049,-1398.7025153566728,3.703872447847676,4
hough,667,22.24736571815718,1048.0,424.0,21.0,3.639509265479227,1229.0,17.34731815481785,14.067606167839541,128.86988396563103,22.33443508257843,0.6813751922819279,-24.45136603643642,-1400.9600772173308,3.71014345301617,4
hough,668,22.280720089548723,1052.0,426.0,19.0,3.2928893354335864,1204.0,18.04055801490913,13.720986237793902,130.78042500298878,22.665550882937563,0.6502274103805364,-24.482513818337807,-1402.7447136614742,3.715100776472124,4
hough,669,22.31407446094026,1056.0,432.0,21.0,3.639509265479227,1209.5,18.733797875000413,12.681126447656979,130.5305728888018,22.62224902176694,0.595061802753298,-24.537679425965045,-1405.9054701527896,3.723880655614667,4
hough,670,22.3474288323318,1057.0,433.0,20.0,3.466199300456407,1228.0,18.907107840023233,12.507816482634158,130.8054983242266,22.669896339364296,0.5844452774843195,-24.548295951234024,-1406.5137522437963,3.7255703280896855,4
hough,671,22.380783203723343,1060.0,437.0,20.0,3.466199300456407,1251.5,19.427037735091695,11.814576622542877,131.19558594852919,22.737502411888013,0.5463914941846182,-24.586349734533727,-1408.6940734213745,3.7316267758051804,4
hough,672,22.414137575114882,1062.0,442.0,20.0,3.466199300456407,1233.5,19.773657665137332,10.948026797428776,130.41455586617144,22.602142115632823,0.505654402516866,-24.627086826201477,-1411.0281368435742,3.738110285311291,4
hough,673,22.44749194650642,1064.0,445.0,20.0,3.466199300456407,1224.5,20.120277595182973,10.428096902360315,130.76051326424567,22.66209998019245,0.47817068073641944,-24.654570547981926,-1412.6028381069057,3.742484455487211,4
hough,674,22.48084631789796,1066.0,448.0,19.0,3.2928893354335864,1263.5,20.466897525228614,9.908167007291853,131.20467703739521,22.739077988181403,0.4508525086214862,-24.681888720096858,-1414.1680540731031,3.7468322776155376,4
hough,675,22.514200689289503,1068.0,454.0,20.0,3.466199300456407,1237.0,20.813517455274255,8.868307217154932,130.54118686030606,22.624088528797095,0.40278846492248693,-24.729952763795858,-1416.9219209233884,3.7544819077552187,4
hough,676,22.54755506068104,1069.0,459.0,20.0,3.466199300456407,1231.0,20.986827420297075,8.00175739204083,129.59740631716767,22.460521955876565,0.36426085727003116,-24.768480371448312,-1419.1293902366099,3.760613766958612,4
hough,677,22.58090943207258,1071.0,460.0,18.0,3.119579370410766,1244.5,21.333447350342716,7.82844742701801,131.12026544154278,22.724448617456698,0.3517002653956028,-24.78104096332274,-1419.849059139201,3.7626128472435876,4
hough,678,22.614263803464123,1072.0,467.0,20.0,3.466199300456407,1234.5,21.506757315365537,6.6152776718582675,129.83192761695784,22.501166834140307,0.29840607217043685,-24.83433515654791,-1422.9025914835577,3.771094881533467,4
hough,679,22.647618174855662,1073.0,471.0,20.0,3.466199300456407,1208.5,21.680067280388357,5.922037811766986,129.67712251957695,22.47433756812787,0.26665093827462255,-24.866090290443722,-1424.7220266336608,3.776148868061531,4
hough,680,22.6809725462472,1075.0,476.0,21.0,3.639509265479227,1244.0,22.026687210433998,5.055487986652884,130.39873739553698,22.59940061704045,0.22560912435235903,-24.907132104365985,-1427.0735493549676,3.782680875620717,4
hough,681,22.71432691763874,1076.0,479.0,20.0,3.466199300456407,1248.0,22.19999717545682,4.535558091584424,130.74019202049269,22.6585781061484,0.20153100200324545,-24.9312102267151,-1428.4531241441714,3.7865130278129495,4
hough,682,22.747681289030282,1078.0,483.0,20.0,3.466199300456407,1262.5,22.54661710550246,3.8423182314931417,131.9697421302733,22.871671392668283,0.168795045056379,-24.963946183661967,-1430.328756315549,3.7917231171778876,4
hough,683,22.78103566042182,1078.0,487.0,20.0,3.466199300456407,1263.5,22.54661710550246,3.1490783714018606,131.35696084334506,22.765470289264115,0.1387719381336956,-24.993969290584648,-1432.0489536300886,3.7965014430516084,4
hough,684,22.81439003181336,1077.0,492.0,20.0,3.466199300456407,1231.5,22.37330714047964,2.2825285462877587,129.76425052738344,22.48943772011332,0.10166841587032892,-25.031072812848016,-1434.1748288608494,3.802406652025944,4
hough,685,22.847744403204903,1077.0,496.0,20.0,3.466199300456407,1244.0,22.37330714047964,1.5892886861964775,129.41946931973874,22.42968370107589,0.0709159164253215,-25.061825312293024,-1435.9368172885265,3.8073010643250473,4
hough,686,22.881098774596442,1078.0,501.0,21.0,3.639509265479227,1287.0,22.54661710550246,0.7227388610823757,130.16099760005875,22.558197941401584,0.03204434003440472,-25.10069688868394,-1438.1639945587465,3.813487667853436,4
hough,687,22.91445314598798,1077.0,506.0,19.0,3.2928893354335864,1255.5,22.37330714047964,-0.14381096403172597,129.09684290940638,22.373769329185752,-0.006427703449867043,-25.13916893216821,-1440.368280279639,3.8196106837448043,4
hough,688,22.94780751737952,1078.0,513.0,19.0,3.2928893354335864,1277.0,22.54661710550246,-1.3569807191914685,130.3295832435993,22.587415513386947,-0.06011304491116323,-25.192854273629507,-1443.4442237670899,3.8281549712099454,4
hough,689,22.981161888771062,1078.0,515.0,20.0,3.466199300456407,1271.0,22.54661710550246,-1.703600649237109,130.4650122848456,22.610886715788418,-0.07541573329834296,-25.208156962016687,-1444.3210032268792,3.83059046970936,4
hough,690,23.0145162601626,1076.0,519.0,22.0,3.8128192305020474,1266.0,22.19999717545682,-2.39684050932839,128.83858525398324,22.32901070395749,-0.10754920699610501,-25.24029043571445,-1446.1621156508556,3.8357046708870723,4
hough,691,23.04787063155414,1076.0,525.0,20.0,3.466199300456407,1244.5,22.19999717545682,-3.4367002994653126,129.61997738138902,22.464433746227293,-0.1535871776052642,-25.28632840632361,-1448.7998970641079,3.8430318414794398,4
hough,692,23.081225002945683,1076.0,529.0,20.0,3.466199300456407,1223.0,22.19999717545682,-4.129940159556594,130.29189100025013,22.580883072010472,-0.18393074892068823,-25.316671977639032,-1450.5384556358358,3.8478611708453507,4
hough,693,23.11457937433722,1074.0,532.0,21.0,3.639509265479227,1275.0,21.853377245411178,-4.649870054625055,128.91694574091778,22.34259135720729,-0.20964927214397605,-25.342390500862322,-1452.0120184718396,3.8519544009453615,4
hough,694,23.14793374572876,1074.0,536.0,20.0,3.466199300456407,1262.0,21.853377245411178,-5.343109914716337,129.80838656741713,22.497086935667806,-0.2397937686949868,-25.372534997413332,-1453.739170899759,3.856752046578471,4
hough,695,23.181288117120303,1074.0,542.0,20.0,3.466199300456407,1234.5,21.853377245411178,-6.3829697048532585,131.36275997915044,22.766475337287705,-0.284176482326132,-25.416917711044476,-1456.2821130741613,3.8638157748406994,4
hough,696,23.214642488511842,1072.0,546.0,20.0,3.466199300456407,1251.5,21.506757315365537,-7.07620956494454,130.6385713681181,22.64096623443977,-0.3178659051006528,-25.450607133819,-1458.2123748133733,3.8691776130051774,4
hough,697,23.24799685990338,1071.0,550.0,21.0,3.639509265479227,1244.0,21.333447350342716,-7.769449425035821,131.0033827846404,22.70419168827717,-0.349260773520087,-25.48200200223843,-1460.0111682721754,3.8741742615018495,4
hough,698,23.28135123129492,1067.0,555.0,21.0,3.639509265479227,1232.5,20.640207490251434,-8.635999250149922,129.0985313529672,22.374061953280222,-0.39627275881011675,-25.52901398752846,-1462.7047566158253,3.8816564513453216,4
hough,699,23.314705602686463,1068.0,560.0,19.0,3.2928893354335864,1247.0,20.813517455274255,-9.502549075264024,132.01862389349756,22.880143089342937,-0.4282930133894151,-25.56103424210776,-1464.5393820621534,3.8867526331406776,4
hough,700,23.348059974078,1066.0,562.0,20.0,3.466199300456407,1256.5,20.466897525228614,-9.849169005309665,131.0567034243618,22.713432686482285,-0.44851456470180245,-25.581255793420148,-1465.6979916075607,3.889970992989031,4
hough,701,23.38141434546954,1063.0,567.0,21.0,3.639509265479227,1260.0,19.946967630160152,-10.715718830423766,130.65065005995302,22.6430595920992,-0.4929709575746185,-25.625712186292965,-1468.2451552915486,3.897046447666775,4
hough,702,23.414768716861083,1062.0,571.0,20.0,3.466199300456407,1245.0,19.773657665137332,-11.408958690515048,131.72335530574838,22.828970100727787,-0.5233192721467494,-25.656060500865095,-1469.983985631867,3.901876531945437,4
hough,703,23.448123088252622,1059.0,574.0,19.0,3.2928893354335864,1267.0,19.253727770068874,-11.92888858558351,130.6883928265895,22.64960078966483,-0.5546796768406517,-25.687420905558998,-1471.7808044646497,3.906867695369834,4
hough,704,23.48147745964416,1056.0,578.0,21.0,3.639509265479227,1289.0,18.733797875000413,-12.62212844567479,130.34005250576982,22.589229940847535,-0.5928989534152096,-25.725640182133553,-1473.970607708415,3.9129504821580707,4
hough,705,23.5148318310357,1053.0,583.0,20.0,3.466199300456407,1269.0,18.21386797993195,-13.488678270788892,130.77561751272293,22.66471769696774,-0.6374397488247763,-25.77018097754312,-1476.522607301539,3.9200393699167484,4
hough,706,23.548186202427242,1049.0,586.0,21.0,3.639509265479227,1268.5,17.52062811984067,-14.008608165857353,129.43526362731842,22.432421011970085,-0.6744661419175758,-25.807207370635922,-1478.6440633563489,3.9259323034023312,4
hough,707,23.58154057381878,1046.0,589.0,21.0,3.639509265479227,1263.5,17.000698224772208,-14.528538060925815,129.03449599570635,22.36296398775312,-0.7071497543479968,-25.83989098306634,-1480.516696407853,3.931134061878732,4
hough,708,23.61489494521032,1043.0,593.0,20.0,3.466199300456407,1253.5,16.480768329703746,-15.221777921017095,129.4487328036695,22.434755354452374,-0.7457064245342718,-25.878447653252618,-1482.7258308816047,3.937270546528042,4
hough,709,23.648249316601863,1041.0,596.0,21.0,3.639509265479227,1278.5,16.134148399658105,-15.741707816085556,130.063740001668,22.54134223042628,-0.7730872546388724,-25.90582848335722,-1484.294636886163,3.9416283409851487,4
hough,710,23.6816036879934,1038.0,599.0,20.0,3.466199300456407,1261.0,15.614218504589646,-16.261637711154016,130.0807062934932,22.544282657869072,-0.8057060164400806,-25.938447245158425,-1486.1635542703148,3.9468197781633476,4
hough,711,23.71495805938494,1034.0,603.0,20.0,3.466199300456407,1257.0,14.920978644498364,-16.954877571245298,130.31836043041199,22.585470488025994,-0.8491186614354262,-25.98185989015377,-1488.6509156060479,3.953729115207051,4
hough,712,23.748312430776483,1030.0,607.0,20.0,3.466199300456407,1298.5,14.227738784407082,-17.64811743133658,130.80045864112054,22.66902291206146,-0.8922922718293818,-26.02503350054773,-1491.1245812679635,3.9606004087123723,4
hough,713,23.781666802168022,1028.0,608.0,21.0,3.639509265479227,1273.5,13.881118854361443,-17.8214273963594,130.34202260759398,22.58957137912577,-0.9090539911055068,-26.04179521982385,-1492.0849570398684,3.9632681191898858,4
hough,714,23.81502117355956,1024.0,612.0,22.0,3.8128192305020474,1264.5,13.18787899427016,-18.514667256450682,131.15993204060172,22.731323234352175,-0.9518671867505244,-26.08460841546887,-1494.537972457796,3.9700820509063512,4
hough,715,23.8483755449511,1020.0,614.0,21.0,3.639509265479227,1272.0,12.494639134178879,-18.861287186496323,130.5430715370117,22.624415162051033,-0.9857193957177826,-26.11846062443613,-1496.4775611588148,3.97546979729807,4
hough,716,23.881729916342643,1016.0,615.0,19.0,3.2928893354335864,1245.0,11.801399274087599,-19.034597151519144,129.22615717695135,22.396180780370923,-1.0158025333091278,-26.148543762027472,-1498.2011979773101,3.9802576773494462,4
hough,717,23.91508428773418,1012.0,619.0,19.0,3.2928893354335864,1238.5,11.108159413996317,-19.727837011610426,130.63416327354366,22.640202267723254,-1.0579737352193228,-26.19071496393767,-1500.6174298637586,3.986969432589581,4
hough,718,23.94843865912572,1006.0,624.0,19.0,3.2928893354335864,1250.0,10.068299623859394,-20.594386836724524,132.27037614805,22.923774263773833,-1.1160796884505382,-26.24882091716888,-1503.9466557484916,3.9962172822693947,4
hough,719,23.981793030517263,1005.0,623.0,20.0,3.466199300456407,1281.5,9.894989658836574,-20.421076871701704,130.9335880252893,22.692095560975257,-1.1195866472347227,-26.252327875953068,-1504.1475896857517,3.996775432095117,4
hough,720,24.015147401908802,998.0,624.0,21.0,3.639509265479227,1283.0,8.681819903676832,-20.594386836724524,128.95714632823402,22.34955851958896,-1.1718409253631923,-26.304582154081537,-1507.1415392840158,4.005091958756962,5
hough,721,24.04850177330034,993.0,626.0,21.0,3.639509265479227,1257.5,7.8152700785627305,-20.941006766770165,128.9702407161843,22.35182790750662,-1.213601052319466,-26.34634228103781,-1509.5342183105408,4.011738289386198,5
hough,722,24.08185614469188,989.0,629.0,19.0,3.2928893354335864,1296.5,7.122030218471449,-21.460936661838627,130.47048832908513,22.611835768824033,-1.2503721993999708,-26.383113428118314,-1511.6410498461084,4.017590599207219,5
hough,723,24.115210516083422,987.0,628.0,19.0,3.2928893354335864,1251.5,6.7754102884258085,-21.287626696815806,128.90117159865673,22.33985754116376,-1.2626550552878637,-26.39539628400621,-1512.3448056488523,4.019545476437063,5
hough,724,24.14856488747496,982.0,633.0,19.0,3.2928893354335864,1279.0,5.908860463311706,-22.15417652192991,132.29840582496547,22.928632086099658,-1.3101484203716398,-26.442889649089985,-1515.0659750230266,4.027104280254214,5
hough,725,24.1819192588665,977.0,633.0,20.0,3.466199300456407,1255.5,5.042310638197605,-22.15417652192991,131.09891846640684,22.720748973942545,-1.3470076882895818,-26.479748917007928,-1517.1778555106666,4.032970614942103,5
hough,726,24.215273630258043,974.0,632.0,21.0,3.639509265479227,1286.0,4.522380743129144,-21.98086655690709,129.48629960572998,22.4412660556035,-1.3678860515239446,-26.50062728024229,-1518.3740976071367,4.03629350965452,5
hough,727,24.248628001649582,970.0,633.0,20.0,3.466199300456407,1242.0,3.829140883037862,-22.15417652192991,129.72512462121455,22.482656810683704,-1.3996466715313236,-26.532387900249667,-1520.193847088278,4.041348369324357,5
hough,728,24.28198237304112,964.0,633.0,19.0,3.2928893354335864,1246.0,2.78928109290094,-22.15417652192991,128.83896089720238,22.329075806670662,-1.4455521544662393,-26.578293383184583,-1522.8240375169587,4.04865445384847,5
hough,729,24.31533674443266,959.0,633.0,20.0,3.466199300456407,1267.5,1.9227312677868387,-22.15417652192991,128.31031168345424,22.237455629926632,-1.4842245936825327,-26.61696582240088,-1525.0398050675287,4.054809363711164,5
hough,730,24.348691115824202,954.0,634.0,21.0,3.639509265479227,1278.0,1.056181442672737,-22.32748648695273,128.97384969270638,22.35245337910143,-1.5235274727002373,-26.656268701418583,-1527.2916941579563,4.061064611184574,5
hough,731,24.38204548721574,950.0,637.0,19.0,3.2928893354335864,1268.5,0.3629415825814556,-22.84741638202119,131.84642292833064,22.85029894609296,-1.5549122087842142,-26.687653437502558,-1529.0899070767,4.066059647069974,5
hough,732,24.41539985860728,945.0,637.0,18.0,3.119579370410766,1273.5,-0.5036082425326461,-22.84741638202119,131.86181205425078,22.85296603496791,-1.5928349983360386,-26.725576227054383,-1531.2627228653826,4.072095246482981,5
hough,733,24.448754229998823,941.0,635.0,19.0,3.2928893354335864,1265.5,-1.1968481026239275,-22.50079645197555,130.0133258846315,22.53260496156603,-1.6239376127704468,-26.756678841488792,-1533.0447714042969,4.077045381313298,5
hough,734,24.48210860139036,937.0,634.0,20.0,3.466199300456407,1267.0,-1.8900879627152087,-22.32748648695273,129.29057165142996,22.407344450689774,-1.6552479469439534,-26.787989175662297,-1534.8387214075829,4.08202857576687,5
hough,735,24.5154629727819,933.0,634.0,20.0,3.466199300456407,1251.0,-2.58332782280649,-22.32748648695273,129.68923821713582,22.476437339248026,-1.6859858252807494,-26.818727053999094,-1536.599872107468,4.086920661044329,5
hough,736,24.548817344173443,931.0,633.0,19.0,3.2928893354335864,1265.0,-2.9299477528521307,-22.15417652192991,128.94286418417042,22.347083281700847,-1.702285866853757,-26.8350270955721,-1537.533795695489,4.089514893233276,5
hough,737,24.582171715564982,926.0,631.0,19.0,3.2928893354335864,1259.5,-3.7964975779662327,-21.807556591884268,127.72236022410924,22.135557783072432,-1.7431597900536582,-26.875901018772,-1539.875698986985,4.096020180154099,5
hough,738,24.61552608695652,919.0,632.0,20.0,3.466199300456407,1242.5,-5.009667333125975,-21.98086655690709,130.08206032025515,22.544517324199827,-1.7948791644574014,-26.927620393175747,-1542.8390008593767,4.104251574244075,5
hough,739,24.64888045834806,917.0,630.0,21.0,3.639509265479227,1280.0,-5.356287263171615,-21.634246626861447,128.59878129602006,22.28745028839056,-1.8134995544658228,-26.946240783184166,-1543.9058706197468,4.107215101356214,5
hough,740,24.682234829739603,912.0,629.0,20.0,3.466199300456407,1250.5,-6.222837088285718,-21.460936661838627,128.9303890052249,22.344921208874148,-1.853017878431207,-26.98575910714955,-1546.170103796394,4.1135046379580125,5
hough,741,24.71558920113114,907.0,630.0,19.0,3.2928893354335864,1223.0,-7.089386913399819,-21.634246626861447,131.36119301106496,22.76620376610362,-1.8874618427631737,-27.020203071481518,-1548.143597582315,4.118986565141126,5
hough,742,24.74894357252268,903.0,626.0,20.0,3.466199300456407,1230.0,-7.7826267734911,-20.941006766770165,128.9045045629068,22.34043517708136,-1.9266226526673893,-27.059363881385735,-1550.3873467121405,4.125219201612864,5
hough,743,24.782297943914223,899.0,625.0,20.0,3.466199300456407,1257.0,-8.475866633582381,-20.767696801747345,129.42549326534788,22.43072771087871,-1.9582894107065605,-27.091030639424904,-1552.201718298647,4.130259122686493,5
hough,744,24.815652315305762,896.0,624.0,20.0,3.466199300456407,1217.5,-8.995796528650843,-20.594386836724524,129.67163787622138,22.473387024779754,-1.982625941525592,-27.115367170243935,-1553.5960988025674,4.13413240186405,5
hough,745,24.8490066866973,893.0,623.0,21.0,3.639509265479227,1280.5,-9.515726423719304,-20.421076871701704,129.9942653813051,22.52930158640121,-2.0068559702960638,-27.13959719901441,-1554.9843771885962,4.137988730714129,5
hough,746,24.88236105808884,890.0,621.0,21.0,3.639509265479227,1234.0,-10.035656318787765,-20.074456941656067,129.49758613013273,22.443222122752967,-2.0343812809983466,-27.16712250971669,-1556.5614613216233,4.142369519972538,5
hough,747,24.915715429480382,884.0,618.0,20.0,3.466199300456407,1245.0,-11.075516108924687,-19.554527046587605,129.67079839948698,22.473241535096278,-2.086136955829862,-27.218878184548206,-1559.5268430553206,4.150606691455031,5
hough,748,24.94906980087192,880.0,617.0,18.0,3.119579370410766,1232.5,-11.768755969015968,-19.381217081564785,130.83234679516585,22.674549446923695,-2.116511263071025,-27.24925249178937,-1561.2671626658728,4.155440912595453,5
hough,749,24.98242417226346,876.0,612.0,21.0,3.639509265479227,1280.0,-12.46199582910725,-18.514667256450682,128.77519813314763,22.318025084262572,-2.1632311352951366,-27.29597236401348,-1563.9440141637049,4.162876611200542,5
hough,750,25.015778543655003,872.0,611.0,19.0,3.2928893354335864,1270.5,-13.15523568919853,-18.34135729142786,130.23685601473025,22.57134496059499,-2.1930021980854653,-27.32574342680381,-1565.6497704132098,4.1676148230047225,5
hough,751,25.049132915046542,870.0,606.0,19.0,3.2928893354335864,1259.5,-13.501855619244171,-17.47480746631376,127.42042244165074,22.083228956555484,-2.228634599003162,-27.361375827721506,-1567.6913565997118,4.173285895745006,5
hough,752,25.08248728643808,867.0,606.0,20.0,3.466199300456407,1258.5,-14.021785514312633,-17.47480746631376,129.27644409848736,22.404896004983435,-2.2469989714654566,-27.3797402001838,-1568.7435576352075,4.176208676399161,5
hough,753,25.115841657829623,862.0,603.0,21.0,3.639509265479227,1241.5,-14.888335339426733,-16.954877571245298,130.19400329866085,22.563918157871868,-2.291387953683683,-27.424129182402027,-1571.2868589731931,4.18327340233801,5
hough,754,25.149196029221162,859.0,599.0,21.0,3.639509265479227,1253.0,-15.408265234495195,-16.261637711154016,129.26049324678849,22.402131563433418,-2.329255158250604,-27.46199638696895,-1573.4564899768363,4.189300155125908,5
hough,755,25.1825504006127,856.0,596.0,20.0,3.466199300456407,1233.0,-15.928195129563656,-15.741707816085556,129.21583229191268,22.394391374906004,-2.362082893400172,-27.494824122118516,-1575.3373806518798,4.194524851445473,5
hough,756,25.21590477200424,854.0,593.0,19.0,3.2928893354335864,1248.5,-16.274815059609296,-15.221777921017095,128.57828692097857,22.283898408968955,-2.389615407941974,-27.52235663666032,-1576.9148775345077,4.19890678723055,5
hough,757,25.249259143395783,850.0,589.0,20.0,3.466199300456407,1216.5,-16.968054919700577,-14.528538060925815,128.89136563343448,22.338158069674076,-2.433493520768033,-27.566234749486377,-1579.4289082124396,4.205890205780362,5
hough,758,25.28261351478732,846.0,585.0,20.0,3.466199300456407,1250.5,-17.66129477979186,-13.835298200834533,129.45111974088866,22.43516903445834,-2.4770755943951035,-27.609816823113448,-1581.9259770936992,4.2128265082283045,5
hough,759,25.31596788617886,842.0,582.0,21.0,3.639509265479227,1255.0,-18.35453463988314,-13.315368305766071,130.83906240303548,22.675713328688687,-2.513987023472725,-27.64672825219107,-1584.0408461956433,4.218701144622594,5
hough,760,25.349322257570403,842.0,579.0,20.0,3.466199300456407,1231.0,-18.35453463988314,-12.79543841069761,129.10027694568848,22.37436448189369,-2.53279760027016,-27.665538828988506,-1585.1186128563431,4.2216949409023155,5
hough,761,25.382676628961942,840.0,576.0,20.0,3.466199300456407,1203.5,-18.701154569928782,-12.27550851562915,129.07566021560862,22.37009815726457,-2.5607288203450156,-27.69347004906336,-1586.7189538832833,4.2261403326438165,5
hough,762,25.41603100035348,837.0,572.0,20.0,3.466199300456407,1231.0,-19.221084464997244,-11.582268655537868,129.48483571278373,22.441012348368186,-2.599277201002062,-27.732018429720405,-1588.9276134019958,4.232275497973573,5
hough,763,25.44938537174502,836.0,568.0,20.0,3.466199300456407,1244.0,-19.394394430020064,-10.889028795446587,128.33743025066457,22.242155547861323,-2.6299993722222887,-27.762740600940635,-1590.6878641503934,4.237165083385788,5
hough,764,25.482739743136563,833.0,564.0,19.0,3.2928893354335864,1221.0,-19.914324325088526,-10.195788935355306,129.0902499138317,22.37262669735331,-2.668404926005504,-27.80114615472385,-1592.8883402920342,4.243277517112569,5
hough,765,25.5160941145281,831.0,560.0,20.0,3.466199300456407,1216.0,-20.260944255134167,-9.502549075264024,129.12504634825888,22.378657266186803,-2.7030444247177656,-27.835785653436112,-1594.8730373726955,4.24879056455885,5
hough,766,25.54944848591964,829.0,554.0,20.0,3.466199300456407,1236.5,-20.607564185179804,-8.462689285127102,128.54160184169888,22.27754051916213,-2.7519310741025196,-27.884672302820864,-1597.6740360569777,4.256571116459634,5
hough,767,25.582802857311183,827.0,550.0,20.0,3.466199300456407,1232.0,-20.954184115225445,-7.769449425035821,128.949324835977,22.34820297703947,-2.786524439442194,-27.919265668160538,-1599.6560898900952,4.262076821551627,5
hough,768,25.616157228702722,826.0,549.0,19.0,3.2928893354335864,1199.0,-21.127494080248265,-7.596139460013001,129.54566933125886,22.451555420658323,-2.7964460230409647,-27.92918725175931,-1600.224554756391,4.263655890624671,5
hough,769,25.64951160009426,824.0,542.0,19.0,3.2928893354335864,1216.5,-21.474114010293906,-6.3829697048532585,129.2636324379614,22.402675616545796,-2.852669715152347,-27.98541094387069,-1603.445935023016,4.272604169143074,5
hough,770,25.682865971485803,823.0,537.0,20.0,3.466199300456407,1229.0,-21.647423975316727,-5.516419879739156,128.89763540816674,22.339244684113627,-2.8920730035241005,-28.024814232242445,-1605.7035771456547,4.278875397261515,5
hough,771,25.716220342877342,822.0,533.0,20.0,3.466199300456407,1226.5,-21.820733940339547,-4.823180019647875,128.94484765819178,22.347427037514112,-2.924053855040319,-28.056795083758665,-1607.5359449627686,4.283965307864609,5
hough,772,25.74957471426888,821.0,528.0,20.0,3.466199300456407,1214.0,-21.994043905362368,-3.9566301945337736,128.9429621202901,22.347100255006325,-2.9636009081889694,-28.096342136907314,-1609.8018242003657,4.290259416857934,5
hough,773,25.78292908566042,819.0,522.0,21.0,3.639509265479227,1220.5,-22.34066383540801,-2.916770404396851,129.99982034581592,22.530264317106283,-3.0117681693364173,-28.144509398054762,-1612.561604974819,4.297925474564749,5
hough,774,25.816283457051963,821.0,518.0,20.0,3.466199300456407,1221.5,-21.994043905362368,-2.22353054430557,127.55270154011407,22.106154242483413,-3.0408380399354007,-28.173579268653747,-1614.2271858711322,4.302552088165618,5
hough,775,25.8496378284435,821.0,514.0,21.0,3.639509265479227,1252.5,-21.994043905362368,-1.5302906842142887,127.21263045040834,22.04721653382124,-3.0721270998784833,-28.204868328596827,-1616.0199169508026,4.307531896720258,5
hough,776,25.88299219983504,819.0,510.0,20.0,3.466199300456407,1230.5,-22.34066383540801,-0.8370508241230074,128.99627249551293,22.356339474271547,-3.104142581817736,-28.23688381053608,-1617.8542689449991,4.31262731892636,5
hough,777,25.916346571226583,820.0,505.0,20.0,3.466199300456407,1191.0,-22.16735387038519,0.029499000991094367,127.90593717573546,22.167373498137767,3.140261913630905,-28.275664622267026,-1620.0762457832736,4.318799476810455,5
hough,778,25.949700942618122,819.0,499.0,20.0,3.466199300456407,1214.5,-22.34066383540801,1.0693587911280165,129.05341113874582,22.36624217053169,3.09376313382069,-28.32216340207724,-1622.740429618907,4.326199987464993,5
hough,779,25.98305531400966,819.0,495.0,19.0,3.2928893354335864,1152.5,-22.34066383540801,1.7625986512192977,129.3063981498089,22.41008734057026,3.062859314338226,-28.353067221559705,-1624.5110880460866,4.331118483096048,5
hough,780,26.0164096854012,820.0,489.0,20.0,3.466199300456407,1210.5,-22.16735387038519,2.8024584413562197,128.9239134859245,22.34379893685069,3.0158370168232356,-28.400089519074697,-1627.205267236704,4.338602314181096,5
hough,781,26.049764056792743,821.0,487.0,21.0,3.639509265479227,1183.0,-21.994043905362368,3.1490783714018606,128.2000181694396,22.21834066487051,2.999380497995381,-28.41654603790255,-1628.1481563110176,4.341221450498633,5
hough,782,26.08311842818428,820.0,482.0,19.0,3.2928893354335864,1235.0,-22.16735387038519,4.015628196515962,129.98753171518,22.528134574960596,2.9623855037692817,-28.453541032128648,-1630.267813343284,4.3471093866993735,5
hough,783,26.11647279957582,822.0,478.0,19.0,3.2928893354335864,1219.0,-21.820733940339547,4.708868056607243,128.80410234787533,22.323034472706045,2.929053994166573,-28.48687254173136,-1632.1775681683189,4.352414261213359,5
hough,784,26.149827170967363,823.0,473.0,20.0,3.466199300456407,1209.5,-21.647423975316727,5.575417881721346,128.98211980235283,22.353886671514992,2.8895154633120472,-28.526411072585883,-1634.442959114431,4.358707013841449,5
hough,785,26.183181542358902,825.0,468.0,19.0,3.2928893354335864,1204.0,-21.300804045271086,6.441967706835447,128.40352809766634,22.253610963413283,2.847909477249982,-28.56801705864795,-1636.8268065182676,4.365328812185439,5
hough,786,26.21653591375044,823.0,463.0,22.0,3.8128192305020474,1191.0,-21.647423975316727,7.308517531949549,131.83243689826622,22.847875027711687,2.8159926291900064,-28.599933906707925,-1638.6555072074643,4.370408536322096,5
hough,787,26.24989028514198,826.0,460.0,21.0,3.639509265479227,1203.0,-21.127494080248265,7.82844742701801,130.00529886101873,22.53121379838446,2.786743428468738,-28.629183107429192,-1640.331362962924,4.375063691198373,5
hough,788,26.283244656533522,829.0,455.0,19.0,3.2928893354335864,1204.5,-20.607564185179804,8.694997252132111,129.0567506305487,22.36682093773924,2.7423232300811855,-28.673603305816744,-1642.8764528556646,4.382133385344876,5
hough,789,26.31659902792506,831.0,452.0,20.0,3.466199300456407,1220.5,-20.260944255134167,9.214927147200573,128.4291354972459,22.258048980938742,2.7147440099020943,-28.701182525995836,-1644.4566257741885,4.386522754562997,5
hough,790,26.3499533993166,831.0,448.0,20.0,3.466199300456407,1185.0,-20.260944255134167,9.908167007291853,130.13609998959046,22.55388293740217,2.6867611903755138,-28.729165345522418,-1646.059923231938,4.390976358612301,5
hough,791,26.383307770708143,834.0,443.0,19.0,3.2928893354335864,1226.5,-19.741014360065705,10.774716832405955,129.76776052576972,22.490046037810874,2.6419769498664603,-28.77394958603147,-1648.6258712018055,4.398103991861933,5
hough,792,26.416662142099682,837.0,439.0,20.0,3.466199300456407,1195.0,-19.221084464997244,11.467956692497237,129.145648026806,22.38222774237521,2.6036516685589137,-28.812274867339017,-1650.8217480693795,4.404203649827417,5
hough,793,26.45001651349122,838.0,437.0,19.0,3.2928893354335864,1199.0,-19.047774499974423,11.814576622542877,129.33084548699958,22.41432430772368,2.5864089890490884,-28.82951754684884,-1651.8096808327891,4.406947907503555,5
hough,794,26.483370884882763,841.0,431.0,20.0,3.466199300456407,1225.5,-18.52784460490596,12.8544364126798,130.11562229316536,22.55033394855099,2.5350465318696838,-28.88088000402825,-1654.7525328545908,4.415122496453003,5
hough,795,26.516725256274302,845.0,427.0,20.0,3.466199300456407,1210.5,-17.83460474481468,13.547676272771081,129.22921592767227,22.39671089235138,2.491957651589616,-28.923968884308316,-1657.221343838583,4.42198030474187,5
hough,796,26.55007962766584,847.0,425.0,20.0,3.466199300456407,1243.5,-17.48798481476904,13.894296202816722,128.8768706617001,22.335645946629786,2.47021114466262,-28.94571539123531,-1658.4673269046518,4.425441368814284,5
hough,797,26.58343399905738,849.0,421.0,20.0,3.466199300456407,1220.5,-17.141364884723398,14.587536062908002,129.87296166558144,22.50827844367201,2.4365103884112886,-28.979416147486642,-1660.398238004252,4.430805010757618,5
hough,798,26.616788370448923,852.0,418.0,20.0,3.466199300456407,1222.5,-16.621434989654936,15.107465957976464,129.60159136830475,22.461247266942753,2.403874099461406,-29.012052436436527,-1662.26815962005,4.435999237468168,5
hough,799,26.65014274184046,855.0,416.0,20.0,3.466199300456407,1213.5,-16.101505094586475,15.454085888022105,128.77429238641466,22.317868109327964,2.376708394959989,-29.03921814093794,-1663.8246398354806,4.440322793622142,5
hough,800,26.683497113232,858.0,411.0,19.0,3.2928893354335864,1209.0,-15.581575199518015,16.320635713136205,130.19633455283847,22.56432218745185,2.3330321976390227,-29.08289433825891,-1666.3271016071528,4.447274076321231,5
hough,801,26.716851484623543,861.0,409.0,20.0,3.466199300456407,1226.5,-15.061645304449554,16.667255643181846,129.61994995146162,22.464428992347536,2.305633586384711,-29.11029294951322,-1667.8969263965444,4.451634700736208,5
hough,802,26.750205856015082,864.0,405.0,19.0,3.2928893354335864,1211.5,-14.541715409381094,17.36049550327313,130.66850484263432,22.646154003861184,2.2680664628801677,-29.147860073017764,-1670.0493640218015,4.4576136941397,5
hough,803,26.78356022740662,865.0,404.0,18.0,3.119579370410766,1190.5,-14.368405444358274,17.53380546829595,130.8005616537841,22.669040765182576,2.257296229529306,-29.158630306368625,-1670.6664529371767,4.459327830015742,5
hough,804,26.81691459879816,872.0,401.0,20.0,3.466199300456407,1181.5,-13.15523568919853,18.05373536336441,128.89191848585918,22.338253884508465,2.2005066338079287,-29.21541990209,-1673.920257092266,4.46836617489099,5
hough,805,26.850268970189703,874.0,398.0,20.0,3.466199300456407,1211.5,-12.80861575915289,18.57366525843287,130.18265864630237,22.561952016568423,2.174516158557612,-29.24141037734032,-1675.4094016316483,4.472502687500385,5
hough,806,26.88362334158124,877.0,399.0,19.0,3.2928893354335864,1210.5,-12.28868586408443,18.40035529341005,127.67047133028217,22.12656492069819,2.15961803626604,-29.256308499631892,-1676.2630011616252,4.474873797305877,5
hough,807,26.91697771297278,879.0,394.0,22.0,3.8128192305020474,1182.0,-11.942065934038789,19.266905118524154,130.7930733980821,22.667742975848782,2.125664003395958,-29.290262532501973,-1678.2084239425294,4.480277749475055,5
hough,808,26.950332084364323,886.0,390.0,20.0,3.466199300456407,1240.0,-10.728896178879046,19.960144978615432,130.75361635503154,22.660904677097786,2.064004354117012,-29.35192218178092,-1681.74126161247,4.4900911874471126,5
hough,809,26.983686455755862,888.0,389.0,21.0,3.639509265479227,1199.0,-10.382276248833405,20.133454943638252,130.70663836702298,22.65276292363918,2.046903462684049,-29.36902307321388,-1682.72107051749,4.4928128788499455,5
hough,810,27.0170408271474,892.0,388.0,19.0,3.2928893354335864,1171.0,-9.689036388742124,20.306764908661073,129.82418550024855,22.499825048164215,2.0159839106340804,-29.39994262526385,-1684.4926303543882,4.497733878396885,5
hough,811,27.050395198538943,897.0,385.0,20.0,3.466199300456407,1194.5,-8.822486563628022,20.826694803729534,130.50778581570017,22.618299794924727,1.97149272214962,-29.44443381374831,-1687.0417876800689,4.50481487096822,5
hough,812,27.083749569930482,901.0,383.0,20.0,3.466199300456407,1184.5,-8.12924670353674,21.173314733775175,130.86526049756128,22.68025371953462,1.937380205249193,-29.478546330648737,-1688.9962909270319,4.510244046654228,5
hough,813,27.11710394132202,907.0,382.0,21.0,3.639509265479227,1193.0,-7.089386913399819,21.346624698797996,129.78515684390132,22.49306099309779,1.8914437637732238,-29.524482772124706,-1691.6282551494548,4.517555058383182,5
hough,814,27.15045831271356,910.0,379.0,19.0,3.2928893354335864,1188.0,-6.569457018331358,21.866554593866457,131.7413118592779,22.832082150391923,1.8626512621343831,-29.553275273763546,-1693.2779439749838,4.522137527342984,5
hough,815,27.183812684105103,915.0,380.0,20.0,3.466199300456407,1163.5,-5.702907193217256,21.693244628843637,129.4232382232283,22.430336889607844,1.8278681925481177,-29.588058343349815,-1695.2708670607867,4.527673424803548,5
hough,816,27.217167055496642,917.0,378.0,21.0,3.639509265479227,1200.0,-5.356287263171615,22.039864558889278,130.8718156611963,22.681389794714924,1.8092016941702056,-29.606724841727726,-1696.340378636129,4.530644290290609,5
hough,817,27.25052142688818,924.0,377.0,20.0,3.466199300456407,1179.0,-4.143117508011874,22.213174523912098,130.38056227257485,22.596250687115596,1.7551937461237086,-29.660732789774222,-1699.434806119355,4.539239922188459,5
hough,818,27.283875798279723,927.0,376.0,22.0,3.8128192305020474,1196.0,-3.623187612943412,22.38648448893492,130.851046973094,22.67779037410634,1.7312520635884232,-29.684674472309506,-1700.8065634830689,4.543050359309887,5
hough,819,27.317230169671262,934.0,373.0,17.0,2.946269405387946,1196.5,-2.4100178577836697,22.90641438400338,132.8997224074409,23.032846241976113,1.6756221579609716,-29.74030437793696,-1703.9939222902328,4.551904133774231,5
hough,820,27.3505845410628,937.0,376.0,20.0,3.466199300456407,1215.0,-1.8900879627152087,22.38648448893492,129.6297805887451,22.466132739751288,1.6550264332328237,-29.760900102665108,-1705.1739703931692,4.555182045171277,5
hough,821,27.38393891245434,942.0,375.0,19.0,3.2928893354335864,1187.5,-1.0235381376011072,22.55979445395774,130.30411426825535,22.583001486160917,1.6161352464029992,-29.799791289494934,-1707.4022712587728,4.561371769797954,5
hough,822,27.417293283845883,947.0,375.0,20.0,3.466199300456407,1184.5,-0.15698831248700545,22.55979445395774,130.17336116118466,22.560340669747873,1.5777549796699804,-29.83817155622795,-1709.6012985591613,4.567480178965699,5
hough,823,27.45064765523742,951.0,377.0,19.0,3.2928893354335864,1209.0,0.536251547604276,22.213174523912098,128.20755253356714,22.21964644525392,1.5466598663118407,-29.86926666958609,-1711.3829173180634,4.572429119962649,5
hough,824,27.48400202662896,957.0,375.0,20.0,3.466199300456407,1183.5,1.576111337741198,22.55979445395774,130.4874993151894,22.61478394223077,1.5010459342224118,-29.91488060167552,-1713.996403113784,4.5796888027285405,5
hough,825,27.517356398020503,961.0,376.0,20.0,3.466199300456407,1206.0,2.269351197832479,22.38648448893492,129.83220119508647,22.50121424795621,1.4697699526232308,-29.9461565832747,-1715.7883848595459,4.584666529800101,5
hough,826,27.550710769412042,965.0,376.0,20.0,3.466199300456407,1189.5,2.9625910579237607,22.38648448893492,130.29640776235524,22.581665871892923,1.439222497318434,-29.9767040385795,-1717.5386251233754,4.589528308310738,5
hough,827,27.58406514080358,970.0,375.0,19.0,3.2928893354335864,1188.0,3.829140883037862,22.55979445395774,132.031950888875,22.882452790445658,1.4026657120755044,-30.013260823822428,-1719.6331746303613,4.595346501385699,5
hough,828,27.61741951219512,975.0,377.0,20.0,3.466199300456407,1187.5,4.695690708151964,22.213174523912098,131.00266019559527,22.704066456395033,1.3624711578571387,-30.05345537804079,-1721.9361529464834,4.601743663374927,5
hough,829,27.650773883586663,979.0,382.0,18.0,3.119579370410766,1164.0,5.388930568243246,21.346624698797996,127.03443742553321,22.01633390691282,1.3235142077017699,-30.09241232819616,-1724.1682217730875,4.607943854559939,5
hough,830,27.6841282549782,984.0,379.0,20.0,3.466199300456407,1208.0,6.255480393357347,21.866554593866457,131.23151797390534,22.743729789949153,1.2921629643398633,-30.12376357155807,-1725.9645157002124,4.612933559913063,5
hough,831,27.71748262636974,988.0,382.0,19.0,3.2928893354335864,1220.0,6.948720253448628,21.346624698797996,129.53163112305782,22.449122459286016,1.2560955759904202,-30.15983095990751,-1728.0310248306946,4.618673863053292,5
hough,832,27.750836997761283,993.0,385.0,19.0,3.2928893354335864,1233.0,7.8152700785627305,20.826694803729534,128.3524988662766,22.244767089105984,1.211804271927915,-30.204122263970017,-1730.568729622607,4.625723043030826,5
hough,833,27.784191369152822,999.0,385.0,21.0,3.639509265479227,1203.5,8.855129868699652,20.826694803729534,130.5813695675472,22.631052592383583,1.1687717729759635,-30.24715476292197,-1733.034310194455,4.632571877952627,5
hough,834,27.81754574054436,1001.0,386.0,20.0,3.466199300456407,1192.0,9.201749798745293,20.653384838706714,130.46275469826597,22.610495453537265,1.1516639587665618,-30.26426257713137,-1734.0145157453476,4.63529467114955,5
hough,835,27.850900111935903,1006.0,387.0,19.0,3.2928893354335864,1229.0,10.068299623859394,20.480074873683893,131.67813677768572,22.821133279210866,1.113879677543671,-30.30204685835426,-1736.1793955913545,4.641308226277347,5
hough,836,27.884254483327442,1010.0,391.0,19.0,3.2928893354335864,1216.0,10.761539483950676,19.78683501359261,129.96354657335536,22.5239777108699,1.0726687610798091,-30.34325777481812,-1738.5406071746,4.647867147341918,5
hough,837,27.91760885471898,1015.0,393.0,20.0,3.466199300456407,1200.0,11.628089309064778,19.440215083546974,130.70495155396756,22.652470582127545,1.0317410853357616,-30.38418545056217,-1740.885590260014,4.654380989245846,5
hough,838,27.95096322611052,1020.0,395.0,20.0,3.466199300456407,1249.0,12.494639134178879,19.093595153501333,131.6626191579269,22.81844392107323,0.9913418602363214,-30.42458467566161,-1743.2002953538108,4.6608107256175035,5
hough,839,27.984317597502063,1023.0,395.0,19.0,3.2928893354335864,1259.0,13.01456902924734,19.093595153501333,133.3289553697347,23.107236591657895,0.9725129959545267,-30.443413539943403,-1744.2791098101823,4.663807432440757,5
hough,840,28.017671968893602,1027.0,401.0,20.0,3.466199300456407,1206.0,13.707808889338622,18.05373536336441,130.79495875109689,22.66806972631383,0.9213835247866341,-30.494543011111297,-1747.2086127168384,4.671944940514802,5
hough,841,28.05102634028514,1030.0,404.0,19.0,3.2928893354335864,1205.0,14.227738784407082,17.53380546829595,130.28762425576915,22.580143602673708,0.889114894476915,-30.526811641421016,-1749.0574690442531,4.677080652535399,5
hough,842,28.084380711676683,1033.0,406.0,20.0,3.466199300456407,1259.5,14.747668679475543,17.187185538250308,130.67421035807533,22.6471428265427,0.861640507396757,-30.554286028501174,-1750.631635468655,4.681453337047627,5
hough,843,28.117735083068222,1035.0,408.0,21.0,3.639509265479227,1213.5,15.094288609521184,16.840565608204667,130.48925288715319,22.615087853726475,0.8400262367180567,-30.575900299179875,-1751.870041955798,4.684893355067468,5
hough,844,28.15108945445976,1037.0,412.0,23.0,3.986129195524868,1246.5,15.440908539566825,16.147325748113385,128.91260662721447,22.341839345563137,0.80775773796648,-30.60816879793145,-1753.7188907454865,4.690029046149936,5
hough,845,28.1844438258513,1043.0,415.0,20.0,3.466199300456407,1243.0,16.480768329703746,15.627395853044925,131.04796451450017,22.711918146319825,0.7588263663249746,-30.657100169572956,-1756.5224518263308,4.697816715818948,5
hough,846,28.217798197242843,1047.0,417.0,19.0,3.2928893354335864,1243.5,17.17400818979503,15.280775922999284,132.64102522990714,22.988011443186238,0.7271297387748213,-30.68879679712311,-1758.3385348097527,4.702861390772897,5
hough,847,28.25115256863438,1049.0,422.0,20.0,3.466199300456407,1237.0,17.52062811984067,14.414226097885182,130.9095725431632,22.687933438607974,0.6884301421005651,-30.727496393797367,-1760.555858368046,4.709020622879268,5
hough,848,28.28450694002592,1052.0,426.0,20.0,3.466199300456407,1246.0,18.04055801490913,13.720986237793902,130.78042500298878,22.665550882937563,0.6502274103805364,-30.765699125517393,-1762.7447136614742,4.715100776472124,5
hough,849,28.317861311417463,1055.0,429.0,20.0,3.466199300456407,1239.0,18.560487909977592,13.20105634272544,131.4194177565618,22.776294694709144,0.6182332187317239,-30.797693317166207,-1764.577845811884,4.720192810223262,5
hough,850,28.351215682809002,1057.0,432.0,20.0,3.466199300456407,1228.5,18.907107840023233,12.681126447656979,131.3598828060985,22.76597669452671,0.5907944296051326,-30.8251321062928,-1766.149972623787,4.724559829145216,5
hough,851,28.38457005420054,1060.0,437.0,20.0,3.466199300456407,1232.0,19.427037735091695,11.814576622542877,131.19558594852919,22.737502411888013,0.5463914941846182,-30.869535041713313,-1768.6940734213745,4.73162677580518,5
hough,852,28.417924425592084,1061.0,440.0,21.0,3.639509265479227,1259.5,19.600347700114515,11.294646727474417,130.52757895396277,22.62173014302471,0.52277112628444,-30.89315540961349,-1770.047420812601,4.735386074114143,5
hough,853,28.451278796983622,1065.0,446.0,21.0,3.639509265479227,1235.0,20.293587560205793,10.254786937337494,131.19512095462778,22.737421823811225,0.4678957734388298,-30.9480307624591,-1773.1915469299456,4.744119757773434,5
hough,854,28.48463316837516,1067.0,449.0,20.0,3.466199300456407,1250.0,20.640207490251434,9.734857042269033,131.67579583833026,22.820727571093048,0.4407076533493546,-30.975218882548578,-1774.7493114639676,4.74844688147905,5
hough,855,28.5179875397667,1068.0,455.0,19.0,3.2928893354335864,1216.5,20.813517455274255,8.694997252132111,130.15245309987307,22.556717094373266,0.39571999118963164,-31.020206544708298,-1777.3269146358798,4.755606890289918,5
hough,856,28.551341911158243,1070.0,458.0,20.0,3.466199300456407,1219.0,21.160137385319896,8.17506735706365,130.8893291879551,22.684425063424914,0.36867779851047594,-31.047248737387456,-1778.8763181451752,4.759910788926849,5
hough,857,28.584696282549782,1072.0,461.0,20.0,3.466199300456407,1247.0,21.506757315365537,7.6551374619951895,131.72081059054824,22.828529076225458,0.3419576656679859,-31.073968870229944,-1780.4072689850786,4.764163430148803,5
hough,858,28.61805065394132,1072.0,469.0,19.0,3.2928893354335864,1233.5,21.506757315365537,6.268657741812627,129.25806973171774,22.401711544121273,0.2836164167058895,-31.13231011919204,-1783.7499763221288,4.773448728307276,5
hough,859,28.651405025332863,1074.0,469.0,21.0,3.639509265479227,1226.5,21.853377245411178,6.268657741812627,131.17936306857064,22.734690825129828,0.2793500404536855,-31.136576495444245,-1783.994421675195,4.774127743176904,5
hough,860,28.684759396724402,1075.0,475.0,20.0,3.466199300456407,1232.0,22.026687210433998,5.228797951675705,130.62607371169395,22.63880026604203,0.2330706291112734,-31.182855906786656,-1786.646036623465,4.781493340255432,5
hough,861,28.71811376811594,1076.0,481.0,19.0,3.2928893354335864,1228.5,22.19999717545682,4.188938161538783,130.35458170540048,22.59174799592733,0.1864981867952479,-31.229428349102683,-1789.3144410097898,4.788905574661889,5
hough,862,28.75146813950748,1078.0,483.0,21.0,3.639509265479227,1228.0,22.54661710550246,3.8423182314931417,131.9697421302733,22.871671392668283,0.168795045056379,-31.247131490841554,-1790.328756315549,4.791723117177887,5
hough,863,28.784822510899023,1078.0,487.0,21.0,3.639509265479227,1273.5,22.54661710550246,3.1490783714018606,131.35696084334506,22.765470289264115,0.1387719381336956,-31.277154597764234,-1792.0489536300886,4.796501443051609,5
hough,864,28.81817688229056,1077.0,490.0,21.0,3.639509265479227,1264.0,22.37330714047964,2.6291484763333997,129.98246632872798,22.52725669301177,0.11697625083154095,-31.29895028506639,-1793.297754524089,4.799970334423832,5
hough,865,28.8515312536821,1078.0,495.0,21.0,3.639509265479227,1273.0,22.54661710550246,1.7625986512192977,130.49110241751583,22.615408395768934,0.07801707351166656,-31.337909462386264,-1795.5299509578197,4.806170880073084,5
hough,866,28.884885625073643,1080.0,498.0,21.0,3.639509265479227,1272.5,22.8932370355481,1.2426687561508367,132.28863616160243,22.926938906083922,0.0542278240457382,-31.361698711852192,-1796.892974550001,4.809957056718032,5
hough,867,28.918239996465182,1081.0,504.0,21.0,3.639509265479227,1242.5,23.06654700057092,0.2028089660139147,133.0993204180767,23.06743856621803,0.0087921152734159,-31.407134420624516,-1799.4962489018408,4.817188374362031,5
hough,868,28.95159436785672,1080.0,511.0,19.0,3.2928893354335864,1250.5,22.8932370355481,-1.0103607891458277,132.22275829342664,22.915521615054598,-0.044104971626554454,-31.460031507524487,-1802.527028729746,4.825607207217323,5
hough,869,28.98494873924826,1079.0,513.0,21.0,3.639509265479227,1259.5,22.71992707052528,-1.3569807191914685,131.3277907398256,22.76041481964344,-0.05965558766358195,-31.475582123561512,-1803.418013397496,4.82808216462774,5
hough,870,29.018303110639803,1078.0,516.0,19.0,3.2928893354335864,1259.5,22.54661710550246,-1.8769106142599294,130.54416498450718,22.624604667398227,-0.08305427676189339,-31.498980812659823,-1804.7586595289679,4.831806181659607,5
hough,871,29.05165748203134,1078.0,521.0,20.0,3.466199300456407,1292.5,22.54661710550246,-2.743460439374031,131.05371767557304,22.712915226464137,-0.12108422544246077,-31.53701076134039,-1806.9376150834635,4.8378588359776495,5
hough,872,29.08501185342288,1078.0,525.0,20.0,3.466199300456407,1249.5,22.54661710550246,-3.4367002994653126,131.59679038889234,22.807035139414353,-0.15126213307728686,-31.567188668975216,-1808.6666818254746,4.842661799149903,5
hough,873,29.118366224814423,1079.0,530.0,21.0,3.639509265479227,1271.0,22.71992707052528,-4.303250124579414,133.42489084836373,23.12386316610354,-0.18718686455149613,-31.603113400449427,-1810.7250173190878,4.8483793977432725,5
hough,874,29.151720596205962,1075.0,535.0,20.0,3.466199300456407,1227.0,22.026687210433998,-5.169799949693516,130.54786859375307,22.62524653978709,-0.23053351368125483,-31.646460049579186,-1813.2085973702574,4.855278231218744,5
hough,875,29.1850749675975,1073.0,541.0,20.0,3.466199300456407,1243.0,21.680067280388357,-6.209659739830438,130.12427435405527,22.551833436921196,-0.278954329122494,-31.694880865020426,-1815.9829057356224,4.862984643344758,5
hough,876,29.218429338989043,1071.0,544.0,22.0,3.8128192305020474,1256.5,21.333447350342716,-6.729589634898899,129.07334664800135,22.369697192943477,-0.30556817590599794,-31.721494711803928,-1817.5077668329247,4.867220368615042,5
hough,877,29.251783710380582,1071.0,548.0,20.0,3.466199300456407,1253.5,21.333447350342716,-7.4228294949901805,130.33252525361573,22.587925393039992,-0.33484137214199705,-31.75076790803993,-1819.1849974301058,4.871879342496101,5
hough,878,29.28513808177212,1069.0,553.0,20.0,3.466199300456407,1244.5,20.986827420297075,-8.289379320104281,130.1978814718761,22.564590283936152,-0.3761714056079526,-31.792097941505883,-1821.5530339148395,4.878457221620361,5
hough,879,29.31849245316366,1068.0,557.0,20.0,3.466199300456407,1269.5,20.813517455274255,-8.982619180195563,130.80114033020055,22.669141055572073,-0.4074275524412935,-31.823354088339226,-1823.3438792122313,4.883431791890894,5
hough,880,29.351846824555203,1065.0,561.0,20.0,3.466199300456407,1258.0,20.293587560205793,-9.675859040286845,129.72282597635112,22.48225843262282,-0.4449109912270056,-31.860837527124936,-1825.4915220562893,4.889397466457722,5
hough,881,29.385201195946742,1064.0,566.0,20.0,3.466199300456407,1237.5,20.120277595182973,-10.542408865400946,131.06533154203717,22.714928025254814,-0.4826387055857565,-31.898565241483688,-1827.6531608597209,4.8954020186894756,5
hough,882,29.41855556733828,1061.0,568.0,20.0,3.466199300456407,1270.0,19.600347700114515,-10.889028795446587,129.3749405325442,22.421966418524697,-0.5070964279568216,-31.923022963854752,-1829.0544851280856,4.8992945861016,5
hough,883,29.451909938729823,1060.0,574.0,22.0,3.8128192305020474,1243.0,19.427037735091695,-11.92888858558351,131.5395163886127,22.79710898442917,-0.5506757664413626,-31.966602302339293,-1831.551397297222,4.90623045323809,5
hough,884,29.485264310121362,1056.0,577.0,20.0,3.466199300456407,1248.5,18.733797875000413,-12.44881848065197,129.78393469990618,22.49284918336474,-0.5865088715378061,-32.00243540743574,-1833.604482986097,4.9119334690405205,5
hough,885,29.5186186815129,1053.0,582.0,19.0,3.2928893354335864,1243.5,18.21386797993195,-13.315368305766071,130.18295800455869,22.562003898337355,-0.6312666888946826,-32.047193224792615,-1836.1689170208633,4.919056896914872,5
hough,886,29.55197305290444,1052.0,585.0,21.0,3.639509265479227,1252.5,18.04055801490913,-13.835298200834533,131.18076438912644,22.734933687946338,-0.6542294634004235,-32.07015599929836,-1837.484587085953,4.922711535984566,5
hough,887,29.585327424295983,1049.0,589.0,22.0,3.8128192305020474,1265.0,17.52062811984067,-14.528538060925815,131.3296090503789,22.760729950981837,-0.6923086199717442,-32.10823515586968,-1839.6663620449076,4.928772021981661,5
hough,888,29.61868179568752,1045.0,592.0,21.0,3.639509265479227,1261.5,16.827388259749387,-15.048467955994274,130.25625339216836,22.57470671940032,-0.7296482279130754,-32.145574763811005,-1841.8057639886188,4.934714805158636,5
hough,889,29.65203616707906,1042.0,596.0,19.0,3.2928893354335864,1236.5,16.307458364680926,-15.741707816085556,130.78136264535033,22.665713385702446,-0.7677474141957871,-32.18367395009372,-1843.988686565501,4.94077847898331,5
hough,890,29.685390538470603,1039.0,599.0,20.0,3.466199300456407,1226.5,15.787528469612466,-16.261637711154016,130.77529775139942,22.66466227914395,-0.8001902693444389,-32.21611680524237,-1845.847525240873,4.945941919748232,5
hough,891,29.718744909862142,1036.0,602.0,22.0,3.8128192305020474,1243.0,15.267598574544005,-16.781567606222477,130.90680726593143,22.68745418850766,-0.8326020244444764,-32.24852856034241,-1847.7045820147166,4.951100410786686,5
hough,892,29.75209928125368,1032.0,603.0,19.0,3.2928893354335864,1261.0,14.574358714452723,-16.954877571245298,129.00580746991392,22.357991980351475,-0.8607571358166246,-32.27668367171456,-1849.3177510680616,4.955581435934866,5
hough,893,29.785453652645224,1028.0,608.0,20.0,3.466199300456407,1237.5,13.881118854361443,-17.8214273963594,130.34202260759398,22.58957137912577,-0.9090539911055068,-32.32498052700344,-1852.0849570398686,4.963268119189887,5
hough,894,29.818808024036763,1024.0,609.0,21.0,3.639509265479227,1266.0,13.18787899427016,-17.99473736138222,128.7281982700112,22.309879539626323,-0.9383461176283737,-32.3542726535263,-1853.763272262592,4.967930105919673,5
hough,895,29.8521623954283,1021.0,614.0,21.0,3.639509265479227,1251.0,12.6679490992017,-18.861287186496323,131.09798579105055,22.720587332009167,-0.9793602192900571,-32.39528675518799,-1856.1132071883271,4.974457702935604,5
hough,896,29.88551676681984,1017.0,615.0,20.0,3.466199300456407,1265.0,11.974709239110418,-19.034597151519144,129.75587867559324,22.487986794772382,-1.0092524656225523,-32.42517900152048,-1857.8259067433444,4.9792152016995415,5
hough,897,29.918871138211383,1012.0,618.0,21.0,3.639509265479227,1274.5,11.108159413996317,-19.554527046587605,129.76372772528364,22.48934711329969,-1.054192710445361,-32.470119246343295,-1860.4007931019762,4.986367663806852,5
hough,898,29.952225509602922,1011.0,620.0,21.0,3.639509265479227,1281.0,10.934849448973496,-19.901146976633246,131.02196702478193,22.707412522286077,-1.0683691396698183,-32.48429567556775,-1861.2130426651033,4.988623912593316,5
hough,899,29.98557988099446,1005.0,622.0,20.0,3.466199300456407,1291.5,9.894989658836574,-20.247766906678887,130.03439888029195,22.536257121706864,-1.1162332631374337,-32.53215979903536,-1863.9554549298907,4.9962417244399475,5
hough,900,30.018934252386003,1000.0,624.0,21.0,3.639509265479227,1265.5,9.028439833722473,-20.594386836724524,129.74714753484113,22.486473601074028,-1.1576364009067301,-32.57356293680466,-1866.3276799826704,5.002831238475447,6
hough,901,30.052288623777542,995.0,625.0,21.0,3.639509265479227,1230.0,8.16189000860837,-20.767696801747345,128.75185479704544,22.31397945149919,-1.1963312367262835,-32.61225777262421,-1868.544730764082,5.008989712868257,6
hough,902,30.08564299516908,992.0,628.0,21.0,3.639509265479227,1262.0,7.64196011353991,-21.287626696815806,130.50461218007592,22.61774977224569,-1.2261386925445066,-32.64206522844244,-1870.2525721804893,5.013733716802721,6
hough,903,30.11899736656062,988.0,629.0,21.0,3.639509265479227,1266.0,6.948720253448628,-21.460936661838627,130.1589796083113,22.55784820332242,-1.2576641306236576,-32.67359066652159,-1872.0588467297255,5.018751146106156,6
hough,904,30.152351737952163,984.0,630.0,20.0,3.466199300456407,1272.0,6.255480393357347,-21.634246626861447,129.943318970548,22.52047206573486,-1.2893257889944714,-32.7052523248924,-1873.8729261267579,5.023790255542356,6
hough,905,30.185706109343702,980.0,632.0,21.0,3.639509265479227,1278.5,5.562240533266066,-21.98086655690709,130.82748907818905,22.673707556164352,-1.3229499007714283,-32.73887643666936,-1875.799445821454,5.0291416991387345,6
hough,906,30.21906048073524,976.0,631.0,20.0,3.466199300456407,1284.5,4.869000673174784,-21.807556591884268,128.92796015168247,22.344500264351662,-1.3511279304409611,-32.76705446633889,-1877.4139279965125,5.03362637184723,6
hough,907,30.252414852126783,970.0,633.0,20.0,3.466199300456407,1285.5,3.829140883037862,-22.15417652192991,129.72512462121455,22.482656810683704,-1.3996466715313236,-32.81557320742925,-1880.193847088278,5.041348369324357,6
hough,908,30.285769223518322,965.0,634.0,21.0,3.639509265479227,1254.0,2.9625910579237607,-22.32748648695273,129.95893881623263,22.523179140644125,-1.4388788417762897,-32.85480537767422,-1882.4416848644535,5.047592363147066,6
hough,909,30.31912359490986,962.0,633.0,20.0,3.466199300456407,1270.5,2.4426611628552997,-22.15417652192991,128.60443670715475,22.2884304274965,-1.4609825174286315,-32.876909053326564,-1883.708132191059,5.051110272387637,6
hough,910,30.352477966301404,957.0,635.0,21.0,3.639509265479227,1291.0,1.576111337741198,-22.50079645197555,130.14791024843058,22.555929772948662,-1.5008636407897347,-32.91679017668766,-1885.9931522418904,5.057457550306613,6
hough,911,30.385832337692943,952.0,635.0,20.0,3.466199300456407,1296.0,0.7095615126270962,-22.50079645197555,129.89432928834063,22.511981665625022,-1.5392718229477733,-32.955198358845706,-1888.193778978316,5.06357040235224,6
hough,912,30.41918670908448,948.0,635.0,20.0,3.466199300456407,1267.0,0.016321652535814895,-22.50079645197555,129.8298246654263,22.50080237168393,-1.5700709458196962,-32.985997481717625,-1889.9584387315817,5.0684722350002005,6
hough,913,30.45254108047602,944.0,635.0,21.0,3.639509265479227,1298.0,-0.6769182075554665,-22.50079645197555,129.8885289932979,22.510976416694046,-1.6008714444906427,-33.016797980388574,-1891.7231773123256,5.073374286613378,6
hough,914,30.485895451867563,940.0,635.0,21.0,3.639509265479227,1256.5,-1.3701580676467477,-22.50079645197555,130.07027544919808,22.542474888609124,-1.6316149867173417,-33.047541522615276,-1893.4846525291978,5.078267273326912,6
hough,915,30.519249823259102,934.0,634.0,20.0,3.466199300456407,1282.5,-2.4100178577836697,-22.32748648695273,129.57811104308527,22.45717789260024,-1.6783195400985333,-33.094246075996466,-1896.1606263219833,5.085700533862427,6
hough,916,30.55260419465064,930.0,634.0,20.0,3.466199300456407,1284.0,-3.103257717874951,-22.32748648695273,130.06818770507107,22.542113061747497,-1.7088998054054694,-33.124826341303404,-1897.9127464604612,5.0905675342470875,6
hough,917,30.585958566042184,926.0,635.0,20.0,3.466199300456407,1298.0,-3.7964975779662327,-22.50079645197555,131.6648762019939,22.818835089301533,-1.7379492267265724,-33.1538757626245,-1899.5771556994575,5.0951908932442995,6
hough,918,30.619312937433723,922.0,632.0,20.0,3.466199300456407,1286.5,-4.489737438057514,-21.98086655690709,129.4484742035297,22.434710536471197,-1.7722814170241303,-33.18820795292206,-1901.5442453049477,5.100655031037328,6
hough,919,30.65266730882526,918.0,633.0,20.0,3.466199300456407,1263.0,-5.182977298148796,-22.15417652192991,131.28142917422358,22.752379898330553,-1.8006133359082466,-33.21653987180618,-1903.1675446825145,5.105164195975013,6
hough,920,30.6860216802168,914.0,629.0,20.0,3.466199300456407,1284.5,-5.876217158240077,-21.460936661838627,128.38777945484097,22.25088156667606,-1.8380557851758357,-33.253982321073764,-1905.3128390001798,5.1111233468574175,6
hough,921,30.719376051608343,910.0,628.0,21.0,3.639509265479227,1284.0,-6.569457018331358,-21.287626696815806,128.5457464240456,22.278258816583676,-1.870128328516957,-33.286054864414886,-1907.1504603718765,5.116227850667686,6
hough,922,30.752730422999882,906.0,627.0,19.0,3.2928893354335864,1252.5,-7.26269687842264,-21.114316731792986,128.83553831953813,22.328482639855384,-1.9020893679500726,-33.31801590384801,-1908.9816930402455,5.121314608079822,6
hough,923,30.78608479439142,902.0,625.0,20.0,3.466199300456407,1275.5,-7.955936738513921,-20.767696801747345,128.32195199356192,22.23947301166425,-1.9366423374314452,-33.352568873329375,-1910.9614323611725,5.126813883971286,6
hough,924,30.819439165782963,898.0,624.0,20.0,3.466199300456407,1243.5,-8.649176598605202,-20.594386836724524,128.8840966675414,22.336898285449397,-1.9684050888610274,-33.38433162475896,-1912.7813039638106,5.131869082867503,6
hough,925,30.852793537174502,893.0,622.0,21.0,3.639509265479227,1279.5,-9.515726423719304,-20.247766906678887,129.0885333831315,22.372329205477698,-2.0101279253342454,-33.42605446123218,-1915.1718464030405,5.13850947853203,6
hough,926,30.88614790856604,889.0,620.0,21.0,3.639509265479227,1251.5,-10.208966283810586,-19.901146976633246,129.0572620210141,22.366909566802914,-2.0447769527161865,-33.460703488614115,-1917.1570894362587,5.144024042513192,6
hough,927,30.91950227995758,885.0,619.0,19.0,3.2928893354335864,1268.0,-10.902206143901866,-19.727837011610426,130.05523399975428,22.53986805553213,-2.075656938416822,-33.49158347431475,-1918.9263822883297,5.148938744880056,6
hough,928,30.952856651349123,882.0,617.0,21.0,3.639509265479227,1281.0,-11.422136038970327,-19.381217081564785,129.80554561434118,22.49659457018958,-2.1033410838937803,-33.51926761979171,-1920.5125669835857,5.15334481347799,6
hough,929,30.98621102274066,879.0,615.0,21.0,3.639509265479227,1263.0,-11.942065934038789,-19.034597151519144,129.65568037592018,22.4706214309607,-2.1311105641621335,-33.54703710006007,-1922.103641002234,5.157764463529791,6
hough,930,31.0195653941322,873.0,611.0,20.0,3.466199300456407,1290.5,-12.98192572417571,-18.34135729142786,129.65657336500416,22.47077619486761,-2.186734871351083,-33.602661407249016,-1925.2906790425002,5.166617346974974,6
hough,931,31.052919765523743,871.0,609.0,20.0,3.466199300456407,1277.0,-13.328545654221351,-17.99473736138222,129.20964031531787,22.393318243658936,-2.2083132088732755,-33.62423974477121,-1926.5270267114306,5.170051646055336,6
hough,932,31.086274136915282,867.0,606.0,20.0,3.466199300456407,1258.5,-14.021785514312633,-17.47480746631376,129.27644409848736,22.404896004983435,-2.2469989714654566,-33.66292550736339,-1928.7435576352077,5.1762086763991615,6
hough,933,31.11962850830682,865.0,602.0,19.0,3.2928893354335864,1267.0,-14.368405444358274,-16.781567606222477,127.47307154993089,22.092353571669996,-2.278879753514208,-33.69480628941214,-1930.5701918941777,5.181282660451856,6
hough,934,31.152982879698364,862.0,601.0,20.0,3.466199300456407,1265.0,-14.888335339426733,-16.608257641199657,128.69793833973054,22.30463519216779,-2.3016420559143977,-33.71756859181233,-1931.8743757537088,5.184905393394998,6
hough,935,31.186337251089903,857.0,598.0,20.0,3.466199300456407,1244.5,-15.754885164540836,-16.088327746131196,129.9278216129227,22.517786219226878,-2.345723486653572,-33.76165002255151,-1934.400055689962,5.191921170995702,6
hough,936,31.21969162248144,853.0,594.0,20.0,3.466199300456407,1263.0,-16.448125024632116,-15.395087886039915,129.9917193378012,22.528860331690602,-2.389251880801828,-33.80517841669976,-1936.8940489636389,5.198848930089248,6
hough,937,31.25304599387298,851.0,590.0,20.0,3.466199300456407,1256.0,-16.794744954677757,-14.701848025948635,128.78987564254476,22.320568842902812,-2.4225453094689424,-33.838471845366875,-1938.8016219117844,5.204147743834097,6
hough,938,31.286400365264523,848.0,587.0,20.0,3.466199300456407,1239.5,-17.31467484974622,-14.181918130880174,129.14057560856227,22.38134864174681,-2.455331779986275,-33.871258315884205,-1940.6801482975575,5.209365872683467,6
hough,939,31.319754736656062,846.0,584.0,20.0,3.466199300456407,1236.5,-17.66129477979186,-13.661988235811712,128.8368457435705,22.328709229468704,-2.483185799827832,-33.89911233572576,-1942.2760660769522,5.2137989776262295,6
hough,940,31.3531091080476,843.0,580.0,20.0,3.466199300456407,1232.0,-18.18122467486032,-12.96874837572043,128.85933974929375,22.33260766481382,-2.5219932286242766,-33.937919764522206,-1944.499567960743,5.2199753717478705,6
hough,941,31.386463479439143,841.0,576.0,21.0,3.639509265479227,1237.0,-18.52784460490596,-12.27550851562915,128.24084533505066,22.225416419514545,-2.556449778284304,-33.972376314182235,-1946.4737828328457,5.225459301948156,6
hough,942,31.419817850830682,837.0,571.0,20.0,3.466199300456407,1272.0,-19.221084464997244,-11.408958690515048,128.9715592623012,22.352056424688023,-2.6059183723327832,-34.02184490823071,-1949.3081244902694,5.233332473218777,6
hough,943,31.45317222222222,837.0,568.0,20.0,3.466199300456407,1262.5,-19.221084464997244,-10.889028795446587,127.46640481121811,22.09119815941687,-2.626158608386568,-34.0420851442845,-1950.4678045925,5.236553806836085,6
hough,944,31.48652659361376,836.0,565.0,21.0,3.639509265479227,1241.0,-19.394394430020064,-10.369098900378127,126.89569441195492,21.992288360082405,-2.650615375878579,-34.06654191177651,-1951.8690741503249,5.240446222274487,6
hough,945,31.519880965005303,832.0,560.0,21.0,3.639509265479227,1261.5,-20.087634290111346,-9.502549075264024,128.22038038702402,22.221869640087853,-2.699732733555982,-34.115659269453914,-1954.6832914460747,5.248263492540459,6
hough,946,31.553235336396842,830.0,556.0,20.0,3.466199300456407,1246.0,-20.434254220156983,-8.809309215172743,128.3956810730704,22.252250995855025,-2.7345623991603794,-34.15048893505831,-1956.6788842870587,5.253806805987637,6
hough,947,31.58658970778838,829.0,550.0,19.0,3.2928893354335864,1232.5,-20.607564185179804,-7.769449425035821,127.07598152271176,22.023533912941737,-2.7810528144231803,-34.196979350321115,-1959.3425888694278,5.261205985383106,6
hough,948,31.619944079179923,827.0,547.0,21.0,3.639509265479227,1239.0,-20.954184115225445,-7.24951952996736,127.93728788981876,22.172806889298986,-2.808512516930789,-34.22443905282872,-1960.9159139297985,5.2655763327730245,6
hough,949,31.653298450571462,825.0,544.0,20.0,3.466199300456407,1184.0,-21.300804045271086,-6.729589634898899,128.8937321410322,22.338568209023062,-2.835584867969201,-34.251511403867134,-1962.4670453857962,5.269885031261907,6
hough,950,31.686652821963,824.0,537.0,19.0,3.2928893354335864,1226.0,-21.474114010293906,-5.516419879739156,127.92884258825221,22.17134323437988,-2.890142722110902,-34.30606925800883,-1965.5929801674058,5.278568183433046,6
hough,951,31.720007193354544,822.0,535.0,20.0,3.466199300456407,1266.5,-21.820733940339547,-5.169799949693516,129.39123965566182,22.424791218982115,-2.908960581698799,-34.32488711759673,-1966.671164101262,5.281563138804868,6
hough,952,31.753361564746083,822.0,530.0,20.0,3.466199300456407,1223.5,-21.820733940339547,-4.303250124579414,128.33080298409394,22.241006976523767,-2.9468819615265023,-34.36280849742443,-1968.843899118702,5.287598513853312,6
hough,953,31.78671593613762,820.0,525.0,20.0,3.466199300456407,1257.0,-22.16735387038519,-3.4367002994653126,129.4338455936062,22.43217525259702,-2.9877828535524715,-34.403709389450405,-1971.1873476101105,5.2941080929961135,6
hough,954,31.82007030752916,819.0,520.0,20.0,3.466199300456407,1215.5,-22.34066383540801,-2.5701504743512107,129.7560562282539,22.488017566417792,-3.027052592570189,-34.44297912846812,-1973.4373379184055,5.300358066074711,6
hough,955,31.853424678920703,820.0,515.0,19.0,3.2928893354335864,1228.5,-22.16735387038519,-1.703600649237109,128.28298630362616,22.23271986930439,-3.064891638154501,-34.48081817405243,-1975.6053555311898,5.306380337221334,6
hough,956,31.886779050312242,820.0,510.0,20.0,3.466199300456407,1218.5,-22.16735387038519,-0.8370508241230074,127.99697914361012,22.183151978405736,-3.1038500646101665,-34.519776600508095,-1977.8375089435704,5.312580763366835,6
hough,957,31.92013342170378,819.0,507.0,20.0,3.466199300456407,1241.0,-22.34066383540801,-0.3171209290545463,128.91881001112554,22.34291445381179,-3.12739882144307,-34.543325357341004,-1979.1867533228758,5.316328664420462,6
hough,958,31.953487793095324,820.0,501.0,20.0,3.466199300456407,1242.5,-22.16735387038519,0.7227388610823757,127.97378810027436,22.17913273949637,3.109000448991834,-34.59011139408568,-1981.8673957684898,5.323774893436056,6
hough,959,31.986842164486863,820.0,495.0,20.0,3.466199300456407,1251.0,-22.16735387038519,1.7625986512192977,128.30952012469703,22.237318444906105,3.0622463276677756,-34.63686551540974,-1984.546209595201,5.331216042954698,6
hough,960,32.020196535878405,820.0,491.0,20.0,3.466199300456407,1219.0,-22.16735387038519,2.455838511310579,128.6883624519357,22.302975595389,3.0312563207952685,-34.66785552228225,-1986.3218061960774,5.336148255734911,6
hough,961,32.053550907269944,822.0,488.0,20.0,3.466199300456407,1228.0,-21.820733940339547,2.97576840637904,127.07121071200625,22.022707083905235,3.006055321447887,-34.69305652162963,-1987.765717098194,5.340159119351902,6
hough,962,32.08690527866148,825.0,485.0,22.0,3.8128192305020474,1227.5,-21.300804045271086,3.495698301447501,124.54990527986182,21.585739727648438,2.9789315029306724,-34.72018034014685,-1989.3197974235093,5.344476009144444,6
hough,963,32.12025965005302,822.0,481.0,19.0,3.2928893354335864,1215.5,-21.820733940339547,4.188938161538783,128.20481864849654,22.21917263572796,2.9519295106158205,-34.7471823324617,-1990.866897621595,5.348773509694682,6
hough,964,32.15361402144456,824.0,475.0,21.0,3.639509265479227,1254.5,-21.474114010293906,5.228797951675705,127.52605515304025,22.101536158071664,2.902747473446745,-34.79636436963077,-1993.6848207792386,5.356601074021469,6
hough,965,32.1869683928361,824.0,470.0,20.0,3.466199300456407,1245.0,-21.474114010293906,6.095347776789806,128.8006088409899,22.32242901314992,2.865020852430761,-34.83409099064676,-1995.846396938744,5.362605452242318,6
hough,966,32.22032276422764,825.0,465.0,20.0,3.466199300456407,1268.0,-21.300804045271086,6.961897601903908,129.30385641919673,22.409646833326768,2.8256998644507774,-34.87341197862674,-1998.0993235962817,5.368863581846589,6
hough,967,32.253677135619185,827.0,462.0,19.0,3.2928893354335864,1221.5,-20.954184115225445,7.481827496972369,128.38179483918492,22.249844373146036,2.7986453095758974,-34.90046653350162,-1999.6494354072174,5.373169447988078,6
hough,968,32.287031507010724,830.0,458.0,21.0,3.639509265479227,1235.0,-20.434254220156983,8.17506735706365,126.9913854500403,22.00887257054598,2.7610286637200554,-34.93808317935746,-2001.8047104541954,5.379156323118572,6
hough,969,32.32038587840226,831.0,454.0,21.0,3.639509265479227,1234.5,-20.260944255134167,8.868307217154932,127.61411366539589,22.116797575767983,2.7290105482292875,-34.97010129484823,-2003.6392133397787,5.384252164467414,6
hough,970,32.3537402497938,833.0,450.0,21.0,3.639509265479227,1214.0,-19.914324325088526,9.561547077246214,127.46411411390105,22.09080115874497,2.6939636588561777,-35.00514818422134,-2005.64725218592,5.38983005015114,6
hough,971,32.38709462118534,834.0,447.0,19.0,3.2928893354335864,1210.5,-19.741014360065705,10.081476972314674,127.8996090531272,22.16627677142987,2.6694321400631673,-35.02967970301435,-2007.0528046778054,5.393734362628599,6
hough,972,32.42044899257688,837.0,442.0,20.0,3.466199300456407,1233.0,-19.221084464997244,10.948026797428776,127.63454527405815,22.120338577150598,2.6238379856673464,-35.075273857410174,-2009.665157295154,5.40099089767679,6
hough,973,32.45380336396842,838.0,437.0,20.0,3.466199300456407,1225.0,-19.047774499974423,11.814576622542877,129.33084548699958,22.41432430772368,2.5864089890490884,-35.11270285402843,-2011.8096808327891,5.406947907503555,6
hough,974,32.487157735359965,841.0,433.0,20.0,3.466199300456407,1233.0,-18.52784460490596,12.507816482634158,128.9860237652603,22.35456326718994,2.5477865783025857,-35.15132526477493,-2014.0225819631846,5.413094855087986,6
hough,975,32.520512106751504,843.0,429.0,20.0,3.466199300456407,1222.5,-18.18122467486032,13.20105634272544,129.64232606293868,22.468306995444973,2.5135757391723845,-35.185536103905136,-2015.9827186589464,5.41853967924288,6
hough,976,32.55386647814304,847.0,426.0,20.0,3.466199300456407,1219.5,-17.48798481476904,13.720986237793902,128.25719228398032,22.228249508661772,2.4763158150493108,-35.222796028028206,-2018.117555056176,5.424469780346295,6
hough,977,32.58722084953458,850.0,421.0,19.0,3.2928893354335864,1245.5,-16.968054919700577,14.587536062908002,129.11303003160728,22.37657471876821,2.4314907617868817,-35.267621081290635,-2020.685841424562,5.431603909147368,6
hough,978,32.62057522092612,852.0,420.0,21.0,3.639509265479227,1230.0,-16.621434989654936,14.760846027930823,128.26492758050298,22.229590112631556,2.4154130512659906,-35.283698791811524,-2021.6070263816423,5.434162756250369,6
hough,979,32.65392959231766,854.0,416.0,20.0,3.466199300456407,1240.5,-16.274815059609296,15.454085888022105,129.49760626153937,22.443225611726348,2.3820556505583554,-35.31705619251916,-2023.5182646577166,5.439471751461686,6
hough,980,32.687283963709206,858.0,412.0,19.0,3.2928893354335864,1221.5,-15.581575199518015,16.147325748113385,129.47488216643396,22.439287299598455,2.338365615393085,-35.36074622768443,-2026.0215192794647,5.4464252365220975,6
hough,981,32.720638335100745,861.0,410.0,20.0,3.466199300456407,1219.5,-15.061645304449554,16.493945678159026,128.87975405949814,22.33614566820131,2.3108358731988536,-35.38827596987866,-2027.5988573182774,5.450806731074355,6
hough,982,32.753992706492284,865.0,407.0,20.0,3.466199300456407,1214.0,-14.368405444358274,17.013875573227487,128.49422427485726,22.269329514709945,2.272095112338989,-35.42701673073853,-2029.8185394106733,5.4569725146643435,6
hough,983,32.78734707788382,866.0,404.0,21.0,3.639509265479227,1251.5,-14.195095479335453,17.53380546829595,130.16902581297327,22.559589310700996,2.2513541570955216,-35.447757685982,-2031.0069086091937,5.460273540215789,6
hough,984,32.82070144927536,871.0,401.0,20.0,3.466199300456407,1200.5,-13.328545654221351,18.05373536336441,129.48335143489388,22.44075510821901,2.2067483890946913,-35.492363453982826,-2033.5626308575809,5.467372768683531,6
hough,985,32.8540558206669,874.0,399.0,20.0,3.466199300456407,1204.0,-12.80861575915289,18.40035529341005,129.360674832953,22.419494030627522,2.178904744907261,-35.52020709817025,-2035.1579541557844,5.471804222289652,6
hough,986,32.88741019205844,877.0,399.0,19.0,3.2928893354335864,1228.5,-12.28868586408443,18.40035529341005,127.67047133028217,22.12656492069819,2.15961803626604,-35.53949380681148,-2036.2630011616252,5.474873797305877,6
hough,987,32.920764563449985,881.0,394.0,20.0,3.466199300456407,1217.0,-11.595446003993148,19.266905118524154,129.75054818081642,22.48706296690906,2.1125620244051824,-35.58654981867234,-2038.95911204197,5.482362994195723,6
hough,988,32.954118934841524,885.0,392.0,20.0,3.466199300456407,1218.0,-10.902206143901866,19.61352504856979,129.4783340941652,22.439885553072816,2.078120903248386,-35.620990939829134,-2040.9324429259532,5.487844468873455,6
hough,989,32.98747330623306,889.0,390.0,19.0,3.2928893354335864,1177.5,-10.208966283810586,19.960144978615432,129.36024600462918,22.419419710405716,2.0435758259946786,-35.65553601708284,-2042.9117300555438,5.493342488677873,6
hough,990,33.0208276776246,894.0,386.0,19.0,3.2928893354335864,1228.0,-9.342416458696484,20.653384838706714,130.79517071770877,22.668106462239923,1.9955970808137202,-35.703514762263794,-2045.660709660746,5.500978543136768,6
hough,991,33.05418204901614,898.0,385.0,21.0,3.639509265479227,1231.0,-8.649176598605202,20.826694803729534,130.120984128886,22.551263208112193,1.9644162519496475,-35.73469559112787,-2047.4472395563773,5.505941126180188,6
hough,992,33.08753642040768,901.0,384.0,20.0,3.466199300456407,1252.5,-8.12924670353674,21.000004768752355,129.93219764981998,22.51854463002848,1.9401387889236057,-35.75897305415391,-2048.8382357250543,5.509805004426513,6
hough,993,33.12089079179922,906.0,384.0,21.0,3.639509265479227,1222.0,-7.26269687842264,21.000004768752355,128.21200313105462,22.220417778148807,1.9037626855262995,-35.795349157551215,-2050.9224329248514,5.515594441092616,6
hough,994,33.154245163190765,910.0,380.0,19.0,3.2928893354335864,1218.0,-6.569457018331358,21.693244628843637,130.78391656247658,22.66615600499027,1.8648512990520432,-35.834260544025476,-2053.1518911448293,5.521787380592555,6
hough,995,33.187599534582304,914.0,380.0,19.0,3.2928893354335864,1223.5,-5.876217158240077,21.693244628843637,129.68109438169225,22.475025931412148,1.8353260843140604,-35.863785758763456,-2054.8435613385327,5.526486464463953,6
hough,996,33.22095390597384,919.0,378.0,20.0,3.466199300456407,1201.0,-5.009667333125975,22.039864558889278,130.41399019570105,22.602044079303383,1.7942991249742524,-35.904812718103265,-2057.194232954959,5.533016107842915,6
hough,997,33.25430827736538,924.0,378.0,20.0,3.466199300456407,1188.0,-4.143117508011874,22.039864558889278,129.39764526269434,22.42590137451287,1.7566107291203303,-35.942501113957185,-2059.3536189740066,5.539014402340269,6
hough,998,33.28766264875692,930.0,377.0,21.0,3.639509265479227,1186.5,-3.103257717874951,22.213174523912098,129.4149185041337,22.428894999382557,1.7096014336460927,-35.989510409431425,-2062.0470532025643,5.546496164086263,6
hough,999,33.32101702014846,933.0,376.0,20.0,3.466199300456407,1184.0,-2.58332782280649,22.38648448893492,130.02740713739414,22.535045382989797,1.6856849192297392,-36.01342692384778,-2063.4173685392852,5.550302595577155,6
hough,1000,33.35437139154,938.0,376.0,20.0,3.466199300456407,1178.0,-1.7167779976923885,22.38648448893492,129.54948231328186,22.45221624843936,1.6473346651976075,-36.05177717787991,-2065.6146762385806,5.556406228075198,6
hough,1001,33.387725762931545,941.0,376.0,19.0,3.2928893354335864,1204.5,-1.1968481026239275,22.38648448893492,129.35468071971238,22.418455191071445,1.6242084532898626,-36.07490338978766,-2066.9397105770195,5.560086879015305,6
hough,1002,33.421080134323084,945.0,374.0,21.0,3.639509265479227,1210.5,-0.5036082425326461,22.73310441898056,131.2023920158342,22.738681971174586,1.5929457822364719,-36.10616606084105,-2068.7309296846847,5.565062487647709,6
hough,1003,33.45443450571462,951.0,374.0,19.0,3.2928893354335864,1217.5,0.536251547604276,22.73310441898056,131.20669869940116,22.739428362352943,1.5472116853536475,-36.15190015772387,-2071.351300415913,5.572341295234454,6
hough,1004,33.48778887710616,957.0,374.0,19.0,3.2928893354335864,1220.0,1.576111337741198,22.73310441898056,131.48508621328216,22.78767569264645,1.5015759856091728,-36.197535857468345,-2073.9660334063974,5.579604442430244,6
hough,1005,33.5211432484977,962.0,376.0,21.0,3.639509265479227,1190.0,2.4426611628552997,22.38648448893492,129.93686474328425,22.51935348383353,1.4621130732743608,-36.23699876980316,-2076.2270917304772,5.585885159997132,6
hough,1006,33.55449761988924,965.0,375.0,20.0,3.466199300456407,1192.5,2.9625910579237607,22.55979445395774,131.28782995676573,22.753489217729054,1.4402217868385787,-36.25889005623894,-2077.4813700513596,5.589369266444028,6
hough,1007,33.58785199128078,970.0,377.0,19.0,3.2928893354335864,1187.5,3.829140883037862,22.213174523912098,130.0605828741242,22.540795068762094,1.400092452785846,-36.29901939029167,-2079.7806115272515,5.595756048321506,6
hough,1008,33.621206362672325,975.0,377.0,20.0,3.466199300456407,1213.5,4.695690708151964,22.213174523912098,131.00266019559527,22.704066456395033,1.3624711578571387,-36.33664068522038,-2081.9361529464836,5.601743663374928,6
hough,1009,33.654560734063864,979.0,377.0,19.0,3.2928893354335864,1210.0,5.388930568243246,22.213174523912098,131.8880221511231,22.857508505940096,1.332793790831349,-36.36631805224617,-2083.636540824122,5.606466963035035,6
hough,1010,33.6879151054554,983.0,380.0,20.0,3.466199300456407,1206.0,6.082170428334527,21.693244628843637,129.9968558796697,22.529750545582175,1.2974430415153184,-36.4016688015622,-2085.6619895625554,5.612093209530683,6
hough,1011,33.72126947684694,988.0,379.0,20.0,3.466199300456407,1189.0,6.948720253448628,21.866554593866457,132.3875549979981,22.944082526159757,1.2631098562336645,-36.436001986843856,-2087.629136176435,5.617557505680349,6
hough,1012,33.75462384823848,993.0,382.0,20.0,3.466199300456407,1239.0,7.8152700785627305,21.346624698797996,131.16548792333137,22.732286124193724,1.219839949036072,-36.479271894041446,-2090.1083192387796,5.624444125297972,6
hough,1013,33.78797821963002,998.0,384.0,20.0,3.466199300456407,1199.0,8.681819903676832,21.000004768752355,131.1169178442122,22.723868445480424,1.1787748670357914,-36.520336976041726,-2092.4611751227544,5.630979836086791,6
hough,1014,33.82133259102156,1004.0,386.0,21.0,3.639509265479227,1184.5,9.721679693813753,20.653384838706714,131.71216883765646,22.827031374334048,1.1308570362980008,-36.568254806779514,-2095.206664587452,5.638606195710951,6
hough,1015,33.854686962413105,1005.0,387.0,20.0,3.466199300456407,1207.0,9.894989658836574,20.480074873683893,131.2400219182006,22.74520360823752,1.120717714175206,-36.57839412890231,-2095.7876049522115,5.640219918946395,6
hough,1016,33.888041333804644,1010.0,391.0,19.0,3.2928893354335864,1201.5,10.761539483950676,19.78683501359261,129.96354657335536,22.5239777108699,1.0726687610798091,-36.62644308199771,-2098.5406071746,5.647867147341918,6
hough,1017,33.92139570519618,1016.0,392.0,21.0,3.639509265479227,1220.5,11.801399274087599,19.61352504856979,132.0769212688607,22.890246605428043,1.0291299630690636,-36.66998188000846,-2101.0351965456884,5.654796562261608,6
hough,1018,33.95475007658772,1018.0,397.0,19.0,3.2928893354335864,1226.5,12.148019204133238,18.746975223455692,128.8952588005225,22.33883279432593,0.9958291459148322,-36.703282697162685,-2102.943192822963,5.660096551920703,6
hough,1019,33.98810444797926,1023.0,399.0,20.0,3.466199300456407,1238.0,13.01456902924734,18.40035529341005,130.04325689574975,22.53779230405603,0.9551878995365415,-36.74392394354098,-2105.27176471459,5.666564807175224,6
hough,1020,34.0214588193708,1027.0,398.0,18.0,3.119579370410766,1202.0,13.707808889338622,18.57366525843287,133.1966309320517,23.084303447991392,0.9350040841806005,-36.76410775889692,-2106.428212148957,5.669777161159576,6
hough,1021,34.054813190762346,1031.0,403.0,20.0,3.466199300456407,1223.0,14.401048749429902,17.70711543331877,131.69431956370897,22.823937917290525,0.8880031167831799,-36.811108726294336,-2109.121169213861,5.677257597450976,6
hough,1022,34.088167562153885,1034.0,405.0,20.0,3.466199300456407,1216.0,14.920978644498364,17.36049550327313,132.0843594974149,22.891535724558604,0.8608249790554022,-36.838286864022116,-2110.678361800688,5.681583132414384,6
hough,1023,34.121521933545424,1036.0,407.0,19.0,3.2928893354335864,1243.0,15.267598574544005,17.013875573227487,131.90137940970607,22.85982345195791,0.8394408194321671,-36.85967102364535,-2111.9035838955333,5.684986527122288,6
hough,1024,34.15487630493696,1041.0,412.0,20.0,3.466199300456407,1193.5,16.134148399658105,16.147325748113385,131.70882110183615,22.826451178356123,0.7858063649455886,-36.91330547813193,-2114.976611774101,5.693522715673865,6
hough,1025,34.1882306763285,1045.0,415.0,22.0,3.8128192305020474,1262.5,16.827388259749387,15.627395853044925,132.50639874247568,22.964679331358344,0.7484407146887254,-36.95067112838879,-2117.117505832581,5.699469643614087,6
hough,1026,34.22158504772004,1047.0,416.0,19.0,3.2928893354335864,1212.5,17.17400818979503,15.454085888022105,133.30784670462404,23.10357824964589,0.7327339800060613,-36.96637786307146,-2118.0174354398296,5.701969448078666,6
hough,1027,34.25493941911158,1050.0,421.0,20.0,3.466199300456407,1222.5,17.69393808486349,14.587536062908002,132.31721337214415,22.93189162144336,0.6894649183507109,-37.00964692472681,-2120.4965700561725,5.708855933124063,6
hough,1028,34.288293790503126,1054.0,425.0,20.0,3.466199300456407,1221.5,18.38717794495477,13.894296202816722,132.97833164561555,23.046470006294633,0.6471081850841829,-37.05200365799333,-2122.9234321063054,5.715597216596654,6
hough,1029,34.321648161894664,1056.0,429.0,20.0,3.466199300456407,1225.5,18.733797875000413,13.20105634272544,132.23559171277168,22.91774577451241,0.6138501463869986,-37.085261696690516,-2124.828977358537,5.720890397852854,6
hough,1030,34.3550025332862,1059.0,433.0,21.0,3.639509265479227,1237.0,19.253727770068874,12.507816482634158,132.4781306335333,22.959780186386283,0.5761157034478587,-37.122996139629656,-2126.991001681227,5.726896020971436,6
hough,1031,34.38835690467774,1062.0,437.0,21.0,3.639509265479227,1233.0,19.773657665137332,11.814576622542877,132.90845901102074,23.034360382436954,0.538572386334781,-37.16053945674274,-2129.142075300728,5.73287122547005,6
hough,1032,34.42171127606928,1064.0,441.0,21.0,3.639509265479227,1239.5,20.120277595182973,11.121336762451596,132.64868452065292,22.989338874597486,0.5049464992906091,-37.194165343786906,-2131.068696710742,5.738222951608979,6
hough,1033,34.45506564746082,1065.0,443.0,20.0,3.466199300456407,1229.0,20.293587560205793,10.774716832405955,132.57519005925457,22.97660155206317,0.48809366965432555,-37.21101817342319,-2132.0342927217544,5.740905162750679,6
hough,1034,34.48842001885236,1068.0,448.0,20.0,3.466199300456407,1244.5,20.813517455274255,9.908167007291853,133.00768391635668,23.05155704731012,0.4443004641127849,-37.25481137896473,-2134.543458570634,5.747875067886456,6
hough,1035,34.521774390243905,1070.0,452.0,21.0,3.639509265479227,1257.0,21.160137385319896,9.214927147200573,133.16928703409425,23.079564477992797,0.4107180995835269,-37.28839374349399,-2136.46758632423,5.7532198672020005,6
hough,1036,34.555128761635444,1071.0,459.0,19.0,3.2928893354335864,1229.5,21.333447350342716,8.00175739204083,131.46811183113311,22.784733863069913,0.35884113251123295,-37.34027071056629,-2139.439917591412,5.761476342944173,6
hough,1037,34.58848313302698,1073.0,461.0,21.0,3.639509265479227,1245.0,21.680067280388357,7.6551374619951895,132.66333440247996,22.991877845104522,0.33942997096647787,-37.35968187211104,-2140.552095223373,5.764565725255175,6
hough,1038,34.62183750441852,1074.0,462.0,19.0,3.2928893354335864,1235.0,21.853377245411178,7.481827496972369,133.2794366282911,23.09865450031033,0.32985674818596245,-37.36925509489156,-2141.1006004850346,5.766089350982013,6
hough,1039,34.65519187581006,1075.0,469.0,21.0,3.639509265479227,1249.5,22.026687210433998,6.268657741812627,132.14088560029032,22.90133226147082,0.2772633952649623,-37.42184844781256,-2144.1139776378504,5.774459843073169,6
hough,1040,34.6885462472016,1076.0,472.0,20.0,3.466199300456407,1264.5,22.19999717545682,5.748727846744165,132.31923799067954,22.932242508010912,0.2533859214349822,-37.445725921642534,-2145.482056113742,5.778260061061757,6
hough,1041,34.72190061859314,1078.0,477.0,20.0,3.466199300456407,1248.0,22.54661710550246,4.882178021630064,133.10918582812732,23.06914834008884,0.21324483691008922,-37.485867006167425,-2147.781970842096,5.784648713084962,6
hough,1042,34.755254989984685,1077.0,480.0,21.0,3.639509265479227,1260.0,22.37330714047964,4.362248126561603,131.5250764786919,22.79460640414586,0.192559734266914,-37.5065521088106,-2148.9671399223453,5.7879408494189875,6
hough,1043,34.788609361376224,1079.0,485.0,20.0,3.466199300456407,1264.5,22.71992707052528,3.495698301447501,132.6367986349135,22.987278932155725,0.15266329820343763,-37.54644854487408,-2151.253037326396,5.7942905644302405,6
hough,1044,34.82196373276776,1080.0,489.0,20.0,3.466199300456407,1256.5,22.8932370355481,2.8024584413562197,133.08022778888298,23.064129623320273,0.1218082203011394,-37.57730362277638,-2153.0209030667447,5.799201302597875,6
hough,1045,34.8553181041593,1080.0,495.0,21.0,3.639509265479227,1246.0,22.8932370355481,1.7625986512192977,132.48511053867477,22.96098987350221,0.07684051908513884,-37.62227132399238,-2155.597362560827,5.8063581345258815,6
hough,1046,34.88867247555084,1080.0,497.0,20.0,3.466199300456407,1258.0,22.8932370355481,1.415978721173657,132.34660432545863,22.936985366534277,0.061772705990928545,-37.63733913708659,-2156.4606846576175,5.808756251461411,6
hough,1047,34.92202684694238,1079.0,502.0,21.0,3.639509265479227,1266.5,22.71992707052528,0.5494288960595554,131.13250256672808,22.72656943319454,0.024177975108724235,-37.6749338679688,-2158.614704069098,5.814739638715523,6
hough,1048,34.95538121833392,1080.0,507.0,20.0,3.466199300456407,1241.0,22.8932370355481,-0.3171209290545463,132.10684874998972,22.895433336135735,-0.013851280514706393,-37.712963123592225,-2160.7936199143446,5.820792182730097,6
hough,1049,34.988735589725465,1080.0,511.0,20.0,3.466199300456407,1245.0,22.8932370355481,-1.0103607891458277,132.22275829342664,22.915521615054598,-0.044104971626554454,-37.74321681470407,-2162.527028729746,5.825607207217322,6
hough,1050,35.022089961117004,1079.0,515.0,20.0,3.466199300456407,1254.5,22.71992707052528,-1.703600649237109,131.46219145685214,22.783707803210355,-0.07484260829052276,-37.77395445136804,-2164.288165582798,5.830499254031356,6
hough,1051,35.05544433250854,1080.0,521.0,21.0,3.639509265479227,1251.5,22.8932370355481,-2.743460439374031,133.03929352223378,23.057035306999065,-0.11926839151434043,-37.81838023459186,-2166.8335754630857,5.837569837032155,6
hough,1052,35.08879870390008,1080.0,526.0,21.0,3.639509265479227,1234.0,22.8932370355481,-3.6100102644881327,133.72640549263878,23.176118658556717,-0.15640107892896843,-37.85551292200648,-2168.961121733922,5.843479687784479,6
hough,1053,35.12215307529162,1078.0,528.0,20.0,3.466199300456407,1258.0,22.54661710550246,-3.9566301945337736,132.08214861861543,22.891152557231198,-0.1737178118684191,-37.87282965494594,-2169.953297446308,5.846235731429996,6
hough,1054,35.15550744668316,1077.0,534.0,20.0,3.466199300456407,1262.0,22.37330714047964,-4.996489984670696,132.27419671901535,22.924436406794207,-0.21971835500493297,-37.91883019808245,-2172.58893442334,5.853556945255084,6
hough,1055,35.1888618180747,1076.0,539.0,20.0,3.466199300456407,1270.5,22.19999717545682,-5.863039809784797,132.48612255853146,22.961165266628175,-0.25820546414225265,-37.95731730721977,-2174.7940833425673,5.8596823589196045,6
hough,1056,35.222216189466245,1074.0,543.0,20.0,3.466199300456407,1250.5,21.853377245411178,-6.556279669876078,131.64662658175942,22.815672248257016,-0.29146798227514087,-37.99057982535266,-2176.6998852475595,5.864976253100138,6
hough,1057,35.255570560857784,1072.0,547.0,20.0,3.466199300456407,1252.5,21.506757315365537,-7.24951952996736,130.95455666039348,22.69572963439174,-0.3251196649189804,-38.0242315079965,-2178.627984636565,5.8703320847362646,6
hough,1058,35.28892493224932,1072.0,553.0,21.0,3.639509265479227,1270.0,21.506757315365537,-8.289379320104281,132.9926817393502,23.04895702053786,-0.3678844875777255,-38.06699633065524,-2181.078228486537,5.877138317652853,6
hough,1059,35.32227930364086,1070.0,557.0,21.0,3.639509265479227,1286.5,21.160137385319896,-8.982619180195563,132.63979423983997,22.98779810034075,-0.40145270716428355,-38.1005645502418,-2183.0015457946147,5.882480865730847,6
hough,1060,35.3556336750324,1067.0,560.0,21.0,3.639509265479227,1273.0,20.640207490251434,-9.502549075264024,131.10960568386906,22.722601175227116,-0.4314607393229829,-38.130572582400504,-2184.720879388801,5.887256792381365,6
hough,1061,35.38898804642394,1066.0,565.0,21.0,3.639509265479227,1280.0,20.466897525228614,-10.369098900378127,132.38518895825572,22.94367246789476,-0.4689357657829198,-38.168047608860434,-2186.8680402420964,5.893221128084963,6
hough,1062,35.422342417815486,1062.0,569.0,19.0,3.2928893354335864,1267.5,19.773657665137332,-11.062338760469407,130.7353172290097,22.657733256206992,-0.5100682166714675,-38.20918005974899,-2189.2247560790397,5.899767560965361,6
hough,1063,35.455696789207025,1062.0,573.0,22.0,3.8128192305020474,1265.5,19.773657665137332,-11.755578620560689,132.73417606268197,23.00415541075629,-0.5363707670745873,-38.235482610152104,-2190.7317812075685,5.903953741877941,6
hough,1064,35.489051160598564,1061.0,576.0,21.0,3.639509265479227,1283.5,19.600347700114515,-12.27550851562915,133.44344077525082,23.12707805328352,-0.5595266655398838,-38.2586385086174,-2192.0585164604636,5.907639117580427,6
hough,1065,35.5224055319901,1056.0,579.0,20.0,3.466199300456407,1259.0,18.733797875000413,-12.79543841069761,130.9014471586321,22.686525228499093,-0.599234482098419,-38.298346325175935,-2194.333606762947,5.913958812865103,6
hough,1066,35.55575990338164,1053.0,584.0,20.0,3.466199300456407,1271.0,18.21386797993195,-13.661988235811712,131.37321537075707,22.76828736084135,-0.6435568793776385,-38.34266872245516,-2196.8730930649485,5.9210129414817745,6
hough,1067,35.58911427477318,1049.0,588.0,20.0,3.466199300456407,1271.0,17.52062811984067,-14.355228095902994,130.69356002614683,22.650496316839376,-0.6864186672515956,-38.38553051032911,-2199.328892612511,5.92783460689167,6
hough,1068,35.62246864616472,1048.0,590.0,20.0,3.466199300456407,1261.0,17.34731815481785,-14.701848025948635,131.20570659155624,22.73925642017704,-0.7030407558230487,-38.402152598900564,-2200.281268134348,5.930480094452329,6
hough,1069,35.655823017556266,1044.0,593.0,21.0,3.639509265479227,1299.0,16.654078294726567,-15.221777921017095,130.1851096578597,22.562376801295695,-0.740494661078751,-38.43960650415627,-2202.4272188317827,5.936441068611869,6
hough,1070,35.689177388947805,1040.0,597.0,22.0,3.8128192305020474,1271.0,15.960838434635287,-15.915017781108377,130.05401836193175,22.539657373383626,-0.7839606923015603,-38.48307253537908,-2204.9176389730337,5.943358902337566,6
hough,1071,35.72253176033934,1037.0,603.0,20.0,3.466199300456407,1263.0,15.440908539566825,-16.954877571245298,132.31946236941172,22.932281395081137,-0.8320977029051122,-38.53120954598263,-2207.675686518993,5.951020145520787,6
hough,1072,35.75588613173088,1035.0,604.0,21.0,3.639509265479227,1266.0,15.094288609521184,-17.12818753626812,131.7297346783983,22.83007570957861,-0.8484350387878878,-38.54754688186541,-2208.6117469135643,5.953620313283484,6
hough,1073,35.78924050312242,1030.0,606.0,19.0,3.2928893354335864,1256.0,14.227738784407082,-17.47480746631376,130.0234609588215,22.534361470919396,-0.8874652079475205,-38.58657705102504,-2210.8480108800927,5.959832157634953,6
hough,1074,35.82259487451396,1026.0,610.0,21.0,3.639509265479227,1280.5,13.534498924315802,-18.16804732640504,130.72102093835903,22.65525556657437,-0.9305275533726167,-38.62963939645013,-2213.3153015288854,5.966685742770488,6
hough,1075,35.8559492459055,1022.0,611.0,21.0,3.639509265479227,1288.5,12.84125906422452,-18.34135729142786,129.18936290411716,22.38980396623299,-0.959985878686016,-38.65909772176353,-2215.0031392408664,5.971374180859324,6
hough,1076,35.889303617297045,1021.0,614.0,19.0,3.2928893354335864,1289.0,12.6679490992017,-18.861287186496323,131.09798579105055,22.720587332009167,-0.9793602192900571,-38.678472062367575,-2216.113207188327,5.974457702935604,6
hough,1077,35.922657988688584,1016.0,618.0,21.0,3.639509265479227,1248.5,11.801399274087599,-19.554527046587605,131.7853498753715,22.839714377420776,-1.0277981913245346,-38.72691003440205,-2218.8884985540753,5.982166845618238,6
hough,1078,35.95601236008012,1009.0,620.0,20.0,3.466199300456407,1277.5,10.588229518927855,-19.901146976633246,130.07066978660782,22.542543231211816,-1.0818455498814026,-38.78095739295892,-2221.9851840932142,5.990768749893624,6
hough,1079,35.98936673147166,1007.0,622.0,21.0,3.639509265479227,1284.0,10.241609588882215,-20.247766906678887,130.92487004563014,22.69058464822546,-1.1025081218691022,-38.80161996494662,-2223.1690622619944,5.994057300362457,6
hough,1080,36.0227211028632,1003.0,623.0,20.0,3.466199300456407,1266.5,9.548369728790934,-20.421076871701704,130.07393193438077,22.543108593928245,-1.1334241468922668,-38.832535989969784,-2224.9404200151425,5.998977738565647,6
hough,1081,36.05607547425474,999.0,626.0,22.0,3.8128192305020474,1257.5,8.855129868699652,-20.941006766770165,131.1886165157226,22.736294539732075,-1.1707390361269865,-38.869850879204506,-2227.0784056812904,6.004916587638279,7
hough,1082,36.08942984564628,994.0,627.0,20.0,3.466199300456407,1261.0,7.98858004358555,-21.114316731792986,130.25809350501402,22.57502562929324,-1.2090928084954904,-38.90820465157301,-2229.275914966411,6.011020780096948,7
hough,1083,36.122784217037825,990.0,627.0,20.0,3.466199300456407,1287.0,7.295340183494269,-21.114316731792986,128.89692593288808,22.339121724977897,-1.2381214830941978,-38.937233326171715,-2230.9391355057755,6.015640837150738,7
hough,1084,36.156138588429364,986.0,629.0,21.0,3.639509265479227,1276.5,6.602100323402988,-21.460936661838627,129.55687271762363,22.453497079157337,-1.272351234147769,-38.97146307722529,-2232.900355774929,6.02108867123172,7
hough,1085,36.1894929598209,980.0,633.0,20.0,3.466199300456407,1282.0,5.562240533266066,-22.15417652192991,131.79716036212992,22.84176125246778,-1.3248112223928685,-39.023923065470385,-2235.9060916946787,6.029437937675469,7
hough,1086,36.22284733121244,977.0,631.0,20.0,3.466199300456407,1282.0,5.042310638197605,-21.807556591884268,129.14955385531516,22.382904661377523,-1.3435709624021088,-39.04268280547963,-2236.9809456219714,6.03242364302906,7
hough,1087,36.25620170260398,973.0,634.0,21.0,3.639509265479227,1270.0,4.349070778106324,-22.32748648695273,131.25102893107683,22.747111233254106,-1.3784196932199524,-39.07753153629747,-2238.977630819221,6.037969990799198,7
hough,1088,36.28955607399552,968.0,633.0,20.0,3.466199300456407,1277.0,3.4825209529922216,-22.15417652192991,129.39950252486824,22.426223256555268,-1.414877452082278,-39.1139892951598,-2241.066506532538,6.043772423336189,7
hough,1089,36.32291044538706,963.0,633.0,20.0,3.466199300456407,1292.0,2.61597112787812,-22.15417652192991,128.71786780753365,22.30808916753567,-1.4532603074797936,-39.15237215055731,-2243.2656821524765,6.049881244502686,7
hough,1090,36.356264816778605,959.0,635.0,21.0,3.639509265479227,1258.0,1.9227312677868387,-22.50079645197555,130.30293644557594,22.58279735775355,-1.4855517113005654,-39.18466355437808,-2245.1158433059595,6.0550205810401385,7
hough,1091,36.389619188170144,955.0,635.0,20.0,3.466199300456407,1262.5,1.2294914076955572,-22.50079645197555,130.02346648865839,22.534362429295236,-1.5162084840284726,-39.21532032710599,-2246.8723469967604,6.0598997579590295,7
hough,1092,36.42297355956168,950.0,637.0,21.0,3.639509265479227,1283.0,0.3629415825814556,-22.84741638202119,131.84642292833064,22.85029894609296,-1.5549122087842142,-39.254024051861734,-2249.0899070767005,6.066059647069974,7
hough,1093,36.45632793095322,945.0,637.0,20.0,3.466199300456407,1290.0,-0.5036082425326461,-22.84741638202119,131.86181205425078,22.85296603496791,-1.5928349983360386,-39.291946841413555,-2251.2627228653823,6.072095246482979,7
hough,1094,36.48968230234476,940.0,635.0,21.0,3.639509265479227,1298.0,-1.3701580676467477,-22.50079645197555,130.07027544919808,22.542474888609124,-1.6316149867173417,-39.33072682979486,-2253.484652529198,6.078267273326911,7
hough,1095,36.5230366737363,937.0,635.0,21.0,3.639509265479227,1256.0,-1.8900879627152087,-22.50079645197555,130.28703503791488,22.580041485347994,-1.65460052046816,-39.353712363545675,-2254.801626602975,6.081925534642958,7
hough,1096,36.55639104512784,932.0,633.0,20.0,3.466199300456407,1285.0,-2.7566377878293107,-22.15417652192991,128.8155680660166,22.32502159591607,-1.694589766918557,-39.39370160999607,-2257.092841650491,6.08829002088606,7
hough,1097,36.589745416519385,927.0,633.0,21.0,3.639509265479227,1306.5,-3.623187612943412,-22.15417652192991,129.52802328224146,22.448497184520328,-1.7329054224064777,-39.43201726548399,-2259.288166999226,6.094388146854768,7
hough,1098,36.623099787910924,924.0,632.0,20.0,3.466199300456407,1284.5,-4.143117508011874,-21.98086655690709,129.0631015353659,22.367921612830973,-1.7570980208407974,-39.45620986391832,-2260.6743007849677,6.0982385184818275,7
hough,1099,36.65645415930246,919.0,632.0,20.0,3.466199300456407,1291.5,-5.009667333125975,-21.98086655690709,130.08206032025515,22.544517324199827,-1.7948791644574014,-39.493991007534916,-2262.8390008593765,6.104251574244074,7
hough,1100,36.689808530694,914.0,633.0,19.0,3.2928893354335864,1280.5,-5.876217158240077,-22.15417652192991,132.2499914457999,22.92024139173987,-1.8300681251543238,-39.529179968231844,-2264.855179792762,6.1098520712812565,7
hough,1101,36.72316290208554,913.0,631.0,21.0,3.639509265479227,1243.0,-6.049527123262897,-21.807556591884268,130.58159412117152,22.631091509764357,-1.8413971497186508,-39.54050899279617,-2265.5042850862983,6.111655141541079,7
hough,1102,36.75651727347708,906.0,627.0,21.0,3.639509265479227,1299.0,-7.26269687842264,-21.114316731792986,128.83553831953813,22.328482639855384,-1.9020893679500726,-39.60120121102759,-2268.981693040246,6.121314608079822,7
hough,1103,36.789871644868626,902.0,629.0,18.0,3.119579370410766,1285.5,-7.955936738513921,-21.460936661838627,132.06499039301548,22.888178865752618,-1.9258068709079665,-39.62491871398549,-2270.340605860322,6.125089365913367,7
hough,1104,36.823226016260165,898.0,627.0,19.0,3.2928893354335864,1283.5,-8.649176598605202,-21.114316731792986,131.65519023897275,22.817156415389125,-1.9595815906277405,-39.65869343370526,-2272.275754754502,6.130464779508312,7
hough,1105,36.856580387651704,896.0,624.0,19.0,3.2928893354335864,1245.5,-8.995796528650843,-20.594386836724524,129.67163787622138,22.473387024779754,-1.982625941525592,-39.68173778460311,-2273.5960988025677,6.13413240186405,7
hough,1106,36.88993475904324,892.0,621.0,20.0,3.466199300456407,1267.0,-9.689036388742124,-20.074456941656067,128.61571256202492,22.290384645509654,-2.0204718754662303,-39.719583718543745,-2275.764511089097,6.140155769326632,7
hough,1107,36.92328913043478,888.0,619.0,20.0,3.466199300456407,1277.5,-10.382276248833405,-19.727837011610426,128.63097973346174,22.293030598457367,-2.0552426641978614,-39.75435450727538,-2277.7567305337607,6.145689712228474,7
hough,1108,36.95664350182632,884.0,616.0,21.0,3.639509265479227,1290.5,-11.075516108924687,-19.207907116541964,127.93434564465385,22.172296968892365,-2.0938414724033607,-39.79295331548088,-2279.9682793381708,6.151832903351836,7
hough,1109,36.98999787321786,880.0,615.0,20.0,3.466199300456407,1253.0,-11.768755969015968,-19.034597151519144,129.12700649320385,22.378996978838654,-2.1245504010365988,-39.82366224411412,-2281.7277713422236,6.156720381140872,7
hough,1110,37.023352244609406,876.0,612.0,20.0,3.466199300456407,1222.5,-12.46199582910725,-18.514667256450682,128.77519813314763,22.318025084262572,-2.1632311352951366,-39.86234297837265,-2283.9440141637047,6.1628766112005415,7
hough,1111,37.056706616000945,872.0,611.0,20.0,3.466199300456407,1214.5,-13.15523568919853,-18.34135729142786,130.23685601473025,22.57134496059499,-2.1930021980854653,-39.89211404116298,-2285.64977041321,6.1676148230047225,7
hough,1112,37.090060987392484,870.0,607.0,21.0,3.639509265479227,1253.5,-13.501855619244171,-17.64811743133658,128.21319602999546,22.220624519422522,-2.223865901171771,-39.92297774424929,-2287.4181303401997,6.172526933913027,7
hough,1113,37.12341535878402,866.0,604.0,20.0,3.466199300456407,1256.0,-14.195095479335453,-17.12818753626812,128.35844921376062,22.245798343620315,-2.262827389937794,-39.961939233015315,-2289.6504592100396,6.178727847440361,7
hough,1114,37.15676973017556,861.0,601.0,21.0,3.639509265479227,1278.0,-15.061645304449554,-16.608257641199657,129.36758087227244,22.42069091606042,-2.307397858498321,-40.00650970157584,-2292.204158949478,6.185821457827689,7
hough,1115,37.1901241015671,858.0,598.0,20.0,3.466199300456407,1245.0,-15.581575199518015,-16.088327746131196,129.23013263644282,22.39686976711634,-2.340194778875855,-40.03930662195337,-2294.0832840681373,6.191041249823965,7
hough,1116,37.22347847295864,855.0,597.0,18.0,3.119579370410766,1213.0,-16.101505094586475,-15.915017781108377,130.6300216020647,22.639484474784098,-2.3620191453317156,-40.06113098840923,-2295.333728156605,6.194514705625265,7
hough,1117,37.256832844350185,852.0,591.0,20.0,3.466199300456407,1261.0,-16.621434989654936,-14.875157990971454,128.70384610101047,22.305659066068575,-2.411581146154929,-40.11069298923245,-2298.1734216279992,6.202402743045804,7
hough,1118,37.290187215741724,848.0,588.0,21.0,3.639509265479227,1227.5,-17.31467484974622,-14.355228095902994,129.7765304264531,22.491565948991564,-2.4493705688921255,-40.148482411969646,-2300.3385960610763,6.208417116471018,7
hough,1119,37.32354158713326,847.0,584.0,20.0,3.466199300456407,1252.0,-17.48798481476904,-13.661988235811712,128.04733957917952,22.1918799437328,-2.478407412149389,-40.177519255226905,-2302.0022846301003,6.213038473607196,7
hough,1120,37.3568959585248,843.0,580.0,20.0,3.466199300456407,1251.0,-18.18122467486032,-12.96874837572043,128.85933974929375,22.33260766481382,-2.5219932286242766,-40.22110507170179,-2304.499567960743,6.2199753717478705,7
hough,1121,37.39025032991634,841.0,579.0,19.0,3.2928893354335864,1265.0,-18.52784460490596,-12.79543841069761,129.92187327505837,22.516755312999663,-2.537199332208091,-40.23631117528561,-2305.3708135189345,6.222395498298402,7
hough,1122,37.42360470130788,838.0,572.0,20.0,3.466199300456407,1250.0,-19.047774499974423,-11.582268655537868,128.6293552487912,22.292749059075934,-2.595264726716044,-40.29437656979356,-2308.6977155600025,6.231636892856924,7
hough,1123,37.45695907269942,837.0,570.0,19.0,3.2928893354335864,1233.5,-19.221084464997244,-11.235648725492227,128.4640164307965,22.26409419431236,-2.612612317481419,-40.31172416055894,-2309.6916592955786,6.234397847677969,7
hough,1124,37.490313444090965,835.0,566.0,20.0,3.466199300456407,1231.0,-19.567704395042885,-10.542408865400946,128.24971145837495,22.226953007037764,-2.647415483627019,-40.34652732670454,-2311.685733829414,6.239936943605289,7
hough,1125,37.523667815482504,832.0,561.0,20.0,3.466199300456407,1206.0,-20.087634290111346,-9.675859040286845,128.65117771559827,22.29653111003498,-2.6927062504735133,-40.39181809355103,-2314.280703620629,6.2471451930253314,7
hough,1126,37.55702218687404,829.0,556.0,21.0,3.639509265479227,1242.0,-20.607564185179804,-8.809309215172743,129.3145875996381,22.411506653833715,-2.737623806109715,-40.436735649187234,-2316.8542899846275,6.254294044036438,7
hough,1127,37.59037655826558,826.0,552.0,22.0,3.8128192305020474,1251.0,-21.127494080248265,-8.116069355081462,130.5911910717404,22.632754756931778,-2.7748266667695005,-40.47393850984702,-2318.9858568862464,6.2602150632076015,7
hough,1128,37.62373092965712,827.0,549.0,21.0,3.639509265479227,1213.5,-20.954184115225445,-7.596139460013001,128.60508852544288,22.288543394101218,-2.793815216918297,-40.492927059995814,-2320.073820668845,6.263237184825932,7
hough,1129,37.65708530104866,825.0,545.0,20.0,3.466199300456407,1236.5,-21.300804045271086,-6.902899599921719,129.1985052787433,22.39138843085967,-2.8282043453229133,-40.527316188400434,-2322.044172587563,6.268710384600148,7
hough,1130,37.6904396724402,824.0,539.0,20.0,3.466199300456407,1217.0,-21.474114010293906,-5.863039809784797,128.44106791834318,22.26011698842175,-2.8750604836753872,-40.5741723267529,-2324.7288315594406,6.276167770633141,7
hough,1131,37.723794043831745,823.0,534.0,19.0,3.2928893354335864,1257.0,-21.647423975316727,-4.996489984670696,128.18978770075537,22.21656762270068,-2.9147529903178895,-40.613864833395404,-2327.003044668351,6.282485029269003,7
hough,1132,37.757148415223284,821.0,529.0,20.0,3.466199300456407,1242.0,-21.994043905362368,-4.129940159556594,129.1237664466611,22.37843544648566,-2.9559786802848715,-40.65509052336239,-2329.365102710974,6.2890463016096225,7
hough,1133,37.79050278661482,820.0,524.0,21.0,3.639509265479227,1243.5,-22.16735387038519,-3.263390334442492,129.2844182573143,22.406278006170815,-2.9954264985493264,-40.694538341626846,-2331.6252962085264,6.295324616880602,7
hough,1134,37.82385715800636,821.0,521.0,21.0,3.639509265479227,1250.5,-21.994043905362368,-2.743460439374031,127.88928967366019,22.164488320135387,-3.017497096513298,-40.71660893959081,-2332.889848323192,6.298837261643562,7
hough,1135,37.8572115293979,820.0,517.0,21.0,3.639509265479227,1250.0,-22.16735387038519,-2.0502205792827497,128.4517175323513,22.261962672653002,-3.049366739126016,-40.74847858220353,-2334.715844339491,6.303909472799948,7
hough,1136,37.89056590078944,820.0,513.0,21.0,3.639509265479227,1241.0,-22.16735387038519,-1.3569807191914685,128.14525123055364,22.208849008607775,-3.080453668812954,-40.77956551189047,-2336.4969942085722,6.308857111325174,7
hough,1137,37.92392027218098,817.0,506.0,21.0,3.639509265479227,1252.5,-22.68728376545365,-0.14381096403172597,130.90845384986068,22.687739557910845,-3.1352539027980924,-40.83436574587561,-2339.6368163322504,6.317578839446502,7
hough,1138,37.957274643572525,818.0,502.0,20.0,3.466199300456407,1220.5,-22.51397380043083,0.5494288960595554,129.944500912678,22.52067690808407,3.1171935906353685,-40.86510355962174,-2341.3979633313625,6.322470914444035,7
hough,1139,37.990629014964064,820.0,497.0,20.0,3.466199300456407,1234.0,-22.16735387038519,1.415978721173657,128.1665015386808,22.212531898766017,3.0778025600139536,-40.90449459024315,-2343.65490313664,6.328740191680917,7
hough,1140,38.0239833863556,820.0,494.0,20.0,3.466199300456407,1241.0,-22.16735387038519,1.9359086162421182,128.39265311384727,22.251726220347976,3.054482147063452,-40.92781500319365,-2344.991064375206,6.332451750676934,7
hough,1141,38.05733775774714,821.0,485.0,17.0,2.946269405387946,1230.5,-21.994043905362368,3.495698301447501,128.49873733469138,22.27011167295194,2.983972657083953,-40.99832449317315,-2349.0309605666516,6.34367368454206,7
hough,1142,38.09069212913868,820.0,483.0,20.0,3.466199300456407,1232.0,-22.16735387038519,3.8423182314931417,129.81301160678095,22.497888501078176,2.9699655971512926,-41.01233155310581,-2349.8335059841797,6.345902977368528,7
hough,1143,38.12404650053022,821.0,481.0,19.0,3.2928893354335864,1219.5,-21.994043905362368,4.188938161538783,129.18702400992427,22.38939861256223,2.953388853437623,-41.02890829681948,-2350.783283437043,6.348541248070926,7
hough,1144,38.157400871921766,822.0,476.0,20.0,3.466199300456407,1241.0,-21.820733940339547,5.055487986652884,129.2407738277952,22.398713991617424,2.913926634458741,-41.068370515798364,-2353.044302034754,6.354821855286789,7
hough,1145,38.190755243313305,824.0,470.0,20.0,3.466199300456407,1223.5,-21.474114010293906,6.095347776789806,128.8006088409899,22.32242901314992,2.865020852430761,-41.11727629782634,-2355.846396938744,6.362605452242317,7
hough,1146,38.224109614704844,826.0,467.0,21.0,3.639509265479227,1229.0,-21.127494080248265,6.6152776718582675,127.74190698069295,22.138945430772264,2.838150083139818,-41.14414706711729,-2357.385978611385,6.366882067999653,7
hough,1147,38.25746398609638,826.0,461.0,20.0,3.466199300456407,1249.0,-21.127494080248265,7.6551374619951895,129.66124059625574,22.471585072552575,2.7939754050843804,-41.18832174517272,-2359.9170012253103,6.373912686371668,7
hough,1148,38.29081835748792,828.0,457.0,19.0,3.2928893354335864,1229.0,-20.780874150202624,8.34837732208647,129.219873445214,22.39509174704331,2.759592607363885,-41.22270454289322,-2361.8869904225467,6.3793848785862135,7
hough,1149,38.32417272887946,830.0,453.0,20.0,3.466199300456407,1253.5,-20.434254220156983,9.041617182177752,128.93220727744534,22.345236333569073,2.7250153185078396,-41.25728183174927,-2363.8681231410033,6.38488802502637,7
hough,1150,38.357527100271,829.0,450.0,22.0,3.8128192305020474,1248.5,-20.607564185179804,9.561547077246214,131.08145169408618,22.71772180824259,2.707171993935781,-41.27512515632132,-2364.8904703314643,6.387727878333207,7
hough,1151,38.390881471662546,834.0,447.0,21.0,3.639509265479227,1262.0,-19.741014360065705,10.081476972314674,127.8996090531272,22.16627677142987,2.6694321400631673,-41.31286501019394,-2367.0528046778054,6.3937343626285985,7
hough,1152,38.424235843054085,834.0,443.0,20.0,3.466199300456407,1259.0,-19.741014360065705,10.774716832405955,129.76776052576972,22.490046037810874,2.6419769498664603,-41.34032020039064,-2368.6258712018057,6.398103991861933,7
hough,1153,38.457590214445624,837.0,439.0,19.0,3.2928893354335864,1227.0,-19.221084464997244,11.467956692497237,129.145648026806,22.38222774237521,2.6036516685589137,-41.37864548169819,-2370.8217480693797,6.404203649827417,7
hough,1154,38.49094458583716,840.0,435.0,20.0,3.466199300456407,1216.0,-18.701154569928782,12.161196552588518,128.7148986584451,22.307574584410983,2.5650127387224844,-41.41728441153462,-2373.035595673909,6.410353226506665,7
hough,1155,38.5242989572287,841.0,430.0,20.0,3.466199300456407,1233.0,-18.52784460490596,13.02774637770262,130.688238123101,22.64957397800865,2.528759606865512,-41.45353754339159,-2375.112747123445,6.416123091644264,7
hough,1156,38.55765332862024,845.0,425.0,19.0,3.2928893354335864,1247.5,-17.83460474481468,13.894296202816722,130.44872972645734,22.608064786163666,2.479748649291414,-41.50254850096569,-2377.920868142335,6.423923427807848,7
hough,1157,38.59100770001178,847.0,424.0,20.0,3.466199300456407,1225.0,-17.48798481476904,14.067606167839541,129.5013058255988,22.443866783044086,2.4641651223029846,-41.51813202795412,-2378.8137384687006,6.426403623158864,7
hough,1158,38.624362071403326,850.0,421.0,20.0,3.466199300456407,1204.0,-16.968054919700577,14.587536062908002,129.11303003160728,22.37657471876821,2.4314907617868817,-41.55080638847022,-2380.685841424562,6.431603909147368,7
hough,1159,38.657716442794865,854.0,416.0,19.0,3.2928893354335864,1194.0,-16.274815059609296,15.454085888022105,129.49760626153937,22.443225611726348,2.3820556505583554,-41.60024149969875,-2383.5182646577164,6.439471751461685,7
hough,1160,38.6910708141864,857.0,413.0,20.0,3.466199300456407,1215.5,-15.754885164540836,15.974015783090566,129.45739199009122,22.43625607774825,2.3492882587091546,-41.63300889154795,-2385.395697916327,6.444686843846715,7
hough,1161,38.72442518557794,858.0,411.0,19.0,3.2928893354335864,1227.0,-15.581575199518015,16.320635713136205,130.19633455283847,22.56432218745185,2.3330321976390227,-41.64926495261808,-2386.3271016071526,6.44727407632123,7
hough,1162,38.75777955696948,864.0,408.0,22.0,3.8128192305020474,1247.0,-14.541715409381094,16.840565608204667,128.38316439806857,22.250081731348256,2.2830719694536135,-41.69922518080349,-2389.189611825687,6.455225493594936,7
hough,1163,38.79113392836102,866.0,405.0,21.0,3.639509265479227,1257.0,-14.195095479335453,17.36049550327313,129.39333391684372,22.425154175314297,2.2562170749965893,-41.72608007526051,-2390.728283937344,6.459499582793983,7
hough,1164,38.82448829975256,868.0,403.0,20.0,3.466199300456407,1248.5,-13.848475549289812,17.70711543331877,129.70617720211885,22.479373034142956,2.234517846207003,-41.7477793040501,-2391.971558165676,6.462953122317129,7
hough,1165,38.857842671144105,872.0,399.0,20.0,3.466199300456407,1237.5,-13.15523568919853,18.40035529341005,130.5136295140501,22.619312566081355,2.191482003208661,-41.79081514704844,-2394.4373303372686,6.469802489460441,7
hough,1166,38.891197042535644,875.0,398.0,20.0,3.466199300456407,1261.0,-12.635305794130069,18.57366525843287,129.6175642587563,22.46401552802822,2.1681648968749427,-41.81413225338216,-2395.7733021206486,6.473513522192052,7
hough,1167,38.92455141392718,879.0,393.0,18.0,3.119579370410766,1193.0,-11.942065934038789,19.440215083546974,131.64409773285993,22.815233973542696,2.1216620599043874,-41.860635090352716,-2398.437718414446,6.480914678563711,7
hough,1168,38.95790578531872,883.0,394.0,19.0,3.2928893354335864,1205.5,-11.248826073947507,19.266905118524154,128.73065469237943,22.310305262101043,2.099250123773844,-41.88304702648326,-2399.7218277654433,6.484481648983149,7
hough,1169,38.99126015671026,889.0,390.0,21.0,3.639509265479227,1222.5,-10.208966283810586,19.960144978615432,129.36024600462918,22.419419710405716,2.0435758259946786,-41.938721324262424,-2402.9117300555436,6.493342488677872,7
hough,1170,39.0246145281018,893.0,388.0,20.0,3.466199300456407,1207.0,-9.515726423719304,20.306764908661073,129.39670588139435,22.425738570372626,2.0090089477515427,-41.97328820250556,-2404.892266289818,6.498843978217523,7
hough,1171,39.05796889949334,895.0,386.0,20.0,3.466199300456407,1211.0,-9.169106493673663,20.653384838706714,130.3862148972341,22.59723034329758,1.9886091620061415,-41.99368798825096,-2406.061087916001,6.502090704956919,7
hough,1172,39.091323270884885,901.0,385.0,20.0,3.466199300456407,1233.5,-8.12924670353674,20.826694803729534,129.00013785701628,22.357009379938493,1.9429372571306083,-42.039359893126495,-2408.677895307692,6.509359614378283,7
hough,1173,39.124677642276424,903.0,385.0,18.0,3.119579370410766,1213.5,-7.7826267734911,20.826694803729534,128.2864461719767,22.23331949896721,1.9284137623480258,-42.053883387909075,-2409.5100302625137,6.5116711003639,7
hough,1174,39.15803201366796,907.0,385.0,18.0,3.119579370410766,1163.0,-7.089386913399819,20.826694803729534,126.9415837306594,22.000241436302,1.89889248081447,-42.083404669442636,-2411.2014751002043,6.516369558246374,7
hough,1175,39.1913863850595,912.0,380.0,20.0,3.466199300456407,1223.5,-6.222837088285718,21.693244628843637,130.218314901273,22.568131600870228,1.850151201858881,-42.132145948398225,-2413.9941446724292,6.524126973724776,7
hough,1176,39.22474075645104,918.0,379.0,21.0,3.639509265479227,1243.0,-5.182977298148796,21.866554593866457,129.66603282135455,22.47241561291683,1.8035289183510081,-42.1787682319061,-2416.6654047486927,6.531547140603286,7
hough,1177,39.25809512784258,922.0,377.0,20.0,3.466199300456407,1204.5,-4.489737438057514,22.213174523912098,130.76205227131646,22.662366705454062,1.7702299732436655,-42.21206717701344,-2418.573293765581,6.536846832316865,7
hough,1178,39.29144949923412,928.0,377.0,21.0,3.639509265479227,1217.0,-3.4498776479205917,22.213174523912098,129.70676322815746,22.47947459829521,1.7248731203594228,-42.25742402989768,-2421.172050007844,6.544065599656484,7
hough,1179,39.324803870625665,931.0,377.0,19.0,3.2928893354335864,1190.5,-2.9299477528521307,22.213174523912098,129.2803522720475,22.405573330406444,1.7019406275120303,-42.28035652274507,-2422.4859850617136,6.547715419250566,7
hough,1180,39.358158242017204,935.0,375.0,20.0,3.466199300456407,1226.5,-2.2367078927608497,22.55979445395774,130.80842377371042,22.670403348912014,1.6696191225284018,-42.3126780277287,-2424.3378708847868,6.55285954653688,7
hough,1181,39.39151261340874,941.0,375.0,20.0,3.466199300456407,1193.0,-1.1968481026239275,22.55979445395774,130.35326556355008,22.591519895429276,1.6237988990282082,-42.358498251228895,-2426.963176307694,6.560152061600512,7
hough,1182,39.42486698480028,945.0,375.0,20.0,3.466199300456407,1218.5,-0.5036082425326461,22.55979445395774,130.202639188666,22.565414843666602,1.5931158835850288,-42.389181266672075,-2428.721183595323,6.565035415177259,7
hough,1183,39.45822135619182,949.0,375.0,20.0,3.466199300456407,1200.5,0.18963161755863522,22.55979445395774,130.17480808630557,22.560591436289968,1.5623907913673132,-42.41990635888979,-2430.481601704548,6.5699254654806625,7
hough,1184,39.49157572758336,953.0,375.0,20.0,3.466199300456407,1249.0,0.8828714776499166,22.55979445395774,130.2698509591495,22.57706331325822,1.5316815565211155,-42.45061559373599,-2432.2411112533114,6.574812992005004,7
hough,1185,39.524930098974906,959.0,376.0,20.0,3.466199300456407,1222.5,1.9227312677868387,22.38648448893492,129.6457626104885,22.468902583380633,1.4851185489651975,-42.49717860129191,-2434.9089750677012,6.582223724822754,7
hough,1186,39.558284470366445,963.0,374.0,21.0,3.639509265479227,1223.0,2.61597112787812,22.73310441898056,132.0358209329311,22.88312350764566,1.4562270536113715,-42.52607009664573,-2436.5643358152975,6.586821949121632,7
hough,1187,39.591638841757984,969.0,371.0,16.0,2.7729594403651254,1217.5,3.655830918015042,23.25303431404902,135.8182954513121,23.53866403412598,1.414853309867753,-42.56744384038935,-2438.9348767144625,6.593406784952647,7
hough,1188,39.62499321314952,972.0,375.0,19.0,3.2928893354335864,1219.5,4.175760813083503,22.55979445395774,132.38131575048106,22.943001202390807,1.3877703204665606,-42.594526829790546,-2440.4866177037484,6.597717176589551,7
hough,1189,39.65834758454106,979.0,378.0,22.0,3.8128192305020474,1204.0,5.388930568243246,22.039864558889278,130.91642359899865,22.689120794855185,1.33099293146018,-42.65130421879692,-2443.7397224655865,6.606753578705769,7
hough,1190,39.6917019559326,982.0,380.0,19.0,3.2928893354335864,1211.5,5.908860463311706,21.693244628843637,129.7304674563631,22.483582777256423,1.304865198486753,-42.67743195177035,-2445.236731293209,6.610911936560275,7
hough,1191,39.72505632732414,985.0,380.0,21.0,3.639509265479227,1243.0,6.4287903583801675,21.693244628843637,130.5509833088433,22.625786350950438,1.282691624863075,-42.69960552539403,-2446.5071834785676,6.614440970408494,7
hough,1192,39.758410698715686,991.0,382.0,20.0,3.466199300456407,1234.5,7.4686501485170895,21.346624698797996,130.4914116632176,22.615461991130694,1.2342328773334639,-42.74806427292364,-2449.283665192505,6.622153419613875,7
hough,1193,39.791765070107225,996.0,383.0,20.0,3.466199300456407,1193.5,8.335199973631191,21.173314733775175,131.29588668211318,22.754885528517217,1.195762770530611,-42.78653437972649,-2451.4878399497256,6.628276127272822,7
hough,1194,39.825119441498764,1001.0,385.0,20.0,3.466199300456407,1217.5,9.201749798745293,20.826694803729534,131.37682741809002,22.768913364638284,1.1547616795244091,-42.82753547073269,-2453.8370294198126,6.634801653578619,7
hough,1195,39.8584738128903,1004.0,389.0,19.0,3.2928893354335864,1251.0,9.721679693813753,20.133454943638252,129.00416335518506,22.357707038885323,1.1209529024570055,-42.8613442478001,-2455.7741296562735,6.640182487568788,7
hough,1196,39.89182818428184,1007.0,389.0,21.0,3.639509265479227,1221.5,10.241609588882215,20.133454943638252,130.3366380548105,22.5886381824712,1.1002239722839755,-42.882073177973126,-2456.96180986901,6.643481599270833,7
hough,1197,39.92518255567338,1014.0,390.0,20.0,3.466199300456407,1220.5,11.454779344041958,19.960144978615432,132.78786565616576,23.013460352325055,1.0498022290452582,-42.93249492121185,-2459.8507629522805,6.651506468946585,7
hough,1198,39.95853692706492,1017.0,393.0,20.0,3.466199300456407,1240.5,11.974709239110418,19.440215083546974,131.74278373038607,22.832337240322193,1.0187123897464312,-42.96358476051067,-2461.6320795298434,6.656454570550927,7
hough,1199,39.991891298456466,1020.0,396.0,21.0,3.639509265479227,1264.0,12.494639134178879,18.920285188478513,130.82700357549516,22.673623413709457,0.9871564159422042,-42.9951407343149,-2463.440103647251,6.661476859765948,7
hough,1200,40.025245669848005,1025.0,400.0,19.0,3.2928893354335864,1227.0,13.361188959292981,18.22704532838723,130.4004790994939,22.599702471692304,0.9382369976140817,-43.04406015264302,-2466.2429798536873,6.669262627006049,7
hough,1201,40.05860004123954,1029.0,401.0,20.0,3.466199300456407,1242.5,14.054428819384263,18.05373536336441,132.01400660160044,22.879342866645747,0.909317254356737,-43.07297989590037,-2467.899959086935,6.673865347098403,7
hough,1202,40.09195441263108,1032.0,404.0,20.0,3.466199300456407,1247.0,14.574358714452723,17.53380546829595,131.5569904585794,22.800137414883906,0.8773096322688495,-43.104987517988256,-2469.733860744821,6.678959518370309,7
hough,1203,40.12530878402262,1039.0,409.0,24.0,4.159439160547688,1242.5,15.787528469612466,16.667255643181846,132.46455415950814,22.957427248147845,0.8124977677612296,-43.169799382495874,-2473.447307043481,6.689274646977698,7
hough,1204,40.15866315541416,1038.0,409.0,19.0,3.2928893354335864,1260.0,15.614218504589646,16.667255643181846,131.778866881318,22.838590809948123,0.8180070790041102,-43.16429007125299,-2473.13164676124,6.688397812860362,7
hough,1205,40.1920175268057,1041.0,412.0,21.0,3.639509265479227,1241.5,16.134148399658105,16.147325748113385,131.70882110183615,22.826451178356123,0.7858063649455886,-43.19649078531152,-2474.976611774101,6.693522715673865,7
hough,1206,40.225371898197245,1045.0,417.0,20.0,3.466199300456407,1237.0,16.827388259749387,15.280775922999284,131.15359266804168,22.73022455791553,0.7372665473273453,-43.24503060292976,-2477.757738461961,6.7012480675845865,7
hough,1207,40.258726269588784,1048.0,420.0,20.0,3.466199300456407,1229.0,17.34731815481785,14.760846027930823,131.42605780151035,22.777445480666923,0.7050167636276169,-43.277280386629485,-2479.6055149581653,6.706380780074043,7
hough,1208,40.29208064098032,1051.0,424.0,21.0,3.639509265479227,1279.5,17.86724804988631,14.067606167839541,131.21361228841545,22.74062655622319,0.6669738622058299,-43.315323288051275,-2481.7852126500657,6.712435495884877,7
hough,1209,40.32543501237186,1054.0,426.0,19.0,3.2928893354335864,1245.0,18.38717794495477,13.720986237793902,132.37785414588288,22.942401271818973,0.6410812299731193,-43.341215920283986,-2483.2687511974846,6.716556436294375,7
hough,1210,40.3587893837634,1057.0,431.0,21.0,3.639509265479227,1264.5,18.907107840023233,12.8544364126798,131.91951800175218,22.86296705071099,0.5970899643814542,-43.38520718587565,-2485.789265051326,6.723557863666156,7
hough,1211,40.39214375515494,1059.0,435.0,20.0,3.466199300456407,1267.0,19.253727770068874,12.161196552588518,131.3992932180008,22.77280691163503,0.5633514370189215,-43.41894571323818,-2487.7223402761856,6.728927517068544,7
hough,1212,40.42549812654648,1062.0,439.0,20.0,3.466199300456407,1236.0,19.773657665137332,11.467956692497237,131.8938119803913,22.858511941048057,0.5255548531095037,-43.4567422971476,-2489.8879250142077,6.734943030229716,7
hough,1213,40.458852497938025,1064.0,443.0,20.0,3.466199300456407,1245.0,20.120277595182973,10.774716832405955,131.69279656493873,22.823673966426927,0.4916545630319469,-43.49064258722515,-2491.8302685599206,6.740338428967807,7
hough,1214,40.492206869329564,1066.0,447.0,20.0,3.466199300456407,1271.5,20.466897525228614,10.081476972314674,131.6434870985643,22.815128144534278,0.4576897855429786,-43.52460736471412,-2493.776306962139,6.745744091196193,7
hough,1215,40.5255612407211,1067.0,452.0,20.0,3.466199300456407,1273.0,20.640207490251434,9.214927147200573,130.4242843672511,22.60382816181466,0.4199021274819619,-43.56239502277514,-2495.9413802867193,6.751758183764471,7
hough,1216,40.55891561211264,1070.0,455.0,20.0,3.466199300456407,1246.5,21.160137385319896,8.694997252132111,132.00014300075938,22.87694016646889,0.3898794697906141,-43.59241768046649,-2497.6615518621993,6.756536438140804,7
hough,1217,40.59226998350418,1071.0,459.0,20.0,3.466199300456407,1234.0,21.333447350342716,8.00175739204083,131.46811183113311,22.784733863069913,0.35884113251123295,-43.62345601774587,-2499.439917591412,6.761476342944173,7
hough,1218,40.62562435489572,1072.0,464.0,19.0,3.2928893354335864,1247.5,21.506757315365537,7.135207566926728,130.7453658287093,22.65947477866946,0.32033915434576554,-43.66195799591134,-2501.645918443198,6.767604123088022,7
hough,1219,40.658978726287266,1074.0,468.0,20.0,3.466199300456407,1264.0,21.853377245411178,6.441967706835447,131.458608368028,22.78308681821157,0.2866621779626696,-43.695634972294435,-2503.5754670567107,6.772963980347781,7
hough,1220,40.692333097678805,1076.0,471.0,19.0,3.2928893354335864,1256.5,22.19999717545682,5.922037811766986,132.5734557195247,22.976300973705246,0.26068812063440344,-43.7216090296227,-2505.0636709184514,6.777097879963727,7
hough,1221,40.725687469070344,1076.0,475.0,19.0,3.2928893354335864,1269.5,22.19999717545682,5.228797951675705,131.59923816453514,22.80745936332539,0.23131555564552364,-43.75098159461158,-2506.746594925788,6.781772668872995,7
hough,1222,40.75904184046188,1078.0,481.0,21.0,3.639509265479227,1281.0,22.54661710550246,4.188938161538783,132.32042047959263,22.932447445123078,0.18369560816522265,-43.79860154209188,-2509.4750169370436,6.789351618904261,7
hough,1223,40.79239621185342,1078.0,485.0,21.0,3.639509265479227,1294.0,22.54661710550246,3.495698301447501,131.64851689238833,22.815999857925995,0.15381842724712502,-43.82847872300998,-2511.1868533074,6.794106719933028,7
hough,1224,40.82575058324496,1079.0,488.0,21.0,3.639509265479227,1258.5,22.71992707052528,2.97576840637904,132.21383851613467,22.913975728764118,0.13023480386945607,-43.85206234638765,-2512.538095392566,6.7978601701696,7
hough,1225,40.8591049546365,1079.0,495.0,19.0,3.2928893354335864,1264.5,22.71992707052528,1.7625986512192977,131.48808372735434,22.78819519170545,0.07742433570608195,-43.90487281455102,-2515.563912332437,6.806265217224799,7
hough,1226,40.892459326028046,1079.0,497.0,21.0,3.639509265479227,1288.0,22.71992707052528,1.415978721173657,131.3485261597037,22.764008474537253,0.06224270311605555,-43.92005444714105,-2516.433755805964,6.808681449095706,7
hough,1227,40.925813697419585,1080.0,501.0,20.0,3.466199300456407,1280.0,22.8932370355481,0.7227388610823757,132.15998638222072,22.904642617319087,0.03155949044594189,-43.95073765981116,-2518.191774393864,6.8135648340620945,7
hough,1228,40.959168068811124,1078.0,506.0,21.0,3.639509265479227,1270.0,22.54661710550246,-0.14381096403172597,130.0968224105765,22.54707574155708,-0.006378296715152221,-43.98867544697226,-2520.3654494822604,6.819602820418751,7
hough,1229,40.99252244020266,1079.0,512.0,20.0,3.466199300456407,1276.0,22.71992707052528,-1.183670754168648,131.27196593174835,22.75073982410817,-0.0520512926683691,-44.03434844292547,-2522.9823193880975,6.826871903490521,7
hough,1230,41.0258768115942,1080.0,515.0,20.0,3.466199300456407,1284.5,22.8932370355481,-1.703600649237109,132.459413160376,22.956536261768072,-0.07427811265159719,-44.0565752629087,-2524.255822365134,6.830409411760067,7
hough,1231,41.05923118298574,1079.0,520.0,21.0,3.639509265479227,1289.5,22.71992707052528,-2.5701504743512107,131.93030617611947,22.864836748833245,-0.11264431444786674,-44.094941464704974,-2526.4540438040076,6.836515582423605,7
hough,1232,41.09258555437728,1077.0,524.0,21.0,3.639509265479227,1275.5,22.37330714047964,-3.263390334442492,130.46021350391706,22.61005503923354,-0.1448394740614595,-44.12713662431856,-2528.298690570616,6.84163960121974,7
hough,1233,41.125939925768826,1077.0,529.0,21.0,3.639509265479227,1278.0,22.37330714047964,-4.129940159556594,131.27515078099967,22.751291790220517,-0.1825375265095215,-44.164834676766624,-2530.4586298717527,6.8476394326117855,7
hough,1234,41.159294297160365,1076.0,533.0,20.0,3.466199300456407,1265.0,22.19999717545682,-4.823180019647875,131.08247474201244,22.717899112642908,-0.21393567244456407,-44.19623282270167,-2532.2576111183666,6.852636602741269,7
hough,1235,41.192648668551904,1076.0,538.0,22.0,3.8128192305020474,1278.0,22.19999717545682,-5.689729844761977,132.23431131736157,22.91752386922867,-0.25089375837303546,-44.23319090863014,-2534.37515346095,6.858518664804,7
hough,1236,41.22600303994344,1073.0,543.0,20.0,3.466199300456407,1272.0,21.680067280388357,-6.556279669876078,130.68911943311912,22.649726717817064,-0.2936667791934337,-44.27596392945054,-2536.825867030984,6.86532620249854,7
hough,1237,41.25935741133498,1071.0,546.0,21.0,3.639509265479227,1287.0,21.333447350342716,-7.07620956494454,129.6890433959236,22.476403574790545,-0.3202758264147883,-44.30257297667189,-2538.3504531336316,6.869561163894783,7
hough,1238,41.29271178272652,1071.0,551.0,21.0,3.639509265479227,1257.0,21.333447350342716,-7.942759390058641,131.3489470153314,22.764081413011365,-0.3564144962643001,-44.3387116465214,-2540.4210463932254,6.875312811838099,7
hough,1239,41.32606615411806,1069.0,556.0,20.0,3.466199300456407,1262.5,20.986827420297075,-8.809309215172743,131.3296123607187,22.76073052469671,-0.3974190412175094,-44.379716191474614,-2542.770433759899,6.881838887856636,7
hough,1240,41.359420525509606,1067.0,560.0,21.0,3.639509265479227,1260.5,20.640207490251434,-9.502549075264024,131.10960568386906,22.722601175227116,-0.4314607393229829,-44.41375788958009,-2544.720879388801,6.887256792381365,7
hough,1241,41.392774896901145,1065.0,564.0,20.0,3.466199300456407,1269.5,20.293587560205793,-10.195788935355306,131.04194108125316,22.71087422531447,-0.4655771968204755,-44.44787434707758,-2546.675608415345,6.892686595232875,7
hough,1242,41.426129268292684,1062.0,568.0,20.0,3.466199300456407,1266.5,19.773657665137332,-10.889028795446587,130.25000418407856,22.57362366936486,-0.5033678887961421,-44.485665039053245,-2548.8408555704295,6.898701170663666,7
hough,1243,41.45948363968422,1063.0,571.0,20.0,3.466199300456407,1270.5,19.946967630160152,-11.408958690515048,132.59046227069865,22.979248378494365,-0.5195500786606208,-44.501847228917725,-2549.7680267529436,6.90127664617065,7
hough,1244,41.49283801107576,1058.0,574.0,21.0,3.639509265479227,1268.5,19.080417805046054,-11.92888858558351,129.8393918171363,22.502460454412155,-0.5587360149619918,-44.5410331652191,-2552.0132155192805,6.9075132816326965,7
hough,1245,41.5261923824673,1056.0,579.0,20.0,3.466199300456407,1246.5,18.733797875000413,-12.79543841069761,130.9014471586321,22.686525228499093,-0.599234482098419,-44.58153163235552,-2554.333606762947,6.913958812865103,7
hough,1246,41.55954675385884,1055.0,582.0,21.0,3.639509265479227,1282.5,18.560487909977592,-13.315368305766071,131.80280444331584,22.842739427980696,-0.6223112543631901,-44.60460840462029,-2555.655808418503,6.917631595241648,7
hough,1247,41.592901125250386,1049.0,586.0,20.0,3.466199300456407,1264.0,17.52062811984067,-14.008608165857353,129.43526362731842,22.432421011970085,-0.6744661419175758,-44.65676329217468,-2558.644063356349,6.92593230340233,7
hough,1248,41.626255496641924,1048.0,589.0,20.0,3.466199300456407,1275.5,17.34731815481785,-14.528538060925815,130.56139498784557,22.62759079867415,-0.6971976496981788,-44.67949479995528,-2559.946482814146,6.929550135229545,7
hough,1249,41.65960986803346,1044.0,593.0,20.0,3.466199300456407,1249.0,16.654078294726567,-15.221777921017095,130.1851096578597,22.562376801295695,-0.740494661078751,-44.72279181133585,-2562.4272188317827,6.936441068611869,7
hough,1250,41.692964239425,1040.0,597.0,21.0,3.639509265479227,1282.0,15.960838434635287,-15.915017781108377,130.05401836193175,22.539657373383626,-0.7839606923015603,-44.766257842558666,-2564.9176389730337,6.943358902337566,7
hough,1251,41.72631861081654,1037.0,600.0,20.0,3.466199300456407,1272.0,15.440908539566825,-16.434947676176836,130.11710640295618,22.550591159566928,-0.8165727642658454,-44.798869914522946,-2566.786173057764,6.94854927479515,7
hough,1252,41.75967298220808,1033.0,603.0,20.0,3.466199300456407,1267.5,14.747668679475543,-16.954877571245298,129.65988860521836,22.471350759033175,-0.8549084445906368,-44.83720559484774,-2568.9826457451372,6.954650587815632,7
hough,1253,41.79302735359962,1030.0,605.0,22.0,3.8128192305020474,1283.0,14.227738784407082,-17.30149750129094,129.2495292784189,22.40023139845877,-0.8825802212681901,-44.864877371525296,-2570.5681217603897,6.959054687858,7
hough,1254,41.826381724991165,1027.0,609.0,21.0,3.639509265479227,1295.5,13.707808889338622,-17.99473736138222,130.5239981241102,22.621109549528207,-0.9198063599624086,-44.90210351021951,-2572.701022395137,6.964979411843409,7
hough,1255,41.859736096382704,1022.0,611.0,21.0,3.639509265479227,1273.0,12.84125906422452,-18.34135729142786,129.18936290411716,22.38980396623299,-0.959985878686016,-44.94228302894312,-2575.003139240867,6.971374180859325,7
hough,1256,41.89309046777424,1017.0,613.0,22.0,3.8128192305020474,1276.5,11.974709239110418,-18.687977221473503,128.06743883142445,22.195363344436355,-1.0009365384682858,-44.98323368872539,-2577.3494392146667,6.977891680786547,7
hough,1257,41.92644483916578,1013.0,616.0,21.0,3.639509265479227,1271.0,11.281469379019137,-19.207907116541964,128.5320746867491,22.275889368271017,-1.0397416399178467,-45.02203879017495,-2579.5728077513036,6.984067704499427,7
hough,1258,41.95979921055732,1011.0,618.0,20.0,3.466199300456407,1271.5,10.934849448973496,-19.554527046587605,129.27272210721182,22.404250946805654,-1.0609188651109103,-45.04321601536802,-2580.7861733766645,6.987438164569874,7
hough,1259,41.99315358194886,1005.0,622.0,20.0,3.466199300456407,1259.0,9.894989658836574,-20.247766906678887,130.03439888029195,22.536257121706864,-1.1162332631374337,-45.098530413394535,-2583.9554549298905,6.996241724439947,7
hough,1260,42.026507953340406,1001.0,624.0,20.0,3.466199300456407,1259.5,9.201749798745293,-20.594386836724524,130.15187530566345,22.556616956879008,-1.1505995124514317,-45.13289666270853,-2585.924495973277,7.0017112828937975,8
hough,1261,42.059862324731945,997.0,624.0,21.0,3.639509265479227,1287.5,8.508509938654012,-20.594386836724524,128.571992428244,22.28280751065329,-1.1790079230004729,-45.16130507325758,-2587.5521780004124,7.006232621858063,8
hough,1262,42.093216696123484,994.0,629.0,19.0,3.2928893354335864,1280.5,7.98858004358555,-21.460936661838627,132.13057967630206,22.899546142144885,-1.2144491723548352,-45.196746322611936,-2589.582812009088,7.011873271882161,8
hough,1263,42.12657106751502,991.0,628.0,21.0,3.639509265479227,1260.0,7.4686501485170895,-21.287626696815806,130.17014038603048,22.559782477318556,-1.2333692246978416,-45.21566637495494,-2590.6668511565085,7.014884491736107,8
hough,1264,42.15992543890656,986.0,629.0,20.0,3.466199300456407,1253.0,6.602100323402988,-21.460936661838627,129.55687271762363,22.453497079157337,-1.272351234147769,-45.254648384404874,-2592.900355774929,7.02108867123172,8
hough,1265,42.1932798102981,982.0,629.0,19.0,3.2928893354335864,1269.0,5.908860463311706,-21.460936661838627,128.4376496972675,22.25952457664668,-1.3021224437037981,-45.284419593960905,-2594.6061204334887,7.025826906394386,8
hough,1266,42.22663418168964,975.0,632.0,21.0,3.639509265479227,1293.0,4.695690708151964,-21.98086655690709,129.69151914345827,22.476832646509187,-1.360333564175846,-45.34263071443295,-2597.941371957265,7.035091493960431,8
hough,1267,42.259988553081186,972.0,633.0,21.0,3.639509265479227,1286.0,4.175760813083503,-22.15417652192991,130.0806852007473,22.544279002286018,-1.3844956548581973,-45.3667928051153,-2599.3257577775757,7.038937010127961,8
hough,1268,42.293342924472725,967.0,632.0,20.0,3.466199300456407,1264.0,3.309210987969401,-21.98086655690709,128.2590477140421,22.228571073180884,-1.4213689022149192,-45.403666052472026,-2601.438439228058,7.044805569712635,8
hough,1269,42.326697295864264,962.0,634.0,20.0,3.466199300456407,1295.0,2.4426611628552997,-22.32748648695273,129.59845956562097,22.460704494329168,-1.4618281543833351,-45.44412530464044,-2603.7565836195636,7.051244859689039,8
hough,1270,42.3600516672558,957.0,633.0,22.0,3.8128192305020474,1286.5,1.576111337741198,-22.15417652192991,128.15287503602448,22.210170290067268,-1.4997731352218184,-45.48207028547892,-2605.9306708753134,7.05728399095501,8
hough,1271,42.39340603864734,954.0,634.0,21.0,3.639509265479227,1276.0,1.056181442672737,-22.32748648695273,128.97384969270638,22.35245337910143,-1.5235274727002373,-45.50582462295734,-2607.2916941579565,7.061064611184574,8
hough,1272,42.42676041003888,950.0,635.0,21.0,3.639509265479227,1254.0,0.3629415825814556,-22.50079645197555,129.84667911410594,22.503723415595076,-1.5546675594740436,-45.536964709731144,-2609.0758897037663,7.066020709922935,8
hough,1273,42.46011478143042,945.0,635.0,21.0,3.639509265479227,1264.0,-0.5036082425326461,-22.50079645197555,129.86230521670223,22.506431574889483,-1.5931743868588144,-45.57547153711592,-2611.2821683953525,7.072149261844007,8
hough,1274,42.493469152821966,941.0,633.0,20.0,3.466199300456407,1279.0,-1.1968481026239275,-22.15417652192991,128.01619329424213,22.18648198217971,-1.6247674497221234,-45.607064599979225,-2613.0923175593116,7.077177453966116,8
hough,1275,42.526823524213505,935.0,633.0,21.0,3.639509265479227,1281.0,-2.2367078927608497,-22.15417652192991,128.47963119743906,22.26680038897302,-1.6714163770611932,-45.653713527318295,-2615.765104214653,7.0846018613420645,8
hough,1276,42.560177895605044,931.0,634.0,21.0,3.639509265479227,1258.5,-2.9299477528521307,-22.32748648695273,129.9342980318697,22.51890864716805,-1.7012768107872767,-45.68357396104438,-2617.4759810415876,7.089354296972439,8
hough,1277,42.59353226699658,928.0,633.0,21.0,3.639509265479227,1269.5,-3.4498776479205917,-22.15417652192991,129.37038752186692,22.421177336403467,-1.725276948369222,-45.707574098626324,-2618.8510876327664,7.09317403750349,8
hough,1278,42.62688663838812,923.0,632.0,20.0,3.466199300456407,1281.0,-4.316427473034693,-21.98086655690709,129.2520631393365,22.400670541805777,-1.7647010363721085,-45.74699818662921,-2621.1099214864844,7.099448575986041,8
hough,1279,42.66024100977966,918.0,633.0,20.0,3.466199300456407,1294.0,-5.182977298148796,-22.15417652192991,131.28142917422358,22.752379898330553,-1.8006133359082466,-45.78291048616535,-2623.1675446825143,7.1051641959750125,8
hough,1280,42.6935953811712,915.0,629.0,20.0,3.466199300456407,1284.0,-5.702907193217256,-21.460936661838627,128.1273205272709,22.20574143904901,-1.8305280590822657,-45.81282520933937,-2624.881532065688,7.109925272039384,8
hough,1281,42.726949752562746,909.0,628.0,21.0,3.639509265479227,1302.0,-6.742766983354178,-21.287626696815806,128.8441716631447,22.329978884333865,-1.8775445929074255,-45.85984174316453,-2627.5753810212036,7.117408185804705,8
hough,1282,42.760304123954285,906.0,626.0,21.0,3.639509265479227,1287.0,-7.26269687842264,-20.941006766770165,127.89032939619736,22.164668514411936,-1.9046326906629416,-45.88692984092005,-2629.1274146976325,7.121719390461452,8
hough,1283,42.793658495345824,902.0,625.0,19.0,3.2928893354335864,1252.0,-7.955936738513921,-20.767696801747345,128.32195199356192,22.23947301166425,-1.9366423374314452,-45.91893948768855,-2630.9614323611722,7.126813883971285,8
hough,1284,42.82701286673736,897.0,624.0,21.0,3.639509265479227,1297.0,-8.822486563628022,-20.594386836724524,129.27459929025125,22.40457628133256,-1.9755371733790388,-45.95783432363614,-2633.1899423058235,7.133004189373094,8
hough,1285,42.8603672381289,895.0,624.0,20.0,3.466199300456407,1266.0,-9.169106493673663,-20.594386836724524,130.0751525747664,22.543320143070783,-1.989671080810729,-45.971968231067834,-2633.999755549688,7.13525367060605,8
hough,1286,42.89372160952044,891.0,622.0,20.0,3.466199300456407,1252.5,-9.862346353764945,-20.247766906678887,129.951809324463,22.5219435286749,-2.0240571723600063,-46.00635432261711,-2635.969933469412,7.140726387049728,8
hough,1287,42.92707598091198,888.0,619.0,20.0,3.466199300456407,1239.0,-10.382276248833405,-19.727837011610426,128.63097973346174,22.293030598457367,-2.0552426641978614,-46.037539814454966,-2637.7567305337607,7.145689712228474,8
hough,1288,42.960430352303526,885.0,616.0,22.0,3.8128192305020474,1303.5,-10.902206143901866,-19.207907116541964,127.4377697061546,22.086235410359887,-2.087043575984983,-46.06934072624209,-2639.5787885638306,7.150750984534224,8
hough,1289,42.993784723695065,877.0,614.0,19.0,3.2928893354335864,1312.0,-12.28868586408443,-18.861287186496323,129.89056612556277,22.511329472015618,-2.1482460475072283,-46.13054319776433,-2643.0854318778247,7.16049166040643,8
hough,1290,43.0271390950866,876.0,612.0,21.0,3.639509265479227,1286.5,-12.46199582910725,-18.514667256450682,128.77519813314763,22.318025084262572,-2.1632311352951366,-46.14552828555224,-2643.9440141637047,7.1628766112005415,8
hough,1291,43.06049346647814,872.0,609.0,20.0,3.466199300456407,1260.5,-13.15523568919853,-17.99473736138222,128.61694873758648,22.29059888705299,-2.202065343205427,-46.18436249346253,-2646.169050377698,7.1690572673505235,8
hough,1292,43.09384783786968,869.0,607.0,20.0,3.466199300456407,1270.5,-13.675165584266992,-17.64811743133658,128.82327151595285,22.326356680555076,-2.2300311491772935,-46.2123282994344,-2647.7713730305677,7.173508163608494,8
hough,1293,43.12720220926122,865.0,605.0,21.0,3.639509265479227,1279.5,-14.368405444358274,-17.30149750129094,129.76657009193758,22.489839723765066,-2.263843439625452,-46.24614058988256,-2649.708674568918,7.178889556770579,8
hough,1294,43.16055658065276,862.0,601.0,20.0,3.466199300456407,1230.0,-14.888335339426733,-16.608257641199657,128.69793833973054,22.30463519216779,-2.3016420559143977,-46.2839392061715,-2651.874375753709,7.184905393394998,8
hough,1295,43.193910952044305,858.0,599.0,20.0,3.466199300456407,1261.5,-15.581575199518015,-16.261637711154016,129.95032420986843,22.52168614351646,-2.334841144072871,-46.31713829432997,-2653.776543388872,7.190189192381562,8
hough,1296,43.227265323435844,854.0,596.0,21.0,3.639509265479227,1286.0,-16.274815059609296,-15.741707816085556,130.64591310326333,22.64223863030099,-2.3728439553681904,-46.35514110562529,-2655.953944085726,7.1962375276506005,8
hough,1297,43.26061969482738,852.0,592.0,20.0,3.466199300456407,1256.5,-16.621434989654936,-15.048467955994274,129.37287034850044,22.42160763500048,-2.4058212766658125,-46.388118426922915,-2657.8434054157265,7.201486031345047,8
hough,1298,43.29397406621892,849.0,586.0,19.0,3.2928893354335864,1220.5,-17.141364884723398,-14.008608165857353,127.73338263604629,22.137468076899708,-2.456427592085365,-46.438724742342465,-2660.742933705975,7.209540276595736,8
hough,1299,43.32732843761046,846.0,585.0,20.0,3.466199300456407,1259.5,-17.66129477979186,-13.835298200834533,129.45111974088866,22.43516903445834,-2.4770755943951035,-46.45937274465221,-2661.925977093699,7.212826508228304,8
hough,1300,43.360682809002,843.0,580.0,20.0,3.466199300456407,1238.5,-18.18122467486032,-12.96874837572043,128.85933974929375,22.33260766481382,-2.5219932286242766,-46.50429037888138,-2664.499567960743,7.2199753717478705,8
hough,1301,43.394037180393546,840.0,577.0,20.0,3.466199300456407,1226.0,-18.701154569928782,-12.44881848065197,129.62710226303975,22.465668559216972,-2.554279592389017,-46.53657674264612,-2666.349440340287,7.225113906135492,8
hough,1302,43.427391551785085,838.0,573.0,20.0,3.466199300456407,1229.0,-19.047774499974423,-11.755578620560689,129.15173484215006,22.383282648129594,-2.588648908896998,-46.5709460591541,-2668.3186571209435,7.230583952748427,8
hough,1303,43.460745923176624,835.0,569.0,20.0,3.466199300456407,1199.0,-19.567704395042885,-11.062338760469407,129.69952672314722,22.478220439864995,-2.62705102687391,-46.60934817713101,-2670.518936405384,7.23669583964965,8
hough,1304,43.49410029456816,833.0,566.0,21.0,3.639509265479227,1265.5,-19.914324325088526,-10.542408865400946,130.01389073806752,22.532702856295266,-2.6547118060674455,-46.63700895632455,-2672.103782311217,7.241098189388075,8
hough,1305,43.5274546659597,832.0,561.0,19.0,3.2928893354335864,1247.0,-20.087634290111346,-9.675859040286845,128.65117771559827,22.29653111003498,-2.6927062504735133,-46.67500340073062,-2674.280703620629,7.2471451930253314,8
hough,1306,43.56080903735124,830.0,558.0,20.0,3.466199300456407,1235.0,-20.434254220156983,-9.155929145218384,129.20050340556818,22.391734726149803,-2.7203467970452113,-46.70264394730231,-2675.864390282622,7.251544322641978,8
hough,1307,43.59416340874278,828.0,554.0,20.0,3.466199300456407,1216.0,-20.780874150202624,-8.462689285127102,129.46719681786854,22.437955352107394,-2.754865222207748,-46.73716237246485,-2677.842150359874,7.257038100634345,8
hough,1308,43.627517780134326,825.0,548.0,20.0,3.466199300456407,1253.0,-21.300804045271086,-7.4228294949901805,130.15464843528798,22.55709756787724,-2.806275722823248,-46.788572873080355,-2680.7877550677968,7.2652203359341305,8
hough,1309,43.660872151525865,824.0,547.0,19.0,3.2928893354335864,1268.5,-21.474114010293906,-7.24951952996736,130.7760856431441,22.664798828634662,-2.816012936223427,-46.798310086480534,-2681.3456562998454,7.26677006157871,8
hough,1310,43.694226522917404,821.0,541.0,20.0,3.466199300456407,1249.5,-21.994043905362368,-6.209659739830438,131.86683447167323,22.853836469955727,-2.8664212272931473,-46.84871837755025,-2684.233838630607,7.27479279027527,8
hough,1311,43.72758089430894,821.0,535.0,20.0,3.466199300456407,1249.5,-21.994043905362368,-5.169799949693516,130.36450647118556,22.593468056738406,-2.910729004847375,-46.89302615510448,-2686.7724872840686,7.281844592090441,8
hough,1312,43.76093526570048,820.0,531.0,20.0,3.466199300456407,1202.5,-22.16735387038519,-4.476560089602234,130.4878456840076,22.614843971398535,-2.9423287379480967,-46.9246258882052,-2688.58301862448,7.286873845813806,8
hough,1313,43.79428963709202,819.0,526.0,21.0,3.639509265479227,1257.5,-22.34066383540801,-3.6100102644881327,130.5779139594965,22.630453701073183,-2.981388233049528,-46.96368538330663,-2690.820962843704,7.293090357533872,8
hough,1314,43.82764400848356,818.0,521.0,21.0,3.639509265479227,1234.0,-22.51397380043083,-2.743460439374031,130.8667465660164,22.680511270006594,-3.020334581184513,-47.00263173144162,-2693.0524242192855,7.299288861354933,8
hough,1315,43.860998379875106,819.0,517.0,20.0,3.466199300456407,1236.5,-22.34066383540801,-2.0502205792827497,129.44750049675673,22.43454178338443,-3.0500781876879146,-47.03237533794502,-2694.7566073394287,7.30402270335533,8
hough,1316,43.894352751266645,819.0,512.0,20.0,3.466199300456407,1213.0,-22.34066383540801,-1.183670754168648,129.0866278116028,22.371998950942707,-3.088659355195242,-47.070956505452344,-2696.9671454062855,7.310163086874377,8
hough,1317,43.927707122658184,818.0,507.0,20.0,3.466199300456407,1255.0,-22.51397380043083,-0.3171209290545463,129.91871005567884,22.516207095559636,-3.1275080694149793,-47.10980521967208,-2699.1930127705864,7.316346051775213,8
hough,1318,43.96106149404972,817.0,505.0,20.0,3.466199300456407,1232.0,-22.68728376545365,0.029499000991094367,130.90593458030764,22.687302943392726,3.1402924104812717,-47.12519004695542,-2700.074498442459,7.31879462308597,8
hough,1319,43.99441586544126,818.0,498.0,21.0,3.639509265479227,1252.0,-22.51397380043083,1.2426687561508367,130.10355488369913,22.548242546238484,3.0864531600703544,-47.179029297366334,-2703.1592602631526,7.32736340592123,8
hough,1320,44.0277702368328,817.0,494.0,19.0,3.2928893354335864,1238.0,-22.68728376545365,1.9359086162421182,131.38153720045034,22.769729616854416,3.056468737527087,-47.209013719909606,-2704.8772411260193,7.332135574984749,8
hough,1321,44.06112460822434,820.0,489.0,20.0,3.466199300456407,1241.0,-22.16735387038519,2.8024584413562197,128.9239134859245,22.34379893685069,3.0158370168232356,-47.249645440613456,-2707.205267236704,7.338602314181095,8
hough,1322,44.094478979615886,819.0,485.0,20.0,3.466199300456407,1234.0,-22.34066383540801,3.495698301447501,130.47432234851325,22.61250024259702,2.9863787750366613,-47.27910368240003,-2708.8931001629503,7.343290738976224,8
hough,1323,44.127833351007425,820.0,482.0,19.0,3.2928893354335864,1242.0,-22.16735387038519,4.015628196515962,129.98753171518,22.528134574960596,2.9623855037692817,-47.303096953667406,-2710.2678133432837,7.347109386699372,8
hough,1324,44.161187722398964,823.0,476.0,21.0,3.639509265479227,1247.0,-21.647423975316727,5.055487986652884,128.26677657039818,22.22991056100562,2.912166985480088,-47.353315471956606,-2713.1451224946554,7.355101912119849,8
hough,1325,44.1945420937905,822.0,473.0,21.0,3.639509265479227,1285.0,-21.820733940339547,5.575417881721346,129.95075558285671,22.52176090475397,2.891434776451424,-47.374047680985264,-2714.3329905719806,7.3584015456679746,8
hough,1326,44.22789646518204,823.0,467.0,20.0,3.466199300456407,1242.5,-21.647423975316727,6.6152776718582675,130.6079237359074,22.635654694373297,2.8450135934003606,-47.42046886403633,-2716.992728440811,7.365789706414725,8
hough,1327,44.26125083657358,825.0,463.0,20.0,3.466199300456407,1244.0,-21.300804045271086,7.308517531949549,129.93909389726255,22.51973981843154,2.8110691127228824,-47.45441334471381,-2718.937603921394,7.371192138305234,8
hough,1328,44.29460520796512,827.0,458.0,19.0,3.2928893354335864,1245.5,-20.954184115225445,8.17506735706365,129.7815353664045,22.492433354959488,2.76961498682713,-47.49586747060956,-2721.3127503786245,7.3777897673530966,8
hough,1329,44.327959579356666,827.0,457.0,19.0,3.2928893354335864,1254.0,-20.954184115225445,8.34837732208647,130.14832822992383,22.55600221330664,2.76245685935449,-47.5030255980822,-2721.7228808720233,7.378929018723649,8
hough,1330,44.361313950748205,829.0,450.0,21.0,3.639509265479227,1251.5,-20.607564185179804,9.561547077246214,131.08145169408618,22.71772180824259,2.707171993935781,-47.55831046350091,-2724.8904703314643,7.387727878333207,8
hough,1331,44.394668322139744,831.0,448.0,19.0,3.2928893354335864,1235.0,-20.260944255134167,9.908167007291853,130.13609998959046,22.55388293740217,2.6867611903755138,-47.57872126706118,-2726.059923231938,7.3909763586123,8
hough,1332,44.42802269353128,833.0,445.0,20.0,3.466199300456407,1245.5,-19.914324325088526,10.428096902360315,129.7066015349836,22.479446575256905,2.659206082857842,-47.60627637457885,-2727.6387145967296,7.395361890181166,8
hough,1333,44.46137706492282,837.0,438.0,20.0,3.466199300456407,1235.0,-19.221084464997244,11.641266657520058,129.6608607994191,22.471519249976105,2.597028453584983,-47.66845400385171,-2731.2012303341935,7.405257767229677,8
hough,1334,44.49473143631436,837.0,435.0,20.0,3.466199300456407,1204.0,-19.221084464997244,12.161196552588518,131.2400856453332,22.745214652784643,2.5774748017924356,-47.688007655644256,-2732.321572055975,7.4083698275679595,8
hough,1335,44.5280858077059,841.0,431.0,20.0,3.466199300456407,1237.5,-18.52784460490596,12.8544364126798,130.11562229316536,22.55033394855099,2.5350465318696838,-47.73043592556701,-2734.7525328545908,7.4151224964530025,8
hough,1336,44.561440179097445,843.0,427.0,21.0,3.639509265479227,1267.5,-18.18122467486032,13.547676272771081,130.82741893416178,22.67369539950544,2.501205016134469,-47.76427744130222,-2736.691508878544,7.420508540963984,8
hough,1337,44.594794550488984,846.0,425.0,20.0,3.466199300456407,1247.0,-17.66129477979186,13.894296202816722,129.6613259202583,22.47159986005247,2.4750088021964047,-47.790473655240284,-2738.192441376417,7.424677797902519,8
hough,1338,44.62814892188052,849.0,421.0,20.0,3.466199300456407,1225.0,-17.141364884723398,14.587536062908002,129.87296166558144,22.50827844367201,2.4365103884112886,-47.828972069025404,-2740.3982380042526,7.430805010757619,8
hough,1339,44.66150329327206,850.0,418.0,20.0,3.466199300456407,1254.5,-16.968054919700577,15.107465957976464,131.08850361832182,22.718943976985212,2.414136070097248,-47.85134638733944,-2741.680192013129,7.434365994115608,8
hough,1340,44.6948576646636,853.0,415.0,19.0,3.2928893354335864,1253.0,-16.448125024632116,15.627395853044925,130.9113520451845,22.688241844041045,2.381776307880443,-47.88370614955625,-2743.534269814199,7.439516210229693,8
hough,1341,44.72821203605514,857.0,411.0,20.0,3.466199300456407,1261.0,-15.754885164540836,16.320635713136205,130.88887339587544,22.68434607011553,2.338558240635278,-47.92692421680141,-2746.0104826660595,7.4463945792626385,8
hough,1342,44.761566407446686,860.0,408.0,20.0,3.466199300456407,1237.5,-15.234955269472374,16.840565608204667,131.03237574068845,22.70921645647577,2.3061790504918074,-47.95930340694488,-2747.8656736053317,7.451547887427283,8
hough,1343,44.794920778838225,863.0,407.0,20.0,3.466199300456407,1254.0,-14.715025374403915,17.013875573227487,129.79363993544155,22.49453119739591,2.2838679925985037,-47.98161446483819,-2749.14400305909,7.455098802576613,8
hough,1344,44.828275150229764,867.0,403.0,21.0,3.639509265479227,1242.5,-14.021785514312633,17.70711543331877,130.32461030915965,22.58655365429315,2.240562060221667,-48.02492039721502,-2751.6252502121615,7.461991155779588,8
hough,1345,44.8616295216213,871.0,402.0,21.0,3.639509265479227,1245.0,-13.328545654221351,17.88042539834159,128.6802155726728,22.301563660028904,2.211364062375295,-48.054118395061394,-2753.298172258991,7.466638161465226,8
hough,1346,44.89498389301284,873.0,400.0,19.0,3.2928893354335864,1186.5,-12.98192572417571,18.22704532838723,129.1187647946695,22.377568610353936,2.1896860837145558,-48.075796373722135,-2754.540228944626,7.470088318925323,8
hough,1347,44.92833826440438,877.0,398.0,19.0,3.2928893354335864,1196.5,-12.28868586408443,18.57366525843287,128.50326715176968,22.27089673539134,2.1552960973090505,-48.11018636012764,-2756.510630023174,7.475561655254623,8
hough,1348,44.96169263579592,881.0,393.0,20.0,3.466199300456407,1176.5,-11.595446003993148,19.440215083546974,130.60836562871862,22.635731278800954,2.108613954304988,-48.156868503131705,-2759.185319795933,7.482991349067842,8
hough,1349,44.995047007187466,883.0,391.0,20.0,3.466199300456407,1226.0,-11.248826073947507,19.78683501359261,131.3301287385217,22.760820018115687,2.0877323597552184,-48.17775009768147,-2760.381747033138,7.486314758060078,8
hough,1350,45.028401378579005,889.0,387.0,18.0,3.119579370410766,1199.0,-10.208966283810586,20.480074873683893,132.0382312185612,22.883541234163907,2.033229486918495,-48.232252970518196,-2763.5045316180203,7.494989159684751,8
hough,1351,45.061755749970544,893.0,386.0,19.0,3.2928893354335864,1207.5,-9.515726423719304,20.653384838706714,131.21047340407492,22.740082556287923,2.0025411011104093,-48.26294135632628,-2765.2628466048927,7.499873367981619,8
hough,1352,45.09511012136208,895.0,386.0,21.0,3.639509265479227,1205.5,-9.169106493673663,20.653384838706714,130.3862148972341,22.59723034329758,1.9886091620061415,-48.27687329543055,-2766.061087916001,7.502090704956919,8
hough,1353,45.12846449275362,900.0,384.0,21.0,3.639509265479227,1213.5,-8.30255666855956,21.000004768752355,130.29653730609556,22.581688323114026,1.9472961002483002,-48.31818635718839,-2768.4281519934884,7.50866588294994,8
hough,1354,45.16181886414516,903.0,384.0,20.0,3.466199300456407,1214.0,-7.7826267734911,21.000004768752355,129.22365375742228,22.395746912819902,1.9257049407125628,-48.339777516724126,-2769.66523430968,7.512102222717139,8
hough,1355,45.1951732355367,909.0,381.0,20.0,3.466199300456407,1213.5,-6.742766983354178,21.519934663820816,130.12265006633172,22.55155193167264,1.8744340355812605,-48.39104842185543,-2772.602840785519,7.5202622407055815,8
hough,1356,45.228527606928246,913.0,381.0,20.0,3.466199300456407,1214.5,-6.049527123262897,21.519934663820816,128.983167385894,22.35406822818187,1.8448365459009886,-48.4206459115357,-2774.2986520283807,7.524972827491308,8
hough,1357,45.261881978319785,917.0,379.0,21.0,3.639509265479227,1247.5,-5.356287263171615,21.866554593866457,129.9003145318573,22.51301896796955,1.8110196538000132,-48.45446280363667,-2776.2362172220155,7.530354953029183,8
hough,1358,45.295236349711324,924.0,379.0,21.0,3.639509265479227,1232.0,-4.143117508011874,21.866554593866457,128.41499203966566,22.255597778800208,1.7580494010292942,-48.50743305640739,-2779.2711891455187,7.538785430594469,8
hough,1359,45.32859072110286,928.0,378.0,20.0,3.466199300456407,1211.5,-3.4498776479205917,22.039864558889278,128.71870108163233,22.308233582240565,1.7260653941323654,-48.53941706330433,-2781.1037377526304,7.5438758433920015,8
hough,1360,45.3619450924944,932.0,377.0,21.0,3.639509265479227,1253.5,-2.7566377878293107,22.213174523912098,129.1533887892139,22.383569293637375,1.694264308290952,-48.571218149145736,-2782.9258057552765,7.548937143399352,8
hough,1361,45.39529946388594,935.0,376.0,21.0,3.639509265479227,1249.0,-2.2367078927608497,22.38648448893492,129.81334026663023,22.49794546110516,1.6703791525367948,-48.595103304899894,-2784.2943243730024,7.552738584004146,8
hough,1362,45.42865383527748,940.0,377.0,20.0,3.466199300456407,1239.5,-1.3701580676467477,22.213174523912098,128.41380242389408,22.255391606532445,1.6324005042357692,-48.63308195320092,-2786.470340632263,7.558783073613203,8
hough,1363,45.462008206669026,945.0,377.0,19.0,3.2928893354335864,1192.5,-0.5036082425326461,22.213174523912098,128.203145100768,22.218882593229665,1.5934640451553475,-48.67201841228134,-2788.7012354067547,7.564980003542347,8
hough,1364,45.495362578060565,950.0,376.0,20.0,3.466199300456407,1220.0,0.3629415825814556,22.38648448893492,129.18718432366632,22.389426396531253,1.554585215644056,-48.71089724179264,-2790.9288282501607,7.571167761440697,8
hough,1365,45.528716949452104,954.0,377.0,19.0,3.2928893354335864,1200.5,1.056181442672737,22.213174523912098,128.31500918874139,22.23826975440364,1.5232845858360513,-48.74219787160064,-2792.7222222342607,7.57614941139653,8
hough,1366,45.56207132084364,960.0,377.0,20.0,3.466199300456407,1221.5,2.096041232809659,22.213174523912098,128.7395498517281,22.31184688185663,1.4767146230977615,-48.78876783433893,-2795.390484551246,7.583561251165934,8
hough,1367,45.59542569223518,963.0,376.0,20.0,3.466199300456407,1221.5,2.61597112787812,22.38648448893492,130.04913368211137,22.53881080969481,1.4544689664693236,-48.81101349096737,-2796.665066788553,7.587101757380675,8
hough,1368,45.62878006362672,968.0,379.0,20.0,3.466199300456407,1252.0,3.4825209529922216,21.866554593866457,127.76031338128946,22.142135443415842,1.4128602919246347,-48.85262216551205,-2799.049068231097,7.593723983609964,8
hough,1369,45.66213443501826,971.0,378.0,22.0,3.8128192305020474,1254.0,4.002450848060683,22.039864558889278,129.2501572561031,22.40034023324926,1.3911535324385949,-48.874328924998096,-2800.2927739365527,7.597178721680675,8
hough,1370,45.695488806409806,978.0,379.0,19.0,3.2928893354335864,1209.5,5.215620603220425,21.866554593866457,129.7096033330479,22.479966816774432,1.3366507774005427,-48.92883168003615,-2803.4155517720683,7.605853104557107,8
hough,1371,45.728843177801345,981.0,380.0,21.0,3.639509265479227,1242.0,5.7355504982888865,21.693244628843637,129.47125485718192,22.438658650758857,1.3123174869755732,-48.95316497046112,-2804.8097466150853,7.609725868009932,8
hough,1372,45.762197549192884,989.0,383.0,20.0,3.466199300456407,1228.0,7.122030218471449,21.173314733775175,128.8964367023789,22.339036936455464,1.2463168644834897,-49.0191655929532,-2808.591303729118,7.620230193326689,8
hough,1373,45.79555192058442,992.0,387.0,19.0,3.2928893354335864,1235.5,7.64196011353991,20.480074873683893,126.12888160567758,21.85939205944743,1.2136562673486462,-49.05182619008804,-2810.4626181013214,7.625428288805032,8
hough,1374,45.82890629197596,996.0,386.0,20.0,3.466199300456407,1230.5,8.335199973631191,20.653384838706714,128.50909929921013,22.271907504660255,1.1872114332410797,-49.07827102419561,-2811.9777954856086,7.629637114872496,8
hough,1375,45.8622606633675,1001.0,388.0,20.0,3.466199300456407,1249.5,9.201749798745293,20.306764908661073,128.63844497464416,22.294324399145577,1.1453366000964151,-49.120145857340276,-2814.3770466926126,7.636301701558619,8
hough,1376,45.89561503475904,1004.0,390.0,20.0,3.466199300456407,1240.0,9.721679693813753,19.960144978615432,128.10438612314798,22.201766678272648,1.1175585973219748,-49.147923860114716,-2815.9686090148907,7.640722708009392,8
hough,1377,45.928969406150586,1009.0,390.0,19.0,3.2928893354335864,1254.0,10.588229518927855,19.960144978615432,130.37129862340967,22.594645204402795,1.083072006870648,-49.18241045056604,-2817.9445450975477,7.646211419350105,8
hough,1378,45.962323777542125,1013.0,396.0,19.0,3.2928893354335864,1230.0,11.281469379019137,18.920285188478513,127.10384100990294,22.028362239692395,1.0331290199318635,-49.23235343750483,-2820.806067465417,7.654160092594187,8
hough,1379,45.99567814893366,1018.0,398.0,20.0,3.466199300456407,1214.0,12.148019204133238,18.57366525843287,128.05720332051212,22.19358942839815,0.9915825368275214,-49.27389992060917,-2823.1865056009074,7.6607724207483265,8
hough,1380,46.0290325203252,1022.0,399.0,19.0,3.2928893354335864,1244.0,12.84125906422452,18.40035529341005,129.46837572125804,22.43815966781259,0.9614939002479553,-49.30398855718873,-2824.9104574882194,7.66556117599086,8
hough,1381,46.06238689171674,1026.0,403.0,20.0,3.466199300456407,1229.5,13.534498924315802,17.70711543331877,128.59802504153257,22.287319221951783,0.9181719718134606,-49.34731048562323,-2827.3926211478843,7.672456075045485,8
hough,1382,46.09574126310828,1030.0,406.0,21.0,3.639509265479227,1251.5,14.227738784407082,17.187185538250308,128.74076353761117,22.312057225714575,0.8793260814232462,-49.386156376013446,-2829.618326718671,7.678638590519893,8
hough,1383,46.129095634499826,1031.0,408.0,20.0,3.466199300456407,1239.5,14.401048749429902,16.840565608204667,127.85418143508205,22.158403712535396,0.8633255297627778,-49.402156927673914,-2830.535090798697,7.681185157408854,8
hough,1384,46.162450005891365,1036.0,411.0,21.0,3.639509265479227,1281.5,15.267598574544005,16.320635713136205,128.9519763875393,22.34866251734799,0.8187221948716543,-49.446760262565036,-2833.090673640167,7.688283998635159,8
hough,1385,46.195804377282904,1039.0,415.0,21.0,3.639509265479227,1258.5,15.787528469612466,15.627395853044925,128.1749413683547,22.2139946053516,0.7803008654367272,-49.48518159199996,-2835.29205366007,7.69439894313489,8
hough,1386,46.22915874867444,1042.0,417.0,20.0,3.466199300456407,1215.0,16.307458364680926,15.280775922999284,128.9484385840914,22.34804938075618,0.7529075487630097,-49.51257490867368,-2836.861575092339,7.698758724891192,8
hough,1387,46.26251312006598,1047.0,422.0,21.0,3.639509265479227,1252.0,17.17400818979503,14.414226097885182,129.37132402169902,22.421339641156614,0.6982520384376674,-49.567230418999024,-2839.993105161115,7.707457419526682,8
hough,1388,46.29586749145752,1048.0,424.0,20.0,3.466199300456407,1241.0,17.34731815481785,14.067606167839541,128.86988396563103,22.33443508257843,0.6813751922819279,-49.58410726515476,-2840.9600772173308,7.710143453016169,8
hough,1389,46.32922186284906,1050.0,428.0,20.0,3.466199300456407,1266.5,17.69393808486349,13.37436630774826,127.97836544389341,22.179926038758886,0.6472491100158456,-49.61823334742085,-2842.9153577024936,7.715574787697177,8
hough,1390,46.362576234240606,1053.0,432.0,20.0,3.466199300456407,1282.0,18.21386797993195,12.681126447656979,128.05727391374296,22.193601662908517,0.6081944276651912,-49.6572880297715,-2845.15302617141,7.721790533444167,8
hough,1391,46.395930605632145,1056.0,435.0,20.0,3.466199300456407,1254.5,18.733797875000413,12.161196552588518,128.8728412107483,22.33494760262627,0.5757831444781304,-49.68969931295856,-2847.010055906632,7.726948949375339,8
hough,1392,46.429284977023684,1059.0,440.0,21.0,3.639509265479227,1279.0,19.253727770068874,11.294646727474417,128.79857205449414,22.322076017753584,0.5305241325092812,-49.73495832492741,-2849.6032062773793,7.734152144849637,8
hough,1393,46.46263934841522,1061.0,445.0,20.0,3.466199300456407,1264.0,19.600347700114515,10.428096902360315,128.10443697495245,22.2017754913971,0.4889469986561917,-49.7765354587805,-2851.9854005714114,7.740769351221949,8
hough,1394,46.49599371980676,1064.0,447.0,21.0,3.639509265479227,1273.0,20.120277595182973,10.081476972314674,129.85234303301422,22.504705029182965,0.46449567370290856,-49.800986783733784,-2853.3863582947374,7.74466090045341,8
hough,1395,46.5293480911983,1065.0,452.0,20.0,3.466199300456407,1272.0,20.293587560205793,9.214927147200573,128.60061138425164,22.287767460917962,0.42624228110405193,-49.83924017633264,-2855.578116242709,7.750749116975553,8
hough,1396,46.56270246258984,1067.0,456.0,20.0,3.466199300456407,1292.5,20.640207490251434,8.521687287109291,128.84538127840997,22.330188522713183,0.3915502787814701,-49.87393217865522,-2857.565821558651,7.756270520630948,8
hough,1397,46.596056833981386,1068.0,460.0,20.0,3.466199300456407,1276.0,20.813517455274255,7.82844742701801,128.30806269678158,22.237065858125053,0.3597550566190792,-49.90572740081761,-2859.387553597237,7.761330887404798,8
hough,1398,46.629411205372925,1069.0,464.0,20.0,3.466199300456407,1240.5,20.986827420297075,7.135207566926728,127.90146844045078,22.166599021781884,0.32772510573492425,-49.93775735170176,-2861.22273460091,7.766428612415,8
hough,1399,46.662765576764464,1071.0,468.0,20.0,3.466199300456407,1272.5,21.333447350342716,6.441967706835447,128.5838273563171,22.284858621623687,0.29325914075336024,-49.972223316683326,-2863.197488931199,7.771914041110248,8
hough,1400,46.696119948156,1072.0,473.0,20.0,3.466199300456407,1242.5,21.506757315365537,5.575417881721346,128.19628276529264,22.217693282108453,0.2536563162182688,-50.01182614121842,-2865.4665636338573,7.77821702639541,8
hough,1401,46.72947431954754,1073.0,476.0,20.0,3.466199300456407,1283.5,21.680067280388357,5.055487986652884,128.45020050604805,22.261699756877448,0.2290921947246437,-50.03639026271205,-2866.8739841228885,7.78212652775383,8
hough,1402,46.76282869093908,1074.0,483.0,19.0,3.2928893354335864,1287.0,21.853377245411178,3.8423182314931417,128.0283540053464,22.188589554595843,0.17404373903348866,-50.091438718403204,-2870.028028302705,7.790887761586654,8
hough,1403,46.79618306233062,1075.0,485.0,21.0,3.639509265479227,1275.5,22.026687210433998,3.495698301447501,128.68475800772234,22.302350909288457,0.1573902467642898,-50.1080922106724,-2870.9822031238837,7.793538247201038,8
hough,1404,46.829537433722166,1076.0,487.0,19.0,3.2928893354335864,1270.0,22.19999717545682,3.1490783714018606,129.3764834028728,22.42223381332738,0.14091030308227687,-50.12457215435441,-2871.926434343476,7.796161111699907,8
hough,1405,46.862891805113705,1075.0,493.0,20.0,3.466199300456407,1294.5,22.026687210433998,2.109218581264938,127.67554030292794,22.12744342417013,0.09546633067701447,-50.17001612675968,-2874.5301821666067,7.8033937445419355,8
hough,1406,46.896246176505244,1076.0,496.0,20.0,3.466199300456407,1285.0,22.19999717545682,1.5892886861964775,128.42200234714323,22.256812734943946,0.07146766373900948,-50.19401479369768,-2875.905204496095,7.807213251012737,8
hough,1407,46.92960054789678,1076.0,501.0,22.0,3.8128192305020474,1307.0,22.19999717545682,0.7227388610823757,128.1620403705256,22.21175873386908,0.032544314246601196,-50.23293814319009,-2878.135348146522,7.813408094486145,8
hough,1408,46.96295491928832,1078.0,505.0,20.0,3.466199300456407,1282.0,22.54661710550246,0.029499000991094367,130.09428742382104,22.54663640309116,0.0013083552189223284,-50.264174102217765,-2879.925036767852,7.818379451767617,8
hough,1409,46.99630929067986,1073.0,511.0,24.0,4.159439160547688,1293.5,21.680067280388357,-1.0103607891458277,125.22994588216504,21.703597540647706,-0.04656951816187596,-50.312051975598564,-2882.668236844633,7.825999451980898,8
hough,1410,47.0296636620714,1077.0,517.0,20.0,3.466199300456407,1296.5,22.37330714047964,-2.0502205792827497,129.63506562796354,22.46704868971338,-0.09138168626293336,-50.356864143699624,-2885.235784947655,7.833131530044847,8
hough,1411,47.063018033462946,1076.0,521.0,21.0,3.639509265479227,1294.5,22.19999717545682,-2.743460439374031,129.0685872405929,22.368872340211993,-0.12295592231626726,-50.388438379752955,-2887.04485541486,7.838156725787084,8
hough,1412,47.096372404854485,1076.0,523.0,20.0,3.466199300456407,1304.0,22.19999717545682,-3.0900803694196717,129.32911263252822,22.41402398677586,-0.1383041975053368,-50.403786654942024,-2887.9242468059992,7.84059947965136,8
hough,1413,47.129726776246024,1076.0,529.0,21.0,3.639509265479227,1305.0,22.19999717545682,-4.129940159556594,130.29189100025013,22.580883072010472,-0.18393074892068823,-50.44941320635738,-2890.538455635836,7.84786117084535,8
hough,1414,47.16308114763756,1074.0,533.0,20.0,3.466199300456407,1272.5,21.853377245411178,-4.823180019647875,129.12876705128124,22.37930210109747,-0.21722398491315745,-50.482706442349844,-2892.446017544537,7.853159953925076,8
hough,1415,47.1964355190291,1073.0,539.0,20.0,3.466199300456407,1273.5,21.680067280388357,-5.863039809784797,129.5878374467867,22.45886357528553,-0.26411683845627776,-50.529599295892965,-2895.132780141883,7.860623183362147,8
hough,1416,47.22978989042064,1072.0,542.0,21.0,3.639509265479227,1289.5,21.506757315365537,-6.3829697048532585,129.44418876501805,22.43396782727263,-0.28850835596597146,-50.55399081340266,-2896.5303111511084,7.86450521394333,8
hough,1417,47.26314426181218,1070.0,545.0,21.0,3.639509265479227,1309.0,21.160137385319896,-6.902899599921719,128.4266329223783,22.25761525977597,-0.31533664201019856,-50.58081909944689,-2898.0674587130125,7.868775068281952,8
hough,1418,47.296498633203726,1070.0,551.0,21.0,3.639509265479227,1284.0,21.160137385319896,-7.942759390058641,130.41225989102097,22.601744200259798,-0.3590899865217606,-50.62457244395845,-2900.5743406931065,7.875738629337769,8
hough,1419,47.329853004595265,1067.0,556.0,21.0,3.639509265479227,1276.5,20.640207490251434,-8.809309215172743,129.48780011456822,22.44152610873777,-0.4033970890707565,-50.66887954650745,-2903.1129506716175,7.882790323722522,8
hough,1420,47.3632073759868,1066.0,559.0,20.0,3.466199300456407,1285.5,20.466897525228614,-9.329239110241204,129.78397732158305,22.492856570126065,-0.42768401051022276,-50.69316646794691,-2904.5044887674644,7.886655707322096,8
hough,1421,47.39656174737834,1063.0,564.0,20.0,3.466199300456407,1270.5,19.946967630160152,-10.195788935355306,129.25793444905563,22.401688098287835,-0.4725236523719565,-50.738006109808644,-2907.07361100102,7.893792157970861,8
hough,1422,47.42991611876988,1061.0,567.0,20.0,3.466199300456407,1295.5,19.600347700114515,-10.715718830423766,128.89226375846627,22.338313723691922,-0.500314290995532,-50.76579674843222,-2908.665897304124,7.898215175479484,8
hough,1423,47.46327049016142,1060.0,573.0,22.0,3.8128192305020474,1303.5,19.427037735091695,-11.755578620560689,131.01902453740368,22.706902559901472,-0.5441715421541932,-50.809653999590886,-2911.178732696561,7.905195273791809,8
hough,1424,47.49662486155297,1058.0,575.0,20.0,3.466199300456407,1267.5,19.080417805046054,-12.10219855060633,130.37226410729068,22.59481253238044,-0.5652399429967981,-50.83072240043349,-2912.3858631459316,7.9085484139289495,8
hough,1425,47.529979232944505,1055.0,577.0,20.0,3.466199300456407,1297.0,18.560487909977592,-12.44881848065197,128.9522444707202,22.348708978834694,-0.5908008357387511,-50.856283293175444,-2913.8503944206323,7.912616556358674,8
hough,1426,47.563333604336044,1051.0,582.0,21.0,3.639509265479227,1288.0,17.86724804988631,-13.315368305766071,128.5738147933335,22.283123344683208,-0.6404470355352088,-50.9059294929719,-2916.6949121378325,7.920517994462007,8
hough,1427,47.59668797572758,1049.0,587.0,20.0,3.466199300456407,1296.0,17.52062811984067,-14.181918130880174,130.06208921623062,22.541056132859868,-0.6804713133353049,-50.94595377077199,-2918.988134333837,7.926888056117575,8
hough,1428,47.63004234711912,1046.0,590.0,21.0,3.639509265479227,1302.0,17.000698224772208,-14.701848025948635,129.68639380398884,22.47594437410501,-0.7130117496662822,-50.97849420710297,-2920.8525639991162,7.932067027410018,8
hough,1429,47.66339671851066,1044.0,594.0,21.0,3.639509265479227,1272.5,16.654078294726567,-15.395087886039915,130.86184454471925,22.679661700867044,-0.7461352573970735,-51.01161771483376,-2922.7504011947594,7.937338797397915,8
hough,1430,47.6967510899022,1039.0,596.0,21.0,3.639509265479227,1306.5,15.787528469612466,-15.741707816085556,128.63980627673237,22.294560326362873,-0.7839448893360698,-51.04942734677276,-2924.916733529807,7.943356387217492,8
hough,1431,47.730105461293746,1037.0,600.0,21.0,3.639509265479227,1288.0,15.440908539566825,-16.434947676176836,130.11710640295618,22.550591159566928,-0.8165727642658454,-51.08205522170253,-2926.786173057764,7.94854927479515,8
hough,1432,47.763459832685285,1033.0,604.0,21.0,3.639509265479227,1289.0,14.747668679475543,-17.12818753626812,130.41605075348258,22.602401194500427,-0.8599407267231669,-51.12542318415986,-2929.27097427265,7.955451500392057,8
hough,1433,47.796814204076824,1028.0,606.0,22.0,3.8128192305020474,1301.0,13.881118854361443,-17.47480746631376,128.7700419173804,22.31713146068831,-0.8995098196134738,-51.16499227705016,-2931.538116294426,7.961749117119211,8
hough,1434,47.83016857546836,1026.0,609.0,21.0,3.639509265479227,1331.0,13.534498924315802,-17.99473736138222,129.92045925930827,22.516510249979472,-0.9259292544554653,-51.19141171189216,-2933.0518384079933,7.965953900768009,8
hough,1435,47.8635229468599,1021.0,612.0,21.0,3.639509265479227,1302.0,12.6679490992017,-18.514667256450682,129.44250737851095,22.4336764262359,-0.9707454191485284,-51.23622787658522,-2935.619615498869,7.973086614909331,8
hough,1436,47.89687731825144,1019.0,614.0,20.0,3.466199300456407,1290.5,12.321329169156058,-18.861287186496323,129.9934812756556,22.52916569307852,-0.9921326043546564,-51.25761506179135,-2936.8450109468445,7.976490491153707,8
hough,1437,47.93023168964298,1014.0,615.0,19.0,3.2928893354335864,1303.5,11.454779344041958,-19.034597151519144,128.1835519652029,22.215486907590186,-1.0290636515806155,-51.294546109017304,-2938.96100408589,7.982368249873279,8
hough,1438,47.963586061034526,1010.0,618.0,21.0,3.639509265479227,1318.5,10.761539483950676,-19.554527046587605,128.78760937627223,22.320176076374388,-1.067696000015631,-51.33317845745232,-2941.1744746038953,7.988516779089959,8
hough,1439,47.996940432426065,1006.0,621.0,20.0,3.466199300456407,1270.5,10.068299623859394,-20.074456941656067,129.58191873596675,22.457837803720345,-1.1059112482094091,-51.3713937056461,-2943.364047038444,7.994598924741483,8
hough,1440,48.030294803817604,1002.0,624.0,21.0,3.639509265479227,1298.5,9.375059763768114,-20.594386836724524,130.56300776917672,22.62787030975024,-1.1436065967219473,-51.409089054158635,-2945.523831415487,8.000598325788825,9
hough,1441,48.06364917520914,997.0,625.0,20.0,3.466199300456407,1271.5,8.508509938654012,-20.767696801747345,129.4967830410692,22.443082939415454,-1.1819565867547408,-51.447439044191434,-2947.721123988735,8.006701916270071,9
hough,1442,48.09700354660068,993.0,626.0,21.0,3.639509265479227,1292.0,7.8152700785627305,-20.941006766770165,128.9702407161843,22.35182790750662,-1.213601052319466,-51.47908350975616,-2949.534218310541,8.011738289386198,9
hough,1443,48.13035791799222,989.0,627.0,20.0,3.466199300456407,1296.0,7.122030218471449,-21.114316731792986,128.57382767420165,22.283125577066016,-1.245472751434939,-51.51095520887163,-2951.360332155768,8.01681082784516,9
hough,1444,48.16371228938376,986.0,629.0,20.0,3.466199300456407,1256.5,6.602100323402988,-21.460936661838627,129.55687271762363,22.453497079157337,-1.272351234147769,-51.53783369158446,-2952.900355774929,8.02108867123172,9
hough,1445,48.197066660775306,982.0,630.0,21.0,3.639509265479227,1279.0,5.908860463311706,-21.634246626861447,129.40204573643845,22.426664020463544,-1.304173827932809,-51.5696562853695,-2954.7236560919705,8.026153394334614,9
hough,1446,48.230421032166845,977.0,632.0,20.0,3.466199300456407,1295.0,5.042310638197605,-21.98086655690709,130.1240440581381,22.55179352434385,-1.345302196580702,-51.610784654017394,-2957.0801380337534,8.032699177506233,9
hough,1447,48.263775403558384,972.0,635.0,19.0,3.2928893354335864,1279.5,4.175760813083503,-22.50079645197555,132.04659717058425,22.884991137016403,-1.38730110539018,-51.65278356282687,-2959.486498252691,8.039383511447726,9
hough,1448,48.29712977494992,968.0,633.0,20.0,3.466199300456407,1292.0,3.4825209529922216,-22.15417652192991,129.39950252486824,22.426223256555268,-1.414877452082278,-51.68035990951897,-2961.066506532538,8.04377242333619,9
hough,1449,48.33048414634146,964.0,634.0,22.0,3.8128192305020474,1304.0,2.78928109290094,-22.32748648695273,129.83118818715386,22.50103868358684,-1.4465143039920862,-51.71199676142878,-2962.8791646240506,8.048807584701503,9
hough,1450,48.363838517733,958.0,633.0,22.0,3.8128192305020474,1300.0,1.7494213027640182,-22.15417652192991,128.22771826774445,22.22314136793885,-1.4919940919161998,-51.75747654935289,-2965.484964525252,8.056045917760395,9
hough,1451,48.39719288912454,954.0,636.0,20.0,3.466199300456407,1277.5,1.056181442672737,-22.67410641699837,130.97164985824776,22.69869205591399,-1.524249022100092,-51.78973147953678,-2967.333035893278,8.061179449338246,9
hough,1452,48.430547260516086,949.0,635.0,20.0,3.466199300456407,1296.5,0.18963161755863522,-22.50079645197555,129.83440116089596,22.501595523953704,-1.562368752754284,-51.82785121019097,-2969.517135575939,8.067246392901191,9
hough,1453,48.463901631907625,946.0,635.0,21.0,3.639509265479227,1299.0,-0.33029827750982577,-22.50079645197555,129.8437779346745,22.50322061228929,-1.585474676359912,-51.850957133796605,-2970.8410074802932,8.070923814857732,9
hough,1454,48.497256003299164,942.0,634.0,21.0,3.639509265479227,1297.0,-1.0235381376011072,-22.32748648695273,128.96508705350922,22.350934726408664,-1.6166063222050844,-51.88208877964178,-2972.624719396518,8.075878570180578,9
hough,1455,48.5306103746907,939.0,634.0,21.0,3.639509265479227,1297.0,-1.5434680326695682,-22.32748648695273,129.13724723045559,22.38077180065356,-1.6398151317468217,-51.90529758918351,-2973.954486230782,8.079572366942424,9
hough,1456,48.56396474608224,931.0,633.0,20.0,3.466199300456407,1298.0,-2.9299477528521307,-22.15417652192991,128.94286418417042,22.347083281700847,-1.702285866853757,-51.96776832429045,-2977.533795695489,8.089514893233275,9
hough,1457,48.59731911747378,928.0,633.0,20.0,3.466199300456407,1280.5,-3.4498776479205917,-22.15417652192991,129.37038752186692,22.421177336403467,-1.725276948369222,-51.99075940580591,-2978.8510876327664,8.093174037503491,9
hough,1458,48.63067348886532,923.0,633.0,20.0,3.466199300456407,1297.5,-4.316427473034693,-22.15417652192991,130.23346500340205,22.570757264540305,-1.7632214477184953,-52.02870390515518,-2981.0251473012167,8.099213092138076,9
hough,1459,48.664027860256866,919.0,632.0,20.0,3.466199300456407,1258.0,-5.009667333125975,-21.98086655690709,130.08206032025515,22.544517324199827,-1.7948791644574014,-52.06036162189409,-2982.8390008593765,8.104251574244074,9
hough,1460,48.697382231648405,915.0,630.0,21.0,3.639509265479227,1301.5,-5.702907193217256,-21.634246626861447,129.09403489904298,22.373282673007886,-1.8285386452334924,-52.09402110267018,-2984.7675470484487,8.109608646991497,9
hough,1461,48.730736603039944,910.0,631.0,19.0,3.2928893354335864,1274.0,-6.569457018331358,-21.807556591884268,131.4153250833668,22.775585393660865,-1.8633965975420794,-52.12887905497877,-2986.764760598199,8.11515646240747,9
hough,1462,48.76409097443148,906.0,629.0,20.0,3.466199300456407,1310.5,-7.26269687842264,-21.460936661838627,130.7284020254199,22.65653478251472,-1.8971131368292022,-52.162595594265895,-2988.696575999138,8.120522616298967,9
hough,1463,48.79744534582302,904.0,626.0,21.0,3.639509265479227,1285.5,-7.60931680846828,-20.941006766770165,128.55955681613713,22.28065229515401,-1.9193313452408427,-52.18481380267753,-2989.9695855694667,8.124058753994325,9
hough,1464,48.83079971721456,899.0,625.0,20.0,3.466199300456407,1317.5,-8.475866633582381,-20.767696801747345,129.42549326534788,22.43072771087871,-1.9582894107065605,-52.22377186814325,-2992.201718298647,8.130259122686493,9
hough,1465,48.86415408860611,895.0,623.0,20.0,3.466199300456407,1268.5,-9.169106493673663,-20.421076871701704,129.162245785413,22.385104299338852,-1.9928200924681536,-52.25830254990484,-2994.1801806272956,8.135754851377182,9
hough,1466,48.897508459997646,892.0,621.0,20.0,3.466199300456407,1271.5,-9.689036388742124,-20.074456941656067,128.61571256202492,22.290384645509654,-2.0204718754662303,-52.28595433290292,-2995.764511089097,8.14015576932663,9
hough,1467,48.930862831389184,887.0,621.0,20.0,3.466199300456407,1317.0,-10.555586213856225,-20.074456941656067,130.86657234401665,22.680481075597914,-2.054887309750277,-52.32036976718697,-2997.736370223683,8.145633155811593,9
hough,1468,48.96421720278072,883.0,618.0,20.0,3.466199300456407,1296.5,-11.248826073947507,-19.554527046587605,130.16653796351525,22.559158141598445,-2.0928217105616183,-52.358304167998305,-2999.9098512885303,8.151670603213946,9
hough,1469,48.99757157417226,879.0,616.0,20.0,3.466199300456407,1264.5,-11.942065934038789,-19.207907116541964,130.50385065108267,22.61761779168251,-2.1270382408002124,-52.3925206982369,-3001.8703140607836,8.157116333136871,9
hough,1470,49.0309259455638,876.0,613.0,20.0,3.466199300456407,1264.0,-12.46199582910725,-18.687977221473503,129.6059845657165,22.462008651832523,-2.1589228135575387,-52.42440527099423,-3003.697165511356,8.162190920499572,9
hough,1471,49.06428031695534,873.0,610.0,21.0,3.639509265479227,1285.5,-12.98192572417571,-18.16804732640504,128.84163704229078,22.329539609282328,-2.191218878195353,-52.45670133563204,-3005.5475937099845,8.167330998829097,9
hough,1472,49.097634688346886,868.0,608.0,21.0,3.639509265479227,1305.5,-13.848475549289812,-17.8214273963594,130.22636642760594,22.56952701061737,-2.23139760833272,-52.49688006576941,-3007.849665373051,8.173725642337613,9
hough,1473,49.130989059738425,866.0,605.0,20.0,3.466199300456407,1275.5,-14.195095479335453,-17.30149750129094,129.12997740872908,22.379511868104416,-2.257885819224558,-52.523368276661245,-3009.3673280640055,8.177941372034711,9
hough,1474,49.164343431129964,862.0,605.0,19.0,3.2928893354335864,1269.0,-14.888335339426733,-17.30149750129094,131.70344588113988,22.825519599045265,-2.2813678607067924,-52.546850318143484,-3010.7127499352887,8.181678655010497,9
hough,1475,49.1976978025215,859.0,597.0,18.0,3.119579370410766,1250.0,-15.408265234495195,-15.915017781108377,127.81610208564656,22.15180418181664,-2.340017758585649,-52.605500216022335,-3014.07314155262,8.191013076169751,9
hough,1476,49.23105217391304,855.0,595.0,20.0,3.466199300456407,1294.5,-16.101505094586475,-15.568397851062736,129.23189769449823,22.397175669266186,-2.37302614577307,-52.63850860320976,-3015.964382826993,8.19626652415412,9
hough,1477,49.26440654530458,852.0,592.0,21.0,3.639509265479227,1263.5,-16.621434989654936,-15.048467955994274,129.37287034850044,22.42160763500048,-2.4058212766658125,-52.6713037341025,-3017.8434054157265,8.201486031345047,9
hough,1478,49.29776091669612,849.0,589.0,20.0,3.466199300456407,1261.5,-17.141364884723398,-14.528538060925815,129.65259651352363,22.470086966876618,-2.438509955412314,-52.703992412849004,-3019.71632874576,8.206688596150695,9
hough,1479,49.331115288087666,846.0,586.0,20.0,3.466199300456407,1239.5,-17.66129477979186,-14.008608165857353,130.0701809915986,22.542458518165862,-2.471023327101084,-52.736505784537776,-3021.579207721267,8.211863259971548,9
hough,1480,49.364469659479205,843.0,581.0,20.0,3.466199300456407,1261.0,-18.18122467486032,-13.142058340743251,129.44260898808102,22.43369403618693,-2.515703827374041,-52.78118628481073,-3024.1392118134404,8.218974382449808,9
hough,1481,49.397824030870744,840.0,579.0,20.0,3.466199300456407,1253.0,-18.701154569928782,-12.79543841069761,130.7459552075979,22.659576923904023,-2.5415456599045827,-52.807028117341275,-3025.6198397523244,8.223087237835596,9
hough,1482,49.43117840226228,837.0,574.0,21.0,3.639509265479227,1254.5,-19.221084464997244,-11.92888858558351,130.52831815970518,22.62185825474607,-2.5861529912263586,-52.851635448663046,-3028.1756515724037,8.230186715113595,9
hough,1483,49.46453277365382,835.0,571.0,20.0,3.466199300456407,1253.0,-19.567704395042885,-11.408958690515048,130.69539545922422,22.650814415681822,-2.6137293005590108,-52.8792117579957,-3029.7556577117116,8.234575621056116,9
hough,1484,49.49788714504536,833.0,566.0,21.0,3.639509265479227,1253.0,-19.914324325088526,-10.542408865400946,130.01389073806752,22.532702856295266,-2.6547118060674455,-52.920194263504136,-3032.103782311217,8.241098189388076,9
hough,1485,49.5312415164369,833.0,562.0,19.0,3.2928893354335864,1278.0,-19.914324325088526,-9.849169005309665,128.1911598386601,22.216805427872952,-2.682292758795416,-52.9477752162321,-3033.6840544974793,8.245487834349916,9
hough,1486,49.564595887828446,831.0,558.0,19.0,3.2928893354335864,1242.5,-20.260944255134167,-9.155929145218384,128.28857483192093,22.233688416947686,-2.7171594640577044,-52.98264192149439,-3035.681769554535,8.251037042841737,9
hough,1487,49.597950259219985,827.0,555.0,20.0,3.466199300456407,1233.0,-20.954184115225445,-8.635999250149922,130.7716570237637,22.664031304764745,-2.750667138568628,-53.01614959600532,-3037.601617885309,8.256369954871666,9
hough,1488,49.631304630611524,826.0,553.0,18.0,3.119579370410766,1227.0,-21.127494080248265,-8.289379320104281,130.95311667369023,22.695480070346566,-2.7676981625623527,-53.033180619999044,-3038.5774236809357,8.259080526526184,9
hough,1489,49.66465900200306,824.0,547.0,20.0,3.466199300456407,1271.5,-21.474114010293906,-7.24951952996736,130.7760856431441,22.664798828634662,-2.816012936223427,-53.08149539366012,-3041.3456562998454,8.26677006157871,9
hough,1490,49.6980133733946,823.0,542.0,20.0,3.466199300456407,1267.5,-21.647423975316727,-6.3829697048532585,130.22249544108442,22.56885613007872,-2.854857664309341,-53.12034012174603,-3043.571295275501,8.272952392066642,9
hough,1491,49.73136774478614,821.0,539.0,20.0,3.466199300456407,1261.5,-21.994043905362368,-5.863039809784797,131.33751509582112,22.762100147440897,-2.881076797473988,-53.14655925491068,-3045.073540948327,8.27712529671338,9
hough,1492,49.76472211617768,819.0,531.0,22.0,3.8128192305020474,1279.0,-22.34066383540801,-4.476560089602234,131.46820725597595,22.784750401146088,-2.9438344095038675,-53.209316866940554,-3048.6692872499584,8.28711348088458,9
hough,1493,49.798076487569226,818.0,529.0,21.0,3.639509265479227,1272.0,-22.51397380043083,-4.129940159556594,132.07339627991885,22.889635689717828,-2.9601706797597633,-53.22565313719645,-3049.6052865886063,8.28971347904749,9
hough,1494,49.831430858960765,819.0,525.0,20.0,3.466199300456407,1262.5,-22.34066383540801,-3.4367002994653126,130.4221301505092,22.60345481458647,-2.988957532220831,-53.25443998965752,-3051.2546517400915,8.294295048912726,9
hough,1495,49.864785230352304,819.0,521.0,19.0,3.2928893354335864,1260.5,-22.34066383540801,-2.743460439374031,129.8741456523472,22.50848364037697,-3.0194032090915424,-53.28488566652823,-3052.9990605292023,8.29914062888248,9
hough,1496,49.89813960174384,819.0,514.0,21.0,3.639509265479227,1261.5,-22.34066383540801,-1.5302906842142887,129.20788150033994,22.39301342349663,-3.0732014881045187,-53.338683945541206,-3056.0814748617126,8.30770289091723,9
hough,1497,49.93149397313538,817.0,509.0,20.0,3.466199300456407,1257.0,-22.68728376545365,-0.663740859100187,130.96183425873755,22.6969909147062,-3.1123449219561654,-53.377827379392855,-3058.324228417062,8.313932761904312,9
hough,1498,49.96484834452692,817.0,507.0,20.0,3.466199300456407,1275.5,-22.68728376545365,-0.3171209290545463,130.9186116271419,22.689500001936164,-3.127615648607569,-53.393098106044256,-3059.199176604285,8.316363173535487,9
hough,1499,49.99820271591847,819.0,499.0,21.0,3.639509265479227,1264.0,-22.34066383540801,1.0693587911280165,129.05341113874582,22.36624217053169,3.09376313382069,-53.45490463079559,-3062.7404296189075,8.326199987464994,9
hough,1500,50.031557087310006,818.0,495.0,21.0,3.639509265479227,1265.5,-22.51397380043083,1.7625986512192977,130.30332401870555,22.582864528039085,3.063462921544497,-53.48520484307178,-3064.4765039006834,8.331022416025482,9
hough,1501,50.064911458701545,817.0,490.0,21.0,3.639509265479227,1258.0,-22.68728376545365,2.6291484763333997,131.7819031319705,22.839117022442505,3.026220848364949,-53.522446916251326,-3066.610317514189,8.336949676062998,9
hough,1502,50.098265830093084,819.0,487.0,20.0,3.466199300456407,1249.0,-22.34066383540801,3.1490783714018606,130.18013655830285,22.56151491358544,3.0015579944864563,-53.54710977012982,-3068.0233949521744,8.340874891168513,9
hough,1503,50.13162020148462,820.0,480.0,19.0,3.2928893354335864,1246.0,-22.16735387038519,4.362248126561603,130.35888630764802,22.59249402639229,2.947288371001059,-53.60137939361522,-3071.1328153336517,8.34951217000595,9
hough,1504,50.16497457287616,823.0,478.0,22.0,3.8128192305020474,1241.0,-21.647423975316727,4.708868056607243,127.82677784327929,22.153654396998558,2.927403774923496,-53.62126398969278,-3072.2721187662182,8.352676901763079,9
hough,1505,50.1983289442677,821.0,473.0,20.0,3.466199300456407,1253.5,-21.994043905362368,5.575417881721346,130.9198629864935,22.68971687498162,2.893325681827951,-53.65534208278832,-3074.224649674447,8.358100598730381,9
hough,1506,50.23168331565925,823.0,470.0,19.0,3.2928893354335864,1230.0,-21.647423975316727,6.095347776789806,129.76289333109276,22.489202504471653,2.8671251484775673,-53.68154261613871,-3075.725829656416,8.362270543124739,9
hough,1507,50.265037687050786,824.0,465.0,21.0,3.639509265479227,1258.5,-21.474114010293906,6.961897601903908,130.25474629633698,22.5744455246745,2.8280849253540703,-53.72058283926221,-3077.9626696726414,8.368483987614255,9
hough,1508,50.298392058442325,826.0,460.0,20.0,3.466199300456407,1263.5,-21.127494080248265,7.82844742701801,130.00529886101873,22.53121379838446,2.786743428468738,-53.76192433614754,-3080.3313629629242,8.375063691198374,9
hough,1509,50.33174642983386,827.0,457.0,20.0,3.466199300456407,1250.0,-20.954184115225445,8.34837732208647,130.14832822992383,22.55600221330664,2.76245685935449,-53.78621090526178,-3081.722880872023,8.378929018723648,9
hough,1510,50.3651008012254,829.0,451.0,20.0,3.466199300456407,1222.5,-20.607564185179804,9.388237112223393,130.66371554202172,22.64532397033953,2.7141144057073334,-53.83455335890894,-3084.4926994373122,8.386622959182784,9
hough,1511,50.39845517261694,831.0,449.0,21.0,3.639509265479227,1269.0,-20.260944255134167,9.734857042269033,129.69990016001557,22.47828516019559,2.6936875046030555,-53.85498026001322,-3085.6630746591186,8.38987400146558,9
hough,1512,50.43180954400848,833.0,447.0,19.0,3.2928893354335864,1253.5,-19.914324325088526,10.081476972314674,128.79099985553975,22.320763680217652,2.6729635391364908,-53.87570422547979,-3086.8504704151273,8.393172323010049,9
hough,1513,50.465163915400026,835.0,441.0,20.0,3.466199300456407,1265.5,-19.567704395042885,11.121336762451596,129.8673972249849,22.507314070666848,2.6247691512825733,-53.923898613333705,-3089.6118054353738,8.400842698066288,9
hough,1514,50.498518286791565,837.0,437.0,21.0,3.639509265479227,1240.5,-19.221084464997244,11.814576622542877,130.18171623630187,22.5617886875242,2.5904579510949897,-53.958209813521286,-3091.5776923961503,8.406303495179557,9
hough,1515,50.531872658183104,841.0,433.0,22.0,3.8128192305020474,1254.5,-18.52784460490596,12.507816482634158,128.9860237652603,22.35456326718994,2.5477865783025857,-54.00088118631369,-3094.0225819631846,8.413094855087985,9
hough,1516,50.56522702957464,842.0,429.0,21.0,3.639509265479227,1246.5,-18.35453463988314,13.20105634272544,130.45284341422447,22.608777729246704,2.518079613398826,-54.03058815121745,-3095.724665674313,8.417822865396676,9
hough,1517,50.59858140096618,846.0,426.0,19.0,3.2928893354335864,1254.0,-17.66129477979186,13.720986237793902,129.04541456563564,22.36485628472566,2.4810992419851807,-54.06756852263109,-3097.843484881141,8.423708474304531,9
hough,1518,50.63193577235772,847.0,422.0,20.0,3.466199300456407,1252.5,-17.48798481476904,14.414226097885182,130.76417341344163,22.662734320521583,2.4522473910245037,-54.09642037359177,-3099.4965741723286,8.428300389002274,9
hough,1519,50.66529014374926,849.0,418.0,21.0,3.639509265479227,1254.0,-17.141364884723398,15.107465957976464,131.83704877134363,22.848674311273424,2.4191799861815495,-54.12948777843473,-3101.3911969092806,8.433563229938253,9
hough,1520,50.698644515140806,854.0,416.0,20.0,3.466199300456407,1250.5,-16.274815059609296,15.454085888022105,129.49760626153937,22.443225611726348,2.3820556505583554,-54.16661211405792,-3103.5182646577164,8.439471751461685,9
hough,1521,50.731998886532345,854.0,412.0,22.0,3.8128192305020474,1263.5,-16.274815059609296,16.147325748113385,132.28375449540061,22.926092864685234,2.360126638139651,-54.18854112647662,-3104.774704518198,8.442961862185246,9
hough,1522,50.765353257923884,859.0,408.0,21.0,3.639509265479227,1254.0,-15.408265234495195,16.840565608204667,131.70533451647213,22.825846918368637,2.311809634633538,-54.236858129982735,-3107.543064897817,8.450651752128632,9
hough,1523,50.79870762931542,864.0,405.0,19.0,3.2928893354335864,1274.0,-14.541715409381094,17.36049550327313,130.66850484263432,22.646154003861184,2.2680664628801677,-54.280601301736105,-3110.049364021801,8.457613694139697,9
hough,1524,50.83206200070696,866.0,403.0,20.0,3.466199300456407,1233.0,-14.195095479335453,17.70711543331877,130.94775943131364,22.694551606857658,2.246548965284783,-54.302118799331495,-3111.2822258196998,8.461038310244971,9
hough,1525,50.8654163720985,870.0,401.0,20.0,3.466199300456407,1235.5,-13.501855619244171,18.05373536336441,130.07978300511996,22.5441226427934,2.2129331450965157,-54.33573461951976,-3113.2082704413583,8.466388434194023,9
hough,1526,50.89877074349004,873.0,397.0,19.0,3.2928893354335864,1251.0,-12.98192572417571,18.746975223455692,131.57384496566647,22.80305846891764,2.1764581936623593,-54.37220957095391,-3115.2981312164798,8.472193603013805,9
hough,1527,50.932125114881586,876.0,398.0,19.0,3.2928893354335864,1243.5,-12.46199582910725,18.57366525843287,129.05774411683305,22.366993118812434,2.1617582745168997,-54.38690949009938,-3116.1403745426983,8.474533167808858,9
hough,1528,50.965479486273125,882.0,394.0,21.0,3.639509265479227,1212.5,-11.422136038970327,19.266905118524154,129.23773870420163,22.39818797445358,2.1059323369688108,-54.44273542764746,-3119.3389651515645,8.483418141722375,9
hough,1529,50.998833857664664,884.0,392.0,21.0,3.639509265479227,1247.0,-11.075516108924687,19.61352504856979,129.96711371592096,22.524595932223175,2.0848460972388807,-54.463821667377395,-3120.547117693891,8.486774121006615,9
hough,1530,51.0321882290562,888.0,389.0,20.0,3.466199300456407,1235.0,-10.382276248833405,20.133454943638252,130.70663836702298,22.65276292363918,2.046903462684049,-54.501764301932226,-3122.72107051749,8.492812878849945,9
hough,1531,51.06554260044774,894.0,387.0,21.0,3.639509265479227,1218.0,-9.342416458696484,20.480074873683893,129.88470373408833,22.510313461154233,1.9987702023016545,-54.54989756231462,-3125.4789031916052,8.500473525166932,9
hough,1532,51.09889697183928,897.0,384.0,19.0,3.2928893354335864,1216.5,-8.822486563628022,21.000004768752355,131.42915421434984,22.77798211986783,1.9685248856344237,-54.58014287898185,-3127.2118321866747,8.505287216819902,9
hough,1533,51.13225134323082,900.0,383.0,20.0,3.466199300456407,1255.5,-8.30255666855956,21.173314733775175,131.2270096166999,22.742948446719566,1.944494328346601,-54.604173436269676,-3128.588681698614,8.509111798797512,9
hough,1534,51.165605714622366,904.0,380.0,18.0,3.119579370410766,1245.5,-7.60931680846828,21.693244628843637,132.64728688707518,22.989096650771014,1.9081560221691414,-54.64051174244713,-3130.6707132772362,8.51489521984924,9
hough,1535,51.198960086013905,909.0,381.0,21.0,3.639509265479227,1235.5,-6.742766983354178,21.519934663820816,130.12265006633172,22.55155193167264,1.8744340355812605,-54.674233729035016,-3132.602840785519,8.520262240705582,9
hough,1536,51.232314457405444,914.0,379.0,20.0,3.466199300456407,1207.5,-5.876217158240077,21.866554593866457,130.64657155477158,22.64235274650886,1.8333248409356413,-54.71534292368064,-3134.958224137895,8.526804972239958,9
hough,1537,51.26566882879698,921.0,378.0,21.0,3.639509265479227,1220.0,-4.663047403080334,22.039864558889278,129.9853281838788,22.52775268102786,1.7792949140833163,-54.76937285053296,-3138.0539109139336,8.5354041021734,9
hough,1538,51.29902320018852,924.0,377.0,20.0,3.466199300456407,1211.5,-4.143117508011874,22.213174523912098,130.38056227257485,22.596250687115596,1.7551937461237086,-54.79347401849257,-3139.434806119355,8.53923992218846,9
hough,1539,51.33237757158006,928.0,377.0,19.0,3.2928893354335864,1222.0,-3.4498776479205917,22.213174523912098,129.70676322815746,22.47947459829521,1.7248731203594228,-54.82379464425685,-3141.172050007844,8.544065599656484,9
hough,1540,51.36573194297161,932.0,377.0,20.0,3.466199300456407,1201.5,-2.7566377878293107,22.213174523912098,129.1533887892139,22.383569293637375,1.694264308290952,-54.85440345632532,-3142.9258057552765,8.548937143399352,9
hough,1541,51.399086314363146,937.0,376.0,20.0,3.466199300456407,1234.0,-1.8900879627152087,22.38648448893492,129.6297805887451,22.466132739751288,1.6550264332328237,-54.89364133138345,-3145.173970393169,8.555182045171275,9
hough,1542,51.432440685754685,941.0,375.0,20.0,3.466199300456407,1250.0,-1.1968481026239275,22.55979445395774,130.35326556355008,22.591519895429276,1.6237988990282082,-54.92486886558807,-3146.963176307694,8.560152061600512,9
hough,1543,51.465795057146224,946.0,373.0,19.0,3.2928893354335864,1239.0,-0.33029827750982577,22.90641438400338,132.1839492594031,22.90879562272541,1.5852147941658195,-54.963452970450454,-3149.1738826725987,8.566292912614136,9
hough,1544,51.49914942853776,951.0,375.0,20.0,3.466199300456407,1221.5,0.536251547604276,22.55979445395774,130.2069789397356,22.56616696577268,1.5470305702138298,-55.00163719440245,-3151.3616775490304,8.572370120604225,9
hough,1545,51.5325037999293,955.0,376.0,21.0,3.639509265479227,1250.0,1.2294914076955572,22.38648448893492,129.36487295337403,22.420221606730852,1.51593030011625,-55.03273746450002,-3153.1435917673384,8.577319882321746,9
hough,1546,51.56585817132084,960.0,374.0,19.0,3.2928893354335864,1238.5,2.096041232809659,22.73310441898056,131.7265840784374,22.82952967920959,1.4788541239165756,-55.0698136406997,-3155.2679001840634,8.583220739034871,9
hough,1547,51.59921254271239,966.0,377.0,20.0,3.466199300456407,1227.0,3.135901022946581,22.213174523912098,129.4411132868703,22.433434816262416,1.4305500962751552,-55.11811766834112,-3158.0355171014,8.59090856380525,9
hough,1548,51.632566914103926,970.0,377.0,21.0,3.639509265479227,1236.0,3.829140883037862,22.213174523912098,130.0605828741242,22.540795068762094,1.400092452785846,-55.14857531183043,-3159.7806115272515,8.595756048321505,9
hough,1549,51.665921285495465,974.0,377.0,20.0,3.466199300456407,1227.0,4.522380743129144,22.213174523912098,130.79949780549413,22.66885638967265,1.3699512156403981,-55.17871654897588,-3161.5075772049886,8.600553175204109,9
hough,1550,51.699275656887,979.0,379.0,20.0,3.466199300456407,1227.0,5.388930568243246,21.866554593866457,129.94525596946494,22.520807766949403,1.3291651480391449,-55.21950261657713,-3163.8444467414756,8.607044479472128,9
hough,1551,51.73263002827854,983.0,381.0,20.0,3.466199300456407,1221.5,6.082170428334527,21.519934663820816,129.0342672301313,22.362924340399307,1.2953508691606408,-55.25331689545563,-3165.7818622084924,8.61242618910273,9
hough,1552,51.76598439967008,987.0,381.0,20.0,3.466199300456407,1261.5,6.7754102884258085,21.519934663820816,130.1790902112527,22.56133357121478,1.2657779349070637,-55.28288982970921,-3167.47626652904,8.617132867770918,9
hough,1553,51.79933877106162,993.0,382.0,20.0,3.466199300456407,1245.5,7.8152700785627305,21.346624698797996,131.16548792333137,22.732286124193724,1.219839949036072,-55.328827815580205,-3170.1083192387796,8.624444125297972,9
hough,1554,51.83269314245317,996.0,385.0,20.0,3.466199300456407,1259.0,8.335199973631191,20.826694803729534,129.4369693004164,22.432716622115034,1.1901027846547012,-55.35856497996158,-3171.8121332525193,8.629176942002804,9
hough,1555,51.866047513844705,1000.0,387.0,19.0,3.2928893354335864,1228.5,9.028439833722473,20.480074873683893,129.1433373903745,22.381827286056094,1.1555857685681337,-55.393081996048146,-3173.7898125956644,8.634670495733763,9
hough,1556,51.899401885236244,1004.0,387.0,21.0,3.639509265479227,1277.5,9.721679693813753,20.480074873683893,130.80808461611477,22.670344569520974,1.127601233792202,-55.42106653082408,-3175.393208329963,8.63912437277348,9
hough,1557,51.93275625662778,1010.0,391.0,19.0,3.2928893354335864,1257.0,10.761539483950676,19.78683501359261,129.96354657335536,22.5239777108699,1.0726687610798091,-55.475999003536465,-3178.5406071746,8.647867147341918,9
hough,1558,51.96611062801932,1013.0,392.0,21.0,3.639509265479227,1265.5,11.281469379019137,19.61352504856979,130.5555363644201,22.6265754408532,1.048820574806906,-55.49984718980937,-3179.9070075970794,8.651662704071027,9
hough,1559,51.99946499941086,1018.0,396.0,19.0,3.2928893354335864,1237.5,12.148019204133238,18.920285188478513,129.73560868256777,22.484473802990127,1.0000208157795754,-55.5486469488367,-3182.7030278306006,8.65942942694192,9
hough,1560,52.0328193708024,1022.0,396.0,19.0,3.2928893354335864,1243.5,12.84125906422452,18.920285188478513,131.9396891342741,22.866462908982832,0.9745069301890567,-55.57416083442722,-3184.164865793917,8.663490087951132,9
hough,1561,52.066173742193946,1026.0,401.0,21.0,3.639509265479227,1262.5,13.534498924315802,18.05373536336441,130.1926759942663,22.56368812279367,0.9275009502637092,-55.62116681435257,-3186.858110055516,8.670971322011129,9
hough,1562,52.099528113585485,1030.0,403.0,20.0,3.466199300456407,1254.0,14.227738784407082,17.70711543331877,131.06565321698577,22.714983774728903,0.8939224240024248,-55.65474534061385,-3188.7820178925567,8.676315510447353,9
hough,1563,52.132882484977024,1031.0,406.0,23.0,3.986129195524868,1273.5,14.401048749429902,17.187185538250308,129.3807271134316,22.422969290655892,0.8733722281395521,-55.675295536476725,-3189.9594573836666,8.679586175700436,9
hough,1564,52.16623685636856,1036.0,409.0,21.0,3.639509265479227,1242.5,15.267598574544005,16.667255643181846,130.41968046356297,22.603030259427502,0.8291986414694824,-55.719469123146794,-3192.4904174658172,8.686616620373076,9
hough,1565,52.1995912277601,1039.0,411.0,20.0,3.466199300456407,1229.0,15.787528469612466,16.320635713136205,131.01975908507808,22.70702986433323,0.8020001173548255,-55.746667647261454,-3194.0487781065717,8.690945399930728,9
hough,1566,52.23294559915164,1043.0,414.0,21.0,3.639509265479227,1287.0,16.480768329703746,15.800705818067746,131.73803331755178,22.83151394644004,0.7643346292309683,-55.78433313538531,-3196.206851609369,8.696940048549608,9
hough,1567,52.26629997054318,1045.0,418.0,20.0,3.466199300456407,1276.0,16.827388259749387,15.107465957976464,130.48342596188954,22.614077989512843,0.7315929309427014,-55.81707483367357,-3198.082812735377,8.70215105167741,9
hough,1568,52.299654341934726,1049.0,422.0,20.0,3.466199300456407,1267.0,17.52062811984067,14.414226097885182,130.9095725431632,22.687933438607974,0.6884301421005651,-55.86023762251571,-3200.5558583680463,8.709020622879269,9
hough,1569,52.333008713326265,1053.0,425.0,20.0,3.466199300456407,1265.5,18.21386797993195,13.894296202816722,132.18187597056635,22.90843630110963,0.6516692025257751,-55.8969985620905,-3202.662105056617,8.714871308125298,9
hough,1570,52.366363084717804,1055.0,430.0,20.0,3.466199300456407,1258.0,18.560487909977592,13.02774637770262,130.84235913682937,22.676284685507195,0.6120050444487708,-55.936662720167504,-3204.934693912369,8.72118405494683,9
hough,1571,52.39971745610934,1056.0,432.0,21.0,3.639509265479227,1279.0,18.733797875000413,12.681126447656979,130.5305728888018,22.62224902176694,0.595061802753298,-55.953605961862976,-3205.90547015279,8.723880655614666,9
hough,1572,52.43307182750088,1060.0,437.0,21.0,3.639509265479227,1273.5,19.427037735091695,11.814576622542877,131.19558594852919,22.737502411888013,0.5463914941846182,-56.00227627043166,-3208.6940734213745,8.73162677580518,9
hough,1573,52.46642619889242,1062.0,442.0,21.0,3.639509265479227,1253.5,19.773657665137332,10.948026797428776,130.41455586617144,22.602142115632823,0.505654402516866,-56.04301336209941,-3211.028136843574,8.73811028531129,9
hough,1574,52.49978057028396,1063.0,445.0,21.0,3.639509265479227,1251.0,19.946967630160152,10.428096902360315,129.8734902779464,22.508370057462486,0.4817137961842846,-56.06695396843199,-3212.3998325454154,8.741920551149738,9
hough,1575,52.533134941675506,1066.0,451.0,20.0,3.466199300456407,1274.0,20.466897525228614,9.388237112223393,129.92554028957943,22.517390843158047,0.43006812468953914,-56.118599639926735,-3215.358911552183,8.750140215057426,9
hough,1576,52.566489313067045,1068.0,453.0,20.0,3.466199300456407,1267.5,20.813517455274255,9.041617182177752,130.93640397490694,22.692583593104995,0.40981461713541134,-56.138853147480866,-3216.519352055371,8.753363660899614,9
hough,1577,52.599843684458584,1069.0,457.0,20.0,3.466199300456407,1260.0,20.986827420297075,8.34837732208647,130.3233231701157,22.586330580270467,0.37860087476568915,-56.17006688985059,-3218.307767755965,8.758331482290153,9
hough,1578,52.63319805585012,1070.0,461.0,20.0,3.466199300456407,1276.0,21.160137385319896,7.6551374619951895,129.83834271248543,22.502278634121808,0.34712306649723806,-56.20154469811904,-3220.1113133180693,8.763341331073777,9
hough,1579,52.66655242724166,1071.0,465.0,20.0,3.466199300456407,1268.5,21.333447350342716,6.961897601903908,129.48290201624002,22.44067721948783,0.31544088033892104,-56.23322688427736,-3221.9265688706887,8.76838370760883,9
hough,1580,52.6999067986332,1073.0,470.0,20.0,3.466199300456407,1242.5,21.680067280388357,6.095347776789806,129.9442054265601,22.520625697395314,0.2740746448364161,-56.27459311977986,-3224.2966795793263,8.774967348466157,9
hough,1581,52.73326117002475,1075.0,475.0,22.0,3.8128192305020474,1287.5,22.026687210433998,5.228797951675705,130.62607371169395,22.63880026604203,0.2330706291112734,-56.315597135505,-3226.646036623465,8.781493340255432,9
hough,1582,52.766615541416286,1076.0,479.0,21.0,3.639509265479227,1269.0,22.19999717545682,4.535558091584424,130.74019202049269,22.6585781061484,0.20153100200324545,-56.34713676261303,-3228.4531241441714,8.78651302781295,9
hough,1583,52.799969912807825,1076.0,485.0,20.0,3.466199300456407,1266.0,22.19999717545682,3.495698301447501,129.67249244022108,22.473535129236648,0.15618149938373502,-56.39248626523254,-3231.051459247287,8.793730625321603,9
hough,1584,52.833324284199364,1078.0,487.0,20.0,3.466199300456407,1260.0,22.54661710550246,3.1490783714018606,131.35696084334506,22.765470289264115,0.1387719381336956,-56.40989582648258,-3232.048953630089,8.796501443051609,9
hough,1585,52.8666786555909,1078.0,491.0,20.0,3.466199300456407,1263.5,22.54661710550246,2.455838511310579,130.86362934776548,22.67997102502056,0.1084949864176383,-56.44017277819864,-3233.78369517994,8.801320169578974,9
hough,1586,52.90003302698244,1078.0,495.0,21.0,3.639509265479227,1285.5,22.54661710550246,1.7625986512192977,130.49110241751583,22.615408395768934,0.07801707351166656,-56.47065069110461,-3235.5299509578194,8.806170880073083,9
hough,1587,52.93338739837398,1079.0,497.0,18.0,3.119579370410766,1277.5,22.71992707052528,1.415978721173657,131.3485261597037,22.764008474537253,0.06224270311605555,-56.48642506150022,-3236.433755805964,8.808681449095706,9
hough,1588,52.96674176976553,1077.0,504.0,21.0,3.639509265479227,1269.5,22.37330714047964,0.2028089660139147,129.09947980972393,22.374226330287556,0.009064525421680073,-56.5396032391946,-3239.480640950049,8.817145018940387,9
hough,1589,53.000096141157066,1078.0,508.0,21.0,3.639509265479227,1281.5,22.54661710550246,-0.4904308940773667,130.124949042694,22.551950367185576,-0.021748431956476424,-56.57041619657275,-3241.2460933621333,8.822049053418398,9
hough,1590,53.033450512548605,1077.0,515.0,20.0,3.466199300456407,1266.0,22.37330714047964,-1.703600649237109,129.46787662710693,22.438073169822722,-0.07599768668784536,-56.624665451304125,-3244.3543466999713,8.830683090467948,9
hough,1591,53.066804883940144,1077.0,519.0,20.0,3.466199300456407,1248.0,22.37330714047964,-2.39684050932839,129.83285178413453,22.501327001521375,-0.10672243623898704,-56.655390200855265,-3246.114745175848,8.835573086234273,9
hough,1592,53.10015925533168,1078.0,522.0,21.0,3.639509265479227,1270.0,22.54661710550246,-2.916770404396851,131.17826229069405,22.734500049354537,-0.12865169671854312,-56.67731946133482,-3247.3711992491694,8.839063236437944,9
hough,1593,53.13351362672322,1075.0,526.0,22.0,3.8128192305020474,1259.0,22.026687210433998,-3.6100102644881327,128.78978905649308,22.320553836677224,-0.16244834323317156,-56.71111610784945,-3249.3076044561535,8.844442139790678,9
hough,1594,53.16686799811476,1076.0,531.0,21.0,3.639509265479227,1294.0,22.19999717545682,-4.476560089602234,130.67247614725795,22.6468422705266,-0.1989785923031166,-56.74764635691939,-3251.4006335524227,8.850256109502537,9
hough,1595,53.20022236950631,1075.0,536.0,21.0,3.639509265479227,1299.5,22.026687210433998,-5.343109914716337,130.7799892009062,22.66547535409387,-0.23797772303636053,-56.786645487652635,-3253.6351191481167,8.85646301393502,9
hough,1596,53.233576740897846,1072.0,541.0,19.0,3.2928893354335864,1288.0,21.506757315365537,-6.209659739830438,129.16322396106528,22.385273826926934,-0.28108613374993735,-56.829753898366214,-3256.1050491435212,8.86332393058892,9
hough,1597,53.266931112289384,1072.0,545.0,20.0,3.466199300456407,1270.0,21.506757315365537,-6.902899599921719,130.3294930093936,22.587399874899912,-0.3105773554462836,-56.85924512006256,-3257.7947716794065,8.868017604299713,9
hough,1598,53.30028548368092,1071.0,549.0,21.0,3.639509265479227,1281.0,21.333447350342716,-7.596139460013001,130.66455801020297,22.645469978470555,-0.3420695806811282,-56.8907373452974,-3259.5991432728383,8.873029747614801,9
hough,1599,53.33363985507246,1069.0,554.0,20.0,3.466199300456407,1282.5,20.986827420297075,-8.462689285127102,130.56855640153952,22.62883194303096,-0.3832947576711897,-56.93196252228746,-3261.961171924049,8.879590938312608,9
hough,1600,53.366994226464,1068.0,557.0,19.0,3.2928893354335864,1301.0,20.813517455274255,-8.982619180195563,130.80114033020055,22.669141055572073,-0.4074275524412935,-56.95609531705757,-3263.343879212231,8.883431791890892,9
hough,1601,53.40034859785554,1066.0,561.0,20.0,3.466199300456407,1290.5,20.466897525228614,-9.675859040286845,130.62618394274483,22.6388193701816,-0.44161625885419814,-56.99028402347047,-3265.3027477967025,8.888873093514425,9
hough,1602,53.433702969247086,1063.0,565.0,20.0,3.466199300456407,1291.5,19.946967630160152,-10.369098900378127,129.71612543956772,22.481097162827258,-0.47938809973840923,-57.028055864354684,-3267.4669148638072,8.894884668700826,9
hough,1603,53.467057340638625,1060.0,571.0,20.0,3.466199300456407,1271.5,19.427037735091695,-11.408958690515048,129.99486770137565,22.529405974471572,-0.531008234896554,-57.07967599951283,-3270.424530746264,8.903100268374317,9
hough,1604,53.500411712030164,1058.0,577.0,19.0,3.2928893354335864,1273.0,19.080417805046054,-12.44881848065197,131.45435105197464,22.78234898291527,-0.5780882562602129,-57.12675602087649,-3273.1220172697876,8.910593286495216,9
hough,1605,53.5337660834217,1055.0,577.0,20.0,3.466199300456407,1270.5,18.560487909977592,-12.44881848065197,128.9522444707202,22.348708978834694,-0.5908008357387511,-57.13946860035503,-3273.8503944206323,8.912616556358673,9
hough,1606,53.56712045481324,1053.0,583.0,20.0,3.466199300456407,1266.5,18.21386797993195,-13.488678270788892,130.77561751272293,22.66471769696774,-0.6374397488247763,-57.18610751344105,-3276.5226073015388,8.920039369916747,9
hough,1607,53.60047482620478,1050.0,585.0,21.0,3.639509265479227,1303.0,17.69393808486349,-13.835298200834533,129.59944537462047,22.46087534485239,-0.6636208143252837,-57.21228857894156,-3278.022671857874,8.924206215906567,9
hough,1608,53.63382919759632,1048.0,589.0,20.0,3.466199300456407,1278.5,17.34731815481785,-14.528538060925815,130.56139498784557,22.62759079867415,-0.6971976496981788,-57.24586541431445,-3279.946482814146,8.929550135229544,9
hough,1609,53.667183568987866,1043.0,591.0,22.0,3.8128192305020474,1286.0,16.480768329703746,-14.875157990971454,128.1001766682669,22.201037137794444,-0.7342368870399414,-57.28290465165622,-3282.0686747902123,8.93544511294084,9
hough,1610,53.700537940379405,1042.0,596.0,20.0,3.466199300456407,1282.5,16.307458364680926,-15.741707816085556,130.78136264535033,22.665713385702446,-0.7677474141957871,-57.316415178812065,-3283.988686565501,8.94077847898331,9
hough,1611,53.733892311770944,1037.0,599.0,20.0,3.466199300456407,1278.0,15.440908539566825,-16.261637711154016,129.39011476021227,22.4245962633911,-0.8112808128518623,-57.35994857746814,-3286.4829665763546,8.947707034569014,9
hough,1612,53.76724668316248,1033.0,602.0,21.0,3.639509265479227,1282.5,14.747668679475543,-16.781567606222477,128.9070484190074,22.34087605269318,-0.8498172534162015,-57.398485018032474,-3288.6909419781477,8.953840299573994,9
hough,1613,53.80060105455402,1031.0,605.0,20.0,3.466199300456407,1278.5,14.401048749429902,-17.30149750129094,129.8869861489056,22.51070902638638,-0.8766336297160892,-57.425301394332365,-3290.227407161966,8.958108258417933,9
hough,1614,53.83395542594556,1026.0,609.0,19.0,3.2928893354335864,1283.0,13.534498924315802,-17.99473736138222,129.92045925930827,22.516510249979472,-0.9259292544554653,-57.474597019071744,-3293.0518384079933,8.96595390076801,9
hough,1615,53.8673097973371,1024.0,612.0,21.0,3.639509265479227,1258.5,13.18787899427016,-18.514667256450682,131.15993204060172,22.731323234352175,-0.9518671867505244,-57.5005349513668,-3294.537972457796,8.97008205090635,9
hough,1616,53.900664168728646,1019.0,613.0,21.0,3.639509265479227,1259.5,12.321329169156058,-18.687977221473503,129.1574449776199,22.384272271508145,-0.9878981807328834,-57.53656594534916,-3296.6023963446464,8.975816561703157,9
hough,1617,53.934018540120185,1016.0,617.0,20.0,3.466199300456407,1282.0,11.801399274087599,-19.381217081564785,130.93020606703698,22.691509433908838,-1.023851763982601,-57.572519528598875,-3298.6623849232274,8.981538752199215,9
hough,1618,53.967372911511724,1011.0,619.0,21.0,3.639509265479227,1280.5,10.934849448973496,-19.727837011610426,130.14644160339432,22.5556752421288,-1.064669036353273,-57.61333680096955,-3301.001042361303,8.988035022860537,9
hough,1619,54.00072728290326,1007.0,621.0,21.0,3.639509265479227,1279.0,10.241609588882215,-20.074456941656067,130.03331117620525,22.536068611749645,-1.0990370086390944,-57.64770477325537,-3302.970182123703,8.993504855533871,9
hough,1620,54.0340816542948,1004.0,623.0,21.0,3.639509265479227,1283.5,9.721679693813753,-20.421076871701704,130.50063647746342,22.617060743364977,-1.1264826090597702,-57.67515037367605,-3304.5426991940103,8.997872958506946,9
hough,1621,54.06743602568634,1000.0,625.0,21.0,3.639509265479227,1283.5,9.028439833722473,-20.767696801747345,130.66362108270667,22.645307599598944,-1.1607092225187092,-57.70937698713499,-3306.5037396922335,9.003320293224233,10
hough,1622,54.10079039707789,995.0,627.0,21.0,3.639509265479227,1286.5,8.16189000860837,-21.114316731792986,130.61531026535175,22.63693485353294,-1.2019320602522536,-57.75059982486853,-3308.865634313918,9.0098811116178,10
hough,1623,54.134144768469426,991.0,627.0,20.0,3.466199300456407,1299.5,7.4686501485170895,-21.114316731792986,129.22695487823572,22.396319029952615,-1.2308073695341968,-57.77947513415047,-3310.5200676679083,9.01447675982333,10
hough,1624,54.167499139860965,987.0,629.0,21.0,3.639509265479227,1285.0,6.7754102884258085,-21.460936661838627,129.85442472447238,22.505065807056766,-1.2649906573078749,-57.81365842192415,-3312.478625787221,9.019917199043643,10
hough,1625,54.200853511252504,981.0,630.0,21.0,3.639509265479227,1290.5,5.7355504982888865,-21.634246626861447,129.1421739348621,22.381625647621927,-1.3116436979618529,-57.86031146257813,-3315.1516481181466,9.027342261073992,10
hough,1626,54.23420788264404,977.0,632.0,20.0,3.466199300456407,1269.0,5.042310638197605,-21.98086655690709,130.1240440581381,22.55179352434385,-1.345302196580702,-57.89396996119698,-3317.0801380337534,9.032699177506233,10
hough,1627,54.26756225403558,974.0,633.0,20.0,3.466199300456407,1251.0,4.522380743129144,-22.15417652192991,130.46593948844344,22.611047409411526,-1.3694306755835528,-57.91809844019983,-3318.4625980466867,9.036539344208824,10
hough,1628,54.30091662542712,970.0,635.0,21.0,3.639509265479227,1272.5,3.829140883037862,-22.50079645197555,131.69634436849142,22.82428883613655,-1.4022331595685396,-57.950900924184815,-3320.3420419365716,9.041760021680727,10
hough,1629,54.33427099681867,965.0,634.0,20.0,3.466199300456407,1305.5,2.9625910579237607,-22.32748648695273,129.95893881623263,22.523179140644125,-1.4388788417762897,-57.98754660639256,-3322.4416848644532,9.047592363147064,10
hough,1630,54.367625368210206,959.0,635.0,20.0,3.466199300456407,1304.0,1.9227312677868387,-22.50079645197555,130.30293644557594,22.58279735775355,-1.4855517113005654,-58.03421947591684,-3325.1158433059595,9.055020581040138,10
hough,1631,54.400979739601745,955.0,635.0,20.0,3.466199300456407,1271.5,1.2294914076955572,-22.50079645197555,130.02346648865839,22.534362429295236,-1.5162084840284726,-58.06487624864475,-3326.8723469967604,9.059899757959029,10
hough,1632,54.434334110993284,950.0,636.0,21.0,3.639509265479227,1274.5,0.3629415825814556,-22.67410641699837,130.84655004232596,22.677011011192224,-1.5547908188804527,-58.10345858349673,-3329.082951947539,9.066040327266748,10
hough,1633,54.46768848238482,946.0,635.0,20.0,3.466199300456407,1264.5,-0.33029827750982577,-22.50079645197555,129.8437779346745,22.50322061228929,-1.585474676359912,-58.13414244097619,-3330.8410074802932,9.070923814857732,10
hough,1634,54.50104285377636,941.0,636.0,20.0,3.466199300456407,1257.5,-1.1968481026239275,-22.67410641699837,131.01192498624204,22.70567213693797,-1.6235321818971216,-58.172199946513395,-3333.021541926371,9.076980854985726,10
hough,1635,54.5343972251679,938.0,635.0,21.0,3.639509265479227,1275.5,-1.7167779976923885,-22.50079645197555,130.2071420895336,22.566195241258466,-1.646947328830781,-58.19561509344706,-3334.3631310223486,9.080707491363441,10
hough,1636,54.56775159655945,934.0,634.0,21.0,3.639509265479227,1275.0,-2.4100178577836697,-22.32748648695273,129.57811104308527,22.45717789260024,-1.6783195400985333,-58.22698730471481,-3336.1606263219833,9.085700533862425,10
hough,1637,54.601105967950986,927.0,633.0,22.0,3.8128192305020474,1287.5,-3.623187612943412,-22.15417652192991,129.52802328224146,22.448497184520328,-1.7329054224064777,-58.28157318702275,-3339.288166999226,9.094388146854767,10
hough,1638,54.634460339342525,925.0,632.0,19.0,3.2928893354335864,1274.0,-3.9698075429890527,-21.98086655690709,128.88162215801484,22.3364694282899,-1.7494731517434605,-58.298140916359735,-3340.2374279663504,9.097024982874558,10
hough,1639,54.66781471073406,920.0,633.0,21.0,3.639509265479227,1293.0,-4.836357368103155,-22.15417652192991,130.84032386971896,22.675931953435477,-1.785728871816887,-58.33439663643316,-3342.3147277097655,9.1027952599396,10
hough,1640,54.7011690821256,916.0,632.0,20.0,3.466199300456407,1251.0,-5.529597228194436,-21.98086655690709,130.7814106083242,22.66572169816377,-1.8172465549140338,-58.36591431953031,-3344.120557931263,9.107811454999315,10
hough,1641,54.73452345351714,912.0,630.0,21.0,3.639509265479227,1293.0,-6.222837088285718,-21.634246626861447,129.89112667944616,22.51142662158954,-1.85087385043157,-58.399541615047845,-3346.047260040857,9.113163405303743,10
hough,1642,54.76787782490868,908.0,627.0,18.0,3.119579370410766,1282.5,-6.916076948376999,-21.114316731792986,128.19895724377577,22.21815679588082,-1.887336410899207,-58.436004175515485,-3348.136410865893,9.118966602039954,10
hough,1643,54.80123219630023,904.0,627.0,19.0,3.2928893354335864,1269.0,-7.60931680846828,-21.114316731792986,129.4998811960031,22.443619880538684,-1.9166941098316728,-58.46536187444795,-3349.8184831109393,9.12363902494286,10
hough,1644,54.834586567691765,901.0,627.0,21.0,3.639509265479227,1274.5,-8.12924670353674,-21.114316731792986,130.54751691747916,22.62518559078436,-1.9383148522398415,-58.48698261685612,-3351.0572604008667,9.127080072970436,10
hough,1645,54.867940939083304,896.0,627.0,19.0,3.2928893354335864,1278.5,-8.995796528650843,-21.114316731792986,132.42625273167644,22.95078922903001,-1.9735576763833382,-58.52222544099961,-3353.0765254824105,9.132689142641391,10
hough,1646,54.90129531047484,892.0,622.0,21.0,3.639509265479227,1276.5,-9.689036388742124,-20.247766906678887,129.51703014991784,22.446591965141828,-2.0171157594755145,-58.56578352409179,-3355.5722198072726,9.139621626877119,10
hough,1647,54.93464968186638,888.0,622.0,21.0,3.639509265479227,1280.0,-10.382276248833405,-20.247766906678887,131.29321265869837,22.754422093612725,-2.04460097319115,-58.59326873780743,-3357.147006552194,9.1439960345019,10
hough,1648,54.96800405325792,883.0,620.0,20.0,3.466199300456407,1272.0,-11.248826073947507,-19.901146976633246,131.90393006822006,22.86026550649576,-2.085261033107728,-58.633928797724,-3359.4766563801627,9.150467284024035,10
hough,1649,55.00135842464946,880.0,617.0,20.0,3.466199300456407,1298.0,-11.768755969015968,-19.381217081564785,130.83234679516585,22.674549446923695,-2.116511263071025,-58.6651790276873,-3361.267162665873,9.155440912595454,10
hough,1650,55.034712796041006,877.0,615.0,21.0,3.639509265479227,1283.0,-12.28868586408443,-19.034597151519144,130.72956341025738,22.65673606208028,-2.1440703238548418,-58.69273808847112,-3362.84618053613,9.159827073346166,10
hough,1651,55.068067167432545,872.0,612.0,20.0,3.466199300456407,1266.0,-13.15523568919853,-18.514667256450682,131.05074683350298,22.712400349928885,-2.1885548294746426,-58.737222594090916,-3365.3949549618706,9.166907002306557,10
hough,1652,55.101421538824084,871.0,609.0,20.0,3.466199300456407,1281.5,-13.328545654221351,-17.99473736138222,129.20964031531787,22.393318243658936,-2.2083132088732755,-58.756980973489554,-3366.5270267114306,9.170051646055336,10
hough,1653,55.13477591021562,864.0,607.0,21.0,3.639509265479227,1273.0,-14.541715409381094,-17.64811743133658,131.94503978288552,22.867390229706526,-2.2599898122616535,-58.80865757687793,-3369.487877985156,9.178276232926795,10
hough,1654,55.16813028160716,861.0,605.0,20.0,3.466199300456407,1272.5,-15.061645304449554,-17.30149750129094,132.3578834252543,22.938940146925354,-2.2870947077272565,-58.83576247234353,-3371.0408740994785,9.182590111022135,10
hough,1655,55.2014846529987,857.0,600.0,21.0,3.639509265479227,1284.5,-15.754885164540836,-16.434947676176836,131.36421883874655,22.766728172193282,-2.335071008014369,-58.88373877263064,-3373.789713622582,9.19022577636409,10
hough,1656,55.23483902439024,855.0,597.0,20.0,3.466199300456407,1252.0,-16.101505094586475,-15.915017781108377,130.6300216020647,22.639484474784098,-2.3620191453317156,-58.91068690994799,-3375.333728156605,9.194514705625265,10
hough,1657,55.268193395781786,852.0,593.0,20.0,3.466199300456407,1262.5,-16.621434989654936,-15.221777921017095,130.04614243885598,22.53829239743084,-2.400120859427707,-58.948788624043985,-3377.5167955665197,9.200578781763916,10
hough,1658,55.301547767173325,850.0,591.0,21.0,3.639509265479227,1275.0,-16.968054919700577,-14.875157990971454,130.20101112082932,22.565132683286773,-2.4218251506840183,-58.9704929153003,-3378.760359852829,9.204033127003665,10
hough,1659,55.334902138564864,846.0,588.0,20.0,3.466199300456407,1233.0,-17.66129477979186,-14.355228095902994,131.32239392130285,22.75947949721403,-2.459091065381524,-59.0077588299978,-3380.8955394846903,9.209964181536613,10
hough,1660,55.3682565099564,843.0,584.0,21.0,3.639509265479227,1255.5,-18.18122467486032,-13.661988235811712,131.22258862213158,22.742182244305567,-2.4971744917875944,-59.04584225640387,-3383.0775590871554,9.216025347099016,10
hough,1661,55.40161088134794,841.0,580.0,20.0,3.466199300456407,1263.5,-18.52784460490596,-12.96874837572043,130.4927305880203,22.615690573942114,-2.5308935981537855,-59.079561362770065,-3385.009521570891,9.221391909553837,10
hough,1662,55.43496525273948,838.0,576.0,20.0,3.466199300456407,1247.0,-19.047774499974423,-12.27550851562915,130.75224417113836,22.660666863955253,-2.5691225996443414,-59.117790364260614,-3387.199882011299,9.227476244110525,10
hough,1663,55.46831962413103,836.0,573.0,20.0,3.466199300456407,1255.0,-19.394394430020064,-11.755578620560689,130.85791496287402,22.678980665174894,-2.596675939059053,-59.14534370367533,-3388.7785720712536,9.231861494277066,10
hough,1664,55.501673995522566,834.0,569.0,20.0,3.466199300456407,1238.0,-19.741014360065705,-11.062338760469407,130.57097257834621,22.629250690548815,-2.6308201421212805,-59.179487906737556,-3390.734890801557,9.237295712972353,10
hough,1665,55.535028366914105,831.0,565.0,20.0,3.466199300456407,1228.0,-20.260944255134167,-10.369098900378127,131.32621786805015,22.760142225291055,-2.66856736143171,-59.21723512604799,-3392.897647156399,9.243303369513582,10
hough,1666,55.568382738305644,830.0,562.0,19.0,3.2928893354335864,1237.0,-20.434254220156983,-9.849169005309665,130.88700624707366,22.684022474622004,-2.6924540798232104,-59.24112184443948,-3394.2662553066493,9.247105058819832,10
hough,1667,55.60173710969718,828.0,557.0,21.0,3.639509265479227,1235.5,-20.780874150202624,-8.982619180195563,130.6282274048326,22.63917352252456,-2.733593752107909,-59.28226151672418,-3396.623384899114,9.253652641021123,10
hough,1668,55.63509148108872,826.0,551.0,20.0,3.466199300456407,1234.5,-21.127494080248265,-7.942759390058641,130.23593822182298,22.57118589793833,-2.781994426630628,-59.3306621912469,-3399.3965392748523,9.261355847620395,10
hough,1669,55.66844585248026,824.0,549.0,21.0,3.639509265479227,1245.0,-21.474114010293906,-7.596139460013001,131.42946297606787,22.778035631350384,-2.801594581836053,-59.350262346452325,-3400.5195454459245,9.264475309206707,10
hough,1670,55.70180022387181,823.0,543.0,20.0,3.466199300456407,1209.0,-21.647423975316727,-6.556279669876078,130.50884222887188,22.618482881854565,-2.8475081160173037,-59.39617588063358,-3403.15019717704,9.271782675126472,10
hough,1671,55.735154595263346,821.0,539.0,19.0,3.2928893354335864,1199.5,-21.994043905362368,-5.863039809784797,131.33751509582112,22.762100147440897,-2.881076797473988,-59.429744562090264,-3405.073540948327,9.27712529671338,10
hough,1672,55.768508966654885,821.0,534.0,19.0,3.2928893354335864,1217.0,-21.994043905362368,-4.996489984670696,130.13932905335906,22.554442566330966,-2.9182092817543017,-59.46687704637058,-3407.201075580425,9.283035115135876,10
hough,1673,55.801863338046424,818.0,533.0,18.0,3.119579370410766,1234.5,-22.51397380043083,-4.823180019647875,132.8533790649743,23.024814478914188,-2.9305521046088083,-59.47921986922508,-3407.9082672372656,9.284999536404877,10
hough,1674,55.83521770943796,819.0,526.0,20.0,3.466199300456407,1219.5,-22.34066383540801,-3.6100102644881327,130.5779139594965,22.630453701073183,-2.981388233049528,-59.530055997665805,-3410.820962843704,9.293090357533872,10
hough,1675,55.8685720808295,818.0,521.0,21.0,3.639509265479227,1248.5,-22.51397380043083,-2.743460439374031,130.8667465660164,22.680511270006594,-3.020334581184513,-59.56900234580079,-3413.0524242192855,9.299288861354933,10
hough,1676,55.90192645222104,818.0,517.0,21.0,3.639509265479227,1233.5,-22.51397380043083,-2.0502205792827497,130.44334798181433,22.607132076187824,-3.050778773734594,-59.59944653835087,-3414.796747963089,9.304134205087719,10
hough,1677,55.93528082361259,816.0,512.0,20.0,3.466199300456407,1228.0,-22.86059373047647,-1.183670754168648,132.0825212634581,22.891217140295847,-3.0898610720041795,-59.63852883662045,-3417.0359987076076,9.310354346044717,10
hough,1678,55.968635195004126,817.0,507.0,20.0,3.466199300456407,1217.5,-22.68728376545365,-0.3171209290545463,130.9186116271419,22.689500001936164,-3.127615648607569,-59.67628341322384,-3419.199176604285,9.316363173535487,10
hough,1679,56.001989566395665,817.0,502.0,20.0,3.466199300456407,1191.0,-22.68728376545365,0.5494288960595554,130.9442055430168,22.69393568260124,3.1173799038992103,-59.71447316789665,-3421.387288367677,9.32244126176713,10
hough,1680,56.035343937787204,817.0,498.0,19.0,3.2928893354335864,1208.5,-22.68728376545365,1.2426687561508367,131.10204667060913,22.721291122903427,3.086873531529864,-59.744979540266,-3423.135174752695,9.327296501725515,10
hough,1681,56.06869830917874,818.0,494.0,20.0,3.466199300456407,1227.5,-22.51397380043083,1.9359086162421182,130.38518577394615,22.597051985976538,3.055816660710567,-59.77603641108529,-3424.914602375524,9.332239356233373,10
hough,1682,56.10205268057028,817.0,489.0,19.0,3.2928893354335864,1242.0,-22.68728376545365,2.8024584413562197,131.90075970996807,22.859716051817998,3.0186897208368157,-59.813163350959044,-3427.041819336526,9.338148292236156,10
hough,1683,56.13540705196182,819.0,484.0,20.0,3.466199300456407,1214.0,-22.34066383540801,3.6690082664703216,130.63264986704675,22.63993997929621,2.97881567416209,-59.85303739763377,-3429.326433923095,9.344494443865514,10
hough,1684,56.16876142335337,819.0,481.0,21.0,3.639509265479227,1244.0,-22.34066383540801,4.188938161538783,131.1522415677082,22.72999039876399,2.9562419494579477,-59.875611122337915,-3430.619813076533,9.348087163736174,10
hough,1685,56.202115794744905,821.0,475.0,20.0,3.466199300456407,1224.0,-21.994043905362368,5.228797951675705,130.44282152129668,22.607040835333923,2.908188522153795,-59.92366454964207,-3433.3730716521995,9.355735104224138,10
hough,1686,56.235470166136444,822.0,472.0,20.0,3.466199300456407,1220.5,-21.820733940339547,5.748727846744165,130.2019174034624,22.565289751098213,2.8839933937794426,-59.94785967801642,-3434.759350392827,9.359585878503658,10
hough,1687,56.26882453752798,822.0,468.0,20.0,3.466199300456407,1198.5,-21.820733940339547,6.441967706835447,131.27795310511507,22.75177746091494,2.8545247945199237,-59.97732827727594,-3436.44777675856,9.364275951741806,10
hough,1688,56.30217890891952,823.0,462.0,20.0,3.466199300456407,1233.5,-21.647423975316727,7.481827496972369,132.15571057475356,22.903901577276507,2.8088233054041467,-60.023029766391716,-3439.066279202357,9.371549569641243,10
hough,1689,56.33553328031106,825.0,461.0,19.0,3.2928893354335864,1248.5,-21.300804045271086,7.6551374619951895,130.60187196517126,22.63460586219869,2.796583782174208,-60.03526928962165,-3439.7675522266845,9.373497550264375,10
hough,1690,56.3688876517026,827.0,454.0,20.0,3.466199300456407,1239.5,-20.954184115225445,8.868307217154932,131.28826527147066,22.75356466210534,2.7412275144002933,-60.09062555739557,-3442.939232739726,9.38230777391171,10
hough,1691,56.402242023094146,828.0,451.0,20.0,3.466199300456407,1228.5,-20.780874150202624,9.388237112223393,131.57438279199044,22.803151679579038,2.7172653076554885,-60.114587764140374,-3444.3121660540232,9.386121477562538,10
hough,1692,56.435596394485685,829.0,448.0,19.0,3.2928893354335864,1219.0,-20.607564185179804,9.908167007291853,131.9356957619674,22.865770817768034,2.693420709805788,-60.13843236199008,-3445.678360874998,9.389916463176355,10
hough,1693,56.468950765877224,831.0,442.0,21.0,3.639509265479227,1220.5,-20.260944255134167,10.948026797428776,132.88132688379056,23.0296581144157,2.646187471256235,-60.18566560053963,-3448.384626096622,9.397433866569756,10
hough,1694,56.50230513726876,835.0,441.0,19.0,3.2928893354335864,1240.5,-19.567704395042885,11.121336762451596,129.8673972249849,22.507314070666848,2.6247691512825733,-60.20708392051329,-3449.6118054353738,9.400842698066288,10
hough,1695,56.5356595086603,837.0,436.0,19.0,3.2928893354335864,1207.0,-19.221084464997244,11.987886587565697,130.70814688156094,22.653024364240988,2.5839400948540114,-60.24791297694185,-3451.9511380502313,9.407340844218671,10
hough,1696,56.56901388005184,840.0,431.0,20.0,3.466199300456407,1214.0,-18.701154569928782,12.8544364126798,130.93848484148782,22.692944228019346,2.5393999875064504,-60.29245308428941,-3454.5030982203066,9.41442962246888,10
hough,1697,56.60236825144338,843.0,428.0,20.0,3.466199300456407,1208.0,-18.18122467486032,13.37436630774826,130.23238124979514,22.5705694392406,2.5073622349556124,-60.32449083684025,-3456.3387262265537,9.4195285891529,10
hough,1698,56.635722622834926,845.0,424.0,19.0,3.2928893354335864,1216.5,-17.83460474481468,14.067606167839541,131.06567630859345,22.714987776734624,2.4737297961172344,-60.35812327567863,-3458.265723026725,9.424881358042265,10
hough,1699,56.669076994226465,847.0,421.0,20.0,3.466199300456407,1235.0,-17.48798481476904,14.587536062908002,131.40247131421586,22.773357707378903,2.4463748450819374,-60.38547822671393,-3459.8330462698345,9.42923503371757,10
hough,1700,56.702431365618004,851.0,418.0,20.0,3.466199300456407,1216.0,-16.794744954677757,15.107465957976464,130.34333175519149,22.589798267450103,2.409034350915715,-60.422818720880144,-3461.9724989904917,9.435177957941617,10
hough,1701,56.73578573700954,854.0,414.0,20.0,3.466199300456407,1236.5,-16.274815059609296,15.800705818067746,130.8828134837957,22.68329582696495,2.3709744440475147,-60.46087862774835,-3464.153171022701,9.441235380253309,10
hough,1702,56.76914010840108,857.0,410.0,18.0,3.119579370410766,1208.5,-15.754885164540836,16.493945678159026,131.6101728508256,22.80935445342392,2.333281065177496,-60.49857200661837,-3466.31284254754,9.447234467822307,10
hough,1703,56.80249447979262,861.0,409.0,20.0,3.466199300456407,1207.5,-15.061645304449554,16.667255643181846,129.61994995146162,22.464428992347536,2.305633586384711,-60.526219485411154,-3467.8969263965446,9.451634700736207,10
hough,1704,56.83584885118417,864.0,405.0,19.0,3.2928893354335864,1236.5,-14.541715409381094,17.36049550327313,130.66850484263432,22.646154003861184,2.2680664628801677,-60.56378660891569,-3470.049364021801,9.457613694139697,10
hough,1705,56.869203222575706,868.0,404.0,21.0,3.639509265479227,1229.0,-13.848475549289812,17.53380546829595,128.91994409479386,22.343111001812677,2.2392964312411894,-60.592556640554676,-3471.697765411173,9.462192586887953,10
hough,1706,56.902557593967245,870.0,401.0,20.0,3.466199300456407,1234.5,-13.501855619244171,18.05373536336441,130.07978300511996,22.5441226427934,2.2129331450965157,-60.61891992669935,-3473.2082704413583,9.466388434194023,10
hough,1707,56.935911965358784,872.0,400.0,18.0,3.119579370410766,1196.5,-13.15523568919853,18.22704532838723,129.7014536154011,22.47855438949412,2.19596610892988,-60.63588696286598,-3474.1804100045524,9.469088821869564,10
hough,1708,56.96926633675032,879.0,396.0,21.0,3.639509265479227,1213.0,-11.942065934038789,18.920285188478513,129.09743301456743,22.373871600290574,2.1338258493881215,-60.69802722240774,-3477.7407846141423,9.478978751340646,10
hough,1709,57.00262070814186,882.0,395.0,21.0,3.639509265479227,1192.0,-11.422136038970327,19.093595153501333,128.37855228344338,22.249282405923886,2.109904646767106,-60.721948425028756,-3479.111368565204,9.482785928982484,10
hough,1710,57.0359750795334,885.0,392.0,20.0,3.466199300456407,1218.5,-10.902206143901866,19.61352504856979,129.4783340941652,22.439885553072816,2.078120903248386,-60.75373216854748,-3480.932442925953,9.487844468873455,10
hough,1711,57.06932945092495,891.0,389.0,21.0,3.639509265479227,1185.5,-9.862346353764945,20.133454943638252,129.3591526319925,22.419230218032297,2.02628995132574,-60.805563120470126,-3483.902137719266,9.496093621077101,10
hough,1712,57.102683822316486,893.0,389.0,20.0,3.466199300456407,1243.0,-9.515726423719304,20.133454943638252,128.49189497385973,22.268925823635534,2.0123112760634077,-60.819541795732455,-3484.7030568149817,9.498318396342977,10
hough,1713,57.136038193708025,898.0,386.0,21.0,3.639509265479227,1249.0,-8.649176598605202,20.653384838706714,129.1980266555458,22.39130548069005,1.9673848312047637,-60.8644682405911,-3487.2771524939094,9.505468662117776,10
hough,1714,57.169392565099564,901.0,386.0,19.0,3.2928893354335864,1181.5,-8.12924670353674,20.653384838706714,128.06910301921585,22.19565176476427,1.9457764363668635,-60.886076635429,-3488.515222320173,9.508907744968509,10
hough,1715,57.2027469364911,905.0,383.0,20.0,3.466199300456407,1210.5,-7.43600684344546,21.173314733775175,129.48540386355177,22.441110814557923,1.9085372113468293,-60.92331586044903,-3490.6488727461588,9.514834551707358,10
hough,1716,57.23610130788264,911.0,379.0,18.0,3.119579370410766,1212.5,-6.396147053308538,21.866554593866457,131.45707132960422,22.782820434136106,1.8553658398525825,-60.97648723194328,-3493.6953679237017,9.523297038311645,10
hough,1717,57.26945567927418,914.0,381.0,20.0,3.466199300456407,1206.0,-5.876217158240077,21.519934663820816,128.71614436833744,22.307790478348856,1.837357341486921,-60.99449573030894,-3494.7271788754224,9.526163179844202,10
hough,1718,57.30281005066573,919.0,379.0,21.0,3.639509265479227,1197.5,-5.009667333125975,21.866554593866457,129.439052915964,22.433077733452713,1.7960114888430485,-61.03584158295281,-3497.096121732286,9.532743576668823,10
hough,1719,57.336164422057266,925.0,379.0,20.0,3.466199300456407,1215.5,-3.9698075429890527,21.866554593866457,128.23259543774557,22.223986630101155,1.7503873169766022,-61.08146575481926,-3499.710194224013,9.540004889145841,10
hough,1720,57.369518793448805,930.0,379.0,21.0,3.639509265479227,1234.5,-3.103257717874951,21.866554593866457,127.43445489139191,22.085660919929307,1.711772901666267,-61.1200801701296,-3501.9226372496605,9.546150564217085,10
hough,1721,57.402873164840344,931.0,378.0,18.0,3.119579370410766,1201.5,-2.9299477528521307,22.039864558889278,128.28900601611198,22.233763145464756,1.7029599566750777,-61.12889311512078,-3502.4275818027363,9.547553187975629,10
hough,1722,57.43622753623188,937.0,377.0,20.0,3.466199300456407,1193.5,-1.8900879627152087,22.213174523912098,128.6333533594748,22.293441971498666,1.6556804669458713,-61.17617260484999,-3505.136497021752,9.555077952472894,10
hough,1723,57.46958190762342,942.0,377.0,20.0,3.466199300456407,1224.0,-1.0235381376011072,22.213174523912098,128.30620155420849,22.236743303570808,1.6168417343385593,-61.215011337457305,-3507.3617924817886,9.561259328750774,10
hough,1724,57.50293627901496,946.0,377.0,19.0,3.2928893354335864,1223.0,-0.33029827750982577,22.213174523912098,128.1843780102775,22.215630069433175,1.585664707595371,-61.24618836420049,-3509.1481045319397,9.566221306667861,10
hough,1725,57.53629065040651,951.0,376.0,20.0,3.466199300456407,1218.5,0.536251547604276,22.38648448893492,129.2072635173041,22.392906320878307,1.5468466523833833,-61.28500641941248,-3511.3722152644923,9.572399392036063,10
hough,1726,57.569645021798046,956.0,376.0,19.0,3.2928893354335864,1224.5,1.4028013727183777,22.38648448893492,129.42356318072743,22.43039320798065,1.5082152819391292,-61.32363778985673,-3513.5856297477544,9.57854776560068,10
hough,1727,57.602999393189585,961.0,378.0,20.0,3.466199300456407,1231.0,2.269351197832479,22.039864558889278,127.84255797345436,22.15638925080726,1.468192157968572,-61.36366091382729,-3515.878785834196,9.584917643618573,10
hough,1728,57.63635376458112,966.0,379.0,20.0,3.466199300456407,1207.0,3.135901022946581,21.866554593866457,127.46105668391041,22.090271275660236,1.4283566883820384,-61.403496383413824,-3518.1611901164265,9.591257655513658,10
hough,1729,57.66970813597266,971.0,379.0,20.0,3.466199300456407,1182.5,4.002450848060683,21.866554593866457,128.2663741272228,22.229840813592972,1.3897605080664959,-61.44209256372937,-3520.3725883538327,9.597400428395341,10
hough,1730,57.7030625073642,975.0,380.0,20.0,3.466199300456407,1235.5,4.695690708151964,21.693244628843637,128.06902717431151,22.195638620086555,1.3576263709792709,-61.474226700816594,-3522.213738787226,9.602514735154767,10
hough,1731,57.73641687875574,979.0,380.0,21.0,3.639509265479227,1230.5,5.388930568243246,21.693244628843637,128.9745289969577,22.352571109297468,1.3273098447129865,-61.50454322708288,-3523.9507477917814,9.607339760167422,10
hough,1732,57.769771250147286,984.0,384.0,19.0,3.2928893354335864,1193.5,6.255480393357347,21.000004768752355,126.43183623922422,21.9118971163909,1.2812856644311321,-61.55056740736473,-3526.587739077481,9.61466473596103,10
hough,1733,57.803125621538825,988.0,384.0,20.0,3.466199300456407,1242.0,6.948720253448628,21.000004768752355,127.63135439003437,22.119785565152046,1.2512451511477523,-61.58060792064811,-3528.308933703025,9.619445832143098,10
hough,1734,57.836479992930364,993.0,386.0,20.0,3.466199300456407,1218.5,7.8152700785627305,20.653384838706714,127.41673181429059,22.08258933405678,1.2090469325892976,-61.62280613920657,-3530.726713529395,9.626161887216348,10
hough,1735,57.8698343643219,999.0,389.0,21.0,3.639509265479227,1205.5,8.855129868699652,20.133454943638252,126.90993815381678,21.99475694248628,1.1564388633416978,-61.675414208454164,-3533.7409338656144,9.634534721483623,10
hough,1736,57.90318873571344,1002.0,390.0,20.0,3.466199300456407,1203.0,9.375059763768114,19.960144978615432,127.2413338490379,22.052191118833765,1.1316902317721638,-61.7001628400237,-3535.1589260032733,9.638473588532676,10
hough,1737,57.93654310710498,1006.0,391.0,20.0,3.466199300456407,1231.0,10.068299623859394,19.78683501359261,128.10062462498834,22.201114773158167,1.1001030979477198,-61.731749973848146,-3536.968735458329,9.643500837018943,10
hough,1738,57.96989747849652,1010.0,395.0,20.0,3.466199300456407,1213.0,10.761539483950676,19.093595153501333,126.4640730088746,21.917484069811454,1.0575561790054786,-61.77429689279038,-3539.406494345004,9.650272389481929,10
hough,1739,58.003251849888066,1016.0,397.0,19.0,3.2928893354335864,1215.0,11.801399274087599,18.746975223455692,127.81866466579676,22.15224830249284,1.0089607847364164,-61.822892287059446,-3542.190805340396,9.65800658669135,10
hough,1740,58.036606221279605,1019.0,398.0,19.0,3.2928893354335864,1233.0,12.321329169156058,18.57366525843287,128.60729246206887,22.288925358280782,0.9850751363230409,-61.84677793547282,-3543.5593521854157,9.661808105705294,10
hough,1741,58.069960592671144,1023.0,402.0,21.0,3.639509265479227,1228.0,13.01456902924734,17.88042539834159,127.60574989829382,22.115348051584064,0.9416115574983207,-61.89024151429754,-3546.049631814606,9.668725549119712,10
hough,1742,58.10331496406268,1027.0,405.0,21.0,3.639509265479227,1231.0,13.707808889338622,17.36049550327313,127.63212588831387,22.119919273491877,0.9024304580937884,-61.92942261370207,-3548.2945434471685,9.674961414765718,10
hough,1743,58.13666933545422,1030.0,407.0,20.0,3.466199300456407,1234.0,14.227738784407082,17.013875573227487,127.97204295182769,22.178830287880118,0.8743431723530508,-61.95750989944281,-3549.903826378091,9.679431645129391,10
hough,1744,58.17002370684576,1033.0,410.0,19.0,3.2928893354335864,1221.5,14.747668679475543,16.493945678159026,127.66513845516238,22.125640680297707,0.841235922665144,-61.99061714913072,-3551.800732056494,9.6847008275694,10
hough,1745,58.20337807823731,1036.0,413.0,20.0,3.466199300456407,1217.5,15.267598574544005,15.974015783090566,127.49875048912098,22.096803987722854,0.8080057292529234,-62.023847342542936,-3553.704681891417,9.689989577110852,10
hough,1746,58.236732449628846,1040.0,414.0,19.0,3.2928893354335864,1203.5,15.960838434635287,15.800705818067746,129.58913675890037,22.459088759022503,0.7803564922961622,-62.0514965794997,-3555.2888664757966,9.69439008984524,10
hough,1747,58.270086821020385,1043.0,420.0,20.0,3.466199300456407,1227.0,16.480768329703746,14.760846027930823,127.65918262498892,22.12460847557866,0.7304013927119314,-62.10145167908393,-3558.1510828471287,9.702340690876719,10
hough,1748,58.303441192411924,1045.0,422.0,21.0,3.639509265479227,1218.5,16.827388259749387,14.414226097885182,127.84585552461671,22.156960749283865,0.7083093159967864,-62.123543755799076,-3559.416865603586,9.7058567540891,10
hough,1749,58.33679556380346,1048.0,429.0,19.0,3.2928893354335864,1236.5,17.34731815481785,13.20105634272544,125.78054260656447,21.79902143969505,0.6504947908039429,-62.18135828099192,-3562.7293938916887,9.715058221556053,10
hough,1750,58.370149935195,1052.0,429.0,19.0,3.2928893354335864,1230.0,18.04055801490913,13.20105634272544,128.98642683249395,22.354633122758102,0.6317140293654069,-62.20013904243046,-3563.8054522581588,9.718047272574024,10
hough,1751,58.40350430658654,1054.0,434.0,20.0,3.466199300456407,1231.0,18.38717794495477,12.334506517611338,127.75434597855042,22.14110123305586,0.5908732219065587,-62.24097984988931,-3566.1454581574576,9.724547288960967,10
hough,1752,58.43685867797809,1057.0,439.0,20.0,3.466199300456407,1267.0,18.907107840023233,11.467956692497237,127.59324385700498,22.11318063000572,0.5452159795089108,-62.28663709228695,-3568.761425451048,9.731813864776495,10
hough,1753,58.470213049369626,1059.0,443.0,19.0,3.2928893354335864,1215.0,19.253727770068874,10.774716832405955,127.3069161763361,22.06355718968393,0.5101968459521748,-62.32165622584369,-3570.767874006054,9.737387332984845,10
hough,1754,58.503567420761165,1061.0,445.0,20.0,3.466199300456407,1234.5,19.600347700114515,10.428096902360315,128.10443697495245,22.2017754913971,0.4889469986561917,-62.34290607313967,-3571.9854005714114,9.74076935122195,10
hough,1755,58.536921792152704,1064.0,449.0,20.0,3.466199300456407,1269.0,20.120277595182973,9.734857042269033,128.96879526923647,22.35157739714665,0.45063067252738936,-62.381222399268474,-3574.180764345039,9.74686758392647,10
hough,1756,58.57027616354424,1066.0,453.0,19.0,3.2928893354335864,1236.5,20.466897525228614,9.041617182177752,129.10447390223842,22.375091856286563,0.41598701102084673,-62.415866060775016,-3576.1656999362435,9.752381293902038,10
hough,1757,58.60363053493578,1068.0,457.0,20.0,3.466199300456407,1260.0,20.813517455274255,8.34837732208647,129.39466839846722,22.42538545427779,0.38145741666121225,-62.45039565513465,-3578.144099961349,9.757876849527332,10
hough,1758,58.63698490632732,1068.0,463.0,19.0,3.2928893354335864,1227.0,20.813517455274255,7.308517531949549,127.28290417826418,22.059395671137956,0.33769257245453543,-62.494160499341326,-3580.6516408254392,9.76484224081647,10
hough,1759,58.67033927771887,1070.0,466.0,19.0,3.2928893354335864,1246.5,21.160137385319896,6.788587636881088,128.22360603029145,22.222428676209706,0.3104462717133689,-62.521406800082495,-3582.2127388652525,9.769178624260396,10
hough,1760,58.703693649110406,1072.0,469.0,20.0,3.466199300456407,1236.5,21.506757315365537,6.268657741812627,129.25806973171774,22.401711544121273,0.2836164167058895,-62.54823665508997,-3583.749976322129,9.773448728307276,10
hough,1761,58.737048020501945,1072.0,473.0,19.0,3.2928893354335864,1257.5,21.506757315365537,5.575417881721346,128.19628276529264,22.217693282108453,0.2536563162182688,-62.57819675557759,-3585.4665636338573,9.77821702639541,10
hough,1762,58.770402391893484,1072.0,479.0,19.0,3.2928893354335864,1276.0,21.506757315365537,4.535558091584424,126.82367444977598,21.97980658295623,0.20784436303412476,-62.624008708761735,-3588.0913952025594,9.78550822519736,10
hough,1763,58.80375676328502,1075.0,482.0,21.0,3.639509265479227,1225.0,22.026687210433998,4.015628196515962,129.18896315263976,22.389734685318423,0.18032702748334153,-62.65152604431252,-3589.668022393065,9.789887745170986,10
hough,1764,58.83711113467656,1075.0,487.0,21.0,3.639509265479227,1243.0,22.026687210433998,3.1490783714018606,128.38647166092184,22.25065491295768,0.14200422271080707,-62.68984884908505,-3591.8637573656347,9.79598700898368,10
hough,1765,58.8704655060681,1075.0,493.0,19.0,3.2928893354335864,1254.0,22.026687210433998,2.109218581264938,127.67554030292794,22.12744342417013,0.09546633067701447,-62.73638674111885,-3594.5301821666067,9.803393744541935,10
hough,1766,58.90381987745965,1076.0,494.0,20.0,3.466199300456407,1260.5,22.19999717545682,1.9359086162421182,128.58029213225106,22.28424593206445,0.08698306313284127,-62.74487000866302,-3595.0162375933683,9.804743898505162,10
hough,1767,58.937174248851186,1075.0,498.0,21.0,3.639509265479227,1223.5,22.026687210433998,1.2426687561508367,127.29627448095704,22.06171287783,0.05635676660698066,-62.77549630518888,-3596.770995126416,9.80961822498585,10
hough,1768,58.970528620242725,1076.0,505.0,20.0,3.466199300456407,1275.5,22.19999717545682,0.029499000991094367,128.09428916234125,22.2000167743484,0.0013287832154286036,-62.830524288580435,-3599.9238663298684,9.818376200550997,10
hough,1769,59.00388299163426,1076.0,511.0,19.0,3.2928893354335864,1264.0,22.19999717545682,-1.0103607891458277,128.2267694442521,22.22297692737258,-0.04548036891437713,-62.87733344071024,-3602.605833189492,9.825826108494395,10
hough,1770,59.0372373630258,1076.0,512.0,21.0,3.639509265479227,1303.0,22.19999717545682,-1.183670754168648,128.2761239791985,22.23153056009786,-0.05326806948529493,-62.885121141281154,-3603.0520355643166,9.827065559535574,10
hough,1771,59.07059173441734,1076.0,517.0,20.0,3.466199300456407,1261.0,22.19999717545682,-2.0502205792827497,128.6392703967699,22.294467453025316,-0.09209106967711486,-62.92394414147298,-3605.276429623344,9.833244431921761,10
hough,1772,59.10394610580888,1076.0,521.0,20.0,3.466199300456407,1270.5,22.19999717545682,-2.743460439374031,129.0685872405929,22.368872340211993,-0.12295592231626726,-62.95480899411213,-3607.04485541486,9.838156725787085,10
hough,1773,59.13730047720043,1075.0,524.0,19.0,3.2928893354335864,1253.0,22.026687210433998,-3.263390334442492,128.48147961158196,22.267120737563474,-0.14708623691557673,-62.97893930871144,-3608.427420599724,9.841997184633929,10
hough,1774,59.170654848591965,1074.0,529.0,20.0,3.466199300456407,1263.0,21.853377245411178,-4.129940159556594,128.32614759321186,22.24020015089283,-0.18678123066641933,-63.01863430246228,-3610.701776209445,9.848314839105376,10
hough,1775,59.204009219983504,1073.0,537.0,20.0,3.466199300456407,1277.0,21.680067280388357,-5.516419879739156,129.08016289151553,22.370878515868508,-0.2491593204789155,-63.08101239227478,-3614.2757774897896,9.858242620439666,10
hough,1776,59.23736359137504,1072.0,540.0,20.0,3.466199300456407,1255.5,21.506757315365537,-6.036349774807618,128.8894054722846,22.337818354213752,-0.2736319632060307,-63.10548503500189,-3615.6779566315845,9.862137562500207,10
hough,1777,59.27071796276658,1070.0,544.0,20.0,3.466199300456407,1241.5,21.160137385319896,-6.729589634898899,128.12002366048011,22.204476819320725,-0.30791625037094733,-63.139769322166806,-3617.6423015897485,9.867594076272885,10
hough,1778,59.30407233415812,1069.0,549.0,21.0,3.639509265479227,1239.0,20.986827420297075,-7.596139460013001,128.78218050528352,22.31923519893322,-0.347278981535587,-63.17913205333145,-3619.897619955591,9.873858849511336,10
hough,1779,59.33742670554967,1068.0,553.0,21.0,3.639509265479227,1285.5,20.813517455274255,-8.289379320104281,129.26832553882468,22.40348897769226,-0.3790132678532884,-63.21086633964915,-3621.7158606274547,9.878909518044292,10
hough,1780,59.370781076941206,1064.0,556.0,21.0,3.639509265479227,1257.5,20.120277595182973,-8.809309215172743,126.73407324808497,21.96427780182516,-0.4126893966890417,-63.2445424684849,-3623.645360680082,9.884269240412701,10
hough,1781,59.404135448332745,1063.0,561.0,19.0,3.2928893354335864,1263.5,19.946967630160152,-9.675859040286845,127.92042399470232,22.169884208226208,-0.4516398742727003,-63.28349294606856,-3625.8770586556448,9.89046840145593,10
hough,1782,59.437489819724284,1062.0,565.0,21.0,3.639509265479227,1294.0,19.773657665137332,-10.369098900378127,128.82967378248125,22.32746625714318,-0.4829683100153327,-63.31482138181119,-3627.6720458024442,9.895454476863707,10
hough,1783,59.47084419111582,1059.0,569.0,20.0,3.466199300456407,1238.0,19.253727770068874,-11.062338760469407,128.1255560554193,22.205435638494126,-0.5215003016860236,-63.35335337348189,-3629.8797663014084,9.901587033805274,10
hough,1784,59.50419856250736,1057.0,574.0,20.0,3.466199300456407,1260.5,18.907107840023233,-11.92888858558351,128.9925552708012,22.355695242186776,-0.5628456811919685,-63.39469875298783,-3632.2486820494655,9.908167355327654,10
hough,1785,59.5375529338989,1056.0,577.0,20.0,3.466199300456407,1239.0,18.733797875000413,-12.44881848065197,129.78393469990618,22.49284918336474,-0.5865088715378061,-63.41836194333367,-3633.604482986097,9.91193346904052,10
hough,1786,59.57090730529045,1052.0,580.0,21.0,3.639509265479227,1296.5,18.04055801490913,-12.96874837572043,128.1994346345916,22.218239532466413,-0.6232759805557853,-63.455129052351644,-3635.7110831577243,9.917785136183928,10
hough,1787,59.604261676681986,1049.0,587.0,20.0,3.466199300456407,1269.5,17.52062811984067,-14.181918130880174,130.06208921623062,22.541056132859868,-0.6804713133353049,-63.512324385131166,-3638.988134333837,9.926888056117576,10
hough,1788,59.637616048073525,1048.0,588.0,21.0,3.639509265479227,1284.5,17.34731815481785,-14.355228095902994,129.9215851202367,22.516705372897597,-0.6912967907011408,-63.523149862497,-3639.608388498114,9.928610984351678,10
hough,1789,59.670970419465064,1044.0,592.0,19.0,3.2928893354335864,1256.0,16.654078294726567,-15.048467955994274,129.51255999173068,22.445817242182766,-0.7347952994062045,-63.566648371202064,-3642.100669462027,9.935533987029213,10
hough,1790,59.7043247908566,1041.0,594.0,20.0,3.466199300456407,1249.5,16.134148399658105,-15.395087886039915,128.67500651325753,22.300660878123843,-0.7619619725850976,-63.59381504438096,-3643.6572051785893,9.939857697352998,10
hough,1791,59.73767916224814,1038.0,598.0,20.0,3.466199300456407,1252.0,15.614218504589646,-16.088327746131196,129.36124059700697,22.419592083175925,-0.8003519749215776,-63.63220504671744,-3645.8567902879668,9.945967655990158,10
hough,1792,59.77103353363968,1034.0,601.0,21.0,3.639509265479227,1247.5,14.920978644498364,-16.608257641199657,128.823739672609,22.32643781676878,-0.8388619089594129,-63.67071498075528,-3648.063246977662,9.952096702350422,10
hough,1793,59.80438790503123,1031.0,607.0,20.0,3.466199300456407,1254.5,14.401048749429902,-17.64811743133658,131.43039348978843,22.778196898650748,-0.886368854725486,-63.71822192652135,-3650.785194467615,9.959657667600291,10
hough,1794,59.837742276422766,1027.0,608.0,21.0,3.639509265479227,1270.5,13.707808889338622,-17.8214273963594,129.7299291038325,22.483489475398173,-0.9151352989866585,-63.74698837078252,-3652.433390315378,9.964235989399633,10
hough,1795,59.871096647814305,1022.0,611.0,19.0,3.2928893354335864,1266.0,12.84125906422452,-18.34135729142786,129.18936290411716,22.38980396623299,-0.959985878686016,-63.791838950481875,-3655.0031392408664,9.971374180859325,10
hough,1796,59.904451019205844,1019.0,613.0,21.0,3.639509265479227,1286.0,12.321329169156058,-18.687977221473503,129.1574449776199,22.384272271508145,-0.9878981807328834,-63.81975125252875,-3656.6023963446464,9.975816561703157,10
hough,1797,59.93780539059738,1016.0,615.0,20.0,3.466199300456407,1281.5,11.801399274087599,-19.034597151519144,129.22615717695135,22.396180780370923,-1.0158025333091278,-63.84765560510499,-3658.20119797731,9.980257677349446,10
hough,1798,59.97115976198892,1010.0,619.0,19.0,3.2928893354335864,1291.5,10.761539483950676,-19.727837011610426,129.66459775078388,22.472166900886425,-1.0714144022801413,-63.903267474076,-3661.387523360184,9.989108581190761,10
hough,1799,60.00451413338046,1008.0,620.0,21.0,3.639509265479227,1286.5,10.414919553905035,-19.901146976633246,129.60397673907866,22.461660675468142,-1.088657323824437,-63.9205103956203,-3662.375469991147,9.991852877387881,10
hough,1800,60.03786850477201,1002.0,625.0,19.0,3.2928893354335864,1283.0,9.375059763768114,-20.767696801747345,131.47379426620125,22.785718685692817,-1.1467579122262819,-63.97861098402215,-3665.7043884938,10.001099873228583,11
hough,1801,60.071222876163546,1000.0,624.0,20.0,3.466199300456407,1261.5,9.028439833722473,-20.594386836724524,129.74714753484113,22.486473601074028,-1.1576364009067301,-63.989489472702594,-3666.3276799826704,10.002831238475446,11
hough,1802,60.104577247555085,994.0,629.0,18.0,3.119579370410766,1253.0,7.98858004358555,-21.460936661838627,132.13057967630206,22.899546142144885,-1.2144491723548352,-64.0463022441507,-3669.582812009088,10.01187327188216,11
hough,1803,60.137931618946624,990.0,628.0,21.0,3.639509265479227,1254.0,7.295340183494269,-21.287626696815806,129.8425088172812,22.50300066159825,-1.240636628009681,-64.07248969980554,-3671.0832426942966,10.01604113489663,11
hough,1804,60.17128599033816,987.0,629.0,20.0,3.466199300456407,1257.5,6.7754102884258085,-21.460936661838627,129.85442472447238,22.505065807056766,-1.2649906573078749,-64.09684372910374,-3672.478625787221,10.019917199043643,11
hough,1805,60.2046403617297,980.0,630.0,22.0,3.8128192305020474,1289.0,5.562240533266066,-21.634246626861447,128.88953695497955,22.337841141475014,-1.319143271298939,-64.1509963430948,-3675.5813420185104,10.02853585524167,11
hough,1806,60.23799473312124,978.0,632.0,20.0,3.466199300456407,1254.0,5.215620603220425,-21.98086655690709,130.35127615101206,22.591175110411896,-1.3378247643984849,-64.16967783619435,-3676.651712728117,10.031509107212798,11
hough,1807,60.27134910451279,974.0,633.0,21.0,3.639509265479227,1266.5,4.522380743129144,-22.15417652192991,130.46593948844344,22.611047409411526,-1.3694306755835528,-64.20128374737942,-3678.4625980466867,10.036539344208824,11
hough,1808,60.304703475904326,969.0,635.0,21.0,3.639509265479227,1293.5,3.655830918015042,-22.50079645197555,131.53227272373556,22.795853585122675,-1.409728172356589,-64.24158124415246,-3680.771474536724,10.042952890014483,11
hough,1809,60.338057847295865,964.0,633.0,21.0,3.639509265479227,1287.5,2.78928109290094,-22.15417652192991,128.83896089720238,22.329075806670662,-1.4455521544662393,-64.2774052262621,-3682.824037516959,10.048654453848469,11
hough,1810,60.371412218687404,960.0,633.0,20.0,3.466199300456407,1284.0,2.096041232809659,-22.15417652192991,128.40064032729086,22.253110484030515,-1.4764655591398,-64.30831863093566,-3684.5952451351336,10.053574475010066,11
hough,1811,60.40476659007894,955.0,634.0,21.0,3.639509265479227,1269.0,1.2294914076955572,-22.32748648695273,129.02496757104785,22.36131261680883,-1.5157856144163357,-64.34763868621219,-3686.8481183527,10.059832456169973,11
hough,1812,60.43812096147048,952.0,634.0,20.0,3.466199300456407,1273.0,0.7095615126270962,-22.32748648695273,128.89482999814442,22.338758478600784,-1.5390272880588083,-64.37088035985467,-3688.1797681612343,10.063531483415902,11
hough,1813,60.47147533286202,945.0,634.0,21.0,3.639509265479227,1269.0,-0.5036082425326461,-22.32748648695273,128.8625575377837,22.333165339624465,-1.5933480307233492,-64.42520110251921,-3691.2921174559287,10.072176898123386,11
hough,1814,60.50482970425357,942.0,634.0,20.0,3.466199300456407,1270.5,-1.0235381376011072,-22.32748648695273,128.96508705350922,22.350934726408664,-1.6166063222050844,-64.44845939400095,-3692.6247193965173,10.075878570180576,11
hough,1815,60.538184075645106,938.0,635.0,21.0,3.639509265479227,1277.5,-1.7167779976923885,-22.50079645197555,130.2071420895336,22.566195241258466,-1.646947328830781,-64.47880040062664,-3694.363131022348,10.08070749136344,11
hough,1816,60.571538447036644,932.0,633.0,22.0,3.8128192305020474,1285.0,-2.7566377878293107,-22.15417652192991,128.8155680660166,22.32502159591607,-1.694589766918557,-64.52644283871442,-3697.092841650491,10.08829002088606,11
hough,1817,60.60489281842818,929.0,634.0,21.0,3.639509265479227,1255.5,-3.2765676828977717,-22.32748648695273,130.20961984710834,22.56662466133708,-1.7165066812665093,-64.54835975306237,-3698.3485883425788,10.091778206141859,11
hough,1818,60.63824718981972,924.0,634.0,21.0,3.639509265479227,1299.0,-4.143117508011874,-22.32748648695273,131.0290171678121,22.70863438232804,-1.7542707676054723,-64.58612383940134,-3700.512311106969,10.097788547154053,11
hough,1819,60.67160156121126,919.0,631.0,22.0,3.8128192305020474,1308.5,-5.009667333125975,-21.807556591884268,129.10725322825664,22.375573541181566,-1.7966003096923386,-64.6284533814882,-3702.9376152172676,10.104525503015994,11
hough,1820,60.70495593260281,915.0,630.0,21.0,3.639509265479227,1288.5,-5.702907193217256,-21.634246626861447,129.09403489904298,22.373282673007886,-1.8285386452334924,-64.66039171702936,-3704.7675470484483,10.109608646991497,11
hough,1821,60.738310303994346,910.0,631.0,19.0,3.2928893354335864,1281.5,-6.569457018331358,-21.807556591884268,131.4153250833668,22.775585393660865,-1.8633965975420794,-64.69524966933794,-3706.764760598199,10.11515646240747,11
hough,1822,60.771664675385885,907.0,630.0,21.0,3.639509265479227,1267.0,-7.089386913399819,-21.634246626861447,131.36119301106496,22.76620376610362,-1.8874618427631737,-64.71931491455904,-3708.1435975823147,10.118986565141125,11
hough,1823,60.805019046777424,903.0,628.0,21.0,3.639509265479227,1270.0,-7.7826267734911,-21.287626696815806,130.78107836626478,22.665664117304075,-1.921295174101339,-64.75314824589721,-3710.0821046748597,10.12437130706486,11
hough,1824,60.83837341816896,900.0,625.0,20.0,3.466199300456407,1278.5,-8.30255666855956,-20.767696801747345,129.05094598309515,22.365814934492096,-1.951114979022506,-64.78296805081837,-3711.790653642746,10.1291172764201,11
hough,1825,60.8717277895605,894.0,624.0,21.0,3.639509265479227,1262.0,-9.342416458696484,-20.594386836724524,130.4850833053174,22.614365223644356,-1.9966722999010398,-64.8285253716969,-3714.400895855009,10.136367949231943,11
hough,1826,60.90508216095204,891.0,623.0,21.0,3.639509265479227,1256.5,-9.862346353764945,-20.421076871701704,130.85156601171767,22.677880328672057,-2.0207106304267044,-64.85256370222257,-3715.77819074067,10.14019376835878,11
hough,1827,60.93843653234359,889.0,619.0,18.0,3.119579370410766,1242.5,-10.208966283810586,-19.727837011610426,128.1683162850452,22.212846412394956,-2.0483381499430577,-64.88019122173893,-3717.361131007373,10.144590824655175,11
hough,1828,60.971790903735126,884.0,619.0,20.0,3.466199300456407,1231.0,-11.075516108924687,-19.727837011610426,130.5418535894818,22.624204079607225,-2.08236167284913,-64.914214744645,-3719.310535274057,10.150005836507075,11
hough,1829,61.005145275126665,880.0,617.0,20.0,3.466199300456407,1260.0,-11.768755969015968,-19.381217081564785,130.83234679516585,22.674549446923695,-2.116511263071025,-64.94836433486688,-3721.2671626658725,10.155440912595452,11
hough,1830,61.038499646518204,876.0,614.0,20.0,3.466199300456407,1274.0,-12.46199582910725,-18.861287186496323,130.43914602704993,22.606403835554577,-2.1546694512903923,-64.98652252308625,-3723.4534658047082,10.161513976869996,11
hough,1831,61.07185401790974,874.0,612.0,21.0,3.639509265479227,1265.5,-12.80861575915289,-18.514667256450682,129.90255944331952,22.513408033496546,-2.176003880430288,-65.00785695222615,-3724.675838552745,10.164909456725654,11
hough,1832,61.10520838930128,870.0,609.0,20.0,3.466199300456407,1254.0,-13.501855619244171,-17.99473736138222,129.80732952441738,22.49690373958249,-2.2145037785877637,-65.04635685038363,-3726.8817202288524,10.171036905825952,11
hough,1833,61.13856276069282,865.0,607.0,20.0,3.466199300456407,1219.0,-14.368405444358274,-17.64811743133658,131.31139278623306,22.757572890879874,-2.2541124579253586,-65.08596552972122,-3729.1511303869834,10.177340822931871,11
hough,1834,61.17191713208437,862.0,604.0,21.0,3.639509265479227,1266.5,-14.888335339426733,-17.12818753626812,130.9470812043897,22.69443406337319,-2.2863490316150994,-65.11820210341097,-3730.998150005368,10.18247143298294,11
hough,1835,61.205271503475906,859.0,601.0,20.0,3.466199300456407,1265.0,-15.408265234495195,-16.608257641199657,130.7195252303101,22.654996345464724,-2.3187316159257754,-65.15058468772163,-3732.853535416096,10.187625281346072,11
hough,1836,61.238625874867445,856.0,598.0,20.0,3.466199300456407,1248.5,-15.928195129563656,-16.088327746131196,130.62943954915497,22.63938359921467,-2.3511929701354335,-65.18304604193129,-3734.7134340095886,10.192791666327997,11
hough,1837,61.271980246258984,852.0,593.0,20.0,3.466199300456407,1269.5,-16.621434989654936,-15.221777921017095,130.04614243885598,22.53829239743084,-2.400120859427707,-65.23197393122356,-3737.5167955665192,10.200578781763916,11
hough,1838,61.30533461765052,850.0,591.0,21.0,3.639509265479227,1230.5,-16.968054919700577,-14.875157990971454,130.20101112082932,22.565132683286773,-2.4218251506840183,-65.25367822247988,-3738.7603598528285,10.204033127003663,11
hough,1839,61.33868898904206,846.0,588.0,19.0,3.2928893354335864,1236.0,-17.66129477979186,-14.355228095902994,131.32239392130285,22.75947949721403,-2.459091065381524,-65.29094413717739,-3740.8955394846907,10.209964181536614,11
hough,1840,61.3720433604336,844.0,583.0,20.0,3.466199300456407,1235.0,-18.0079147098375,-13.488678270788892,129.8225578850956,22.499542966238987,-2.498705166600228,-65.3305582383961,-3743.1652602937265,10.216268961561713,11
hough,1841,61.40539773182515,840.0,583.0,19.0,3.2928893354335864,1238.0,-18.701154569928782,-13.488678270788892,133.0456430222969,23.058135738632917,-2.5167303026724506,-65.34858337446832,-3744.198024515814,10.21913775106751,11
hough,1842,61.438752103216686,838.0,576.0,20.0,3.466199300456407,1239.5,-19.047774499974423,-12.27550851562915,130.75224417113836,22.660666863955253,-2.5691225996443414,-65.40097567144021,-3747.1998820112995,10.227476244110527,11
hough,1843,61.472106474608225,836.0,571.0,19.0,3.2928893354335864,1232.5,-19.394394430020064,-11.408958690515048,129.83248725336867,22.50126382470709,-2.6098497635594904,-65.44170283535536,-3749.533376615175,10.233958173565735,11
hough,1844,61.505460845999764,835.0,569.0,20.0,3.466199300456407,1203.5,-19.567704395042885,-11.062338760469407,129.69952672314722,22.478220439864995,-2.62705102687391,-65.45890409866978,-3750.5189364053845,10.236695839649652,11
hough,1845,61.5388152173913,832.0,565.0,20.0,3.466199300456407,1201.0,-20.087634290111346,-10.369098900378127,130.43681938655095,22.60600060557108,-2.6650746176515634,-65.49692768944743,-3752.6975276788767,10.24274748207602,11
hough,1846,61.57216958878284,828.0,561.0,21.0,3.639509265479227,1239.5,-20.780874150202624,-9.675859040286845,132.2662924519997,22.923066518554194,-2.7058305311906055,-65.53768360298646,-3755.032669514863,10.24923398717598,11
hough,1847,61.60552396017438,825.0,556.0,21.0,3.639509265479227,1260.5,-21.300804045271086,-8.809309215172743,133.00191411198537,23.050557082716338,-2.7494455900188712,-65.58129866181473,-3757.5316283089373,10.256175539381744,11
hough,1848,61.63887833156593,824.0,552.0,21.0,3.639509265479227,1214.5,-21.474114010293906,-8.116069355081462,132.46011656808076,22.956658169332783,-2.7802411288535205,-65.61209420064938,-3759.296082711994,10.261076801612457,11
hough,1849,61.672232702957466,824.0,547.0,20.0,3.466199300456407,1205.0,-21.474114010293906,-7.24951952996736,130.7760856431441,22.664798828634662,-2.816012936223427,-65.64786600801929,-3761.3456562998454,10.26677006157871,11
hough,1850,61.705587074349005,822.0,543.0,20.0,3.466199300456407,1220.0,-21.820733940339547,-6.556279669876078,131.46622968567797,22.784407668506915,-2.849712971572633,-65.68156604336849,-3763.276526094796,10.272133588786906,11
hough,1851,61.738941445740544,819.0,538.0,21.0,3.639509265479227,1202.5,-22.34066383540801,-5.689729844761977,133.02069984112043,23.053812836775666,-2.8922137553358955,-65.72406682713176,-3765.7116416304298,10.278897798608112,11
hough,1852,61.77229581713208,819.0,537.0,19.0,3.2928893354335864,1241.5,-22.34066383540801,-5.516419879739156,132.7774340963258,23.01165245905406,-2.8995122432743656,-65.73136531507024,-3766.129814186131,10.280059389040614,11
hough,1853,61.80565018852362,817.0,529.0,21.0,3.639509265479227,1199.0,-22.68728376545365,-4.129940159556594,133.0571067352637,23.06012251432622,-2.961526702385393,-65.79337977418126,-3769.6829809619794,10.289929296751305,11
hough,1854,61.83900455991516,817.0,525.0,21.0,3.639509265479227,1236.5,-22.68728376545365,-3.4367002994653126,132.39922706983637,22.94610541252179,-2.9912542718537196,-65.82310734364958,-3771.3862452276962,10.294660586378296,11
hough,1855,61.87235893130671,818.0,520.0,19.0,3.2928893354335864,1224.0,-22.51397380043083,-2.5701504743512107,130.74955363501877,22.660200567234476,-3.0279267048456457,-65.8597797766415,-3773.4874208626097,10.300497185364167,11
hough,1856,61.905713302698246,818.0,515.0,20.0,3.466199300456407,1229.0,-22.51397380043083,-1.703600649237109,130.27719628035473,22.57833633061938,-3.0660679890659996,-65.89792106086186,-3775.6727554736453,10.30656755928371,11
hough,1857,61.939067674089785,816.0,512.0,20.0,3.466199300456407,1217.5,-22.86059373047647,-1.183670754168648,132.0825212634581,22.891217140295847,-3.0898610720041795,-65.92171414380005,-3777.0359987076076,10.310354346044717,11
hough,1858,61.97242204548132,817.0,507.0,20.0,3.466199300456407,1200.5,-22.68728376545365,-0.3171209290545463,130.9186116271419,22.689500001936164,-3.127615648607569,-65.95946872040344,-3779.1991766042856,10.316363173535489,11
hough,1859,62.00577641687286,816.0,501.0,19.0,3.2928893354335864,1194.5,-22.86059373047647,0.7227388610823757,131.97172815463693,22.872015590481283,3.1099881284128776,-66.00505025056256,-3781.8108059061515,10.323617699374005,11
hough,1860,62.0391307882644,817.0,497.0,21.0,3.639509265479227,1234.5,-22.68728376545365,1.415978721173657,131.1605392646937,22.731428472338322,3.0792606249884082,-66.03577775398703,-3783.5713621673476,10.328508133432884,11
hough,1861,62.07248515965595,817.0,493.0,19.0,3.2928893354335864,1195.5,-22.68728376545365,2.109218581264938,131.47033405348904,22.78511899634869,3.0488899275065546,-66.06614845146889,-3785.311474953927,10.33334178006227,11
hough,1862,62.105839531047486,817.0,488.0,20.0,3.466199300456407,1184.0,-22.68728376545365,2.97576840637904,132.02708370273663,22.88160925858626,3.011172579234201,-66.10386579974124,-3787.4725198243577,10.339344682480133,11
hough,1863,62.139193902439025,818.0,484.0,20.0,3.466199300456407,1212.5,-22.51397380043083,3.6690082664703216,131.6195306902942,22.810976260254915,2.980046943858501,-66.13499143511694,-3789.2558873660482,10.344298481207051,11
hough,1864,62.172548273830564,819.0,480.0,19.0,3.2928893354335864,1179.0,-22.34066383540801,4.362248126561603,131.34021047347676,22.762567283248117,2.9487584769574298,-66.166279902018,-3791.048584466914,10.349278195376122,11
hough,1865,62.2059026452221,818.0,476.0,20.0,3.466199300456407,1220.5,-22.51397380043083,5.055487986652884,133.14061818616727,23.07459588096133,2.9207076189158663,-66.19433076005957,-3792.6557802444163,10.353742628091407,11
hough,1866,62.23925701661364,820.0,472.0,19.0,3.2928893354335864,1229.5,-22.16735387038519,5.748727846744165,132.13690851246588,22.900642992519074,2.8878494003443023,-66.22718897863113,-3794.538417490885,10.358972175998264,11
hough,1867,62.27261138800518,821.0,467.0,20.0,3.466199300456407,1229.5,-21.994043905362368,6.6152776718582675,132.5218964484675,22.96736523824172,2.8494242046364002,-66.26561417433904,-3796.740019031912,10.365087735834452,11
hough,1868,62.30596575939673,824.0,463.0,18.0,3.119579370410766,1228.0,-21.474114010293906,7.308517531949549,130.88536881824675,22.683738691889282,2.8135486764149773,-66.30148970256046,-3798.7955353868024,10.370797503486925,11
hough,1869,62.339320130788266,823.0,457.0,21.0,3.639509265479227,1200.5,-21.647423975316727,8.34837732208647,133.87245397179905,23.201430315371617,2.773515902710494,-66.34152247626494,-3801.089244362271,10.37716891730767,11
hough,1870,62.372674502179805,827.0,454.0,20.0,3.466199300456407,1203.5,-20.954184115225445,8.868307217154932,131.28826527147066,22.75356466210534,2.7412275144002933,-66.37381086457515,-3802.939232739726,10.38230777391171,11
hough,1871,62.406028873571344,829.0,449.0,20.0,3.466199300456407,1206.5,-20.607564185179804,9.734857042269033,131.50546527506654,22.791207587131495,2.7002740203647986,-66.41476435861064,-3805.2856951042736,10.388825724924343,11
hough,1872,62.43938324496288,830.0,445.0,20.0,3.466199300456407,1208.0,-20.434254220156983,10.428096902360315,132.37158843685305,22.941315362006172,2.6697197426186534,-66.44531863635679,-3807.036326265198,10.393688589260245,11
hough,1873,62.47273761635442,831.0,442.0,20.0,3.466199300456407,1200.0,-20.260944255134167,10.948026797428776,132.88132688379056,23.0296581144157,2.646187471256235,-66.4688509077192,-3808.384626096621,10.397433866569754,11
hough,1874,62.50609198774596,835.0,437.0,20.0,3.466199300456407,1177.0,-19.567704395042885,11.814576622542877,131.88973628725913,22.857805582813878,2.5983988231006125,-66.51663955587483,-3811.1227139445746,10.405039666147402,11
hough,1875,62.53944635913751,838.0,433.0,19.0,3.2928893354335864,1174.5,-19.047774499974423,12.507816482634158,131.4831900674489,22.787347071678408,2.5605532629443055,-66.55448511603113,-3813.291104814839,10.411062974120359,11
hough,1876,62.572800730529046,840.0,431.0,19.0,3.2928893354335864,1213.5,-18.701154569928782,12.8544364126798,130.93848484148782,22.692944228019346,2.5393999875064504,-66.57563839146898,-3814.5030982203057,10.414429622468877,11
hough,1877,62.606155101920585,842.0,425.0,19.0,3.2928893354335864,1227.5,-18.35453463988314,13.894296202816722,132.82810708124583,23.020434592298148,2.493629573466425,-66.62140880550902,-3817.125549771366,10.42171421011071,11
hough,1878,62.639509473312124,843.0,422.0,21.0,3.639509265479227,1238.5,-18.18122467486032,14.414226097885182,133.8750000556045,23.201871577066886,2.4712522947397657,-66.64378608423567,-3818.407673399391,10.425275664633004,11
hough,1879,62.67286384470366,847.0,419.0,21.0,3.639509265479227,1195.5,-17.48798481476904,14.934155992953643,132.69246514195405,22.996926492543864,2.4348002413837677,-66.68023813759167,-3820.4962222112754,10.43107718911046,11
hough,1880,62.7062182160952,851.0,417.0,20.0,3.466199300456407,1199.0,-16.794744954677757,15.280775922999284,131.01421507617636,22.706069032344384,2.4033596239319635,-66.71167875504348,-3822.2976368965496,10.436081118791778,11
hough,1881,62.73957258748674,853.0,414.0,20.0,3.466199300456407,1219.5,-16.448125024632116,15.800705818067746,131.60213719116007,22.807961793528357,2.376267535727729,-66.7387708432477,-3823.849899208848,10.440392958548161,11
hough,1882,62.77292695887829,856.0,410.0,20.0,3.466199300456407,1216.0,-15.928195129563656,16.493945678159026,132.30286937807153,22.929405664332347,2.338746748493391,-66.77629163048205,-3825.999681961384,10.446364577305205,11
hough,1883,62.806281330269826,860.0,408.0,20.0,3.466199300456407,1223.5,-15.234955269472374,16.840565608204667,131.03237574068845,22.70921645647577,2.3061790504918074,-66.80885932848363,-3827.8656736053313,10.451547887427282,11
hough,1884,62.839635701661365,864.0,404.0,21.0,3.639509265479227,1234.0,-14.541715409381094,17.53380546829595,131.43667135465748,22.77928491519162,2.263180992774364,-66.85185738620108,-3830.329280839801,10.458391240856365,11
hough,1885,62.872990073052904,866.0,401.0,20.0,3.466199300456407,1206.5,-14.195095479335453,18.05373536336441,132.51413712523868,22.966020470204334,2.2371085533540307,-66.87792982562141,-3831.823121580196,10.462540798468574,11
